case,phase,output,metric,value,low,high,result,settling_allowance_only
buffered_out2_true0.75_ss_cold_0_3_edge25,prime,DEC0,upper_excursion_v,1.7999999961759268,,1.9800000000000002,PASS,False
buffered_out2_true0.75_ss_cold_0_3_edge25,prime,DEC0,lower_excursion_v,-0.08762486332008204,-0.18000000000000002,,PASS,False
buffered_out2_true0.75_ss_cold_0_3_edge25,prime,DEC0,end_level_v,1.7999999961703508,1.62,1.9800000000000002,PASS,False
buffered_out2_true0.75_ss_cold_0_3_edge25,prime,DEC0,settled_min_v,1.7999995862031306,1.62,,PASS,False
buffered_out2_true0.75_ss_cold_0_3_edge25,prime,DEC1,upper_excursion_v,0.0025394206098222046,,1.9800000000000002,PASS,False
buffered_out2_true0.75_ss_cold_0_3_edge25,prime,DEC1,lower_excursion_v,-0.00030511632599605765,-0.18000000000000002,,PASS,False
buffered_out2_true0.75_ss_cold_0_3_edge25,prime,DEC1,end_level_v,-5.569941216206077e-07,-0.18000000000000002,0.18000000000000002,PASS,False
buffered_out2_true0.75_ss_cold_0_3_edge25,prime,DEC1,unselected_max_v,0.0025394206098222046,,0.18000000000000002,PASS,False
buffered_out2_true0.75_ss_cold_0_3_edge25,prime,DEC2,upper_excursion_v,0.0025286707663342354,,1.9800000000000002,PASS,False
buffered_out2_true0.75_ss_cold_0_3_edge25,prime,DEC2,lower_excursion_v,-7.791109562134131e-05,-0.18000000000000002,,PASS,False
buffered_out2_true0.75_ss_cold_0_3_edge25,prime,DEC2,end_level_v,1.0874356996047303e-09,-0.18000000000000002,0.18000000000000002,PASS,False
buffered_out2_true0.75_ss_cold_0_3_edge25,prime,DEC2,unselected_max_v,0.0025286707663342354,,0.18000000000000002,PASS,False
buffered_out2_true0.75_ss_cold_0_3_edge25,prime,DEC3,upper_excursion_v,0.002528671613649972,,1.9800000000000002,PASS,False
buffered_out2_true0.75_ss_cold_0_3_edge25,prime,DEC3,lower_excursion_v,-7.675224693059931e-05,-0.18000000000000002,,PASS,False
buffered_out2_true0.75_ss_cold_0_3_edge25,prime,DEC3,end_level_v,1.087426697251922e-09,-0.18000000000000002,0.18000000000000002,PASS,False
buffered_out2_true0.75_ss_cold_0_3_edge25,prime,DEC3,unselected_max_v,0.002528671613649972,,0.18000000000000002,PASS,False
buffered_out2_true0.75_ss_cold_0_3_edge25,prime,WL0,upper_excursion_v,1.7999999898436996,,1.9800000000000002,PASS,False
buffered_out2_true0.75_ss_cold_0_3_edge25,prime,WL0,lower_excursion_v,-0.037576461688818445,-0.18000000000000002,,PASS,False
buffered_out2_true0.75_ss_cold_0_3_edge25,prime,WL0,end_level_v,1.7999999898436996,1.62,1.9800000000000002,PASS,False
buffered_out2_true0.75_ss_cold_0_3_edge25,prime,WL0,settled_min_v,1.797058705104687,1.62,,PASS,False
buffered_out2_true0.75_ss_cold_0_3_edge25,prime,WL1,upper_excursion_v,5.929539912757384e-06,,1.9800000000000002,PASS,False
buffered_out2_true0.75_ss_cold_0_3_edge25,prime,WL1,lower_excursion_v,-7.219416564964138e-06,-0.18000000000000002,,PASS,False
buffered_out2_true0.75_ss_cold_0_3_edge25,prime,WL1,end_level_v,3.239844026933273e-09,-0.18000000000000002,0.18000000000000002,PASS,False
buffered_out2_true0.75_ss_cold_0_3_edge25,prime,WL1,unselected_max_v,5.929539912757384e-06,,0.18000000000000002,PASS,False
buffered_out2_true0.75_ss_cold_0_3_edge25,prime,WL2,upper_excursion_v,5.898342036669476e-06,,1.9800000000000002,PASS,False
buffered_out2_true0.75_ss_cold_0_3_edge25,prime,WL2,lower_excursion_v,-6.549921049865218e-06,-0.18000000000000002,,PASS,False
buffered_out2_true0.75_ss_cold_0_3_edge25,prime,WL2,end_level_v,3.2398990127881486e-09,-0.18000000000000002,0.18000000000000002,PASS,False
buffered_out2_true0.75_ss_cold_0_3_edge25,prime,WL2,unselected_max_v,5.898342036669476e-06,,0.18000000000000002,PASS,False
buffered_out2_true0.75_ss_cold_0_3_edge25,prime,WL3,upper_excursion_v,5.898333087308949e-06,,1.9800000000000002,PASS,False
buffered_out2_true0.75_ss_cold_0_3_edge25,prime,WL3,lower_excursion_v,-6.541882690361838e-06,-0.18000000000000002,,PASS,False
buffered_out2_true0.75_ss_cold_0_3_edge25,prime,WL3,end_level_v,3.2398987733582363e-09,-0.18000000000000002,0.18000000000000002,PASS,False
buffered_out2_true0.75_ss_cold_0_3_edge25,prime,WL3,unselected_max_v,5.898333087308949e-06,,0.18000000000000002,PASS,False
buffered_out2_true0.75_ss_cold_0_3_edge25,test,DEC0,upper_excursion_v,0.002527363707639827,,1.9800000000000002,PASS,False
buffered_out2_true0.75_ss_cold_0_3_edge25,test,DEC0,lower_excursion_v,-0.0001080223901825807,-0.18000000000000002,,PASS,False
buffered_out2_true0.75_ss_cold_0_3_edge25,test,DEC0,end_level_v,1.0874421634770998e-09,-0.18000000000000002,0.18000000000000002,PASS,False
buffered_out2_true0.75_ss_cold_0_3_edge25,test,DEC0,unselected_max_v,0.002527363707639827,,0.18000000000000002,PASS,False
buffered_out2_true0.75_ss_cold_0_3_edge25,test,DEC1,upper_excursion_v,0.0025273630732183627,,1.9800000000000002,PASS,False
buffered_out2_true0.75_ss_cold_0_3_edge25,test,DEC1,lower_excursion_v,-0.00010896354457686896,-0.18000000000000002,,PASS,False
buffered_out2_true0.75_ss_cold_0_3_edge25,test,DEC1,end_level_v,1.0874461220807717e-09,-0.18000000000000002,0.18000000000000002,PASS,False
buffered_out2_true0.75_ss_cold_0_3_edge25,test,DEC1,unselected_max_v,0.0025273630732183627,,0.18000000000000002,PASS,False
buffered_out2_true0.75_ss_cold_0_3_edge25,test,DEC2,upper_excursion_v,0.0025321289941390847,,1.9800000000000002,PASS,False
buffered_out2_true0.75_ss_cold_0_3_edge25,test,DEC2,lower_excursion_v,-0.0003689256464628754,-0.18000000000000002,,PASS,False
buffered_out2_true0.75_ss_cold_0_3_edge25,test,DEC2,end_level_v,-7.690723465604574e-07,-0.18000000000000002,0.18000000000000002,PASS,False
buffered_out2_true0.75_ss_cold_0_3_edge25,test,DEC2,unselected_max_v,0.0025321289941390847,,0.18000000000000002,PASS,False
buffered_out2_true0.75_ss_cold_0_3_edge25,test,DEC3,upper_excursion_v,1.8000089262262426,,1.9800000000000002,PASS,False
buffered_out2_true0.75_ss_cold_0_3_edge25,test,DEC3,lower_excursion_v,-0.09368280496937836,-0.18000000000000002,,PASS,False
buffered_out2_true0.75_ss_cold_0_3_edge25,test,DEC3,end_level_v,1.799999996171631,1.62,1.9800000000000002,PASS,False
buffered_out2_true0.75_ss_cold_0_3_edge25,test,DEC3,settled_min_v,1.7999995938612938,1.62,,PASS,False
buffered_out2_true0.75_ss_cold_0_3_edge25,test,WL0,upper_excursion_v,5.89909806339535e-06,,1.9800000000000002,PASS,False
buffered_out2_true0.75_ss_cold_0_3_edge25,test,WL0,lower_excursion_v,-6.52936326055504e-06,-0.18000000000000002,,PASS,False
buffered_out2_true0.75_ss_cold_0_3_edge25,test,WL0,end_level_v,3.2398987873412824e-09,-0.18000000000000002,0.18000000000000002,PASS,False
buffered_out2_true0.75_ss_cold_0_3_edge25,test,WL0,unselected_max_v,5.89909806339535e-06,,0.18000000000000002,PASS,False
buffered_out2_true0.75_ss_cold_0_3_edge25,test,WL1,upper_excursion_v,5.899115444803312e-06,,1.9800000000000002,PASS,False
buffered_out2_true0.75_ss_cold_0_3_edge25,test,WL1,lower_excursion_v,-6.537670783974746e-06,-0.18000000000000002,,PASS,False
buffered_out2_true0.75_ss_cold_0_3_edge25,test,WL1,end_level_v,3.2398984874653305e-09,-0.18000000000000002,0.18000000000000002,PASS,False
buffered_out2_true0.75_ss_cold_0_3_edge25,test,WL1,unselected_max_v,5.899115444803312e-06,,0.18000000000000002,PASS,False
buffered_out2_true0.75_ss_cold_0_3_edge25,test,WL2,upper_excursion_v,5.900869398245261e-06,,1.9800000000000002,PASS,False
buffered_out2_true0.75_ss_cold_0_3_edge25,test,WL2,lower_excursion_v,-7.369001684591185e-06,-0.18000000000000002,,PASS,False
buffered_out2_true0.75_ss_cold_0_3_edge25,test,WL2,end_level_v,3.239760486021117e-09,-0.18000000000000002,0.18000000000000002,PASS,False
buffered_out2_true0.75_ss_cold_0_3_edge25,test,WL2,unselected_max_v,5.900869398245261e-06,,0.18000000000000002,PASS,False
buffered_out2_true0.75_ss_cold_0_3_edge25,test,WL3,upper_excursion_v,1.7999999898436985,,1.9800000000000002,PASS,False
buffered_out2_true0.75_ss_cold_0_3_edge25,test,WL3,lower_excursion_v,-0.0375637978722162,-0.18000000000000002,,PASS,False
buffered_out2_true0.75_ss_cold_0_3_edge25,test,WL3,end_level_v,1.7999999898436982,1.62,1.9800000000000002,PASS,False
buffered_out2_true0.75_ss_cold_0_3_edge25,test,WL3,settled_min_v,1.79710026298299,1.62,,PASS,False
buffered_out2_true0.75_ss_cold_0_3_edge25,recovery,DEC0,end_level_v,1.1903374950730297e-09,-0.18000000000000002,0.18000000000000002,PASS,False
buffered_out2_true0.75_ss_cold_0_3_edge25,recovery,DEC0,settled_max_v,0.0003638678724434917,,0.18000000000000002,PASS,False
buffered_out2_true0.75_ss_cold_0_3_edge25,recovery,DEC1,end_level_v,1.1902163678809562e-09,-0.18000000000000002,0.18000000000000002,PASS,False
buffered_out2_true0.75_ss_cold_0_3_edge25,recovery,DEC1,settled_max_v,0.0003585514817835908,,0.18000000000000002,PASS,False
buffered_out2_true0.75_ss_cold_0_3_edge25,recovery,DEC2,end_level_v,9.041861423822461e-08,-0.18000000000000002,0.18000000000000002,PASS,False
buffered_out2_true0.75_ss_cold_0_3_edge25,recovery,DEC2,settled_max_v,0.0006806193562678238,,0.18000000000000002,PASS,False
buffered_out2_true0.75_ss_cold_0_3_edge25,recovery,DEC3,end_level_v,1.8375615129517797e-07,-0.18000000000000002,0.18000000000000002,PASS,False
buffered_out2_true0.75_ss_cold_0_3_edge25,recovery,DEC3,settled_max_v,0.0006862051181920582,,0.18000000000000002,PASS,False
buffered_out2_true0.75_ss_cold_0_3_edge25,recovery,WL0,end_level_v,3.239898815525718e-09,-0.18000000000000002,0.18000000000000002,PASS,False
buffered_out2_true0.75_ss_cold_0_3_edge25,recovery,WL0,settled_max_v,2.538318702646238e-06,,0.18000000000000002,PASS,False
buffered_out2_true0.75_ss_cold_0_3_edge25,recovery,WL1,end_level_v,3.239899116344209e-09,-0.18000000000000002,0.18000000000000002,PASS,False
buffered_out2_true0.75_ss_cold_0_3_edge25,recovery,WL1,settled_max_v,2.54347927602541e-06,,0.18000000000000002,PASS,False
buffered_out2_true0.75_ss_cold_0_3_edge25,recovery,WL2,end_level_v,3.240452108923366e-09,-0.18000000000000002,0.18000000000000002,PASS,False
buffered_out2_true0.75_ss_cold_0_3_edge25,recovery,WL2,settled_max_v,1.7966301352428092e-06,,0.18000000000000002,PASS,False
buffered_out2_true0.75_ss_cold_0_3_edge25,recovery,WL3,end_level_v,3.2410986403761596e-09,-0.18000000000000002,0.18000000000000002,PASS,False
buffered_out2_true0.75_ss_cold_0_3_edge25,recovery,WL3,settled_max_v,1.8755301987764024e-06,,0.18000000000000002,PASS,False
buffered_out2_true0.75_ss_cold_0_3_edge25,recovery,N0,end_level_v,1.8000000078764105,1.62,1.9800000000000002,PASS,False
buffered_out2_true0.75_ss_cold_0_3_edge25,recovery,N1,end_level_v,1.8000000081096903,1.62,1.9800000000000002,PASS,False
buffered_out2_true0.75_ss_cold_0_3_edge25,recovery,N2,end_level_v,1.7997573419338353,1.62,1.9800000000000002,PASS,False
buffered_out2_true0.75_ss_cold_0_3_edge25,recovery,N3,end_level_v,1.7994567451449657,1.62,1.9800000000000002,PASS,False
buffered_out2_true0.75_ss_cold_0_3_edge25,final_precharge,DEC0,settled_max_v,1.6164308996912965e-09,,0.18000000000000002,PASS,False
buffered_out2_true0.75_ss_cold_0_3_edge25,final_precharge,DEC0,settled_min_v,1.2052871046321825e-09,-0.18000000000000002,,PASS,False
buffered_out2_true0.75_ss_cold_0_3_edge25,final_precharge,DEC1,settled_max_v,1.621212999096846e-09,,0.18000000000000002,PASS,False
buffered_out2_true0.75_ss_cold_0_3_edge25,final_precharge,DEC1,settled_min_v,1.20529658846516e-09,-0.18000000000000002,,PASS,False
buffered_out2_true0.75_ss_cold_0_3_edge25,final_precharge,DEC2,settled_max_v,1.528225051957189e-08,,0.18000000000000002,PASS,False
buffered_out2_true0.75_ss_cold_0_3_edge25,final_precharge,DEC2,settled_min_v,3.1313526736853635e-09,-0.18000000000000002,,PASS,False
buffered_out2_true0.75_ss_cold_0_3_edge25,final_precharge,DEC3,settled_max_v,9.12343249021016e-06,,0.18000000000000002,PASS,False
buffered_out2_true0.75_ss_cold_0_3_edge25,final_precharge,DEC3,settled_min_v,1.1537771800809762e-07,-0.18000000000000002,,PASS,False
buffered_out2_true0.75_ss_cold_0_3_edge25,final_precharge,WL0,settled_max_v,3.2399227761905947e-09,,0.18000000000000002,PASS,False
buffered_out2_true0.75_ss_cold_0_3_edge25,final_precharge,WL0,settled_min_v,3.2398984222582514e-09,-0.18000000000000002,,PASS,False
buffered_out2_true0.75_ss_cold_0_3_edge25,final_precharge,WL1,settled_max_v,3.2399240910431673e-09,,0.18000000000000002,PASS,False
buffered_out2_true0.75_ss_cold_0_3_edge25,final_precharge,WL1,settled_min_v,3.239898354096298e-09,-0.18000000000000002,,PASS,False
buffered_out2_true0.75_ss_cold_0_3_edge25,final_precharge,WL2,settled_max_v,3.24682568735211e-09,,0.18000000000000002,PASS,False
buffered_out2_true0.75_ss_cold_0_3_edge25,final_precharge,WL2,settled_min_v,3.23989904992322e-09,-0.18000000000000002,,PASS,False
buffered_out2_true0.75_ss_cold_0_3_edge25,final_precharge,WL3,settled_max_v,1.1970598611453036e-08,,0.18000000000000002,PASS,False
buffered_out2_true0.75_ss_cold_0_3_edge25,final_precharge,WL3,settled_min_v,3.2400352056810744e-09,-0.18000000000000002,,PASS,False
buffered_out2_true0.75_ss_cold_0_3_edge25,final_precharge,N0,end_level_v,1.7999999784153666,1.62,1.9800000000000002,PASS,False
buffered_out2_true0.75_ss_cold_0_3_edge25,final_precharge,N1,end_level_v,1.799999978386586,1.62,1.9800000000000002,PASS,False
buffered_out2_true0.75_ss_cold_0_3_edge25,final_precharge,N2,end_level_v,1.7999667456609951,1.62,1.9800000000000002,PASS,False
buffered_out2_true0.75_ss_cold_0_3_edge25,final_precharge,N3,end_level_v,1.799332398959523,1.62,1.9800000000000002,PASS,False
buffered_out2_true0.75_ss_cold_0_3_edge50,prime,DEC0,upper_excursion_v,1.7999999961758348,,1.9800000000000002,PASS,False
buffered_out2_true0.75_ss_cold_0_3_edge50,prime,DEC0,lower_excursion_v,-0.08761585835911422,-0.18000000000000002,,PASS,False
buffered_out2_true0.75_ss_cold_0_3_edge50,prime,DEC0,end_level_v,1.7999999961703468,1.62,1.9800000000000002,PASS,False
buffered_out2_true0.75_ss_cold_0_3_edge50,prime,DEC0,settled_min_v,1.7999995654267467,1.62,,PASS,False
buffered_out2_true0.75_ss_cold_0_3_edge50,prime,DEC1,upper_excursion_v,0.0011588341400199042,,1.9800000000000002,PASS,False
buffered_out2_true0.75_ss_cold_0_3_edge50,prime,DEC1,lower_excursion_v,-0.00013131561893590937,-0.18000000000000002,,PASS,False
buffered_out2_true0.75_ss_cold_0_3_edge50,prime,DEC1,end_level_v,-5.575428638250613e-07,-0.18000000000000002,0.18000000000000002,PASS,False
buffered_out2_true0.75_ss_cold_0_3_edge50,prime,DEC1,unselected_max_v,0.0011588341400199042,,0.18000000000000002,PASS,False
buffered_out2_true0.75_ss_cold_0_3_edge50,prime,DEC2,upper_excursion_v,0.0011553499883078194,,1.9800000000000002,PASS,False
buffered_out2_true0.75_ss_cold_0_3_edge50,prime,DEC2,lower_excursion_v,-3.6383478378903097e-06,-0.18000000000000002,,PASS,False
buffered_out2_true0.75_ss_cold_0_3_edge50,prime,DEC2,end_level_v,1.082581842721765e-09,-0.18000000000000002,0.18000000000000002,PASS,False
buffered_out2_true0.75_ss_cold_0_3_edge50,prime,DEC2,unselected_max_v,0.0011553499883078194,,0.18000000000000002,PASS,False
buffered_out2_true0.75_ss_cold_0_3_edge50,prime,DEC3,upper_excursion_v,0.0011553551023089526,,1.9800000000000002,PASS,False
buffered_out2_true0.75_ss_cold_0_3_edge50,prime,DEC3,lower_excursion_v,-3.6250178076834064e-06,-0.18000000000000002,,PASS,False
buffered_out2_true0.75_ss_cold_0_3_edge50,prime,DEC3,end_level_v,1.082572040312844e-09,-0.18000000000000002,0.18000000000000002,PASS,False
buffered_out2_true0.75_ss_cold_0_3_edge50,prime,DEC3,unselected_max_v,0.0011553551023089526,,0.18000000000000002,PASS,False
buffered_out2_true0.75_ss_cold_0_3_edge50,prime,WL0,upper_excursion_v,1.7999999898437153,,1.9800000000000002,PASS,False
buffered_out2_true0.75_ss_cold_0_3_edge50,prime,WL0,lower_excursion_v,-0.037577216432195096,-0.18000000000000002,,PASS,False
buffered_out2_true0.75_ss_cold_0_3_edge50,prime,WL0,end_level_v,1.7999999898437153,1.62,1.9800000000000002,PASS,False
buffered_out2_true0.75_ss_cold_0_3_edge50,prime,WL0,settled_min_v,1.79690877033969,1.62,,PASS,False
buffered_out2_true0.75_ss_cold_0_3_edge50,prime,WL1,upper_excursion_v,4.191476144128196e-07,,1.9800000000000002,PASS,False
buffered_out2_true0.75_ss_cold_0_3_edge50,prime,WL1,lower_excursion_v,-3.6256427212117023e-06,-0.18000000000000002,,PASS,False
buffered_out2_true0.75_ss_cold_0_3_edge50,prime,WL1,end_level_v,3.2398439485713324e-09,-0.18000000000000002,0.18000000000000002,PASS,False
buffered_out2_true0.75_ss_cold_0_3_edge50,prime,WL1,unselected_max_v,4.191476144128196e-07,,0.18000000000000002,PASS,False
buffered_out2_true0.75_ss_cold_0_3_edge50,prime,WL2,upper_excursion_v,3.471640848548689e-07,,1.9800000000000002,PASS,False
buffered_out2_true0.75_ss_cold_0_3_edge50,prime,WL2,lower_excursion_v,-3.6006823421770902e-06,-0.18000000000000002,,PASS,False
buffered_out2_true0.75_ss_cold_0_3_edge50,prime,WL2,end_level_v,3.2398990435211257e-09,-0.18000000000000002,0.18000000000000002,PASS,False
buffered_out2_true0.75_ss_cold_0_3_edge50,prime,WL2,unselected_max_v,3.471640848548689e-07,,0.18000000000000002,PASS,False
buffered_out2_true0.75_ss_cold_0_3_edge50,prime,WL3,upper_excursion_v,3.4730030697095185e-07,,1.9800000000000002,PASS,False
buffered_out2_true0.75_ss_cold_0_3_edge50,prime,WL3,lower_excursion_v,-3.5997570484205094e-06,-0.18000000000000002,,PASS,False
buffered_out2_true0.75_ss_cold_0_3_edge50,prime,WL3,end_level_v,3.2398990121580256e-09,-0.18000000000000002,0.18000000000000002,PASS,False
buffered_out2_true0.75_ss_cold_0_3_edge50,prime,WL3,unselected_max_v,3.4730030697095185e-07,,0.18000000000000002,PASS,False
buffered_out2_true0.75_ss_cold_0_3_edge50,test,DEC0,upper_excursion_v,0.0011554025326816941,,1.9800000000000002,PASS,False
buffered_out2_true0.75_ss_cold_0_3_edge50,test,DEC0,lower_excursion_v,-1.4375025984860473e-05,-0.18000000000000002,,PASS,False
buffered_out2_true0.75_ss_cold_0_3_edge50,test,DEC0,end_level_v,1.0825806930777231e-09,-0.18000000000000002,0.18000000000000002,PASS,False
buffered_out2_true0.75_ss_cold_0_3_edge50,test,DEC0,unselected_max_v,0.0011554025326816941,,0.18000000000000002,PASS,False
buffered_out2_true0.75_ss_cold_0_3_edge50,test,DEC1,upper_excursion_v,0.0011553981955326777,,1.9800000000000002,PASS,False
buffered_out2_true0.75_ss_cold_0_3_edge50,test,DEC1,lower_excursion_v,-1.3615458103375191e-05,-0.18000000000000002,,PASS,False
buffered_out2_true0.75_ss_cold_0_3_edge50,test,DEC1,end_level_v,1.0825847097852504e-09,-0.18000000000000002,0.18000000000000002,PASS,False
buffered_out2_true0.75_ss_cold_0_3_edge50,test,DEC1,unselected_max_v,0.0011553981955326777,,0.18000000000000002,PASS,False
buffered_out2_true0.75_ss_cold_0_3_edge50,test,DEC2,upper_excursion_v,0.0011543552519757163,,1.9800000000000002,PASS,False
buffered_out2_true0.75_ss_cold_0_3_edge50,test,DEC2,lower_excursion_v,-0.00015958478978454413,-0.18000000000000002,,PASS,False
buffered_out2_true0.75_ss_cold_0_3_edge50,test,DEC2,end_level_v,-7.701577927066165e-07,-0.18000000000000002,0.18000000000000002,PASS,False
buffered_out2_true0.75_ss_cold_0_3_edge50,test,DEC2,unselected_max_v,0.0011543552519757163,,0.18000000000000002,PASS,False
buffered_out2_true0.75_ss_cold_0_3_edge50,test,DEC3,upper_excursion_v,1.8000089268654342,,1.9800000000000002,PASS,False
buffered_out2_true0.75_ss_cold_0_3_edge50,test,DEC3,lower_excursion_v,-0.09366658966895372,-0.18000000000000002,,PASS,False
buffered_out2_true0.75_ss_cold_0_3_edge50,test,DEC3,end_level_v,1.799999996171636,1.62,1.9800000000000002,PASS,False
buffered_out2_true0.75_ss_cold_0_3_edge50,test,DEC3,settled_min_v,1.799999574176373,1.62,,PASS,False
buffered_out2_true0.75_ss_cold_0_3_edge50,test,WL0,upper_excursion_v,3.3405456089796205e-07,,1.9800000000000002,PASS,False
buffered_out2_true0.75_ss_cold_0_3_edge50,test,WL0,lower_excursion_v,-3.5956504980094804e-06,-0.18000000000000002,,PASS,False
buffered_out2_true0.75_ss_cold_0_3_edge50,test,WL0,end_level_v,3.2398987313533348e-09,-0.18000000000000002,0.18000000000000002,PASS,False
buffered_out2_true0.75_ss_cold_0_3_edge50,test,WL0,unselected_max_v,3.3405456089796205e-07,,0.18000000000000002,PASS,False
buffered_out2_true0.75_ss_cold_0_3_edge50,test,WL1,upper_excursion_v,3.340642312228183e-07,,1.9800000000000002,PASS,False
buffered_out2_true0.75_ss_cold_0_3_edge50,test,WL1,lower_excursion_v,-3.596651943194297e-06,-0.18000000000000002,,PASS,False
buffered_out2_true0.75_ss_cold_0_3_edge50,test,WL1,end_level_v,3.239898607989942e-09,-0.18000000000000002,0.18000000000000002,PASS,False
buffered_out2_true0.75_ss_cold_0_3_edge50,test,WL1,unselected_max_v,3.340642312228183e-07,,0.18000000000000002,PASS,False
buffered_out2_true0.75_ss_cold_0_3_edge50,test,WL2,upper_excursion_v,4.6861348430961595e-07,,1.9800000000000002,PASS,False
buffered_out2_true0.75_ss_cold_0_3_edge50,test,WL2,lower_excursion_v,-3.631811560241435e-06,-0.18000000000000002,,PASS,False
buffered_out2_true0.75_ss_cold_0_3_edge50,test,WL2,end_level_v,3.2397601886873353e-09,-0.18000000000000002,0.18000000000000002,PASS,False
buffered_out2_true0.75_ss_cold_0_3_edge50,test,WL2,unselected_max_v,4.6861348430961595e-07,,0.18000000000000002,PASS,False
buffered_out2_true0.75_ss_cold_0_3_edge50,test,WL3,upper_excursion_v,1.7999999898436985,,1.9800000000000002,PASS,False
buffered_out2_true0.75_ss_cold_0_3_edge50,test,WL3,lower_excursion_v,-0.03755900779412506,-0.18000000000000002,,PASS,False
buffered_out2_true0.75_ss_cold_0_3_edge50,test,WL3,end_level_v,1.7999999898436982,1.62,1.9800000000000002,PASS,False
buffered_out2_true0.75_ss_cold_0_3_edge50,test,WL3,settled_min_v,1.796957215517506,1.62,,PASS,False
buffered_out2_true0.75_ss_cold_0_3_edge50,recovery,DEC0,end_level_v,1.1902835112799277e-09,-0.18000000000000002,0.18000000000000002,PASS,False
buffered_out2_true0.75_ss_cold_0_3_edge50,recovery,DEC0,settled_max_v,0.0003636120693698537,,0.18000000000000002,PASS,False
buffered_out2_true0.75_ss_cold_0_3_edge50,recovery,DEC1,end_level_v,1.190162485961843e-09,-0.18000000000000002,0.18000000000000002,PASS,False
buffered_out2_true0.75_ss_cold_0_3_edge50,recovery,DEC1,settled_max_v,0.00035823428745095597,,0.18000000000000002,PASS,False
buffered_out2_true0.75_ss_cold_0_3_edge50,recovery,DEC2,end_level_v,9.102216015950748e-08,-0.18000000000000002,0.18000000000000002,PASS,False
buffered_out2_true0.75_ss_cold_0_3_edge50,recovery,DEC2,settled_max_v,0.0006805032867831682,,0.18000000000000002,PASS,False
buffered_out2_true0.75_ss_cold_0_3_edge50,recovery,DEC3,end_level_v,1.8480020592915403e-07,-0.18000000000000002,0.18000000000000002,PASS,False
buffered_out2_true0.75_ss_cold_0_3_edge50,recovery,DEC3,settled_max_v,0.0006861210116858793,,0.18000000000000002,PASS,False
buffered_out2_true0.75_ss_cold_0_3_edge50,recovery,WL0,end_level_v,3.239898720255855e-09,-0.18000000000000002,0.18000000000000002,PASS,False
buffered_out2_true0.75_ss_cold_0_3_edge50,recovery,WL0,settled_max_v,2.4997580398443874e-06,,0.18000000000000002,PASS,False
buffered_out2_true0.75_ss_cold_0_3_edge50,recovery,WL1,end_level_v,3.239899101224597e-09,-0.18000000000000002,0.18000000000000002,PASS,False
buffered_out2_true0.75_ss_cold_0_3_edge50,recovery,WL1,settled_max_v,2.507437266303112e-06,,0.18000000000000002,PASS,False
buffered_out2_true0.75_ss_cold_0_3_edge50,recovery,WL2,end_level_v,3.2404598238908452e-09,-0.18000000000000002,0.18000000000000002,PASS,False
buffered_out2_true0.75_ss_cold_0_3_edge50,recovery,WL2,settled_max_v,1.7998409183738364e-06,,0.18000000000000002,PASS,False
buffered_out2_true0.75_ss_cold_0_3_edge50,recovery,WL3,end_level_v,3.2411146056012577e-09,-0.18000000000000002,0.18000000000000002,PASS,False
buffered_out2_true0.75_ss_cold_0_3_edge50,recovery,WL3,settled_max_v,1.8759370947730616e-06,,0.18000000000000002,PASS,False
buffered_out2_true0.75_ss_cold_0_3_edge50,recovery,N0,end_level_v,1.8000000079579894,1.62,1.9800000000000002,PASS,False
buffered_out2_true0.75_ss_cold_0_3_edge50,recovery,N1,end_level_v,1.8000000081919474,1.62,1.9800000000000002,PASS,False
buffered_out2_true0.75_ss_cold_0_3_edge50,recovery,N2,end_level_v,1.7997564841106461,1.62,1.9800000000000002,PASS,False
buffered_out2_true0.75_ss_cold_0_3_edge50,recovery,N3,end_level_v,1.799455423791091,1.62,1.9800000000000002,PASS,False
buffered_out2_true0.75_ss_cold_0_3_edge50,final_precharge,DEC0,settled_max_v,1.627151643866583e-09,,0.18000000000000002,PASS,False
buffered_out2_true0.75_ss_cold_0_3_edge50,final_precharge,DEC0,settled_min_v,1.2052906648043543e-09,-0.18000000000000002,,PASS,False
buffered_out2_true0.75_ss_cold_0_3_edge50,final_precharge,DEC1,settled_max_v,1.6320645649379764e-09,,0.18000000000000002,PASS,False
buffered_out2_true0.75_ss_cold_0_3_edge50,final_precharge,DEC1,settled_min_v,1.205298970760306e-09,-0.18000000000000002,,PASS,False
buffered_out2_true0.75_ss_cold_0_3_edge50,final_precharge,DEC2,settled_max_v,1.5728215303678235e-08,,0.18000000000000002,PASS,False
buffered_out2_true0.75_ss_cold_0_3_edge50,final_precharge,DEC2,settled_min_v,3.135485589916833e-09,-0.18000000000000002,,PASS,False
buffered_out2_true0.75_ss_cold_0_3_edge50,final_precharge,DEC3,settled_max_v,9.307526631270389e-06,,0.18000000000000002,PASS,False
buffered_out2_true0.75_ss_cold_0_3_edge50,final_precharge,DEC3,settled_min_v,1.156481653878664e-07,-0.18000000000000002,,PASS,False
buffered_out2_true0.75_ss_cold_0_3_edge50,final_precharge,WL0,settled_max_v,3.2399337410890835e-09,,0.18000000000000002,PASS,False
buffered_out2_true0.75_ss_cold_0_3_edge50,final_precharge,WL0,settled_min_v,3.2398983672602516e-09,-0.18000000000000002,,PASS,False
buffered_out2_true0.75_ss_cold_0_3_edge50,final_precharge,WL1,settled_max_v,3.239935008018869e-09,,0.18000000000000002,PASS,False
buffered_out2_true0.75_ss_cold_0_3_edge50,final_precharge,WL1,settled_min_v,3.2398983151641048e-09,-0.18000000000000002,,PASS,False
buffered_out2_true0.75_ss_cold_0_3_edge50,final_precharge,WL2,settled_max_v,3.2472608511830925e-09,,0.18000000000000002,PASS,False
buffered_out2_true0.75_ss_cold_0_3_edge50,final_precharge,WL2,settled_min_v,3.239899031948444e-09,-0.18000000000000002,,PASS,False
buffered_out2_true0.75_ss_cold_0_3_edge50,final_precharge,WL3,settled_max_v,1.3253608974162916e-08,,0.18000000000000002,PASS,False
buffered_out2_true0.75_ss_cold_0_3_edge50,final_precharge,WL3,settled_min_v,3.240035659793678e-09,-0.18000000000000002,,PASS,False
buffered_out2_true0.75_ss_cold_0_3_edge50,final_precharge,N0,end_level_v,1.7999999784081924,1.62,1.9800000000000002,PASS,False
buffered_out2_true0.75_ss_cold_0_3_edge50,final_precharge,N1,end_level_v,1.7999999783793537,1.62,1.9800000000000002,PASS,False
buffered_out2_true0.75_ss_cold_0_3_edge50,final_precharge,N2,end_level_v,1.7999667092172829,1.62,1.9800000000000002,PASS,False
buffered_out2_true0.75_ss_cold_0_3_edge50,final_precharge,N3,end_level_v,1.799331551482045,1.62,1.9800000000000002,PASS,False
buffered_out2_true0.75_ss_cold_3_0_edge25,prime,DEC0,upper_excursion_v,0.002528887228453754,,1.9800000000000002,PASS,False
buffered_out2_true0.75_ss_cold_3_0_edge25,prime,DEC0,lower_excursion_v,-0.00010447038300958026,-0.18000000000000002,,PASS,False
buffered_out2_true0.75_ss_cold_3_0_edge25,prime,DEC0,end_level_v,1.087425255662618e-09,-0.18000000000000002,0.18000000000000002,PASS,False
buffered_out2_true0.75_ss_cold_3_0_edge25,prime,DEC0,unselected_max_v,0.002528887228453754,,0.18000000000000002,PASS,False
buffered_out2_true0.75_ss_cold_3_0_edge25,prime,DEC1,upper_excursion_v,0.002528875691010542,,1.9800000000000002,PASS,False
buffered_out2_true0.75_ss_cold_3_0_edge25,prime,DEC1,lower_excursion_v,-0.00010523106540656312,-0.18000000000000002,,PASS,False
buffered_out2_true0.75_ss_cold_3_0_edge25,prime,DEC1,end_level_v,1.0874335543520017e-09,-0.18000000000000002,0.18000000000000002,PASS,False
buffered_out2_true0.75_ss_cold_3_0_edge25,prime,DEC1,unselected_max_v,0.002528875691010542,,0.18000000000000002,PASS,False
buffered_out2_true0.75_ss_cold_3_0_edge25,prime,DEC2,upper_excursion_v,0.0025341522015546467,,1.9800000000000002,PASS,False
buffered_out2_true0.75_ss_cold_3_0_edge25,prime,DEC2,lower_excursion_v,-0.00035396475814891,-0.18000000000000002,,PASS,False
buffered_out2_true0.75_ss_cold_3_0_edge25,prime,DEC2,end_level_v,-5.494768755588687e-07,-0.18000000000000002,0.18000000000000002,PASS,False
buffered_out2_true0.75_ss_cold_3_0_edge25,prime,DEC2,unselected_max_v,0.0025341522015546467,,0.18000000000000002,PASS,False
buffered_out2_true0.75_ss_cold_3_0_edge25,prime,DEC3,upper_excursion_v,1.8000089324827926,,1.9800000000000002,PASS,False
buffered_out2_true0.75_ss_cold_3_0_edge25,prime,DEC3,lower_excursion_v,-0.09369737114538576,-0.18000000000000002,,PASS,False
buffered_out2_true0.75_ss_cold_3_0_edge25,prime,DEC3,end_level_v,1.7999999961687585,1.62,1.9800000000000002,PASS,False
buffered_out2_true0.75_ss_cold_3_0_edge25,prime,DEC3,settled_min_v,1.7999995954167556,1.62,,PASS,False
buffered_out2_true0.75_ss_cold_3_0_edge25,prime,WL0,upper_excursion_v,5.903105345773728e-06,,1.9800000000000002,PASS,False
buffered_out2_true0.75_ss_cold_3_0_edge25,prime,WL0,lower_excursion_v,-6.531334110855334e-06,-0.18000000000000002,,PASS,False
buffered_out2_true0.75_ss_cold_3_0_edge25,prime,WL0,end_level_v,3.2398986374494453e-09,-0.18000000000000002,0.18000000000000002,PASS,False
buffered_out2_true0.75_ss_cold_3_0_edge25,prime,WL0,unselected_max_v,5.903105345773728e-06,,0.18000000000000002,PASS,False
buffered_out2_true0.75_ss_cold_3_0_edge25,prime,WL1,upper_excursion_v,5.903081326559864e-06,,1.9800000000000002,PASS,False
buffered_out2_true0.75_ss_cold_3_0_edge25,prime,WL1,lower_excursion_v,-6.539140489480038e-06,-0.18000000000000002,,PASS,False
buffered_out2_true0.75_ss_cold_3_0_edge25,prime,WL1,end_level_v,3.2398985444227503e-09,-0.18000000000000002,0.18000000000000002,PASS,False
buffered_out2_true0.75_ss_cold_3_0_edge25,prime,WL1,unselected_max_v,5.903081326559864e-06,,0.18000000000000002,PASS,False
buffered_out2_true0.75_ss_cold_3_0_edge25,prime,WL2,upper_excursion_v,5.906288330714578e-06,,1.9800000000000002,PASS,False
buffered_out2_true0.75_ss_cold_3_0_edge25,prime,WL2,lower_excursion_v,-7.363922557607678e-06,-0.18000000000000002,,PASS,False
buffered_out2_true0.75_ss_cold_3_0_edge25,prime,WL2,end_level_v,3.239846167613448e-09,-0.18000000000000002,0.18000000000000002,PASS,False
buffered_out2_true0.75_ss_cold_3_0_edge25,prime,WL2,unselected_max_v,5.906288330714578e-06,,0.18000000000000002,PASS,False
buffered_out2_true0.75_ss_cold_3_0_edge25,prime,WL3,upper_excursion_v,1.7999999898436985,,1.9800000000000002,PASS,False
buffered_out2_true0.75_ss_cold_3_0_edge25,prime,WL3,lower_excursion_v,-0.037560618462848666,-0.18000000000000002,,PASS,False
buffered_out2_true0.75_ss_cold_3_0_edge25,prime,WL3,end_level_v,1.7999999898436982,1.62,1.9800000000000002,PASS,False
buffered_out2_true0.75_ss_cold_3_0_edge25,prime,WL3,settled_min_v,1.797112049169388,1.62,,PASS,False
buffered_out2_true0.75_ss_cold_3_0_edge25,test,DEC0,upper_excursion_v,1.7999999962178999,,1.9800000000000002,PASS,False
buffered_out2_true0.75_ss_cold_3_0_edge25,test,DEC0,lower_excursion_v,-0.08734504918303507,-0.18000000000000002,,PASS,False
buffered_out2_true0.75_ss_cold_3_0_edge25,test,DEC0,end_level_v,1.7999999961764683,1.62,1.9800000000000002,PASS,False
buffered_out2_true0.75_ss_cold_3_0_edge25,test,DEC0,settled_min_v,1.7999995843223133,1.62,,PASS,False
buffered_out2_true0.75_ss_cold_3_0_edge25,test,DEC1,upper_excursion_v,0.0025334972538002677,,1.9800000000000002,PASS,False
buffered_out2_true0.75_ss_cold_3_0_edge25,test,DEC1,lower_excursion_v,-0.0003190570219123931,-0.18000000000000002,,PASS,False
buffered_out2_true0.75_ss_cold_3_0_edge25,test,DEC1,end_level_v,-7.94562163345531e-07,-0.18000000000000002,0.18000000000000002,PASS,False
buffered_out2_true0.75_ss_cold_3_0_edge25,test,DEC1,unselected_max_v,0.0025334972538002677,,0.18000000000000002,PASS,False
buffered_out2_true0.75_ss_cold_3_0_edge25,test,DEC2,upper_excursion_v,0.002523221371988063,,1.9800000000000002,PASS,False
buffered_out2_true0.75_ss_cold_3_0_edge25,test,DEC2,lower_excursion_v,-8.07852466332126e-05,-0.18000000000000002,,PASS,False
buffered_out2_true0.75_ss_cold_3_0_edge25,test,DEC2,end_level_v,1.0874486519719096e-09,-0.18000000000000002,0.18000000000000002,PASS,False
buffered_out2_true0.75_ss_cold_3_0_edge25,test,DEC2,unselected_max_v,0.002523221371988063,,0.18000000000000002,PASS,False
buffered_out2_true0.75_ss_cold_3_0_edge25,test,DEC3,upper_excursion_v,0.0025232126305182886,,1.9800000000000002,PASS,False
buffered_out2_true0.75_ss_cold_3_0_edge25,test,DEC3,lower_excursion_v,-7.934247623950019e-05,-0.18000000000000002,,PASS,False
buffered_out2_true0.75_ss_cold_3_0_edge25,test,DEC3,end_level_v,1.0874439423005037e-09,-0.18000000000000002,0.18000000000000002,PASS,False
buffered_out2_true0.75_ss_cold_3_0_edge25,test,DEC3,unselected_max_v,0.0025232126305182886,,0.18000000000000002,PASS,False
buffered_out2_true0.75_ss_cold_3_0_edge25,test,WL0,upper_excursion_v,1.799999989843715,,1.9800000000000002,PASS,False
buffered_out2_true0.75_ss_cold_3_0_edge25,test,WL0,lower_excursion_v,-0.037567037558422944,-0.18000000000000002,,PASS,False
buffered_out2_true0.75_ss_cold_3_0_edge25,test,WL0,end_level_v,1.799999989843715,1.62,1.9800000000000002,PASS,False
buffered_out2_true0.75_ss_cold_3_0_edge25,test,WL0,settled_min_v,1.7970441329280527,1.62,,PASS,False
buffered_out2_true0.75_ss_cold_3_0_edge25,test,WL1,upper_excursion_v,5.91570040826982e-06,,1.9800000000000002,PASS,False
buffered_out2_true0.75_ss_cold_3_0_edge25,test,WL1,lower_excursion_v,-7.234576269216223e-06,-0.18000000000000002,,PASS,False
buffered_out2_true0.75_ss_cold_3_0_edge25,test,WL1,end_level_v,3.239746895627939e-09,-0.18000000000000002,0.18000000000000002,PASS,False
buffered_out2_true0.75_ss_cold_3_0_edge25,test,WL1,unselected_max_v,5.91570040826982e-06,,0.18000000000000002,PASS,False
buffered_out2_true0.75_ss_cold_3_0_edge25,test,WL2,upper_excursion_v,5.885692913608483e-06,,1.9800000000000002,PASS,False
buffered_out2_true0.75_ss_cold_3_0_edge25,test,WL2,lower_excursion_v,-6.560403395634014e-06,-0.18000000000000002,,PASS,False
buffered_out2_true0.75_ss_cold_3_0_edge25,test,WL2,end_level_v,3.2398989501226506e-09,-0.18000000000000002,0.18000000000000002,PASS,False
buffered_out2_true0.75_ss_cold_3_0_edge25,test,WL2,unselected_max_v,5.885692913608483e-06,,0.18000000000000002,PASS,False
buffered_out2_true0.75_ss_cold_3_0_edge25,test,WL3,upper_excursion_v,5.8856538372771335e-06,,1.9800000000000002,PASS,False
buffered_out2_true0.75_ss_cold_3_0_edge25,test,WL3,lower_excursion_v,-6.55152823307072e-06,-0.18000000000000002,,PASS,False
buffered_out2_true0.75_ss_cold_3_0_edge25,test,WL3,end_level_v,3.239898627610954e-09,-0.18000000000000002,0.18000000000000002,PASS,False
buffered_out2_true0.75_ss_cold_3_0_edge25,test,WL3,unselected_max_v,5.8856538372771335e-06,,0.18000000000000002,PASS,False
buffered_out2_true0.75_ss_cold_3_0_edge25,recovery,DEC0,end_level_v,2.0063515161367314e-07,-0.18000000000000002,0.18000000000000002,PASS,False
buffered_out2_true0.75_ss_cold_3_0_edge25,recovery,DEC0,settled_max_v,0.00037241129370297856,,0.18000000000000002,PASS,False
buffered_out2_true0.75_ss_cold_3_0_edge25,recovery,DEC1,end_level_v,1.0430477703424201e-07,-0.18000000000000002,0.18000000000000002,PASS,False
buffered_out2_true0.75_ss_cold_3_0_edge25,recovery,DEC1,settled_max_v,0.00037215749692452455,,0.18000000000000002,PASS,False
buffered_out2_true0.75_ss_cold_3_0_edge25,recovery,DEC2,end_level_v,1.1970384979290456e-09,-0.18000000000000002,0.18000000000000002,PASS,False
buffered_out2_true0.75_ss_cold_3_0_edge25,recovery,DEC2,settled_max_v,0.00045022756241716605,,0.18000000000000002,PASS,False
buffered_out2_true0.75_ss_cold_3_0_edge25,recovery,DEC3,end_level_v,1.1971652697100709e-09,-0.18000000000000002,0.18000000000000002,PASS,False
buffered_out2_true0.75_ss_cold_3_0_edge25,recovery,DEC3,settled_max_v,0.00045988414010998614,,0.18000000000000002,PASS,False
buffered_out2_true0.75_ss_cold_3_0_edge25,recovery,WL0,end_level_v,3.241411277145242e-09,-0.18000000000000002,0.18000000000000002,PASS,False
buffered_out2_true0.75_ss_cold_3_0_edge25,recovery,WL0,settled_max_v,1.6982348829778837e-06,,0.18000000000000002,PASS,False
buffered_out2_true0.75_ss_cold_3_0_edge25,recovery,WL1,end_level_v,3.240644099608378e-09,-0.18000000000000002,0.18000000000000002,PASS,False
buffered_out2_true0.75_ss_cold_3_0_edge25,recovery,WL1,settled_max_v,1.6973101068560749e-06,,0.18000000000000002,PASS,False
buffered_out2_true0.75_ss_cold_3_0_edge25,recovery,WL2,end_level_v,3.2398984958352146e-09,-0.18000000000000002,0.18000000000000002,PASS,False
buffered_out2_true0.75_ss_cold_3_0_edge25,recovery,WL2,settled_max_v,3.565059145793431e-06,,0.18000000000000002,PASS,False
buffered_out2_true0.75_ss_cold_3_0_edge25,recovery,WL3,end_level_v,3.2398987405079966e-09,-0.18000000000000002,0.18000000000000002,PASS,False
buffered_out2_true0.75_ss_cold_3_0_edge25,recovery,WL3,settled_max_v,3.5472544329170984e-06,,0.18000000000000002,PASS,False
buffered_out2_true0.75_ss_cold_3_0_edge25,recovery,N0,end_level_v,1.7994390345274984,1.62,1.9800000000000002,PASS,False
buffered_out2_true0.75_ss_cold_3_0_edge25,recovery,N1,end_level_v,1.7997385977191382,1.62,1.9800000000000002,PASS,False
buffered_out2_true0.75_ss_cold_3_0_edge25,recovery,N2,end_level_v,1.7999999945972123,1.62,1.9800000000000002,PASS,False
buffered_out2_true0.75_ss_cold_3_0_edge25,recovery,N3,end_level_v,1.7999999943588147,1.62,1.9800000000000002,PASS,False
buffered_out2_true0.75_ss_cold_3_0_edge25,final_precharge,DEC0,settled_max_v,8.327667791972465e-06,,0.18000000000000002,PASS,False
buffered_out2_true0.75_ss_cold_3_0_edge25,final_precharge,DEC0,settled_min_v,1.1301616037267013e-07,-0.18000000000000002,,PASS,False
buffered_out2_true0.75_ss_cold_3_0_edge25,final_precharge,DEC1,settled_max_v,3.273398157778694e-08,,0.18000000000000002,PASS,False
buffered_out2_true0.75_ss_cold_3_0_edge25,final_precharge,DEC1,settled_min_v,3.0597660100051292e-09,-0.18000000000000002,,PASS,False
buffered_out2_true0.75_ss_cold_3_0_edge25,final_precharge,DEC2,settled_max_v,1.2739709561556583e-09,,0.18000000000000002,PASS,False
buffered_out2_true0.75_ss_cold_3_0_edge25,final_precharge,DEC2,settled_min_v,1.2047678526847333e-09,-0.18000000000000002,,PASS,False
buffered_out2_true0.75_ss_cold_3_0_edge25,final_precharge,DEC3,settled_max_v,1.2716923586950878e-09,,0.18000000000000002,PASS,False
buffered_out2_true0.75_ss_cold_3_0_edge25,final_precharge,DEC3,settled_min_v,1.2047584208195063e-09,-0.18000000000000002,,PASS,False
buffered_out2_true0.75_ss_cold_3_0_edge25,final_precharge,WL0,settled_max_v,1.2175695534383258e-08,,0.18000000000000002,PASS,False
buffered_out2_true0.75_ss_cold_3_0_edge25,final_precharge,WL0,settled_min_v,3.240030347214893e-09,-0.18000000000000002,,PASS,False
buffered_out2_true0.75_ss_cold_3_0_edge25,final_precharge,WL1,settled_max_v,3.2610794653880177e-09,,0.18000000000000002,PASS,False
buffered_out2_true0.75_ss_cold_3_0_edge25,final_precharge,WL1,settled_min_v,3.239898884276223e-09,-0.18000000000000002,,PASS,False
buffered_out2_true0.75_ss_cold_3_0_edge25,final_precharge,WL2,settled_max_v,3.2399002190716933e-09,,0.18000000000000002,PASS,False
buffered_out2_true0.75_ss_cold_3_0_edge25,final_precharge,WL2,settled_min_v,3.2398129627316396e-09,-0.18000000000000002,,PASS,False
buffered_out2_true0.75_ss_cold_3_0_edge25,final_precharge,WL3,settled_max_v,3.23990012170421e-09,,0.18000000000000002,PASS,False
buffered_out2_true0.75_ss_cold_3_0_edge25,final_precharge,WL3,settled_min_v,3.2398120086448497e-09,-0.18000000000000002,,PASS,False
buffered_out2_true0.75_ss_cold_3_0_edge25,final_precharge,N0,end_level_v,1.799340311240786,1.62,1.9800000000000002,PASS,False
buffered_out2_true0.75_ss_cold_3_0_edge25,final_precharge,N1,end_level_v,1.7999674487741082,1.62,1.9800000000000002,PASS,False
buffered_out2_true0.75_ss_cold_3_0_edge25,final_precharge,N2,end_level_v,1.7999999800690274,1.62,1.9800000000000002,PASS,False
buffered_out2_true0.75_ss_cold_3_0_edge25,final_precharge,N3,end_level_v,1.799999980097165,1.62,1.9800000000000002,PASS,False
buffered_out2_true0.75_ss_cold_3_0_edge50,prime,DEC0,upper_excursion_v,0.0011562467060984875,,1.9800000000000002,PASS,False
buffered_out2_true0.75_ss_cold_3_0_edge50,prime,DEC0,lower_excursion_v,-4.92065395211234e-06,-0.18000000000000002,,PASS,False
buffered_out2_true0.75_ss_cold_3_0_edge50,prime,DEC0,end_level_v,1.0825636993114995e-09,-0.18000000000000002,0.18000000000000002,PASS,False
buffered_out2_true0.75_ss_cold_3_0_edge50,prime,DEC0,unselected_max_v,0.0011562467060984875,,0.18000000000000002,PASS,False
buffered_out2_true0.75_ss_cold_3_0_edge50,prime,DEC1,upper_excursion_v,0.001156237536504019,,1.9800000000000002,PASS,False
buffered_out2_true0.75_ss_cold_3_0_edge50,prime,DEC1,lower_excursion_v,-4.939756232577859e-06,-0.18000000000000002,,PASS,False
buffered_out2_true0.75_ss_cold_3_0_edge50,prime,DEC1,end_level_v,1.0825719027472845e-09,-0.18000000000000002,0.18000000000000002,PASS,False
buffered_out2_true0.75_ss_cold_3_0_edge50,prime,DEC1,unselected_max_v,0.001156237536504019,,0.18000000000000002,PASS,False
buffered_out2_true0.75_ss_cold_3_0_edge50,prime,DEC2,upper_excursion_v,0.0011564641685583878,,1.9800000000000002,PASS,False
buffered_out2_true0.75_ss_cold_3_0_edge50,prime,DEC2,lower_excursion_v,-0.00014084256200608616,-0.18000000000000002,,PASS,False
buffered_out2_true0.75_ss_cold_3_0_edge50,prime,DEC2,end_level_v,-5.500275620309859e-07,-0.18000000000000002,0.18000000000000002,PASS,False
buffered_out2_true0.75_ss_cold_3_0_edge50,prime,DEC2,unselected_max_v,0.0011564641685583878,,0.18000000000000002,PASS,False
buffered_out2_true0.75_ss_cold_3_0_edge50,prime,DEC3,upper_excursion_v,1.8000089326196616,,1.9800000000000002,PASS,False
buffered_out2_true0.75_ss_cold_3_0_edge50,prime,DEC3,lower_excursion_v,-0.09362528376130816,-0.18000000000000002,,PASS,False
buffered_out2_true0.75_ss_cold_3_0_edge50,prime,DEC3,end_level_v,1.7999999961687578,1.62,1.9800000000000002,PASS,False
buffered_out2_true0.75_ss_cold_3_0_edge50,prime,DEC3,settled_min_v,1.799999575908576,1.62,,PASS,False
buffered_out2_true0.75_ss_cold_3_0_edge50,prime,WL0,upper_excursion_v,3.3716151253174025e-07,,1.9800000000000002,PASS,False
buffered_out2_true0.75_ss_cold_3_0_edge50,prime,WL0,lower_excursion_v,-3.5983639549174845e-06,-0.18000000000000002,,PASS,False
buffered_out2_true0.75_ss_cold_3_0_edge50,prime,WL0,end_level_v,3.239898631008188e-09,-0.18000000000000002,0.18000000000000002,PASS,False
buffered_out2_true0.75_ss_cold_3_0_edge50,prime,WL0,unselected_max_v,3.3716151253174025e-07,,0.18000000000000002,PASS,False
buffered_out2_true0.75_ss_cold_3_0_edge50,prime,WL1,upper_excursion_v,3.3717074123494077e-07,,1.9800000000000002,PASS,False
buffered_out2_true0.75_ss_cold_3_0_edge50,prime,WL1,lower_excursion_v,-3.5989146535523774e-06,-0.18000000000000002,,PASS,False
buffered_out2_true0.75_ss_cold_3_0_edge50,prime,WL1,end_level_v,3.2398986763157883e-09,-0.18000000000000002,0.18000000000000002,PASS,False
buffered_out2_true0.75_ss_cold_3_0_edge50,prime,WL1,unselected_max_v,3.3717074123494077e-07,,0.18000000000000002,PASS,False
buffered_out2_true0.75_ss_cold_3_0_edge50,prime,WL2,upper_excursion_v,4.676423230096172e-07,,1.9800000000000002,PASS,False
buffered_out2_true0.75_ss_cold_3_0_edge50,prime,WL2,lower_excursion_v,-3.6439859336006436e-06,-0.18000000000000002,,PASS,False
buffered_out2_true0.75_ss_cold_3_0_edge50,prime,WL2,end_level_v,3.2398460674837867e-09,-0.18000000000000002,0.18000000000000002,PASS,False
buffered_out2_true0.75_ss_cold_3_0_edge50,prime,WL2,unselected_max_v,4.676423230096172e-07,,0.18000000000000002,PASS,False
buffered_out2_true0.75_ss_cold_3_0_edge50,prime,WL3,upper_excursion_v,1.7999999898436825,,1.9800000000000002,PASS,False
buffered_out2_true0.75_ss_cold_3_0_edge50,prime,WL3,lower_excursion_v,-0.03757692247132224,-0.18000000000000002,,PASS,False
buffered_out2_true0.75_ss_cold_3_0_edge50,prime,WL3,end_level_v,1.7999999898436825,1.62,1.9800000000000002,PASS,False
buffered_out2_true0.75_ss_cold_3_0_edge50,prime,WL3,settled_min_v,1.7969702825337874,1.62,,PASS,False
buffered_out2_true0.75_ss_cold_3_0_edge50,test,DEC0,upper_excursion_v,1.7999999962171531,,1.9800000000000002,PASS,False
buffered_out2_true0.75_ss_cold_3_0_edge50,test,DEC0,lower_excursion_v,-0.0874996851930449,-0.18000000000000002,,PASS,False
buffered_out2_true0.75_ss_cold_3_0_edge50,test,DEC0,end_level_v,1.7999999961764763,1.62,1.9800000000000002,PASS,False
buffered_out2_true0.75_ss_cold_3_0_edge50,test,DEC0,settled_min_v,1.7999995633344452,1.62,,PASS,False
buffered_out2_true0.75_ss_cold_3_0_edge50,test,DEC1,upper_excursion_v,0.001157205885979543,,1.9800000000000002,PASS,False
buffered_out2_true0.75_ss_cold_3_0_edge50,test,DEC1,lower_excursion_v,-0.00014578062129866343,-0.18000000000000002,,PASS,False
buffered_out2_true0.75_ss_cold_3_0_edge50,test,DEC1,end_level_v,-7.957472267783321e-07,-0.18000000000000002,0.18000000000000002,PASS,False
buffered_out2_true0.75_ss_cold_3_0_edge50,test,DEC1,unselected_max_v,0.001157205885979543,,0.18000000000000002,PASS,False
buffered_out2_true0.75_ss_cold_3_0_edge50,test,DEC2,upper_excursion_v,0.0011550971850637025,,1.9800000000000002,PASS,False
buffered_out2_true0.75_ss_cold_3_0_edge50,test,DEC2,lower_excursion_v,-3.6151778861388924e-06,-0.18000000000000002,,PASS,False
buffered_out2_true0.75_ss_cold_3_0_edge50,test,DEC2,end_level_v,1.0825945225256673e-09,-0.18000000000000002,0.18000000000000002,PASS,False
buffered_out2_true0.75_ss_cold_3_0_edge50,test,DEC2,unselected_max_v,0.0011550971850637025,,0.18000000000000002,PASS,False
buffered_out2_true0.75_ss_cold_3_0_edge50,test,DEC3,upper_excursion_v,0.0011550967798096385,,1.9800000000000002,PASS,False
buffered_out2_true0.75_ss_cold_3_0_edge50,test,DEC3,lower_excursion_v,-3.5984072218535466e-06,-0.18000000000000002,,PASS,False
buffered_out2_true0.75_ss_cold_3_0_edge50,test,DEC3,end_level_v,1.0825892125963192e-09,-0.18000000000000002,0.18000000000000002,PASS,False
buffered_out2_true0.75_ss_cold_3_0_edge50,test,DEC3,unselected_max_v,0.0011550967798096385,,0.18000000000000002,PASS,False
buffered_out2_true0.75_ss_cold_3_0_edge50,test,WL0,upper_excursion_v,1.7999999898437267,,1.9800000000000002,PASS,False
buffered_out2_true0.75_ss_cold_3_0_edge50,test,WL0,lower_excursion_v,-0.037544815215401206,-0.18000000000000002,,PASS,False
buffered_out2_true0.75_ss_cold_3_0_edge50,test,WL0,end_level_v,1.7999999898437264,1.62,1.9800000000000002,PASS,False
buffered_out2_true0.75_ss_cold_3_0_edge50,test,WL0,settled_min_v,1.7968926649530035,1.62,,PASS,False
buffered_out2_true0.75_ss_cold_3_0_edge50,test,WL1,upper_excursion_v,4.260254008652936e-07,,1.9800000000000002,PASS,False
buffered_out2_true0.75_ss_cold_3_0_edge50,test,WL1,lower_excursion_v,-3.610562625378487e-06,-0.18000000000000002,,PASS,False
buffered_out2_true0.75_ss_cold_3_0_edge50,test,WL1,end_level_v,3.239746267656593e-09,-0.18000000000000002,0.18000000000000002,PASS,False
buffered_out2_true0.75_ss_cold_3_0_edge50,test,WL1,unselected_max_v,4.260254008652936e-07,,0.18000000000000002,PASS,False
buffered_out2_true0.75_ss_cold_3_0_edge50,test,WL2,upper_excursion_v,3.4474846807750935e-07,,1.9800000000000002,PASS,False
buffered_out2_true0.75_ss_cold_3_0_edge50,test,WL2,lower_excursion_v,-3.6012551850289335e-06,-0.18000000000000002,,PASS,False
buffered_out2_true0.75_ss_cold_3_0_edge50,test,WL2,end_level_v,3.2398988113213514e-09,-0.18000000000000002,0.18000000000000002,PASS,False
buffered_out2_true0.75_ss_cold_3_0_edge50,test,WL2,unselected_max_v,3.4474846807750935e-07,,0.18000000000000002,PASS,False
buffered_out2_true0.75_ss_cold_3_0_edge50,test,WL3,upper_excursion_v,3.448996057598254e-07,,1.9800000000000002,PASS,False
buffered_out2_true0.75_ss_cold_3_0_edge50,test,WL3,lower_excursion_v,-3.6002431789366854e-06,-0.18000000000000002,,PASS,False
buffered_out2_true0.75_ss_cold_3_0_edge50,test,WL3,end_level_v,3.2398987925688583e-09,-0.18000000000000002,0.18000000000000002,PASS,False
buffered_out2_true0.75_ss_cold_3_0_edge50,test,WL3,unselected_max_v,3.448996057598254e-07,,0.18000000000000002,PASS,False
buffered_out2_true0.75_ss_cold_3_0_edge50,recovery,DEC0,end_level_v,2.0218008586744842e-07,-0.18000000000000002,0.18000000000000002,PASS,False
buffered_out2_true0.75_ss_cold_3_0_edge50,recovery,DEC0,settled_max_v,0.00034312189955798734,,0.18000000000000002,PASS,False
buffered_out2_true0.75_ss_cold_3_0_edge50,recovery,DEC1,end_level_v,1.0508699004848169e-07,-0.18000000000000002,0.18000000000000002,PASS,False
buffered_out2_true0.75_ss_cold_3_0_edge50,recovery,DEC1,settled_max_v,0.00034276585323843734,,0.18000000000000002,PASS,False
buffered_out2_true0.75_ss_cold_3_0_edge50,recovery,DEC2,end_level_v,1.1969606590397686e-09,-0.18000000000000002,0.18000000000000002,PASS,False
buffered_out2_true0.75_ss_cold_3_0_edge50,recovery,DEC2,settled_max_v,0.00045032917227522595,,0.18000000000000002,PASS,False
buffered_out2_true0.75_ss_cold_3_0_edge50,recovery,DEC3,end_level_v,1.1970893002831353e-09,-0.18000000000000002,0.18000000000000002,PASS,False
buffered_out2_true0.75_ss_cold_3_0_edge50,recovery,DEC3,settled_max_v,0.00045994911178194066,,0.18000000000000002,PASS,False
buffered_out2_true0.75_ss_cold_3_0_edge50,recovery,WL0,end_level_v,3.2414362470473775e-09,-0.18000000000000002,0.18000000000000002,PASS,False
buffered_out2_true0.75_ss_cold_3_0_edge50,recovery,WL0,settled_max_v,1.0117424124819502e-06,,0.18000000000000002,PASS,False
buffered_out2_true0.75_ss_cold_3_0_edge50,recovery,WL1,end_level_v,3.2406556664247114e-09,-0.18000000000000002,0.18000000000000002,PASS,False
buffered_out2_true0.75_ss_cold_3_0_edge50,recovery,WL1,settled_max_v,1.0107667379424062e-06,,0.18000000000000002,PASS,False
buffered_out2_true0.75_ss_cold_3_0_edge50,recovery,WL2,end_level_v,3.239898556199404e-09,-0.18000000000000002,0.18000000000000002,PASS,False
buffered_out2_true0.75_ss_cold_3_0_edge50,recovery,WL2,settled_max_v,3.567008381196822e-06,,0.18000000000000002,PASS,False
buffered_out2_true0.75_ss_cold_3_0_edge50,recovery,WL3,end_level_v,3.239898951479606e-09,-0.18000000000000002,0.18000000000000002,PASS,False
buffered_out2_true0.75_ss_cold_3_0_edge50,recovery,WL3,settled_max_v,3.5496268249217537e-06,,0.18000000000000002,PASS,False
buffered_out2_true0.75_ss_cold_3_0_edge50,recovery,N0,end_level_v,1.7994368821827116,1.62,1.9800000000000002,PASS,False
buffered_out2_true0.75_ss_cold_3_0_edge50,recovery,N1,end_level_v,1.7997375626514762,1.62,1.9800000000000002,PASS,False
buffered_out2_true0.75_ss_cold_3_0_edge50,recovery,N2,end_level_v,1.7999999946825054,1.62,1.9800000000000002,PASS,False
buffered_out2_true0.75_ss_cold_3_0_edge50,recovery,N3,end_level_v,1.7999999944425864,1.62,1.9800000000000002,PASS,False
buffered_out2_true0.75_ss_cold_3_0_edge50,final_precharge,DEC0,settled_max_v,8.494081893293676e-06,,0.18000000000000002,PASS,False
buffered_out2_true0.75_ss_cold_3_0_edge50,final_precharge,DEC0,settled_min_v,1.1327610463979431e-07,-0.18000000000000002,,PASS,False
buffered_out2_true0.75_ss_cold_3_0_edge50,final_precharge,DEC1,settled_max_v,3.412042902448763e-08,,0.18000000000000002,PASS,False
buffered_out2_true0.75_ss_cold_3_0_edge50,final_precharge,DEC1,settled_min_v,3.0632682744558014e-09,-0.18000000000000002,,PASS,False
buffered_out2_true0.75_ss_cold_3_0_edge50,final_precharge,DEC2,settled_max_v,1.2742615565661152e-09,,0.18000000000000002,PASS,False
buffered_out2_true0.75_ss_cold_3_0_edge50,final_precharge,DEC2,settled_min_v,1.2047680558918747e-09,-0.18000000000000002,,PASS,False
buffered_out2_true0.75_ss_cold_3_0_edge50,final_precharge,DEC3,settled_max_v,1.2719647251328242e-09,,0.18000000000000002,PASS,False
buffered_out2_true0.75_ss_cold_3_0_edge50,final_precharge,DEC3,settled_min_v,1.2047599630091376e-09,-0.18000000000000002,,PASS,False
buffered_out2_true0.75_ss_cold_3_0_edge50,final_precharge,WL0,settled_max_v,1.348718132901457e-08,,0.18000000000000002,PASS,False
buffered_out2_true0.75_ss_cold_3_0_edge50,final_precharge,WL0,settled_min_v,3.2400310592602584e-09,-0.18000000000000002,,PASS,False
buffered_out2_true0.75_ss_cold_3_0_edge50,final_precharge,WL1,settled_max_v,3.2622268524289754e-09,,0.18000000000000002,PASS,False
buffered_out2_true0.75_ss_cold_3_0_edge50,final_precharge,WL1,settled_min_v,3.2398989487336415e-09,-0.18000000000000002,,PASS,False
buffered_out2_true0.75_ss_cold_3_0_edge50,final_precharge,WL2,settled_max_v,3.2399004426301935e-09,,0.18000000000000002,PASS,False
buffered_out2_true0.75_ss_cold_3_0_edge50,final_precharge,WL2,settled_min_v,3.2398200008776433e-09,-0.18000000000000002,,PASS,False
buffered_out2_true0.75_ss_cold_3_0_edge50,final_precharge,WL3,settled_max_v,3.239900015569193e-09,,0.18000000000000002,PASS,False
buffered_out2_true0.75_ss_cold_3_0_edge50,final_precharge,WL3,settled_min_v,3.2398188388111854e-09,-0.18000000000000002,,PASS,False
buffered_out2_true0.75_ss_cold_3_0_edge50,final_precharge,N0,end_level_v,1.7993394899378898,1.62,1.9800000000000002,PASS,False
buffered_out2_true0.75_ss_cold_3_0_edge50,final_precharge,N1,end_level_v,1.7999674175086764,1.62,1.9800000000000002,PASS,False
buffered_out2_true0.75_ss_cold_3_0_edge50,final_precharge,N2,end_level_v,1.7999999800657474,1.62,1.9800000000000002,PASS,False
buffered_out2_true0.75_ss_cold_3_0_edge50,final_precharge,N3,end_level_v,1.7999999800939595,1.62,1.9800000000000002,PASS,False
buffered_out2_true0.75_fast_0_3_edge25,prime,DEC0,upper_excursion_v,1.7999991038190353,,1.9800000000000002,PASS,False
buffered_out2_true0.75_fast_0_3_edge25,prime,DEC0,lower_excursion_v,-0.028478477675375473,-0.18000000000000002,,PASS,False
buffered_out2_true0.75_fast_0_3_edge25,prime,DEC0,end_level_v,1.799999103807456,1.62,1.9800000000000002,PASS,False
buffered_out2_true0.75_fast_0_3_edge25,prime,DEC0,settled_min_v,1.7999990733077376,1.62,,PASS,False
buffered_out2_true0.75_fast_0_3_edge25,prime,DEC1,upper_excursion_v,0.0036712874483593246,,1.9800000000000002,PASS,False
buffered_out2_true0.75_fast_0_3_edge25,prime,DEC1,lower_excursion_v,-0.0003142670763371866,-0.18000000000000002,,PASS,False
buffered_out2_true0.75_fast_0_3_edge25,prime,DEC1,end_level_v,6.60499947033183e-05,-0.18000000000000002,0.18000000000000002,PASS,False
buffered_out2_true0.75_fast_0_3_edge25,prime,DEC1,unselected_max_v,0.0036712874483593246,,0.18000000000000002,PASS,False
buffered_out2_true0.75_fast_0_3_edge25,prime,DEC2,upper_excursion_v,0.003654973764351849,,1.9800000000000002,PASS,False
buffered_out2_true0.75_fast_0_3_edge25,prime,DEC2,lower_excursion_v,2.896200412819659e-05,-0.18000000000000002,,PASS,False
buffered_out2_true0.75_fast_0_3_edge25,prime,DEC2,end_level_v,6.127679724371747e-05,-0.18000000000000002,0.18000000000000002,PASS,False
buffered_out2_true0.75_fast_0_3_edge25,prime,DEC2,unselected_max_v,0.003654973764351849,,0.18000000000000002,PASS,False
buffered_out2_true0.75_fast_0_3_edge25,prime,DEC3,upper_excursion_v,0.003655752860408673,,1.9800000000000002,PASS,False
buffered_out2_true0.75_fast_0_3_edge25,prime,DEC3,lower_excursion_v,1.848489396868232e-05,-0.18000000000000002,,PASS,False
buffered_out2_true0.75_fast_0_3_edge25,prime,DEC3,end_level_v,6.160194586365785e-05,-0.18000000000000002,0.18000000000000002,PASS,False
buffered_out2_true0.75_fast_0_3_edge25,prime,DEC3,unselected_max_v,0.003655752860408673,,0.18000000000000002,PASS,False
buffered_out2_true0.75_fast_0_3_edge25,prime,WL0,upper_excursion_v,1.7999993201190985,,1.9800000000000002,PASS,False
buffered_out2_true0.75_fast_0_3_edge25,prime,WL0,lower_excursion_v,-0.025648716743846122,-0.18000000000000002,,PASS,False
buffered_out2_true0.75_fast_0_3_edge25,prime,WL0,end_level_v,1.7999993201190985,1.62,1.9800000000000002,PASS,False
buffered_out2_true0.75_fast_0_3_edge25,prime,WL0,settled_min_v,1.799856039578233,1.62,,PASS,False
buffered_out2_true0.75_fast_0_3_edge25,prime,WL1,upper_excursion_v,0.00015427743170446544,,1.9800000000000002,PASS,False
buffered_out2_true0.75_fast_0_3_edge25,prime,WL1,lower_excursion_v,0.0001277629456265462,-0.18000000000000002,,PASS,False
buffered_out2_true0.75_fast_0_3_edge25,prime,WL1,end_level_v,0.00014468705445838632,-0.18000000000000002,0.18000000000000002,PASS,False
buffered_out2_true0.75_fast_0_3_edge25,prime,WL1,unselected_max_v,0.00015427743170446544,,0.18000000000000002,PASS,False
buffered_out2_true0.75_fast_0_3_edge25,prime,WL2,upper_excursion_v,0.00015422041609470253,,1.9800000000000002,PASS,False
buffered_out2_true0.75_fast_0_3_edge25,prime,WL2,lower_excursion_v,0.00012933122051726146,-0.18000000000000002,,PASS,False
buffered_out2_true0.75_fast_0_3_edge25,prime,WL2,end_level_v,0.00014468706062184108,-0.18000000000000002,0.18000000000000002,PASS,False
buffered_out2_true0.75_fast_0_3_edge25,prime,WL2,unselected_max_v,0.00015422041609470253,,0.18000000000000002,PASS,False
buffered_out2_true0.75_fast_0_3_edge25,prime,WL3,upper_excursion_v,0.00015422264520573612,,1.9800000000000002,PASS,False
buffered_out2_true0.75_fast_0_3_edge25,prime,WL3,lower_excursion_v,0.00012927289233087476,-0.18000000000000002,,PASS,False
buffered_out2_true0.75_fast_0_3_edge25,prime,WL3,end_level_v,0.00014468706066785586,-0.18000000000000002,0.18000000000000002,PASS,False
buffered_out2_true0.75_fast_0_3_edge25,prime,WL3,unselected_max_v,0.00015422264520573612,,0.18000000000000002,PASS,False
buffered_out2_true0.75_fast_0_3_edge25,test,DEC0,upper_excursion_v,0.003660099206442683,,1.9800000000000002,PASS,False
buffered_out2_true0.75_fast_0_3_edge25,test,DEC0,lower_excursion_v,-6.961653178837297e-05,-0.18000000000000002,,PASS,False
buffered_out2_true0.75_fast_0_3_edge25,test,DEC0,end_level_v,6.152510504634397e-05,-0.18000000000000002,0.18000000000000002,PASS,False
buffered_out2_true0.75_fast_0_3_edge25,test,DEC0,unselected_max_v,0.003660099206442683,,0.18000000000000002,PASS,False
buffered_out2_true0.75_fast_0_3_edge25,test,DEC1,upper_excursion_v,0.003660051106051813,,1.9800000000000002,PASS,False
buffered_out2_true0.75_fast_0_3_edge25,test,DEC1,lower_excursion_v,-6.740880606220464e-05,-0.18000000000000002,,PASS,False
buffered_out2_true0.75_fast_0_3_edge25,test,DEC1,end_level_v,6.127846338513058e-05,-0.18000000000000002,0.18000000000000002,PASS,False
buffered_out2_true0.75_fast_0_3_edge25,test,DEC1,unselected_max_v,0.003660051106051813,,0.18000000000000002,PASS,False
buffered_out2_true0.75_fast_0_3_edge25,test,DEC2,upper_excursion_v,0.0036634309445057202,,1.9800000000000002,PASS,False
buffered_out2_true0.75_fast_0_3_edge25,test,DEC2,lower_excursion_v,-0.00042647050350218957,-0.18000000000000002,,PASS,False
buffered_out2_true0.75_fast_0_3_edge25,test,DEC2,end_level_v,6.969460797515147e-05,-0.18000000000000002,0.18000000000000002,PASS,False
buffered_out2_true0.75_fast_0_3_edge25,test,DEC2,unselected_max_v,0.0036634309445057202,,0.18000000000000002,PASS,False
buffered_out2_true0.75_fast_0_3_edge25,test,DEC3,upper_excursion_v,1.799999103840884,,1.9800000000000002,PASS,False
buffered_out2_true0.75_fast_0_3_edge25,test,DEC3,lower_excursion_v,-0.029836019898130343,-0.18000000000000002,,PASS,False
buffered_out2_true0.75_fast_0_3_edge25,test,DEC3,end_level_v,1.799999103808136,1.62,1.9800000000000002,PASS,False
buffered_out2_true0.75_fast_0_3_edge25,test,DEC3,settled_min_v,1.7999990739002527,1.62,,PASS,False
buffered_out2_true0.75_fast_0_3_edge25,test,WL0,upper_excursion_v,0.00015424921890872342,,1.9800000000000002,PASS,False
buffered_out2_true0.75_fast_0_3_edge25,test,WL0,lower_excursion_v,0.00012908205241093557,-0.18000000000000002,,PASS,False
buffered_out2_true0.75_fast_0_3_edge25,test,WL0,end_level_v,0.00014468706080741336,-0.18000000000000002,0.18000000000000002,PASS,False
buffered_out2_true0.75_fast_0_3_edge25,test,WL0,unselected_max_v,0.00015424921890872342,,0.18000000000000002,PASS,False
buffered_out2_true0.75_fast_0_3_edge25,test,WL1,upper_excursion_v,0.00015424909365408963,,1.9800000000000002,PASS,False
buffered_out2_true0.75_fast_0_3_edge25,test,WL1,lower_excursion_v,0.0001290835070823073,-0.18000000000000002,,PASS,False
buffered_out2_true0.75_fast_0_3_edge25,test,WL1,end_level_v,0.00014468706062238193,-0.18000000000000002,0.18000000000000002,PASS,False
buffered_out2_true0.75_fast_0_3_edge25,test,WL1,unselected_max_v,0.00015424909365408963,,0.18000000000000002,PASS,False
buffered_out2_true0.75_fast_0_3_edge25,test,WL2,upper_excursion_v,0.00015423433710708598,,1.9800000000000002,PASS,False
buffered_out2_true0.75_fast_0_3_edge25,test,WL2,lower_excursion_v,0.00012723384111436995,-0.18000000000000002,,PASS,False
buffered_out2_true0.75_fast_0_3_edge25,test,WL2,end_level_v,0.00014468705145841005,-0.18000000000000002,0.18000000000000002,PASS,False
buffered_out2_true0.75_fast_0_3_edge25,test,WL2,unselected_max_v,0.00015423433710708598,,0.18000000000000002,PASS,False
buffered_out2_true0.75_fast_0_3_edge25,test,WL3,upper_excursion_v,1.7999993201190925,,1.9800000000000002,PASS,False
buffered_out2_true0.75_fast_0_3_edge25,test,WL3,lower_excursion_v,-0.025737720610549374,-0.18000000000000002,,PASS,False
buffered_out2_true0.75_fast_0_3_edge25,test,WL3,end_level_v,1.7999993201190925,1.62,1.9800000000000002,PASS,False
buffered_out2_true0.75_fast_0_3_edge25,test,WL3,settled_min_v,1.7998577245866116,1.62,,PASS,False
buffered_out2_true0.75_fast_0_3_edge25,recovery,DEC0,end_level_v,0.0001426721714780369,-0.18000000000000002,0.18000000000000002,PASS,False
buffered_out2_true0.75_fast_0_3_edge25,recovery,DEC0,settled_max_v,0.0008554598555494355,,0.18000000000000002,PASS,False
buffered_out2_true0.75_fast_0_3_edge25,recovery,DEC1,end_level_v,0.0001426721698096513,-0.18000000000000002,0.18000000000000002,PASS,False
buffered_out2_true0.75_fast_0_3_edge25,recovery,DEC1,settled_max_v,0.0008418264876731957,,0.18000000000000002,PASS,False
buffered_out2_true0.75_fast_0_3_edge25,recovery,DEC2,end_level_v,0.00014315075710960579,-0.18000000000000002,0.18000000000000002,PASS,False
buffered_out2_true0.75_fast_0_3_edge25,recovery,DEC2,settled_max_v,0.001630951973486703,,0.18000000000000002,PASS,False
buffered_out2_true0.75_fast_0_3_edge25,recovery,DEC3,end_level_v,0.0001436377123825161,-0.18000000000000002,0.18000000000000002,PASS,False
buffered_out2_true0.75_fast_0_3_edge25,recovery,DEC3,settled_max_v,0.0018296603319950203,,0.18000000000000002,PASS,False
buffered_out2_true0.75_fast_0_3_edge25,recovery,WL0,end_level_v,0.00014468707074302402,-0.18000000000000002,0.18000000000000002,PASS,False
buffered_out2_true0.75_fast_0_3_edge25,recovery,WL0,settled_max_v,0.0001504129823589684,,0.18000000000000002,PASS,False
buffered_out2_true0.75_fast_0_3_edge25,recovery,WL1,end_level_v,0.00014468707074300567,-0.18000000000000002,0.18000000000000002,PASS,False
buffered_out2_true0.75_fast_0_3_edge25,recovery,WL1,settled_max_v,0.00015034050650758425,,0.18000000000000002,PASS,False
buffered_out2_true0.75_fast_0_3_edge25,recovery,WL2,end_level_v,0.00014468707392187527,-0.18000000000000002,0.18000000000000002,PASS,False
buffered_out2_true0.75_fast_0_3_edge25,recovery,WL2,settled_max_v,0.00014908384589085836,,0.18000000000000002,PASS,False
buffered_out2_true0.75_fast_0_3_edge25,recovery,WL3,end_level_v,0.00014468707728101512,-0.18000000000000002,0.18000000000000002,PASS,False
buffered_out2_true0.75_fast_0_3_edge25,recovery,WL3,settled_max_v,0.00014938753921992924,,0.18000000000000002,PASS,False
buffered_out2_true0.75_fast_0_3_edge25,recovery,N0,end_level_v,1.7999999191103133,1.62,1.9800000000000002,PASS,False
buffered_out2_true0.75_fast_0_3_edge25,recovery,N1,end_level_v,1.7999999197597405,1.62,1.9800000000000002,PASS,False
buffered_out2_true0.75_fast_0_3_edge25,recovery,N2,end_level_v,1.7997767102030104,1.62,1.9800000000000002,PASS,False
buffered_out2_true0.75_fast_0_3_edge25,recovery,N3,end_level_v,1.7995436740683926,1.62,1.9800000000000002,PASS,False
buffered_out2_true0.75_fast_0_3_edge25,final_precharge,DEC0,settled_max_v,0.00014267310077806174,,0.18000000000000002,PASS,False
buffered_out2_true0.75_fast_0_3_edge25,final_precharge,DEC0,settled_min_v,0.00014267226416310544,-0.18000000000000002,,PASS,False
buffered_out2_true0.75_fast_0_3_edge25,final_precharge,DEC1,settled_max_v,0.0001426731400035556,,0.18000000000000002,PASS,False
buffered_out2_true0.75_fast_0_3_edge25,final_precharge,DEC1,settled_min_v,0.00014267226544250494,-0.18000000000000002,,PASS,False
buffered_out2_true0.75_fast_0_3_edge25,final_precharge,DEC2,settled_max_v,0.00014277290046304343,,0.18000000000000002,PASS,False
buffered_out2_true0.75_fast_0_3_edge25,final_precharge,DEC2,settled_min_v,0.00014273484882157406,-0.18000000000000002,,PASS,False
buffered_out2_true0.75_fast_0_3_edge25,final_precharge,DEC3,settled_max_v,0.00015830544574192907,,0.18000000000000002,PASS,False
buffered_out2_true0.75_fast_0_3_edge25,final_precharge,DEC3,settled_min_v,0.00014376510201035558,-0.18000000000000002,,PASS,False
buffered_out2_true0.75_fast_0_3_edge25,final_precharge,WL0,settled_max_v,0.00014468707087030415,,0.18000000000000002,PASS,False
buffered_out2_true0.75_fast_0_3_edge25,final_precharge,WL0,settled_min_v,0.00014468707074364538,-0.18000000000000002,,PASS,False
buffered_out2_true0.75_fast_0_3_edge25,final_precharge,WL1,settled_max_v,0.0001446870708748894,,0.18000000000000002,PASS,False
buffered_out2_true0.75_fast_0_3_edge25,final_precharge,WL1,settled_min_v,0.00014468707074366657,-0.18000000000000002,,PASS,False
buffered_out2_true0.75_fast_0_3_edge25,final_precharge,WL2,settled_max_v,0.0001446870720553975,,0.18000000000000002,PASS,False
buffered_out2_true0.75_fast_0_3_edge25,final_precharge,WL2,settled_min_v,0.00014468707078430963,-0.18000000000000002,,PASS,False
buffered_out2_true0.75_fast_0_3_edge25,final_precharge,WL3,settled_max_v,0.00014468816786244957,,0.18000000000000002,PASS,False
buffered_out2_true0.75_fast_0_3_edge25,final_precharge,WL3,settled_min_v,0.00014468707322331498,-0.18000000000000002,,PASS,False
buffered_out2_true0.75_fast_0_3_edge25,final_precharge,N0,end_level_v,1.7999998805447792,1.62,1.9800000000000002,PASS,False
buffered_out2_true0.75_fast_0_3_edge25,final_precharge,N1,end_level_v,1.7999998798827583,1.62,1.9800000000000002,PASS,False
buffered_out2_true0.75_fast_0_3_edge25,final_precharge,N2,end_level_v,1.7999639515096246,1.62,1.9800000000000002,PASS,False
buffered_out2_true0.75_fast_0_3_edge25,final_precharge,N3,end_level_v,1.799424864438275,1.62,1.9800000000000002,PASS,False
buffered_out2_true0.75_fast_0_3_edge50,prime,DEC0,upper_excursion_v,1.7999991038187715,,1.9800000000000002,PASS,False
buffered_out2_true0.75_fast_0_3_edge50,prime,DEC0,lower_excursion_v,-0.028349196830778557,-0.18000000000000002,,PASS,False
buffered_out2_true0.75_fast_0_3_edge50,prime,DEC0,end_level_v,1.7999991038074958,1.62,1.9800000000000002,PASS,False
buffered_out2_true0.75_fast_0_3_edge50,prime,DEC0,settled_min_v,1.7999990718871512,1.62,,PASS,False
buffered_out2_true0.75_fast_0_3_edge50,prime,DEC1,upper_excursion_v,0.0016519809650940131,,1.9800000000000002,PASS,False
buffered_out2_true0.75_fast_0_3_edge50,prime,DEC1,lower_excursion_v,1.3940572407840357e-05,-0.18000000000000002,,PASS,False
buffered_out2_true0.75_fast_0_3_edge50,prime,DEC1,end_level_v,7.008074117289403e-05,-0.18000000000000002,0.18000000000000002,PASS,False
buffered_out2_true0.75_fast_0_3_edge50,prime,DEC1,unselected_max_v,0.0016519809650940131,,0.18000000000000002,PASS,False
buffered_out2_true0.75_fast_0_3_edge50,prime,DEC2,upper_excursion_v,0.0016458233235117845,,1.9800000000000002,PASS,False
buffered_out2_true0.75_fast_0_3_edge50,prime,DEC2,lower_excursion_v,5.439318605491655e-05,-0.18000000000000002,,PASS,False
buffered_out2_true0.75_fast_0_3_edge50,prime,DEC2,end_level_v,6.49958147826013e-05,-0.18000000000000002,0.18000000000000002,PASS,False
buffered_out2_true0.75_fast_0_3_edge50,prime,DEC2,unselected_max_v,0.0016458233235117845,,0.18000000000000002,PASS,False
buffered_out2_true0.75_fast_0_3_edge50,prime,DEC3,upper_excursion_v,0.0016467504936234939,,1.9800000000000002,PASS,False
buffered_out2_true0.75_fast_0_3_edge50,prime,DEC3,lower_excursion_v,5.339128279512724e-05,-0.18000000000000002,,PASS,False
buffered_out2_true0.75_fast_0_3_edge50,prime,DEC3,end_level_v,6.534288786382371e-05,-0.18000000000000002,0.18000000000000002,PASS,False
buffered_out2_true0.75_fast_0_3_edge50,prime,DEC3,unselected_max_v,0.0016467504936234939,,0.18000000000000002,PASS,False
buffered_out2_true0.75_fast_0_3_edge50,prime,WL0,upper_excursion_v,1.799999320119098,,1.9800000000000002,PASS,False
buffered_out2_true0.75_fast_0_3_edge50,prime,WL0,lower_excursion_v,-0.02565565493246188,-0.18000000000000002,,PASS,False
buffered_out2_true0.75_fast_0_3_edge50,prime,WL0,end_level_v,1.7999993201190978,1.62,1.9800000000000002,PASS,False
buffered_out2_true0.75_fast_0_3_edge50,prime,WL0,settled_min_v,1.7998493909754372,1.62,,PASS,False
buffered_out2_true0.75_fast_0_3_edge50,prime,WL1,upper_excursion_v,0.00014561014303052965,,1.9800000000000002,PASS,False
buffered_out2_true0.75_fast_0_3_edge50,prime,WL1,lower_excursion_v,0.00013849529414890164,-0.18000000000000002,,PASS,False
buffered_out2_true0.75_fast_0_3_edge50,prime,WL1,end_level_v,0.0001446870546324847,-0.18000000000000002,0.18000000000000002,PASS,False
buffered_out2_true0.75_fast_0_3_edge50,prime,WL1,unselected_max_v,0.00014561014303052965,,0.18000000000000002,PASS,False
buffered_out2_true0.75_fast_0_3_edge50,prime,WL2,upper_excursion_v,0.00014558219459337126,,1.9800000000000002,PASS,False
buffered_out2_true0.75_fast_0_3_edge50,prime,WL2,lower_excursion_v,0.00013872311777750744,-0.18000000000000002,,PASS,False
buffered_out2_true0.75_fast_0_3_edge50,prime,WL2,end_level_v,0.00014468706107362248,-0.18000000000000002,0.18000000000000002,PASS,False
buffered_out2_true0.75_fast_0_3_edge50,prime,WL2,unselected_max_v,0.00014558219459337126,,0.18000000000000002,PASS,False
buffered_out2_true0.75_fast_0_3_edge50,prime,WL3,upper_excursion_v,0.00014557649456176526,,1.9800000000000002,PASS,False
buffered_out2_true0.75_fast_0_3_edge50,prime,WL3,lower_excursion_v,0.00013869999671718586,-0.18000000000000002,,PASS,False
buffered_out2_true0.75_fast_0_3_edge50,prime,WL3,end_level_v,0.00014468706112190987,-0.18000000000000002,0.18000000000000002,PASS,False
buffered_out2_true0.75_fast_0_3_edge50,prime,WL3,unselected_max_v,0.00014557649456176526,,0.18000000000000002,PASS,False
buffered_out2_true0.75_fast_0_3_edge50,test,DEC0,upper_excursion_v,0.00164671033371924,,1.9800000000000002,PASS,False
buffered_out2_true0.75_fast_0_3_edge50,test,DEC0,lower_excursion_v,5.461662145779559e-05,-0.18000000000000002,,PASS,False
buffered_out2_true0.75_fast_0_3_edge50,test,DEC0,end_level_v,6.526427287654675e-05,-0.18000000000000002,0.18000000000000002,PASS,False
buffered_out2_true0.75_fast_0_3_edge50,test,DEC0,unselected_max_v,0.00164671033371924,,0.18000000000000002,PASS,False
buffered_out2_true0.75_fast_0_3_edge50,test,DEC1,upper_excursion_v,0.0016467028526454843,,1.9800000000000002,PASS,False
buffered_out2_true0.75_fast_0_3_edge50,test,DEC1,lower_excursion_v,5.621010962200798e-05,-0.18000000000000002,,PASS,False
buffered_out2_true0.75_fast_0_3_edge50,test,DEC1,end_level_v,6.500216876838742e-05,-0.18000000000000002,0.18000000000000002,PASS,False
buffered_out2_true0.75_fast_0_3_edge50,test,DEC1,unselected_max_v,0.0016467028526454843,,0.18000000000000002,PASS,False
buffered_out2_true0.75_fast_0_3_edge50,test,DEC2,upper_excursion_v,0.0016461285366145926,,1.9800000000000002,PASS,False
buffered_out2_true0.75_fast_0_3_edge50,test,DEC2,lower_excursion_v,2.3666267270627817e-06,-0.18000000000000002,,PASS,False
buffered_out2_true0.75_fast_0_3_edge50,test,DEC2,end_level_v,7.392060366897406e-05,-0.18000000000000002,0.18000000000000002,PASS,False
buffered_out2_true0.75_fast_0_3_edge50,test,DEC2,unselected_max_v,0.0016461285366145926,,0.18000000000000002,PASS,False
buffered_out2_true0.75_fast_0_3_edge50,test,DEC3,upper_excursion_v,1.7999991038400247,,1.9800000000000002,PASS,False
buffered_out2_true0.75_fast_0_3_edge50,test,DEC3,lower_excursion_v,-0.02971308068353416,-0.18000000000000002,,PASS,False
buffered_out2_true0.75_fast_0_3_edge50,test,DEC3,end_level_v,1.7999991038081735,1.62,1.9800000000000002,PASS,False
buffered_out2_true0.75_fast_0_3_edge50,test,DEC3,settled_min_v,1.7999990725817667,1.62,,PASS,False
buffered_out2_true0.75_fast_0_3_edge50,test,WL0,upper_excursion_v,0.00014554667735309978,,1.9800000000000002,PASS,False
buffered_out2_true0.75_fast_0_3_edge50,test,WL0,lower_excursion_v,0.00013858380100534434,-0.18000000000000002,,PASS,False
buffered_out2_true0.75_fast_0_3_edge50,test,WL0,end_level_v,0.00014468706126907676,-0.18000000000000002,0.18000000000000002,PASS,False
buffered_out2_true0.75_fast_0_3_edge50,test,WL0,unselected_max_v,0.00014554667735309978,,0.18000000000000002,PASS,False
buffered_out2_true0.75_fast_0_3_edge50,test,WL1,upper_excursion_v,0.00014555239804705156,,1.9800000000000002,PASS,False
buffered_out2_true0.75_fast_0_3_edge50,test,WL1,lower_excursion_v,0.00013862160725967526,-0.18000000000000002,,PASS,False
buffered_out2_true0.75_fast_0_3_edge50,test,WL1,end_level_v,0.00014468706107450435,-0.18000000000000002,0.18000000000000002,PASS,False
buffered_out2_true0.75_fast_0_3_edge50,test,WL1,unselected_max_v,0.00014555239804705156,,0.18000000000000002,PASS,False
buffered_out2_true0.75_fast_0_3_edge50,test,WL2,upper_excursion_v,0.00014571221612940288,,1.9800000000000002,PASS,False
buffered_out2_true0.75_fast_0_3_edge50,test,WL2,lower_excursion_v,0.00013899496825187115,-0.18000000000000002,,PASS,False
buffered_out2_true0.75_fast_0_3_edge50,test,WL2,end_level_v,0.00014468705149623615,-0.18000000000000002,0.18000000000000002,PASS,False
buffered_out2_true0.75_fast_0_3_edge50,test,WL2,unselected_max_v,0.00014571221612940288,,0.18000000000000002,PASS,False
buffered_out2_true0.75_fast_0_3_edge50,test,WL3,upper_excursion_v,1.7999993201190922,,1.9800000000000002,PASS,False
buffered_out2_true0.75_fast_0_3_edge50,test,WL3,lower_excursion_v,-0.02572984077066317,-0.18000000000000002,,PASS,False
buffered_out2_true0.75_fast_0_3_edge50,test,WL3,end_level_v,1.7999993201190922,1.62,1.9800000000000002,PASS,False
buffered_out2_true0.75_fast_0_3_edge50,test,WL3,settled_min_v,1.7998515070393462,1.62,,PASS,False
buffered_out2_true0.75_fast_0_3_edge50,recovery,DEC0,end_level_v,0.00014267217107106605,-0.18000000000000002,0.18000000000000002,PASS,False
buffered_out2_true0.75_fast_0_3_edge50,recovery,DEC0,settled_max_v,0.0008469449881991081,,0.18000000000000002,PASS,False
buffered_out2_true0.75_fast_0_3_edge50,recovery,DEC1,end_level_v,0.00014267216939385907,-0.18000000000000002,0.18000000000000002,PASS,False
buffered_out2_true0.75_fast_0_3_edge50,recovery,DEC1,settled_max_v,0.0008336219428640703,,0.18000000000000002,PASS,False
buffered_out2_true0.75_fast_0_3_edge50,recovery,DEC2,end_level_v,0.00014315221559283036,-0.18000000000000002,0.18000000000000002,PASS,False
buffered_out2_true0.75_fast_0_3_edge50,recovery,DEC2,settled_max_v,0.0016280896247698046,,0.18000000000000002,PASS,False
buffered_out2_true0.75_fast_0_3_edge50,recovery,DEC3,end_level_v,0.00014364054339008824,-0.18000000000000002,0.18000000000000002,PASS,False
buffered_out2_true0.75_fast_0_3_edge50,recovery,DEC3,settled_max_v,0.001827101139560543,,0.18000000000000002,PASS,False
buffered_out2_true0.75_fast_0_3_edge50,recovery,WL0,end_level_v,0.0001446870707430613,-0.18000000000000002,0.18000000000000002,PASS,False
buffered_out2_true0.75_fast_0_3_edge50,recovery,WL0,settled_max_v,0.00015015514912308594,,0.18000000000000002,PASS,False
buffered_out2_true0.75_fast_0_3_edge50,recovery,WL1,end_level_v,0.00014468707074298203,-0.18000000000000002,0.18000000000000002,PASS,False
buffered_out2_true0.75_fast_0_3_edge50,recovery,WL1,settled_max_v,0.0001500934408629197,,0.18000000000000002,PASS,False
buffered_out2_true0.75_fast_0_3_edge50,recovery,WL2,end_level_v,0.000144687073944454,-0.18000000000000002,0.18000000000000002,PASS,False
buffered_out2_true0.75_fast_0_3_edge50,recovery,WL2,settled_max_v,0.0001491157166728593,,0.18000000000000002,PASS,False
buffered_out2_true0.75_fast_0_3_edge50,recovery,WL3,end_level_v,0.00014468707732835377,-0.18000000000000002,0.18000000000000002,PASS,False
buffered_out2_true0.75_fast_0_3_edge50,recovery,WL3,settled_max_v,0.0001494075080503651,,0.18000000000000002,PASS,False
buffered_out2_true0.75_fast_0_3_edge50,recovery,N0,end_level_v,1.7999999192632787,1.62,1.9800000000000002,PASS,False
buffered_out2_true0.75_fast_0_3_edge50,recovery,N1,end_level_v,1.799999919915134,1.62,1.9800000000000002,PASS,False
buffered_out2_true0.75_fast_0_3_edge50,recovery,N2,end_level_v,1.799776150658486,1.62,1.9800000000000002,PASS,False
buffered_out2_true0.75_fast_0_3_edge50,recovery,N3,end_level_v,1.7995425825346612,1.62,1.9800000000000002,PASS,False
buffered_out2_true0.75_fast_0_3_edge50,final_precharge,DEC0,settled_max_v,0.00014267311145989164,,0.18000000000000002,PASS,False
buffered_out2_true0.75_fast_0_3_edge50,final_precharge,DEC0,settled_min_v,0.00014267226417459346,-0.18000000000000002,,PASS,False
buffered_out2_true0.75_fast_0_3_edge50,final_precharge,DEC1,settled_max_v,0.00014267315107830604,,0.18000000000000002,PASS,False
buffered_out2_true0.75_fast_0_3_edge50,final_precharge,DEC1,settled_min_v,0.00014267226545740974,-0.18000000000000002,,PASS,False
buffered_out2_true0.75_fast_0_3_edge50,final_precharge,DEC2,settled_max_v,0.00014277352683107625,,0.18000000000000002,PASS,False
buffered_out2_true0.75_fast_0_3_edge50,final_precharge,DEC2,settled_min_v,0.00014273508893910408,-0.18000000000000002,,PASS,False
buffered_out2_true0.75_fast_0_3_edge50,final_precharge,DEC3,settled_max_v,0.00015842431813654068,,0.18000000000000002,PASS,False
buffered_out2_true0.75_fast_0_3_edge50,final_precharge,DEC3,settled_min_v,0.00014376604077092486,-0.18000000000000002,,PASS,False
buffered_out2_true0.75_fast_0_3_edge50,final_precharge,WL0,settled_max_v,0.00014468707087488756,,0.18000000000000002,PASS,False
buffered_out2_true0.75_fast_0_3_edge50,final_precharge,WL0,settled_min_v,0.00014468707074360114,-0.18000000000000002,,PASS,False
buffered_out2_true0.75_fast_0_3_edge50,final_precharge,WL1,settled_max_v,0.00014468707087923714,,0.18000000000000002,PASS,False
buffered_out2_true0.75_fast_0_3_edge50,final_precharge,WL1,settled_min_v,0.00014468707074356604,-0.18000000000000002,,PASS,False
buffered_out2_true0.75_fast_0_3_edge50,final_precharge,WL2,settled_max_v,0.00014468707209827628,,0.18000000000000002,PASS,False
buffered_out2_true0.75_fast_0_3_edge50,final_precharge,WL2,settled_min_v,0.0001446870707847022,-0.18000000000000002,,PASS,False
buffered_out2_true0.75_fast_0_3_edge50,final_precharge,WL3,settled_max_v,0.00014468818955134177,,0.18000000000000002,PASS,False
buffered_out2_true0.75_fast_0_3_edge50,final_precharge,WL3,settled_min_v,0.00014468707322767098,-0.18000000000000002,,PASS,False
buffered_out2_true0.75_fast_0_3_edge50,final_precharge,N0,end_level_v,1.7999998805396231,1.62,1.9800000000000002,PASS,False
buffered_out2_true0.75_fast_0_3_edge50,final_precharge,N1,end_level_v,1.7999998798769548,1.62,1.9800000000000002,PASS,False
buffered_out2_true0.75_fast_0_3_edge50,final_precharge,N2,end_level_v,1.7999638199023784,1.62,1.9800000000000002,PASS,False
buffered_out2_true0.75_fast_0_3_edge50,final_precharge,N3,end_level_v,1.7994244234565193,1.62,1.9800000000000002,PASS,False
buffered_out2_true0.75_fast_3_0_edge25,prime,DEC0,upper_excursion_v,0.003661247595169157,,1.9800000000000002,PASS,False
buffered_out2_true0.75_fast_3_0_edge25,prime,DEC0,lower_excursion_v,-5.732561975983938e-05,-0.18000000000000002,,PASS,False
buffered_out2_true0.75_fast_3_0_edge25,prime,DEC0,end_level_v,6.160428025716211e-05,-0.18000000000000002,0.18000000000000002,PASS,False
buffered_out2_true0.75_fast_3_0_edge25,prime,DEC0,unselected_max_v,0.003661247595169157,,0.18000000000000002,PASS,False
buffered_out2_true0.75_fast_3_0_edge25,prime,DEC1,upper_excursion_v,0.0036604828673981126,,1.9800000000000002,PASS,False
buffered_out2_true0.75_fast_3_0_edge25,prime,DEC1,lower_excursion_v,-4.443086860171576e-05,-0.18000000000000002,,PASS,False
buffered_out2_true0.75_fast_3_0_edge25,prime,DEC1,end_level_v,6.12771949283828e-05,-0.18000000000000002,0.18000000000000002,PASS,False
buffered_out2_true0.75_fast_3_0_edge25,prime,DEC1,unselected_max_v,0.0036604828673981126,,0.18000000000000002,PASS,False
buffered_out2_true0.75_fast_3_0_edge25,prime,DEC2,upper_excursion_v,0.0036638340420004512,,1.9800000000000002,PASS,False
buffered_out2_true0.75_fast_3_0_edge25,prime,DEC2,lower_excursion_v,-0.00039294300371527785,-0.18000000000000002,,PASS,False
buffered_out2_true0.75_fast_3_0_edge25,prime,DEC2,end_level_v,6.609273431852636e-05,-0.18000000000000002,0.18000000000000002,PASS,False
buffered_out2_true0.75_fast_3_0_edge25,prime,DEC2,unselected_max_v,0.0036638340420004512,,0.18000000000000002,PASS,False
buffered_out2_true0.75_fast_3_0_edge25,prime,DEC3,upper_excursion_v,1.799999103811046,,1.9800000000000002,PASS,False
buffered_out2_true0.75_fast_3_0_edge25,prime,DEC3,lower_excursion_v,-0.029941364766228877,-0.18000000000000002,,PASS,False
buffered_out2_true0.75_fast_3_0_edge25,prime,DEC3,end_level_v,1.799999103805326,1.62,1.9800000000000002,PASS,False
buffered_out2_true0.75_fast_3_0_edge25,prime,DEC3,settled_min_v,1.7999990740117142,1.62,,PASS,False
buffered_out2_true0.75_fast_3_0_edge25,prime,WL0,upper_excursion_v,0.00015425383487432812,,1.9800000000000002,PASS,False
buffered_out2_true0.75_fast_3_0_edge25,prime,WL0,lower_excursion_v,0.0001290789794811327,-0.18000000000000002,,PASS,False
buffered_out2_true0.75_fast_3_0_edge25,prime,WL0,end_level_v,0.00014468706066450915,-0.18000000000000002,0.18000000000000002,PASS,False
buffered_out2_true0.75_fast_3_0_edge25,prime,WL0,unselected_max_v,0.00015425383487432812,,0.18000000000000002,PASS,False
buffered_out2_true0.75_fast_3_0_edge25,prime,WL1,upper_excursion_v,0.0001542516316796149,,1.9800000000000002,PASS,False
buffered_out2_true0.75_fast_3_0_edge25,prime,WL1,lower_excursion_v,0.00012913841140474363,-0.18000000000000002,,PASS,False
buffered_out2_true0.75_fast_3_0_edge25,prime,WL1,end_level_v,0.00014468706062206006,-0.18000000000000002,0.18000000000000002,PASS,False
buffered_out2_true0.75_fast_3_0_edge25,prime,WL1,unselected_max_v,0.0001542516316796149,,0.18000000000000002,PASS,False
buffered_out2_true0.75_fast_3_0_edge25,prime,WL2,upper_excursion_v,0.0001542321038368867,,1.9800000000000002,PASS,False
buffered_out2_true0.75_fast_3_0_edge25,prime,WL2,lower_excursion_v,0.00012735677895313487,-0.18000000000000002,,PASS,False
buffered_out2_true0.75_fast_3_0_edge25,prime,WL2,end_level_v,0.00014468705453194063,-0.18000000000000002,0.18000000000000002,PASS,False
buffered_out2_true0.75_fast_3_0_edge25,prime,WL2,unselected_max_v,0.0001542321038368867,,0.18000000000000002,PASS,False
buffered_out2_true0.75_fast_3_0_edge25,prime,WL3,upper_excursion_v,1.7999993201190922,,1.9800000000000002,PASS,False
buffered_out2_true0.75_fast_3_0_edge25,prime,WL3,lower_excursion_v,-0.025743953469750436,-0.18000000000000002,,PASS,False
buffered_out2_true0.75_fast_3_0_edge25,prime,WL3,end_level_v,1.7999993201190922,1.62,1.9800000000000002,PASS,False
buffered_out2_true0.75_fast_3_0_edge25,prime,WL3,settled_min_v,1.7998585868412385,1.62,,PASS,False
buffered_out2_true0.75_fast_3_0_edge25,test,DEC0,upper_excursion_v,1.7999991038885865,,1.9800000000000002,PASS,False
buffered_out2_true0.75_fast_3_0_edge25,test,DEC0,lower_excursion_v,-0.028274590667240352,-0.18000000000000002,,PASS,False
buffered_out2_true0.75_fast_3_0_edge25,test,DEC0,end_level_v,1.799999103813934,1.62,1.9800000000000002,PASS,False
buffered_out2_true0.75_fast_3_0_edge25,test,DEC0,settled_min_v,1.7999990732457845,1.62,,PASS,False
buffered_out2_true0.75_fast_3_0_edge25,test,DEC1,upper_excursion_v,0.003671436353989395,,1.9800000000000002,PASS,False
buffered_out2_true0.75_fast_3_0_edge25,test,DEC1,lower_excursion_v,-0.00033908949232280827,-0.18000000000000002,,PASS,False
buffered_out2_true0.75_fast_3_0_edge25,test,DEC1,end_level_v,6.981682021739431e-05,-0.18000000000000002,0.18000000000000002,PASS,False
buffered_out2_true0.75_fast_3_0_edge25,test,DEC1,unselected_max_v,0.003671436353989395,,0.18000000000000002,PASS,False
buffered_out2_true0.75_fast_3_0_edge25,test,DEC2,upper_excursion_v,0.0036546360552149903,,1.9800000000000002,PASS,False
buffered_out2_true0.75_fast_3_0_edge25,test,DEC2,lower_excursion_v,9.650711370362617e-06,-0.18000000000000002,,PASS,False
buffered_out2_true0.75_fast_3_0_edge25,test,DEC2,end_level_v,6.127624410349481e-05,-0.18000000000000002,0.18000000000000002,PASS,False
buffered_out2_true0.75_fast_3_0_edge25,test,DEC2,unselected_max_v,0.0036546360552149903,,0.18000000000000002,PASS,False
buffered_out2_true0.75_fast_3_0_edge25,test,DEC3,upper_excursion_v,0.003654666675091898,,1.9800000000000002,PASS,False
buffered_out2_true0.75_fast_3_0_edge25,test,DEC3,lower_excursion_v,8.209929285949422e-06,-0.18000000000000002,,PASS,False
buffered_out2_true0.75_fast_3_0_edge25,test,DEC3,end_level_v,6.152293245581292e-05,-0.18000000000000002,0.18000000000000002,PASS,False
buffered_out2_true0.75_fast_3_0_edge25,test,DEC3,unselected_max_v,0.003654666675091898,,0.18000000000000002,PASS,False
buffered_out2_true0.75_fast_3_0_edge25,test,WL0,upper_excursion_v,1.7999993201190925,,1.9800000000000002,PASS,False
buffered_out2_true0.75_fast_3_0_edge25,test,WL0,lower_excursion_v,-0.025636901851334173,-0.18000000000000002,,PASS,False
buffered_out2_true0.75_fast_3_0_edge25,test,WL0,end_level_v,1.7999993201190925,1.62,1.9800000000000002,PASS,False
buffered_out2_true0.75_fast_3_0_edge25,test,WL0,settled_min_v,1.79985501176301,1.62,,PASS,False
buffered_out2_true0.75_fast_3_0_edge25,test,WL1,upper_excursion_v,0.00015428843561530653,,1.9800000000000002,PASS,False
buffered_out2_true0.75_fast_3_0_edge25,test,WL1,lower_excursion_v,0.0001276433387293543,-0.18000000000000002,,PASS,False
buffered_out2_true0.75_fast_3_0_edge25,test,WL1,end_level_v,0.0001446870512014977,-0.18000000000000002,0.18000000000000002,PASS,False
buffered_out2_true0.75_fast_3_0_edge25,test,WL1,unselected_max_v,0.00015428843561530653,,0.18000000000000002,PASS,False
buffered_out2_true0.75_fast_3_0_edge25,test,WL2,upper_excursion_v,0.00015422528773636034,,1.9800000000000002,PASS,False
buffered_out2_true0.75_fast_3_0_edge25,test,WL2,lower_excursion_v,0.00012922268580019337,-0.18000000000000002,,PASS,False
buffered_out2_true0.75_fast_3_0_edge25,test,WL2,end_level_v,0.000144687060621655,-0.18000000000000002,0.18000000000000002,PASS,False
buffered_out2_true0.75_fast_3_0_edge25,test,WL2,unselected_max_v,0.00015422528773636034,,0.18000000000000002,PASS,False
buffered_out2_true0.75_fast_3_0_edge25,test,WL3,upper_excursion_v,0.0001542253362684305,,1.9800000000000002,PASS,False
buffered_out2_true0.75_fast_3_0_edge25,test,WL3,lower_excursion_v,0.00012921971453437332,-0.18000000000000002,,PASS,False
buffered_out2_true0.75_fast_3_0_edge25,test,WL3,end_level_v,0.00014468706080708726,-0.18000000000000002,0.18000000000000002,PASS,False
buffered_out2_true0.75_fast_3_0_edge25,test,WL3,unselected_max_v,0.0001542253362684305,,0.18000000000000002,PASS,False
buffered_out2_true0.75_fast_3_0_edge25,recovery,DEC0,end_level_v,0.00014366131491753883,-0.18000000000000002,0.18000000000000002,PASS,False
buffered_out2_true0.75_fast_3_0_edge25,recovery,DEC0,settled_max_v,0.0011387169655634303,,0.18000000000000002,PASS,False
buffered_out2_true0.75_fast_3_0_edge25,recovery,DEC1,end_level_v,0.0001431742024374863,-0.18000000000000002,0.18000000000000002,PASS,False
buffered_out2_true0.75_fast_3_0_edge25,recovery,DEC1,settled_max_v,0.0010969571060880558,,0.18000000000000002,PASS,False
buffered_out2_true0.75_fast_3_0_edge25,recovery,DEC2,end_level_v,0.0001426722087665077,-0.18000000000000002,0.18000000000000002,PASS,False
buffered_out2_true0.75_fast_3_0_edge25,recovery,DEC2,settled_max_v,0.0010047000655474575,,0.18000000000000002,PASS,False
buffered_out2_true0.75_fast_3_0_edge25,recovery,DEC3,end_level_v,0.00014267221052841468,-0.18000000000000002,0.18000000000000002,PASS,False
buffered_out2_true0.75_fast_3_0_edge25,recovery,DEC3,settled_max_v,0.001025565201646574,,0.18000000000000002,PASS,False
buffered_out2_true0.75_fast_3_0_edge25,recovery,WL0,end_level_v,0.0001446870778433805,-0.18000000000000002,0.18000000000000002,PASS,False
buffered_out2_true0.75_fast_3_0_edge25,recovery,WL0,settled_max_v,0.0001488544610687944,,0.18000000000000002,PASS,False
buffered_out2_true0.75_fast_3_0_edge25,recovery,WL1,end_level_v,0.00014468707430313497,-0.18000000000000002,0.18000000000000002,PASS,False
buffered_out2_true0.75_fast_3_0_edge25,recovery,WL1,settled_max_v,0.0001486884068955499,,0.18000000000000002,PASS,False
buffered_out2_true0.75_fast_3_0_edge25,recovery,WL2,end_level_v,0.00014468707074377396,-0.18000000000000002,0.18000000000000002,PASS,False
buffered_out2_true0.75_fast_3_0_edge25,recovery,WL2,settled_max_v,0.00015263476355060934,,0.18000000000000002,PASS,False
buffered_out2_true0.75_fast_3_0_edge25,recovery,WL3,end_level_v,0.00014468707074350378,-0.18000000000000002,0.18000000000000002,PASS,False
buffered_out2_true0.75_fast_3_0_edge25,recovery,WL3,settled_max_v,0.00015274412168338387,,0.18000000000000002,PASS,False
buffered_out2_true0.75_fast_3_0_edge25,recovery,N0,end_level_v,1.7995359391545551,1.62,1.9800000000000002,PASS,False
buffered_out2_true0.75_fast_3_0_edge25,recovery,N1,end_level_v,1.7997678432328101,1.62,1.9800000000000002,PASS,False
buffered_out2_true0.75_fast_3_0_edge25,recovery,N2,end_level_v,1.7999999039864862,1.62,1.9800000000000002,PASS,False
buffered_out2_true0.75_fast_3_0_edge25,recovery,N3,end_level_v,1.7999999032712324,1.62,1.9800000000000002,PASS,False
buffered_out2_true0.75_fast_3_0_edge25,final_precharge,DEC0,settled_max_v,0.00015770204550878737,,0.18000000000000002,PASS,False
buffered_out2_true0.75_fast_3_0_edge25,final_precharge,DEC0,settled_min_v,0.00014375767661962394,-0.18000000000000002,,PASS,False
buffered_out2_true0.75_fast_3_0_edge25,final_precharge,DEC1,settled_max_v,0.00014277814823925722,,0.18000000000000002,PASS,False
buffered_out2_true0.75_fast_3_0_edge25,final_precharge,DEC1,settled_min_v,0.00014273472858718564,-0.18000000000000002,,PASS,False
buffered_out2_true0.75_fast_3_0_edge25,final_precharge,DEC2,settled_max_v,0.00014267265075776649,,0.18000000000000002,PASS,False
buffered_out2_true0.75_fast_3_0_edge25,final_precharge,DEC2,settled_min_v,0.00014267226172280057,-0.18000000000000002,,PASS,False
buffered_out2_true0.75_fast_3_0_edge25,final_precharge,DEC3,settled_max_v,0.0001426726139645678,,0.18000000000000002,PASS,False
buffered_out2_true0.75_fast_3_0_edge25,final_precharge,DEC3,settled_min_v,0.0001426722604530027,-0.18000000000000002,,PASS,False
buffered_out2_true0.75_fast_3_0_edge25,final_precharge,WL0,settled_max_v,0.00014468809664620687,,0.18000000000000002,PASS,False
buffered_out2_true0.75_fast_3_0_edge25,final_precharge,WL0,settled_min_v,0.00014468707319027684,-0.18000000000000002,,PASS,False
buffered_out2_true0.75_fast_3_0_edge25,final_precharge,WL1,settled_max_v,0.0001446870741590151,,0.18000000000000002,PASS,False
buffered_out2_true0.75_fast_3_0_edge25,final_precharge,WL1,settled_min_v,0.0001446870707841278,-0.18000000000000002,,PASS,False
buffered_out2_true0.75_fast_3_0_edge25,final_precharge,WL2,settled_max_v,0.00014468707077212848,,0.18000000000000002,PASS,False
buffered_out2_true0.75_fast_3_0_edge25,final_precharge,WL2,settled_min_v,0.00014468707074355062,-0.18000000000000002,,PASS,False
buffered_out2_true0.75_fast_3_0_edge25,final_precharge,WL3,settled_max_v,0.00014468707076863087,,0.18000000000000002,PASS,False
buffered_out2_true0.75_fast_3_0_edge25,final_precharge,WL3,settled_min_v,0.0001446870707436629,-0.18000000000000002,,PASS,False
buffered_out2_true0.75_fast_3_0_edge25,final_precharge,N0,end_level_v,1.7994284041370854,1.62,1.9800000000000002,PASS,False
buffered_out2_true0.75_fast_3_0_edge25,final_precharge,N1,end_level_v,1.799964021253246,1.62,1.9800000000000002,PASS,False
buffered_out2_true0.75_fast_3_0_edge25,final_precharge,N2,end_level_v,1.7999998816434961,1.62,1.9800000000000002,PASS,False
buffered_out2_true0.75_fast_3_0_edge25,final_precharge,N3,end_level_v,1.7999998823004957,1.62,1.9800000000000002,PASS,False
buffered_out2_true0.75_fast_3_0_edge50,prime,DEC0,upper_excursion_v,0.0016463159283333847,,1.9800000000000002,PASS,False
buffered_out2_true0.75_fast_3_0_edge50,prime,DEC0,lower_excursion_v,5.4357376639646685e-05,-0.18000000000000002,,PASS,False
buffered_out2_true0.75_fast_3_0_edge50,prime,DEC0,end_level_v,6.535093100778957e-05,-0.18000000000000002,0.18000000000000002,PASS,False
buffered_out2_true0.75_fast_3_0_edge50,prime,DEC0,unselected_max_v,0.0016463159283333847,,0.18000000000000002,PASS,False
buffered_out2_true0.75_fast_3_0_edge50,prime,DEC1,upper_excursion_v,0.0016454594698478698,,1.9800000000000002,PASS,False
buffered_out2_true0.75_fast_3_0_edge50,prime,DEC1,lower_excursion_v,5.6031939911483455e-05,-0.18000000000000002,,PASS,False
buffered_out2_true0.75_fast_3_0_edge50,prime,DEC1,end_level_v,6.50016869059072e-05,-0.18000000000000002,0.18000000000000002,PASS,False
buffered_out2_true0.75_fast_3_0_edge50,prime,DEC1,unselected_max_v,0.0016454594698478698,,0.18000000000000002,PASS,False
buffered_out2_true0.75_fast_3_0_edge50,prime,DEC2,upper_excursion_v,0.0016455238647339993,,1.9800000000000002,PASS,False
buffered_out2_true0.75_fast_3_0_edge50,prime,DEC2,lower_excursion_v,4.2684999851036465e-06,-0.18000000000000002,,PASS,False
buffered_out2_true0.75_fast_3_0_edge50,prime,DEC2,end_level_v,7.011839250958135e-05,-0.18000000000000002,0.18000000000000002,PASS,False
buffered_out2_true0.75_fast_3_0_edge50,prime,DEC2,unselected_max_v,0.0016455238647339993,,0.18000000000000002,PASS,False
buffered_out2_true0.75_fast_3_0_edge50,prime,DEC3,upper_excursion_v,1.7999991038109455,,1.9800000000000002,PASS,False
buffered_out2_true0.75_fast_3_0_edge50,prime,DEC3,lower_excursion_v,-0.02979130706850702,-0.18000000000000002,,PASS,False
buffered_out2_true0.75_fast_3_0_edge50,prime,DEC3,end_level_v,1.7999991038053762,1.62,1.9800000000000002,PASS,False
buffered_out2_true0.75_fast_3_0_edge50,prime,DEC3,settled_min_v,1.7999990727140722,1.62,,PASS,False
buffered_out2_true0.75_fast_3_0_edge50,prime,WL0,upper_excursion_v,0.00014555249312085558,,1.9800000000000002,PASS,False
buffered_out2_true0.75_fast_3_0_edge50,prime,WL0,lower_excursion_v,0.00013859618324802559,-0.18000000000000002,,PASS,False
buffered_out2_true0.75_fast_3_0_edge50,prime,WL0,end_level_v,0.00014468706111890056,-0.18000000000000002,0.18000000000000002,PASS,False
buffered_out2_true0.75_fast_3_0_edge50,prime,WL0,unselected_max_v,0.00014555249312085558,,0.18000000000000002,PASS,False
buffered_out2_true0.75_fast_3_0_edge50,prime,WL1,upper_excursion_v,0.00014555860101935633,,1.9800000000000002,PASS,False
buffered_out2_true0.75_fast_3_0_edge50,prime,WL1,lower_excursion_v,0.00013862222031303992,-0.18000000000000002,,PASS,False
buffered_out2_true0.75_fast_3_0_edge50,prime,WL1,end_level_v,0.00014468706107456444,-0.18000000000000002,0.18000000000000002,PASS,False
buffered_out2_true0.75_fast_3_0_edge50,prime,WL1,unselected_max_v,0.00014555860101935633,,0.18000000000000002,PASS,False
buffered_out2_true0.75_fast_3_0_edge50,prime,WL2,upper_excursion_v,0.00014571415664224995,,1.9800000000000002,PASS,False
buffered_out2_true0.75_fast_3_0_edge50,prime,WL2,lower_excursion_v,0.00013904976545391307,-0.18000000000000002,,PASS,False
buffered_out2_true0.75_fast_3_0_edge50,prime,WL2,end_level_v,0.00014468705470894178,-0.18000000000000002,0.18000000000000002,PASS,False
buffered_out2_true0.75_fast_3_0_edge50,prime,WL2,unselected_max_v,0.00014571415664224995,,0.18000000000000002,PASS,False
buffered_out2_true0.75_fast_3_0_edge50,prime,WL3,upper_excursion_v,1.7999993201190922,,1.9800000000000002,PASS,False
buffered_out2_true0.75_fast_3_0_edge50,prime,WL3,lower_excursion_v,-0.025712799757534675,-0.18000000000000002,,PASS,False
buffered_out2_true0.75_fast_3_0_edge50,prime,WL3,end_level_v,1.799999320119092,1.62,1.9800000000000002,PASS,False
buffered_out2_true0.75_fast_3_0_edge50,prime,WL3,settled_min_v,1.7998524590369185,1.62,,PASS,False
buffered_out2_true0.75_fast_3_0_edge50,test,DEC0,upper_excursion_v,1.799999103886462,,1.9800000000000002,PASS,False
buffered_out2_true0.75_fast_3_0_edge50,test,DEC0,lower_excursion_v,-0.02816568163739097,-0.18000000000000002,,PASS,False
buffered_out2_true0.75_fast_3_0_edge50,test,DEC0,end_level_v,1.7999991038139682,1.62,1.9800000000000002,PASS,False
buffered_out2_true0.75_fast_3_0_edge50,test,DEC0,settled_min_v,1.79999907179632,1.62,,PASS,False
buffered_out2_true0.75_fast_3_0_edge50,test,DEC1,upper_excursion_v,0.001652557460628526,,1.9800000000000002,PASS,False
buffered_out2_true0.75_fast_3_0_edge50,test,DEC1,lower_excursion_v,1.0159925906735867e-05,-0.18000000000000002,,PASS,False
buffered_out2_true0.75_fast_3_0_edge50,test,DEC1,end_level_v,7.405918698397822e-05,-0.18000000000000002,0.18000000000000002,PASS,False
buffered_out2_true0.75_fast_3_0_edge50,test,DEC1,unselected_max_v,0.001652557460628526,,0.18000000000000002,PASS,False
buffered_out2_true0.75_fast_3_0_edge50,test,DEC2,upper_excursion_v,0.0016472396513880706,,1.9800000000000002,PASS,False
buffered_out2_true0.75_fast_3_0_edge50,test,DEC2,lower_excursion_v,5.4417361039946994e-05,-0.18000000000000002,,PASS,False
buffered_out2_true0.75_fast_3_0_edge50,test,DEC2,end_level_v,6.499624965186443e-05,-0.18000000000000002,0.18000000000000002,PASS,False
buffered_out2_true0.75_fast_3_0_edge50,test,DEC2,unselected_max_v,0.0016472396513880706,,0.18000000000000002,PASS,False
buffered_out2_true0.75_fast_3_0_edge50,test,DEC3,upper_excursion_v,0.0016472711351367911,,1.9800000000000002,PASS,False
buffered_out2_true0.75_fast_3_0_edge50,test,DEC3,lower_excursion_v,5.356205293760514e-05,-0.18000000000000002,,PASS,False
buffered_out2_true0.75_fast_3_0_edge50,test,DEC3,end_level_v,6.525844317555404e-05,-0.18000000000000002,0.18000000000000002,PASS,False
buffered_out2_true0.75_fast_3_0_edge50,test,DEC3,unselected_max_v,0.0016472711351367911,,0.18000000000000002,PASS,False
buffered_out2_true0.75_fast_3_0_edge50,test,WL0,upper_excursion_v,1.7999993201190925,,1.9800000000000002,PASS,False
buffered_out2_true0.75_fast_3_0_edge50,test,WL0,lower_excursion_v,-0.025656042926024386,-0.18000000000000002,,PASS,False
buffered_out2_true0.75_fast_3_0_edge50,test,WL0,end_level_v,1.7999993201190925,1.62,1.9800000000000002,PASS,False
buffered_out2_true0.75_fast_3_0_edge50,test,WL0,settled_min_v,1.7998482484215694,1.62,,PASS,False
buffered_out2_true0.75_fast_3_0_edge50,test,WL1,upper_excursion_v,0.00014560419442165488,,1.9800000000000002,PASS,False
buffered_out2_true0.75_fast_3_0_edge50,test,WL1,lower_excursion_v,0.00013847753526038394,-0.18000000000000002,,PASS,False
buffered_out2_true0.75_fast_3_0_edge50,test,WL1,end_level_v,0.00014468705122830375,-0.18000000000000002,0.18000000000000002,PASS,False
buffered_out2_true0.75_fast_3_0_edge50,test,WL1,unselected_max_v,0.00014560419442165488,,0.18000000000000002,PASS,False
buffered_out2_true0.75_fast_3_0_edge50,test,WL2,upper_excursion_v,0.00014557787680244034,,1.9800000000000002,PASS,False
buffered_out2_true0.75_fast_3_0_edge50,test,WL2,lower_excursion_v,0.0001387877052314254,-0.18000000000000002,,PASS,False
buffered_out2_true0.75_fast_3_0_edge50,test,WL2,end_level_v,0.0001446870610737876,-0.18000000000000002,0.18000000000000002,PASS,False
buffered_out2_true0.75_fast_3_0_edge50,test,WL2,unselected_max_v,0.00014557787680244034,,0.18000000000000002,PASS,False
buffered_out2_true0.75_fast_3_0_edge50,test,WL3,upper_excursion_v,0.00014557252130027753,,1.9800000000000002,PASS,False
buffered_out2_true0.75_fast_3_0_edge50,test,WL3,lower_excursion_v,0.00013874566031996506,-0.18000000000000002,,PASS,False
buffered_out2_true0.75_fast_3_0_edge50,test,WL3,end_level_v,0.00014468706126846554,-0.18000000000000002,0.18000000000000002,PASS,False
buffered_out2_true0.75_fast_3_0_edge50,test,WL3,unselected_max_v,0.00014557252130027753,,0.18000000000000002,PASS,False
buffered_out2_true0.75_fast_3_0_edge50,recovery,DEC0,end_level_v,0.00014366421613227085,-0.18000000000000002,0.18000000000000002,PASS,False
buffered_out2_true0.75_fast_3_0_edge50,recovery,DEC0,settled_max_v,0.0009794739253362022,,0.18000000000000002,PASS,False
buffered_out2_true0.75_fast_3_0_edge50,recovery,DEC1,end_level_v,0.0001431757166509183,-0.18000000000000002,0.18000000000000002,PASS,False
buffered_out2_true0.75_fast_3_0_edge50,recovery,DEC1,settled_max_v,0.0009229737432055723,,0.18000000000000002,PASS,False
buffered_out2_true0.75_fast_3_0_edge50,recovery,DEC2,end_level_v,0.0001426722085256376,-0.18000000000000002,0.18000000000000002,PASS,False
buffered_out2_true0.75_fast_3_0_edge50,recovery,DEC2,settled_max_v,0.0010043950909185764,,0.18000000000000002,PASS,False
buffered_out2_true0.75_fast_3_0_edge50,recovery,DEC3,end_level_v,0.00014267221029415597,-0.18000000000000002,0.18000000000000002,PASS,False
buffered_out2_true0.75_fast_3_0_edge50,recovery,DEC3,settled_max_v,0.0010253432917972803,,0.18000000000000002,PASS,False
buffered_out2_true0.75_fast_3_0_edge50,recovery,WL0,end_level_v,0.00014468707789460204,-0.18000000000000002,0.18000000000000002,PASS,False
buffered_out2_true0.75_fast_3_0_edge50,recovery,WL0,settled_max_v,0.00014647877165526845,,0.18000000000000002,PASS,False
buffered_out2_true0.75_fast_3_0_edge50,recovery,WL1,end_level_v,0.00014468707432813564,-0.18000000000000002,0.18000000000000002,PASS,False
buffered_out2_true0.75_fast_3_0_edge50,recovery,WL1,settled_max_v,0.0001463902222042554,,0.18000000000000002,PASS,False
buffered_out2_true0.75_fast_3_0_edge50,recovery,WL2,end_level_v,0.00014468707074363654,-0.18000000000000002,0.18000000000000002,PASS,False
buffered_out2_true0.75_fast_3_0_edge50,recovery,WL2,settled_max_v,0.0001526235313463908,,0.18000000000000002,PASS,False
buffered_out2_true0.75_fast_3_0_edge50,recovery,WL3,end_level_v,0.00014468707074358764,-0.18000000000000002,0.18000000000000002,PASS,False
buffered_out2_true0.75_fast_3_0_edge50,recovery,WL3,settled_max_v,0.00015273486721495826,,0.18000000000000002,PASS,False
buffered_out2_true0.75_fast_3_0_edge50,recovery,N0,end_level_v,1.7995348277133978,1.62,1.9800000000000002,PASS,False
buffered_out2_true0.75_fast_3_0_edge50,recovery,N1,end_level_v,1.7997672706633405,1.62,1.9800000000000002,PASS,False
buffered_out2_true0.75_fast_3_0_edge50,recovery,N2,end_level_v,1.7999999040736308,1.62,1.9800000000000002,PASS,False
buffered_out2_true0.75_fast_3_0_edge50,recovery,N3,end_level_v,1.7999999033557779,1.62,1.9800000000000002,PASS,False
buffered_out2_true0.75_fast_3_0_edge50,final_precharge,DEC0,settled_max_v,0.00015781178609266665,,0.18000000000000002,PASS,False
buffered_out2_true0.75_fast_3_0_edge50,final_precharge,DEC0,settled_min_v,0.00014375858452891669,-0.18000000000000002,,PASS,False
buffered_out2_true0.75_fast_3_0_edge50,final_precharge,DEC1,settled_max_v,0.0001427788560548881,,0.18000000000000002,PASS,False
buffered_out2_true0.75_fast_3_0_edge50,final_precharge,DEC1,settled_min_v,0.00014273496429535737,-0.18000000000000002,,PASS,False
buffered_out2_true0.75_fast_3_0_edge50,final_precharge,DEC2,settled_max_v,0.00014267265496129895,,0.18000000000000002,PASS,False
buffered_out2_true0.75_fast_3_0_edge50,final_precharge,DEC2,settled_min_v,0.00014267226172870915,-0.18000000000000002,,PASS,False
buffered_out2_true0.75_fast_3_0_edge50,final_precharge,DEC3,settled_max_v,0.00014267261781824534,,0.18000000000000002,PASS,False
buffered_out2_true0.75_fast_3_0_edge50,final_precharge,DEC3,settled_min_v,0.00014267226045818772,-0.18000000000000002,,PASS,False
buffered_out2_true0.75_fast_3_0_edge50,final_precharge,WL0,settled_max_v,0.00014468811658358116,,0.18000000000000002,PASS,False
buffered_out2_true0.75_fast_3_0_edge50,final_precharge,WL0,settled_min_v,0.00014468707319459059,-0.18000000000000002,,PASS,False
buffered_out2_true0.75_fast_3_0_edge50,final_precharge,WL1,settled_max_v,0.00014468707428528594,,0.18000000000000002,PASS,False
buffered_out2_true0.75_fast_3_0_edge50,final_precharge,WL1,settled_min_v,0.00014468707078428184,-0.18000000000000002,,PASS,False
buffered_out2_true0.75_fast_3_0_edge50,final_precharge,WL2,settled_max_v,0.00014468707077328071,,0.18000000000000002,PASS,False
buffered_out2_true0.75_fast_3_0_edge50,final_precharge,WL2,settled_min_v,0.00014468707074360851,-0.18000000000000002,,PASS,False
buffered_out2_true0.75_fast_3_0_edge50,final_precharge,WL3,settled_max_v,0.00014468707076960465,,0.18000000000000002,PASS,False
buffered_out2_true0.75_fast_3_0_edge50,final_precharge,WL3,settled_min_v,0.000144687070743713,-0.18000000000000002,,PASS,False
buffered_out2_true0.75_fast_3_0_edge50,final_precharge,N0,end_level_v,1.7994279772202029,1.62,1.9800000000000002,PASS,False
buffered_out2_true0.75_fast_3_0_edge50,final_precharge,N1,end_level_v,1.7999638920512089,1.62,1.9800000000000002,PASS,False
buffered_out2_true0.75_fast_3_0_edge50,final_precharge,N2,end_level_v,1.7999998816403695,1.62,1.9800000000000002,PASS,False
buffered_out2_true0.75_fast_3_0_edge50,final_precharge,N3,end_level_v,1.7999998822979537,1.62,1.9800000000000002,PASS,False
buffered_out2_true1_ss_cold_0_3_edge25,prime,DEC0,upper_excursion_v,1.7999999961761177,,1.9800000000000002,PASS,False
buffered_out2_true1_ss_cold_0_3_edge25,prime,DEC0,lower_excursion_v,-0.08850040852610792,-0.18000000000000002,,PASS,False
buffered_out2_true1_ss_cold_0_3_edge25,prime,DEC0,end_level_v,1.799999996170383,1.62,1.9800000000000002,PASS,False
buffered_out2_true1_ss_cold_0_3_edge25,prime,DEC0,settled_min_v,1.7999995880729462,1.62,,PASS,False
buffered_out2_true1_ss_cold_0_3_edge25,prime,DEC1,upper_excursion_v,0.0025329595037116557,,1.9800000000000002,PASS,False
buffered_out2_true1_ss_cold_0_3_edge25,prime,DEC1,lower_excursion_v,-0.00027678659314664747,-0.18000000000000002,,PASS,False
buffered_out2_true1_ss_cold_0_3_edge25,prime,DEC1,end_level_v,-5.59398209969142e-07,-0.18000000000000002,0.18000000000000002,PASS,False
buffered_out2_true1_ss_cold_0_3_edge25,prime,DEC1,unselected_max_v,0.0025329595037116557,,0.18000000000000002,PASS,False
buffered_out2_true1_ss_cold_0_3_edge25,prime,DEC2,upper_excursion_v,0.0025228135729229366,,1.9800000000000002,PASS,False
buffered_out2_true1_ss_cold_0_3_edge25,prime,DEC2,lower_excursion_v,-5.5528793556628504e-05,-0.18000000000000002,,PASS,False
buffered_out2_true1_ss_cold_0_3_edge25,prime,DEC2,end_level_v,1.0874388276153957e-09,-0.18000000000000002,0.18000000000000002,PASS,False
buffered_out2_true1_ss_cold_0_3_edge25,prime,DEC2,unselected_max_v,0.0025228135729229366,,0.18000000000000002,PASS,False
buffered_out2_true1_ss_cold_0_3_edge25,prime,DEC3,upper_excursion_v,0.002522814485642129,,1.9800000000000002,PASS,False
buffered_out2_true1_ss_cold_0_3_edge25,prime,DEC3,lower_excursion_v,-5.448274535102833e-05,-0.18000000000000002,,PASS,False
buffered_out2_true1_ss_cold_0_3_edge25,prime,DEC3,end_level_v,1.0874306975384468e-09,-0.18000000000000002,0.18000000000000002,PASS,False
buffered_out2_true1_ss_cold_0_3_edge25,prime,DEC3,unselected_max_v,0.002522814485642129,,0.18000000000000002,PASS,False
buffered_out2_true1_ss_cold_0_3_edge25,prime,WL0,upper_excursion_v,1.7999999898436998,,1.9800000000000002,PASS,False
buffered_out2_true1_ss_cold_0_3_edge25,prime,WL0,lower_excursion_v,-0.0375800542561922,-0.18000000000000002,,PASS,False
buffered_out2_true1_ss_cold_0_3_edge25,prime,WL0,end_level_v,1.7999999898436998,1.62,1.9800000000000002,PASS,False
buffered_out2_true1_ss_cold_0_3_edge25,prime,WL0,settled_min_v,1.7970923817221525,1.62,,PASS,False
buffered_out2_true1_ss_cold_0_3_edge25,prime,WL1,upper_excursion_v,5.9171364680031e-06,,1.9800000000000002,PASS,False
buffered_out2_true1_ss_cold_0_3_edge25,prime,WL1,lower_excursion_v,-7.13855827846763e-06,-0.18000000000000002,,PASS,False
buffered_out2_true1_ss_cold_0_3_edge25,prime,WL1,end_level_v,3.239843514867441e-09,-0.18000000000000002,0.18000000000000002,PASS,False
buffered_out2_true1_ss_cold_0_3_edge25,prime,WL1,unselected_max_v,5.9171364680031e-06,,0.18000000000000002,PASS,False
buffered_out2_true1_ss_cold_0_3_edge25,prime,WL2,upper_excursion_v,5.888545408655965e-06,,1.9800000000000002,PASS,False
buffered_out2_true1_ss_cold_0_3_edge25,prime,WL2,lower_excursion_v,-6.50420827739091e-06,-0.18000000000000002,,PASS,False
buffered_out2_true1_ss_cold_0_3_edge25,prime,WL2,end_level_v,3.239899021766523e-09,-0.18000000000000002,0.18000000000000002,PASS,False
buffered_out2_true1_ss_cold_0_3_edge25,prime,WL2,unselected_max_v,5.888545408655965e-06,,0.18000000000000002,PASS,False
buffered_out2_true1_ss_cold_0_3_edge25,prime,WL3,upper_excursion_v,5.88853843894253e-06,,1.9800000000000002,PASS,False
buffered_out2_true1_ss_cold_0_3_edge25,prime,WL3,lower_excursion_v,-6.495512949184299e-06,-0.18000000000000002,,PASS,False
buffered_out2_true1_ss_cold_0_3_edge25,prime,WL3,end_level_v,3.2398984098773197e-09,-0.18000000000000002,0.18000000000000002,PASS,False
buffered_out2_true1_ss_cold_0_3_edge25,prime,WL3,unselected_max_v,5.88853843894253e-06,,0.18000000000000002,PASS,False
buffered_out2_true1_ss_cold_0_3_edge25,test,DEC0,upper_excursion_v,0.0025280277606654915,,1.9800000000000002,PASS,False
buffered_out2_true1_ss_cold_0_3_edge25,test,DEC0,lower_excursion_v,-0.00010748516953700941,-0.18000000000000002,,PASS,False
buffered_out2_true1_ss_cold_0_3_edge25,test,DEC0,end_level_v,1.0874436636064954e-09,-0.18000000000000002,0.18000000000000002,PASS,False
buffered_out2_true1_ss_cold_0_3_edge25,test,DEC0,unselected_max_v,0.0025280277606654915,,0.18000000000000002,PASS,False
buffered_out2_true1_ss_cold_0_3_edge25,test,DEC1,upper_excursion_v,0.002528027920008268,,1.9800000000000002,PASS,False
buffered_out2_true1_ss_cold_0_3_edge25,test,DEC1,lower_excursion_v,-0.00010863886564741688,-0.18000000000000002,,PASS,False
buffered_out2_true1_ss_cold_0_3_edge25,test,DEC1,end_level_v,1.0874472529997216e-09,-0.18000000000000002,0.18000000000000002,PASS,False
buffered_out2_true1_ss_cold_0_3_edge25,test,DEC1,unselected_max_v,0.002528027920008268,,0.18000000000000002,PASS,False
buffered_out2_true1_ss_cold_0_3_edge25,test,DEC2,upper_excursion_v,0.002529903928433135,,1.9800000000000002,PASS,False
buffered_out2_true1_ss_cold_0_3_edge25,test,DEC2,lower_excursion_v,-0.00033463979075910866,-0.18000000000000002,,PASS,False
buffered_out2_true1_ss_cold_0_3_edge25,test,DEC2,end_level_v,-7.653529474627172e-07,-0.18000000000000002,0.18000000000000002,PASS,False
buffered_out2_true1_ss_cold_0_3_edge25,test,DEC2,unselected_max_v,0.002529903928433135,,0.18000000000000002,PASS,False
buffered_out2_true1_ss_cold_0_3_edge25,test,DEC3,upper_excursion_v,1.8000093175263676,,1.9800000000000002,PASS,False
buffered_out2_true1_ss_cold_0_3_edge25,test,DEC3,lower_excursion_v,-0.0967684532939302,-0.18000000000000002,,PASS,False
buffered_out2_true1_ss_cold_0_3_edge25,test,DEC3,end_level_v,1.7999999961702853,1.62,1.9800000000000002,PASS,False
buffered_out2_true1_ss_cold_0_3_edge25,test,DEC3,settled_min_v,1.7999996037787866,1.62,,PASS,False
buffered_out2_true1_ss_cold_0_3_edge25,test,WL0,upper_excursion_v,5.903005805720331e-06,,1.9800000000000002,PASS,False
buffered_out2_true1_ss_cold_0_3_edge25,test,WL0,lower_excursion_v,-6.5312099336760405e-06,-0.18000000000000002,,PASS,False
buffered_out2_true1_ss_cold_0_3_edge25,test,WL0,end_level_v,3.2398987732531864e-09,-0.18000000000000002,0.18000000000000002,PASS,False
buffered_out2_true1_ss_cold_0_3_edge25,test,WL0,unselected_max_v,5.903005805720331e-06,,0.18000000000000002,PASS,False
buffered_out2_true1_ss_cold_0_3_edge25,test,WL1,upper_excursion_v,5.903028251858913e-06,,1.9800000000000002,PASS,False
buffered_out2_true1_ss_cold_0_3_edge25,test,WL1,lower_excursion_v,-6.540413417480328e-06,-0.18000000000000002,,PASS,False
buffered_out2_true1_ss_cold_0_3_edge25,test,WL1,end_level_v,3.239898612056565e-09,-0.18000000000000002,0.18000000000000002,PASS,False
buffered_out2_true1_ss_cold_0_3_edge25,test,WL1,unselected_max_v,5.903028251858913e-06,,0.18000000000000002,PASS,False
buffered_out2_true1_ss_cold_0_3_edge25,test,WL2,upper_excursion_v,5.897162781022805e-06,,1.9800000000000002,PASS,False
buffered_out2_true1_ss_cold_0_3_edge25,test,WL2,lower_excursion_v,-7.286609755492673e-06,-0.18000000000000002,,PASS,False
buffered_out2_true1_ss_cold_0_3_edge25,test,WL2,end_level_v,3.239762242447548e-09,-0.18000000000000002,0.18000000000000002,PASS,False
buffered_out2_true1_ss_cold_0_3_edge25,test,WL2,unselected_max_v,5.897162781022805e-06,,0.18000000000000002,PASS,False
buffered_out2_true1_ss_cold_0_3_edge25,test,WL3,upper_excursion_v,1.7999999898436987,,1.9800000000000002,PASS,False
buffered_out2_true1_ss_cold_0_3_edge25,test,WL3,lower_excursion_v,-0.03760068561985777,-0.18000000000000002,,PASS,False
buffered_out2_true1_ss_cold_0_3_edge25,test,WL3,end_level_v,1.7999999898436987,1.62,1.9800000000000002,PASS,False
buffered_out2_true1_ss_cold_0_3_edge25,test,WL3,settled_min_v,1.7971724542941367,1.62,,PASS,False
buffered_out2_true1_ss_cold_0_3_edge25,recovery,DEC0,end_level_v,1.1903237530308638e-09,-0.18000000000000002,0.18000000000000002,PASS,False
buffered_out2_true1_ss_cold_0_3_edge25,recovery,DEC0,settled_max_v,0.0003297077524148173,,0.18000000000000002,PASS,False
buffered_out2_true1_ss_cold_0_3_edge25,recovery,DEC1,end_level_v,1.1902030205248735e-09,-0.18000000000000002,0.18000000000000002,PASS,False
buffered_out2_true1_ss_cold_0_3_edge25,recovery,DEC1,settled_max_v,0.0003250009496912913,,0.18000000000000002,PASS,False
buffered_out2_true1_ss_cold_0_3_edge25,recovery,DEC2,end_level_v,8.965471654312496e-08,-0.18000000000000002,0.18000000000000002,PASS,False
buffered_out2_true1_ss_cold_0_3_edge25,recovery,DEC2,settled_max_v,0.0007694786854048523,,0.18000000000000002,PASS,False
buffered_out2_true1_ss_cold_0_3_edge25,recovery,DEC3,end_level_v,1.8285286531444234e-07,-0.18000000000000002,0.18000000000000002,PASS,False
buffered_out2_true1_ss_cold_0_3_edge25,recovery,DEC3,settled_max_v,0.0007940859721556146,,0.18000000000000002,PASS,False
buffered_out2_true1_ss_cold_0_3_edge25,recovery,WL0,end_level_v,3.239898682695359e-09,-0.18000000000000002,0.18000000000000002,PASS,False
buffered_out2_true1_ss_cold_0_3_edge25,recovery,WL0,settled_max_v,1.9762334514566403e-06,,0.18000000000000002,PASS,False
buffered_out2_true1_ss_cold_0_3_edge25,recovery,WL1,end_level_v,3.239899134807533e-09,-0.18000000000000002,0.18000000000000002,PASS,False
buffered_out2_true1_ss_cold_0_3_edge25,recovery,WL1,settled_max_v,1.9864603706530967e-06,,0.18000000000000002,PASS,False
buffered_out2_true1_ss_cold_0_3_edge25,recovery,WL2,end_level_v,3.2404411958667675e-09,-0.18000000000000002,0.18000000000000002,PASS,False
buffered_out2_true1_ss_cold_0_3_edge25,recovery,WL2,settled_max_v,1.9045241243625794e-06,,0.18000000000000002,PASS,False
buffered_out2_true1_ss_cold_0_3_edge25,recovery,WL3,end_level_v,3.2410811614225756e-09,-0.18000000000000002,0.18000000000000002,PASS,False
buffered_out2_true1_ss_cold_0_3_edge25,recovery,WL3,settled_max_v,2.066495797564755e-06,,0.18000000000000002,PASS,False
buffered_out2_true1_ss_cold_0_3_edge25,recovery,N0,end_level_v,1.8000000078962768,1.62,1.9800000000000002,PASS,False
buffered_out2_true1_ss_cold_0_3_edge25,recovery,N1,end_level_v,1.8000000081296266,1.62,1.9800000000000002,PASS,False
buffered_out2_true1_ss_cold_0_3_edge25,recovery,N2,end_level_v,1.7997583414255882,1.62,1.9800000000000002,PASS,False
buffered_out2_true1_ss_cold_0_3_edge25,recovery,N3,end_level_v,1.799457417507451,1.62,1.9800000000000002,PASS,False
buffered_out2_true1_ss_cold_0_3_edge25,final_precharge,DEC0,settled_max_v,1.6478798801488228e-09,,0.18000000000000002,PASS,False
buffered_out2_true1_ss_cold_0_3_edge25,final_precharge,DEC0,settled_min_v,1.2052957968953793e-09,-0.18000000000000002,,PASS,False
buffered_out2_true1_ss_cold_0_3_edge25,final_precharge,DEC1,settled_max_v,1.6528231259754728e-09,,0.18000000000000002,PASS,False
buffered_out2_true1_ss_cold_0_3_edge25,final_precharge,DEC1,settled_min_v,1.2053047638736555e-09,-0.18000000000000002,,PASS,False
buffered_out2_true1_ss_cold_0_3_edge25,final_precharge,DEC2,settled_max_v,1.232881174653347e-08,,0.18000000000000002,PASS,False
buffered_out2_true1_ss_cold_0_3_edge25,final_precharge,DEC2,settled_min_v,3.156854964936342e-09,-0.18000000000000002,,PASS,False
buffered_out2_true1_ss_cold_0_3_edge25,final_precharge,DEC3,settled_max_v,9.2924839495798e-06,,0.18000000000000002,PASS,False
buffered_out2_true1_ss_cold_0_3_edge25,final_precharge,DEC3,settled_min_v,1.1590992456123086e-07,-0.18000000000000002,,PASS,False
buffered_out2_true1_ss_cold_0_3_edge25,final_precharge,WL0,settled_max_v,3.2399385490463313e-09,,0.18000000000000002,PASS,False
buffered_out2_true1_ss_cold_0_3_edge25,final_precharge,WL0,settled_min_v,3.23989841736409e-09,-0.18000000000000002,,PASS,False
buffered_out2_true1_ss_cold_0_3_edge25,final_precharge,WL1,settled_max_v,3.2399400062737248e-09,,0.18000000000000002,PASS,False
buffered_out2_true1_ss_cold_0_3_edge25,final_precharge,WL1,settled_min_v,3.2398982795975586e-09,-0.18000000000000002,,PASS,False
buffered_out2_true1_ss_cold_0_3_edge25,final_precharge,WL2,settled_max_v,3.2445413344886753e-09,,0.18000000000000002,PASS,False
buffered_out2_true1_ss_cold_0_3_edge25,final_precharge,WL2,settled_min_v,3.2398990729407133e-09,-0.18000000000000002,,PASS,False
buffered_out2_true1_ss_cold_0_3_edge25,final_precharge,WL3,settled_max_v,1.1925460089905457e-08,,0.18000000000000002,PASS,False
buffered_out2_true1_ss_cold_0_3_edge25,final_precharge,WL3,settled_min_v,3.2400361608641173e-09,-0.18000000000000002,,PASS,False
buffered_out2_true1_ss_cold_0_3_edge25,final_precharge,N0,end_level_v,1.7999999783964877,1.62,1.9800000000000002,PASS,False
buffered_out2_true1_ss_cold_0_3_edge25,final_precharge,N1,end_level_v,1.7999999783675582,1.62,1.9800000000000002,PASS,False
buffered_out2_true1_ss_cold_0_3_edge25,final_precharge,N2,end_level_v,1.7999665002876601,1.62,1.9800000000000002,PASS,False
buffered_out2_true1_ss_cold_0_3_edge25,final_precharge,N3,end_level_v,1.7993305777505852,1.62,1.9800000000000002,PASS,False
buffered_out2_true1_ss_cold_0_3_edge50,prime,DEC0,upper_excursion_v,1.799999996176017,,1.9800000000000002,PASS,False
buffered_out2_true1_ss_cold_0_3_edge50,prime,DEC0,lower_excursion_v,-0.08856337304459337,-0.18000000000000002,,PASS,False
buffered_out2_true1_ss_cold_0_3_edge50,prime,DEC0,end_level_v,1.7999999961703796,1.62,1.9800000000000002,PASS,False
buffered_out2_true1_ss_cold_0_3_edge50,prime,DEC0,settled_min_v,1.799999567109936,1.62,,PASS,False
buffered_out2_true1_ss_cold_0_3_edge50,prime,DEC1,upper_excursion_v,0.0011591065486565519,,1.9800000000000002,PASS,False
buffered_out2_true1_ss_cold_0_3_edge50,prime,DEC1,lower_excursion_v,-0.0001164404834049608,-0.18000000000000002,,PASS,False
buffered_out2_true1_ss_cold_0_3_edge50,prime,DEC1,end_level_v,-5.599522334143182e-07,-0.18000000000000002,0.18000000000000002,PASS,False
buffered_out2_true1_ss_cold_0_3_edge50,prime,DEC1,unselected_max_v,0.0011591065486565519,,0.18000000000000002,PASS,False
buffered_out2_true1_ss_cold_0_3_edge50,prime,DEC2,upper_excursion_v,0.0011559435032192985,,1.9800000000000002,PASS,False
buffered_out2_true1_ss_cold_0_3_edge50,prime,DEC2,lower_excursion_v,-3.0805397947817213e-06,-0.18000000000000002,,PASS,False
buffered_out2_true1_ss_cold_0_3_edge50,prime,DEC2,end_level_v,1.082586731959688e-09,-0.18000000000000002,0.18000000000000002,PASS,False
buffered_out2_true1_ss_cold_0_3_edge50,prime,DEC2,unselected_max_v,0.0011559435032192985,,0.18000000000000002,PASS,False
buffered_out2_true1_ss_cold_0_3_edge50,prime,DEC3,upper_excursion_v,0.001155948464771156,,1.9800000000000002,PASS,False
buffered_out2_true1_ss_cold_0_3_edge50,prime,DEC3,lower_excursion_v,-3.067935634436843e-06,-0.18000000000000002,,PASS,False
buffered_out2_true1_ss_cold_0_3_edge50,prime,DEC3,end_level_v,1.0825774291819106e-09,-0.18000000000000002,0.18000000000000002,PASS,False
buffered_out2_true1_ss_cold_0_3_edge50,prime,DEC3,unselected_max_v,0.001155948464771156,,0.18000000000000002,PASS,False
buffered_out2_true1_ss_cold_0_3_edge50,prime,WL0,upper_excursion_v,1.7999999898437111,,1.9800000000000002,PASS,False
buffered_out2_true1_ss_cold_0_3_edge50,prime,WL0,lower_excursion_v,-0.03756590755796254,-0.18000000000000002,,PASS,False
buffered_out2_true1_ss_cold_0_3_edge50,prime,WL0,end_level_v,1.7999999898437111,1.62,1.9800000000000002,PASS,False
buffered_out2_true1_ss_cold_0_3_edge50,prime,WL0,settled_min_v,1.7969425222677933,1.62,,PASS,False
buffered_out2_true1_ss_cold_0_3_edge50,prime,WL1,upper_excursion_v,4.109805134920316e-07,,1.9800000000000002,PASS,False
buffered_out2_true1_ss_cold_0_3_edge50,prime,WL1,lower_excursion_v,-3.6211176215762893e-06,-0.18000000000000002,,PASS,False
buffered_out2_true1_ss_cold_0_3_edge50,prime,WL1,end_level_v,3.2398432940340674e-09,-0.18000000000000002,0.18000000000000002,PASS,False
buffered_out2_true1_ss_cold_0_3_edge50,prime,WL1,unselected_max_v,4.109805134920316e-07,,0.18000000000000002,PASS,False
buffered_out2_true1_ss_cold_0_3_edge50,prime,WL2,upper_excursion_v,3.551679247061532e-07,,1.9800000000000002,PASS,False
buffered_out2_true1_ss_cold_0_3_edge50,prime,WL2,lower_excursion_v,-3.600881402694073e-06,-0.18000000000000002,,PASS,False
buffered_out2_true1_ss_cold_0_3_edge50,prime,WL2,end_level_v,3.2398990514950467e-09,-0.18000000000000002,0.18000000000000002,PASS,False
buffered_out2_true1_ss_cold_0_3_edge50,prime,WL2,unselected_max_v,3.551679247061532e-07,,0.18000000000000002,PASS,False
buffered_out2_true1_ss_cold_0_3_edge50,prime,WL3,upper_excursion_v,3.5532589093623575e-07,,1.9800000000000002,PASS,False
buffered_out2_true1_ss_cold_0_3_edge50,prime,WL3,lower_excursion_v,-3.5991648602005814e-06,-0.18000000000000002,,PASS,False
buffered_out2_true1_ss_cold_0_3_edge50,prime,WL3,end_level_v,3.2398983957442842e-09,-0.18000000000000002,0.18000000000000002,PASS,False
buffered_out2_true1_ss_cold_0_3_edge50,prime,WL3,unselected_max_v,3.5532589093623575e-07,,0.18000000000000002,PASS,False
buffered_out2_true1_ss_cold_0_3_edge50,test,DEC0,upper_excursion_v,0.0011555753088077784,,1.9800000000000002,PASS,False
buffered_out2_true1_ss_cold_0_3_edge50,test,DEC0,lower_excursion_v,-5.3482595162249756e-06,-0.18000000000000002,,PASS,False
buffered_out2_true1_ss_cold_0_3_edge50,test,DEC0,end_level_v,1.0825797447557886e-09,-0.18000000000000002,0.18000000000000002,PASS,False
buffered_out2_true1_ss_cold_0_3_edge50,test,DEC0,unselected_max_v,0.0011555753088077784,,0.18000000000000002,PASS,False
buffered_out2_true1_ss_cold_0_3_edge50,test,DEC1,upper_excursion_v,0.0011555720406122036,,1.9800000000000002,PASS,False
buffered_out2_true1_ss_cold_0_3_edge50,test,DEC1,lower_excursion_v,-4.408134323505182e-06,-0.18000000000000002,,PASS,False
buffered_out2_true1_ss_cold_0_3_edge50,test,DEC1,end_level_v,1.082584089221578e-09,-0.18000000000000002,0.18000000000000002,PASS,False
buffered_out2_true1_ss_cold_0_3_edge50,test,DEC1,unselected_max_v,0.0011555720406122036,,0.18000000000000002,PASS,False
buffered_out2_true1_ss_cold_0_3_edge50,test,DEC2,upper_excursion_v,0.00115373887233553,,1.9800000000000002,PASS,False
buffered_out2_true1_ss_cold_0_3_edge50,test,DEC2,lower_excursion_v,-0.0001120023376908856,-0.18000000000000002,,PASS,False
buffered_out2_true1_ss_cold_0_3_edge50,test,DEC2,end_level_v,-7.664496158715788e-07,-0.18000000000000002,0.18000000000000002,PASS,False
buffered_out2_true1_ss_cold_0_3_edge50,test,DEC2,unselected_max_v,0.00115373887233553,,0.18000000000000002,PASS,False
buffered_out2_true1_ss_cold_0_3_edge50,test,DEC3,upper_excursion_v,1.8000093170203415,,1.9800000000000002,PASS,False
buffered_out2_true1_ss_cold_0_3_edge50,test,DEC3,lower_excursion_v,-0.096708830528074,-0.18000000000000002,,PASS,False
buffered_out2_true1_ss_cold_0_3_edge50,test,DEC3,end_level_v,1.7999999961702884,1.62,1.9800000000000002,PASS,False
buffered_out2_true1_ss_cold_0_3_edge50,test,DEC3,settled_min_v,1.7999995843235161,1.62,,PASS,False
buffered_out2_true1_ss_cold_0_3_edge50,test,WL0,upper_excursion_v,3.438394011590711e-07,,1.9800000000000002,PASS,False
buffered_out2_true1_ss_cold_0_3_edge50,test,WL0,lower_excursion_v,-3.5999459889386963e-06,-0.18000000000000002,,PASS,False
buffered_out2_true1_ss_cold_0_3_edge50,test,WL0,end_level_v,3.239898573530587e-09,-0.18000000000000002,0.18000000000000002,PASS,False
buffered_out2_true1_ss_cold_0_3_edge50,test,WL0,unselected_max_v,3.438394011590711e-07,,0.18000000000000002,PASS,False
buffered_out2_true1_ss_cold_0_3_edge50,test,WL1,upper_excursion_v,3.438393780201154e-07,,1.9800000000000002,PASS,False
buffered_out2_true1_ss_cold_0_3_edge50,test,WL1,lower_excursion_v,-3.6007924821519526e-06,-0.18000000000000002,,PASS,False
buffered_out2_true1_ss_cold_0_3_edge50,test,WL1,end_level_v,3.239898956244329e-09,-0.18000000000000002,0.18000000000000002,PASS,False
buffered_out2_true1_ss_cold_0_3_edge50,test,WL1,unselected_max_v,3.438393780201154e-07,,0.18000000000000002,PASS,False
buffered_out2_true1_ss_cold_0_3_edge50,test,WL2,upper_excursion_v,4.7267104846094607e-07,,1.9800000000000002,PASS,False
buffered_out2_true1_ss_cold_0_3_edge50,test,WL2,lower_excursion_v,-3.5983462540872344e-06,-0.18000000000000002,,PASS,False
buffered_out2_true1_ss_cold_0_3_edge50,test,WL2,end_level_v,3.2397622525482505e-09,-0.18000000000000002,0.18000000000000002,PASS,False
buffered_out2_true1_ss_cold_0_3_edge50,test,WL2,unselected_max_v,4.7267104846094607e-07,,0.18000000000000002,PASS,False
buffered_out2_true1_ss_cold_0_3_edge50,test,WL3,upper_excursion_v,1.7999999898436998,,1.9800000000000002,PASS,False
buffered_out2_true1_ss_cold_0_3_edge50,test,WL3,lower_excursion_v,-0.037564057669521665,-0.18000000000000002,,PASS,False
buffered_out2_true1_ss_cold_0_3_edge50,test,WL3,end_level_v,1.7999999898436998,1.62,1.9800000000000002,PASS,False
buffered_out2_true1_ss_cold_0_3_edge50,test,WL3,settled_min_v,1.7970311241565724,1.62,,PASS,False
buffered_out2_true1_ss_cold_0_3_edge50,recovery,DEC0,end_level_v,1.1902625744483896e-09,-0.18000000000000002,0.18000000000000002,PASS,False
buffered_out2_true1_ss_cold_0_3_edge50,recovery,DEC0,settled_max_v,0.00032956682229778623,,0.18000000000000002,PASS,False
buffered_out2_true1_ss_cold_0_3_edge50,recovery,DEC1,end_level_v,1.1901409173017457e-09,-0.18000000000000002,0.18000000000000002,PASS,False
buffered_out2_true1_ss_cold_0_3_edge50,recovery,DEC1,settled_max_v,0.0003248374755675629,,0.18000000000000002,PASS,False
buffered_out2_true1_ss_cold_0_3_edge50,recovery,DEC2,end_level_v,9.025880909473028e-08,-0.18000000000000002,0.18000000000000002,PASS,False
buffered_out2_true1_ss_cold_0_3_edge50,recovery,DEC2,settled_max_v,0.0007695268364936673,,0.18000000000000002,PASS,False
buffered_out2_true1_ss_cold_0_3_edge50,recovery,DEC3,end_level_v,1.8392512415635723e-07,-0.18000000000000002,0.18000000000000002,PASS,False
buffered_out2_true1_ss_cold_0_3_edge50,recovery,DEC3,settled_max_v,0.000794304235626592,,0.18000000000000002,PASS,False
buffered_out2_true1_ss_cold_0_3_edge50,recovery,WL0,end_level_v,3.239898585189815e-09,-0.18000000000000002,0.18000000000000002,PASS,False
buffered_out2_true1_ss_cold_0_3_edge50,recovery,WL0,settled_max_v,1.9525820342717955e-06,,0.18000000000000002,PASS,False
buffered_out2_true1_ss_cold_0_3_edge50,recovery,WL1,end_level_v,3.239898944922197e-09,-0.18000000000000002,0.18000000000000002,PASS,False
buffered_out2_true1_ss_cold_0_3_edge50,recovery,WL1,settled_max_v,1.963972532906183e-06,,0.18000000000000002,PASS,False
buffered_out2_true1_ss_cold_0_3_edge50,recovery,WL2,end_level_v,3.240448836253559e-09,-0.18000000000000002,0.18000000000000002,PASS,False
buffered_out2_true1_ss_cold_0_3_edge50,recovery,WL2,settled_max_v,1.904787347243286e-06,,0.18000000000000002,PASS,False
buffered_out2_true1_ss_cold_0_3_edge50,recovery,WL3,end_level_v,3.2410972552443675e-09,-0.18000000000000002,0.18000000000000002,PASS,False
buffered_out2_true1_ss_cold_0_3_edge50,recovery,WL3,settled_max_v,2.0666065861669995e-06,,0.18000000000000002,PASS,False
buffered_out2_true1_ss_cold_0_3_edge50,recovery,N0,end_level_v,1.8000000079899066,1.62,1.9800000000000002,PASS,False
buffered_out2_true1_ss_cold_0_3_edge50,recovery,N1,end_level_v,1.8000000082240406,1.62,1.9800000000000002,PASS,False
buffered_out2_true1_ss_cold_0_3_edge50,recovery,N2,end_level_v,1.7997574786300512,1.62,1.9800000000000002,PASS,False
buffered_out2_true1_ss_cold_0_3_edge50,recovery,N3,end_level_v,1.799456013986999,1.62,1.9800000000000002,PASS,False
buffered_out2_true1_ss_cold_0_3_edge50,final_precharge,DEC0,settled_max_v,1.6599112404629654e-09,,0.18000000000000002,PASS,False
buffered_out2_true1_ss_cold_0_3_edge50,final_precharge,DEC0,settled_min_v,1.205297893280385e-09,-0.18000000000000002,,PASS,False
buffered_out2_true1_ss_cold_0_3_edge50,final_precharge,DEC1,settled_max_v,1.6649895385180053e-09,,0.18000000000000002,PASS,False
buffered_out2_true1_ss_cold_0_3_edge50,final_precharge,DEC1,settled_min_v,1.2053081923701775e-09,-0.18000000000000002,,PASS,False
buffered_out2_true1_ss_cold_0_3_edge50,final_precharge,DEC2,settled_max_v,1.2637966260552615e-08,,0.18000000000000002,PASS,False
buffered_out2_true1_ss_cold_0_3_edge50,final_precharge,DEC2,settled_min_v,3.1611518680474425e-09,-0.18000000000000002,,PASS,False
buffered_out2_true1_ss_cold_0_3_edge50,final_precharge,DEC3,settled_max_v,9.480663150075774e-06,,0.18000000000000002,PASS,False
buffered_out2_true1_ss_cold_0_3_edge50,final_precharge,DEC3,settled_min_v,1.1618258937209949e-07,-0.18000000000000002,,PASS,False
buffered_out2_true1_ss_cold_0_3_edge50,final_precharge,WL0,settled_max_v,3.2399503045185012e-09,,0.18000000000000002,PASS,False
buffered_out2_true1_ss_cold_0_3_edge50,final_precharge,WL0,settled_min_v,3.2398983831389583e-09,-0.18000000000000002,,PASS,False
buffered_out2_true1_ss_cold_0_3_edge50,final_precharge,WL1,settled_max_v,3.23995179025167e-09,,0.18000000000000002,PASS,False
buffered_out2_true1_ss_cold_0_3_edge50,final_precharge,WL1,settled_min_v,3.2398982237535755e-09,-0.18000000000000002,,PASS,False
buffered_out2_true1_ss_cold_0_3_edge50,final_precharge,WL2,settled_max_v,3.244836737738439e-09,,0.18000000000000002,PASS,False
buffered_out2_true1_ss_cold_0_3_edge50,final_precharge,WL2,settled_min_v,3.2398990305190194e-09,-0.18000000000000002,,PASS,False
buffered_out2_true1_ss_cold_0_3_edge50,final_precharge,WL3,settled_max_v,1.320090318100418e-08,,0.18000000000000002,PASS,False
buffered_out2_true1_ss_cold_0_3_edge50,final_precharge,WL3,settled_min_v,3.2400370165529228e-09,-0.18000000000000002,,PASS,False
buffered_out2_true1_ss_cold_0_3_edge50,final_precharge,N0,end_level_v,1.799999978389247,1.62,1.9800000000000002,PASS,False
buffered_out2_true1_ss_cold_0_3_edge50,final_precharge,N1,end_level_v,1.7999999783602494,1.62,1.9800000000000002,PASS,False
buffered_out2_true1_ss_cold_0_3_edge50,final_precharge,N2,end_level_v,1.7999664625681222,1.62,1.9800000000000002,PASS,False
buffered_out2_true1_ss_cold_0_3_edge50,final_precharge,N3,end_level_v,1.7993297247741102,1.62,1.9800000000000002,PASS,False
buffered_out2_true1_ss_cold_3_0_edge25,prime,DEC0,upper_excursion_v,0.0025274246286644698,,1.9800000000000002,PASS,False
buffered_out2_true1_ss_cold_3_0_edge25,prime,DEC0,lower_excursion_v,-0.00010354790889209503,-0.18000000000000002,,PASS,False
buffered_out2_true1_ss_cold_3_0_edge25,prime,DEC0,end_level_v,1.0874277290844176e-09,-0.18000000000000002,0.18000000000000002,PASS,False
buffered_out2_true1_ss_cold_3_0_edge25,prime,DEC0,unselected_max_v,0.0025274246286644698,,0.18000000000000002,PASS,False
buffered_out2_true1_ss_cold_3_0_edge25,prime,DEC1,upper_excursion_v,0.002527413945475558,,1.9800000000000002,PASS,False
buffered_out2_true1_ss_cold_3_0_edge25,prime,DEC1,lower_excursion_v,-0.00010436447349337577,-0.18000000000000002,,PASS,False
buffered_out2_true1_ss_cold_3_0_edge25,prime,DEC1,end_level_v,1.0874356391363256e-09,-0.18000000000000002,0.18000000000000002,PASS,False
buffered_out2_true1_ss_cold_3_0_edge25,prime,DEC1,unselected_max_v,0.002527413945475558,,0.18000000000000002,PASS,False
buffered_out2_true1_ss_cold_3_0_edge25,prime,DEC2,upper_excursion_v,0.0025298944762513764,,1.9800000000000002,PASS,False
buffered_out2_true1_ss_cold_3_0_edge25,prime,DEC2,lower_excursion_v,-0.0003176691505359236,-0.18000000000000002,,PASS,False
buffered_out2_true1_ss_cold_3_0_edge25,prime,DEC2,end_level_v,-5.487908082205118e-07,-0.18000000000000002,0.18000000000000002,PASS,False
buffered_out2_true1_ss_cold_3_0_edge25,prime,DEC2,unselected_max_v,0.0025298944762513764,,0.18000000000000002,PASS,False
buffered_out2_true1_ss_cold_3_0_edge25,prime,DEC3,upper_excursion_v,1.8000093181965502,,1.9800000000000002,PASS,False
buffered_out2_true1_ss_cold_3_0_edge25,prime,DEC3,lower_excursion_v,-0.09683311316261783,-0.18000000000000002,,PASS,False
buffered_out2_true1_ss_cold_3_0_edge25,prime,DEC3,end_level_v,1.7999999961682822,1.62,1.9800000000000002,PASS,False
buffered_out2_true1_ss_cold_3_0_edge25,prime,DEC3,settled_min_v,1.7999996051156633,1.62,,PASS,False
buffered_out2_true1_ss_cold_3_0_edge25,prime,WL0,upper_excursion_v,5.902118046762623e-06,,1.9800000000000002,PASS,False
buffered_out2_true1_ss_cold_3_0_edge25,prime,WL0,lower_excursion_v,-6.53968748523108e-06,-0.18000000000000002,,PASS,False
buffered_out2_true1_ss_cold_3_0_edge25,prime,WL0,end_level_v,3.239898681215822e-09,-0.18000000000000002,0.18000000000000002,PASS,False
buffered_out2_true1_ss_cold_3_0_edge25,prime,WL0,unselected_max_v,5.902118046762623e-06,,0.18000000000000002,PASS,False
buffered_out2_true1_ss_cold_3_0_edge25,prime,WL1,upper_excursion_v,5.902097018384273e-06,,1.9800000000000002,PASS,False
buffered_out2_true1_ss_cold_3_0_edge25,prime,WL1,lower_excursion_v,-6.547978535168925e-06,-0.18000000000000002,,PASS,False
buffered_out2_true1_ss_cold_3_0_edge25,prime,WL1,end_level_v,3.2398984507327284e-09,-0.18000000000000002,0.18000000000000002,PASS,False
buffered_out2_true1_ss_cold_3_0_edge25,prime,WL1,unselected_max_v,5.902097018384273e-06,,0.18000000000000002,PASS,False
buffered_out2_true1_ss_cold_3_0_edge25,prime,WL2,upper_excursion_v,5.898273391919523e-06,,1.9800000000000002,PASS,False
buffered_out2_true1_ss_cold_3_0_edge25,prime,WL2,lower_excursion_v,-7.278210298502105e-06,-0.18000000000000002,,PASS,False
buffered_out2_true1_ss_cold_3_0_edge25,prime,WL2,end_level_v,3.239846600936661e-09,-0.18000000000000002,0.18000000000000002,PASS,False
buffered_out2_true1_ss_cold_3_0_edge25,prime,WL2,unselected_max_v,5.898273391919523e-06,,0.18000000000000002,PASS,False
buffered_out2_true1_ss_cold_3_0_edge25,prime,WL3,upper_excursion_v,1.7999999898436985,,1.9800000000000002,PASS,False
buffered_out2_true1_ss_cold_3_0_edge25,prime,WL3,lower_excursion_v,-0.037605050604374295,-0.18000000000000002,,PASS,False
buffered_out2_true1_ss_cold_3_0_edge25,prime,WL3,end_level_v,1.7999999898436985,1.62,1.9800000000000002,PASS,False
buffered_out2_true1_ss_cold_3_0_edge25,prime,WL3,settled_min_v,1.7971825076205352,1.62,,PASS,False
buffered_out2_true1_ss_cold_3_0_edge25,test,DEC0,upper_excursion_v,1.7999999962205375,,1.9800000000000002,PASS,False
buffered_out2_true1_ss_cold_3_0_edge25,test,DEC0,lower_excursion_v,-0.08824142035006538,-0.18000000000000002,,PASS,False
buffered_out2_true1_ss_cold_3_0_edge25,test,DEC0,end_level_v,1.799999996176702,1.62,1.9800000000000002,PASS,False
buffered_out2_true1_ss_cold_3_0_edge25,test,DEC0,settled_min_v,1.7999995863070484,1.62,,PASS,False
buffered_out2_true1_ss_cold_3_0_edge25,test,DEC1,upper_excursion_v,0.0025320863110677235,,1.9800000000000002,PASS,False
buffered_out2_true1_ss_cold_3_0_edge25,test,DEC1,lower_excursion_v,-0.0002912470981110034,-0.18000000000000002,,PASS,False
buffered_out2_true1_ss_cold_3_0_edge25,test,DEC1,end_level_v,-8.007479840796425e-07,-0.18000000000000002,0.18000000000000002,PASS,False
buffered_out2_true1_ss_cold_3_0_edge25,test,DEC1,unselected_max_v,0.0025320863110677235,,0.18000000000000002,PASS,False
buffered_out2_true1_ss_cold_3_0_edge25,test,DEC2,upper_excursion_v,0.002522542959121647,,1.9800000000000002,PASS,False
buffered_out2_true1_ss_cold_3_0_edge25,test,DEC2,lower_excursion_v,-6.032306417050806e-05,-0.18000000000000002,,PASS,False
buffered_out2_true1_ss_cold_3_0_edge25,test,DEC2,end_level_v,1.0874518705100719e-09,-0.18000000000000002,0.18000000000000002,PASS,False
buffered_out2_true1_ss_cold_3_0_edge25,test,DEC2,unselected_max_v,0.002522542959121647,,0.18000000000000002,PASS,False
buffered_out2_true1_ss_cold_3_0_edge25,test,DEC3,upper_excursion_v,0.002522533559551222,,1.9800000000000002,PASS,False
buffered_out2_true1_ss_cold_3_0_edge25,test,DEC3,lower_excursion_v,-5.8870466260786474e-05,-0.18000000000000002,,PASS,False
buffered_out2_true1_ss_cold_3_0_edge25,test,DEC3,end_level_v,1.0874471208634248e-09,-0.18000000000000002,0.18000000000000002,PASS,False
buffered_out2_true1_ss_cold_3_0_edge25,test,DEC3,unselected_max_v,0.002522533559551222,,0.18000000000000002,PASS,False
buffered_out2_true1_ss_cold_3_0_edge25,test,WL0,upper_excursion_v,1.7999999898437107,,1.9800000000000002,PASS,False
buffered_out2_true1_ss_cold_3_0_edge25,test,WL0,lower_excursion_v,-0.03757933019853017,-0.18000000000000002,,PASS,False
buffered_out2_true1_ss_cold_3_0_edge25,test,WL0,end_level_v,1.79999998984371,1.62,1.9800000000000002,PASS,False
buffered_out2_true1_ss_cold_3_0_edge25,test,WL0,settled_min_v,1.7970788438577268,1.62,,PASS,False
buffered_out2_true1_ss_cold_3_0_edge25,test,WL1,upper_excursion_v,5.913390239475197e-06,,1.9800000000000002,PASS,False
buffered_out2_true1_ss_cold_3_0_edge25,test,WL1,lower_excursion_v,-7.151782954460844e-06,-0.18000000000000002,,PASS,False
buffered_out2_true1_ss_cold_3_0_edge25,test,WL1,end_level_v,3.239743326009975e-09,-0.18000000000000002,0.18000000000000002,PASS,False
buffered_out2_true1_ss_cold_3_0_edge25,test,WL1,unselected_max_v,5.913390239475197e-06,,0.18000000000000002,PASS,False
buffered_out2_true1_ss_cold_3_0_edge25,test,WL2,upper_excursion_v,5.886564375028819e-06,,1.9800000000000002,PASS,False
buffered_out2_true1_ss_cold_3_0_edge25,test,WL2,lower_excursion_v,-6.499147708173823e-06,-0.18000000000000002,,PASS,False
buffered_out2_true1_ss_cold_3_0_edge25,test,WL2,end_level_v,3.2398989795188828e-09,-0.18000000000000002,0.18000000000000002,PASS,False
buffered_out2_true1_ss_cold_3_0_edge25,test,WL2,unselected_max_v,5.886564375028819e-06,,0.18000000000000002,PASS,False
buffered_out2_true1_ss_cold_3_0_edge25,test,WL3,upper_excursion_v,5.886525996125041e-06,,1.9800000000000002,PASS,False
buffered_out2_true1_ss_cold_3_0_edge25,test,WL3,lower_excursion_v,-6.490207184740937e-06,-0.18000000000000002,,PASS,False
buffered_out2_true1_ss_cold_3_0_edge25,test,WL3,end_level_v,3.239898750472538e-09,-0.18000000000000002,0.18000000000000002,PASS,False
buffered_out2_true1_ss_cold_3_0_edge25,test,WL3,unselected_max_v,5.886525996125041e-06,,0.18000000000000002,PASS,False
buffered_out2_true1_ss_cold_3_0_edge25,recovery,DEC0,end_level_v,2.0833944449409694e-07,-0.18000000000000002,0.18000000000000002,PASS,False
buffered_out2_true1_ss_cold_3_0_edge25,recovery,DEC0,settled_max_v,0.00032925388607831716,,0.18000000000000002,PASS,False
buffered_out2_true1_ss_cold_3_0_edge25,recovery,DEC1,end_level_v,1.0927646883207576e-07,-0.18000000000000002,0.18000000000000002,PASS,False
buffered_out2_true1_ss_cold_3_0_edge25,recovery,DEC1,settled_max_v,0.00032902653688130293,,0.18000000000000002,PASS,False
buffered_out2_true1_ss_cold_3_0_edge25,recovery,DEC2,end_level_v,1.1989071914533713e-09,-0.18000000000000002,0.18000000000000002,PASS,False
buffered_out2_true1_ss_cold_3_0_edge25,recovery,DEC2,settled_max_v,0.0004596744469814934,,0.18000000000000002,PASS,False
buffered_out2_true1_ss_cold_3_0_edge25,recovery,DEC3,end_level_v,1.1990425540767522e-09,-0.18000000000000002,0.18000000000000002,PASS,False
buffered_out2_true1_ss_cold_3_0_edge25,recovery,DEC3,settled_max_v,0.00046927184155169584,,0.18000000000000002,PASS,False
buffered_out2_true1_ss_cold_3_0_edge25,recovery,WL0,end_level_v,3.241548698517289e-09,-0.18000000000000002,0.18000000000000002,PASS,False
buffered_out2_true1_ss_cold_3_0_edge25,recovery,WL0,settled_max_v,1.5064926007044931e-06,,0.18000000000000002,PASS,False
buffered_out2_true1_ss_cold_3_0_edge25,recovery,WL1,end_level_v,3.240718732708205e-09,-0.18000000000000002,0.18000000000000002,PASS,False
buffered_out2_true1_ss_cold_3_0_edge25,recovery,WL1,settled_max_v,1.5056496365734088e-06,,0.18000000000000002,PASS,False
buffered_out2_true1_ss_cold_3_0_edge25,recovery,WL2,end_level_v,3.239899107390071e-09,-0.18000000000000002,0.18000000000000002,PASS,False
buffered_out2_true1_ss_cold_3_0_edge25,recovery,WL2,settled_max_v,3.6336745784095166e-06,,0.18000000000000002,PASS,False
buffered_out2_true1_ss_cold_3_0_edge25,recovery,WL3,end_level_v,3.239898820780827e-09,-0.18000000000000002,0.18000000000000002,PASS,False
buffered_out2_true1_ss_cold_3_0_edge25,recovery,WL3,settled_max_v,3.6147921465285534e-06,,0.18000000000000002,PASS,False
buffered_out2_true1_ss_cold_3_0_edge25,recovery,N0,end_level_v,1.7994293392233618,1.62,1.9800000000000002,PASS,False
buffered_out2_true1_ss_cold_3_0_edge25,recovery,N1,end_level_v,1.7997320894641802,1.62,1.9800000000000002,PASS,False
buffered_out2_true1_ss_cold_3_0_edge25,recovery,N2,end_level_v,1.7999999909160465,1.62,1.9800000000000002,PASS,False
buffered_out2_true1_ss_cold_3_0_edge25,recovery,N3,end_level_v,1.7999999906720432,1.62,1.9800000000000002,PASS,False
buffered_out2_true1_ss_cold_3_0_edge25,final_precharge,DEC0,settled_max_v,8.254480067937728e-06,,0.18000000000000002,PASS,False
buffered_out2_true1_ss_cold_3_0_edge25,final_precharge,DEC0,settled_min_v,1.1278425024606693e-07,-0.18000000000000002,,PASS,False
buffered_out2_true1_ss_cold_3_0_edge25,final_precharge,DEC1,settled_max_v,3.696767507022581e-08,,0.18000000000000002,PASS,False
buffered_out2_true1_ss_cold_3_0_edge25,final_precharge,DEC1,settled_min_v,3.077789953453982e-09,-0.18000000000000002,,PASS,False
buffered_out2_true1_ss_cold_3_0_edge25,final_precharge,DEC2,settled_max_v,1.239388164124525e-09,,0.18000000000000002,PASS,False
buffered_out2_true1_ss_cold_3_0_edge25,final_precharge,DEC2,settled_min_v,1.15678478534624e-09,-0.18000000000000002,,PASS,False
buffered_out2_true1_ss_cold_3_0_edge25,final_precharge,DEC3,settled_max_v,1.237757981106662e-09,,0.18000000000000002,PASS,False
buffered_out2_true1_ss_cold_3_0_edge25,final_precharge,DEC3,settled_min_v,1.1529674028027348e-09,-0.18000000000000002,,PASS,False
buffered_out2_true1_ss_cold_3_0_edge25,final_precharge,WL0,settled_max_v,1.2200795061604348e-08,,0.18000000000000002,PASS,False
buffered_out2_true1_ss_cold_3_0_edge25,final_precharge,WL0,settled_min_v,3.240030093493109e-09,-0.18000000000000002,,PASS,False
buffered_out2_true1_ss_cold_3_0_edge25,final_precharge,WL1,settled_max_v,3.2628768531037004e-09,,0.18000000000000002,PASS,False
buffered_out2_true1_ss_cold_3_0_edge25,final_precharge,WL1,settled_min_v,3.2398989689776984e-09,-0.18000000000000002,,PASS,False
buffered_out2_true1_ss_cold_3_0_edge25,final_precharge,WL2,settled_max_v,3.2398996271207577e-09,,0.18000000000000002,PASS,False
buffered_out2_true1_ss_cold_3_0_edge25,final_precharge,WL2,settled_min_v,3.239808904862331e-09,-0.18000000000000002,,PASS,False
buffered_out2_true1_ss_cold_3_0_edge25,final_precharge,WL3,settled_max_v,3.2398997028930806e-09,,0.18000000000000002,PASS,False
buffered_out2_true1_ss_cold_3_0_edge25,final_precharge,WL3,settled_min_v,3.2398082670106215e-09,-0.18000000000000002,,PASS,False
buffered_out2_true1_ss_cold_3_0_edge25,final_precharge,N0,end_level_v,1.7993410503895055,1.62,1.9800000000000002,PASS,False
buffered_out2_true1_ss_cold_3_0_edge25,final_precharge,N1,end_level_v,1.7999672868224033,1.62,1.9800000000000002,PASS,False
buffered_out2_true1_ss_cold_3_0_edge25,final_precharge,N2,end_level_v,1.7999999805142384,1.62,1.9800000000000002,PASS,False
buffered_out2_true1_ss_cold_3_0_edge25,final_precharge,N3,end_level_v,1.799999980542322,1.62,1.9800000000000002,PASS,False
buffered_out2_true1_ss_cold_3_0_edge50,prime,DEC0,upper_excursion_v,0.0011563666240521542,,1.9800000000000002,PASS,False
buffered_out2_true1_ss_cold_3_0_edge50,prime,DEC0,lower_excursion_v,-4.493419907564209e-06,-0.18000000000000002,,PASS,False
buffered_out2_true1_ss_cold_3_0_edge50,prime,DEC0,end_level_v,1.0825662506229207e-09,-0.18000000000000002,0.18000000000000002,PASS,False
buffered_out2_true1_ss_cold_3_0_edge50,prime,DEC0,unselected_max_v,0.0011563666240521542,,0.18000000000000002,PASS,False
buffered_out2_true1_ss_cold_3_0_edge50,prime,DEC1,upper_excursion_v,0.0011563586910794954,,1.9800000000000002,PASS,False
buffered_out2_true1_ss_cold_3_0_edge50,prime,DEC1,lower_excursion_v,-4.511626490276311e-06,-0.18000000000000002,,PASS,False
buffered_out2_true1_ss_cold_3_0_edge50,prime,DEC1,end_level_v,1.0825739633665721e-09,-0.18000000000000002,0.18000000000000002,PASS,False
buffered_out2_true1_ss_cold_3_0_edge50,prime,DEC1,unselected_max_v,0.0011563586910794954,,0.18000000000000002,PASS,False
buffered_out2_true1_ss_cold_3_0_edge50,prime,DEC2,upper_excursion_v,0.0011557614659482999,,1.9800000000000002,PASS,False
buffered_out2_true1_ss_cold_3_0_edge50,prime,DEC2,lower_excursion_v,-9.872347414852448e-05,-0.18000000000000002,,PASS,False
buffered_out2_true1_ss_cold_3_0_edge50,prime,DEC2,end_level_v,-5.493559432252771e-07,-0.18000000000000002,0.18000000000000002,PASS,False
buffered_out2_true1_ss_cold_3_0_edge50,prime,DEC2,unselected_max_v,0.0011557614659482999,,0.18000000000000002,PASS,False
buffered_out2_true1_ss_cold_3_0_edge50,prime,DEC3,upper_excursion_v,1.8000093170945008,,1.9800000000000002,PASS,False
buffered_out2_true1_ss_cold_3_0_edge50,prime,DEC3,lower_excursion_v,-0.09691807930383965,-0.18000000000000002,,PASS,False
buffered_out2_true1_ss_cold_3_0_edge50,prime,DEC3,end_level_v,1.7999999961682722,1.62,1.9800000000000002,PASS,False
buffered_out2_true1_ss_cold_3_0_edge50,prime,DEC3,settled_min_v,1.7999995858183286,1.62,,PASS,False
buffered_out2_true1_ss_cold_3_0_edge50,prime,WL0,upper_excursion_v,3.466491028698954e-07,,1.9800000000000002,PASS,False
buffered_out2_true1_ss_cold_3_0_edge50,prime,WL0,lower_excursion_v,-3.6023129478827153e-06,-0.18000000000000002,,PASS,False
buffered_out2_true1_ss_cold_3_0_edge50,prime,WL0,end_level_v,3.2398985771217327e-09,-0.18000000000000002,0.18000000000000002,PASS,False
buffered_out2_true1_ss_cold_3_0_edge50,prime,WL0,unselected_max_v,3.466491028698954e-07,,0.18000000000000002,PASS,False
buffered_out2_true1_ss_cold_3_0_edge50,prime,WL1,upper_excursion_v,3.4665319940879484e-07,,1.9800000000000002,PASS,False
buffered_out2_true1_ss_cold_3_0_edge50,prime,WL1,lower_excursion_v,-3.6032721654020607e-06,-0.18000000000000002,,PASS,False
buffered_out2_true1_ss_cold_3_0_edge50,prime,WL1,end_level_v,3.2398989696101673e-09,-0.18000000000000002,0.18000000000000002,PASS,False
buffered_out2_true1_ss_cold_3_0_edge50,prime,WL1,unselected_max_v,3.4665319940879484e-07,,0.18000000000000002,PASS,False
buffered_out2_true1_ss_cold_3_0_edge50,prime,WL2,upper_excursion_v,4.710070110740884e-07,,1.9800000000000002,PASS,False
buffered_out2_true1_ss_cold_3_0_edge50,prime,WL2,lower_excursion_v,-3.6182119044101727e-06,-0.18000000000000002,,PASS,False
buffered_out2_true1_ss_cold_3_0_edge50,prime,WL2,end_level_v,3.2398463659961103e-09,-0.18000000000000002,0.18000000000000002,PASS,False
buffered_out2_true1_ss_cold_3_0_edge50,prime,WL2,unselected_max_v,4.710070110740884e-07,,0.18000000000000002,PASS,False
buffered_out2_true1_ss_cold_3_0_edge50,prime,WL3,upper_excursion_v,1.7999999898436985,,1.9800000000000002,PASS,False
buffered_out2_true1_ss_cold_3_0_edge50,prime,WL3,lower_excursion_v,-0.03756353583267154,-0.18000000000000002,,PASS,False
buffered_out2_true1_ss_cold_3_0_edge50,prime,WL3,end_level_v,1.7999999898436982,1.62,1.9800000000000002,PASS,False
buffered_out2_true1_ss_cold_3_0_edge50,prime,WL3,settled_min_v,1.7970423288700428,1.62,,PASS,False
buffered_out2_true1_ss_cold_3_0_edge50,test,DEC0,upper_excursion_v,1.7999999962197264,,1.9800000000000002,PASS,False
buffered_out2_true1_ss_cold_3_0_edge50,test,DEC0,lower_excursion_v,-0.08842353170206398,-0.18000000000000002,,PASS,False
buffered_out2_true1_ss_cold_3_0_edge50,test,DEC0,end_level_v,1.7999999961767148,1.62,1.9800000000000002,PASS,False
buffered_out2_true1_ss_cold_3_0_edge50,test,DEC0,settled_min_v,1.7999995651329717,1.62,,PASS,False
buffered_out2_true1_ss_cold_3_0_edge50,test,DEC1,upper_excursion_v,0.001157134610187337,,1.9800000000000002,PASS,False
buffered_out2_true1_ss_cold_3_0_edge50,test,DEC1,lower_excursion_v,-0.00012630296600866717,-0.18000000000000002,,PASS,False
buffered_out2_true1_ss_cold_3_0_edge50,test,DEC1,end_level_v,-8.019630062493237e-07,-0.18000000000000002,0.18000000000000002,PASS,False
buffered_out2_true1_ss_cold_3_0_edge50,test,DEC1,unselected_max_v,0.001157134610187337,,0.18000000000000002,PASS,False
buffered_out2_true1_ss_cold_3_0_edge50,test,DEC2,upper_excursion_v,0.001155393288969261,,1.9800000000000002,PASS,False
buffered_out2_true1_ss_cold_3_0_edge50,test,DEC2,lower_excursion_v,-3.074409578250335e-06,-0.18000000000000002,,PASS,False
buffered_out2_true1_ss_cold_3_0_edge50,test,DEC2,end_level_v,1.082598357926071e-09,-0.18000000000000002,0.18000000000000002,PASS,False
buffered_out2_true1_ss_cold_3_0_edge50,test,DEC2,unselected_max_v,0.001155393288969261,,0.18000000000000002,PASS,False
buffered_out2_true1_ss_cold_3_0_edge50,test,DEC3,upper_excursion_v,0.0011553926435835778,,1.9800000000000002,PASS,False
buffered_out2_true1_ss_cold_3_0_edge50,test,DEC3,lower_excursion_v,-3.05980688767791e-06,-0.18000000000000002,,PASS,False
buffered_out2_true1_ss_cold_3_0_edge50,test,DEC3,end_level_v,1.082593724606688e-09,-0.18000000000000002,0.18000000000000002,PASS,False
buffered_out2_true1_ss_cold_3_0_edge50,test,DEC3,unselected_max_v,0.0011553926435835778,,0.18000000000000002,PASS,False
buffered_out2_true1_ss_cold_3_0_edge50,test,WL0,upper_excursion_v,1.7999999898437267,,1.9800000000000002,PASS,False
buffered_out2_true1_ss_cold_3_0_edge50,test,WL0,lower_excursion_v,-0.037579627902345224,-0.18000000000000002,,PASS,False
buffered_out2_true1_ss_cold_3_0_edge50,test,WL0,end_level_v,1.7999999898437262,1.62,1.9800000000000002,PASS,False
buffered_out2_true1_ss_cold_3_0_edge50,test,WL0,settled_min_v,1.7969275138092604,1.62,,PASS,False
buffered_out2_true1_ss_cold_3_0_edge50,test,WL1,upper_excursion_v,4.1776709277538693e-07,,1.9800000000000002,PASS,False
buffered_out2_true1_ss_cold_3_0_edge50,test,WL1,lower_excursion_v,-3.609480128088584e-06,-0.18000000000000002,,PASS,False
buffered_out2_true1_ss_cold_3_0_edge50,test,WL1,end_level_v,3.239742964697497e-09,-0.18000000000000002,0.18000000000000002,PASS,False
buffered_out2_true1_ss_cold_3_0_edge50,test,WL1,unselected_max_v,4.1776709277538693e-07,,0.18000000000000002,PASS,False
buffered_out2_true1_ss_cold_3_0_edge50,test,WL2,upper_excursion_v,3.532801735329927e-07,,1.9800000000000002,PASS,False
buffered_out2_true1_ss_cold_3_0_edge50,test,WL2,lower_excursion_v,-3.6012478816146226e-06,-0.18000000000000002,,PASS,False
buffered_out2_true1_ss_cold_3_0_edge50,test,WL2,end_level_v,3.239899049143488e-09,-0.18000000000000002,0.18000000000000002,PASS,False
buffered_out2_true1_ss_cold_3_0_edge50,test,WL2,unselected_max_v,3.532801735329927e-07,,0.18000000000000002,PASS,False
buffered_out2_true1_ss_cold_3_0_edge50,test,WL3,upper_excursion_v,3.534632999887729e-07,,1.9800000000000002,PASS,False
buffered_out2_true1_ss_cold_3_0_edge50,test,WL3,lower_excursion_v,-3.6001797681855626e-06,-0.18000000000000002,,PASS,False
buffered_out2_true1_ss_cold_3_0_edge50,test,WL3,end_level_v,3.239898778723413e-09,-0.18000000000000002,0.18000000000000002,PASS,False
buffered_out2_true1_ss_cold_3_0_edge50,test,WL3,unselected_max_v,3.534632999887729e-07,,0.18000000000000002,PASS,False
buffered_out2_true1_ss_cold_3_0_edge50,recovery,DEC0,end_level_v,2.099865900950095e-07,-0.18000000000000002,0.18000000000000002,PASS,False
buffered_out2_true1_ss_cold_3_0_edge50,recovery,DEC0,settled_max_v,0.00030246780899026817,,0.18000000000000002,PASS,False
buffered_out2_true1_ss_cold_3_0_edge50,recovery,DEC1,end_level_v,1.1012184285636236e-07,-0.18000000000000002,0.18000000000000002,PASS,False
buffered_out2_true1_ss_cold_3_0_edge50,recovery,DEC1,settled_max_v,0.0003021725279045303,,0.18000000000000002,PASS,False
buffered_out2_true1_ss_cold_3_0_edge50,recovery,DEC2,end_level_v,1.1988474837174839e-09,-0.18000000000000002,0.18000000000000002,PASS,False
buffered_out2_true1_ss_cold_3_0_edge50,recovery,DEC2,settled_max_v,0.00045969107463784866,,0.18000000000000002,PASS,False
buffered_out2_true1_ss_cold_3_0_edge50,recovery,DEC3,end_level_v,1.1989827083450728e-09,-0.18000000000000002,0.18000000000000002,PASS,False
buffered_out2_true1_ss_cold_3_0_edge50,recovery,DEC3,settled_max_v,0.000469271722599686,,0.18000000000000002,PASS,False
buffered_out2_true1_ss_cold_3_0_edge50,recovery,WL0,end_level_v,3.2415774137702927e-09,-0.18000000000000002,0.18000000000000002,PASS,False
buffered_out2_true1_ss_cold_3_0_edge50,recovery,WL0,settled_max_v,8.892533610300807e-07,,0.18000000000000002,PASS,False
buffered_out2_true1_ss_cold_3_0_edge50,recovery,WL1,end_level_v,3.2407316842895464e-09,-0.18000000000000002,0.18000000000000002,PASS,False
buffered_out2_true1_ss_cold_3_0_edge50,recovery,WL1,settled_max_v,8.88391720371905e-07,,0.18000000000000002,PASS,False
buffered_out2_true1_ss_cold_3_0_edge50,recovery,WL2,end_level_v,3.2398990603674505e-09,-0.18000000000000002,0.18000000000000002,PASS,False
buffered_out2_true1_ss_cold_3_0_edge50,recovery,WL2,settled_max_v,3.6321962732357497e-06,,0.18000000000000002,PASS,False
buffered_out2_true1_ss_cold_3_0_edge50,recovery,WL3,end_level_v,3.2398986810742986e-09,-0.18000000000000002,0.18000000000000002,PASS,False
buffered_out2_true1_ss_cold_3_0_edge50,recovery,WL3,settled_max_v,3.613784864449311e-06,,0.18000000000000002,PASS,False
buffered_out2_true1_ss_cold_3_0_edge50,recovery,N0,end_level_v,1.7994270972956457,1.62,1.9800000000000002,PASS,False
buffered_out2_true1_ss_cold_3_0_edge50,recovery,N1,end_level_v,1.7997309956625998,1.62,1.9800000000000002,PASS,False
buffered_out2_true1_ss_cold_3_0_edge50,recovery,N2,end_level_v,1.799999990979157,1.62,1.9800000000000002,PASS,False
buffered_out2_true1_ss_cold_3_0_edge50,recovery,N3,end_level_v,1.7999999907335762,1.62,1.9800000000000002,PASS,False
buffered_out2_true1_ss_cold_3_0_edge50,final_precharge,DEC0,settled_max_v,8.420027212113426e-06,,0.18000000000000002,PASS,False
buffered_out2_true1_ss_cold_3_0_edge50,final_precharge,DEC0,settled_min_v,1.1304302762656935e-07,-0.18000000000000002,,PASS,False
buffered_out2_true1_ss_cold_3_0_edge50,final_precharge,DEC1,settled_max_v,3.857421389646539e-08,,0.18000000000000002,PASS,False
buffered_out2_true1_ss_cold_3_0_edge50,final_precharge,DEC1,settled_min_v,3.081319376735394e-09,-0.18000000000000002,,PASS,False
buffered_out2_true1_ss_cold_3_0_edge50,final_precharge,DEC2,settled_max_v,1.2394571589364868e-09,,0.18000000000000002,PASS,False
buffered_out2_true1_ss_cold_3_0_edge50,final_precharge,DEC2,settled_min_v,1.1523385570926034e-09,-0.18000000000000002,,PASS,False
buffered_out2_true1_ss_cold_3_0_edge50,final_precharge,DEC3,settled_max_v,1.2378234878606109e-09,,0.18000000000000002,PASS,False
buffered_out2_true1_ss_cold_3_0_edge50,final_precharge,DEC3,settled_min_v,1.148421371565987e-09,-0.18000000000000002,,PASS,False
buffered_out2_true1_ss_cold_3_0_edge50,final_precharge,WL0,settled_max_v,1.3513531880085894e-08,,0.18000000000000002,PASS,False
buffered_out2_true1_ss_cold_3_0_edge50,final_precharge,WL0,settled_min_v,3.2400303965374176e-09,-0.18000000000000002,,PASS,False
buffered_out2_true1_ss_cold_3_0_edge50,final_precharge,WL1,settled_max_v,3.2640452740054674e-09,,0.18000000000000002,PASS,False
buffered_out2_true1_ss_cold_3_0_edge50,final_precharge,WL1,settled_min_v,3.23989890988841e-09,-0.18000000000000002,,PASS,False
buffered_out2_true1_ss_cold_3_0_edge50,final_precharge,WL2,settled_max_v,3.239899705690412e-09,,0.18000000000000002,PASS,False
buffered_out2_true1_ss_cold_3_0_edge50,final_precharge,WL2,settled_min_v,3.239816220654892e-09,-0.18000000000000002,,PASS,False
buffered_out2_true1_ss_cold_3_0_edge50,final_precharge,WL3,settled_max_v,3.239899725707041e-09,,0.18000000000000002,PASS,False
buffered_out2_true1_ss_cold_3_0_edge50,final_precharge,WL3,settled_min_v,3.239815243802813e-09,-0.18000000000000002,,PASS,False
buffered_out2_true1_ss_cold_3_0_edge50,final_precharge,N0,end_level_v,1.7993402320081313,1.62,1.9800000000000002,PASS,False
buffered_out2_true1_ss_cold_3_0_edge50,final_precharge,N1,end_level_v,1.799967255459097,1.62,1.9800000000000002,PASS,False
buffered_out2_true1_ss_cold_3_0_edge50,final_precharge,N2,end_level_v,1.7999999805119822,1.62,1.9800000000000002,PASS,False
buffered_out2_true1_ss_cold_3_0_edge50,final_precharge,N3,end_level_v,1.7999999805401272,1.62,1.9800000000000002,PASS,False
buffered_out2_true1_fast_0_3_edge25,prime,DEC0,upper_excursion_v,1.7999991038192293,,1.9800000000000002,PASS,False
buffered_out2_true1_fast_0_3_edge25,prime,DEC0,lower_excursion_v,-0.029115594466324675,-0.18000000000000002,,PASS,False
buffered_out2_true1_fast_0_3_edge25,prime,DEC0,end_level_v,1.79999910380748,1.62,1.9800000000000002,PASS,False
buffered_out2_true1_fast_0_3_edge25,prime,DEC0,settled_min_v,1.799999073246922,1.62,,PASS,False
buffered_out2_true1_fast_0_3_edge25,prime,DEC1,upper_excursion_v,0.0036706131825975357,,1.9800000000000002,PASS,False
buffered_out2_true1_fast_0_3_edge25,prime,DEC1,lower_excursion_v,-0.0002604023942919115,-0.18000000000000002,,PASS,False
buffered_out2_true1_fast_0_3_edge25,prime,DEC1,end_level_v,6.605691900439525e-05,-0.18000000000000002,0.18000000000000002,PASS,False
buffered_out2_true1_fast_0_3_edge25,prime,DEC1,unselected_max_v,0.0036706131825975357,,0.18000000000000002,PASS,False
buffered_out2_true1_fast_0_3_edge25,prime,DEC2,upper_excursion_v,0.0036549499960805837,,1.9800000000000002,PASS,False
buffered_out2_true1_fast_0_3_edge25,prime,DEC2,lower_excursion_v,5.102199943235408e-05,-0.18000000000000002,,PASS,False
buffered_out2_true1_fast_0_3_edge25,prime,DEC2,end_level_v,6.127287360991815e-05,-0.18000000000000002,0.18000000000000002,PASS,False
buffered_out2_true1_fast_0_3_edge25,prime,DEC2,unselected_max_v,0.0036549499960805837,,0.18000000000000002,PASS,False
buffered_out2_true1_fast_0_3_edge25,prime,DEC3,upper_excursion_v,0.003655658782056289,,1.9800000000000002,PASS,False
buffered_out2_true1_fast_0_3_edge25,prime,DEC3,lower_excursion_v,5.006532592655719e-05,-0.18000000000000002,,PASS,False
buffered_out2_true1_fast_0_3_edge25,prime,DEC3,end_level_v,6.159803169119295e-05,-0.18000000000000002,0.18000000000000002,PASS,False
buffered_out2_true1_fast_0_3_edge25,prime,DEC3,unselected_max_v,0.003655658782056289,,0.18000000000000002,PASS,False
buffered_out2_true1_fast_0_3_edge25,prime,WL0,upper_excursion_v,1.7999993201190922,,1.9800000000000002,PASS,False
buffered_out2_true1_fast_0_3_edge25,prime,WL0,lower_excursion_v,-0.025658354486589124,-0.18000000000000002,,PASS,False
buffered_out2_true1_fast_0_3_edge25,prime,WL0,end_level_v,1.7999993201190922,1.62,1.9800000000000002,PASS,False
buffered_out2_true1_fast_0_3_edge25,prime,WL0,settled_min_v,1.7998576587933288,1.62,,PASS,False
buffered_out2_true1_fast_0_3_edge25,prime,WL1,upper_excursion_v,0.00015428891568465422,,1.9800000000000002,PASS,False
buffered_out2_true1_fast_0_3_edge25,prime,WL1,lower_excursion_v,0.00012797047394220312,-0.18000000000000002,,PASS,False
buffered_out2_true1_fast_0_3_edge25,prime,WL1,end_level_v,0.000144687054438582,-0.18000000000000002,0.18000000000000002,PASS,False
buffered_out2_true1_fast_0_3_edge25,prime,WL1,unselected_max_v,0.00015428891568465422,,0.18000000000000002,PASS,False
buffered_out2_true1_fast_0_3_edge25,prime,WL2,upper_excursion_v,0.00015423504896396433,,1.9800000000000002,PASS,False
buffered_out2_true1_fast_0_3_edge25,prime,WL2,lower_excursion_v,0.0001294352374025924,-0.18000000000000002,,PASS,False
buffered_out2_true1_fast_0_3_edge25,prime,WL2,end_level_v,0.00014468706062113965,-0.18000000000000002,0.18000000000000002,PASS,False
buffered_out2_true1_fast_0_3_edge25,prime,WL2,unselected_max_v,0.00015423504896396433,,0.18000000000000002,PASS,False
buffered_out2_true1_fast_0_3_edge25,prime,WL3,upper_excursion_v,0.0001542371531259501,,1.9800000000000002,PASS,False
buffered_out2_true1_fast_0_3_edge25,prime,WL3,lower_excursion_v,0.0001293859801180263,-0.18000000000000002,,PASS,False
buffered_out2_true1_fast_0_3_edge25,prime,WL3,end_level_v,0.00014468706066692171,-0.18000000000000002,0.18000000000000002,PASS,False
buffered_out2_true1_fast_0_3_edge25,prime,WL3,unselected_max_v,0.0001542371531259501,,0.18000000000000002,PASS,False
buffered_out2_true1_fast_0_3_edge25,test,DEC0,upper_excursion_v,0.0036606058410258813,,1.9800000000000002,PASS,False
buffered_out2_true1_fast_0_3_edge25,test,DEC0,lower_excursion_v,-5.812473766022619e-05,-0.18000000000000002,,PASS,False
buffered_out2_true1_fast_0_3_edge25,test,DEC0,end_level_v,6.15235621419868e-05,-0.18000000000000002,0.18000000000000002,PASS,False
buffered_out2_true1_fast_0_3_edge25,test,DEC0,unselected_max_v,0.0036606058410258813,,0.18000000000000002,PASS,False
buffered_out2_true1_fast_0_3_edge25,test,DEC1,upper_excursion_v,0.003660562889042125,,1.9800000000000002,PASS,False
buffered_out2_true1_fast_0_3_edge25,test,DEC1,lower_excursion_v,-5.521042782982743e-05,-0.18000000000000002,,PASS,False
buffered_out2_true1_fast_0_3_edge25,test,DEC1,end_level_v,6.127701262706755e-05,-0.18000000000000002,0.18000000000000002,PASS,False
buffered_out2_true1_fast_0_3_edge25,test,DEC1,unselected_max_v,0.003660562889042125,,0.18000000000000002,PASS,False
buffered_out2_true1_fast_0_3_edge25,test,DEC2,upper_excursion_v,0.003661411069889256,,1.9800000000000002,PASS,False
buffered_out2_true1_fast_0_3_edge25,test,DEC2,lower_excursion_v,-0.0003540981267181123,-0.18000000000000002,,PASS,False
buffered_out2_true1_fast_0_3_edge25,test,DEC2,end_level_v,6.971579985489555e-05,-0.18000000000000002,0.18000000000000002,PASS,False
buffered_out2_true1_fast_0_3_edge25,test,DEC2,unselected_max_v,0.003661411069889256,,0.18000000000000002,PASS,False
buffered_out2_true1_fast_0_3_edge25,test,DEC3,upper_excursion_v,1.799999103829923,,1.9800000000000002,PASS,False
buffered_out2_true1_fast_0_3_edge25,test,DEC3,lower_excursion_v,-0.03103379306144769,-0.18000000000000002,,PASS,False
buffered_out2_true1_fast_0_3_edge25,test,DEC3,end_level_v,1.7999991038065701,1.62,1.9800000000000002,PASS,False
buffered_out2_true1_fast_0_3_edge25,test,DEC3,settled_min_v,1.7999990745164942,1.62,,PASS,False
buffered_out2_true1_fast_0_3_edge25,test,WL0,upper_excursion_v,0.00015425457428731127,,1.9800000000000002,PASS,False
buffered_out2_true1_fast_0_3_edge25,test,WL0,lower_excursion_v,0.0001290874735822987,-0.18000000000000002,,PASS,False
buffered_out2_true1_fast_0_3_edge25,test,WL0,end_level_v,0.00014468706080715074,-0.18000000000000002,0.18000000000000002,PASS,False
buffered_out2_true1_fast_0_3_edge25,test,WL0,unselected_max_v,0.00015425457428731127,,0.18000000000000002,PASS,False
buffered_out2_true1_fast_0_3_edge25,test,WL1,upper_excursion_v,0.00015425447171847154,,1.9800000000000002,PASS,False
buffered_out2_true1_fast_0_3_edge25,test,WL1,lower_excursion_v,0.00012908943430998255,-0.18000000000000002,,PASS,False
buffered_out2_true1_fast_0_3_edge25,test,WL1,end_level_v,0.00014468706062205998,-0.18000000000000002,0.18000000000000002,PASS,False
buffered_out2_true1_fast_0_3_edge25,test,WL1,unselected_max_v,0.00015425447171847154,,0.18000000000000002,PASS,False
buffered_out2_true1_fast_0_3_edge25,test,WL2,upper_excursion_v,0.00015423475151799839,,1.9800000000000002,PASS,False
buffered_out2_true1_fast_0_3_edge25,test,WL2,lower_excursion_v,0.0001274996609987845,-0.18000000000000002,,PASS,False
buffered_out2_true1_fast_0_3_edge25,test,WL2,end_level_v,0.00014468705148810225,-0.18000000000000002,0.18000000000000002,PASS,False
buffered_out2_true1_fast_0_3_edge25,test,WL2,unselected_max_v,0.00015423475151799839,,0.18000000000000002,PASS,False
buffered_out2_true1_fast_0_3_edge25,test,WL3,upper_excursion_v,1.7999993201190922,,1.9800000000000002,PASS,False
buffered_out2_true1_fast_0_3_edge25,test,WL3,lower_excursion_v,-0.025757372363390964,-0.18000000000000002,,PASS,False
buffered_out2_true1_fast_0_3_edge25,test,WL3,end_level_v,1.799999320119092,1.62,1.9800000000000002,PASS,False
buffered_out2_true1_fast_0_3_edge25,test,WL3,settled_min_v,1.7998607438640533,1.62,,PASS,False
buffered_out2_true1_fast_0_3_edge25,recovery,DEC0,end_level_v,0.00014267217124552706,-0.18000000000000002,0.18000000000000002,PASS,False
buffered_out2_true1_fast_0_3_edge25,recovery,DEC0,settled_max_v,0.0007902766721209597,,0.18000000000000002,PASS,False
buffered_out2_true1_fast_0_3_edge25,recovery,DEC1,end_level_v,0.00014267216957457917,-0.18000000000000002,0.18000000000000002,PASS,False
buffered_out2_true1_fast_0_3_edge25,recovery,DEC1,settled_max_v,0.000777639250784917,,0.18000000000000002,PASS,False
buffered_out2_true1_fast_0_3_edge25,recovery,DEC2,end_level_v,0.00014315112366760502,-0.18000000000000002,0.18000000000000002,PASS,False
buffered_out2_true1_fast_0_3_edge25,recovery,DEC2,settled_max_v,0.001621722053162659,,0.18000000000000002,PASS,False
buffered_out2_true1_fast_0_3_edge25,recovery,DEC3,end_level_v,0.00014363849379668558,-0.18000000000000002,0.18000000000000002,PASS,False
buffered_out2_true1_fast_0_3_edge25,recovery,DEC3,settled_max_v,0.0018410810527870348,,0.18000000000000002,PASS,False
buffered_out2_true1_fast_0_3_edge25,recovery,WL0,end_level_v,0.00014468707074298472,-0.18000000000000002,0.18000000000000002,PASS,False
buffered_out2_true1_fast_0_3_edge25,recovery,WL0,settled_max_v,0.00014917316083217375,,0.18000000000000002,PASS,False
buffered_out2_true1_fast_0_3_edge25,recovery,WL1,end_level_v,0.0001446870707429747,-0.18000000000000002,0.18000000000000002,PASS,False
buffered_out2_true1_fast_0_3_edge25,recovery,WL1,settled_max_v,0.00014912576710417283,,0.18000000000000002,PASS,False
buffered_out2_true1_fast_0_3_edge25,recovery,WL2,end_level_v,0.00014468707392459315,-0.18000000000000002,0.18000000000000002,PASS,False
buffered_out2_true1_fast_0_3_edge25,recovery,WL2,settled_max_v,0.00014881217292957773,,0.18000000000000002,PASS,False
buffered_out2_true1_fast_0_3_edge25,recovery,WL3,end_level_v,0.00014468707728811285,-0.18000000000000002,0.18000000000000002,PASS,False
buffered_out2_true1_fast_0_3_edge25,recovery,WL3,settled_max_v,0.00014912371924285823,,0.18000000000000002,PASS,False
buffered_out2_true1_fast_0_3_edge25,recovery,N0,end_level_v,1.7999999192051894,1.62,1.9800000000000002,PASS,False
buffered_out2_true1_fast_0_3_edge25,recovery,N1,end_level_v,1.7999999198554326,1.62,1.9800000000000002,PASS,False
buffered_out2_true1_fast_0_3_edge25,recovery,N2,end_level_v,1.799776552738868,1.62,1.9800000000000002,PASS,False
buffered_out2_true1_fast_0_3_edge25,recovery,N3,end_level_v,1.799543331260205,1.62,1.9800000000000002,PASS,False
buffered_out2_true1_fast_0_3_edge25,final_precharge,DEC0,settled_max_v,0.00014267311986350135,,0.18000000000000002,PASS,False
buffered_out2_true1_fast_0_3_edge25,final_precharge,DEC0,settled_min_v,0.0001426722641905132,-0.18000000000000002,,PASS,False
buffered_out2_true1_fast_0_3_edge25,final_precharge,DEC1,settled_max_v,0.00014267315961394373,,0.18000000000000002,PASS,False
buffered_out2_true1_fast_0_3_edge25,final_precharge,DEC1,settled_min_v,0.0001426722654727639,-0.18000000000000002,,PASS,False
buffered_out2_true1_fast_0_3_edge25,final_precharge,DEC2,settled_max_v,0.00014277181496768492,,0.18000000000000002,PASS,False
buffered_out2_true1_fast_0_3_edge25,final_precharge,DEC2,settled_min_v,0.0001427349754993118,-0.18000000000000002,,PASS,False
buffered_out2_true1_fast_0_3_edge25,final_precharge,DEC3,settled_max_v,0.00015840831712442635,,0.18000000000000002,PASS,False
buffered_out2_true1_fast_0_3_edge25,final_precharge,DEC3,settled_min_v,0.00014376657619200733,-0.18000000000000002,,PASS,False
buffered_out2_true1_fast_0_3_edge25,final_precharge,WL0,settled_max_v,0.00014468707087572966,,0.18000000000000002,PASS,False
buffered_out2_true1_fast_0_3_edge25,final_precharge,WL0,settled_min_v,0.00014468707074357523,-0.18000000000000002,,PASS,False
buffered_out2_true1_fast_0_3_edge25,final_precharge,WL1,settled_max_v,0.0001446870708805157,,0.18000000000000002,PASS,False
buffered_out2_true1_fast_0_3_edge25,final_precharge,WL1,settled_min_v,0.00014468707074367473,-0.18000000000000002,,PASS,False
buffered_out2_true1_fast_0_3_edge25,final_precharge,WL2,settled_max_v,0.00014468707172138776,,0.18000000000000002,PASS,False
buffered_out2_true1_fast_0_3_edge25,final_precharge,WL2,settled_min_v,0.00014468707078406115,-0.18000000000000002,,PASS,False
buffered_out2_true1_fast_0_3_edge25,final_precharge,WL3,settled_max_v,0.00014468817961994478,,0.18000000000000002,PASS,False
buffered_out2_true1_fast_0_3_edge25,final_precharge,WL3,settled_min_v,0.00014468707322964607,-0.18000000000000002,,PASS,False
buffered_out2_true1_fast_0_3_edge25,final_precharge,N0,end_level_v,1.7999998805328925,1.62,1.9800000000000002,PASS,False
buffered_out2_true1_fast_0_3_edge25,final_precharge,N1,end_level_v,1.7999998798697465,1.62,1.9800000000000002,PASS,False
buffered_out2_true1_fast_0_3_edge25,final_precharge,N2,end_level_v,1.7999638809989547,1.62,1.9800000000000002,PASS,False
buffered_out2_true1_fast_0_3_edge25,final_precharge,N3,end_level_v,1.7994241578213939,1.62,1.9800000000000002,PASS,False
buffered_out2_true1_fast_0_3_edge50,prime,DEC0,upper_excursion_v,1.7999991038189396,,1.9800000000000002,PASS,False
buffered_out2_true1_fast_0_3_edge50,prime,DEC0,lower_excursion_v,-0.02893223046315183,-0.18000000000000002,,PASS,False
buffered_out2_true1_fast_0_3_edge50,prime,DEC0,end_level_v,1.7999991038075183,1.62,1.9800000000000002,PASS,False
buffered_out2_true1_fast_0_3_edge50,prime,DEC0,settled_min_v,1.799999071786946,1.62,,PASS,False
buffered_out2_true1_fast_0_3_edge50,prime,DEC1,upper_excursion_v,0.0016521269217943323,,1.9800000000000002,PASS,False
buffered_out2_true1_fast_0_3_edge50,prime,DEC1,lower_excursion_v,1.211423880235346e-05,-0.18000000000000002,,PASS,False
buffered_out2_true1_fast_0_3_edge50,prime,DEC1,end_level_v,7.008856362911847e-05,-0.18000000000000002,0.18000000000000002,PASS,False
buffered_out2_true1_fast_0_3_edge50,prime,DEC1,unselected_max_v,0.0016521269217943323,,0.18000000000000002,PASS,False
buffered_out2_true1_fast_0_3_edge50,prime,DEC2,upper_excursion_v,0.0016469637527686582,,1.9800000000000002,PASS,False
buffered_out2_true1_fast_0_3_edge50,prime,DEC2,lower_excursion_v,5.509950797600377e-05,-0.18000000000000002,,PASS,False
buffered_out2_true1_fast_0_3_edge50,prime,DEC2,end_level_v,6.499280325759183e-05,-0.18000000000000002,0.18000000000000002,PASS,False
buffered_out2_true1_fast_0_3_edge50,prime,DEC2,unselected_max_v,0.0016469637527686582,,0.18000000000000002,PASS,False
buffered_out2_true1_fast_0_3_edge50,prime,DEC3,upper_excursion_v,0.001647760119951658,,1.9800000000000002,PASS,False
buffered_out2_true1_fast_0_3_edge50,prime,DEC3,lower_excursion_v,5.410237152995618e-05,-0.18000000000000002,,PASS,False
buffered_out2_true1_fast_0_3_edge50,prime,DEC3,end_level_v,6.533979850576412e-05,-0.18000000000000002,0.18000000000000002,PASS,False
buffered_out2_true1_fast_0_3_edge50,prime,DEC3,unselected_max_v,0.001647760119951658,,0.18000000000000002,PASS,False
buffered_out2_true1_fast_0_3_edge50,prime,WL0,upper_excursion_v,1.799999320119098,,1.9800000000000002,PASS,False
buffered_out2_true1_fast_0_3_edge50,prime,WL0,lower_excursion_v,-0.025671067105397655,-0.18000000000000002,,PASS,False
buffered_out2_true1_fast_0_3_edge50,prime,WL0,end_level_v,1.7999993201190978,1.62,1.9800000000000002,PASS,False
buffered_out2_true1_fast_0_3_edge50,prime,WL0,settled_min_v,1.7998509424216986,1.62,,PASS,False
buffered_out2_true1_fast_0_3_edge50,prime,WL1,upper_excursion_v,0.0001456073432350828,,1.9800000000000002,PASS,False
buffered_out2_true1_fast_0_3_edge50,prime,WL1,lower_excursion_v,0.00013843359568984522,-0.18000000000000002,,PASS,False
buffered_out2_true1_fast_0_3_edge50,prime,WL1,end_level_v,0.00014468705461220994,-0.18000000000000002,0.18000000000000002,PASS,False
buffered_out2_true1_fast_0_3_edge50,prime,WL1,unselected_max_v,0.0001456073432350828,,0.18000000000000002,PASS,False
buffered_out2_true1_fast_0_3_edge50,prime,WL2,upper_excursion_v,0.0001455920647283884,,1.9800000000000002,PASS,False
buffered_out2_true1_fast_0_3_edge50,prime,WL2,lower_excursion_v,0.00013860405187822499,-0.18000000000000002,,PASS,False
buffered_out2_true1_fast_0_3_edge50,prime,WL2,end_level_v,0.0001446870610730872,-0.18000000000000002,0.18000000000000002,PASS,False
buffered_out2_true1_fast_0_3_edge50,prime,WL2,unselected_max_v,0.0001455920647283884,,0.18000000000000002,PASS,False
buffered_out2_true1_fast_0_3_edge50,prime,WL3,upper_excursion_v,0.00014558694060414084,,1.9800000000000002,PASS,False
buffered_out2_true1_fast_0_3_edge50,prime,WL3,lower_excursion_v,0.00013857773841328372,-0.18000000000000002,,PASS,False
buffered_out2_true1_fast_0_3_edge50,prime,WL3,end_level_v,0.00014468706112126,-0.18000000000000002,0.18000000000000002,PASS,False
buffered_out2_true1_fast_0_3_edge50,prime,WL3,unselected_max_v,0.00014558694060414084,,0.18000000000000002,PASS,False
buffered_out2_true1_fast_0_3_edge50,test,DEC0,upper_excursion_v,0.0016471811951024673,,1.9800000000000002,PASS,False
buffered_out2_true1_fast_0_3_edge50,test,DEC0,lower_excursion_v,5.5897842127840196e-05,-0.18000000000000002,,PASS,False
buffered_out2_true1_fast_0_3_edge50,test,DEC0,end_level_v,6.526340300135606e-05,-0.18000000000000002,0.18000000000000002,PASS,False
buffered_out2_true1_fast_0_3_edge50,test,DEC0,unselected_max_v,0.0016471811951024673,,0.18000000000000002,PASS,False
buffered_out2_true1_fast_0_3_edge50,test,DEC1,upper_excursion_v,0.0016471452977890044,,1.9800000000000002,PASS,False
buffered_out2_true1_fast_0_3_edge50,test,DEC1,lower_excursion_v,5.76204042457004e-05,-0.18000000000000002,,PASS,False
buffered_out2_true1_fast_0_3_edge50,test,DEC1,end_level_v,6.500136997969332e-05,-0.18000000000000002,0.18000000000000002,PASS,False
buffered_out2_true1_fast_0_3_edge50,test,DEC1,unselected_max_v,0.0016471452977890044,,0.18000000000000002,PASS,False
buffered_out2_true1_fast_0_3_edge50,test,DEC2,upper_excursion_v,0.0016479120357808226,,1.9800000000000002,PASS,False
buffered_out2_true1_fast_0_3_edge50,test,DEC2,lower_excursion_v,7.011299451409325e-06,-0.18000000000000002,,PASS,False
buffered_out2_true1_fast_0_3_edge50,test,DEC2,end_level_v,7.394219974483222e-05,-0.18000000000000002,0.18000000000000002,PASS,False
buffered_out2_true1_fast_0_3_edge50,test,DEC2,unselected_max_v,0.0016479120357808226,,0.18000000000000002,PASS,False
buffered_out2_true1_fast_0_3_edge50,test,DEC3,upper_excursion_v,1.7999991038293266,,1.9800000000000002,PASS,False
buffered_out2_true1_fast_0_3_edge50,test,DEC3,lower_excursion_v,-0.03084878043735549,-0.18000000000000002,,PASS,False
buffered_out2_true1_fast_0_3_edge50,test,DEC3,end_level_v,1.7999991038066232,1.62,1.9800000000000002,PASS,False
buffered_out2_true1_fast_0_3_edge50,test,DEC3,settled_min_v,1.7999990731918625,1.62,,PASS,False
buffered_out2_true1_fast_0_3_edge50,test,WL0,upper_excursion_v,0.00014555421058114835,,1.9800000000000002,PASS,False
buffered_out2_true1_fast_0_3_edge50,test,WL0,lower_excursion_v,0.00013857623519120745,-0.18000000000000002,,PASS,False
buffered_out2_true1_fast_0_3_edge50,test,WL0,end_level_v,0.0001446870612690223,-0.18000000000000002,0.18000000000000002,PASS,False
buffered_out2_true1_fast_0_3_edge50,test,WL0,unselected_max_v,0.00014555421058114835,,0.18000000000000002,PASS,False
buffered_out2_true1_fast_0_3_edge50,test,WL1,upper_excursion_v,0.0001455594258329781,,1.9800000000000002,PASS,False
buffered_out2_true1_fast_0_3_edge50,test,WL1,lower_excursion_v,0.00013861291838767765,-0.18000000000000002,,PASS,False
buffered_out2_true1_fast_0_3_edge50,test,WL1,end_level_v,0.00014468706107482614,-0.18000000000000002,0.18000000000000002,PASS,False
buffered_out2_true1_fast_0_3_edge50,test,WL1,unselected_max_v,0.0001455594258329781,,0.18000000000000002,PASS,False
buffered_out2_true1_fast_0_3_edge50,test,WL2,upper_excursion_v,0.00014571209373784243,,1.9800000000000002,PASS,False
buffered_out2_true1_fast_0_3_edge50,test,WL2,lower_excursion_v,0.00013908304874378475,-0.18000000000000002,,PASS,False
buffered_out2_true1_fast_0_3_edge50,test,WL2,end_level_v,0.0001446870515268617,-0.18000000000000002,0.18000000000000002,PASS,False
buffered_out2_true1_fast_0_3_edge50,test,WL2,unselected_max_v,0.00014571209373784243,,0.18000000000000002,PASS,False
buffered_out2_true1_fast_0_3_edge50,test,WL3,upper_excursion_v,1.7999993201190922,,1.9800000000000002,PASS,False
buffered_out2_true1_fast_0_3_edge50,test,WL3,lower_excursion_v,-0.025760722223632203,-0.18000000000000002,,PASS,False
buffered_out2_true1_fast_0_3_edge50,test,WL3,end_level_v,1.7999993201190922,1.62,1.9800000000000002,PASS,False
buffered_out2_true1_fast_0_3_edge50,test,WL3,settled_min_v,1.7998544944916004,1.62,,PASS,False
buffered_out2_true1_fast_0_3_edge50,recovery,DEC0,end_level_v,0.0001426721708348974,-0.18000000000000002,0.18000000000000002,PASS,False
buffered_out2_true1_fast_0_3_edge50,recovery,DEC0,settled_max_v,0.0007839293406474938,,0.18000000000000002,PASS,False
buffered_out2_true1_fast_0_3_edge50,recovery,DEC1,end_level_v,0.00014267216915666463,-0.18000000000000002,0.18000000000000002,PASS,False
buffered_out2_true1_fast_0_3_edge50,recovery,DEC1,settled_max_v,0.0007716907249582412,,0.18000000000000002,PASS,False
buffered_out2_true1_fast_0_3_edge50,recovery,DEC2,end_level_v,0.00014315259212363722,-0.18000000000000002,0.18000000000000002,PASS,False
buffered_out2_true1_fast_0_3_edge50,recovery,DEC2,settled_max_v,0.0016211817178410186,,0.18000000000000002,PASS,False
buffered_out2_true1_fast_0_3_edge50,recovery,DEC3,end_level_v,0.0001436413405234372,-0.18000000000000002,0.18000000000000002,PASS,False
buffered_out2_true1_fast_0_3_edge50,recovery,DEC3,settled_max_v,0.0018406766826975004,,0.18000000000000002,PASS,False
buffered_out2_true1_fast_0_3_edge50,recovery,WL0,end_level_v,0.0001446870707429797,-0.18000000000000002,0.18000000000000002,PASS,False
buffered_out2_true1_fast_0_3_edge50,recovery,WL0,settled_max_v,0.00014902238393362,,0.18000000000000002,PASS,False
buffered_out2_true1_fast_0_3_edge50,recovery,WL1,end_level_v,0.000144687070743108,-0.18000000000000002,0.18000000000000002,PASS,False
buffered_out2_true1_fast_0_3_edge50,recovery,WL1,settled_max_v,0.00014897806313619703,,0.18000000000000002,PASS,False
buffered_out2_true1_fast_0_3_edge50,recovery,WL2,end_level_v,0.0001446870739471113,-0.18000000000000002,0.18000000000000002,PASS,False
buffered_out2_true1_fast_0_3_edge50,recovery,WL2,settled_max_v,0.00014884351150964476,,0.18000000000000002,PASS,False
buffered_out2_true1_fast_0_3_edge50,recovery,WL3,end_level_v,0.00014468707733591857,-0.18000000000000002,0.18000000000000002,PASS,False
buffered_out2_true1_fast_0_3_edge50,recovery,WL3,settled_max_v,0.00014915576850924934,,0.18000000000000002,PASS,False
buffered_out2_true1_fast_0_3_edge50,recovery,N0,end_level_v,1.7999999193591816,1.62,1.9800000000000002,PASS,False
buffered_out2_true1_fast_0_3_edge50,recovery,N1,end_level_v,1.799999920011867,1.62,1.9800000000000002,PASS,False
buffered_out2_true1_fast_0_3_edge50,recovery,N2,end_level_v,1.7997759893737904,1.62,1.9800000000000002,PASS,False
buffered_out2_true1_fast_0_3_edge50,recovery,N3,end_level_v,1.7995422341115748,1.62,1.9800000000000002,PASS,False
buffered_out2_true1_fast_0_3_edge50,final_precharge,DEC0,settled_max_v,0.00014267313088031544,,0.18000000000000002,PASS,False
buffered_out2_true1_fast_0_3_edge50,final_precharge,DEC0,settled_min_v,0.00014267226420187158,-0.18000000000000002,,PASS,False
buffered_out2_true1_fast_0_3_edge50,final_precharge,DEC1,settled_max_v,0.00014267317103026545,,0.18000000000000002,PASS,False
buffered_out2_true1_fast_0_3_edge50,final_precharge,DEC1,settled_min_v,0.00014267226548662885,-0.18000000000000002,,PASS,False
buffered_out2_true1_fast_0_3_edge50,final_precharge,DEC2,settled_max_v,0.0001427724235314654,,0.18000000000000002,PASS,False
buffered_out2_true1_fast_0_3_edge50,final_precharge,DEC2,settled_min_v,0.00014273521647039517,-0.18000000000000002,,PASS,False
buffered_out2_true1_fast_0_3_edge50,final_precharge,DEC3,settled_max_v,0.0001585283480714762,,0.18000000000000002,PASS,False
buffered_out2_true1_fast_0_3_edge50,final_precharge,DEC3,settled_min_v,0.0001437675175625444,-0.18000000000000002,,PASS,False
buffered_out2_true1_fast_0_3_edge50,final_precharge,WL0,settled_max_v,0.00014468707088050088,,0.18000000000000002,PASS,False
buffered_out2_true1_fast_0_3_edge50,final_precharge,WL0,settled_min_v,0.0001446870707436155,-0.18000000000000002,,PASS,False
buffered_out2_true1_fast_0_3_edge50,final_precharge,WL1,settled_max_v,0.00014468707088513398,,0.18000000000000002,PASS,False
buffered_out2_true1_fast_0_3_edge50,final_precharge,WL1,settled_min_v,0.0001446870707436768,-0.18000000000000002,,PASS,False
buffered_out2_true1_fast_0_3_edge50,final_precharge,WL2,settled_max_v,0.00014468707175276378,,0.18000000000000002,PASS,False
buffered_out2_true1_fast_0_3_edge50,final_precharge,WL2,settled_min_v,0.0001446870707845458,-0.18000000000000002,,PASS,False
buffered_out2_true1_fast_0_3_edge50,final_precharge,WL3,settled_max_v,0.0001446882015489321,,0.18000000000000002,PASS,False
buffered_out2_true1_fast_0_3_edge50,final_precharge,WL3,settled_min_v,0.00014468707323416223,-0.18000000000000002,,PASS,False
buffered_out2_true1_fast_0_3_edge50,final_precharge,N0,end_level_v,1.7999998805277064,1.62,1.9800000000000002,PASS,False
buffered_out2_true1_fast_0_3_edge50,final_precharge,N1,end_level_v,1.7999998798639127,1.62,1.9800000000000002,PASS,False
buffered_out2_true1_fast_0_3_edge50,final_precharge,N2,end_level_v,1.7999637489433569,1.62,1.9800000000000002,PASS,False
buffered_out2_true1_fast_0_3_edge50,final_precharge,N3,end_level_v,1.7994237156912607,1.62,1.9800000000000002,PASS,False
buffered_out2_true1_fast_3_0_edge25,prime,DEC0,upper_excursion_v,0.0036617025779479835,,1.9800000000000002,PASS,False
buffered_out2_true1_fast_3_0_edge25,prime,DEC0,lower_excursion_v,-4.2179076675111786e-05,-0.18000000000000002,,PASS,False
buffered_out2_true1_fast_3_0_edge25,prime,DEC0,end_level_v,6.160405364919452e-05,-0.18000000000000002,0.18000000000000002,PASS,False
buffered_out2_true1_fast_3_0_edge25,prime,DEC0,unselected_max_v,0.0036617025779479835,,0.18000000000000002,PASS,False
buffered_out2_true1_fast_3_0_edge25,prime,DEC1,upper_excursion_v,0.0036609696178498395,,1.9800000000000002,PASS,False
buffered_out2_true1_fast_3_0_edge25,prime,DEC1,lower_excursion_v,-2.9368633711478577e-05,-0.18000000000000002,,PASS,False
buffered_out2_true1_fast_3_0_edge25,prime,DEC1,end_level_v,6.127711985342318e-05,-0.18000000000000002,0.18000000000000002,PASS,False
buffered_out2_true1_fast_3_0_edge25,prime,DEC1,unselected_max_v,0.0036609696178498395,,0.18000000000000002,PASS,False
buffered_out2_true1_fast_3_0_edge25,prime,DEC2,upper_excursion_v,0.0036618782018182235,,1.9800000000000002,PASS,False
buffered_out2_true1_fast_3_0_edge25,prime,DEC2,lower_excursion_v,-0.00031673017294427813,-0.18000000000000002,,PASS,False
buffered_out2_true1_fast_3_0_edge25,prime,DEC2,end_level_v,6.611246902957224e-05,-0.18000000000000002,0.18000000000000002,PASS,False
buffered_out2_true1_fast_3_0_edge25,prime,DEC2,unselected_max_v,0.0036618782018182235,,0.18000000000000002,PASS,False
buffered_out2_true1_fast_3_0_edge25,prime,DEC3,upper_excursion_v,1.7999991038088827,,1.9800000000000002,PASS,False
buffered_out2_true1_fast_3_0_edge25,prime,DEC3,lower_excursion_v,-0.03112850598714065,-0.18000000000000002,,PASS,False
buffered_out2_true1_fast_3_0_edge25,prime,DEC3,end_level_v,1.799999103804711,1.62,1.9800000000000002,PASS,False
buffered_out2_true1_fast_3_0_edge25,prime,DEC3,settled_min_v,1.7999990746271355,1.62,,PASS,False
buffered_out2_true1_fast_3_0_edge25,prime,WL0,upper_excursion_v,0.0001542612471888878,,1.9800000000000002,PASS,False
buffered_out2_true1_fast_3_0_edge25,prime,WL0,lower_excursion_v,0.00012913275088545216,-0.18000000000000002,,PASS,False
buffered_out2_true1_fast_3_0_edge25,prime,WL0,end_level_v,0.0001446870606646548,-0.18000000000000002,0.18000000000000002,PASS,False
buffered_out2_true1_fast_3_0_edge25,prime,WL0,unselected_max_v,0.0001542612471888878,,0.18000000000000002,PASS,False
buffered_out2_true1_fast_3_0_edge25,prime,WL1,upper_excursion_v,0.0001542591037767227,,1.9800000000000002,PASS,False
buffered_out2_true1_fast_3_0_edge25,prime,WL1,lower_excursion_v,0.00012918788765382282,-0.18000000000000002,,PASS,False
buffered_out2_true1_fast_3_0_edge25,prime,WL1,end_level_v,0.00014468706062208147,-0.18000000000000002,0.18000000000000002,PASS,False
buffered_out2_true1_fast_3_0_edge25,prime,WL1,unselected_max_v,0.0001542591037767227,,0.18000000000000002,PASS,False
buffered_out2_true1_fast_3_0_edge25,prime,WL2,upper_excursion_v,0.0001542360715652991,,1.9800000000000002,PASS,False
buffered_out2_true1_fast_3_0_edge25,prime,WL2,lower_excursion_v,0.00012767188398829808,-0.18000000000000002,,PASS,False
buffered_out2_true1_fast_3_0_edge25,prime,WL2,end_level_v,0.00014468705454115982,-0.18000000000000002,0.18000000000000002,PASS,False
buffered_out2_true1_fast_3_0_edge25,prime,WL2,unselected_max_v,0.0001542360715652991,,0.18000000000000002,PASS,False
buffered_out2_true1_fast_3_0_edge25,prime,WL3,upper_excursion_v,1.7999993201190925,,1.9800000000000002,PASS,False
buffered_out2_true1_fast_3_0_edge25,prime,WL3,lower_excursion_v,-0.02576046064397655,-0.18000000000000002,,PASS,False
buffered_out2_true1_fast_3_0_edge25,prime,WL3,end_level_v,1.7999993201190925,1.62,1.9800000000000002,PASS,False
buffered_out2_true1_fast_3_0_edge25,prime,WL3,settled_min_v,1.7998615096619064,1.62,,PASS,False
buffered_out2_true1_fast_3_0_edge25,test,DEC0,upper_excursion_v,1.7999991038914522,,1.9800000000000002,PASS,False
buffered_out2_true1_fast_3_0_edge25,test,DEC0,lower_excursion_v,-0.028916148823640048,-0.18000000000000002,,PASS,False
buffered_out2_true1_fast_3_0_edge25,test,DEC0,end_level_v,1.799999103814115,1.62,1.9800000000000002,PASS,False
buffered_out2_true1_fast_3_0_edge25,test,DEC0,settled_min_v,1.7999990731959463,1.62,,PASS,False
buffered_out2_true1_fast_3_0_edge25,test,DEC1,upper_excursion_v,0.003670536819466494,,1.9800000000000002,PASS,False
buffered_out2_true1_fast_3_0_edge25,test,DEC1,lower_excursion_v,-0.00028882502824476713,-0.18000000000000002,,PASS,False
buffered_out2_true1_fast_3_0_edge25,test,DEC1,end_level_v,6.988568924878867e-05,-0.18000000000000002,0.18000000000000002,PASS,False
buffered_out2_true1_fast_3_0_edge25,test,DEC1,unselected_max_v,0.003670536819466494,,0.18000000000000002,PASS,False
buffered_out2_true1_fast_3_0_edge25,test,DEC2,upper_excursion_v,0.003654689958476039,,1.9800000000000002,PASS,False
buffered_out2_true1_fast_3_0_edge25,test,DEC2,lower_excursion_v,5.102333104948705e-05,-0.18000000000000002,,PASS,False
buffered_out2_true1_fast_3_0_edge25,test,DEC2,end_level_v,6.12734118372204e-05,-0.18000000000000002,0.18000000000000002,PASS,False
buffered_out2_true1_fast_3_0_edge25,test,DEC2,unselected_max_v,0.003654689958476039,,0.18000000000000002,PASS,False
buffered_out2_true1_fast_3_0_edge25,test,DEC3,upper_excursion_v,0.0036547168243887883,,1.9800000000000002,PASS,False
buffered_out2_true1_fast_3_0_edge25,test,DEC3,lower_excursion_v,5.023578556087439e-05,-0.18000000000000002,,PASS,False
buffered_out2_true1_fast_3_0_edge25,test,DEC3,end_level_v,6.151999260161816e-05,-0.18000000000000002,0.18000000000000002,PASS,False
buffered_out2_true1_fast_3_0_edge25,test,DEC3,unselected_max_v,0.0036547168243887883,,0.18000000000000002,PASS,False
buffered_out2_true1_fast_3_0_edge25,test,WL0,upper_excursion_v,1.7999993201190922,,1.9800000000000002,PASS,False
buffered_out2_true1_fast_3_0_edge25,test,WL0,lower_excursion_v,-0.025649250711981375,-0.18000000000000002,,PASS,False
buffered_out2_true1_fast_3_0_edge25,test,WL0,end_level_v,1.7999993201190922,1.62,1.9800000000000002,PASS,False
buffered_out2_true1_fast_3_0_edge25,test,WL0,settled_min_v,1.7998566901629311,1.62,,PASS,False
buffered_out2_true1_fast_3_0_edge25,test,WL1,upper_excursion_v,0.00015428953352709989,,1.9800000000000002,PASS,False
buffered_out2_true1_fast_3_0_edge25,test,WL1,lower_excursion_v,0.00012787119873317954,-0.18000000000000002,,PASS,False
buffered_out2_true1_fast_3_0_edge25,test,WL1,end_level_v,0.00014468705113891955,-0.18000000000000002,0.18000000000000002,PASS,False
buffered_out2_true1_fast_3_0_edge25,test,WL1,unselected_max_v,0.00015428953352709989,,0.18000000000000002,PASS,False
buffered_out2_true1_fast_3_0_edge25,test,WL2,upper_excursion_v,0.0001542325337424561,,1.9800000000000002,PASS,False
buffered_out2_true1_fast_3_0_edge25,test,WL2,lower_excursion_v,0.000129393070951531,-0.18000000000000002,,PASS,False
buffered_out2_true1_fast_3_0_edge25,test,WL2,end_level_v,0.00014468706062118088,-0.18000000000000002,0.18000000000000002,PASS,False
buffered_out2_true1_fast_3_0_edge25,test,WL2,unselected_max_v,0.0001542325337424561,,0.18000000000000002,PASS,False
buffered_out2_true1_fast_3_0_edge25,test,WL3,upper_excursion_v,0.0001542325719827157,,1.9800000000000002,PASS,False
buffered_out2_true1_fast_3_0_edge25,test,WL3,lower_excursion_v,0.00012938986129152724,-0.18000000000000002,,PASS,False
buffered_out2_true1_fast_3_0_edge25,test,WL3,end_level_v,0.0001446870608068383,-0.18000000000000002,0.18000000000000002,PASS,False
buffered_out2_true1_fast_3_0_edge25,test,WL3,unselected_max_v,0.0001542325719827157,,0.18000000000000002,PASS,False
buffered_out2_true1_fast_3_0_edge25,recovery,DEC0,end_level_v,0.0001436746616109862,-0.18000000000000002,0.18000000000000002,PASS,False
buffered_out2_true1_fast_3_0_edge25,recovery,DEC0,settled_max_v,0.001017751466204943,,0.18000000000000002,PASS,False
buffered_out2_true1_fast_3_0_edge25,recovery,DEC1,end_level_v,0.00014318311394830724,-0.18000000000000002,0.18000000000000002,PASS,False
buffered_out2_true1_fast_3_0_edge25,recovery,DEC1,settled_max_v,0.0009830318057384418,,0.18000000000000002,PASS,False
buffered_out2_true1_fast_3_0_edge25,recovery,DEC2,end_level_v,0.00014267222072387068,-0.18000000000000002,0.18000000000000002,PASS,False
buffered_out2_true1_fast_3_0_edge25,recovery,DEC2,settled_max_v,0.0010224381729259022,,0.18000000000000002,PASS,False
buffered_out2_true1_fast_3_0_edge25,recovery,DEC3,end_level_v,0.0001426722225322303,-0.18000000000000002,0.18000000000000002,PASS,False
buffered_out2_true1_fast_3_0_edge25,recovery,DEC3,settled_max_v,0.0010440728864701424,,0.18000000000000002,PASS,False
buffered_out2_true1_fast_3_0_edge25,recovery,WL0,end_level_v,0.00014468707811020543,-0.18000000000000002,0.18000000000000002,PASS,False
buffered_out2_true1_fast_3_0_edge25,recovery,WL0,settled_max_v,0.00014836984077021533,,0.18000000000000002,PASS,False
buffered_out2_true1_fast_3_0_edge25,recovery,WL1,end_level_v,0.00014468707445087638,-0.18000000000000002,0.18000000000000002,PASS,False
buffered_out2_true1_fast_3_0_edge25,recovery,WL1,settled_max_v,0.0001482305816311301,,0.18000000000000002,PASS,False
buffered_out2_true1_fast_3_0_edge25,recovery,WL2,end_level_v,0.00014468707074338557,-0.18000000000000002,0.18000000000000002,PASS,False
buffered_out2_true1_fast_3_0_edge25,recovery,WL2,settled_max_v,0.0001529825900419727,,0.18000000000000002,PASS,False
buffered_out2_true1_fast_3_0_edge25,recovery,WL3,end_level_v,0.00014468707074358946,-0.18000000000000002,0.18000000000000002,PASS,False
buffered_out2_true1_fast_3_0_edge25,recovery,WL3,settled_max_v,0.00015309053554339204,,0.18000000000000002,PASS,False
buffered_out2_true1_fast_3_0_edge25,recovery,N0,end_level_v,1.79953110031106,1.62,1.9800000000000002,PASS,False
buffered_out2_true1_fast_3_0_edge25,recovery,N1,end_level_v,1.7997644832681934,1.62,1.9800000000000002,PASS,False
buffered_out2_true1_fast_3_0_edge25,recovery,N2,end_level_v,1.7999998989604842,1.62,1.9800000000000002,PASS,False
buffered_out2_true1_fast_3_0_edge25,recovery,N3,end_level_v,1.7999998982206349,1.62,1.9800000000000002,PASS,False
buffered_out2_true1_fast_3_0_edge25,final_precharge,DEC0,settled_max_v,0.00015761345438098764,,0.18000000000000002,PASS,False
buffered_out2_true1_fast_3_0_edge25,final_precharge,DEC0,settled_min_v,0.00014375682313711794,-0.18000000000000002,,PASS,False
buffered_out2_true1_fast_3_0_edge25,final_precharge,DEC1,settled_max_v,0.00014277903354532312,,0.18000000000000002,PASS,False
buffered_out2_true1_fast_3_0_edge25,final_precharge,DEC1,settled_min_v,0.00014273492018203326,-0.18000000000000002,,PASS,False
buffered_out2_true1_fast_3_0_edge25,final_precharge,DEC2,settled_max_v,0.0001426725184479901,,0.18000000000000002,PASS,False
buffered_out2_true1_fast_3_0_edge25,final_precharge,DEC2,settled_min_v,0.00014267226055008297,-0.18000000000000002,,PASS,False
buffered_out2_true1_fast_3_0_edge25,final_precharge,DEC3,settled_max_v,0.00014267248190634422,,0.18000000000000002,PASS,False
buffered_out2_true1_fast_3_0_edge25,final_precharge,DEC3,settled_min_v,0.0001426722592812992,-0.18000000000000002,,PASS,False
buffered_out2_true1_fast_3_0_edge25,final_precharge,WL0,settled_max_v,0.00014468808748694696,,0.18000000000000002,PASS,False
buffered_out2_true1_fast_3_0_edge25,final_precharge,WL0,settled_min_v,0.0001446870731861369,-0.18000000000000002,,PASS,False
buffered_out2_true1_fast_3_0_edge25,final_precharge,WL1,settled_max_v,0.00014468707470617368,,0.18000000000000002,PASS,False
buffered_out2_true1_fast_3_0_edge25,final_precharge,WL1,settled_min_v,0.0001446870707845659,-0.18000000000000002,,PASS,False
buffered_out2_true1_fast_3_0_edge25,final_precharge,WL2,settled_max_v,0.00014468707075497372,,0.18000000000000002,PASS,False
buffered_out2_true1_fast_3_0_edge25,final_precharge,WL2,settled_min_v,0.0001446870707435543,-0.18000000000000002,,PASS,False
buffered_out2_true1_fast_3_0_edge25,final_precharge,WL3,settled_max_v,0.00014468707075330643,,0.18000000000000002,PASS,False
buffered_out2_true1_fast_3_0_edge25,final_precharge,WL3,settled_min_v,0.0001446870707404749,-0.18000000000000002,,PASS,False
buffered_out2_true1_fast_3_0_edge25,final_precharge,N0,end_level_v,1.799428806295011,1.62,1.9800000000000002,PASS,False
buffered_out2_true1_fast_3_0_edge25,final_precharge,N1,end_level_v,1.799963916297586,1.62,1.9800000000000002,PASS,False
buffered_out2_true1_fast_3_0_edge25,final_precharge,N2,end_level_v,1.7999998821994574,1.62,1.9800000000000002,PASS,False
buffered_out2_true1_fast_3_0_edge25,final_precharge,N3,end_level_v,1.7999998828563075,1.62,1.9800000000000002,PASS,False
buffered_out2_true1_fast_3_0_edge50,prime,DEC0,upper_excursion_v,0.0016471765204696413,,1.9800000000000002,PASS,False
buffered_out2_true1_fast_3_0_edge50,prime,DEC0,lower_excursion_v,5.557105211629318e-05,-0.18000000000000002,,PASS,False
buffered_out2_true1_fast_3_0_edge50,prime,DEC0,end_level_v,6.534992942512454e-05,-0.18000000000000002,0.18000000000000002,PASS,False
buffered_out2_true1_fast_3_0_edge50,prime,DEC0,unselected_max_v,0.0016471765204696413,,0.18000000000000002,PASS,False
buffered_out2_true1_fast_3_0_edge50,prime,DEC1,upper_excursion_v,0.0016463693922160615,,1.9800000000000002,PASS,False
buffered_out2_true1_fast_3_0_edge50,prime,DEC1,lower_excursion_v,5.736657453406494e-05,-0.18000000000000002,,PASS,False
buffered_out2_true1_fast_3_0_edge50,prime,DEC1,end_level_v,6.500088325616764e-05,-0.18000000000000002,0.18000000000000002,PASS,False
buffered_out2_true1_fast_3_0_edge50,prime,DEC1,unselected_max_v,0.0016463693922160615,,0.18000000000000002,PASS,False
buffered_out2_true1_fast_3_0_edge50,prime,DEC2,upper_excursion_v,0.0016458816482804763,,1.9800000000000002,PASS,False
buffered_out2_true1_fast_3_0_edge50,prime,DEC2,lower_excursion_v,9.41580203482617e-06,-0.18000000000000002,,PASS,False
buffered_out2_true1_fast_3_0_edge50,prime,DEC2,end_level_v,7.013619532380416e-05,-0.18000000000000002,0.18000000000000002,PASS,False
buffered_out2_true1_fast_3_0_edge50,prime,DEC2,unselected_max_v,0.0016458816482804763,,0.18000000000000002,PASS,False
buffered_out2_true1_fast_3_0_edge50,prime,DEC3,upper_excursion_v,1.7999991038088332,,1.9800000000000002,PASS,False
buffered_out2_true1_fast_3_0_edge50,prime,DEC3,lower_excursion_v,-0.030926628089650188,-0.18000000000000002,,PASS,False
buffered_out2_true1_fast_3_0_edge50,prime,DEC3,end_level_v,1.799999103804749,1.62,1.9800000000000002,PASS,False
buffered_out2_true1_fast_3_0_edge50,prime,DEC3,settled_min_v,1.7999990733239486,1.62,,PASS,False
buffered_out2_true1_fast_3_0_edge50,prime,WL0,upper_excursion_v,0.00014555980003020763,,1.9800000000000002,PASS,False
buffered_out2_true1_fast_3_0_edge50,prime,WL0,lower_excursion_v,0.00013857347200678735,-0.18000000000000002,,PASS,False
buffered_out2_true1_fast_3_0_edge50,prime,WL0,end_level_v,0.0001446870611185417,-0.18000000000000002,0.18000000000000002,PASS,False
buffered_out2_true1_fast_3_0_edge50,prime,WL0,unselected_max_v,0.00014555980003020763,,0.18000000000000002,PASS,False
buffered_out2_true1_fast_3_0_edge50,prime,WL1,upper_excursion_v,0.0001455653958715377,,1.9800000000000002,PASS,False
buffered_out2_true1_fast_3_0_edge50,prime,WL1,lower_excursion_v,0.00013859809239498346,-0.18000000000000002,,PASS,False
buffered_out2_true1_fast_3_0_edge50,prime,WL1,end_level_v,0.0001446870610745039,-0.18000000000000002,0.18000000000000002,PASS,False
buffered_out2_true1_fast_3_0_edge50,prime,WL1,unselected_max_v,0.0001455653958715377,,0.18000000000000002,PASS,False
buffered_out2_true1_fast_3_0_edge50,prime,WL2,upper_excursion_v,0.00014571278442392427,,1.9800000000000002,PASS,False
buffered_out2_true1_fast_3_0_edge50,prime,WL2,lower_excursion_v,0.00013907346782947292,-0.18000000000000002,,PASS,False
buffered_out2_true1_fast_3_0_edge50,prime,WL2,end_level_v,0.00014468705471814707,-0.18000000000000002,0.18000000000000002,PASS,False
buffered_out2_true1_fast_3_0_edge50,prime,WL2,unselected_max_v,0.00014571278442392427,,0.18000000000000002,PASS,False
buffered_out2_true1_fast_3_0_edge50,prime,WL3,upper_excursion_v,1.7999993201190922,,1.9800000000000002,PASS,False
buffered_out2_true1_fast_3_0_edge50,prime,WL3,lower_excursion_v,-0.0257519505987812,-0.18000000000000002,,PASS,False
buffered_out2_true1_fast_3_0_edge50,prime,WL3,end_level_v,1.799999320119092,1.62,1.9800000000000002,PASS,False
buffered_out2_true1_fast_3_0_edge50,prime,WL3,settled_min_v,1.7998553553011933,1.62,,PASS,False
buffered_out2_true1_fast_3_0_edge50,test,DEC0,upper_excursion_v,1.7999991038892222,,1.9800000000000002,PASS,False
buffered_out2_true1_fast_3_0_edge50,test,DEC0,lower_excursion_v,-0.028779316253163986,-0.18000000000000002,,PASS,False
buffered_out2_true1_fast_3_0_edge50,test,DEC0,end_level_v,1.7999991038141394,1.62,1.9800000000000002,PASS,False
buffered_out2_true1_fast_3_0_edge50,test,DEC0,settled_min_v,1.7999990717067718,1.62,,PASS,False
buffered_out2_true1_fast_3_0_edge50,test,DEC1,upper_excursion_v,0.0016532239189574478,,1.9800000000000002,PASS,False
buffered_out2_true1_fast_3_0_edge50,test,DEC1,lower_excursion_v,8.66570647874848e-06,-0.18000000000000002,,PASS,False
buffered_out2_true1_fast_3_0_edge50,test,DEC1,end_level_v,7.413141200883487e-05,-0.18000000000000002,0.18000000000000002,PASS,False
buffered_out2_true1_fast_3_0_edge50,test,DEC1,unselected_max_v,0.0016532239189574478,,0.18000000000000002,PASS,False
buffered_out2_true1_fast_3_0_edge50,test,DEC2,upper_excursion_v,0.0016474326816065493,,1.9800000000000002,PASS,False
buffered_out2_true1_fast_3_0_edge50,test,DEC2,lower_excursion_v,5.506625597368203e-05,-0.18000000000000002,,PASS,False
buffered_out2_true1_fast_3_0_edge50,test,DEC2,end_level_v,6.499314874737696e-05,-0.18000000000000002,0.18000000000000002,PASS,False
buffered_out2_true1_fast_3_0_edge50,test,DEC2,unselected_max_v,0.0016474326816065493,,0.18000000000000002,PASS,False
buffered_out2_true1_fast_3_0_edge50,test,DEC3,upper_excursion_v,0.0016475067423058825,,1.9800000000000002,PASS,False
buffered_out2_true1_fast_3_0_edge50,test,DEC3,lower_excursion_v,5.429249427938373e-05,-0.18000000000000002,,PASS,False
buffered_out2_true1_fast_3_0_edge50,test,DEC3,end_level_v,6.525534631962639e-05,-0.18000000000000002,0.18000000000000002,PASS,False
buffered_out2_true1_fast_3_0_edge50,test,DEC3,unselected_max_v,0.0016475067423058825,,0.18000000000000002,PASS,False
buffered_out2_true1_fast_3_0_edge50,test,WL0,upper_excursion_v,1.7999993201190843,,1.9800000000000002,PASS,False
buffered_out2_true1_fast_3_0_edge50,test,WL0,lower_excursion_v,-0.025647413030092357,-0.18000000000000002,,PASS,False
buffered_out2_true1_fast_3_0_edge50,test,WL0,end_level_v,1.7999993201190843,1.62,1.9800000000000002,PASS,False
buffered_out2_true1_fast_3_0_edge50,test,WL0,settled_min_v,1.7998498616495833,1.62,,PASS,False
buffered_out2_true1_fast_3_0_edge50,test,WL1,upper_excursion_v,0.00014560173045540198,,1.9800000000000002,PASS,False
buffered_out2_true1_fast_3_0_edge50,test,WL1,lower_excursion_v,0.00013842517323877794,-0.18000000000000002,,PASS,False
buffered_out2_true1_fast_3_0_edge50,test,WL1,end_level_v,0.00014468705116378364,-0.18000000000000002,0.18000000000000002,PASS,False
buffered_out2_true1_fast_3_0_edge50,test,WL1,unselected_max_v,0.00014560173045540198,,0.18000000000000002,PASS,False
buffered_out2_true1_fast_3_0_edge50,test,WL2,upper_excursion_v,0.00014558875154250197,,1.9800000000000002,PASS,False
buffered_out2_true1_fast_3_0_edge50,test,WL2,lower_excursion_v,0.00013867003815549913,-0.18000000000000002,,PASS,False
buffered_out2_true1_fast_3_0_edge50,test,WL2,end_level_v,0.00014468706107301614,-0.18000000000000002,0.18000000000000002,PASS,False
buffered_out2_true1_fast_3_0_edge50,test,WL2,unselected_max_v,0.00014558875154250197,,0.18000000000000002,PASS,False
buffered_out2_true1_fast_3_0_edge50,test,WL3,upper_excursion_v,0.00014558392134110244,,1.9800000000000002,PASS,False
buffered_out2_true1_fast_3_0_edge50,test,WL3,lower_excursion_v,0.00013862632394493886,-0.18000000000000002,,PASS,False
buffered_out2_true1_fast_3_0_edge50,test,WL3,end_level_v,0.00014468706126780973,-0.18000000000000002,0.18000000000000002,PASS,False
buffered_out2_true1_fast_3_0_edge50,test,WL3,unselected_max_v,0.00014558392134110244,,0.18000000000000002,PASS,False
buffered_out2_true1_fast_3_0_edge50,recovery,DEC0,end_level_v,0.0001436776735668852,-0.18000000000000002,0.18000000000000002,PASS,False
buffered_out2_true1_fast_3_0_edge50,recovery,DEC0,settled_max_v,0.0008761137092914947,,0.18000000000000002,PASS,False
buffered_out2_true1_fast_3_0_edge50,recovery,DEC1,end_level_v,0.0001431846703936016,-0.18000000000000002,0.18000000000000002,PASS,False
buffered_out2_true1_fast_3_0_edge50,recovery,DEC1,settled_max_v,0.0008292474591982632,,0.18000000000000002,PASS,False
buffered_out2_true1_fast_3_0_edge50,recovery,DEC2,end_level_v,0.0001426722205359931,-0.18000000000000002,0.18000000000000002,PASS,False
buffered_out2_true1_fast_3_0_edge50,recovery,DEC2,settled_max_v,0.0010222623756544211,,0.18000000000000002,PASS,False
buffered_out2_true1_fast_3_0_edge50,recovery,DEC3,end_level_v,0.00014267222235341847,-0.18000000000000002,0.18000000000000002,PASS,False
buffered_out2_true1_fast_3_0_edge50,recovery,DEC3,settled_max_v,0.0010440061580047704,,0.18000000000000002,PASS,False
buffered_out2_true1_fast_3_0_edge50,recovery,WL0,end_level_v,0.00014468707816462062,-0.18000000000000002,0.18000000000000002,PASS,False
buffered_out2_true1_fast_3_0_edge50,recovery,WL0,settled_max_v,0.00014625466579576941,,0.18000000000000002,PASS,False
buffered_out2_true1_fast_3_0_edge50,recovery,WL1,end_level_v,0.00014468707447700993,-0.18000000000000002,0.18000000000000002,PASS,False
buffered_out2_true1_fast_3_0_edge50,recovery,WL1,settled_max_v,0.0001461823994093214,,0.18000000000000002,PASS,False
buffered_out2_true1_fast_3_0_edge50,recovery,WL2,end_level_v,0.00014468707074376128,-0.18000000000000002,0.18000000000000002,PASS,False
buffered_out2_true1_fast_3_0_edge50,recovery,WL2,settled_max_v,0.0001529846323094289,,0.18000000000000002,PASS,False
buffered_out2_true1_fast_3_0_edge50,recovery,WL3,end_level_v,0.00014468707074352186,-0.18000000000000002,0.18000000000000002,PASS,False
buffered_out2_true1_fast_3_0_edge50,recovery,WL3,settled_max_v,0.00015308363591387935,,0.18000000000000002,PASS,False
buffered_out2_true1_fast_3_0_edge50,recovery,N0,end_level_v,1.799529950537334,1.62,1.9800000000000002,PASS,False
buffered_out2_true1_fast_3_0_edge50,recovery,N1,end_level_v,1.799763897752862,1.62,1.9800000000000002,PASS,False
buffered_out2_true1_fast_3_0_edge50,recovery,N2,end_level_v,1.7999998990275374,1.62,1.9800000000000002,PASS,False
buffered_out2_true1_fast_3_0_edge50,recovery,N3,end_level_v,1.7999998982849688,1.62,1.9800000000000002,PASS,False
buffered_out2_true1_fast_3_0_edge50,final_precharge,DEC0,settled_max_v,0.00015772182787833413,,0.18000000000000002,PASS,False
buffered_out2_true1_fast_3_0_edge50,final_precharge,DEC0,settled_min_v,0.00014375772679884292,-0.18000000000000002,,PASS,False
buffered_out2_true1_fast_3_0_edge50,final_precharge,DEC1,settled_max_v,0.00014277975482933025,,0.18000000000000002,PASS,False
buffered_out2_true1_fast_3_0_edge50,final_precharge,DEC1,settled_min_v,0.00014273515515675003,-0.18000000000000002,,PASS,False
buffered_out2_true1_fast_3_0_edge50,final_precharge,DEC2,settled_max_v,0.0001426725208961616,,0.18000000000000002,PASS,False
buffered_out2_true1_fast_3_0_edge50,final_precharge,DEC2,settled_min_v,0.00014267226055505864,-0.18000000000000002,,PASS,False
buffered_out2_true1_fast_3_0_edge50,final_precharge,DEC3,settled_max_v,0.0001426724840104958,,0.18000000000000002,PASS,False
buffered_out2_true1_fast_3_0_edge50,final_precharge,DEC3,settled_min_v,0.00014267225928459943,-0.18000000000000002,,PASS,False
buffered_out2_true1_fast_3_0_edge50,final_precharge,WL0,settled_max_v,0.0001446881072444322,,0.18000000000000002,PASS,False
buffered_out2_true1_fast_3_0_edge50,final_precharge,WL0,settled_min_v,0.00014468707319056822,-0.18000000000000002,,PASS,False
buffered_out2_true1_fast_3_0_edge50,final_precharge,WL1,settled_max_v,0.00014468707485643006,,0.18000000000000002,PASS,False
buffered_out2_true1_fast_3_0_edge50,final_precharge,WL1,settled_min_v,0.00014468707078536588,-0.18000000000000002,,PASS,False
buffered_out2_true1_fast_3_0_edge50,final_precharge,WL2,settled_max_v,0.00014468707075507046,,0.18000000000000002,PASS,False
buffered_out2_true1_fast_3_0_edge50,final_precharge,WL2,settled_min_v,0.0001446870707435762,-0.18000000000000002,,PASS,False
buffered_out2_true1_fast_3_0_edge50,final_precharge,WL3,settled_max_v,0.00014468707075336688,,0.18000000000000002,PASS,False
buffered_out2_true1_fast_3_0_edge50,final_precharge,WL3,settled_min_v,0.00014468707074090446,-0.18000000000000002,,PASS,False
buffered_out2_true1_fast_3_0_edge50,final_precharge,N0,end_level_v,1.7994283813161822,1.62,1.9800000000000002,PASS,False
buffered_out2_true1_fast_3_0_edge50,final_precharge,N1,end_level_v,1.7999637875311434,1.62,1.9800000000000002,PASS,False
buffered_out2_true1_fast_3_0_edge50,final_precharge,N2,end_level_v,1.79999988219714,1.62,1.9800000000000002,PASS,False
buffered_out2_true1_fast_3_0_edge50,final_precharge,N3,end_level_v,1.7999998828545698,1.62,1.9800000000000002,PASS,False
buffered_out2_true2_ss_cold_0_3_edge25,prime,DEC0,upper_excursion_v,1.7999999961769129,,1.9800000000000002,PASS,False
buffered_out2_true2_ss_cold_0_3_edge25,prime,DEC0,lower_excursion_v,-0.0918556695307939,-0.18000000000000002,,PASS,False
buffered_out2_true2_ss_cold_0_3_edge25,prime,DEC0,end_level_v,1.79999999617058,1.62,1.9800000000000002,PASS,False
buffered_out2_true2_ss_cold_0_3_edge25,prime,DEC0,settled_min_v,1.7999995565884552,1.62,,PASS,False
buffered_out2_true2_ss_cold_0_3_edge25,prime,DEC1,upper_excursion_v,0.0025302287484431103,,1.9800000000000002,PASS,False
buffered_out2_true2_ss_cold_0_3_edge25,prime,DEC1,lower_excursion_v,-0.0001994373854034906,-0.18000000000000002,,PASS,False
buffered_out2_true2_ss_cold_0_3_edge25,prime,DEC1,end_level_v,-5.687248105269717e-07,-0.18000000000000002,0.18000000000000002,PASS,False
buffered_out2_true2_ss_cold_0_3_edge25,prime,DEC1,unselected_max_v,0.0025302287484431103,,0.18000000000000002,PASS,False
buffered_out2_true2_ss_cold_0_3_edge25,prime,DEC2,upper_excursion_v,0.0025229277172941307,,1.9800000000000002,PASS,False
buffered_out2_true2_ss_cold_0_3_edge25,prime,DEC2,lower_excursion_v,-2.0493366881265882e-05,-0.18000000000000002,,PASS,False
buffered_out2_true2_ss_cold_0_3_edge25,prime,DEC2,end_level_v,1.08744653930729e-09,-0.18000000000000002,0.18000000000000002,PASS,False
buffered_out2_true2_ss_cold_0_3_edge25,prime,DEC2,unselected_max_v,0.0025229277172941307,,0.18000000000000002,PASS,False
buffered_out2_true2_ss_cold_0_3_edge25,prime,DEC3,upper_excursion_v,0.002522928118103981,,1.9800000000000002,PASS,False
buffered_out2_true2_ss_cold_0_3_edge25,prime,DEC3,lower_excursion_v,-1.9352118309804892e-05,-0.18000000000000002,,PASS,False
buffered_out2_true2_ss_cold_0_3_edge25,prime,DEC3,end_level_v,1.0874366253346308e-09,-0.18000000000000002,0.18000000000000002,PASS,False
buffered_out2_true2_ss_cold_0_3_edge25,prime,DEC3,unselected_max_v,0.002522928118103981,,0.18000000000000002,PASS,False
buffered_out2_true2_ss_cold_0_3_edge25,prime,WL0,upper_excursion_v,1.7999999898436985,,1.9800000000000002,PASS,False
buffered_out2_true2_ss_cold_0_3_edge25,prime,WL0,lower_excursion_v,-0.037565085412587226,-0.18000000000000002,,PASS,False
buffered_out2_true2_ss_cold_0_3_edge25,prime,WL0,end_level_v,1.7999999898436982,1.62,1.9800000000000002,PASS,False
buffered_out2_true2_ss_cold_0_3_edge25,prime,WL0,settled_min_v,1.797176913566988,1.62,,PASS,False
buffered_out2_true2_ss_cold_0_3_edge25,prime,WL1,upper_excursion_v,5.914064336661516e-06,,1.9800000000000002,PASS,False
buffered_out2_true2_ss_cold_0_3_edge25,prime,WL1,lower_excursion_v,-6.893321297473517e-06,-0.18000000000000002,,PASS,False
buffered_out2_true2_ss_cold_0_3_edge25,prime,WL1,end_level_v,3.2398407507836503e-09,-0.18000000000000002,0.18000000000000002,PASS,False
buffered_out2_true2_ss_cold_0_3_edge25,prime,WL1,unselected_max_v,5.914064336661516e-06,,0.18000000000000002,PASS,False
buffered_out2_true2_ss_cold_0_3_edge25,prime,WL2,upper_excursion_v,5.8949367054151196e-06,,1.9800000000000002,PASS,False
buffered_out2_true2_ss_cold_0_3_edge25,prime,WL2,lower_excursion_v,-6.406828603764755e-06,-0.18000000000000002,,PASS,False
buffered_out2_true2_ss_cold_0_3_edge25,prime,WL2,end_level_v,3.239899010118367e-09,-0.18000000000000002,0.18000000000000002,PASS,False
buffered_out2_true2_ss_cold_0_3_edge25,prime,WL2,unselected_max_v,5.8949367054151196e-06,,0.18000000000000002,PASS,False
buffered_out2_true2_ss_cold_0_3_edge25,prime,WL3,upper_excursion_v,5.89493072408751e-06,,1.9800000000000002,PASS,False
buffered_out2_true2_ss_cold_0_3_edge25,prime,WL3,lower_excursion_v,-6.397829518215863e-06,-0.18000000000000002,,PASS,False
buffered_out2_true2_ss_cold_0_3_edge25,prime,WL3,end_level_v,3.2398985183048703e-09,-0.18000000000000002,0.18000000000000002,PASS,False
buffered_out2_true2_ss_cold_0_3_edge25,prime,WL3,unselected_max_v,5.89493072408751e-06,,0.18000000000000002,PASS,False
buffered_out2_true2_ss_cold_0_3_edge25,test,DEC0,upper_excursion_v,0.0025293883088666367,,1.9800000000000002,PASS,False
buffered_out2_true2_ss_cold_0_3_edge25,test,DEC0,lower_excursion_v,-9.184044592641621e-05,-0.18000000000000002,,PASS,False
buffered_out2_true2_ss_cold_0_3_edge25,test,DEC0,end_level_v,1.0874527227112149e-09,-0.18000000000000002,0.18000000000000002,PASS,False
buffered_out2_true2_ss_cold_0_3_edge25,test,DEC0,unselected_max_v,0.0025293883088666367,,0.18000000000000002,PASS,False
buffered_out2_true2_ss_cold_0_3_edge25,test,DEC1,upper_excursion_v,0.002529390903504853,,1.9800000000000002,PASS,False
buffered_out2_true2_ss_cold_0_3_edge25,test,DEC1,lower_excursion_v,-9.286361840534264e-05,-0.18000000000000002,,PASS,False
buffered_out2_true2_ss_cold_0_3_edge25,test,DEC1,end_level_v,1.087457160747659e-09,-0.18000000000000002,0.18000000000000002,PASS,False
buffered_out2_true2_ss_cold_0_3_edge25,test,DEC1,unselected_max_v,0.002529390903504853,,0.18000000000000002,PASS,False
buffered_out2_true2_ss_cold_0_3_edge25,test,DEC2,upper_excursion_v,0.002527262338439751,,1.9800000000000002,PASS,False
buffered_out2_true2_ss_cold_0_3_edge25,test,DEC2,lower_excursion_v,-0.00022970047471601238,-0.18000000000000002,,PASS,False
buffered_out2_true2_ss_cold_0_3_edge25,test,DEC2,end_level_v,-7.617298997050778e-07,-0.18000000000000002,0.18000000000000002,PASS,False
buffered_out2_true2_ss_cold_0_3_edge25,test,DEC2,unselected_max_v,0.002527262338439751,,0.18000000000000002,PASS,False
buffered_out2_true2_ss_cold_0_3_edge25,test,DEC3,upper_excursion_v,1.8000094863908933,,1.9800000000000002,PASS,False
buffered_out2_true2_ss_cold_0_3_edge25,test,DEC3,lower_excursion_v,-0.10119210134482748,-0.18000000000000002,,PASS,False
buffered_out2_true2_ss_cold_0_3_edge25,test,DEC3,end_level_v,1.7999999961685924,1.62,1.9800000000000002,PASS,False
buffered_out2_true2_ss_cold_0_3_edge25,test,DEC3,settled_min_v,1.7999996174197457,1.62,,PASS,False
buffered_out2_true2_ss_cold_0_3_edge25,test,WL0,upper_excursion_v,5.910519640497272e-06,,1.9800000000000002,PASS,False
buffered_out2_true2_ss_cold_0_3_edge25,test,WL0,lower_excursion_v,-6.510611653076006e-06,-0.18000000000000002,,PASS,False
buffered_out2_true2_ss_cold_0_3_edge25,test,WL0,end_level_v,3.2398989995711214e-09,-0.18000000000000002,0.18000000000000002,PASS,False
buffered_out2_true2_ss_cold_0_3_edge25,test,WL0,unselected_max_v,5.910519640497272e-06,,0.18000000000000002,PASS,False
buffered_out2_true2_ss_cold_0_3_edge25,test,WL1,upper_excursion_v,5.91055281713197e-06,,1.9800000000000002,PASS,False
buffered_out2_true2_ss_cold_0_3_edge25,test,WL1,lower_excursion_v,-6.520526730500124e-06,-0.18000000000000002,,PASS,False
buffered_out2_true2_ss_cold_0_3_edge25,test,WL1,end_level_v,3.239898887078789e-09,-0.18000000000000002,0.18000000000000002,PASS,False
buffered_out2_true2_ss_cold_0_3_edge25,test,WL1,unselected_max_v,5.91055281713197e-06,,0.18000000000000002,PASS,False
buffered_out2_true2_ss_cold_0_3_edge25,test,WL2,upper_excursion_v,5.895813810169471e-06,,1.9800000000000002,PASS,False
buffered_out2_true2_ss_cold_0_3_edge25,test,WL2,lower_excursion_v,-7.003520399995829e-06,-0.18000000000000002,,PASS,False
buffered_out2_true2_ss_cold_0_3_edge25,test,WL2,end_level_v,3.2397644749636137e-09,-0.18000000000000002,0.18000000000000002,PASS,False
buffered_out2_true2_ss_cold_0_3_edge25,test,WL2,unselected_max_v,5.895813810169471e-06,,0.18000000000000002,PASS,False
buffered_out2_true2_ss_cold_0_3_edge25,test,WL3,upper_excursion_v,1.7999999898436985,,1.9800000000000002,PASS,False
buffered_out2_true2_ss_cold_0_3_edge25,test,WL3,lower_excursion_v,-0.03761888565088839,-0.18000000000000002,,PASS,False
buffered_out2_true2_ss_cold_0_3_edge25,test,WL3,end_level_v,1.7999999898436982,1.62,1.9800000000000002,PASS,False
buffered_out2_true2_ss_cold_0_3_edge25,test,WL3,settled_min_v,1.79727169313654,1.62,,PASS,False
buffered_out2_true2_ss_cold_0_3_edge25,recovery,DEC0,end_level_v,1.1899601089638285e-09,-0.18000000000000002,0.18000000000000002,PASS,False
buffered_out2_true2_ss_cold_0_3_edge25,recovery,DEC0,settled_max_v,0.00024831239591233703,,0.18000000000000002,PASS,False
buffered_out2_true2_ss_cold_0_3_edge25,recovery,DEC1,end_level_v,1.189836922840424e-09,-0.18000000000000002,0.18000000000000002,PASS,False
buffered_out2_true2_ss_cold_0_3_edge25,recovery,DEC1,settled_max_v,0.0002454413818113821,,0.18000000000000002,PASS,False
buffered_out2_true2_ss_cold_0_3_edge25,recovery,DEC2,end_level_v,9.072241729038422e-08,-0.18000000000000002,0.18000000000000002,PASS,False
buffered_out2_true2_ss_cold_0_3_edge25,recovery,DEC2,settled_max_v,0.0008297498785986897,,0.18000000000000002,PASS,False
buffered_out2_true2_ss_cold_0_3_edge25,recovery,DEC3,end_level_v,1.8516123082359948e-07,-0.18000000000000002,0.18000000000000002,PASS,False
buffered_out2_true2_ss_cold_0_3_edge25,recovery,DEC3,settled_max_v,0.0009647899599504774,,0.18000000000000002,PASS,False
buffered_out2_true2_ss_cold_0_3_edge25,recovery,WL0,end_level_v,3.2398987869668955e-09,-0.18000000000000002,0.18000000000000002,PASS,False
buffered_out2_true2_ss_cold_0_3_edge25,recovery,WL0,settled_max_v,9.34725895508701e-07,,0.18000000000000002,PASS,False
buffered_out2_true2_ss_cold_0_3_edge25,recovery,WL1,end_level_v,3.239899040993812e-09,-0.18000000000000002,0.18000000000000002,PASS,False
buffered_out2_true2_ss_cold_0_3_edge25,recovery,WL1,settled_max_v,9.027691983189319e-07,,0.18000000000000002,PASS,False
buffered_out2_true2_ss_cold_0_3_edge25,recovery,WL2,end_level_v,3.240452666416299e-09,-0.18000000000000002,0.18000000000000002,PASS,False
buffered_out2_true2_ss_cold_0_3_edge25,recovery,WL2,settled_max_v,1.714971122062637e-06,,0.18000000000000002,PASS,False
buffered_out2_true2_ss_cold_0_3_edge25,recovery,WL3,end_level_v,3.2411068505961507e-09,-0.18000000000000002,0.18000000000000002,PASS,False
buffered_out2_true2_ss_cold_0_3_edge25,recovery,WL3,settled_max_v,2.295762838905879e-06,,0.18000000000000002,PASS,False
buffered_out2_true2_ss_cold_0_3_edge25,recovery,N0,end_level_v,1.8000000083973995,1.62,1.9800000000000002,PASS,False
buffered_out2_true2_ss_cold_0_3_edge25,recovery,N1,end_level_v,1.8000000086341559,1.62,1.9800000000000002,PASS,False
buffered_out2_true2_ss_cold_0_3_edge25,recovery,N2,end_level_v,1.7997566997909715,1.62,1.9800000000000002,PASS,False
buffered_out2_true2_ss_cold_0_3_edge25,recovery,N3,end_level_v,1.7994533371085688,1.62,1.9800000000000002,PASS,False
buffered_out2_true2_ss_cold_0_3_edge25,final_precharge,DEC0,settled_max_v,1.6965638425389117e-09,,0.18000000000000002,PASS,False
buffered_out2_true2_ss_cold_0_3_edge25,final_precharge,DEC0,settled_min_v,1.2053107580700866e-09,-0.18000000000000002,,PASS,False
buffered_out2_true2_ss_cold_0_3_edge25,final_precharge,DEC1,settled_max_v,1.701708465477958e-09,,0.18000000000000002,PASS,False
buffered_out2_true2_ss_cold_0_3_edge25,final_precharge,DEC1,settled_min_v,1.2053187241830526e-09,-0.18000000000000002,,PASS,False
buffered_out2_true2_ss_cold_0_3_edge25,final_precharge,DEC2,settled_max_v,8.659931116112397e-09,,0.18000000000000002,PASS,False
buffered_out2_true2_ss_cold_0_3_edge25,final_precharge,DEC2,settled_min_v,3.1856983440103924e-09,-0.18000000000000002,,PASS,False
buffered_out2_true2_ss_cold_0_3_edge25,final_precharge,DEC3,settled_max_v,9.500331597793622e-06,,0.18000000000000002,PASS,False
buffered_out2_true2_ss_cold_0_3_edge25,final_precharge,DEC3,settled_min_v,1.1657021545610804e-07,-0.18000000000000002,,PASS,False
buffered_out2_true2_ss_cold_0_3_edge25,final_precharge,WL0,settled_max_v,3.2399599015638743e-09,,0.18000000000000002,PASS,False
buffered_out2_true2_ss_cold_0_3_edge25,final_precharge,WL0,settled_min_v,3.239898390784654e-09,-0.18000000000000002,,PASS,False
buffered_out2_true2_ss_cold_0_3_edge25,final_precharge,WL1,settled_max_v,3.239960708362668e-09,,0.18000000000000002,PASS,False
buffered_out2_true2_ss_cold_0_3_edge25,final_precharge,WL1,settled_min_v,3.2398982871083718e-09,-0.18000000000000002,,PASS,False
buffered_out2_true2_ss_cold_0_3_edge25,final_precharge,WL2,settled_max_v,3.2419152227879814e-09,,0.18000000000000002,PASS,False
buffered_out2_true2_ss_cold_0_3_edge25,final_precharge,WL2,settled_min_v,3.2398989139394434e-09,-0.18000000000000002,,PASS,False
buffered_out2_true2_ss_cold_0_3_edge25,final_precharge,WL3,settled_max_v,1.187527624741435e-08,,0.18000000000000002,PASS,False
buffered_out2_true2_ss_cold_0_3_edge25,final_precharge,WL3,settled_min_v,3.240037686923835e-09,-0.18000000000000002,,PASS,False
buffered_out2_true2_ss_cold_0_3_edge25,final_precharge,N0,end_level_v,1.7999999783667904,1.62,1.9800000000000002,PASS,False
buffered_out2_true2_ss_cold_0_3_edge25,final_precharge,N1,end_level_v,1.799999978337671,1.62,1.9800000000000002,PASS,False
buffered_out2_true2_ss_cold_0_3_edge25,final_precharge,N2,end_level_v,1.799966221045264,1.62,1.9800000000000002,PASS,False
buffered_out2_true2_ss_cold_0_3_edge25,final_precharge,N3,end_level_v,1.7993283123403176,1.62,1.9800000000000002,PASS,False
buffered_out2_true2_ss_cold_0_3_edge50,prime,DEC0,upper_excursion_v,1.7999999961768112,,1.9800000000000002,PASS,False
buffered_out2_true2_ss_cold_0_3_edge50,prime,DEC0,lower_excursion_v,-0.0918699329238935,-0.18000000000000002,,PASS,False
buffered_out2_true2_ss_cold_0_3_edge50,prime,DEC0,end_level_v,1.7999999961705773,1.62,1.9800000000000002,PASS,False
buffered_out2_true2_ss_cold_0_3_edge50,prime,DEC0,settled_min_v,1.7999995334646879,1.62,,PASS,False
buffered_out2_true2_ss_cold_0_3_edge50,prime,DEC1,upper_excursion_v,0.0011584407373472605,,1.9800000000000002,PASS,False
buffered_out2_true2_ss_cold_0_3_edge50,prime,DEC1,lower_excursion_v,-8.076916216705893e-05,-0.18000000000000002,,PASS,False
buffered_out2_true2_ss_cold_0_3_edge50,prime,DEC1,end_level_v,-5.693132427708748e-07,-0.18000000000000002,0.18000000000000002,PASS,False
buffered_out2_true2_ss_cold_0_3_edge50,prime,DEC1,unselected_max_v,0.0011584407373472605,,0.18000000000000002,PASS,False
buffered_out2_true2_ss_cold_0_3_edge50,prime,DEC2,upper_excursion_v,0.0011561925660350345,,1.9800000000000002,PASS,False
buffered_out2_true2_ss_cold_0_3_edge50,prime,DEC2,lower_excursion_v,-2.0801258613919623e-06,-0.18000000000000002,,PASS,False
buffered_out2_true2_ss_cold_0_3_edge50,prime,DEC2,end_level_v,1.0825942366098318e-09,-0.18000000000000002,0.18000000000000002,PASS,False
buffered_out2_true2_ss_cold_0_3_edge50,prime,DEC2,unselected_max_v,0.0011561925660350345,,0.18000000000000002,PASS,False
buffered_out2_true2_ss_cold_0_3_edge50,prime,DEC3,upper_excursion_v,0.0011561964059013043,,1.9800000000000002,PASS,False
buffered_out2_true2_ss_cold_0_3_edge50,prime,DEC3,lower_excursion_v,-2.072667895304309e-06,-0.18000000000000002,,PASS,False
buffered_out2_true2_ss_cold_0_3_edge50,prime,DEC3,end_level_v,1.082585309041405e-09,-0.18000000000000002,0.18000000000000002,PASS,False
buffered_out2_true2_ss_cold_0_3_edge50,prime,DEC3,unselected_max_v,0.0011561964059013043,,0.18000000000000002,PASS,False
buffered_out2_true2_ss_cold_0_3_edge50,prime,WL0,upper_excursion_v,1.7999999898436985,,1.9800000000000002,PASS,False
buffered_out2_true2_ss_cold_0_3_edge50,prime,WL0,lower_excursion_v,-0.037569306838216306,-0.18000000000000002,,PASS,False
buffered_out2_true2_ss_cold_0_3_edge50,prime,WL0,end_level_v,1.7999999898436985,1.62,1.9800000000000002,PASS,False
buffered_out2_true2_ss_cold_0_3_edge50,prime,WL0,settled_min_v,1.7970282138625184,1.62,,PASS,False
buffered_out2_true2_ss_cold_0_3_edge50,prime,WL1,upper_excursion_v,4.0541916659257237e-07,,1.9800000000000002,PASS,False
buffered_out2_true2_ss_cold_0_3_edge50,prime,WL1,lower_excursion_v,-3.6130727286563272e-06,-0.18000000000000002,,PASS,False
buffered_out2_true2_ss_cold_0_3_edge50,prime,WL1,end_level_v,3.2398408764536406e-09,-0.18000000000000002,0.18000000000000002,PASS,False
buffered_out2_true2_ss_cold_0_3_edge50,prime,WL1,unselected_max_v,4.0541916659257237e-07,,0.18000000000000002,PASS,False
buffered_out2_true2_ss_cold_0_3_edge50,prime,WL2,upper_excursion_v,3.6702171840559193e-07,,1.9800000000000002,PASS,False
buffered_out2_true2_ss_cold_0_3_edge50,prime,WL2,lower_excursion_v,-3.6002729668348976e-06,-0.18000000000000002,,PASS,False
buffered_out2_true2_ss_cold_0_3_edge50,prime,WL2,end_level_v,3.2398990685681753e-09,-0.18000000000000002,0.18000000000000002,PASS,False
buffered_out2_true2_ss_cold_0_3_edge50,prime,WL2,unselected_max_v,3.6702171840559193e-07,,0.18000000000000002,PASS,False
buffered_out2_true2_ss_cold_0_3_edge50,prime,WL3,upper_excursion_v,3.6726150981988754e-07,,1.9800000000000002,PASS,False
buffered_out2_true2_ss_cold_0_3_edge50,prime,WL3,lower_excursion_v,-3.598232091794176e-06,-0.18000000000000002,,PASS,False
buffered_out2_true2_ss_cold_0_3_edge50,prime,WL3,end_level_v,3.23989842471042e-09,-0.18000000000000002,0.18000000000000002,PASS,False
buffered_out2_true2_ss_cold_0_3_edge50,prime,WL3,unselected_max_v,3.6726150981988754e-07,,0.18000000000000002,PASS,False
buffered_out2_true2_ss_cold_0_3_edge50,test,DEC0,upper_excursion_v,0.0011560612441737016,,1.9800000000000002,PASS,False
buffered_out2_true2_ss_cold_0_3_edge50,test,DEC0,lower_excursion_v,-2.0936153246395034e-06,-0.18000000000000002,,PASS,False
buffered_out2_true2_ss_cold_0_3_edge50,test,DEC0,end_level_v,1.0825866627527064e-09,-0.18000000000000002,0.18000000000000002,PASS,False
buffered_out2_true2_ss_cold_0_3_edge50,test,DEC0,unselected_max_v,0.0011560612441737016,,0.18000000000000002,PASS,False
buffered_out2_true2_ss_cold_0_3_edge50,test,DEC1,upper_excursion_v,0.0011560603109114938,,1.9800000000000002,PASS,False
buffered_out2_true2_ss_cold_0_3_edge50,test,DEC1,lower_excursion_v,-2.1141416591429125e-06,-0.18000000000000002,,PASS,False
buffered_out2_true2_ss_cold_0_3_edge50,test,DEC1,end_level_v,1.0825915740858576e-09,-0.18000000000000002,0.18000000000000002,PASS,False
buffered_out2_true2_ss_cold_0_3_edge50,test,DEC1,unselected_max_v,0.0011560603109114938,,0.18000000000000002,PASS,False
buffered_out2_true2_ss_cold_0_3_edge50,test,DEC2,upper_excursion_v,0.001153395325070475,,1.9800000000000002,PASS,False
buffered_out2_true2_ss_cold_0_3_edge50,test,DEC2,lower_excursion_v,-3.362855015750718e-05,-0.18000000000000002,,PASS,False
buffered_out2_true2_ss_cold_0_3_edge50,test,DEC2,end_level_v,-7.628196221007304e-07,-0.18000000000000002,0.18000000000000002,PASS,False
buffered_out2_true2_ss_cold_0_3_edge50,test,DEC2,unselected_max_v,0.001153395325070475,,0.18000000000000002,PASS,False
buffered_out2_true2_ss_cold_0_3_edge50,test,DEC3,upper_excursion_v,1.8000094880465118,,1.9800000000000002,PASS,False
buffered_out2_true2_ss_cold_0_3_edge50,test,DEC3,lower_excursion_v,-0.10111604040622038,-0.18000000000000002,,PASS,False
buffered_out2_true2_ss_cold_0_3_edge50,test,DEC3,end_level_v,1.7999999961685988,1.62,1.9800000000000002,PASS,False
buffered_out2_true2_ss_cold_0_3_edge50,test,DEC3,settled_min_v,1.799999598018577,1.62,,PASS,False
buffered_out2_true2_ss_cold_0_3_edge50,test,WL0,upper_excursion_v,3.5678917053862387e-07,,1.9800000000000002,PASS,False
buffered_out2_true2_ss_cold_0_3_edge50,test,WL0,lower_excursion_v,-3.595086590451021e-06,-0.18000000000000002,,PASS,False
buffered_out2_true2_ss_cold_0_3_edge50,test,WL0,end_level_v,3.2398985903466826e-09,-0.18000000000000002,0.18000000000000002,PASS,False
buffered_out2_true2_ss_cold_0_3_edge50,test,WL0,unselected_max_v,3.5678917053862387e-07,,0.18000000000000002,PASS,False
buffered_out2_true2_ss_cold_0_3_edge50,test,WL1,upper_excursion_v,3.567451881956829e-07,,1.9800000000000002,PASS,False
buffered_out2_true2_ss_cold_0_3_edge50,test,WL1,lower_excursion_v,-3.5958106347166167e-06,-0.18000000000000002,,PASS,False
buffered_out2_true2_ss_cold_0_3_edge50,test,WL1,end_level_v,3.239899050909584e-09,-0.18000000000000002,0.18000000000000002,PASS,False
buffered_out2_true2_ss_cold_0_3_edge50,test,WL1,unselected_max_v,3.567451881956829e-07,,0.18000000000000002,PASS,False
buffered_out2_true2_ss_cold_0_3_edge50,test,WL2,upper_excursion_v,4.5402727715299693e-07,,1.9800000000000002,PASS,False
buffered_out2_true2_ss_cold_0_3_edge50,test,WL2,lower_excursion_v,-3.5946894757589433e-06,-0.18000000000000002,,PASS,False
buffered_out2_true2_ss_cold_0_3_edge50,test,WL2,end_level_v,3.239763904105816e-09,-0.18000000000000002,0.18000000000000002,PASS,False
buffered_out2_true2_ss_cold_0_3_edge50,test,WL2,unselected_max_v,4.5402727715299693e-07,,0.18000000000000002,PASS,False
buffered_out2_true2_ss_cold_0_3_edge50,test,WL3,upper_excursion_v,1.7999999898436985,,1.9800000000000002,PASS,False
buffered_out2_true2_ss_cold_0_3_edge50,test,WL3,lower_excursion_v,-0.03758114502545183,-0.18000000000000002,,PASS,False
buffered_out2_true2_ss_cold_0_3_edge50,test,WL3,end_level_v,1.7999999898436982,1.62,1.9800000000000002,PASS,False
buffered_out2_true2_ss_cold_0_3_edge50,test,WL3,settled_min_v,1.7971308318344155,1.62,,PASS,False
buffered_out2_true2_ss_cold_0_3_edge50,recovery,DEC0,end_level_v,1.1898770830151853e-09,-0.18000000000000002,0.18000000000000002,PASS,False
buffered_out2_true2_ss_cold_0_3_edge50,recovery,DEC0,settled_max_v,0.00024829545329296316,,0.18000000000000002,PASS,False
buffered_out2_true2_ss_cold_0_3_edge50,recovery,DEC1,end_level_v,1.1897521814587855e-09,-0.18000000000000002,0.18000000000000002,PASS,False
buffered_out2_true2_ss_cold_0_3_edge50,recovery,DEC1,settled_max_v,0.00024540809652581243,,0.18000000000000002,PASS,False
buffered_out2_true2_ss_cold_0_3_edge50,recovery,DEC2,end_level_v,9.134167147456541e-08,-0.18000000000000002,0.18000000000000002,PASS,False
buffered_out2_true2_ss_cold_0_3_edge50,recovery,DEC2,settled_max_v,0.0008297530038516706,,0.18000000000000002,PASS,False
buffered_out2_true2_ss_cold_0_3_edge50,recovery,DEC3,end_level_v,1.863273451065545e-07,-0.18000000000000002,0.18000000000000002,PASS,False
buffered_out2_true2_ss_cold_0_3_edge50,recovery,DEC3,settled_max_v,0.0009648738961271948,,0.18000000000000002,PASS,False
buffered_out2_true2_ss_cold_0_3_edge50,recovery,WL0,end_level_v,3.239898787237916e-09,-0.18000000000000002,0.18000000000000002,PASS,False
buffered_out2_true2_ss_cold_0_3_edge50,recovery,WL0,settled_max_v,8.918327535200343e-07,,0.18000000000000002,PASS,False
buffered_out2_true2_ss_cold_0_3_edge50,recovery,WL1,end_level_v,3.2398989272176766e-09,-0.18000000000000002,0.18000000000000002,PASS,False
buffered_out2_true2_ss_cold_0_3_edge50,recovery,WL1,settled_max_v,8.642778874837926e-07,,0.18000000000000002,PASS,False
buffered_out2_true2_ss_cold_0_3_edge50,recovery,WL2,end_level_v,3.240460420096379e-09,-0.18000000000000002,0.18000000000000002,PASS,False
buffered_out2_true2_ss_cold_0_3_edge50,recovery,WL2,settled_max_v,1.7152159686300079e-06,,0.18000000000000002,PASS,False
buffered_out2_true2_ss_cold_0_3_edge50,recovery,WL3,end_level_v,3.2411238417329523e-09,-0.18000000000000002,0.18000000000000002,PASS,False
buffered_out2_true2_ss_cold_0_3_edge50,recovery,WL3,settled_max_v,2.296045859673078e-06,,0.18000000000000002,PASS,False
buffered_out2_true2_ss_cold_0_3_edge50,recovery,N0,end_level_v,1.800000008516917,1.62,1.9800000000000002,PASS,False
buffered_out2_true2_ss_cold_0_3_edge50,recovery,N1,end_level_v,1.8000000087546904,1.62,1.9800000000000002,PASS,False
buffered_out2_true2_ss_cold_0_3_edge50,recovery,N2,end_level_v,1.799755819394459,1.62,1.9800000000000002,PASS,False
buffered_out2_true2_ss_cold_0_3_edge50,recovery,N3,end_level_v,1.799451737111442,1.62,1.9800000000000002,PASS,False
buffered_out2_true2_ss_cold_0_3_edge50,final_precharge,DEC0,settled_max_v,1.7104109652822594e-09,,0.18000000000000002,PASS,False
buffered_out2_true2_ss_cold_0_3_edge50,final_precharge,DEC0,settled_min_v,1.2053120831497764e-09,-0.18000000000000002,,PASS,False
buffered_out2_true2_ss_cold_0_3_edge50,final_precharge,DEC1,settled_max_v,1.7156976820490939e-09,,0.18000000000000002,PASS,False
buffered_out2_true2_ss_cold_0_3_edge50,final_precharge,DEC1,settled_min_v,1.2053211255793607e-09,-0.18000000000000002,,PASS,False
buffered_out2_true2_ss_cold_0_3_edge50,final_precharge,DEC2,settled_max_v,8.805283242089654e-09,,0.18000000000000002,PASS,False
buffered_out2_true2_ss_cold_0_3_edge50,final_precharge,DEC2,settled_min_v,3.1900687126607006e-09,-0.18000000000000002,,PASS,False
buffered_out2_true2_ss_cold_0_3_edge50,final_precharge,DEC3,settled_max_v,9.693205073259716e-06,,0.18000000000000002,PASS,False
buffered_out2_true2_ss_cold_0_3_edge50,final_precharge,DEC3,settled_min_v,1.1684510367940306e-07,-0.18000000000000002,,PASS,False
buffered_out2_true2_ss_cold_0_3_edge50,final_precharge,WL0,settled_max_v,3.239972398694736e-09,,0.18000000000000002,PASS,False
buffered_out2_true2_ss_cold_0_3_edge50,final_precharge,WL0,settled_min_v,3.2398984578593373e-09,-0.18000000000000002,,PASS,False
buffered_out2_true2_ss_cold_0_3_edge50,final_precharge,WL1,settled_max_v,3.2399737062193372e-09,,0.18000000000000002,PASS,False
buffered_out2_true2_ss_cold_0_3_edge50,final_precharge,WL1,settled_min_v,3.239898311672892e-09,-0.18000000000000002,,PASS,False
buffered_out2_true2_ss_cold_0_3_edge50,final_precharge,WL2,settled_max_v,3.242049435066355e-09,,0.18000000000000002,PASS,False
buffered_out2_true2_ss_cold_0_3_edge50,final_precharge,WL2,settled_min_v,3.2398990449374314e-09,-0.18000000000000002,,PASS,False
buffered_out2_true2_ss_cold_0_3_edge50,final_precharge,WL3,settled_max_v,1.3138936625579092e-08,,0.18000000000000002,PASS,False
buffered_out2_true2_ss_cold_0_3_edge50,final_precharge,WL3,settled_min_v,3.2400383035647524e-09,-0.18000000000000002,,PASS,False
buffered_out2_true2_ss_cold_0_3_edge50,final_precharge,N0,end_level_v,1.7999999783594338,1.62,1.9800000000000002,PASS,False
buffered_out2_true2_ss_cold_0_3_edge50,final_precharge,N1,end_level_v,1.799999978330254,1.62,1.9800000000000002,PASS,False
buffered_out2_true2_ss_cold_0_3_edge50,final_precharge,N2,end_level_v,1.7999661828965292,1.62,1.9800000000000002,PASS,False
buffered_out2_true2_ss_cold_0_3_edge50,final_precharge,N3,end_level_v,1.7993274541776463,1.62,1.9800000000000002,PASS,False
buffered_out2_true2_ss_cold_3_0_edge25,prime,DEC0,upper_excursion_v,0.002528657561865708,,1.9800000000000002,PASS,False
buffered_out2_true2_ss_cold_3_0_edge25,prime,DEC0,lower_excursion_v,-8.629411178131161e-05,-0.18000000000000002,,PASS,False
buffered_out2_true2_ss_cold_3_0_edge25,prime,DEC0,end_level_v,1.0874366228680039e-09,-0.18000000000000002,0.18000000000000002,PASS,False
buffered_out2_true2_ss_cold_3_0_edge25,prime,DEC0,unselected_max_v,0.002528657561865708,,0.18000000000000002,PASS,False
buffered_out2_true2_ss_cold_3_0_edge25,prime,DEC1,upper_excursion_v,0.0025286499958052733,,1.9800000000000002,PASS,False
buffered_out2_true2_ss_cold_3_0_edge25,prime,DEC1,lower_excursion_v,-8.662293598720442e-05,-0.18000000000000002,,PASS,False
buffered_out2_true2_ss_cold_3_0_edge25,prime,DEC1,end_level_v,1.0874446485046257e-09,-0.18000000000000002,0.18000000000000002,PASS,False
buffered_out2_true2_ss_cold_3_0_edge25,prime,DEC1,unselected_max_v,0.0025286499958052733,,0.18000000000000002,PASS,False
buffered_out2_true2_ss_cold_3_0_edge25,prime,DEC2,upper_excursion_v,0.0025272998372080323,,1.9800000000000002,PASS,False
buffered_out2_true2_ss_cold_3_0_edge25,prime,DEC2,lower_excursion_v,-0.00021820755553083118,-0.18000000000000002,,PASS,False
buffered_out2_true2_ss_cold_3_0_edge25,prime,DEC2,end_level_v,-5.47499343028779e-07,-0.18000000000000002,0.18000000000000002,PASS,False
buffered_out2_true2_ss_cold_3_0_edge25,prime,DEC2,unselected_max_v,0.0025272998372080323,,0.18000000000000002,PASS,False
buffered_out2_true2_ss_cold_3_0_edge25,prime,DEC3,upper_excursion_v,1.8000094878745276,,1.9800000000000002,PASS,False
buffered_out2_true2_ss_cold_3_0_edge25,prime,DEC3,lower_excursion_v,-0.10109345803376305,-0.18000000000000002,,PASS,False
buffered_out2_true2_ss_cold_3_0_edge25,prime,DEC3,end_level_v,1.7999999961676425,1.62,1.9800000000000002,PASS,False
buffered_out2_true2_ss_cold_3_0_edge25,prime,DEC3,settled_min_v,1.7999996184986695,1.62,,PASS,False
buffered_out2_true2_ss_cold_3_0_edge25,prime,WL0,upper_excursion_v,5.908518621401075e-06,,1.9800000000000002,PASS,False
buffered_out2_true2_ss_cold_3_0_edge25,prime,WL0,lower_excursion_v,-6.503023083773105e-06,-0.18000000000000002,,PASS,False
buffered_out2_true2_ss_cold_3_0_edge25,prime,WL0,end_level_v,3.2398987384270285e-09,-0.18000000000000002,0.18000000000000002,PASS,False
buffered_out2_true2_ss_cold_3_0_edge25,prime,WL0,unselected_max_v,5.908518621401075e-06,,0.18000000000000002,PASS,False
buffered_out2_true2_ss_cold_3_0_edge25,prime,WL1,upper_excursion_v,5.908507002946114e-06,,1.9800000000000002,PASS,False
buffered_out2_true2_ss_cold_3_0_edge25,prime,WL1,lower_excursion_v,-6.5118145003357695e-06,-0.18000000000000002,,PASS,False
buffered_out2_true2_ss_cold_3_0_edge25,prime,WL1,end_level_v,3.2398985144903844e-09,-0.18000000000000002,0.18000000000000002,PASS,False
buffered_out2_true2_ss_cold_3_0_edge25,prime,WL1,unselected_max_v,5.908507002946114e-06,,0.18000000000000002,PASS,False
buffered_out2_true2_ss_cold_3_0_edge25,prime,WL2,upper_excursion_v,5.89616193908439e-06,,1.9800000000000002,PASS,False
buffered_out2_true2_ss_cold_3_0_edge25,prime,WL2,lower_excursion_v,-6.996557512523556e-06,-0.18000000000000002,,PASS,False
buffered_out2_true2_ss_cold_3_0_edge25,prime,WL2,end_level_v,3.2398468475183e-09,-0.18000000000000002,0.18000000000000002,PASS,False
buffered_out2_true2_ss_cold_3_0_edge25,prime,WL2,unselected_max_v,5.89616193908439e-06,,0.18000000000000002,PASS,False
buffered_out2_true2_ss_cold_3_0_edge25,prime,WL3,upper_excursion_v,1.7999999898436827,,1.9800000000000002,PASS,False
buffered_out2_true2_ss_cold_3_0_edge25,prime,WL3,lower_excursion_v,-0.03757719631371376,-0.18000000000000002,,PASS,False
buffered_out2_true2_ss_cold_3_0_edge25,prime,WL3,end_level_v,1.7999999898436827,1.62,1.9800000000000002,PASS,False
buffered_out2_true2_ss_cold_3_0_edge25,prime,WL3,settled_min_v,1.7972796821836223,1.62,,PASS,False
buffered_out2_true2_ss_cold_3_0_edge25,test,DEC0,upper_excursion_v,1.7999999962325548,,1.9800000000000002,PASS,False
buffered_out2_true2_ss_cold_3_0_edge25,test,DEC0,lower_excursion_v,-0.09163981937175396,-0.18000000000000002,,PASS,False
buffered_out2_true2_ss_cold_3_0_edge25,test,DEC0,end_level_v,1.79999999617773,1.62,1.9800000000000002,PASS,False
buffered_out2_true2_ss_cold_3_0_edge25,test,DEC0,settled_min_v,1.7999995545307825,1.62,,PASS,False
buffered_out2_true2_ss_cold_3_0_edge25,test,DEC1,upper_excursion_v,0.0025289817603367268,,1.9800000000000002,PASS,False
buffered_out2_true2_ss_cold_3_0_edge25,test,DEC1,lower_excursion_v,-0.0002135290072705527,-0.18000000000000002,,PASS,False
buffered_out2_true2_ss_cold_3_0_edge25,test,DEC1,end_level_v,-8.252514872679482e-07,-0.18000000000000002,0.18000000000000002,PASS,False
buffered_out2_true2_ss_cold_3_0_edge25,test,DEC1,unselected_max_v,0.0025289817603367268,,0.18000000000000002,PASS,False
buffered_out2_true2_ss_cold_3_0_edge25,test,DEC2,upper_excursion_v,0.0025225756061721537,,1.9800000000000002,PASS,False
buffered_out2_true2_ss_cold_3_0_edge25,test,DEC2,lower_excursion_v,-2.4919367181709418e-05,-0.18000000000000002,,PASS,False
buffered_out2_true2_ss_cold_3_0_edge25,test,DEC2,end_level_v,1.0874597674832793e-09,-0.18000000000000002,0.18000000000000002,PASS,False
buffered_out2_true2_ss_cold_3_0_edge25,test,DEC2,unselected_max_v,0.0025225756061721537,,0.18000000000000002,PASS,False
buffered_out2_true2_ss_cold_3_0_edge25,test,DEC3,upper_excursion_v,0.002522563632755352,,1.9800000000000002,PASS,False
buffered_out2_true2_ss_cold_3_0_edge25,test,DEC3,lower_excursion_v,-2.3338544144891037e-05,-0.18000000000000002,,PASS,False
buffered_out2_true2_ss_cold_3_0_edge25,test,DEC3,end_level_v,1.087453251213857e-09,-0.18000000000000002,0.18000000000000002,PASS,False
buffered_out2_true2_ss_cold_3_0_edge25,test,DEC3,unselected_max_v,0.002522563632755352,,0.18000000000000002,PASS,False
buffered_out2_true2_ss_cold_3_0_edge25,test,WL0,upper_excursion_v,1.7999999898437107,,1.9800000000000002,PASS,False
buffered_out2_true2_ss_cold_3_0_edge25,test,WL0,lower_excursion_v,-0.03756117905176875,-0.18000000000000002,,PASS,False
buffered_out2_true2_ss_cold_3_0_edge25,test,WL0,end_level_v,1.7999999898437107,1.62,1.9800000000000002,PASS,False
buffered_out2_true2_ss_cold_3_0_edge25,test,WL0,settled_min_v,1.7971662407136075,1.62,,PASS,False
buffered_out2_true2_ss_cold_3_0_edge25,test,WL1,upper_excursion_v,5.909208488220475e-06,,1.9800000000000002,PASS,False
buffered_out2_true2_ss_cold_3_0_edge25,test,WL1,lower_excursion_v,-6.912490436231895e-06,-0.18000000000000002,,PASS,False
buffered_out2_true2_ss_cold_3_0_edge25,test,WL1,end_level_v,3.239729274613049e-09,-0.18000000000000002,0.18000000000000002,PASS,False
buffered_out2_true2_ss_cold_3_0_edge25,test,WL1,unselected_max_v,5.909208488220475e-06,,0.18000000000000002,PASS,False
buffered_out2_true2_ss_cold_3_0_edge25,test,WL2,upper_excursion_v,5.893284473629502e-06,,1.9800000000000002,PASS,False
buffered_out2_true2_ss_cold_3_0_edge25,test,WL2,lower_excursion_v,-6.417912013712549e-06,-0.18000000000000002,,PASS,False
buffered_out2_true2_ss_cold_3_0_edge25,test,WL2,end_level_v,3.239898920786126e-09,-0.18000000000000002,0.18000000000000002,PASS,False
buffered_out2_true2_ss_cold_3_0_edge25,test,WL2,unselected_max_v,5.893284473629502e-06,,0.18000000000000002,PASS,False
buffered_out2_true2_ss_cold_3_0_edge25,test,WL3,upper_excursion_v,5.89325766933289e-06,,1.9800000000000002,PASS,False
buffered_out2_true2_ss_cold_3_0_edge25,test,WL3,lower_excursion_v,-6.408171102283771e-06,-0.18000000000000002,,PASS,False
buffered_out2_true2_ss_cold_3_0_edge25,test,WL3,end_level_v,3.239898995663653e-09,-0.18000000000000002,0.18000000000000002,PASS,False
buffered_out2_true2_ss_cold_3_0_edge25,test,WL3,unselected_max_v,5.89325766933289e-06,,0.18000000000000002,PASS,False
buffered_out2_true2_ss_cold_3_0_edge25,recovery,DEC0,end_level_v,2.468940078515668e-07,-0.18000000000000002,0.18000000000000002,PASS,False
buffered_out2_true2_ss_cold_3_0_edge25,recovery,DEC0,settled_max_v,0.0002259876879683296,,0.18000000000000002,PASS,False
buffered_out2_true2_ss_cold_3_0_edge25,recovery,DEC1,end_level_v,1.3266522597144004e-07,-0.18000000000000002,0.18000000000000002,PASS,False
buffered_out2_true2_ss_cold_3_0_edge25,recovery,DEC1,settled_max_v,0.00022583163284102732,,0.18000000000000002,PASS,False
buffered_out2_true2_ss_cold_3_0_edge25,recovery,DEC2,end_level_v,1.200690978096538e-09,-0.18000000000000002,0.18000000000000002,PASS,False
buffered_out2_true2_ss_cold_3_0_edge25,recovery,DEC2,settled_max_v,0.0004256262042981073,,0.18000000000000002,PASS,False
buffered_out2_true2_ss_cold_3_0_edge25,recovery,DEC3,end_level_v,1.2008594477628877e-09,-0.18000000000000002,0.18000000000000002,PASS,False
buffered_out2_true2_ss_cold_3_0_edge25,recovery,DEC3,settled_max_v,0.0004330534565597351,,0.18000000000000002,PASS,False
buffered_out2_true2_ss_cold_3_0_edge25,recovery,WL0,end_level_v,3.2423058172429025e-09,-0.18000000000000002,0.18000000000000002,PASS,False
buffered_out2_true2_ss_cold_3_0_edge25,recovery,WL0,settled_max_v,1.0397015469075425e-06,,0.18000000000000002,PASS,False
buffered_out2_true2_ss_cold_3_0_edge25,recovery,WL1,end_level_v,3.241118057041969e-09,-0.18000000000000002,0.18000000000000002,PASS,False
buffered_out2_true2_ss_cold_3_0_edge25,recovery,WL1,settled_max_v,1.0390694712179613e-06,,0.18000000000000002,PASS,False
buffered_out2_true2_ss_cold_3_0_edge25,recovery,WL2,end_level_v,3.239899045479132e-09,-0.18000000000000002,0.18000000000000002,PASS,False
buffered_out2_true2_ss_cold_3_0_edge25,recovery,WL2,settled_max_v,2.7590230470015395e-06,,0.18000000000000002,PASS,False
buffered_out2_true2_ss_cold_3_0_edge25,recovery,WL3,end_level_v,3.2398985614928697e-09,-0.18000000000000002,0.18000000000000002,PASS,False
buffered_out2_true2_ss_cold_3_0_edge25,recovery,WL3,settled_max_v,2.7369780184398548e-06,,0.18000000000000002,PASS,False
buffered_out2_true2_ss_cold_3_0_edge25,recovery,N0,end_level_v,1.7993812398743239,1.62,1.9800000000000002,PASS,False
buffered_out2_true2_ss_cold_3_0_edge25,recovery,N1,end_level_v,1.799703224877661,1.62,1.9800000000000002,PASS,False
buffered_out2_true2_ss_cold_3_0_edge25,recovery,N2,end_level_v,1.7999999868456875,1.62,1.9800000000000002,PASS,False
buffered_out2_true2_ss_cold_3_0_edge25,recovery,N3,end_level_v,1.7999999865695757,1.62,1.9800000000000002,PASS,False
buffered_out2_true2_ss_cold_3_0_edge25,final_precharge,DEC0,settled_max_v,8.068462047827267e-06,,0.18000000000000002,PASS,False
buffered_out2_true2_ss_cold_3_0_edge25,final_precharge,DEC0,settled_min_v,1.1181240777742479e-07,-0.18000000000000002,,PASS,False
buffered_out2_true2_ss_cold_3_0_edge25,final_precharge,DEC1,settled_max_v,6.16871298993884e-08,,0.18000000000000002,PASS,False
buffered_out2_true2_ss_cold_3_0_edge25,final_precharge,DEC1,settled_min_v,3.150895648562637e-09,-0.18000000000000002,,PASS,False
buffered_out2_true2_ss_cold_3_0_edge25,final_precharge,DEC2,settled_max_v,1.210616782812385e-09,,0.18000000000000002,PASS,False
buffered_out2_true2_ss_cold_3_0_edge25,final_precharge,DEC2,settled_min_v,9.917547353060553e-10,-0.18000000000000002,,PASS,False
buffered_out2_true2_ss_cold_3_0_edge25,final_precharge,DEC3,settled_max_v,1.2099965372814036e-09,,0.18000000000000002,PASS,False
buffered_out2_true2_ss_cold_3_0_edge25,final_precharge,DEC3,settled_min_v,9.83739755738535e-10,-0.18000000000000002,,PASS,False
buffered_out2_true2_ss_cold_3_0_edge25,final_precharge,WL0,settled_max_v,1.2288371145024021e-08,,0.18000000000000002,PASS,False
buffered_out2_true2_ss_cold_3_0_edge25,final_precharge,WL0,settled_min_v,3.2400279439405027e-09,-0.18000000000000002,,PASS,False
buffered_out2_true2_ss_cold_3_0_edge25,final_precharge,WL1,settled_max_v,3.2666124981269113e-09,,0.18000000000000002,PASS,False
buffered_out2_true2_ss_cold_3_0_edge25,final_precharge,WL1,settled_min_v,3.2398988861420786e-09,-0.18000000000000002,,PASS,False
buffered_out2_true2_ss_cold_3_0_edge25,final_precharge,WL2,settled_max_v,3.2398993533521765e-09,,0.18000000000000002,PASS,False
buffered_out2_true2_ss_cold_3_0_edge25,final_precharge,WL2,settled_min_v,3.2398187425567076e-09,-0.18000000000000002,,PASS,False
buffered_out2_true2_ss_cold_3_0_edge25,final_precharge,WL3,settled_max_v,3.2398993233871373e-09,,0.18000000000000002,PASS,False
buffered_out2_true2_ss_cold_3_0_edge25,final_precharge,WL3,settled_min_v,3.2398191439517027e-09,-0.18000000000000002,,PASS,False
buffered_out2_true2_ss_cold_3_0_edge25,final_precharge,N0,end_level_v,1.7993441503588525,1.62,1.9800000000000002,PASS,False
buffered_out2_true2_ss_cold_3_0_edge25,final_precharge,N1,end_level_v,1.7999666359299378,1.62,1.9800000000000002,PASS,False
buffered_out2_true2_ss_cold_3_0_edge25,final_precharge,N2,end_level_v,1.7999999810459595,1.62,1.9800000000000002,PASS,False
buffered_out2_true2_ss_cold_3_0_edge25,final_precharge,N3,end_level_v,1.7999999810737917,1.62,1.9800000000000002,PASS,False
buffered_out2_true2_ss_cold_3_0_edge50,prime,DEC0,upper_excursion_v,0.001156904926273145,,1.9800000000000002,PASS,False
buffered_out2_true2_ss_cold_3_0_edge50,prime,DEC0,lower_excursion_v,-2.29542175203901e-06,-0.18000000000000002,,PASS,False
buffered_out2_true2_ss_cold_3_0_edge50,prime,DEC0,end_level_v,1.0825698716150885e-09,-0.18000000000000002,0.18000000000000002,PASS,False
buffered_out2_true2_ss_cold_3_0_edge50,prime,DEC0,unselected_max_v,0.001156904926273145,,0.18000000000000002,PASS,False
buffered_out2_true2_ss_cold_3_0_edge50,prime,DEC1,upper_excursion_v,0.0011568996590940513,,1.9800000000000002,PASS,False
buffered_out2_true2_ss_cold_3_0_edge50,prime,DEC1,lower_excursion_v,-2.3125327657168453e-06,-0.18000000000000002,,PASS,False
buffered_out2_true2_ss_cold_3_0_edge50,prime,DEC1,end_level_v,1.082579955567098e-09,-0.18000000000000002,0.18000000000000002,PASS,False
buffered_out2_true2_ss_cold_3_0_edge50,prime,DEC1,unselected_max_v,0.0011568996590940513,,0.18000000000000002,PASS,False
buffered_out2_true2_ss_cold_3_0_edge50,prime,DEC2,upper_excursion_v,0.00115544385754311,,1.9800000000000002,PASS,False
buffered_out2_true2_ss_cold_3_0_edge50,prime,DEC2,lower_excursion_v,-3.1773395466679066e-05,-0.18000000000000002,,PASS,False
buffered_out2_true2_ss_cold_3_0_edge50,prime,DEC2,end_level_v,-5.480613388154921e-07,-0.18000000000000002,0.18000000000000002,PASS,False
buffered_out2_true2_ss_cold_3_0_edge50,prime,DEC2,unselected_max_v,0.00115544385754311,,0.18000000000000002,PASS,False
buffered_out2_true2_ss_cold_3_0_edge50,prime,DEC3,upper_excursion_v,1.8000094864130156,,1.9800000000000002,PASS,False
buffered_out2_true2_ss_cold_3_0_edge50,prime,DEC3,lower_excursion_v,-0.10118765477471794,-0.18000000000000002,,PASS,False
buffered_out2_true2_ss_cold_3_0_edge50,prime,DEC3,end_level_v,1.7999999961676478,1.62,1.9800000000000002,PASS,False
buffered_out2_true2_ss_cold_3_0_edge50,prime,DEC3,settled_min_v,1.7999995992445734,1.62,,PASS,False
buffered_out2_true2_ss_cold_3_0_edge50,prime,WL0,upper_excursion_v,3.59037852221328e-07,,1.9800000000000002,PASS,False
buffered_out2_true2_ss_cold_3_0_edge50,prime,WL0,lower_excursion_v,-3.597686006734025e-06,-0.18000000000000002,,PASS,False
buffered_out2_true2_ss_cold_3_0_edge50,prime,WL0,end_level_v,3.239898728512086e-09,-0.18000000000000002,0.18000000000000002,PASS,False
buffered_out2_true2_ss_cold_3_0_edge50,prime,WL0,unselected_max_v,3.59037852221328e-07,,0.18000000000000002,PASS,False
buffered_out2_true2_ss_cold_3_0_edge50,prime,WL1,upper_excursion_v,3.590131012352152e-07,,1.9800000000000002,PASS,False
buffered_out2_true2_ss_cold_3_0_edge50,prime,WL1,lower_excursion_v,-3.5996363670628292e-06,-0.18000000000000002,,PASS,False
buffered_out2_true2_ss_cold_3_0_edge50,prime,WL1,end_level_v,3.2398988063348225e-09,-0.18000000000000002,0.18000000000000002,PASS,False
buffered_out2_true2_ss_cold_3_0_edge50,prime,WL1,unselected_max_v,3.590131012352152e-07,,0.18000000000000002,PASS,False
buffered_out2_true2_ss_cold_3_0_edge50,prime,WL2,upper_excursion_v,4.5207687929740684e-07,,1.9800000000000002,PASS,False
buffered_out2_true2_ss_cold_3_0_edge50,prime,WL2,lower_excursion_v,-3.607854550553226e-06,-0.18000000000000002,,PASS,False
buffered_out2_true2_ss_cold_3_0_edge50,prime,WL2,end_level_v,3.23984710679691e-09,-0.18000000000000002,0.18000000000000002,PASS,False
buffered_out2_true2_ss_cold_3_0_edge50,prime,WL2,unselected_max_v,4.5207687929740684e-07,,0.18000000000000002,PASS,False
buffered_out2_true2_ss_cold_3_0_edge50,prime,WL3,upper_excursion_v,1.7999999898436996,,1.9800000000000002,PASS,False
buffered_out2_true2_ss_cold_3_0_edge50,prime,WL3,lower_excursion_v,-0.037619061547029486,-0.18000000000000002,,PASS,False
buffered_out2_true2_ss_cold_3_0_edge50,prime,WL3,end_level_v,1.7999999898436996,1.62,1.9800000000000002,PASS,False
buffered_out2_true2_ss_cold_3_0_edge50,prime,WL3,settled_min_v,1.7971398931262847,1.62,,PASS,False
buffered_out2_true2_ss_cold_3_0_edge50,test,DEC0,upper_excursion_v,1.7999999962315134,,1.9800000000000002,PASS,False
buffered_out2_true2_ss_cold_3_0_edge50,test,DEC0,lower_excursion_v,-0.09172953831374078,-0.18000000000000002,,PASS,False
buffered_out2_true2_ss_cold_3_0_edge50,test,DEC0,end_level_v,1.7999999961777453,1.62,1.9800000000000002,PASS,False
buffered_out2_true2_ss_cold_3_0_edge50,test,DEC0,settled_min_v,1.7999995311429835,1.62,,PASS,False
buffered_out2_true2_ss_cold_3_0_edge50,test,DEC1,upper_excursion_v,0.0011567667159512085,,1.9800000000000002,PASS,False
buffered_out2_true2_ss_cold_3_0_edge50,test,DEC1,lower_excursion_v,-8.679530594584567e-05,-0.18000000000000002,,PASS,False
buffered_out2_true2_ss_cold_3_0_edge50,test,DEC1,end_level_v,-8.266063800214944e-07,-0.18000000000000002,0.18000000000000002,PASS,False
buffered_out2_true2_ss_cold_3_0_edge50,test,DEC1,unselected_max_v,0.0011567667159512085,,0.18000000000000002,PASS,False
buffered_out2_true2_ss_cold_3_0_edge50,test,DEC2,upper_excursion_v,0.001156129330775363,,1.9800000000000002,PASS,False
buffered_out2_true2_ss_cold_3_0_edge50,test,DEC2,lower_excursion_v,-2.071345417197313e-06,-0.18000000000000002,,PASS,False
buffered_out2_true2_ss_cold_3_0_edge50,test,DEC2,end_level_v,1.0826077501195923e-09,-0.18000000000000002,0.18000000000000002,PASS,False
buffered_out2_true2_ss_cold_3_0_edge50,test,DEC2,unselected_max_v,0.001156129330775363,,0.18000000000000002,PASS,False
buffered_out2_true2_ss_cold_3_0_edge50,test,DEC3,upper_excursion_v,0.0011561269289430858,,1.9800000000000002,PASS,False
buffered_out2_true2_ss_cold_3_0_edge50,test,DEC3,lower_excursion_v,-2.0623708463790314e-06,-0.18000000000000002,,PASS,False
buffered_out2_true2_ss_cold_3_0_edge50,test,DEC3,end_level_v,1.0826026980604408e-09,-0.18000000000000002,0.18000000000000002,PASS,False
buffered_out2_true2_ss_cold_3_0_edge50,test,DEC3,unselected_max_v,0.0011561269289430858,,0.18000000000000002,PASS,False
buffered_out2_true2_ss_cold_3_0_edge50,test,WL0,upper_excursion_v,1.7999999898437107,,1.9800000000000002,PASS,False
buffered_out2_true2_ss_cold_3_0_edge50,test,WL0,lower_excursion_v,-0.03756208529442537,-0.18000000000000002,,PASS,False
buffered_out2_true2_ss_cold_3_0_edge50,test,WL0,end_level_v,1.7999999898437107,1.62,1.9800000000000002,PASS,False
buffered_out2_true2_ss_cold_3_0_edge50,test,WL0,settled_min_v,1.797016210465472,1.62,,PASS,False
buffered_out2_true2_ss_cold_3_0_edge50,test,WL1,upper_excursion_v,4.051812179678734e-07,,1.9800000000000002,PASS,False
buffered_out2_true2_ss_cold_3_0_edge50,test,WL1,lower_excursion_v,-3.6073544453602116e-06,-0.18000000000000002,,PASS,False
buffered_out2_true2_ss_cold_3_0_edge50,test,WL1,end_level_v,3.2397285811644017e-09,-0.18000000000000002,0.18000000000000002,PASS,False
buffered_out2_true2_ss_cold_3_0_edge50,test,WL1,unselected_max_v,4.051812179678734e-07,,0.18000000000000002,PASS,False
buffered_out2_true2_ss_cold_3_0_edge50,test,WL2,upper_excursion_v,3.6602143036546734e-07,,1.9800000000000002,PASS,False
buffered_out2_true2_ss_cold_3_0_edge50,test,WL2,lower_excursion_v,-3.5996488775203886e-06,-0.18000000000000002,,PASS,False
buffered_out2_true2_ss_cold_3_0_edge50,test,WL2,end_level_v,3.239899024623038e-09,-0.18000000000000002,0.18000000000000002,PASS,False
buffered_out2_true2_ss_cold_3_0_edge50,test,WL2,unselected_max_v,3.6602143036546734e-07,,0.18000000000000002,PASS,False
buffered_out2_true2_ss_cold_3_0_edge50,test,WL3,upper_excursion_v,3.6626326171231084e-07,,1.9800000000000002,PASS,False
buffered_out2_true2_ss_cold_3_0_edge50,test,WL3,lower_excursion_v,-3.5977023776068126e-06,-0.18000000000000002,,PASS,False
buffered_out2_true2_ss_cold_3_0_edge50,test,WL3,end_level_v,3.2398991588442164e-09,-0.18000000000000002,0.18000000000000002,PASS,False
buffered_out2_true2_ss_cold_3_0_edge50,test,WL3,unselected_max_v,3.6626326171231084e-07,,0.18000000000000002,PASS,False
buffered_out2_true2_ss_cold_3_0_edge50,recovery,DEC0,end_level_v,2.4906893106995013e-07,-0.18000000000000002,0.18000000000000002,PASS,False
buffered_out2_true2_ss_cold_3_0_edge50,recovery,DEC0,settled_max_v,0.00020593953343414376,,0.18000000000000002,PASS,False
buffered_out2_true2_ss_cold_3_0_edge50,recovery,DEC1,end_level_v,1.3382748171237734e-07,-0.18000000000000002,0.18000000000000002,PASS,False
buffered_out2_true2_ss_cold_3_0_edge50,recovery,DEC1,settled_max_v,0.00020575841758134407,,0.18000000000000002,PASS,False
buffered_out2_true2_ss_cold_3_0_edge50,recovery,DEC2,end_level_v,1.2006408141117589e-09,-0.18000000000000002,0.18000000000000002,PASS,False
buffered_out2_true2_ss_cold_3_0_edge50,recovery,DEC2,settled_max_v,0.0004257183226738163,,0.18000000000000002,PASS,False
buffered_out2_true2_ss_cold_3_0_edge50,recovery,DEC3,end_level_v,1.2008120636666487e-09,-0.18000000000000002,0.18000000000000002,PASS,False
buffered_out2_true2_ss_cold_3_0_edge50,recovery,DEC3,settled_max_v,0.0004331345715274552,,0.18000000000000002,PASS,False
buffered_out2_true2_ss_cold_3_0_edge50,recovery,WL0,end_level_v,3.242352570152272e-09,-0.18000000000000002,0.18000000000000002,PASS,False
buffered_out2_true2_ss_cold_3_0_edge50,recovery,WL0,settled_max_v,6.027976464793092e-07,,0.18000000000000002,PASS,False
buffered_out2_true2_ss_cold_3_0_edge50,recovery,WL1,end_level_v,3.2411398443809056e-09,-0.18000000000000002,0.18000000000000002,PASS,False
buffered_out2_true2_ss_cold_3_0_edge50,recovery,WL1,settled_max_v,6.022719935025879e-07,,0.18000000000000002,PASS,False
buffered_out2_true2_ss_cold_3_0_edge50,recovery,WL2,end_level_v,3.2398990266346975e-09,-0.18000000000000002,0.18000000000000002,PASS,False
buffered_out2_true2_ss_cold_3_0_edge50,recovery,WL2,settled_max_v,2.7606421987370375e-06,,0.18000000000000002,PASS,False
buffered_out2_true2_ss_cold_3_0_edge50,recovery,WL3,end_level_v,3.2398987234191552e-09,-0.18000000000000002,0.18000000000000002,PASS,False
buffered_out2_true2_ss_cold_3_0_edge50,recovery,WL3,settled_max_v,2.7388284473571467e-06,,0.18000000000000002,PASS,False
buffered_out2_true2_ss_cold_3_0_edge50,recovery,N0,end_level_v,1.7993785570504384,1.62,1.9800000000000002,PASS,False
buffered_out2_true2_ss_cold_3_0_edge50,recovery,N1,end_level_v,1.7997018555032176,1.62,1.9800000000000002,PASS,False
buffered_out2_true2_ss_cold_3_0_edge50,recovery,N2,end_level_v,1.7999999868871275,1.62,1.9800000000000002,PASS,False
buffered_out2_true2_ss_cold_3_0_edge50,recovery,N3,end_level_v,1.7999999866090408,1.62,1.9800000000000002,PASS,False
buffered_out2_true2_ss_cold_3_0_edge50,final_precharge,DEC0,settled_max_v,8.235212994921347e-06,,0.18000000000000002,PASS,False
buffered_out2_true2_ss_cold_3_0_edge50,final_precharge,DEC0,settled_min_v,1.1206683355481944e-07,-0.18000000000000002,,PASS,False
buffered_out2_true2_ss_cold_3_0_edge50,final_precharge,DEC1,settled_max_v,6.430399423612584e-08,,0.18000000000000002,PASS,False
buffered_out2_true2_ss_cold_3_0_edge50,final_precharge,DEC1,settled_min_v,3.1546485354527774e-09,-0.18000000000000002,,PASS,False
buffered_out2_true2_ss_cold_3_0_edge50,final_precharge,DEC2,settled_max_v,1.2106171443511336e-09,,0.18000000000000002,PASS,False
buffered_out2_true2_ss_cold_3_0_edge50,final_precharge,DEC2,settled_min_v,9.783507705812341e-10,-0.18000000000000002,,PASS,False
buffered_out2_true2_ss_cold_3_0_edge50,final_precharge,DEC3,settled_max_v,1.2099962944012903e-09,,0.18000000000000002,PASS,False
buffered_out2_true2_ss_cold_3_0_edge50,final_precharge,DEC3,settled_min_v,9.745086165905611e-10,-0.18000000000000002,,PASS,False
buffered_out2_true2_ss_cold_3_0_edge50,final_precharge,WL0,settled_max_v,1.3605497613714597e-08,,0.18000000000000002,PASS,False
buffered_out2_true2_ss_cold_3_0_edge50,final_precharge,WL0,settled_min_v,3.240028404963079e-09,-0.18000000000000002,,PASS,False
buffered_out2_true2_ss_cold_3_0_edge50,final_precharge,WL1,settled_max_v,3.267635336840735e-09,,0.18000000000000002,PASS,False
buffered_out2_true2_ss_cold_3_0_edge50,final_precharge,WL1,settled_min_v,3.23989898549081e-09,-0.18000000000000002,,PASS,False
buffered_out2_true2_ss_cold_3_0_edge50,final_precharge,WL2,settled_max_v,3.2398993445779665e-09,,0.18000000000000002,PASS,False
buffered_out2_true2_ss_cold_3_0_edge50,final_precharge,WL2,settled_min_v,3.239824156850768e-09,-0.18000000000000002,,PASS,False
buffered_out2_true2_ss_cold_3_0_edge50,final_precharge,WL3,settled_max_v,3.2398994047466917e-09,,0.18000000000000002,PASS,False
buffered_out2_true2_ss_cold_3_0_edge50,final_precharge,WL3,settled_min_v,3.2398247247740816e-09,-0.18000000000000002,,PASS,False
buffered_out2_true2_ss_cold_3_0_edge50,final_precharge,N0,end_level_v,1.7993433425395238,1.62,1.9800000000000002,PASS,False
buffered_out2_true2_ss_cold_3_0_edge50,final_precharge,N1,end_level_v,1.7999666031747243,1.62,1.9800000000000002,PASS,False
buffered_out2_true2_ss_cold_3_0_edge50,final_precharge,N2,end_level_v,1.799999981044904,1.62,1.9800000000000002,PASS,False
buffered_out2_true2_ss_cold_3_0_edge50,final_precharge,N3,end_level_v,1.7999999810727993,1.62,1.9800000000000002,PASS,False
buffered_out2_true2_fast_0_3_edge25,prime,DEC0,upper_excursion_v,1.7999991038199787,,1.9800000000000002,PASS,False
buffered_out2_true2_fast_0_3_edge25,prime,DEC0,lower_excursion_v,-0.030805055247804025,-0.18000000000000002,,PASS,False
buffered_out2_true2_fast_0_3_edge25,prime,DEC0,end_level_v,1.7999991038076635,1.62,1.9800000000000002,PASS,False
buffered_out2_true2_fast_0_3_edge25,prime,DEC0,settled_min_v,1.7999990629716398,1.62,,PASS,False
buffered_out2_true2_fast_0_3_edge25,prime,DEC1,upper_excursion_v,0.003667869867721068,,1.9800000000000002,PASS,False
buffered_out2_true2_fast_0_3_edge25,prime,DEC1,lower_excursion_v,-0.00014744298551583324,-0.18000000000000002,,PASS,False
buffered_out2_true2_fast_0_3_edge25,prime,DEC1,end_level_v,6.610318452494879e-05,-0.18000000000000002,0.18000000000000002,PASS,False
buffered_out2_true2_fast_0_3_edge25,prime,DEC1,unselected_max_v,0.003667869867721068,,0.18000000000000002,PASS,False
buffered_out2_true2_fast_0_3_edge25,prime,DEC2,upper_excursion_v,0.003656098722028634,,1.9800000000000002,PASS,False
buffered_out2_true2_fast_0_3_edge25,prime,DEC2,lower_excursion_v,5.275869426018766e-05,-0.18000000000000002,,PASS,False
buffered_out2_true2_fast_0_3_edge25,prime,DEC2,end_level_v,6.126899837540556e-05,-0.18000000000000002,0.18000000000000002,PASS,False
buffered_out2_true2_fast_0_3_edge25,prime,DEC2,unselected_max_v,0.003656098722028634,,0.18000000000000002,PASS,False
buffered_out2_true2_fast_0_3_edge25,prime,DEC3,upper_excursion_v,0.0036566402535284388,,1.9800000000000002,PASS,False
buffered_out2_true2_fast_0_3_edge25,prime,DEC3,lower_excursion_v,5.178545329328018e-05,-0.18000000000000002,,PASS,False
buffered_out2_true2_fast_0_3_edge25,prime,DEC3,end_level_v,6.159504417278327e-05,-0.18000000000000002,0.18000000000000002,PASS,False
buffered_out2_true2_fast_0_3_edge25,prime,DEC3,unselected_max_v,0.0036566402535284388,,0.18000000000000002,PASS,False
buffered_out2_true2_fast_0_3_edge25,prime,WL0,upper_excursion_v,1.7999993201190922,,1.9800000000000002,PASS,False
buffered_out2_true2_fast_0_3_edge25,prime,WL0,lower_excursion_v,-0.025689593405073104,-0.18000000000000002,,PASS,False
buffered_out2_true2_fast_0_3_edge25,prime,WL0,end_level_v,1.7999993201190918,1.62,1.9800000000000002,PASS,False
buffered_out2_true2_fast_0_3_edge25,prime,WL0,settled_min_v,1.799861550116339,1.62,,PASS,False
buffered_out2_true2_fast_0_3_edge25,prime,WL1,upper_excursion_v,0.00015429172690367848,,1.9800000000000002,PASS,False
buffered_out2_true2_fast_0_3_edge25,prime,WL1,lower_excursion_v,0.00012860676132675142,-0.18000000000000002,,PASS,False
buffered_out2_true2_fast_0_3_edge25,prime,WL1,end_level_v,0.0001446870543621288,-0.18000000000000002,0.18000000000000002,PASS,False
buffered_out2_true2_fast_0_3_edge25,prime,WL1,unselected_max_v,0.00015429172690367848,,0.18000000000000002,PASS,False
buffered_out2_true2_fast_0_3_edge25,prime,WL2,upper_excursion_v,0.000154253522810035,,1.9800000000000002,PASS,False
buffered_out2_true2_fast_0_3_edge25,prime,WL2,lower_excursion_v,0.00012975214810601615,-0.18000000000000002,,PASS,False
buffered_out2_true2_fast_0_3_edge25,prime,WL2,end_level_v,0.00014468706062066374,-0.18000000000000002,0.18000000000000002,PASS,False
buffered_out2_true2_fast_0_3_edge25,prime,WL2,unselected_max_v,0.000154253522810035,,0.18000000000000002,PASS,False
buffered_out2_true2_fast_0_3_edge25,prime,WL3,upper_excursion_v,0.0001542551937879627,,1.9800000000000002,PASS,False
buffered_out2_true2_fast_0_3_edge25,prime,WL3,lower_excursion_v,0.00012972044162533938,-0.18000000000000002,,PASS,False
buffered_out2_true2_fast_0_3_edge25,prime,WL3,end_level_v,0.00014468706066447554,-0.18000000000000002,0.18000000000000002,PASS,False
buffered_out2_true2_fast_0_3_edge25,prime,WL3,unselected_max_v,0.0001542551937879627,,0.18000000000000002,PASS,False
buffered_out2_true2_fast_0_3_edge25,test,DEC0,upper_excursion_v,0.003661312220587421,,1.9800000000000002,PASS,False
buffered_out2_true2_fast_0_3_edge25,test,DEC0,lower_excursion_v,-1.112917041287835e-05,-0.18000000000000002,,PASS,False
buffered_out2_true2_fast_0_3_edge25,test,DEC0,end_level_v,6.15200215207595e-05,-0.18000000000000002,0.18000000000000002,PASS,False
buffered_out2_true2_fast_0_3_edge25,test,DEC0,unselected_max_v,0.003661312220587421,,0.18000000000000002,PASS,False
buffered_out2_true2_fast_0_3_edge25,test,DEC1,upper_excursion_v,0.003661280770815792,,1.9800000000000002,PASS,False
buffered_out2_true2_fast_0_3_edge25,test,DEC1,lower_excursion_v,-6.813301198388649e-06,-0.18000000000000002,,PASS,False
buffered_out2_true2_fast_0_3_edge25,test,DEC1,end_level_v,6.127357065296894e-05,-0.18000000000000002,0.18000000000000002,PASS,False
buffered_out2_true2_fast_0_3_edge25,test,DEC1,unselected_max_v,0.003661280770815792,,0.18000000000000002,PASS,False
buffered_out2_true2_fast_0_3_edge25,test,DEC2,upper_excursion_v,0.00365895360488611,,1.9800000000000002,PASS,False
buffered_out2_true2_fast_0_3_edge25,test,DEC2,lower_excursion_v,-0.0001595497646163721,-0.18000000000000002,,PASS,False
buffered_out2_true2_fast_0_3_edge25,test,DEC2,end_level_v,6.979327170139603e-05,-0.18000000000000002,0.18000000000000002,PASS,False
buffered_out2_true2_fast_0_3_edge25,test,DEC2,unselected_max_v,0.00365895360488611,,0.18000000000000002,PASS,False
buffered_out2_true2_fast_0_3_edge25,test,DEC3,upper_excursion_v,1.7999991038150895,,1.9800000000000002,PASS,False
buffered_out2_true2_fast_0_3_edge25,test,DEC3,lower_excursion_v,-0.033129237210711225,-0.18000000000000002,,PASS,False
buffered_out2_true2_fast_0_3_edge25,test,DEC3,end_level_v,1.799999103804354,1.62,1.9800000000000002,PASS,False
buffered_out2_true2_fast_0_3_edge25,test,DEC3,settled_min_v,1.7999990754857982,1.62,,PASS,False
buffered_out2_true2_fast_0_3_edge25,test,WL0,upper_excursion_v,0.0001542653571458761,,1.9800000000000002,PASS,False
buffered_out2_true2_fast_0_3_edge25,test,WL0,lower_excursion_v,0.0001292104211051668,-0.18000000000000002,,PASS,False
buffered_out2_true2_fast_0_3_edge25,test,WL0,end_level_v,0.0001446870608068051,-0.18000000000000002,0.18000000000000002,PASS,False
buffered_out2_true2_fast_0_3_edge25,test,WL0,unselected_max_v,0.0001542653571458761,,0.18000000000000002,PASS,False
buffered_out2_true2_fast_0_3_edge25,test,WL1,upper_excursion_v,0.00015426530341571237,,1.9800000000000002,PASS,False
buffered_out2_true2_fast_0_3_edge25,test,WL1,lower_excursion_v,0.00012921388391431133,-0.18000000000000002,,PASS,False
buffered_out2_true2_fast_0_3_edge25,test,WL1,end_level_v,0.00014468706062188176,-0.18000000000000002,0.18000000000000002,PASS,False
buffered_out2_true2_fast_0_3_edge25,test,WL1,unselected_max_v,0.00015426530341571237,,0.18000000000000002,PASS,False
buffered_out2_true2_fast_0_3_edge25,test,WL2,upper_excursion_v,0.0001542417946019404,,1.9800000000000002,PASS,False
buffered_out2_true2_fast_0_3_edge25,test,WL2,lower_excursion_v,0.00012830131793669842,-0.18000000000000002,,PASS,False
buffered_out2_true2_fast_0_3_edge25,test,WL2,end_level_v,0.000144687051512201,-0.18000000000000002,0.18000000000000002,PASS,False
buffered_out2_true2_fast_0_3_edge25,test,WL2,unselected_max_v,0.0001542417946019404,,0.18000000000000002,PASS,False
buffered_out2_true2_fast_0_3_edge25,test,WL3,upper_excursion_v,1.7999993201190925,,1.9800000000000002,PASS,False
buffered_out2_true2_fast_0_3_edge25,test,WL3,lower_excursion_v,-0.025771012922748724,-0.18000000000000002,,PASS,False
buffered_out2_true2_fast_0_3_edge25,test,WL3,end_level_v,1.7999993201190925,1.62,1.9800000000000002,PASS,False
buffered_out2_true2_fast_0_3_edge25,test,WL3,settled_min_v,1.7998654723748402,1.62,,PASS,False
buffered_out2_true2_fast_0_3_edge25,recovery,DEC0,end_level_v,0.00014267216964456358,-0.18000000000000002,0.18000000000000002,PASS,False
buffered_out2_true2_fast_0_3_edge25,recovery,DEC0,settled_max_v,0.0005521774779338951,,0.18000000000000002,PASS,False
buffered_out2_true2_fast_0_3_edge25,recovery,DEC1,end_level_v,0.000142672167951845,-0.18000000000000002,0.18000000000000002,PASS,False
buffered_out2_true2_fast_0_3_edge25,recovery,DEC1,settled_max_v,0.0005420991052549461,,0.18000000000000002,PASS,False
buffered_out2_true2_fast_0_3_edge25,recovery,DEC2,end_level_v,0.0001431562900996025,-0.18000000000000002,0.18000000000000002,PASS,False
buffered_out2_true2_fast_0_3_edge25,recovery,DEC2,settled_max_v,0.0016141224866779783,,0.18000000000000002,PASS,False
buffered_out2_true2_fast_0_3_edge25,recovery,DEC3,end_level_v,0.00014364655418529215,-0.18000000000000002,0.18000000000000002,PASS,False
buffered_out2_true2_fast_0_3_edge25,recovery,DEC3,settled_max_v,0.001860145572220466,,0.18000000000000002,PASS,False
buffered_out2_true2_fast_0_3_edge25,recovery,WL0,end_level_v,0.00014468707074293726,-0.18000000000000002,0.18000000000000002,PASS,False
buffered_out2_true2_fast_0_3_edge25,recovery,WL0,settled_max_v,0.00014677580514255287,,0.18000000000000002,PASS,False
buffered_out2_true2_fast_0_3_edge25,recovery,WL1,end_level_v,0.00014468707074294615,-0.18000000000000002,0.18000000000000002,PASS,False
buffered_out2_true2_fast_0_3_edge25,recovery,WL1,settled_max_v,0.0001466944576918897,,0.18000000000000002,PASS,False
buffered_out2_true2_fast_0_3_edge25,recovery,WL2,end_level_v,0.00014468707399941665,-0.18000000000000002,0.18000000000000002,PASS,False
buffered_out2_true2_fast_0_3_edge25,recovery,WL2,settled_max_v,0.00014857026321856074,,0.18000000000000002,PASS,False
buffered_out2_true2_fast_0_3_edge25,recovery,WL3,end_level_v,0.0001446870774063117,-0.18000000000000002,0.18000000000000002,PASS,False
buffered_out2_true2_fast_0_3_edge25,recovery,WL3,settled_max_v,0.0001489332876501875,,0.18000000000000002,PASS,False
buffered_out2_true2_fast_0_3_edge25,recovery,N0,end_level_v,1.7999999198611056,1.62,1.9800000000000002,PASS,False
buffered_out2_true2_fast_0_3_edge25,recovery,N1,end_level_v,1.799999920519976,1.62,1.9800000000000002,PASS,False
buffered_out2_true2_fast_0_3_edge25,recovery,N2,end_level_v,1.7997745477151064,1.62,1.9800000000000002,PASS,False
buffered_out2_true2_fast_0_3_edge25,recovery,N3,end_level_v,1.7995401461980849,1.62,1.9800000000000002,PASS,False
buffered_out2_true2_fast_0_3_edge25,final_precharge,DEC0,settled_max_v,0.00014267316377972452,,0.18000000000000002,PASS,False
buffered_out2_true2_fast_0_3_edge25,final_precharge,DEC0,settled_min_v,0.00014267226424550915,-0.18000000000000002,,PASS,False
buffered_out2_true2_fast_0_3_edge25,final_precharge,DEC1,settled_max_v,0.00014267320427522101,,0.18000000000000002,PASS,False
buffered_out2_true2_fast_0_3_edge25,final_precharge,DEC1,settled_min_v,0.00014267226553115798,-0.18000000000000002,,PASS,False
buffered_out2_true2_fast_0_3_edge25,final_precharge,DEC2,settled_max_v,0.00014277028735357652,,0.18000000000000002,PASS,False
buffered_out2_true2_fast_0_3_edge25,final_precharge,DEC2,settled_min_v,0.0001427351864056875,-0.18000000000000002,,PASS,False
buffered_out2_true2_fast_0_3_edge25,final_precharge,DEC3,settled_max_v,0.0001585542965743197,,0.18000000000000002,PASS,False
buffered_out2_true2_fast_0_3_edge25,final_precharge,DEC3,settled_min_v,0.0001437686818448955,-0.18000000000000002,,PASS,False
buffered_out2_true2_fast_0_3_edge25,final_precharge,WL0,settled_max_v,0.00014468707088844,,0.18000000000000002,PASS,False
buffered_out2_true2_fast_0_3_edge25,final_precharge,WL0,settled_min_v,0.00014468707074360488,-0.18000000000000002,,PASS,False
buffered_out2_true2_fast_0_3_edge25,final_precharge,WL1,settled_max_v,0.00014468707089361865,,0.18000000000000002,PASS,False
buffered_out2_true2_fast_0_3_edge25,final_precharge,WL1,settled_min_v,0.00014468707074376851,-0.18000000000000002,,PASS,False
buffered_out2_true2_fast_0_3_edge25,final_precharge,WL2,settled_max_v,0.00014468707125050743,,0.18000000000000002,PASS,False
buffered_out2_true2_fast_0_3_edge25,final_precharge,WL2,settled_min_v,0.00014468707078500243,-0.18000000000000002,,PASS,False
buffered_out2_true2_fast_0_3_edge25,final_precharge,WL3,settled_max_v,0.00014468819631187742,,0.18000000000000002,PASS,False
buffered_out2_true2_fast_0_3_edge25,final_precharge,WL3,settled_min_v,0.00014468707323857168,-0.18000000000000002,,PASS,False
buffered_out2_true2_fast_0_3_edge25,final_precharge,N0,end_level_v,1.799999880509068,1.62,1.9800000000000002,PASS,False
buffered_out2_true2_fast_0_3_edge25,final_precharge,N1,end_level_v,1.7999998798443368,1.62,1.9800000000000002,PASS,False
buffered_out2_true2_fast_0_3_edge25,final_precharge,N2,end_level_v,1.7999637638393364,1.62,1.9800000000000002,PASS,False
buffered_out2_true2_fast_0_3_edge25,final_precharge,N3,end_level_v,1.7994231482371945,1.62,1.9800000000000002,PASS,False
buffered_out2_true2_fast_0_3_edge50,prime,DEC0,upper_excursion_v,1.7999991038196685,,1.9800000000000002,PASS,False
buffered_out2_true2_fast_0_3_edge50,prime,DEC0,lower_excursion_v,-0.030498737524861083,-0.18000000000000002,,PASS,False
buffered_out2_true2_fast_0_3_edge50,prime,DEC0,end_level_v,1.7999991038076975,1.62,1.9800000000000002,PASS,False
buffered_out2_true2_fast_0_3_edge50,prime,DEC0,settled_min_v,1.7999990609605612,1.62,,PASS,False
buffered_out2_true2_fast_0_3_edge50,prime,DEC1,upper_excursion_v,0.0016525220158998602,,1.9800000000000002,PASS,False
buffered_out2_true2_fast_0_3_edge50,prime,DEC1,lower_excursion_v,1.2881215228653653e-05,-0.18000000000000002,,PASS,False
buffered_out2_true2_fast_0_3_edge50,prime,DEC1,end_level_v,7.013514231638679e-05,-0.18000000000000002,0.18000000000000002,PASS,False
buffered_out2_true2_fast_0_3_edge50,prime,DEC1,unselected_max_v,0.0016525220158998602,,0.18000000000000002,PASS,False
buffered_out2_true2_fast_0_3_edge50,prime,DEC2,upper_excursion_v,0.0016485143781523337,,1.9800000000000002,PASS,False
buffered_out2_true2_fast_0_3_edge50,prime,DEC2,lower_excursion_v,5.67910351630692e-05,-0.18000000000000002,,PASS,False
buffered_out2_true2_fast_0_3_edge50,prime,DEC2,end_level_v,6.498915918188693e-05,-0.18000000000000002,0.18000000000000002,PASS,False
buffered_out2_true2_fast_0_3_edge50,prime,DEC2,unselected_max_v,0.0016485143781523337,,0.18000000000000002,PASS,False
buffered_out2_true2_fast_0_3_edge50,prime,DEC3,upper_excursion_v,0.0016490437313811512,,1.9800000000000002,PASS,False
buffered_out2_true2_fast_0_3_edge50,prime,DEC3,lower_excursion_v,5.5809512968791034e-05,-0.18000000000000002,,PASS,False
buffered_out2_true2_fast_0_3_edge50,prime,DEC3,end_level_v,6.533697885005867e-05,-0.18000000000000002,0.18000000000000002,PASS,False
buffered_out2_true2_fast_0_3_edge50,prime,DEC3,unselected_max_v,0.0016490437313811512,,0.18000000000000002,PASS,False
buffered_out2_true2_fast_0_3_edge50,prime,WL0,upper_excursion_v,1.7999993201190922,,1.9800000000000002,PASS,False
buffered_out2_true2_fast_0_3_edge50,prime,WL0,lower_excursion_v,-0.025691102133398976,-0.18000000000000002,,PASS,False
buffered_out2_true2_fast_0_3_edge50,prime,WL0,end_level_v,1.7999993201190922,1.62,1.9800000000000002,PASS,False
buffered_out2_true2_fast_0_3_edge50,prime,WL0,settled_min_v,1.799854753126983,1.62,,PASS,False
buffered_out2_true2_fast_0_3_edge50,prime,WL1,upper_excursion_v,0.00014561014354609822,,1.9800000000000002,PASS,False
buffered_out2_true2_fast_0_3_edge50,prime,WL1,lower_excursion_v,0.00013827433443723244,-0.18000000000000002,,PASS,False
buffered_out2_true2_fast_0_3_edge50,prime,WL1,end_level_v,0.00014468705453203547,-0.18000000000000002,0.18000000000000002,PASS,False
buffered_out2_true2_fast_0_3_edge50,prime,WL1,unselected_max_v,0.00014561014354609822,,0.18000000000000002,PASS,False
buffered_out2_true2_fast_0_3_edge50,prime,WL2,upper_excursion_v,0.00014560060398590373,,1.9800000000000002,PASS,False
buffered_out2_true2_fast_0_3_edge50,prime,WL2,lower_excursion_v,0.00013836251975513796,-0.18000000000000002,,PASS,False
buffered_out2_true2_fast_0_3_edge50,prime,WL2,end_level_v,0.0001446870610726103,-0.18000000000000002,0.18000000000000002,PASS,False
buffered_out2_true2_fast_0_3_edge50,prime,WL2,unselected_max_v,0.00014560060398590373,,0.18000000000000002,PASS,False
buffered_out2_true2_fast_0_3_edge50,prime,WL3,upper_excursion_v,0.00014559627411844946,,1.9800000000000002,PASS,False
buffered_out2_true2_fast_0_3_edge50,prime,WL3,lower_excursion_v,0.0001383289965542631,-0.18000000000000002,,PASS,False
buffered_out2_true2_fast_0_3_edge50,prime,WL3,end_level_v,0.00014468706111865843,-0.18000000000000002,0.18000000000000002,PASS,False
buffered_out2_true2_fast_0_3_edge50,prime,WL3,unselected_max_v,0.00014559627411844946,,0.18000000000000002,PASS,False
buffered_out2_true2_fast_0_3_edge50,test,DEC0,upper_excursion_v,0.0016489954837765634,,1.9800000000000002,PASS,False
buffered_out2_true2_fast_0_3_edge50,test,DEC0,lower_excursion_v,5.901032619151669e-05,-0.18000000000000002,,PASS,False
buffered_out2_true2_fast_0_3_edge50,test,DEC0,end_level_v,6.526086832668758e-05,-0.18000000000000002,0.18000000000000002,PASS,False
buffered_out2_true2_fast_0_3_edge50,test,DEC0,unselected_max_v,0.0016489954837765634,,0.18000000000000002,PASS,False
buffered_out2_true2_fast_0_3_edge50,test,DEC1,upper_excursion_v,0.0016489714721260125,,1.9800000000000002,PASS,False
buffered_out2_true2_fast_0_3_edge50,test,DEC1,lower_excursion_v,5.881945878885663e-05,-0.18000000000000002,,PASS,False
buffered_out2_true2_fast_0_3_edge50,test,DEC1,end_level_v,6.499895221933581e-05,-0.18000000000000002,0.18000000000000002,PASS,False
buffered_out2_true2_fast_0_3_edge50,test,DEC1,unselected_max_v,0.0016489714721260125,,0.18000000000000002,PASS,False
buffered_out2_true2_fast_0_3_edge50,test,DEC2,upper_excursion_v,0.0016498394925162352,,1.9800000000000002,PASS,False
buffered_out2_true2_fast_0_3_edge50,test,DEC2,lower_excursion_v,2.14549196364891e-05,-0.18000000000000002,,PASS,False
buffered_out2_true2_fast_0_3_edge50,test,DEC2,end_level_v,7.402379118914142e-05,-0.18000000000000002,0.18000000000000002,PASS,False
buffered_out2_true2_fast_0_3_edge50,test,DEC2,unselected_max_v,0.0016498394925162352,,0.18000000000000002,PASS,False
buffered_out2_true2_fast_0_3_edge50,test,DEC3,upper_excursion_v,1.7999991038148553,,1.9800000000000002,PASS,False
buffered_out2_true2_fast_0_3_edge50,test,DEC3,lower_excursion_v,-0.03280545103556466,-0.18000000000000002,,PASS,False
buffered_out2_true2_fast_0_3_edge50,test,DEC3,end_level_v,1.7999991038044016,1.62,1.9800000000000002,PASS,False
buffered_out2_true2_fast_0_3_edge50,test,DEC3,settled_min_v,1.7999990741206513,1.62,,PASS,False
buffered_out2_true2_fast_0_3_edge50,test,WL0,upper_excursion_v,0.00014556491481939997,,1.9800000000000002,PASS,False
buffered_out2_true2_fast_0_3_edge50,test,WL0,lower_excursion_v,0.00013846020037023798,-0.18000000000000002,,PASS,False
buffered_out2_true2_fast_0_3_edge50,test,WL0,end_level_v,0.00014468706126868203,-0.18000000000000002,0.18000000000000002,PASS,False
buffered_out2_true2_fast_0_3_edge50,test,WL0,unselected_max_v,0.00014556491481939997,,0.18000000000000002,PASS,False
buffered_out2_true2_fast_0_3_edge50,test,WL1,upper_excursion_v,0.00014556957418705949,,1.9800000000000002,PASS,False
buffered_out2_true2_fast_0_3_edge50,test,WL1,lower_excursion_v,0.0001384936443640431,-0.18000000000000002,,PASS,False
buffered_out2_true2_fast_0_3_edge50,test,WL1,end_level_v,0.00014468706107423956,-0.18000000000000002,0.18000000000000002,PASS,False
buffered_out2_true2_fast_0_3_edge50,test,WL1,unselected_max_v,0.00014556957418705949,,0.18000000000000002,PASS,False
buffered_out2_true2_fast_0_3_edge50,test,WL2,upper_excursion_v,0.00014569192250653908,,1.9800000000000002,PASS,False
buffered_out2_true2_fast_0_3_edge50,test,WL2,lower_excursion_v,0.00013889594551733984,-0.18000000000000002,,PASS,False
buffered_out2_true2_fast_0_3_edge50,test,WL2,end_level_v,0.0001446870515520481,-0.18000000000000002,0.18000000000000002,PASS,False
buffered_out2_true2_fast_0_3_edge50,test,WL2,unselected_max_v,0.00014569192250653908,,0.18000000000000002,PASS,False
buffered_out2_true2_fast_0_3_edge50,test,WL3,upper_excursion_v,1.7999993201190922,,1.9800000000000002,PASS,False
buffered_out2_true2_fast_0_3_edge50,test,WL3,lower_excursion_v,-0.025785564217752254,-0.18000000000000002,,PASS,False
buffered_out2_true2_fast_0_3_edge50,test,WL3,end_level_v,1.7999993201190922,1.62,1.9800000000000002,PASS,False
buffered_out2_true2_fast_0_3_edge50,test,WL3,settled_min_v,1.7998590278533193,1.62,,PASS,False
buffered_out2_true2_fast_0_3_edge50,recovery,DEC0,end_level_v,0.0001426721692112953,-0.18000000000000002,0.18000000000000002,PASS,False
buffered_out2_true2_fast_0_3_edge50,recovery,DEC0,settled_max_v,0.0005493936658475242,,0.18000000000000002,PASS,False
buffered_out2_true2_fast_0_3_edge50,recovery,DEC1,end_level_v,0.0001426721675114207,-0.18000000000000002,0.18000000000000002,PASS,False
buffered_out2_true2_fast_0_3_edge50,recovery,DEC1,settled_max_v,0.0005395186611840525,,0.18000000000000002,PASS,False
buffered_out2_true2_fast_0_3_edge50,recovery,DEC2,end_level_v,0.00014315779667857276,-0.18000000000000002,0.18000000000000002,PASS,False
buffered_out2_true2_fast_0_3_edge50,recovery,DEC2,settled_max_v,0.001614442332765368,,0.18000000000000002,PASS,False
buffered_out2_true2_fast_0_3_edge50,recovery,DEC3,end_level_v,0.00014364947810453497,-0.18000000000000002,0.18000000000000002,PASS,False
buffered_out2_true2_fast_0_3_edge50,recovery,DEC3,settled_max_v,0.001860585125920751,,0.18000000000000002,PASS,False
buffered_out2_true2_fast_0_3_edge50,recovery,WL0,end_level_v,0.00014468707074298306,-0.18000000000000002,0.18000000000000002,PASS,False
buffered_out2_true2_fast_0_3_edge50,recovery,WL0,settled_max_v,0.00014663862281794776,,0.18000000000000002,PASS,False
buffered_out2_true2_fast_0_3_edge50,recovery,WL1,end_level_v,0.0001446870707430184,-0.18000000000000002,0.18000000000000002,PASS,False
buffered_out2_true2_fast_0_3_edge50,recovery,WL1,settled_max_v,0.000146565996178988,,0.18000000000000002,PASS,False
buffered_out2_true2_fast_0_3_edge50,recovery,WL2,end_level_v,0.00014468707402290383,-0.18000000000000002,0.18000000000000002,PASS,False
buffered_out2_true2_fast_0_3_edge50,recovery,WL2,settled_max_v,0.00014857547051437515,,0.18000000000000002,PASS,False
buffered_out2_true2_fast_0_3_edge50,recovery,WL3,end_level_v,0.00014468707745579368,-0.18000000000000002,0.18000000000000002,PASS,False
buffered_out2_true2_fast_0_3_edge50,recovery,WL3,settled_max_v,0.00014893648825674294,,0.18000000000000002,PASS,False
buffered_out2_true2_fast_0_3_edge50,recovery,N0,end_level_v,1.7999999200219194,1.62,1.9800000000000002,PASS,False
buffered_out2_true2_fast_0_3_edge50,recovery,N1,end_level_v,1.799999920683309,1.62,1.9800000000000002,PASS,False
buffered_out2_true2_fast_0_3_edge50,recovery,N2,end_level_v,1.7997739713012546,1.62,1.9800000000000002,PASS,False
buffered_out2_true2_fast_0_3_edge50,recovery,N3,end_level_v,1.7995390196343506,1.62,1.9800000000000002,PASS,False
buffered_out2_true2_fast_0_3_edge50,final_precharge,DEC0,settled_max_v,0.0001426731755265589,,0.18000000000000002,PASS,False
buffered_out2_true2_fast_0_3_edge50,final_precharge,DEC0,settled_min_v,0.00014267226425687123,-0.18000000000000002,,PASS,False
buffered_out2_true2_fast_0_3_edge50,final_precharge,DEC1,settled_max_v,0.00014267321643407033,,0.18000000000000002,PASS,False
buffered_out2_true2_fast_0_3_edge50,final_precharge,DEC1,settled_min_v,0.00014267226554565208,-0.18000000000000002,,PASS,False
buffered_out2_true2_fast_0_3_edge50,final_precharge,DEC2,settled_max_v,0.00014277086902403312,,0.18000000000000002,PASS,False
buffered_out2_true2_fast_0_3_edge50,final_precharge,DEC2,settled_min_v,0.00014273542809981749,-0.18000000000000002,,PASS,False
buffered_out2_true2_fast_0_3_edge50,final_precharge,DEC3,settled_max_v,0.00015867544415265933,,0.18000000000000002,PASS,False
buffered_out2_true2_fast_0_3_edge50,final_precharge,DEC3,settled_min_v,0.00014376962258742798,-0.18000000000000002,,PASS,False
buffered_out2_true2_fast_0_3_edge50,final_precharge,WL0,settled_max_v,0.00014468707089347325,,0.18000000000000002,PASS,False
buffered_out2_true2_fast_0_3_edge50,final_precharge,WL0,settled_min_v,0.00014468707074359363,-0.18000000000000002,,PASS,False
buffered_out2_true2_fast_0_3_edge50,final_precharge,WL1,settled_max_v,0.00014468707089858822,,0.18000000000000002,PASS,False
buffered_out2_true2_fast_0_3_edge50,final_precharge,WL1,settled_min_v,0.00014468707074372737,-0.18000000000000002,,PASS,False
buffered_out2_true2_fast_0_3_edge50,final_precharge,WL2,settled_max_v,0.00014468707126622546,,0.18000000000000002,PASS,False
buffered_out2_true2_fast_0_3_edge50,final_precharge,WL2,settled_min_v,0.00014468707078542448,-0.18000000000000002,,PASS,False
buffered_out2_true2_fast_0_3_edge50,final_precharge,WL3,settled_max_v,0.0001446882184959377,,0.18000000000000002,PASS,False
buffered_out2_true2_fast_0_3_edge50,final_precharge,WL3,settled_min_v,0.0001446870732432205,-0.18000000000000002,,PASS,False
buffered_out2_true2_fast_0_3_edge50,final_precharge,N0,end_level_v,1.799999880503838,1.62,1.9800000000000002,PASS,False
buffered_out2_true2_fast_0_3_edge50,final_precharge,N1,end_level_v,1.7999998798384778,1.62,1.9800000000000002,PASS,False
buffered_out2_true2_fast_0_3_edge50,final_precharge,N2,end_level_v,1.7999636314207443,1.62,1.9800000000000002,PASS,False
buffered_out2_true2_fast_0_3_edge50,final_precharge,N3,end_level_v,1.7994227065126656,1.62,1.9800000000000002,PASS,False
buffered_out2_true2_fast_3_0_edge25,prime,DEC0,upper_excursion_v,0.0036619973771742807,,1.9800000000000002,PASS,False
buffered_out2_true2_fast_3_0_edge25,prime,DEC0,lower_excursion_v,1.986075928691535e-06,-0.18000000000000002,,PASS,False
buffered_out2_true2_fast_3_0_edge25,prime,DEC0,end_level_v,6.15999215739958e-05,-0.18000000000000002,0.18000000000000002,PASS,False
buffered_out2_true2_fast_3_0_edge25,prime,DEC0,unselected_max_v,0.0036619973771742807,,0.18000000000000002,PASS,False
buffered_out2_true2_fast_3_0_edge25,prime,DEC1,upper_excursion_v,0.0036613811350869694,,1.9800000000000002,PASS,False
buffered_out2_true2_fast_3_0_edge25,prime,DEC1,lower_excursion_v,1.223306148126496e-05,-0.18000000000000002,,PASS,False
buffered_out2_true2_fast_3_0_edge25,prime,DEC1,end_level_v,6.127333017792113e-05,-0.18000000000000002,0.18000000000000002,PASS,False
buffered_out2_true2_fast_3_0_edge25,prime,DEC1,unselected_max_v,0.0036613811350869694,,0.18000000000000002,PASS,False
buffered_out2_true2_fast_3_0_edge25,prime,DEC2,upper_excursion_v,0.0036591888685704134,,1.9800000000000002,PASS,False
buffered_out2_true2_fast_3_0_edge25,prime,DEC2,lower_excursion_v,-0.00012490661828426508,-0.18000000000000002,,PASS,False
buffered_out2_true2_fast_3_0_edge25,prime,DEC2,end_level_v,6.614363031089837e-05,-0.18000000000000002,0.18000000000000002,PASS,False
buffered_out2_true2_fast_3_0_edge25,prime,DEC2,unselected_max_v,0.0036591888685704134,,0.18000000000000002,PASS,False
buffered_out2_true2_fast_3_0_edge25,prime,DEC3,upper_excursion_v,1.799999103805818,,1.9800000000000002,PASS,False
buffered_out2_true2_fast_3_0_edge25,prime,DEC3,lower_excursion_v,-0.033211478947470785,-0.18000000000000002,,PASS,False
buffered_out2_true2_fast_3_0_edge25,prime,DEC3,end_level_v,1.7999991038038177,1.62,1.9800000000000002,PASS,False
buffered_out2_true2_fast_3_0_edge25,prime,DEC3,settled_min_v,1.7999990755954642,1.62,,PASS,False
buffered_out2_true2_fast_3_0_edge25,prime,WL0,upper_excursion_v,0.00015426054571464232,,1.9800000000000002,PASS,False
buffered_out2_true2_fast_3_0_edge25,prime,WL0,lower_excursion_v,0.0001292438777661428,-0.18000000000000002,,PASS,False
buffered_out2_true2_fast_3_0_edge25,prime,WL0,end_level_v,0.00014468706066418974,-0.18000000000000002,0.18000000000000002,PASS,False
buffered_out2_true2_fast_3_0_edge25,prime,WL0,unselected_max_v,0.00015426054571464232,,0.18000000000000002,PASS,False
buffered_out2_true2_fast_3_0_edge25,prime,WL1,upper_excursion_v,0.0001542587264464194,,1.9800000000000002,PASS,False
buffered_out2_true2_fast_3_0_edge25,prime,WL1,lower_excursion_v,0.00012929544836567968,-0.18000000000000002,,PASS,False
buffered_out2_true2_fast_3_0_edge25,prime,WL1,end_level_v,0.00014468706062164248,-0.18000000000000002,0.18000000000000002,PASS,False
buffered_out2_true2_fast_3_0_edge25,prime,WL1,unselected_max_v,0.0001542587264464194,,0.18000000000000002,PASS,False
buffered_out2_true2_fast_3_0_edge25,prime,WL2,upper_excursion_v,0.00015423364160675835,,1.9800000000000002,PASS,False
buffered_out2_true2_fast_3_0_edge25,prime,WL2,lower_excursion_v,0.00012847251325022322,-0.18000000000000002,,PASS,False
buffered_out2_true2_fast_3_0_edge25,prime,WL2,end_level_v,0.0001446870545559857,-0.18000000000000002,0.18000000000000002,PASS,False
buffered_out2_true2_fast_3_0_edge25,prime,WL2,unselected_max_v,0.00015423364160675835,,0.18000000000000002,PASS,False
buffered_out2_true2_fast_3_0_edge25,prime,WL3,upper_excursion_v,1.7999993201190922,,1.9800000000000002,PASS,False
buffered_out2_true2_fast_3_0_edge25,prime,WL3,lower_excursion_v,-0.025783231920314443,-0.18000000000000002,,PASS,False
buffered_out2_true2_fast_3_0_edge25,prime,WL3,end_level_v,1.7999993201190916,1.62,1.9800000000000002,PASS,False
buffered_out2_true2_fast_3_0_edge25,prime,WL3,settled_min_v,1.7998661066018948,1.62,,PASS,False
buffered_out2_true2_fast_3_0_edge25,test,DEC0,upper_excursion_v,1.7999991039020933,,1.9800000000000002,PASS,False
buffered_out2_true2_fast_3_0_edge25,test,DEC0,lower_excursion_v,-0.030635848152388873,-0.18000000000000002,,PASS,False
buffered_out2_true2_fast_3_0_edge25,test,DEC0,end_level_v,1.799999103814824,1.62,1.9800000000000002,PASS,False
buffered_out2_true2_fast_3_0_edge25,test,DEC0,settled_min_v,1.7999990627830569,1.62,,PASS,False
buffered_out2_true2_fast_3_0_edge25,test,DEC1,upper_excursion_v,0.003667608691375874,,1.9800000000000002,PASS,False
buffered_out2_true2_fast_3_0_edge25,test,DEC1,lower_excursion_v,-0.00016808937078663377,-0.18000000000000002,,PASS,False
buffered_out2_true2_fast_3_0_edge25,test,DEC1,end_level_v,7.018206505115392e-05,-0.18000000000000002,0.18000000000000002,PASS,False
buffered_out2_true2_fast_3_0_edge25,test,DEC1,unselected_max_v,0.003667608691375874,,0.18000000000000002,PASS,False
buffered_out2_true2_fast_3_0_edge25,test,DEC2,upper_excursion_v,0.003656024825486315,,1.9800000000000002,PASS,False
buffered_out2_true2_fast_3_0_edge25,test,DEC2,lower_excursion_v,5.275639126692942e-05,-0.18000000000000002,,PASS,False
buffered_out2_true2_fast_3_0_edge25,test,DEC2,end_level_v,6.126906513204682e-05,-0.18000000000000002,0.18000000000000002,PASS,False
buffered_out2_true2_fast_3_0_edge25,test,DEC2,unselected_max_v,0.003656024825486315,,0.18000000000000002,PASS,False
buffered_out2_true2_fast_3_0_edge25,test,DEC3,upper_excursion_v,0.003656040777925412,,1.9800000000000002,PASS,False
buffered_out2_true2_fast_3_0_edge25,test,DEC3,lower_excursion_v,5.190575619716393e-05,-0.18000000000000002,,PASS,False
buffered_out2_true2_fast_3_0_edge25,test,DEC3,end_level_v,6.151559469648021e-05,-0.18000000000000002,0.18000000000000002,PASS,False
buffered_out2_true2_fast_3_0_edge25,test,DEC3,unselected_max_v,0.003656040777925412,,0.18000000000000002,PASS,False
buffered_out2_true2_fast_3_0_edge25,test,WL0,upper_excursion_v,1.7999993201190927,,1.9800000000000002,PASS,False
buffered_out2_true2_fast_3_0_edge25,test,WL0,lower_excursion_v,-0.025694152076889677,-0.18000000000000002,,PASS,False
buffered_out2_true2_fast_3_0_edge25,test,WL0,end_level_v,1.7999993201190927,1.62,1.9800000000000002,PASS,False
buffered_out2_true2_fast_3_0_edge25,test,WL0,settled_min_v,1.7998607361184442,1.62,,PASS,False
buffered_out2_true2_fast_3_0_edge25,test,WL1,upper_excursion_v,0.0001542871440715899,,1.9800000000000002,PASS,False
buffered_out2_true2_fast_3_0_edge25,test,WL1,lower_excursion_v,0.00012848262825437167,-0.18000000000000002,,PASS,False
buffered_out2_true2_fast_3_0_edge25,test,WL1,end_level_v,0.000144687050899979,-0.18000000000000002,0.18000000000000002,PASS,False
buffered_out2_true2_fast_3_0_edge25,test,WL1,unselected_max_v,0.0001542871440715899,,0.18000000000000002,PASS,False
buffered_out2_true2_fast_3_0_edge25,test,WL2,upper_excursion_v,0.00015424919479139015,,1.9800000000000002,PASS,False
buffered_out2_true2_fast_3_0_edge25,test,WL2,lower_excursion_v,0.000129738248227534,-0.18000000000000002,,PASS,False
buffered_out2_true2_fast_3_0_edge25,test,WL2,end_level_v,0.00014468706062085413,-0.18000000000000002,0.18000000000000002,PASS,False
buffered_out2_true2_fast_3_0_edge25,test,WL2,unselected_max_v,0.00015424919479139015,,0.18000000000000002,PASS,False
buffered_out2_true2_fast_3_0_edge25,test,WL3,upper_excursion_v,0.00015424920353157519,,1.9800000000000002,PASS,False
buffered_out2_true2_fast_3_0_edge25,test,WL3,lower_excursion_v,0.00012973209358835237,-0.18000000000000002,,PASS,False
buffered_out2_true2_fast_3_0_edge25,test,WL3,end_level_v,0.0001446870608062279,-0.18000000000000002,0.18000000000000002,PASS,False
buffered_out2_true2_fast_3_0_edge25,test,WL3,unselected_max_v,0.00015424920353157519,,0.18000000000000002,PASS,False
buffered_out2_true2_fast_3_0_edge25,recovery,DEC0,end_level_v,0.00014373531975876166,-0.18000000000000002,0.18000000000000002,PASS,False
buffered_out2_true2_fast_3_0_edge25,recovery,DEC0,settled_max_v,0.0007347951099557694,,0.18000000000000002,PASS,False
buffered_out2_true2_fast_3_0_edge25,recovery,DEC1,end_level_v,0.00014322054110479931,-0.18000000000000002,0.18000000000000002,PASS,False
buffered_out2_true2_fast_3_0_edge25,recovery,DEC1,settled_max_v,0.0007127753301878677,,0.18000000000000002,PASS,False
buffered_out2_true2_fast_3_0_edge25,recovery,DEC2,end_level_v,0.00014267223574098144,-0.18000000000000002,0.18000000000000002,PASS,False
buffered_out2_true2_fast_3_0_edge25,recovery,DEC2,settled_max_v,0.0009486455355993637,,0.18000000000000002,PASS,False
buffered_out2_true2_fast_3_0_edge25,recovery,DEC3,end_level_v,0.00014267223768593717,-0.18000000000000002,0.18000000000000002,PASS,False
buffered_out2_true2_fast_3_0_edge25,recovery,DEC3,settled_max_v,0.0009682261491100272,,0.18000000000000002,PASS,False
buffered_out2_true2_fast_3_0_edge25,recovery,WL0,end_level_v,0.00014468707935186493,-0.18000000000000002,0.18000000000000002,PASS,False
buffered_out2_true2_fast_3_0_edge25,recovery,WL0,settled_max_v,0.0001471899810625632,,0.18000000000000002,PASS,False
buffered_out2_true2_fast_3_0_edge25,recovery,WL1,end_level_v,0.00014468707511035447,-0.18000000000000002,0.18000000000000002,PASS,False
buffered_out2_true2_fast_3_0_edge25,recovery,WL1,settled_max_v,0.00014710354498804944,,0.18000000000000002,PASS,False
buffered_out2_true2_fast_3_0_edge25,recovery,WL2,end_level_v,0.00014468707074359266,-0.18000000000000002,0.18000000000000002,PASS,False
buffered_out2_true2_fast_3_0_edge25,recovery,WL2,settled_max_v,0.00015161119799040045,,0.18000000000000002,PASS,False
buffered_out2_true2_fast_3_0_edge25,recovery,WL3,end_level_v,0.00014468707074366291,-0.18000000000000002,0.18000000000000002,PASS,False
buffered_out2_true2_fast_3_0_edge25,recovery,WL3,settled_max_v,0.0001516613633475604,,0.18000000000000002,PASS,False
buffered_out2_true2_fast_3_0_edge25,recovery,N0,end_level_v,1.7995090486480767,1.62,1.9800000000000002,PASS,False
buffered_out2_true2_fast_3_0_edge25,recovery,N1,end_level_v,1.7997505528133235,1.62,1.9800000000000002,PASS,False
buffered_out2_true2_fast_3_0_edge25,recovery,N2,end_level_v,1.7999998925753007,1.62,1.9800000000000002,PASS,False
buffered_out2_true2_fast_3_0_edge25,recovery,N3,end_level_v,1.7999998917628812,1.62,1.9800000000000002,PASS,False
buffered_out2_true2_fast_3_0_edge25,final_precharge,DEC0,settled_max_v,0.00015729363820260768,,0.18000000000000002,PASS,False
buffered_out2_true2_fast_3_0_edge25,final_precharge,DEC0,settled_min_v,0.00014375354061767085,-0.18000000000000002,,PASS,False
buffered_out2_true2_fast_3_0_edge25,final_precharge,DEC1,settled_max_v,0.00014278420642519014,,0.18000000000000002,PASS,False
buffered_out2_true2_fast_3_0_edge25,final_precharge,DEC1,settled_min_v,0.00014273566664141368,-0.18000000000000002,,PASS,False
buffered_out2_true2_fast_3_0_edge25,final_precharge,DEC2,settled_max_v,0.00014267233587692848,,0.18000000000000002,PASS,False
buffered_out2_true2_fast_3_0_edge25,final_precharge,DEC2,settled_min_v,0.00014267225911319384,-0.18000000000000002,,PASS,False
buffered_out2_true2_fast_3_0_edge25,final_precharge,DEC3,settled_max_v,0.00014267230769056922,,0.18000000000000002,PASS,False
buffered_out2_true2_fast_3_0_edge25,final_precharge,DEC3,settled_min_v,0.00014267225784803258,-0.18000000000000002,,PASS,False
buffered_out2_true2_fast_3_0_edge25,final_precharge,WL0,settled_max_v,0.00014468806953135045,,0.18000000000000002,PASS,False
buffered_out2_true2_fast_3_0_edge25,final_precharge,WL0,settled_min_v,0.00014468707317038775,-0.18000000000000002,,PASS,False
buffered_out2_true2_fast_3_0_edge25,final_precharge,WL1,settled_max_v,0.00014468707837654238,,0.18000000000000002,PASS,False
buffered_out2_true2_fast_3_0_edge25,final_precharge,WL1,settled_min_v,0.0001446870707857532,-0.18000000000000002,,PASS,False
buffered_out2_true2_fast_3_0_edge25,final_precharge,WL2,settled_max_v,0.00014468707074574195,,0.18000000000000002,PASS,False
buffered_out2_true2_fast_3_0_edge25,final_precharge,WL2,settled_min_v,0.00014468707068302059,-0.18000000000000002,,PASS,False
buffered_out2_true2_fast_3_0_edge25,final_precharge,WL3,settled_max_v,0.0001446870707454374,,0.18000000000000002,PASS,False
buffered_out2_true2_fast_3_0_edge25,final_precharge,WL3,settled_min_v,0.00014468707067971933,-0.18000000000000002,,PASS,False
buffered_out2_true2_fast_3_0_edge25,final_precharge,N0,end_level_v,1.799430352490846,1.62,1.9800000000000002,PASS,False
buffered_out2_true2_fast_3_0_edge25,final_precharge,N1,end_level_v,1.7999635074683353,1.62,1.9800000000000002,PASS,False
buffered_out2_true2_fast_3_0_edge25,final_precharge,N2,end_level_v,1.7999998828816957,1.62,1.9800000000000002,PASS,False
buffered_out2_true2_fast_3_0_edge25,final_precharge,N3,end_level_v,1.7999998835366093,1.62,1.9800000000000002,PASS,False
buffered_out2_true2_fast_3_0_edge50,prime,DEC0,upper_excursion_v,0.0016490519670973659,,1.9800000000000002,PASS,False
buffered_out2_true2_fast_3_0_edge50,prime,DEC0,lower_excursion_v,5.8961410582257456e-05,-0.18000000000000002,,PASS,False
buffered_out2_true2_fast_3_0_edge50,prime,DEC0,end_level_v,6.534728268146773e-05,-0.18000000000000002,0.18000000000000002,PASS,False
buffered_out2_true2_fast_3_0_edge50,prime,DEC0,unselected_max_v,0.0016490519670973659,,0.18000000000000002,PASS,False
buffered_out2_true2_fast_3_0_edge50,prime,DEC1,upper_excursion_v,0.0016483945044014217,,1.9800000000000002,PASS,False
buffered_out2_true2_fast_3_0_edge50,prime,DEC1,lower_excursion_v,5.881609222383306e-05,-0.18000000000000002,,PASS,False
buffered_out2_true2_fast_3_0_edge50,prime,DEC1,end_level_v,6.499870744158652e-05,-0.18000000000000002,0.18000000000000002,PASS,False
buffered_out2_true2_fast_3_0_edge50,prime,DEC1,unselected_max_v,0.0016483945044014217,,0.18000000000000002,PASS,False
buffered_out2_true2_fast_3_0_edge50,prime,DEC2,upper_excursion_v,0.001648543483805892,,1.9800000000000002,PASS,False
buffered_out2_true2_fast_3_0_edge50,prime,DEC2,lower_excursion_v,2.4164136111538836e-05,-0.18000000000000002,,PASS,False
buffered_out2_true2_fast_3_0_edge50,prime,DEC2,end_level_v,7.01693269093695e-05,-0.18000000000000002,0.18000000000000002,PASS,False
buffered_out2_true2_fast_3_0_edge50,prime,DEC2,unselected_max_v,0.001648543483805892,,0.18000000000000002,PASS,False
buffered_out2_true2_fast_3_0_edge50,prime,DEC3,upper_excursion_v,1.7999991038058245,,1.9800000000000002,PASS,False
buffered_out2_true2_fast_3_0_edge50,prime,DEC3,lower_excursion_v,-0.03285778595465891,-0.18000000000000002,,PASS,False
buffered_out2_true2_fast_3_0_edge50,prime,DEC3,end_level_v,1.7999991038038652,1.62,1.9800000000000002,PASS,False
buffered_out2_true2_fast_3_0_edge50,prime,DEC3,settled_min_v,1.7999990742504752,1.62,,PASS,False
buffered_out2_true2_fast_3_0_edge50,prime,WL0,upper_excursion_v,0.00014556959911767514,,1.9800000000000002,PASS,False
buffered_out2_true2_fast_3_0_edge50,prime,WL0,lower_excursion_v,0.00013843789766812027,-0.18000000000000002,,PASS,False
buffered_out2_true2_fast_3_0_edge50,prime,WL0,end_level_v,0.00014468706111885822,-0.18000000000000002,0.18000000000000002,PASS,False
buffered_out2_true2_fast_3_0_edge50,prime,WL0,unselected_max_v,0.00014556959911767514,,0.18000000000000002,PASS,False
buffered_out2_true2_fast_3_0_edge50,prime,WL1,upper_excursion_v,0.00014557411651160178,,1.9800000000000002,PASS,False
buffered_out2_true2_fast_3_0_edge50,prime,WL1,lower_excursion_v,0.00013846306283687263,-0.18000000000000002,,PASS,False
buffered_out2_true2_fast_3_0_edge50,prime,WL1,end_level_v,0.00014468706107415857,-0.18000000000000002,0.18000000000000002,PASS,False
buffered_out2_true2_fast_3_0_edge50,prime,WL1,unselected_max_v,0.00014557411651160178,,0.18000000000000002,PASS,False
buffered_out2_true2_fast_3_0_edge50,prime,WL2,upper_excursion_v,0.00014569024661144843,,1.9800000000000002,PASS,False
buffered_out2_true2_fast_3_0_edge50,prime,WL2,lower_excursion_v,0.000138849597428892,-0.18000000000000002,,PASS,False
buffered_out2_true2_fast_3_0_edge50,prime,WL2,end_level_v,0.000144687054733831,-0.18000000000000002,0.18000000000000002,PASS,False
buffered_out2_true2_fast_3_0_edge50,prime,WL2,unselected_max_v,0.00014569024661144843,,0.18000000000000002,PASS,False
buffered_out2_true2_fast_3_0_edge50,prime,WL3,upper_excursion_v,1.7999993201190922,,1.9800000000000002,PASS,False
buffered_out2_true2_fast_3_0_edge50,prime,WL3,lower_excursion_v,-0.02577783573235856,-0.18000000000000002,,PASS,False
buffered_out2_true2_fast_3_0_edge50,prime,WL3,end_level_v,1.799999320119092,1.62,1.9800000000000002,PASS,False
buffered_out2_true2_fast_3_0_edge50,prime,WL3,settled_min_v,1.7998597542696992,1.62,,PASS,False
buffered_out2_true2_fast_3_0_edge50,test,DEC0,upper_excursion_v,1.7999991038995442,,1.9800000000000002,PASS,False
buffered_out2_true2_fast_3_0_edge50,test,DEC0,lower_excursion_v,-0.03037818191434339,-0.18000000000000002,,PASS,False
buffered_out2_true2_fast_3_0_edge50,test,DEC0,end_level_v,1.799999103814846,1.62,1.9800000000000002,PASS,False
buffered_out2_true2_fast_3_0_edge50,test,DEC0,settled_min_v,1.7999990607294227,1.62,,PASS,False
buffered_out2_true2_fast_3_0_edge50,test,DEC1,upper_excursion_v,0.0016528212013459285,,1.9800000000000002,PASS,False
buffered_out2_true2_fast_3_0_edge50,test,DEC1,lower_excursion_v,8.94333092373717e-06,-0.18000000000000002,,PASS,False
buffered_out2_true2_fast_3_0_edge50,test,DEC1,end_level_v,7.444210095416957e-05,-0.18000000000000002,0.18000000000000002,PASS,False
buffered_out2_true2_fast_3_0_edge50,test,DEC1,unselected_max_v,0.0016528212013459285,,0.18000000000000002,PASS,False
buffered_out2_true2_fast_3_0_edge50,test,DEC2,upper_excursion_v,0.0016485631527293132,,1.9800000000000002,PASS,False
buffered_out2_true2_fast_3_0_edge50,test,DEC2,lower_excursion_v,5.681014262490573e-05,-0.18000000000000002,,PASS,False
buffered_out2_true2_fast_3_0_edge50,test,DEC2,end_level_v,6.498943073410149e-05,-0.18000000000000002,0.18000000000000002,PASS,False
buffered_out2_true2_fast_3_0_edge50,test,DEC2,unselected_max_v,0.0016485631527293132,,0.18000000000000002,PASS,False
buffered_out2_true2_fast_3_0_edge50,test,DEC3,upper_excursion_v,0.0016486475362257732,,1.9800000000000002,PASS,False
buffered_out2_true2_fast_3_0_edge50,test,DEC3,lower_excursion_v,5.591513648737656e-05,-0.18000000000000002,,PASS,False
buffered_out2_true2_fast_3_0_edge50,test,DEC3,end_level_v,6.525149337269172e-05,-0.18000000000000002,0.18000000000000002,PASS,False
buffered_out2_true2_fast_3_0_edge50,test,DEC3,unselected_max_v,0.0016486475362257732,,0.18000000000000002,PASS,False
buffered_out2_true2_fast_3_0_edge50,test,WL0,upper_excursion_v,1.7999993201190922,,1.9800000000000002,PASS,False
buffered_out2_true2_fast_3_0_edge50,test,WL0,lower_excursion_v,-0.025664978724977687,-0.18000000000000002,,PASS,False
buffered_out2_true2_fast_3_0_edge50,test,WL0,end_level_v,1.7999993201190922,1.62,1.9800000000000002,PASS,False
buffered_out2_true2_fast_3_0_edge50,test,WL0,settled_min_v,1.7998538268978745,1.62,,PASS,False
buffered_out2_true2_fast_3_0_edge50,test,WL1,upper_excursion_v,0.00014560609628567228,,1.9800000000000002,PASS,False
buffered_out2_true2_fast_3_0_edge50,test,WL1,lower_excursion_v,0.00013827109074391862,-0.18000000000000002,,PASS,False
buffered_out2_true2_fast_3_0_edge50,test,WL1,end_level_v,0.00014468705091382088,-0.18000000000000002,0.18000000000000002,PASS,False
buffered_out2_true2_fast_3_0_edge50,test,WL1,unselected_max_v,0.00014560609628567228,,0.18000000000000002,PASS,False
buffered_out2_true2_fast_3_0_edge50,test,WL2,upper_excursion_v,0.00014559913232488122,,1.9800000000000002,PASS,False
buffered_out2_true2_fast_3_0_edge50,test,WL2,lower_excursion_v,0.00013840722223171662,-0.18000000000000002,,PASS,False
buffered_out2_true2_fast_3_0_edge50,test,WL2,end_level_v,0.0001446870610726798,-0.18000000000000002,0.18000000000000002,PASS,False
buffered_out2_true2_fast_3_0_edge50,test,WL2,unselected_max_v,0.00014559913232488122,,0.18000000000000002,PASS,False
buffered_out2_true2_fast_3_0_edge50,test,WL3,upper_excursion_v,0.00014559462061031209,,1.9800000000000002,PASS,False
buffered_out2_true2_fast_3_0_edge50,test,WL3,lower_excursion_v,0.00013836455533162967,-0.18000000000000002,,PASS,False
buffered_out2_true2_fast_3_0_edge50,test,WL3,end_level_v,0.00014468706126747916,-0.18000000000000002,0.18000000000000002,PASS,False
buffered_out2_true2_fast_3_0_edge50,test,WL3,unselected_max_v,0.00014559462061031209,,0.18000000000000002,PASS,False
buffered_out2_true2_fast_3_0_edge50,recovery,DEC0,end_level_v,0.00014373872147069628,-0.18000000000000002,0.18000000000000002,PASS,False
buffered_out2_true2_fast_3_0_edge50,recovery,DEC0,settled_max_v,0.0006333857951010003,,0.18000000000000002,PASS,False
buffered_out2_true2_fast_3_0_edge50,recovery,DEC1,end_level_v,0.0001432223276722355,-0.18000000000000002,0.18000000000000002,PASS,False
buffered_out2_true2_fast_3_0_edge50,recovery,DEC1,settled_max_v,0.0006084460325956266,,0.18000000000000002,PASS,False
buffered_out2_true2_fast_3_0_edge50,recovery,DEC2,end_level_v,0.0001426722356237495,-0.18000000000000002,0.18000000000000002,PASS,False
buffered_out2_true2_fast_3_0_edge50,recovery,DEC2,settled_max_v,0.0009486544696701775,,0.18000000000000002,PASS,False
buffered_out2_true2_fast_3_0_edge50,recovery,DEC3,end_level_v,0.0001426722375786817,-0.18000000000000002,0.18000000000000002,PASS,False
buffered_out2_true2_fast_3_0_edge50,recovery,DEC3,settled_max_v,0.000967995846286969,,0.18000000000000002,PASS,False
buffered_out2_true2_fast_3_0_edge50,recovery,WL0,end_level_v,0.0001446870794199845,-0.18000000000000002,0.18000000000000002,PASS,False
buffered_out2_true2_fast_3_0_edge50,recovery,WL0,settled_max_v,0.00014573641846107928,,0.18000000000000002,PASS,False
buffered_out2_true2_fast_3_0_edge50,recovery,WL1,end_level_v,0.0001446870751436971,-0.18000000000000002,0.18000000000000002,PASS,False
buffered_out2_true2_fast_3_0_edge50,recovery,WL1,settled_max_v,0.00014569290923178375,,0.18000000000000002,PASS,False
buffered_out2_true2_fast_3_0_edge50,recovery,WL2,end_level_v,0.00014468707074366159,-0.18000000000000002,0.18000000000000002,PASS,False
buffered_out2_true2_fast_3_0_edge50,recovery,WL2,settled_max_v,0.0001516146043201743,,0.18000000000000002,PASS,False
buffered_out2_true2_fast_3_0_edge50,recovery,WL3,end_level_v,0.00014468707074358897,-0.18000000000000002,0.18000000000000002,PASS,False
buffered_out2_true2_fast_3_0_edge50,recovery,WL3,settled_max_v,0.0001516633573629931,,0.18000000000000002,PASS,False
buffered_out2_true2_fast_3_0_edge50,recovery,N0,end_level_v,1.7995077791494092,1.62,1.9800000000000002,PASS,False
buffered_out2_true2_fast_3_0_edge50,recovery,N1,end_level_v,1.7997498947121746,1.62,1.9800000000000002,PASS,False
buffered_out2_true2_fast_3_0_edge50,recovery,N2,end_level_v,1.7999998926155896,1.62,1.9800000000000002,PASS,False
buffered_out2_true2_fast_3_0_edge50,recovery,N3,end_level_v,1.7999998918000701,1.62,1.9800000000000002,PASS,False
buffered_out2_true2_fast_3_0_edge50,final_precharge,DEC0,settled_max_v,0.00015739814918584518,,0.18000000000000002,PASS,False
buffered_out2_true2_fast_3_0_edge50,final_precharge,DEC0,settled_min_v,0.00014375443307344346,-0.18000000000000002,,PASS,False
buffered_out2_true2_fast_3_0_edge50,final_precharge,DEC1,settled_max_v,0.00014278505473289656,,0.18000000000000002,PASS,False
buffered_out2_true2_fast_3_0_edge50,final_precharge,DEC1,settled_min_v,0.00014273590285903553,-0.18000000000000002,,PASS,False
buffered_out2_true2_fast_3_0_edge50,final_precharge,DEC2,settled_max_v,0.0001426723358987023,,0.18000000000000002,PASS,False
buffered_out2_true2_fast_3_0_edge50,final_precharge,DEC2,settled_min_v,0.00014267225911674422,-0.18000000000000002,,PASS,False
buffered_out2_true2_fast_3_0_edge50,final_precharge,DEC3,settled_max_v,0.00014267230769852358,,0.18000000000000002,PASS,False
buffered_out2_true2_fast_3_0_edge50,final_precharge,DEC3,settled_min_v,0.00014267225785080513,-0.18000000000000002,,PASS,False
buffered_out2_true2_fast_3_0_edge50,final_precharge,WL0,settled_max_v,0.00014468808930854563,,0.18000000000000002,PASS,False
buffered_out2_true2_fast_3_0_edge50,final_precharge,WL0,settled_min_v,0.00014468707317449352,-0.18000000000000002,,PASS,False
buffered_out2_true2_fast_3_0_edge50,final_precharge,WL1,settled_max_v,0.00014468707865974092,,0.18000000000000002,PASS,False
buffered_out2_true2_fast_3_0_edge50,final_precharge,WL1,settled_min_v,0.0001446870707860564,-0.18000000000000002,,PASS,False
buffered_out2_true2_fast_3_0_edge50,final_precharge,WL2,settled_max_v,0.00014468707074577483,,0.18000000000000002,PASS,False
buffered_out2_true2_fast_3_0_edge50,final_precharge,WL2,settled_min_v,0.00014468707068176353,-0.18000000000000002,,PASS,False
buffered_out2_true2_fast_3_0_edge50,final_precharge,WL3,settled_max_v,0.00014468707074534869,,0.18000000000000002,PASS,False
buffered_out2_true2_fast_3_0_edge50,final_precharge,WL3,settled_min_v,0.00014468707067825953,-0.18000000000000002,,PASS,False
buffered_out2_true2_fast_3_0_edge50,final_precharge,N0,end_level_v,1.7994299325544354,1.62,1.9800000000000002,PASS,False
buffered_out2_true2_fast_3_0_edge50,final_precharge,N1,end_level_v,1.799963378151283,1.62,1.9800000000000002,PASS,False
buffered_out2_true2_fast_3_0_edge50,final_precharge,N2,end_level_v,1.799999882880338,1.62,1.9800000000000002,PASS,False
buffered_out2_true2_fast_3_0_edge50,final_precharge,N3,end_level_v,1.7999998835358406,1.62,1.9800000000000002,PASS,False
buffered_out2_true3_ss_cold_0_3_edge25,prime,DEC0,upper_excursion_v,1.7999999961769524,,1.9800000000000002,PASS,False
buffered_out2_true3_ss_cold_0_3_edge25,prime,DEC0,lower_excursion_v,-0.09416356055960684,-0.18000000000000002,,PASS,False
buffered_out2_true3_ss_cold_0_3_edge25,prime,DEC0,end_level_v,1.7999999961707989,1.62,1.9800000000000002,PASS,False
buffered_out2_true3_ss_cold_0_3_edge25,prime,DEC0,settled_min_v,1.7999994483370105,1.62,,PASS,False
buffered_out2_true3_ss_cold_0_3_edge25,prime,DEC1,upper_excursion_v,0.0025334254316621025,,1.9800000000000002,PASS,False
buffered_out2_true3_ss_cold_0_3_edge25,prime,DEC1,lower_excursion_v,-0.0001562413462367837,-0.18000000000000002,,PASS,False
buffered_out2_true3_ss_cold_0_3_edge25,prime,DEC1,end_level_v,-5.777877040528957e-07,-0.18000000000000002,0.18000000000000002,PASS,False
buffered_out2_true3_ss_cold_0_3_edge25,prime,DEC1,unselected_max_v,0.0025334254316621025,,0.18000000000000002,PASS,False
buffered_out2_true3_ss_cold_0_3_edge25,prime,DEC2,upper_excursion_v,0.0025278703459337233,,1.9800000000000002,PASS,False
buffered_out2_true3_ss_cold_0_3_edge25,prime,DEC2,lower_excursion_v,-5.138685854414756e-06,-0.18000000000000002,,PASS,False
buffered_out2_true3_ss_cold_0_3_edge25,prime,DEC2,end_level_v,1.087447706669283e-09,-0.18000000000000002,0.18000000000000002,PASS,False
buffered_out2_true3_ss_cold_0_3_edge25,prime,DEC2,unselected_max_v,0.0025278703459337233,,0.18000000000000002,PASS,False
buffered_out2_true3_ss_cold_0_3_edge25,prime,DEC3,upper_excursion_v,0.002527870131720803,,1.9800000000000002,PASS,False
buffered_out2_true3_ss_cold_0_3_edge25,prime,DEC3,lower_excursion_v,-3.836640444287035e-06,-0.18000000000000002,,PASS,False
buffered_out2_true3_ss_cold_0_3_edge25,prime,DEC3,end_level_v,1.0874387929109213e-09,-0.18000000000000002,0.18000000000000002,PASS,False
buffered_out2_true3_ss_cold_0_3_edge25,prime,DEC3,unselected_max_v,0.002527870131720803,,0.18000000000000002,PASS,False
buffered_out2_true3_ss_cold_0_3_edge25,prime,WL0,upper_excursion_v,1.7999999898436987,,1.9800000000000002,PASS,False
buffered_out2_true3_ss_cold_0_3_edge25,prime,WL0,lower_excursion_v,-0.03758827441496088,-0.18000000000000002,,PASS,False
buffered_out2_true3_ss_cold_0_3_edge25,prime,WL0,end_level_v,1.7999999898436987,1.62,1.9800000000000002,PASS,False
buffered_out2_true3_ss_cold_0_3_edge25,prime,WL0,settled_min_v,1.7972230137070255,1.62,,PASS,False
buffered_out2_true3_ss_cold_0_3_edge25,prime,WL1,upper_excursion_v,5.9218098853323545e-06,,1.9800000000000002,PASS,False
buffered_out2_true3_ss_cold_0_3_edge25,prime,WL1,lower_excursion_v,-6.737523373649572e-06,-0.18000000000000002,,PASS,False
buffered_out2_true3_ss_cold_0_3_edge25,prime,WL1,end_level_v,3.239837807699601e-09,-0.18000000000000002,0.18000000000000002,PASS,False
buffered_out2_true3_ss_cold_0_3_edge25,prime,WL1,unselected_max_v,5.9218098853323545e-06,,0.18000000000000002,PASS,False
buffered_out2_true3_ss_cold_0_3_edge25,prime,WL2,upper_excursion_v,5.907931792510315e-06,,1.9800000000000002,PASS,False
buffered_out2_true3_ss_cold_0_3_edge25,prime,WL2,lower_excursion_v,-6.390945689248379e-06,-0.18000000000000002,,PASS,False
buffered_out2_true3_ss_cold_0_3_edge25,prime,WL2,end_level_v,3.2398989691569087e-09,-0.18000000000000002,0.18000000000000002,PASS,False
buffered_out2_true3_ss_cold_0_3_edge25,prime,WL2,unselected_max_v,5.907931792510315e-06,,0.18000000000000002,PASS,False
buffered_out2_true3_ss_cold_0_3_edge25,prime,WL3,upper_excursion_v,5.907924679403699e-06,,1.9800000000000002,PASS,False
buffered_out2_true3_ss_cold_0_3_edge25,prime,WL3,lower_excursion_v,-6.3880993865599565e-06,-0.18000000000000002,,PASS,False
buffered_out2_true3_ss_cold_0_3_edge25,prime,WL3,end_level_v,3.239898599110382e-09,-0.18000000000000002,0.18000000000000002,PASS,False
buffered_out2_true3_ss_cold_0_3_edge25,prime,WL3,unselected_max_v,5.907924679403699e-06,,0.18000000000000002,PASS,False
buffered_out2_true3_ss_cold_0_3_edge25,test,DEC0,upper_excursion_v,0.002526393842444045,,1.9800000000000002,PASS,False
buffered_out2_true3_ss_cold_0_3_edge25,test,DEC0,lower_excursion_v,-7.452209114483573e-05,-0.18000000000000002,,PASS,False
buffered_out2_true3_ss_cold_0_3_edge25,test,DEC0,end_level_v,1.0874514629962222e-09,-0.18000000000000002,0.18000000000000002,PASS,False
buffered_out2_true3_ss_cold_0_3_edge25,test,DEC0,unselected_max_v,0.002526393842444045,,0.18000000000000002,PASS,False
buffered_out2_true3_ss_cold_0_3_edge25,test,DEC1,upper_excursion_v,0.0025263980323419386,,1.9800000000000002,PASS,False
buffered_out2_true3_ss_cold_0_3_edge25,test,DEC1,lower_excursion_v,-7.511689015547487e-05,-0.18000000000000002,,PASS,False
buffered_out2_true3_ss_cold_0_3_edge25,test,DEC1,end_level_v,1.0874557849657858e-09,-0.18000000000000002,0.18000000000000002,PASS,False
buffered_out2_true3_ss_cold_0_3_edge25,test,DEC1,unselected_max_v,0.0025263980323419386,,0.18000000000000002,PASS,False
buffered_out2_true3_ss_cold_0_3_edge25,test,DEC2,upper_excursion_v,0.0025234340299743387,,1.9800000000000002,PASS,False
buffered_out2_true3_ss_cold_0_3_edge25,test,DEC2,lower_excursion_v,-0.00017201108482414046,-0.18000000000000002,,PASS,False
buffered_out2_true3_ss_cold_0_3_edge25,test,DEC2,end_level_v,-7.62741632590048e-07,-0.18000000000000002,0.18000000000000002,PASS,False
buffered_out2_true3_ss_cold_0_3_edge25,test,DEC2,unselected_max_v,0.0025234340299743387,,0.18000000000000002,PASS,False
buffered_out2_true3_ss_cold_0_3_edge25,test,DEC3,upper_excursion_v,1.8000095057292578,,1.9800000000000002,PASS,False
buffered_out2_true3_ss_cold_0_3_edge25,test,DEC3,lower_excursion_v,-0.10232928823809331,-0.18000000000000002,,PASS,False
buffered_out2_true3_ss_cold_0_3_edge25,test,DEC3,end_level_v,1.7999999961681066,1.62,1.9800000000000002,PASS,False
buffered_out2_true3_ss_cold_0_3_edge25,test,DEC3,settled_min_v,1.7999996216164011,1.62,,PASS,False
buffered_out2_true3_ss_cold_0_3_edge25,test,WL0,upper_excursion_v,5.904328176192416e-06,,1.9800000000000002,PASS,False
buffered_out2_true3_ss_cold_0_3_edge25,test,WL0,lower_excursion_v,-6.463635279193708e-06,-0.18000000000000002,,PASS,False
buffered_out2_true3_ss_cold_0_3_edge25,test,WL0,end_level_v,3.2398985505504534e-09,-0.18000000000000002,0.18000000000000002,PASS,False
buffered_out2_true3_ss_cold_0_3_edge25,test,WL0,unselected_max_v,5.904328176192416e-06,,0.18000000000000002,PASS,False
buffered_out2_true3_ss_cold_0_3_edge25,test,WL1,upper_excursion_v,5.904366924409669e-06,,1.9800000000000002,PASS,False
buffered_out2_true3_ss_cold_0_3_edge25,test,WL1,lower_excursion_v,-6.474007037699463e-06,-0.18000000000000002,,PASS,False
buffered_out2_true3_ss_cold_0_3_edge25,test,WL1,end_level_v,3.2398989856293722e-09,-0.18000000000000002,0.18000000000000002,PASS,False
buffered_out2_true3_ss_cold_0_3_edge25,test,WL1,unselected_max_v,5.904366924409669e-06,,0.18000000000000002,PASS,False
buffered_out2_true3_ss_cold_0_3_edge25,test,WL2,upper_excursion_v,5.889131374103388e-06,,1.9800000000000002,PASS,False
buffered_out2_true3_ss_cold_0_3_edge25,test,WL2,lower_excursion_v,-6.834624490202524e-06,-0.18000000000000002,,PASS,False
buffered_out2_true3_ss_cold_0_3_edge25,test,WL2,end_level_v,3.239763898171167e-09,-0.18000000000000002,0.18000000000000002,PASS,False
buffered_out2_true3_ss_cold_0_3_edge25,test,WL2,unselected_max_v,5.889131374103388e-06,,0.18000000000000002,PASS,False
buffered_out2_true3_ss_cold_0_3_edge25,test,WL3,upper_excursion_v,1.7999999898436987,,1.9800000000000002,PASS,False
buffered_out2_true3_ss_cold_0_3_edge25,test,WL3,lower_excursion_v,-0.03761688682505007,-0.18000000000000002,,PASS,False
buffered_out2_true3_ss_cold_0_3_edge25,test,WL3,end_level_v,1.7999999898436987,1.62,1.9800000000000002,PASS,False
buffered_out2_true3_ss_cold_0_3_edge25,test,WL3,settled_min_v,1.7973022056398218,1.62,,PASS,False
buffered_out2_true3_ss_cold_0_3_edge25,recovery,DEC0,end_level_v,1.1894875293740612e-09,-0.18000000000000002,0.18000000000000002,PASS,False
buffered_out2_true3_ss_cold_0_3_edge25,recovery,DEC0,settled_max_v,0.00018680648374724444,,0.18000000000000002,PASS,False
buffered_out2_true3_ss_cold_0_3_edge25,recovery,DEC1,end_level_v,1.1893614658202215e-09,-0.18000000000000002,0.18000000000000002,PASS,False
buffered_out2_true3_ss_cold_0_3_edge25,recovery,DEC1,settled_max_v,0.00018474452958944492,,0.18000000000000002,PASS,False
buffered_out2_true3_ss_cold_0_3_edge25,recovery,DEC2,end_level_v,9.331182276514638e-08,-0.18000000000000002,0.18000000000000002,PASS,False
buffered_out2_true3_ss_cold_0_3_edge25,recovery,DEC2,settled_max_v,0.0007520391713012088,,0.18000000000000002,PASS,False
buffered_out2_true3_ss_cold_0_3_edge25,recovery,DEC3,end_level_v,1.894618193824804e-07,-0.18000000000000002,0.18000000000000002,PASS,False
buffered_out2_true3_ss_cold_0_3_edge25,recovery,DEC3,settled_max_v,0.0009103290289356331,,0.18000000000000002,PASS,False
buffered_out2_true3_ss_cold_0_3_edge25,recovery,WL0,end_level_v,3.239898799063837e-09,-0.18000000000000002,0.18000000000000002,PASS,False
buffered_out2_true3_ss_cold_0_3_edge25,recovery,WL0,settled_max_v,6.80728482660603e-07,,0.18000000000000002,PASS,False
buffered_out2_true3_ss_cold_0_3_edge25,recovery,WL1,end_level_v,3.239898927983274e-09,-0.18000000000000002,0.18000000000000002,PASS,False
buffered_out2_true3_ss_cold_0_3_edge25,recovery,WL1,settled_max_v,6.576511482956581e-07,,0.18000000000000002,PASS,False
buffered_out2_true3_ss_cold_0_3_edge25,recovery,WL2,end_level_v,3.2404847915213617e-09,-0.18000000000000002,0.18000000000000002,PASS,False
buffered_out2_true3_ss_cold_0_3_edge25,recovery,WL2,settled_max_v,1.3566259536377553e-06,,0.18000000000000002,PASS,False
buffered_out2_true3_ss_cold_0_3_edge25,recovery,WL3,end_level_v,3.2411654375538952e-09,-0.18000000000000002,0.18000000000000002,PASS,False
buffered_out2_true3_ss_cold_0_3_edge25,recovery,WL3,settled_max_v,2.3268889668925014e-06,,0.18000000000000002,PASS,False
buffered_out2_true3_ss_cold_0_3_edge25,recovery,N0,end_level_v,1.800000009041998,1.62,1.9800000000000002,PASS,False
buffered_out2_true3_ss_cold_0_3_edge25,recovery,N1,end_level_v,1.8000000092831836,1.62,1.9800000000000002,PASS,False
buffered_out2_true3_ss_cold_0_3_edge25,recovery,N2,end_level_v,1.799753000333488,1.62,1.9800000000000002,PASS,False
buffered_out2_true3_ss_cold_0_3_edge25,recovery,N3,end_level_v,1.799447051248424,1.62,1.9800000000000002,PASS,False
buffered_out2_true3_ss_cold_0_3_edge25,final_precharge,DEC0,settled_max_v,1.7223963277058348e-09,,0.18000000000000002,PASS,False
buffered_out2_true3_ss_cold_0_3_edge25,final_precharge,DEC0,settled_min_v,1.2053147186063342e-09,-0.18000000000000002,,PASS,False
buffered_out2_true3_ss_cold_0_3_edge25,final_precharge,DEC1,settled_max_v,1.7276007263918126e-09,,0.18000000000000002,PASS,False
buffered_out2_true3_ss_cold_0_3_edge25,final_precharge,DEC1,settled_min_v,1.2053251012101314e-09,-0.18000000000000002,,PASS,False
buffered_out2_true3_ss_cold_0_3_edge25,final_precharge,DEC2,settled_max_v,7.609789854043047e-09,,0.18000000000000002,PASS,False
buffered_out2_true3_ss_cold_0_3_edge25,final_precharge,DEC2,settled_min_v,3.199295734584997e-09,-0.18000000000000002,,PASS,False
buffered_out2_true3_ss_cold_0_3_edge25,final_precharge,DEC3,settled_max_v,9.561122902793986e-06,,0.18000000000000002,PASS,False
buffered_out2_true3_ss_cold_0_3_edge25,final_precharge,DEC3,settled_min_v,1.1676349742292849e-07,-0.18000000000000002,,PASS,False
buffered_out2_true3_ss_cold_0_3_edge25,final_precharge,WL0,settled_max_v,3.2399691932884307e-09,,0.18000000000000002,PASS,False
buffered_out2_true3_ss_cold_0_3_edge25,final_precharge,WL0,settled_min_v,3.2398984967795475e-09,-0.18000000000000002,,PASS,False
buffered_out2_true3_ss_cold_0_3_edge25,final_precharge,WL1,settled_max_v,3.2399705739326737e-09,,0.18000000000000002,PASS,False
buffered_out2_true3_ss_cold_0_3_edge25,final_precharge,WL1,settled_min_v,3.239898300115476e-09,-0.18000000000000002,,PASS,False
buffered_out2_true3_ss_cold_0_3_edge25,final_precharge,WL2,settled_max_v,3.2411918732419184e-09,,0.18000000000000002,PASS,False
buffered_out2_true3_ss_cold_0_3_edge25,final_precharge,WL2,settled_min_v,3.239898987581852e-09,-0.18000000000000002,,PASS,False
buffered_out2_true3_ss_cold_0_3_edge25,final_precharge,WL3,settled_max_v,1.1865474565378031e-08,,0.18000000000000002,PASS,False
buffered_out2_true3_ss_cold_0_3_edge25,final_precharge,WL3,settled_min_v,3.240038028096739e-09,-0.18000000000000002,,PASS,False
buffered_out2_true3_ss_cold_0_3_edge25,final_precharge,N0,end_level_v,1.7999999783516707,1.62,1.9800000000000002,PASS,False
buffered_out2_true3_ss_cold_0_3_edge25,final_precharge,N1,end_level_v,1.7999999783225054,1.62,1.9800000000000002,PASS,False
buffered_out2_true3_ss_cold_0_3_edge25,final_precharge,N2,end_level_v,1.7999660944538125,1.62,1.9800000000000002,PASS,False
buffered_out2_true3_ss_cold_0_3_edge25,final_precharge,N3,end_level_v,1.7993276483367742,1.62,1.9800000000000002,PASS,False
buffered_out2_true3_ss_cold_0_3_edge50,prime,DEC0,upper_excursion_v,1.7999999961768651,,1.9800000000000002,PASS,False
buffered_out2_true3_ss_cold_0_3_edge50,prime,DEC0,lower_excursion_v,-0.09423585036984118,-0.18000000000000002,,PASS,False
buffered_out2_true3_ss_cold_0_3_edge50,prime,DEC0,end_level_v,1.7999999961708002,1.62,1.9800000000000002,PASS,False
buffered_out2_true3_ss_cold_0_3_edge50,prime,DEC0,settled_min_v,1.7999994208047823,1.62,,PASS,False
buffered_out2_true3_ss_cold_0_3_edge50,prime,DEC1,upper_excursion_v,0.001157589009063721,,1.9800000000000002,PASS,False
buffered_out2_true3_ss_cold_0_3_edge50,prime,DEC1,lower_excursion_v,-6.291481625228523e-05,-0.18000000000000002,,PASS,False
buffered_out2_true3_ss_cold_0_3_edge50,prime,DEC1,end_level_v,-5.784120111866632e-07,-0.18000000000000002,0.18000000000000002,PASS,False
buffered_out2_true3_ss_cold_0_3_edge50,prime,DEC1,unselected_max_v,0.001157589009063721,,0.18000000000000002,PASS,False
buffered_out2_true3_ss_cold_0_3_edge50,prime,DEC2,upper_excursion_v,0.001155933146193708,,1.9800000000000002,PASS,False
buffered_out2_true3_ss_cold_0_3_edge50,prime,DEC2,lower_excursion_v,-1.6098083377540807e-06,-0.18000000000000002,,PASS,False
buffered_out2_true3_ss_cold_0_3_edge50,prime,DEC2,end_level_v,1.0825966182326912e-09,-0.18000000000000002,0.18000000000000002,PASS,False
buffered_out2_true3_ss_cold_0_3_edge50,prime,DEC2,unselected_max_v,0.001155933146193708,,0.18000000000000002,PASS,False
buffered_out2_true3_ss_cold_0_3_edge50,prime,DEC3,upper_excursion_v,0.001155936136768777,,1.9800000000000002,PASS,False
buffered_out2_true3_ss_cold_0_3_edge50,prime,DEC3,lower_excursion_v,-1.6026899457158997e-06,-0.18000000000000002,,PASS,False
buffered_out2_true3_ss_cold_0_3_edge50,prime,DEC3,end_level_v,1.082588644773223e-09,-0.18000000000000002,0.18000000000000002,PASS,False
buffered_out2_true3_ss_cold_0_3_edge50,prime,DEC3,unselected_max_v,0.001155936136768777,,0.18000000000000002,PASS,False
buffered_out2_true3_ss_cold_0_3_edge50,prime,WL0,upper_excursion_v,1.7999999898436985,,1.9800000000000002,PASS,False
buffered_out2_true3_ss_cold_0_3_edge50,prime,WL0,lower_excursion_v,-0.03758804782524333,-0.18000000000000002,,PASS,False
buffered_out2_true3_ss_cold_0_3_edge50,prime,WL0,end_level_v,1.799999989843698,1.62,1.9800000000000002,PASS,False
buffered_out2_true3_ss_cold_0_3_edge50,prime,WL0,settled_min_v,1.7970754088575551,1.62,,PASS,False
buffered_out2_true3_ss_cold_0_3_edge50,prime,WL1,upper_excursion_v,4.0204865539520643e-07,,1.9800000000000002,PASS,False
buffered_out2_true3_ss_cold_0_3_edge50,prime,WL1,lower_excursion_v,-3.6053840846917355e-06,-0.18000000000000002,,PASS,False
buffered_out2_true3_ss_cold_0_3_edge50,prime,WL1,end_level_v,3.2398379648513033e-09,-0.18000000000000002,0.18000000000000002,PASS,False
buffered_out2_true3_ss_cold_0_3_edge50,prime,WL1,unselected_max_v,4.0204865539520643e-07,,0.18000000000000002,PASS,False
buffered_out2_true3_ss_cold_0_3_edge50,prime,WL2,upper_excursion_v,3.7062142146075955e-07,,1.9800000000000002,PASS,False
buffered_out2_true3_ss_cold_0_3_edge50,prime,WL2,lower_excursion_v,-3.6022659826326335e-06,-0.18000000000000002,,PASS,False
buffered_out2_true3_ss_cold_0_3_edge50,prime,WL2,end_level_v,3.2398990527546017e-09,-0.18000000000000002,0.18000000000000002,PASS,False
buffered_out2_true3_ss_cold_0_3_edge50,prime,WL2,unselected_max_v,3.7062142146075955e-07,,0.18000000000000002,PASS,False
buffered_out2_true3_ss_cold_0_3_edge50,prime,WL3,upper_excursion_v,3.708743635362345e-07,,1.9800000000000002,PASS,False
buffered_out2_true3_ss_cold_0_3_edge50,prime,WL3,lower_excursion_v,-3.600774891496062e-06,-0.18000000000000002,,PASS,False
buffered_out2_true3_ss_cold_0_3_edge50,prime,WL3,end_level_v,3.239898694821884e-09,-0.18000000000000002,0.18000000000000002,PASS,False
buffered_out2_true3_ss_cold_0_3_edge50,prime,WL3,unselected_max_v,3.708743635362345e-07,,0.18000000000000002,PASS,False
buffered_out2_true3_ss_cold_0_3_edge50,test,DEC0,upper_excursion_v,0.001156685641497609,,1.9800000000000002,PASS,False
buffered_out2_true3_ss_cold_0_3_edge50,test,DEC0,lower_excursion_v,-8.27563973008842e-07,-0.18000000000000002,,PASS,False
buffered_out2_true3_ss_cold_0_3_edge50,test,DEC0,end_level_v,1.0825908644541304e-09,-0.18000000000000002,0.18000000000000002,PASS,False
buffered_out2_true3_ss_cold_0_3_edge50,test,DEC0,unselected_max_v,0.001156685641497609,,0.18000000000000002,PASS,False
buffered_out2_true3_ss_cold_0_3_edge50,test,DEC1,upper_excursion_v,0.001156685804361509,,1.9800000000000002,PASS,False
buffered_out2_true3_ss_cold_0_3_edge50,test,DEC1,lower_excursion_v,-8.462771611695492e-07,-0.18000000000000002,,PASS,False
buffered_out2_true3_ss_cold_0_3_edge50,test,DEC1,end_level_v,1.0825947088407684e-09,-0.18000000000000002,0.18000000000000002,PASS,False
buffered_out2_true3_ss_cold_0_3_edge50,test,DEC1,unselected_max_v,0.001156685804361509,,0.18000000000000002,PASS,False
buffered_out2_true3_ss_cold_0_3_edge50,test,DEC2,upper_excursion_v,0.00115388083022585,,1.9800000000000002,PASS,False
buffered_out2_true3_ss_cold_0_3_edge50,test,DEC2,lower_excursion_v,-2.616065355016614e-05,-0.18000000000000002,,PASS,False
buffered_out2_true3_ss_cold_0_3_edge50,test,DEC2,end_level_v,-7.638333114935729e-07,-0.18000000000000002,0.18000000000000002,PASS,False
buffered_out2_true3_ss_cold_0_3_edge50,test,DEC2,unselected_max_v,0.00115388083022585,,0.18000000000000002,PASS,False
buffered_out2_true3_ss_cold_0_3_edge50,test,DEC3,upper_excursion_v,1.8000095065104005,,1.9800000000000002,PASS,False
buffered_out2_true3_ss_cold_0_3_edge50,test,DEC3,lower_excursion_v,-0.1023975286504119,-0.18000000000000002,,PASS,False
buffered_out2_true3_ss_cold_0_3_edge50,test,DEC3,end_level_v,1.7999999961681061,1.62,1.9800000000000002,PASS,False
buffered_out2_true3_ss_cold_0_3_edge50,test,DEC3,settled_min_v,1.799999602099827,1.62,,PASS,False
buffered_out2_true3_ss_cold_0_3_edge50,test,WL0,upper_excursion_v,3.618655243472499e-07,,1.9800000000000002,PASS,False
buffered_out2_true3_ss_cold_0_3_edge50,test,WL0,lower_excursion_v,-3.598160717531002e-06,-0.18000000000000002,,PASS,False
buffered_out2_true3_ss_cold_0_3_edge50,test,WL0,end_level_v,3.2398984629714484e-09,-0.18000000000000002,0.18000000000000002,PASS,False
buffered_out2_true3_ss_cold_0_3_edge50,test,WL0,unselected_max_v,3.618655243472499e-07,,0.18000000000000002,PASS,False
buffered_out2_true3_ss_cold_0_3_edge50,test,WL1,upper_excursion_v,3.6179162093647006e-07,,1.9800000000000002,PASS,False
buffered_out2_true3_ss_cold_0_3_edge50,test,WL1,lower_excursion_v,-3.599433683838205e-06,-0.18000000000000002,,PASS,False
buffered_out2_true3_ss_cold_0_3_edge50,test,WL1,end_level_v,3.2398989354671087e-09,-0.18000000000000002,0.18000000000000002,PASS,False
buffered_out2_true3_ss_cold_0_3_edge50,test,WL1,unselected_max_v,3.6179162093647006e-07,,0.18000000000000002,PASS,False
buffered_out2_true3_ss_cold_0_3_edge50,test,WL2,upper_excursion_v,4.361633582494021e-07,,1.9800000000000002,PASS,False
buffered_out2_true3_ss_cold_0_3_edge50,test,WL2,lower_excursion_v,-3.5930627471124208e-06,-0.18000000000000002,,PASS,False
buffered_out2_true3_ss_cold_0_3_edge50,test,WL2,end_level_v,3.2397635212879123e-09,-0.18000000000000002,0.18000000000000002,PASS,False
buffered_out2_true3_ss_cold_0_3_edge50,test,WL2,unselected_max_v,4.361633582494021e-07,,0.18000000000000002,PASS,False
buffered_out2_true3_ss_cold_0_3_edge50,test,WL3,upper_excursion_v,1.7999999898436827,,1.9800000000000002,PASS,False
buffered_out2_true3_ss_cold_0_3_edge50,test,WL3,lower_excursion_v,-0.037618454925664006,-0.18000000000000002,,PASS,False
buffered_out2_true3_ss_cold_0_3_edge50,test,WL3,end_level_v,1.7999999898436827,1.62,1.9800000000000002,PASS,False
buffered_out2_true3_ss_cold_0_3_edge50,test,WL3,settled_min_v,1.7971605290681314,1.62,,PASS,False
buffered_out2_true3_ss_cold_0_3_edge50,recovery,DEC0,end_level_v,1.1893854794489588e-09,-0.18000000000000002,0.18000000000000002,PASS,False
buffered_out2_true3_ss_cold_0_3_edge50,recovery,DEC0,settled_max_v,0.00018666765993551233,,0.18000000000000002,PASS,False
buffered_out2_true3_ss_cold_0_3_edge50,recovery,DEC1,end_level_v,1.1892581769151726e-09,-0.18000000000000002,0.18000000000000002,PASS,False
buffered_out2_true3_ss_cold_0_3_edge50,recovery,DEC1,settled_max_v,0.00018462118171110931,,0.18000000000000002,PASS,False
buffered_out2_true3_ss_cold_0_3_edge50,recovery,DEC2,end_level_v,9.39614288877012e-08,-0.18000000000000002,0.18000000000000002,PASS,False
buffered_out2_true3_ss_cold_0_3_edge50,recovery,DEC2,settled_max_v,0.0007519897728564592,,0.18000000000000002,PASS,False
buffered_out2_true3_ss_cold_0_3_edge50,recovery,DEC3,end_level_v,1.9070825729723053e-07,-0.18000000000000002,0.18000000000000002,PASS,False
buffered_out2_true3_ss_cold_0_3_edge50,recovery,DEC3,settled_max_v,0.0009096084970255571,,0.18000000000000002,PASS,False
buffered_out2_true3_ss_cold_0_3_edge50,recovery,WL0,end_level_v,3.23989875675151e-09,-0.18000000000000002,0.18000000000000002,PASS,False
buffered_out2_true3_ss_cold_0_3_edge50,recovery,WL0,settled_max_v,6.568579691581878e-07,,0.18000000000000002,PASS,False
buffered_out2_true3_ss_cold_0_3_edge50,recovery,WL1,end_level_v,3.2398989398145355e-09,-0.18000000000000002,0.18000000000000002,PASS,False
buffered_out2_true3_ss_cold_0_3_edge50,recovery,WL1,settled_max_v,6.37020079106513e-07,,0.18000000000000002,PASS,False
buffered_out2_true3_ss_cold_0_3_edge50,recovery,WL2,end_level_v,3.2404924246280555e-09,-0.18000000000000002,0.18000000000000002,PASS,False
buffered_out2_true3_ss_cold_0_3_edge50,recovery,WL2,settled_max_v,1.3560296875075716e-06,,0.18000000000000002,PASS,False
buffered_out2_true3_ss_cold_0_3_edge50,recovery,WL3,end_level_v,3.241183785968258e-09,-0.18000000000000002,0.18000000000000002,PASS,False
buffered_out2_true3_ss_cold_0_3_edge50,recovery,WL3,settled_max_v,2.326351589692247e-06,,0.18000000000000002,PASS,False
buffered_out2_true3_ss_cold_0_3_edge50,recovery,N0,end_level_v,1.8000000091780903,1.62,1.9800000000000002,PASS,False
buffered_out2_true3_ss_cold_0_3_edge50,recovery,N1,end_level_v,1.8000000094204316,1.62,1.9800000000000002,PASS,False
buffered_out2_true3_ss_cold_0_3_edge50,recovery,N2,end_level_v,1.799752088800509,1.62,1.9800000000000002,PASS,False
buffered_out2_true3_ss_cold_0_3_edge50,recovery,N3,end_level_v,1.7994453191493998,1.62,1.9800000000000002,PASS,False
buffered_out2_true3_ss_cold_0_3_edge50,final_precharge,DEC0,settled_max_v,1.737057664843828e-09,,0.18000000000000002,PASS,False
buffered_out2_true3_ss_cold_0_3_edge50,final_precharge,DEC0,settled_min_v,1.2053193678584712e-09,-0.18000000000000002,,PASS,False
buffered_out2_true3_ss_cold_0_3_edge50,final_precharge,DEC1,settled_max_v,1.7424060061041663e-09,,0.18000000000000002,PASS,False
buffered_out2_true3_ss_cold_0_3_edge50,final_precharge,DEC1,settled_min_v,1.2053279848469e-09,-0.18000000000000002,,PASS,False
buffered_out2_true3_ss_cold_0_3_edge50,final_precharge,DEC2,settled_max_v,7.708678696710961e-09,,0.18000000000000002,PASS,False
buffered_out2_true3_ss_cold_0_3_edge50,final_precharge,DEC2,settled_min_v,3.20366668957184e-09,-0.18000000000000002,,PASS,False
buffered_out2_true3_ss_cold_0_3_edge50,final_precharge,DEC3,settled_max_v,9.755047771426664e-06,,0.18000000000000002,PASS,False
buffered_out2_true3_ss_cold_0_3_edge50,final_precharge,DEC3,settled_min_v,1.1703858292591609e-07,-0.18000000000000002,,PASS,False
buffered_out2_true3_ss_cold_0_3_edge50,final_precharge,WL0,settled_max_v,3.2399827267608767e-09,,0.18000000000000002,PASS,False
buffered_out2_true3_ss_cold_0_3_edge50,final_precharge,WL0,settled_min_v,3.239898421089689e-09,-0.18000000000000002,,PASS,False
buffered_out2_true3_ss_cold_0_3_edge50,final_precharge,WL1,settled_max_v,3.239983954078078e-09,,0.18000000000000002,PASS,False
buffered_out2_true3_ss_cold_0_3_edge50,final_precharge,WL1,settled_min_v,3.239898292322804e-09,-0.18000000000000002,,PASS,False
buffered_out2_true3_ss_cold_0_3_edge50,final_precharge,WL2,settled_max_v,3.2412819553994136e-09,,0.18000000000000002,PASS,False
buffered_out2_true3_ss_cold_0_3_edge50,final_precharge,WL2,settled_min_v,3.239899039564322e-09,-0.18000000000000002,,PASS,False
buffered_out2_true3_ss_cold_0_3_edge50,final_precharge,WL3,settled_max_v,1.3124617742317975e-08,,0.18000000000000002,PASS,False
buffered_out2_true3_ss_cold_0_3_edge50,final_precharge,WL3,settled_min_v,3.240038993533569e-09,-0.18000000000000002,,PASS,False
buffered_out2_true3_ss_cold_0_3_edge50,final_precharge,N0,end_level_v,1.7999999783442961,1.62,1.9800000000000002,PASS,False
buffered_out2_true3_ss_cold_0_3_edge50,final_precharge,N1,end_level_v,1.7999999783150562,1.62,1.9800000000000002,PASS,False
buffered_out2_true3_ss_cold_0_3_edge50,final_precharge,N2,end_level_v,1.7999660564066564,1.62,1.9800000000000002,PASS,False
buffered_out2_true3_ss_cold_0_3_edge50,final_precharge,N3,end_level_v,1.799326790074041,1.62,1.9800000000000002,PASS,False
buffered_out2_true3_ss_cold_3_0_edge25,prime,DEC0,upper_excursion_v,0.002526688428741946,,1.9800000000000002,PASS,False
buffered_out2_true3_ss_cold_3_0_edge25,prime,DEC0,lower_excursion_v,-6.878102010772246e-05,-0.18000000000000002,,PASS,False
buffered_out2_true3_ss_cold_3_0_edge25,prime,DEC0,end_level_v,1.0874368211246402e-09,-0.18000000000000002,0.18000000000000002,PASS,False
buffered_out2_true3_ss_cold_3_0_edge25,prime,DEC0,unselected_max_v,0.002526688428741946,,0.18000000000000002,PASS,False
buffered_out2_true3_ss_cold_3_0_edge25,prime,DEC1,upper_excursion_v,0.0025266826530002755,,1.9800000000000002,PASS,False
buffered_out2_true3_ss_cold_3_0_edge25,prime,DEC1,lower_excursion_v,-6.876087214836575e-05,-0.18000000000000002,,PASS,False
buffered_out2_true3_ss_cold_3_0_edge25,prime,DEC1,end_level_v,1.0874444630581092e-09,-0.18000000000000002,0.18000000000000002,PASS,False
buffered_out2_true3_ss_cold_3_0_edge25,prime,DEC1,unselected_max_v,0.0025266826530002755,,0.18000000000000002,PASS,False
buffered_out2_true3_ss_cold_3_0_edge25,prime,DEC2,upper_excursion_v,0.0025245644616068244,,1.9800000000000002,PASS,False
buffered_out2_true3_ss_cold_3_0_edge25,prime,DEC2,lower_excursion_v,-0.0001598803206631083,-0.18000000000000002,,PASS,False
buffered_out2_true3_ss_cold_3_0_edge25,prime,DEC2,end_level_v,-5.471489267425135e-07,-0.18000000000000002,0.18000000000000002,PASS,False
buffered_out2_true3_ss_cold_3_0_edge25,prime,DEC2,unselected_max_v,0.0025245644616068244,,0.18000000000000002,PASS,False
buffered_out2_true3_ss_cold_3_0_edge25,prime,DEC3,upper_excursion_v,1.8000095067714101,,1.9800000000000002,PASS,False
buffered_out2_true3_ss_cold_3_0_edge25,prime,DEC3,lower_excursion_v,-0.10239186151694255,-0.18000000000000002,,PASS,False
buffered_out2_true3_ss_cold_3_0_edge25,prime,DEC3,end_level_v,1.7999999961674702,1.62,1.9800000000000002,PASS,False
buffered_out2_true3_ss_cold_3_0_edge25,prime,DEC3,settled_min_v,1.7999996226204862,1.62,,PASS,False
buffered_out2_true3_ss_cold_3_0_edge25,prime,WL0,upper_excursion_v,5.905029064003954e-06,,1.9800000000000002,PASS,False
buffered_out2_true3_ss_cold_3_0_edge25,prime,WL0,lower_excursion_v,-6.46704667456088e-06,-0.18000000000000002,,PASS,False
buffered_out2_true3_ss_cold_3_0_edge25,prime,WL0,end_level_v,3.239898563364646e-09,-0.18000000000000002,0.18000000000000002,PASS,False
buffered_out2_true3_ss_cold_3_0_edge25,prime,WL0,unselected_max_v,5.905029064003954e-06,,0.18000000000000002,PASS,False
buffered_out2_true3_ss_cold_3_0_edge25,prime,WL1,upper_excursion_v,5.905022028842712e-06,,1.9800000000000002,PASS,False
buffered_out2_true3_ss_cold_3_0_edge25,prime,WL1,lower_excursion_v,-6.476673999551149e-06,-0.18000000000000002,,PASS,False
buffered_out2_true3_ss_cold_3_0_edge25,prime,WL1,end_level_v,3.23989841003151e-09,-0.18000000000000002,0.18000000000000002,PASS,False
buffered_out2_true3_ss_cold_3_0_edge25,prime,WL1,unselected_max_v,5.905022028842712e-06,,0.18000000000000002,PASS,False
buffered_out2_true3_ss_cold_3_0_edge25,prime,WL2,upper_excursion_v,5.89219496971049e-06,,1.9800000000000002,PASS,False
buffered_out2_true3_ss_cold_3_0_edge25,prime,WL2,lower_excursion_v,-6.818934373174354e-06,-0.18000000000000002,,PASS,False
buffered_out2_true3_ss_cold_3_0_edge25,prime,WL2,end_level_v,3.2398471002378277e-09,-0.18000000000000002,0.18000000000000002,PASS,False
buffered_out2_true3_ss_cold_3_0_edge25,prime,WL2,unselected_max_v,5.89219496971049e-06,,0.18000000000000002,PASS,False
buffered_out2_true3_ss_cold_3_0_edge25,prime,WL3,upper_excursion_v,1.799999989843699,,1.9800000000000002,PASS,False
buffered_out2_true3_ss_cold_3_0_edge25,prime,WL3,lower_excursion_v,-0.0375756821671059,-0.18000000000000002,,PASS,False
buffered_out2_true3_ss_cold_3_0_edge25,prime,WL3,end_level_v,1.799999989843699,1.62,1.9800000000000002,PASS,False
buffered_out2_true3_ss_cold_3_0_edge25,prime,WL3,settled_min_v,1.7973096000522901,1.62,,PASS,False
buffered_out2_true3_ss_cold_3_0_edge25,test,DEC0,upper_excursion_v,1.7999999962388111,,1.9800000000000002,PASS,False
buffered_out2_true3_ss_cold_3_0_edge25,test,DEC0,lower_excursion_v,-0.09410473575971255,-0.18000000000000002,,PASS,False
buffered_out2_true3_ss_cold_3_0_edge25,test,DEC0,end_level_v,1.799999996178883,1.62,1.9800000000000002,PASS,False
buffered_out2_true3_ss_cold_3_0_edge25,test,DEC0,settled_min_v,1.7999994446534484,1.62,,PASS,False
buffered_out2_true3_ss_cold_3_0_edge25,test,DEC1,upper_excursion_v,0.0025275922765314166,,1.9800000000000002,PASS,False
buffered_out2_true3_ss_cold_3_0_edge25,test,DEC1,lower_excursion_v,-0.00016753887759649727,-0.18000000000000002,,PASS,False
buffered_out2_true3_ss_cold_3_0_edge25,test,DEC1,end_level_v,-8.504211596177545e-07,-0.18000000000000002,0.18000000000000002,PASS,False
buffered_out2_true3_ss_cold_3_0_edge25,test,DEC1,unselected_max_v,0.0025275922765314166,,0.18000000000000002,PASS,False
buffered_out2_true3_ss_cold_3_0_edge25,test,DEC2,upper_excursion_v,0.0025231554594415577,,1.9800000000000002,PASS,False
buffered_out2_true3_ss_cold_3_0_edge25,test,DEC2,lower_excursion_v,-9.466157660832788e-06,-0.18000000000000002,,PASS,False
buffered_out2_true3_ss_cold_3_0_edge25,test,DEC2,end_level_v,1.0874629349495919e-09,-0.18000000000000002,0.18000000000000002,PASS,False
buffered_out2_true3_ss_cold_3_0_edge25,test,DEC2,unselected_max_v,0.0025231554594415577,,0.18000000000000002,PASS,False
buffered_out2_true3_ss_cold_3_0_edge25,test,DEC3,upper_excursion_v,0.0025231434850877857,,1.9800000000000002,PASS,False
buffered_out2_true3_ss_cold_3_0_edge25,test,DEC3,lower_excursion_v,-8.462456987498408e-06,-0.18000000000000002,,PASS,False
buffered_out2_true3_ss_cold_3_0_edge25,test,DEC3,end_level_v,1.0874587463025332e-09,-0.18000000000000002,0.18000000000000002,PASS,False
buffered_out2_true3_ss_cold_3_0_edge25,test,DEC3,unselected_max_v,0.0025231434850877857,,0.18000000000000002,PASS,False
buffered_out2_true3_ss_cold_3_0_edge25,test,WL0,upper_excursion_v,1.7999999898437267,,1.9800000000000002,PASS,False
buffered_out2_true3_ss_cold_3_0_edge25,test,WL0,lower_excursion_v,-0.03758101757014824,-0.18000000000000002,,PASS,False
buffered_out2_true3_ss_cold_3_0_edge25,test,WL0,end_level_v,1.7999999898437267,1.62,1.9800000000000002,PASS,False
buffered_out2_true3_ss_cold_3_0_edge25,test,WL0,settled_min_v,1.7972141444807235,1.62,,PASS,False
buffered_out2_true3_ss_cold_3_0_edge25,test,WL1,upper_excursion_v,5.9077772229867e-06,,1.9800000000000002,PASS,False
buffered_out2_true3_ss_cold_3_0_edge25,test,WL1,lower_excursion_v,-6.7449307219182375e-06,-0.18000000000000002,,PASS,False
buffered_out2_true3_ss_cold_3_0_edge25,test,WL1,end_level_v,3.2397139688202625e-09,-0.18000000000000002,0.18000000000000002,PASS,False
buffered_out2_true3_ss_cold_3_0_edge25,test,WL1,unselected_max_v,5.9077772229867e-06,,0.18000000000000002,PASS,False
buffered_out2_true3_ss_cold_3_0_edge25,test,WL2,upper_excursion_v,5.897703170408132e-06,,1.9800000000000002,PASS,False
buffered_out2_true3_ss_cold_3_0_edge25,test,WL2,lower_excursion_v,-6.375637876907772e-06,-0.18000000000000002,,PASS,False
buffered_out2_true3_ss_cold_3_0_edge25,test,WL2,end_level_v,3.239898964734125e-09,-0.18000000000000002,0.18000000000000002,PASS,False
buffered_out2_true3_ss_cold_3_0_edge25,test,WL2,unselected_max_v,5.897703170408132e-06,,0.18000000000000002,PASS,False
buffered_out2_true3_ss_cold_3_0_edge25,test,WL3,upper_excursion_v,5.89770991927358e-06,,1.9800000000000002,PASS,False
buffered_out2_true3_ss_cold_3_0_edge25,test,WL3,lower_excursion_v,-6.373940060925921e-06,-0.18000000000000002,,PASS,False
buffered_out2_true3_ss_cold_3_0_edge25,test,WL3,end_level_v,3.239898746088283e-09,-0.18000000000000002,0.18000000000000002,PASS,False
buffered_out2_true3_ss_cold_3_0_edge25,test,WL3,unselected_max_v,5.89770991927358e-06,,0.18000000000000002,PASS,False
buffered_out2_true3_ss_cold_3_0_edge25,recovery,DEC0,end_level_v,2.989257858297876e-07,-0.18000000000000002,0.18000000000000002,PASS,False
buffered_out2_true3_ss_cold_3_0_edge25,recovery,DEC0,settled_max_v,0.00017254530951255992,,0.18000000000000002,PASS,False
buffered_out2_true3_ss_cold_3_0_edge25,recovery,DEC1,end_level_v,1.6439200478668425e-07,-0.18000000000000002,0.18000000000000002,PASS,False
buffered_out2_true3_ss_cold_3_0_edge25,recovery,DEC1,settled_max_v,0.00017242274894759135,,0.18000000000000002,PASS,False
buffered_out2_true3_ss_cold_3_0_edge25,recovery,DEC2,end_level_v,1.2007760108621256e-09,-0.18000000000000002,0.18000000000000002,PASS,False
buffered_out2_true3_ss_cold_3_0_edge25,recovery,DEC2,settled_max_v,0.00037929301297072774,,0.18000000000000002,PASS,False
buffered_out2_true3_ss_cold_3_0_edge25,recovery,DEC3,end_level_v,1.2009989059729851e-09,-0.18000000000000002,0.18000000000000002,PASS,False
buffered_out2_true3_ss_cold_3_0_edge25,recovery,DEC3,settled_max_v,0.00038476154698378613,,0.18000000000000002,PASS,False
buffered_out2_true3_ss_cold_3_0_edge25,recovery,WL0,end_level_v,3.2435496823726037e-09,-0.18000000000000002,0.18000000000000002,PASS,False
buffered_out2_true3_ss_cold_3_0_edge25,recovery,WL0,settled_max_v,7.989797547570295e-07,,0.18000000000000002,PASS,False
buffered_out2_true3_ss_cold_3_0_edge25,recovery,WL1,end_level_v,3.2417671059349344e-09,-0.18000000000000002,0.18000000000000002,PASS,False
buffered_out2_true3_ss_cold_3_0_edge25,recovery,WL1,settled_max_v,7.984681335114527e-07,,0.18000000000000002,PASS,False
buffered_out2_true3_ss_cold_3_0_edge25,recovery,WL2,end_level_v,3.2398992229859133e-09,-0.18000000000000002,0.18000000000000002,PASS,False
buffered_out2_true3_ss_cold_3_0_edge25,recovery,WL2,settled_max_v,1.9255106044245303e-06,,0.18000000000000002,PASS,False
buffered_out2_true3_ss_cold_3_0_edge25,recovery,WL3,end_level_v,3.2398988204844115e-09,-0.18000000000000002,0.18000000000000002,PASS,False
buffered_out2_true3_ss_cold_3_0_edge25,recovery,WL3,settled_max_v,1.9065608146599234e-06,,0.18000000000000002,PASS,False
buffered_out2_true3_ss_cold_3_0_edge25,recovery,N0,end_level_v,1.7993213972016204,1.62,1.9800000000000002,PASS,False
buffered_out2_true3_ss_cold_3_0_edge25,recovery,N1,end_level_v,1.7996677319046215,1.62,1.9800000000000002,PASS,False
buffered_out2_true3_ss_cold_3_0_edge25,recovery,N2,end_level_v,1.7999999859281883,1.62,1.9800000000000002,PASS,False
buffered_out2_true3_ss_cold_3_0_edge25,recovery,N3,end_level_v,1.7999999856074445,1.62,1.9800000000000002,PASS,False
buffered_out2_true3_ss_cold_3_0_edge25,final_precharge,DEC0,settled_max_v,8.07116518645282e-06,,0.18000000000000002,PASS,False
buffered_out2_true3_ss_cold_3_0_edge25,final_precharge,DEC0,settled_min_v,1.1082191570058789e-07,-0.18000000000000002,,PASS,False
buffered_out2_true3_ss_cold_3_0_edge25,final_precharge,DEC1,settled_max_v,9.292969253257459e-08,,0.18000000000000002,PASS,False
buffered_out2_true3_ss_cold_3_0_edge25,final_precharge,DEC1,settled_min_v,3.225294958192351e-09,-0.18000000000000002,,PASS,False
buffered_out2_true3_ss_cold_3_0_edge25,final_precharge,DEC2,settled_max_v,1.2062807382017049e-09,,0.18000000000000002,PASS,False
buffered_out2_true3_ss_cold_3_0_edge25,final_precharge,DEC2,settled_min_v,8.910568627553789e-10,-0.18000000000000002,,PASS,False
buffered_out2_true3_ss_cold_3_0_edge25,final_precharge,DEC3,settled_max_v,1.205993589497257e-09,,0.18000000000000002,PASS,False
buffered_out2_true3_ss_cold_3_0_edge25,final_precharge,DEC3,settled_min_v,8.878313080209306e-10,-0.18000000000000002,,PASS,False
buffered_out2_true3_ss_cold_3_0_edge25,final_precharge,WL0,settled_max_v,1.2347864263126661e-08,,0.18000000000000002,PASS,False
buffered_out2_true3_ss_cold_3_0_edge25,final_precharge,WL0,settled_min_v,3.240025334398325e-09,-0.18000000000000002,,PASS,False
buffered_out2_true3_ss_cold_3_0_edge25,final_precharge,WL1,settled_max_v,3.2651305334936527e-09,,0.18000000000000002,PASS,False
buffered_out2_true3_ss_cold_3_0_edge25,final_precharge,WL1,settled_min_v,3.2398988887439798e-09,-0.18000000000000002,,PASS,False
buffered_out2_true3_ss_cold_3_0_edge25,final_precharge,WL2,settled_max_v,3.2398992205369004e-09,,0.18000000000000002,PASS,False
buffered_out2_true3_ss_cold_3_0_edge25,final_precharge,WL2,settled_min_v,3.239848697847271e-09,-0.18000000000000002,,PASS,False
buffered_out2_true3_ss_cold_3_0_edge25,final_precharge,WL3,settled_max_v,3.2398990528633122e-09,,0.18000000000000002,PASS,False
buffered_out2_true3_ss_cold_3_0_edge25,final_precharge,WL3,settled_min_v,3.2398478317218023e-09,-0.18000000000000002,,PASS,False
buffered_out2_true3_ss_cold_3_0_edge25,final_precharge,N0,end_level_v,1.7993473216585607,1.62,1.9800000000000002,PASS,False
buffered_out2_true3_ss_cold_3_0_edge25,final_precharge,N1,end_level_v,1.799965985143496,1.62,1.9800000000000002,PASS,False
buffered_out2_true3_ss_cold_3_0_edge25,final_precharge,N2,end_level_v,1.7999999812074068,1.62,1.9800000000000002,PASS,False
buffered_out2_true3_ss_cold_3_0_edge25,final_precharge,N3,end_level_v,1.7999999812350056,1.62,1.9800000000000002,PASS,False
buffered_out2_true3_ss_cold_3_0_edge50,prime,DEC0,upper_excursion_v,0.0011571557353348264,,1.9800000000000002,PASS,False
buffered_out2_true3_ss_cold_3_0_edge50,prime,DEC0,lower_excursion_v,-1.081786472763073e-06,-0.18000000000000002,,PASS,False
buffered_out2_true3_ss_cold_3_0_edge50,prime,DEC0,end_level_v,1.0825769709588427e-09,-0.18000000000000002,0.18000000000000002,PASS,False
buffered_out2_true3_ss_cold_3_0_edge50,prime,DEC0,unselected_max_v,0.0011571557353348264,,0.18000000000000002,PASS,False
buffered_out2_true3_ss_cold_3_0_edge50,prime,DEC1,upper_excursion_v,0.0011571517267305526,,1.9800000000000002,PASS,False
buffered_out2_true3_ss_cold_3_0_edge50,prime,DEC1,lower_excursion_v,-1.1009839038173265e-06,-0.18000000000000002,,PASS,False
buffered_out2_true3_ss_cold_3_0_edge50,prime,DEC1,end_level_v,1.0825849621553078e-09,-0.18000000000000002,0.18000000000000002,PASS,False
buffered_out2_true3_ss_cold_3_0_edge50,prime,DEC1,unselected_max_v,0.0011571517267305526,,0.18000000000000002,PASS,False
buffered_out2_true3_ss_cold_3_0_edge50,prime,DEC2,upper_excursion_v,0.001155575784724615,,1.9800000000000002,PASS,False
buffered_out2_true3_ss_cold_3_0_edge50,prime,DEC2,lower_excursion_v,-2.4249096126437164e-05,-0.18000000000000002,,PASS,False
buffered_out2_true3_ss_cold_3_0_edge50,prime,DEC2,end_level_v,-5.477052127181304e-07,-0.18000000000000002,0.18000000000000002,PASS,False
buffered_out2_true3_ss_cold_3_0_edge50,prime,DEC2,unselected_max_v,0.001155575784724615,,0.18000000000000002,PASS,False
buffered_out2_true3_ss_cold_3_0_edge50,prime,DEC3,upper_excursion_v,1.800009506839257,,1.9800000000000002,PASS,False
buffered_out2_true3_ss_cold_3_0_edge50,prime,DEC3,lower_excursion_v,-0.10223401320354496,-0.18000000000000002,,PASS,False
buffered_out2_true3_ss_cold_3_0_edge50,prime,DEC3,end_level_v,1.7999999961674544,1.62,1.9800000000000002,PASS,False
buffered_out2_true3_ss_cold_3_0_edge50,prime,DEC3,settled_min_v,1.7999996032552188,1.62,,PASS,False
buffered_out2_true3_ss_cold_3_0_edge50,prime,WL0,upper_excursion_v,3.6368281129426387e-07,,1.9800000000000002,PASS,False
buffered_out2_true3_ss_cold_3_0_edge50,prime,WL0,lower_excursion_v,-3.599629900661207e-06,-0.18000000000000002,,PASS,False
buffered_out2_true3_ss_cold_3_0_edge50,prime,WL0,end_level_v,3.2398985801080106e-09,-0.18000000000000002,0.18000000000000002,PASS,False
buffered_out2_true3_ss_cold_3_0_edge50,prime,WL0,unselected_max_v,3.6368281129426387e-07,,0.18000000000000002,PASS,False
buffered_out2_true3_ss_cold_3_0_edge50,prime,WL1,upper_excursion_v,3.636275459690913e-07,,1.9800000000000002,PASS,False
buffered_out2_true3_ss_cold_3_0_edge50,prime,WL1,lower_excursion_v,-3.6007985286991055e-06,-0.18000000000000002,,PASS,False
buffered_out2_true3_ss_cold_3_0_edge50,prime,WL1,end_level_v,3.239898504697831e-09,-0.18000000000000002,0.18000000000000002,PASS,False
buffered_out2_true3_ss_cold_3_0_edge50,prime,WL1,unselected_max_v,3.636275459690913e-07,,0.18000000000000002,PASS,False
buffered_out2_true3_ss_cold_3_0_edge50,prime,WL2,upper_excursion_v,4.339066189029897e-07,,1.9800000000000002,PASS,False
buffered_out2_true3_ss_cold_3_0_edge50,prime,WL2,lower_excursion_v,-3.6052369490454157e-06,-0.18000000000000002,,PASS,False
buffered_out2_true3_ss_cold_3_0_edge50,prime,WL2,end_level_v,3.2398470170243134e-09,-0.18000000000000002,0.18000000000000002,PASS,False
buffered_out2_true3_ss_cold_3_0_edge50,prime,WL2,unselected_max_v,4.339066189029897e-07,,0.18000000000000002,PASS,False
buffered_out2_true3_ss_cold_3_0_edge50,prime,WL3,upper_excursion_v,1.7999999898436996,,1.9800000000000002,PASS,False
buffered_out2_true3_ss_cold_3_0_edge50,prime,WL3,lower_excursion_v,-0.03758042237099332,-0.18000000000000002,,PASS,False
buffered_out2_true3_ss_cold_3_0_edge50,prime,WL3,end_level_v,1.7999999898436994,1.62,1.9800000000000002,PASS,False
buffered_out2_true3_ss_cold_3_0_edge50,prime,WL3,settled_min_v,1.7971690266499865,1.62,,PASS,False
buffered_out2_true3_ss_cold_3_0_edge50,test,DEC0,upper_excursion_v,1.7999999962376974,,1.9800000000000002,PASS,False
buffered_out2_true3_ss_cold_3_0_edge50,test,DEC0,lower_excursion_v,-0.09392352687032096,-0.18000000000000002,,PASS,False
buffered_out2_true3_ss_cold_3_0_edge50,test,DEC0,end_level_v,1.7999999961789057,1.62,1.9800000000000002,PASS,False
buffered_out2_true3_ss_cold_3_0_edge50,test,DEC0,settled_min_v,1.7999994167924307,1.62,,PASS,False
buffered_out2_true3_ss_cold_3_0_edge50,test,DEC1,upper_excursion_v,0.0011555682614551887,,1.9800000000000002,PASS,False
buffered_out2_true3_ss_cold_3_0_edge50,test,DEC1,lower_excursion_v,-6.719507485801121e-05,-0.18000000000000002,,PASS,False
buffered_out2_true3_ss_cold_3_0_edge50,test,DEC1,end_level_v,-8.519248769107984e-07,-0.18000000000000002,0.18000000000000002,PASS,False
buffered_out2_true3_ss_cold_3_0_edge50,test,DEC1,unselected_max_v,0.0011555682614551887,,0.18000000000000002,PASS,False
buffered_out2_true3_ss_cold_3_0_edge50,test,DEC2,upper_excursion_v,0.0011557681958434124,,1.9800000000000002,PASS,False
buffered_out2_true3_ss_cold_3_0_edge50,test,DEC2,lower_excursion_v,-1.5995311441593142e-06,-0.18000000000000002,,PASS,False
buffered_out2_true3_ss_cold_3_0_edge50,test,DEC2,end_level_v,1.082610406115148e-09,-0.18000000000000002,0.18000000000000002,PASS,False
buffered_out2_true3_ss_cold_3_0_edge50,test,DEC2,unselected_max_v,0.0011557681958434124,,0.18000000000000002,PASS,False
buffered_out2_true3_ss_cold_3_0_edge50,test,DEC3,upper_excursion_v,0.0011557637030153323,,1.9800000000000002,PASS,False
buffered_out2_true3_ss_cold_3_0_edge50,test,DEC3,lower_excursion_v,-1.592473070388919e-06,-0.18000000000000002,,PASS,False
buffered_out2_true3_ss_cold_3_0_edge50,test,DEC3,end_level_v,1.0826064384155315e-09,-0.18000000000000002,0.18000000000000002,PASS,False
buffered_out2_true3_ss_cold_3_0_edge50,test,DEC3,unselected_max_v,0.0011557637030153323,,0.18000000000000002,PASS,False
buffered_out2_true3_ss_cold_3_0_edge50,test,WL0,upper_excursion_v,1.7999999898437202,,1.9800000000000002,PASS,False
buffered_out2_true3_ss_cold_3_0_edge50,test,WL0,lower_excursion_v,-0.03758194888560633,-0.18000000000000002,,PASS,False
buffered_out2_true3_ss_cold_3_0_edge50,test,WL0,end_level_v,1.79999998984372,1.62,1.9800000000000002,PASS,False
buffered_out2_true3_ss_cold_3_0_edge50,test,WL0,settled_min_v,1.7970652697754281,1.62,,PASS,False
buffered_out2_true3_ss_cold_3_0_edge50,test,WL1,upper_excursion_v,4.0243285995804475e-07,,1.9800000000000002,PASS,False
buffered_out2_true3_ss_cold_3_0_edge50,test,WL1,lower_excursion_v,-3.6054059911969467e-06,-0.18000000000000002,,PASS,False
buffered_out2_true3_ss_cold_3_0_edge50,test,WL1,end_level_v,3.239713279403051e-09,-0.18000000000000002,0.18000000000000002,PASS,False
buffered_out2_true3_ss_cold_3_0_edge50,test,WL1,unselected_max_v,4.0243285995804475e-07,,0.18000000000000002,PASS,False
buffered_out2_true3_ss_cold_3_0_edge50,test,WL2,upper_excursion_v,3.700051869649826e-07,,1.9800000000000002,PASS,False
buffered_out2_true3_ss_cold_3_0_edge50,test,WL2,lower_excursion_v,-3.6025068360418668e-06,-0.18000000000000002,,PASS,False
buffered_out2_true3_ss_cold_3_0_edge50,test,WL2,end_level_v,3.239899041663809e-09,-0.18000000000000002,0.18000000000000002,PASS,False
buffered_out2_true3_ss_cold_3_0_edge50,test,WL2,unselected_max_v,3.700051869649826e-07,,0.18000000000000002,PASS,False
buffered_out2_true3_ss_cold_3_0_edge50,test,WL3,upper_excursion_v,3.702648927930302e-07,,1.9800000000000002,PASS,False
buffered_out2_true3_ss_cold_3_0_edge50,test,WL3,lower_excursion_v,-3.600818010195942e-06,-0.18000000000000002,,PASS,False
buffered_out2_true3_ss_cold_3_0_edge50,test,WL3,end_level_v,3.2398990737560416e-09,-0.18000000000000002,0.18000000000000002,PASS,False
buffered_out2_true3_ss_cold_3_0_edge50,test,WL3,unselected_max_v,3.702648927930302e-07,,0.18000000000000002,PASS,False
buffered_out2_true3_ss_cold_3_0_edge50,recovery,DEC0,end_level_v,3.0187607472904396e-07,-0.18000000000000002,0.18000000000000002,PASS,False
buffered_out2_true3_ss_cold_3_0_edge50,recovery,DEC0,settled_max_v,0.00015593689791444177,,0.18000000000000002,PASS,False
buffered_out2_true3_ss_cold_3_0_edge50,recovery,DEC1,end_level_v,1.660227082482714e-07,-0.18000000000000002,0.18000000000000002,PASS,False
buffered_out2_true3_ss_cold_3_0_edge50,recovery,DEC1,settled_max_v,0.00015580452297825993,,0.18000000000000002,PASS,False
buffered_out2_true3_ss_cold_3_0_edge50,recovery,DEC2,end_level_v,1.2007275822862631e-09,-0.18000000000000002,0.18000000000000002,PASS,False
buffered_out2_true3_ss_cold_3_0_edge50,recovery,DEC2,settled_max_v,0.0003793912869233454,,0.18000000000000002,PASS,False
buffered_out2_true3_ss_cold_3_0_edge50,recovery,DEC3,end_level_v,1.2009524471790186e-09,-0.18000000000000002,0.18000000000000002,PASS,False
buffered_out2_true3_ss_cold_3_0_edge50,recovery,DEC3,settled_max_v,0.0003849010015124906,,0.18000000000000002,PASS,False
buffered_out2_true3_ss_cold_3_0_edge50,recovery,WL0,end_level_v,3.2436290534002496e-09,-0.18000000000000002,0.18000000000000002,PASS,False
buffered_out2_true3_ss_cold_3_0_edge50,recovery,WL0,settled_max_v,4.5674490949401954e-07,,0.18000000000000002,PASS,False
buffered_out2_true3_ss_cold_3_0_edge50,recovery,WL1,end_level_v,3.2418041009430527e-09,-0.18000000000000002,0.18000000000000002,PASS,False
buffered_out2_true3_ss_cold_3_0_edge50,recovery,WL1,settled_max_v,4.563662906458292e-07,,0.18000000000000002,PASS,False
buffered_out2_true3_ss_cold_3_0_edge50,recovery,WL2,end_level_v,3.239899290801517e-09,-0.18000000000000002,0.18000000000000002,PASS,False
buffered_out2_true3_ss_cold_3_0_edge50,recovery,WL2,settled_max_v,1.9232499209382807e-06,,0.18000000000000002,PASS,False
buffered_out2_true3_ss_cold_3_0_edge50,recovery,WL3,end_level_v,3.239898835497455e-09,-0.18000000000000002,0.18000000000000002,PASS,False
buffered_out2_true3_ss_cold_3_0_edge50,recovery,WL3,settled_max_v,1.90421612848393e-06,,0.18000000000000002,PASS,False
buffered_out2_true3_ss_cold_3_0_edge50,recovery,N0,end_level_v,1.7993181270415943,1.62,1.9800000000000002,PASS,False
buffered_out2_true3_ss_cold_3_0_edge50,recovery,N1,end_level_v,1.7996659977288145,1.62,1.9800000000000002,PASS,False
buffered_out2_true3_ss_cold_3_0_edge50,recovery,N2,end_level_v,1.799999985968045,1.62,1.9800000000000002,PASS,False
buffered_out2_true3_ss_cold_3_0_edge50,recovery,N3,end_level_v,1.7999999856447315,1.62,1.9800000000000002,PASS,False
buffered_out2_true3_ss_cold_3_0_edge50,final_precharge,DEC0,settled_max_v,8.244046528915424e-06,,0.18000000000000002,PASS,False
buffered_out2_true3_ss_cold_3_0_edge50,final_precharge,DEC0,settled_min_v,1.1107216695529172e-07,-0.18000000000000002,,PASS,False
buffered_out2_true3_ss_cold_3_0_edge50,final_precharge,DEC1,settled_max_v,9.637965844918365e-08,,0.18000000000000002,PASS,False
buffered_out2_true3_ss_cold_3_0_edge50,final_precharge,DEC1,settled_min_v,3.229301905743889e-09,-0.18000000000000002,,PASS,False
buffered_out2_true3_ss_cold_3_0_edge50,final_precharge,DEC2,settled_max_v,1.2062800583315105e-09,,0.18000000000000002,PASS,False
buffered_out2_true3_ss_cold_3_0_edge50,final_precharge,DEC2,settled_min_v,8.811949960618315e-10,-0.18000000000000002,,PASS,False
buffered_out2_true3_ss_cold_3_0_edge50,final_precharge,DEC3,settled_max_v,1.2059917165769377e-09,,0.18000000000000002,PASS,False
buffered_out2_true3_ss_cold_3_0_edge50,final_precharge,DEC3,settled_min_v,8.778782693091447e-10,-0.18000000000000002,,PASS,False
buffered_out2_true3_ss_cold_3_0_edge50,final_precharge,WL0,settled_max_v,1.3665581423305609e-08,,0.18000000000000002,PASS,False
buffered_out2_true3_ss_cold_3_0_edge50,final_precharge,WL0,settled_min_v,3.2400258593250216e-09,-0.18000000000000002,,PASS,False
buffered_out2_true3_ss_cold_3_0_edge50,final_precharge,WL1,settled_max_v,3.265845257744523e-09,,0.18000000000000002,PASS,False
buffered_out2_true3_ss_cold_3_0_edge50,final_precharge,WL1,settled_min_v,3.2398989293820497e-09,-0.18000000000000002,,PASS,False
buffered_out2_true3_ss_cold_3_0_edge50,final_precharge,WL2,settled_max_v,3.239899220423479e-09,,0.18000000000000002,PASS,False
buffered_out2_true3_ss_cold_3_0_edge50,final_precharge,WL2,settled_min_v,3.2398529766921665e-09,-0.18000000000000002,,PASS,False
buffered_out2_true3_ss_cold_3_0_edge50,final_precharge,WL3,settled_max_v,3.239899223162895e-09,,0.18000000000000002,PASS,False
buffered_out2_true3_ss_cold_3_0_edge50,final_precharge,WL3,settled_min_v,3.239852567490635e-09,-0.18000000000000002,,PASS,False
buffered_out2_true3_ss_cold_3_0_edge50,final_precharge,N0,end_level_v,1.799346523849374,1.62,1.9800000000000002,PASS,False
buffered_out2_true3_ss_cold_3_0_edge50,final_precharge,N1,end_level_v,1.7999659507756536,1.62,1.9800000000000002,PASS,False
buffered_out2_true3_ss_cold_3_0_edge50,final_precharge,N2,end_level_v,1.7999999812067264,1.62,1.9800000000000002,PASS,False
buffered_out2_true3_ss_cold_3_0_edge50,final_precharge,N3,end_level_v,1.7999999812343832,1.62,1.9800000000000002,PASS,False
buffered_out2_true3_fast_0_3_edge25,prime,DEC0,upper_excursion_v,1.7999991038186347,,1.9800000000000002,PASS,False
buffered_out2_true3_fast_0_3_edge25,prime,DEC0,lower_excursion_v,-0.03181600957893562,-0.18000000000000002,,PASS,False
buffered_out2_true3_fast_0_3_edge25,prime,DEC0,end_level_v,1.7999991038078298,1.62,1.9800000000000002,PASS,False
buffered_out2_true3_fast_0_3_edge25,prime,DEC0,settled_min_v,1.79999901347736,1.62,,PASS,False
buffered_out2_true3_fast_0_3_edge25,prime,DEC1,upper_excursion_v,0.003665939905360514,,1.9800000000000002,PASS,False
buffered_out2_true3_fast_0_3_edge25,prime,DEC1,lower_excursion_v,-8.467976011508616e-05,-0.18000000000000002,,PASS,False
buffered_out2_true3_fast_0_3_edge25,prime,DEC1,end_level_v,6.615569727903836e-05,-0.18000000000000002,0.18000000000000002,PASS,False
buffered_out2_true3_fast_0_3_edge25,prime,DEC1,unselected_max_v,0.003665939905360514,,0.18000000000000002,PASS,False
buffered_out2_true3_fast_0_3_edge25,prime,DEC2,upper_excursion_v,0.003656670148743989,,1.9800000000000002,PASS,False
buffered_out2_true3_fast_0_3_edge25,prime,DEC2,lower_excursion_v,5.363530547407205e-05,-0.18000000000000002,,PASS,False
buffered_out2_true3_fast_0_3_edge25,prime,DEC2,end_level_v,6.126666299209253e-05,-0.18000000000000002,0.18000000000000002,PASS,False
buffered_out2_true3_fast_0_3_edge25,prime,DEC2,unselected_max_v,0.003656670148743989,,0.18000000000000002,PASS,False
buffered_out2_true3_fast_0_3_edge25,prime,DEC3,upper_excursion_v,0.0036571255039804075,,1.9800000000000002,PASS,False
buffered_out2_true3_fast_0_3_edge25,prime,DEC3,lower_excursion_v,5.2577492119948065e-05,-0.18000000000000002,,PASS,False
buffered_out2_true3_fast_0_3_edge25,prime,DEC3,end_level_v,6.159263758200885e-05,-0.18000000000000002,0.18000000000000002,PASS,False
buffered_out2_true3_fast_0_3_edge25,prime,DEC3,unselected_max_v,0.0036571255039804075,,0.18000000000000002,PASS,False
buffered_out2_true3_fast_0_3_edge25,prime,WL0,upper_excursion_v,1.7999993201190922,,1.9800000000000002,PASS,False
buffered_out2_true3_fast_0_3_edge25,prime,WL0,lower_excursion_v,-0.02570564330139957,-0.18000000000000002,,PASS,False
buffered_out2_true3_fast_0_3_edge25,prime,WL0,end_level_v,1.7999993201190922,1.62,1.9800000000000002,PASS,False
buffered_out2_true3_fast_0_3_edge25,prime,WL0,settled_min_v,1.7998636988658692,1.62,,PASS,False
buffered_out2_true3_fast_0_3_edge25,prime,WL1,upper_excursion_v,0.00015428798258131066,,1.9800000000000002,PASS,False
buffered_out2_true3_fast_0_3_edge25,prime,WL1,lower_excursion_v,0.00012890838472693508,-0.18000000000000002,,PASS,False
buffered_out2_true3_fast_0_3_edge25,prime,WL1,end_level_v,0.00014468705428565757,-0.18000000000000002,0.18000000000000002,PASS,False
buffered_out2_true3_fast_0_3_edge25,prime,WL1,unselected_max_v,0.00015428798258131066,,0.18000000000000002,PASS,False
buffered_out2_true3_fast_0_3_edge25,prime,WL2,upper_excursion_v,0.00015425909714497662,,1.9800000000000002,PASS,False
buffered_out2_true3_fast_0_3_edge25,prime,WL2,lower_excursion_v,0.00012991022648855576,-0.18000000000000002,,PASS,False
buffered_out2_true3_fast_0_3_edge25,prime,WL2,end_level_v,0.00014468706062054177,-0.18000000000000002,0.18000000000000002,PASS,False
buffered_out2_true3_fast_0_3_edge25,prime,WL2,unselected_max_v,0.00015425909714497662,,0.18000000000000002,PASS,False
buffered_out2_true3_fast_0_3_edge25,prime,WL3,upper_excursion_v,0.0001542605114084827,,1.9800000000000002,PASS,False
buffered_out2_true3_fast_0_3_edge25,prime,WL3,lower_excursion_v,0.0001298841851376914,-0.18000000000000002,,PASS,False
buffered_out2_true3_fast_0_3_edge25,prime,WL3,end_level_v,0.00014468706066425555,-0.18000000000000002,0.18000000000000002,PASS,False
buffered_out2_true3_fast_0_3_edge25,prime,WL3,unselected_max_v,0.0001542605114084827,,0.18000000000000002,PASS,False
buffered_out2_true3_fast_0_3_edge25,test,DEC0,upper_excursion_v,0.0036612465849269185,,1.9800000000000002,PASS,False
buffered_out2_true3_fast_0_3_edge25,test,DEC0,lower_excursion_v,1.8284225051340942e-05,-0.18000000000000002,,PASS,False
buffered_out2_true3_fast_0_3_edge25,test,DEC0,end_level_v,6.152021496930654e-05,-0.18000000000000002,0.18000000000000002,PASS,False
buffered_out2_true3_fast_0_3_edge25,test,DEC0,unselected_max_v,0.0036612465849269185,,0.18000000000000002,PASS,False
buffered_out2_true3_fast_0_3_edge25,test,DEC1,upper_excursion_v,0.003661222131036548,,1.9800000000000002,PASS,False
buffered_out2_true3_fast_0_3_edge25,test,DEC1,lower_excursion_v,2.2435801986169814e-05,-0.18000000000000002,,PASS,False
buffered_out2_true3_fast_0_3_edge25,test,DEC1,end_level_v,6.127379431901378e-05,-0.18000000000000002,0.18000000000000002,PASS,False
buffered_out2_true3_fast_0_3_edge25,test,DEC1,unselected_max_v,0.003661222131036548,,0.18000000000000002,PASS,False
buffered_out2_true3_fast_0_3_edge25,test,DEC2,upper_excursion_v,0.0036585300287582455,,1.9800000000000002,PASS,False
buffered_out2_true3_fast_0_3_edge25,test,DEC2,lower_excursion_v,-5.90338396268264e-05,-0.18000000000000002,,PASS,False
buffered_out2_true3_fast_0_3_edge25,test,DEC2,end_level_v,6.987975106874376e-05,-0.18000000000000002,0.18000000000000002,PASS,False
buffered_out2_true3_fast_0_3_edge25,test,DEC2,unselected_max_v,0.0036585300287582455,,0.18000000000000002,PASS,False
buffered_out2_true3_fast_0_3_edge25,test,DEC3,upper_excursion_v,1.7999991038107188,,1.9800000000000002,PASS,False
buffered_out2_true3_fast_0_3_edge25,test,DEC3,lower_excursion_v,-0.033852610962707676,-0.18000000000000002,,PASS,False
buffered_out2_true3_fast_0_3_edge25,test,DEC3,end_level_v,1.7999991038036554,1.62,1.9800000000000002,PASS,False
buffered_out2_true3_fast_0_3_edge25,test,DEC3,settled_min_v,1.7999990757971251,1.62,,PASS,False
buffered_out2_true3_fast_0_3_edge25,test,WL0,upper_excursion_v,0.0001542714183020537,,1.9800000000000002,PASS,False
buffered_out2_true3_fast_0_3_edge25,test,WL0,lower_excursion_v,0.00012935512125161291,-0.18000000000000002,,PASS,False
buffered_out2_true3_fast_0_3_edge25,test,WL0,end_level_v,0.00014468706080680353,-0.18000000000000002,0.18000000000000002,PASS,False
buffered_out2_true3_fast_0_3_edge25,test,WL0,unselected_max_v,0.0001542714183020537,,0.18000000000000002,PASS,False
buffered_out2_true3_fast_0_3_edge25,test,WL1,upper_excursion_v,0.00015427139145897983,,1.9800000000000002,PASS,False
buffered_out2_true3_fast_0_3_edge25,test,WL1,lower_excursion_v,0.00012935958204472303,-0.18000000000000002,,PASS,False
buffered_out2_true3_fast_0_3_edge25,test,WL1,end_level_v,0.00014468706062190358,-0.18000000000000002,0.18000000000000002,PASS,False
buffered_out2_true3_fast_0_3_edge25,test,WL1,unselected_max_v,0.00015427139145897983,,0.18000000000000002,PASS,False
buffered_out2_true3_fast_0_3_edge25,test,WL2,upper_excursion_v,0.00015425015597130936,,1.9800000000000002,PASS,False
buffered_out2_true3_fast_0_3_edge25,test,WL2,lower_excursion_v,0.00012875746305834784,-0.18000000000000002,,PASS,False
buffered_out2_true3_fast_0_3_edge25,test,WL2,end_level_v,0.0001446870514851102,-0.18000000000000002,0.18000000000000002,PASS,False
buffered_out2_true3_fast_0_3_edge25,test,WL2,unselected_max_v,0.00015425015597130936,,0.18000000000000002,PASS,False
buffered_out2_true3_fast_0_3_edge25,test,WL3,upper_excursion_v,1.7999993201190922,,1.9800000000000002,PASS,False
buffered_out2_true3_fast_0_3_edge25,test,WL3,lower_excursion_v,-0.025785387422632835,-0.18000000000000002,,PASS,False
buffered_out2_true3_fast_0_3_edge25,test,WL3,end_level_v,1.7999993201190922,1.62,1.9800000000000002,PASS,False
buffered_out2_true3_fast_0_3_edge25,test,WL3,settled_min_v,1.7998669882797682,1.62,,PASS,False
buffered_out2_true3_fast_0_3_edge25,recovery,DEC0,end_level_v,0.00014267216753122074,-0.18000000000000002,0.18000000000000002,PASS,False
buffered_out2_true3_fast_0_3_edge25,recovery,DEC0,settled_max_v,0.0004241210209178381,,0.18000000000000002,PASS,False
buffered_out2_true3_fast_0_3_edge25,recovery,DEC1,end_level_v,0.00014267216580985377,-0.18000000000000002,0.18000000000000002,PASS,False
buffered_out2_true3_fast_0_3_edge25,recovery,DEC1,settled_max_v,0.0004162804667175602,,0.18000000000000002,PASS,False
buffered_out2_true3_fast_0_3_edge25,recovery,DEC2,end_level_v,0.00014316427984536334,-0.18000000000000002,0.18000000000000002,PASS,False
buffered_out2_true3_fast_0_3_edge25,recovery,DEC2,settled_max_v,0.0014903207581424497,,0.18000000000000002,PASS,False
buffered_out2_true3_fast_0_3_edge25,recovery,DEC3,end_level_v,0.00014365848113721824,-0.18000000000000002,0.18000000000000002,PASS,False
buffered_out2_true3_fast_0_3_edge25,recovery,DEC3,settled_max_v,0.0017163495866656265,,0.18000000000000002,PASS,False
buffered_out2_true3_fast_0_3_edge25,recovery,WL0,end_level_v,0.00014468707074295764,-0.18000000000000002,0.18000000000000002,PASS,False
buffered_out2_true3_fast_0_3_edge25,recovery,WL0,settled_max_v,0.00014617601448412457,,0.18000000000000002,PASS,False
buffered_out2_true3_fast_0_3_edge25,recovery,WL1,end_level_v,0.00014468707074294154,-0.18000000000000002,0.18000000000000002,PASS,False
buffered_out2_true3_fast_0_3_edge25,recovery,WL1,settled_max_v,0.00014610952853936484,,0.18000000000000002,PASS,False
buffered_out2_true3_fast_0_3_edge25,recovery,WL2,end_level_v,0.00014468707412226787,-0.18000000000000002,0.18000000000000002,PASS,False
buffered_out2_true3_fast_0_3_edge25,recovery,WL2,settled_max_v,0.0001482022260324556,,0.18000000000000002,PASS,False
buffered_out2_true3_fast_0_3_edge25,recovery,WL3,end_level_v,0.00014468707759558282,-0.18000000000000002,0.18000000000000002,PASS,False
buffered_out2_true3_fast_0_3_edge25,recovery,WL3,settled_max_v,0.0001485584008884459,,0.18000000000000002,PASS,False
buffered_out2_true3_fast_0_3_edge25,recovery,N0,end_level_v,1.7999999207323716,1.62,1.9800000000000002,PASS,False
buffered_out2_true3_fast_0_3_edge25,recovery,N1,end_level_v,1.79999992140423,1.62,1.9800000000000002,PASS,False
buffered_out2_true3_fast_0_3_edge25,recovery,N2,end_level_v,1.7997714882223115,1.62,1.9800000000000002,PASS,False
buffered_out2_true3_fast_0_3_edge25,recovery,N3,end_level_v,1.7995355382393434,1.62,1.9800000000000002,PASS,False
buffered_out2_true3_fast_0_3_edge25,final_precharge,DEC0,settled_max_v,0.0001426731971162463,,0.18000000000000002,PASS,False
buffered_out2_true3_fast_0_3_edge25,final_precharge,DEC0,settled_min_v,0.00014267226427947883,-0.18000000000000002,,PASS,False
buffered_out2_true3_fast_0_3_edge25,final_precharge,DEC1,settled_max_v,0.0001426732378423969,,0.18000000000000002,PASS,False
buffered_out2_true3_fast_0_3_edge25,final_precharge,DEC1,settled_min_v,0.00014267226556586554,-0.18000000000000002,,PASS,False
buffered_out2_true3_fast_0_3_edge25,final_precharge,DEC2,settled_max_v,0.0001427700363429292,,0.18000000000000002,PASS,False
buffered_out2_true3_fast_0_3_edge25,final_precharge,DEC2,settled_min_v,0.00014273535943984395,-0.18000000000000002,,PASS,False
buffered_out2_true3_fast_0_3_edge25,final_precharge,DEC3,settled_max_v,0.00015860100373197593,,0.18000000000000002,PASS,False
buffered_out2_true3_fast_0_3_edge25,final_precharge,DEC3,settled_min_v,0.0001437693544929508,-0.18000000000000002,,PASS,False
buffered_out2_true3_fast_0_3_edge25,final_precharge,WL0,settled_max_v,0.00014468707089884808,,0.18000000000000002,PASS,False
buffered_out2_true3_fast_0_3_edge25,final_precharge,WL0,settled_min_v,0.00014468707074359323,-0.18000000000000002,,PASS,False
buffered_out2_true3_fast_0_3_edge25,final_precharge,WL1,settled_max_v,0.0001446870709036931,,0.18000000000000002,PASS,False
buffered_out2_true3_fast_0_3_edge25,final_precharge,WL1,settled_min_v,0.00014468707074362456,-0.18000000000000002,,PASS,False
buffered_out2_true3_fast_0_3_edge25,final_precharge,WL2,settled_max_v,0.00014468707110292306,,0.18000000000000002,PASS,False
buffered_out2_true3_fast_0_3_edge25,final_precharge,WL2,settled_min_v,0.0001446870707850174,-0.18000000000000002,,PASS,False
buffered_out2_true3_fast_0_3_edge25,final_precharge,WL3,settled_max_v,0.00014468820168761495,,0.18000000000000002,PASS,False
buffered_out2_true3_fast_0_3_edge25,final_precharge,WL3,settled_min_v,0.0001446870732416143,-0.18000000000000002,,PASS,False
buffered_out2_true3_fast_0_3_edge25,final_precharge,N0,end_level_v,1.7999998804941642,1.62,1.9800000000000002,PASS,False
buffered_out2_true3_fast_0_3_edge25,final_precharge,N1,end_level_v,1.7999998798289667,1.62,1.9800000000000002,PASS,False
buffered_out2_true3_fast_0_3_edge25,final_precharge,N2,end_level_v,1.7999636685228977,1.62,1.9800000000000002,PASS,False
buffered_out2_true3_fast_0_3_edge25,final_precharge,N3,end_level_v,1.799422825711808,1.62,1.9800000000000002,PASS,False
buffered_out2_true3_fast_0_3_edge50,prime,DEC0,upper_excursion_v,1.7999991038183802,,1.9800000000000002,PASS,False
buffered_out2_true3_fast_0_3_edge50,prime,DEC0,lower_excursion_v,-0.03144941907861902,-0.18000000000000002,,PASS,False
buffered_out2_true3_fast_0_3_edge50,prime,DEC0,end_level_v,1.7999991038078684,1.62,1.9800000000000002,PASS,False
buffered_out2_true3_fast_0_3_edge50,prime,DEC0,settled_min_v,1.799999009650061,1.62,,PASS,False
buffered_out2_true3_fast_0_3_edge50,prime,DEC1,upper_excursion_v,0.0016525234156934,,1.9800000000000002,PASS,False
buffered_out2_true3_fast_0_3_edge50,prime,DEC1,lower_excursion_v,1.7303658772893638e-05,-0.18000000000000002,,PASS,False
buffered_out2_true3_fast_0_3_edge50,prime,DEC1,end_level_v,7.019145833169621e-05,-0.18000000000000002,0.18000000000000002,PASS,False
buffered_out2_true3_fast_0_3_edge50,prime,DEC1,unselected_max_v,0.0016525234156934,,0.18000000000000002,PASS,False
buffered_out2_true3_fast_0_3_edge50,prime,DEC2,upper_excursion_v,0.0016490230695798435,,1.9800000000000002,PASS,False
buffered_out2_true3_fast_0_3_edge50,prime,DEC2,lower_excursion_v,5.766684812059525e-05,-0.18000000000000002,,PASS,False
buffered_out2_true3_fast_0_3_edge50,prime,DEC2,end_level_v,6.498819845106191e-05,-0.18000000000000002,0.18000000000000002,PASS,False
buffered_out2_true3_fast_0_3_edge50,prime,DEC2,unselected_max_v,0.0016490230695798435,,0.18000000000000002,PASS,False
buffered_out2_true3_fast_0_3_edge50,prime,DEC3,upper_excursion_v,0.0016494297953802408,,1.9800000000000002,PASS,False
buffered_out2_true3_fast_0_3_edge50,prime,DEC3,lower_excursion_v,5.66219873012048e-05,-0.18000000000000002,,PASS,False
buffered_out2_true3_fast_0_3_edge50,prime,DEC3,end_level_v,6.533584497690344e-05,-0.18000000000000002,0.18000000000000002,PASS,False
buffered_out2_true3_fast_0_3_edge50,prime,DEC3,unselected_max_v,0.0016494297953802408,,0.18000000000000002,PASS,False
buffered_out2_true3_fast_0_3_edge50,prime,WL0,upper_excursion_v,1.7999993201191127,,1.9800000000000002,PASS,False
buffered_out2_true3_fast_0_3_edge50,prime,WL0,lower_excursion_v,-0.025699425254661318,-0.18000000000000002,,PASS,False
buffered_out2_true3_fast_0_3_edge50,prime,WL0,end_level_v,1.7999993201191127,1.62,1.9800000000000002,PASS,False
buffered_out2_true3_fast_0_3_edge50,prime,WL0,settled_min_v,1.7998568876473977,1.62,,PASS,False
buffered_out2_true3_fast_0_3_edge50,prime,WL1,upper_excursion_v,0.00014561714023857798,,1.9800000000000002,PASS,False
buffered_out2_true3_fast_0_3_edge50,prime,WL1,lower_excursion_v,0.00013819027447794314,-0.18000000000000002,,PASS,False
buffered_out2_true3_fast_0_3_edge50,prime,WL1,end_level_v,0.00014468705445242866,-0.18000000000000002,0.18000000000000002,PASS,False
buffered_out2_true3_fast_0_3_edge50,prime,WL1,unselected_max_v,0.00014561714023857798,,0.18000000000000002,PASS,False
buffered_out2_true3_fast_0_3_edge50,prime,WL2,upper_excursion_v,0.00014560137847320837,,1.9800000000000002,PASS,False
buffered_out2_true3_fast_0_3_edge50,prime,WL2,lower_excursion_v,0.0001382731561808555,-0.18000000000000002,,PASS,False
buffered_out2_true3_fast_0_3_edge50,prime,WL2,end_level_v,0.00014468706107248957,-0.18000000000000002,0.18000000000000002,PASS,False
buffered_out2_true3_fast_0_3_edge50,prime,WL2,unselected_max_v,0.00014560137847320837,,0.18000000000000002,PASS,False
buffered_out2_true3_fast_0_3_edge50,prime,WL3,upper_excursion_v,0.00014559730573839526,,1.9800000000000002,PASS,False
buffered_out2_true3_fast_0_3_edge50,prime,WL3,lower_excursion_v,0.0001382390792100593,-0.18000000000000002,,PASS,False
buffered_out2_true3_fast_0_3_edge50,prime,WL3,end_level_v,0.0001446870611182513,-0.18000000000000002,0.18000000000000002,PASS,False
buffered_out2_true3_fast_0_3_edge50,prime,WL3,unselected_max_v,0.00014559730573839526,,0.18000000000000002,PASS,False
buffered_out2_true3_fast_0_3_edge50,test,DEC0,upper_excursion_v,0.0016499666642712822,,1.9800000000000002,PASS,False
buffered_out2_true3_fast_0_3_edge50,test,DEC0,lower_excursion_v,5.911280519796738e-05,-0.18000000000000002,,PASS,False
buffered_out2_true3_fast_0_3_edge50,test,DEC0,end_level_v,6.525861642339772e-05,-0.18000000000000002,0.18000000000000002,PASS,False
buffered_out2_true3_fast_0_3_edge50,test,DEC0,unselected_max_v,0.0016499666642712822,,0.18000000000000002,PASS,False
buffered_out2_true3_fast_0_3_edge50,test,DEC1,upper_excursion_v,0.0016499940829660185,,1.9800000000000002,PASS,False
buffered_out2_true3_fast_0_3_edge50,test,DEC1,lower_excursion_v,5.883190868229082e-05,-0.18000000000000002,,PASS,False
buffered_out2_true3_fast_0_3_edge50,test,DEC1,end_level_v,6.499673985359554e-05,-0.18000000000000002,0.18000000000000002,PASS,False
buffered_out2_true3_fast_0_3_edge50,test,DEC1,unselected_max_v,0.0016499940829660185,,0.18000000000000002,PASS,False
buffered_out2_true3_fast_0_3_edge50,test,DEC2,upper_excursion_v,0.001650061752905479,,1.9800000000000002,PASS,False
buffered_out2_true3_fast_0_3_edge50,test,DEC2,lower_excursion_v,2.9476432043165635e-05,-0.18000000000000002,,PASS,False
buffered_out2_true3_fast_0_3_edge50,test,DEC2,end_level_v,7.41120609930694e-05,-0.18000000000000002,0.18000000000000002,PASS,False
buffered_out2_true3_fast_0_3_edge50,test,DEC2,unselected_max_v,0.001650061752905479,,0.18000000000000002,PASS,False
buffered_out2_true3_fast_0_3_edge50,test,DEC3,upper_excursion_v,1.799999103810582,,1.9800000000000002,PASS,False
buffered_out2_true3_fast_0_3_edge50,test,DEC3,lower_excursion_v,-0.033484254980645625,-0.18000000000000002,,PASS,False
buffered_out2_true3_fast_0_3_edge50,test,DEC3,end_level_v,1.7999991038037122,1.62,1.9800000000000002,PASS,False
buffered_out2_true3_fast_0_3_edge50,test,DEC3,settled_min_v,1.7999990744088594,1.62,,PASS,False
buffered_out2_true3_fast_0_3_edge50,test,WL0,upper_excursion_v,0.0001455715354487576,,1.9800000000000002,PASS,False
buffered_out2_true3_fast_0_3_edge50,test,WL0,lower_excursion_v,0.00013836288818013364,-0.18000000000000002,,PASS,False
buffered_out2_true3_fast_0_3_edge50,test,WL0,end_level_v,0.0001446870612684568,-0.18000000000000002,0.18000000000000002,PASS,False
buffered_out2_true3_fast_0_3_edge50,test,WL0,unselected_max_v,0.0001455715354487576,,0.18000000000000002,PASS,False
buffered_out2_true3_fast_0_3_edge50,test,WL1,upper_excursion_v,0.0001455760908468062,,1.9800000000000002,PASS,False
buffered_out2_true3_fast_0_3_edge50,test,WL1,lower_excursion_v,0.00013839578443738395,-0.18000000000000002,,PASS,False
buffered_out2_true3_fast_0_3_edge50,test,WL1,end_level_v,0.00014468706107414496,-0.18000000000000002,0.18000000000000002,PASS,False
buffered_out2_true3_fast_0_3_edge50,test,WL1,unselected_max_v,0.0001455760908468062,,0.18000000000000002,PASS,False
buffered_out2_true3_fast_0_3_edge50,test,WL2,upper_excursion_v,0.00014567229778169853,,1.9800000000000002,PASS,False
buffered_out2_true3_fast_0_3_edge50,test,WL2,lower_excursion_v,0.00013870433489743532,-0.18000000000000002,,PASS,False
buffered_out2_true3_fast_0_3_edge50,test,WL2,end_level_v,0.00014468705152314632,-0.18000000000000002,0.18000000000000002,PASS,False
buffered_out2_true3_fast_0_3_edge50,test,WL2,unselected_max_v,0.00014567229778169853,,0.18000000000000002,PASS,False
buffered_out2_true3_fast_0_3_edge50,test,WL3,upper_excursion_v,1.7999993201190922,,1.9800000000000002,PASS,False
buffered_out2_true3_fast_0_3_edge50,test,WL3,lower_excursion_v,-0.02579006056104017,-0.18000000000000002,,PASS,False
buffered_out2_true3_fast_0_3_edge50,test,WL3,end_level_v,1.7999993201190922,1.62,1.9800000000000002,PASS,False
buffered_out2_true3_fast_0_3_edge50,test,WL3,settled_min_v,1.7998604334429955,1.62,,PASS,False
buffered_out2_true3_fast_0_3_edge50,recovery,DEC0,end_level_v,0.00014267216707416962,-0.18000000000000002,0.18000000000000002,PASS,False
buffered_out2_true3_fast_0_3_edge50,recovery,DEC0,settled_max_v,0.0004226645287525138,,0.18000000000000002,PASS,False
buffered_out2_true3_fast_0_3_edge50,recovery,DEC1,end_level_v,0.00014267216534756536,-0.18000000000000002,0.18000000000000002,PASS,False
buffered_out2_true3_fast_0_3_edge50,recovery,DEC1,settled_max_v,0.00041479332249918805,,0.18000000000000002,PASS,False
buffered_out2_true3_fast_0_3_edge50,recovery,DEC2,end_level_v,0.00014316583496918958,-0.18000000000000002,0.18000000000000002,PASS,False
buffered_out2_true3_fast_0_3_edge50,recovery,DEC2,settled_max_v,0.0014902068954972952,,0.18000000000000002,PASS,False
buffered_out2_true3_fast_0_3_edge50,recovery,DEC3,end_level_v,0.00014366148880290197,-0.18000000000000002,0.18000000000000002,PASS,False
buffered_out2_true3_fast_0_3_edge50,recovery,DEC3,settled_max_v,0.001716216561921521,,0.18000000000000002,PASS,False
buffered_out2_true3_fast_0_3_edge50,recovery,WL0,end_level_v,0.00014468707074282152,-0.18000000000000002,0.18000000000000002,PASS,False
buffered_out2_true3_fast_0_3_edge50,recovery,WL0,settled_max_v,0.00014605992594224858,,0.18000000000000002,PASS,False
buffered_out2_true3_fast_0_3_edge50,recovery,WL1,end_level_v,0.0001446870707430722,-0.18000000000000002,0.18000000000000002,PASS,False
buffered_out2_true3_fast_0_3_edge50,recovery,WL1,settled_max_v,0.0001459983263548926,,0.18000000000000002,PASS,False
buffered_out2_true3_fast_0_3_edge50,recovery,WL2,end_level_v,0.00014468707414685254,-0.18000000000000002,0.18000000000000002,PASS,False
buffered_out2_true3_fast_0_3_edge50,recovery,WL2,settled_max_v,0.00014820144497157409,,0.18000000000000002,PASS,False
buffered_out2_true3_fast_0_3_edge50,recovery,WL3,end_level_v,0.0001446870776468671,-0.18000000000000002,0.18000000000000002,PASS,False
buffered_out2_true3_fast_0_3_edge50,recovery,WL3,settled_max_v,0.00014855899475205422,,0.18000000000000002,PASS,False
buffered_out2_true3_fast_0_3_edge50,recovery,N0,end_level_v,1.7999999209001822,1.62,1.9800000000000002,PASS,False
buffered_out2_true3_fast_0_3_edge50,recovery,N1,end_level_v,1.7999999215746323,1.62,1.9800000000000002,PASS,False
buffered_out2_true3_fast_0_3_edge50,recovery,N2,end_level_v,1.7997708959392094,1.62,1.9800000000000002,PASS,False
buffered_out2_true3_fast_0_3_edge50,recovery,N3,end_level_v,1.7995343823526262,1.62,1.9800000000000002,PASS,False
buffered_out2_true3_fast_0_3_edge50,final_precharge,DEC0,settled_max_v,0.00014267320942108812,,0.18000000000000002,PASS,False
buffered_out2_true3_fast_0_3_edge50,final_precharge,DEC0,settled_min_v,0.00014267226429298544,-0.18000000000000002,,PASS,False
buffered_out2_true3_fast_0_3_edge50,final_precharge,DEC1,settled_max_v,0.00014267325056155459,,0.18000000000000002,PASS,False
buffered_out2_true3_fast_0_3_edge50,final_precharge,DEC1,settled_min_v,0.00014267226558170224,-0.18000000000000002,,PASS,False
buffered_out2_true3_fast_0_3_edge50,final_precharge,DEC2,settled_max_v,0.0001427706112789197,,0.18000000000000002,PASS,False
buffered_out2_true3_fast_0_3_edge50,final_precharge,DEC2,settled_min_v,0.00014273560179493827,-0.18000000000000002,,PASS,False
buffered_out2_true3_fast_0_3_edge50,final_precharge,DEC3,settled_max_v,0.00015872216163326477,,0.18000000000000002,PASS,False
buffered_out2_true3_fast_0_3_edge50,final_precharge,DEC3,settled_min_v,0.00014377029256113644,-0.18000000000000002,,PASS,False
buffered_out2_true3_fast_0_3_edge50,final_precharge,WL0,settled_max_v,0.00014468707090389339,,0.18000000000000002,PASS,False
buffered_out2_true3_fast_0_3_edge50,final_precharge,WL0,settled_min_v,0.00014468707074357745,-0.18000000000000002,,PASS,False
buffered_out2_true3_fast_0_3_edge50,final_precharge,WL1,settled_max_v,0.00014468707090885285,,0.18000000000000002,PASS,False
buffered_out2_true3_fast_0_3_edge50,final_precharge,WL1,settled_min_v,0.00014468707074369197,-0.18000000000000002,,PASS,False
buffered_out2_true3_fast_0_3_edge50,final_precharge,WL2,settled_max_v,0.00014468707111407397,,0.18000000000000002,PASS,False
buffered_out2_true3_fast_0_3_edge50,final_precharge,WL2,settled_min_v,0.00014468707078535837,-0.18000000000000002,,PASS,False
buffered_out2_true3_fast_0_3_edge50,final_precharge,WL3,settled_max_v,0.00014468822388535806,,0.18000000000000002,PASS,False
buffered_out2_true3_fast_0_3_edge50,final_precharge,WL3,settled_min_v,0.000144687073246158,-0.18000000000000002,,PASS,False
buffered_out2_true3_fast_0_3_edge50,final_precharge,N0,end_level_v,1.7999998804889281,1.62,1.9800000000000002,PASS,False
buffered_out2_true3_fast_0_3_edge50,final_precharge,N1,end_level_v,1.799999879823113,1.62,1.9800000000000002,PASS,False
buffered_out2_true3_fast_0_3_edge50,final_precharge,N2,end_level_v,1.7999635357727304,1.62,1.9800000000000002,PASS,False
buffered_out2_true3_fast_0_3_edge50,final_precharge,N3,end_level_v,1.7994223852775375,1.62,1.9800000000000002,PASS,False
buffered_out2_true3_fast_3_0_edge25,prime,DEC0,upper_excursion_v,0.0036619557760963744,,1.9800000000000002,PASS,False
buffered_out2_true3_fast_3_0_edge25,prime,DEC0,lower_excursion_v,2.4739644184755555e-05,-0.18000000000000002,,PASS,False
buffered_out2_true3_fast_3_0_edge25,prime,DEC0,end_level_v,6.159971099966212e-05,-0.18000000000000002,0.18000000000000002,PASS,False
buffered_out2_true3_fast_3_0_edge25,prime,DEC0,unselected_max_v,0.0036619557760963744,,0.18000000000000002,PASS,False
buffered_out2_true3_fast_3_0_edge25,prime,DEC1,upper_excursion_v,0.0036614053285269807,,1.9800000000000002,PASS,False
buffered_out2_true3_fast_3_0_edge25,prime,DEC1,lower_excursion_v,3.384171335473108e-05,-0.18000000000000002,,PASS,False
buffered_out2_true3_fast_3_0_edge25,prime,DEC1,end_level_v,6.127334312076083e-05,-0.18000000000000002,0.18000000000000002,PASS,False
buffered_out2_true3_fast_3_0_edge25,prime,DEC1,unselected_max_v,0.0036614053285269807,,0.18000000000000002,PASS,False
buffered_out2_true3_fast_3_0_edge25,prime,DEC2,upper_excursion_v,0.003659025675277866,,1.9800000000000002,PASS,False
buffered_out2_true3_fast_3_0_edge25,prime,DEC2,lower_excursion_v,-3.2928433165588245e-05,-0.18000000000000002,,PASS,False
buffered_out2_true3_fast_3_0_edge25,prime,DEC2,end_level_v,6.616332882151965e-05,-0.18000000000000002,0.18000000000000002,PASS,False
buffered_out2_true3_fast_3_0_edge25,prime,DEC2,unselected_max_v,0.003659025675277866,,0.18000000000000002,PASS,False
buffered_out2_true3_fast_3_0_edge25,prime,DEC3,upper_excursion_v,1.7999991038048695,,1.9800000000000002,PASS,False
buffered_out2_true3_fast_3_0_edge25,prime,DEC3,lower_excursion_v,-0.03391960449124386,-0.18000000000000002,,PASS,False
buffered_out2_true3_fast_3_0_edge25,prime,DEC3,end_level_v,1.7999991038035175,1.62,1.9800000000000002,PASS,False
buffered_out2_true3_fast_3_0_edge25,prime,DEC3,settled_min_v,1.7999990759069362,1.62,,PASS,False
buffered_out2_true3_fast_3_0_edge25,prime,WL0,upper_excursion_v,0.0001542752468460031,,1.9800000000000002,PASS,False
buffered_out2_true3_fast_3_0_edge25,prime,WL0,lower_excursion_v,0.00012939086935095413,-0.18000000000000002,,PASS,False
buffered_out2_true3_fast_3_0_edge25,prime,WL0,end_level_v,0.0001446870606641983,-0.18000000000000002,0.18000000000000002,PASS,False
buffered_out2_true3_fast_3_0_edge25,prime,WL0,unselected_max_v,0.0001542752468460031,,0.18000000000000002,PASS,False
buffered_out2_true3_fast_3_0_edge25,prime,WL1,upper_excursion_v,0.00015427358417690156,,1.9800000000000002,PASS,False
buffered_out2_true3_fast_3_0_edge25,prime,WL1,lower_excursion_v,0.0001294362538820445,-0.18000000000000002,,PASS,False
buffered_out2_true3_fast_3_0_edge25,prime,WL1,end_level_v,0.00014468706062195803,-0.18000000000000002,0.18000000000000002,PASS,False
buffered_out2_true3_fast_3_0_edge25,prime,WL1,unselected_max_v,0.00015427358417690156,,0.18000000000000002,PASS,False
buffered_out2_true3_fast_3_0_edge25,prime,WL2,upper_excursion_v,0.0001542526454911181,,1.9800000000000002,PASS,False
buffered_out2_true3_fast_3_0_edge25,prime,WL2,lower_excursion_v,0.0001289296919211308,-0.18000000000000002,,PASS,False
buffered_out2_true3_fast_3_0_edge25,prime,WL2,end_level_v,0.00014468705455628468,-0.18000000000000002,0.18000000000000002,PASS,False
buffered_out2_true3_fast_3_0_edge25,prime,WL2,unselected_max_v,0.0001542526454911181,,0.18000000000000002,PASS,False
buffered_out2_true3_fast_3_0_edge25,prime,WL3,upper_excursion_v,1.7999993201190922,,1.9800000000000002,PASS,False
buffered_out2_true3_fast_3_0_edge25,prime,WL3,lower_excursion_v,-0.02578957826959962,-0.18000000000000002,,PASS,False
buffered_out2_true3_fast_3_0_edge25,prime,WL3,end_level_v,1.7999993201190922,1.62,1.9800000000000002,PASS,False
buffered_out2_true3_fast_3_0_edge25,prime,WL3,settled_min_v,1.7998675851374568,1.62,,PASS,False
buffered_out2_true3_fast_3_0_edge25,test,DEC0,upper_excursion_v,1.7999991038946912,,1.9800000000000002,PASS,False
buffered_out2_true3_fast_3_0_edge25,test,DEC0,lower_excursion_v,-0.031659000909652645,-0.18000000000000002,,PASS,False
buffered_out2_true3_fast_3_0_edge25,test,DEC0,end_level_v,1.799999103815658,1.62,1.9800000000000002,PASS,False
buffered_out2_true3_fast_3_0_edge25,test,DEC0,settled_min_v,1.799999012393282,1.62,,PASS,False
buffered_out2_true3_fast_3_0_edge25,test,DEC1,upper_excursion_v,0.0036656781935853655,,1.9800000000000002,PASS,False
buffered_out2_true3_fast_3_0_edge25,test,DEC1,lower_excursion_v,-0.00010025168882746294,-0.18000000000000002,,PASS,False
buffered_out2_true3_fast_3_0_edge25,test,DEC1,end_level_v,7.051082118088302e-05,-0.18000000000000002,0.18000000000000002,PASS,False
buffered_out2_true3_fast_3_0_edge25,test,DEC1,unselected_max_v,0.0036656781935853655,,0.18000000000000002,PASS,False
buffered_out2_true3_fast_3_0_edge25,test,DEC2,upper_excursion_v,0.0036567274001042165,,1.9800000000000002,PASS,False
buffered_out2_true3_fast_3_0_edge25,test,DEC2,lower_excursion_v,5.36518956851748e-05,-0.18000000000000002,,PASS,False
buffered_out2_true3_fast_3_0_edge25,test,DEC2,end_level_v,6.126667454165873e-05,-0.18000000000000002,0.18000000000000002,PASS,False
buffered_out2_true3_fast_3_0_edge25,test,DEC2,unselected_max_v,0.0036567274001042165,,0.18000000000000002,PASS,False
buffered_out2_true3_fast_3_0_edge25,test,DEC3,upper_excursion_v,0.003656734135284208,,1.9800000000000002,PASS,False
buffered_out2_true3_fast_3_0_edge25,test,DEC3,lower_excursion_v,5.268798402412009e-05,-0.18000000000000002,,PASS,False
buffered_out2_true3_fast_3_0_edge25,test,DEC3,end_level_v,6.151315997973571e-05,-0.18000000000000002,0.18000000000000002,PASS,False
buffered_out2_true3_fast_3_0_edge25,test,DEC3,unselected_max_v,0.003656734135284208,,0.18000000000000002,PASS,False
buffered_out2_true3_fast_3_0_edge25,test,WL0,upper_excursion_v,1.7999993201190922,,1.9800000000000002,PASS,False
buffered_out2_true3_fast_3_0_edge25,test,WL0,lower_excursion_v,-0.025706030868924163,-0.18000000000000002,,PASS,False
buffered_out2_true3_fast_3_0_edge25,test,WL0,end_level_v,1.7999993201190922,1.62,1.9800000000000002,PASS,False
buffered_out2_true3_fast_3_0_edge25,test,WL0,settled_min_v,1.7998629763296063,1.62,,PASS,False
buffered_out2_true3_fast_3_0_edge25,test,WL1,upper_excursion_v,0.00015428636502295376,,1.9800000000000002,PASS,False
buffered_out2_true3_fast_3_0_edge25,test,WL1,lower_excursion_v,0.00012882155392852335,-0.18000000000000002,,PASS,False
buffered_out2_true3_fast_3_0_edge25,test,WL1,end_level_v,0.00014468705065531748,-0.18000000000000002,0.18000000000000002,PASS,False
buffered_out2_true3_fast_3_0_edge25,test,WL1,unselected_max_v,0.00015428636502295376,,0.18000000000000002,PASS,False
buffered_out2_true3_fast_3_0_edge25,test,WL2,upper_excursion_v,0.00015425794630353286,,1.9800000000000002,PASS,False
buffered_out2_true3_fast_3_0_edge25,test,WL2,lower_excursion_v,0.0001298382532837215,-0.18000000000000002,,PASS,False
buffered_out2_true3_fast_3_0_edge25,test,WL2,end_level_v,0.00014468706062041215,-0.18000000000000002,0.18000000000000002,PASS,False
buffered_out2_true3_fast_3_0_edge25,test,WL2,unselected_max_v,0.00015425794630353286,,0.18000000000000002,PASS,False
buffered_out2_true3_fast_3_0_edge25,test,WL3,upper_excursion_v,0.0001542579308826281,,1.9800000000000002,PASS,False
buffered_out2_true3_fast_3_0_edge25,test,WL3,lower_excursion_v,0.00012983142266745048,-0.18000000000000002,,PASS,False
buffered_out2_true3_fast_3_0_edge25,test,WL3,end_level_v,0.00014468706080603654,-0.18000000000000002,0.18000000000000002,PASS,False
buffered_out2_true3_fast_3_0_edge25,test,WL3,unselected_max_v,0.0001542579308826281,,0.18000000000000002,PASS,False
buffered_out2_true3_fast_3_0_edge25,recovery,DEC0,end_level_v,0.00014380720385820866,-0.18000000000000002,0.18000000000000002,PASS,False
buffered_out2_true3_fast_3_0_edge25,recovery,DEC0,settled_max_v,0.0005906101955708272,,0.18000000000000002,PASS,False
buffered_out2_true3_fast_3_0_edge25,recovery,DEC1,end_level_v,0.00014326341432027712,-0.18000000000000002,0.18000000000000002,PASS,False
buffered_out2_true3_fast_3_0_edge25,recovery,DEC1,settled_max_v,0.0005748632825427133,,0.18000000000000002,PASS,False
buffered_out2_true3_fast_3_0_edge25,recovery,DEC2,end_level_v,0.00014267223965607826,-0.18000000000000002,0.18000000000000002,PASS,False
buffered_out2_true3_fast_3_0_edge25,recovery,DEC2,settled_max_v,0.0008591377567055949,,0.18000000000000002,PASS,False
buffered_out2_true3_fast_3_0_edge25,recovery,DEC3,end_level_v,0.00014267224173940607,-0.18000000000000002,0.18000000000000002,PASS,False
buffered_out2_true3_fast_3_0_edge25,recovery,DEC3,settled_max_v,0.000875779279525135,,0.18000000000000002,PASS,False
buffered_out2_true3_fast_3_0_edge25,recovery,WL0,end_level_v,0.00014468708094428012,-0.18000000000000002,0.18000000000000002,PASS,False
buffered_out2_true3_fast_3_0_edge25,recovery,WL0,settled_max_v,0.00014659968565113724,,0.18000000000000002,PASS,False
buffered_out2_true3_fast_3_0_edge25,recovery,WL1,end_level_v,0.0001446870759468549,-0.18000000000000002,0.18000000000000002,PASS,False
buffered_out2_true3_fast_3_0_edge25,recovery,WL1,settled_max_v,0.0001465340823839658,,0.18000000000000002,PASS,False
buffered_out2_true3_fast_3_0_edge25,recovery,WL2,end_level_v,0.00014468707074375204,-0.18000000000000002,0.18000000000000002,PASS,False
buffered_out2_true3_fast_3_0_edge25,recovery,WL2,settled_max_v,0.00014999738467228997,,0.18000000000000002,PASS,False
buffered_out2_true3_fast_3_0_edge25,recovery,WL3,end_level_v,0.00014468707074365153,-0.18000000000000002,0.18000000000000002,PASS,False
buffered_out2_true3_fast_3_0_edge25,recovery,WL3,settled_max_v,0.0001500069300858029,,0.18000000000000002,PASS,False
buffered_out2_true3_fast_3_0_edge25,recovery,N0,end_level_v,1.7994832301827828,1.62,1.9800000000000002,PASS,False
buffered_out2_true3_fast_3_0_edge25,recovery,N1,end_level_v,1.7997349429091922,1.62,1.9800000000000002,PASS,False
buffered_out2_true3_fast_3_0_edge25,recovery,N2,end_level_v,1.7999998907641486,1.62,1.9800000000000002,PASS,False
buffered_out2_true3_fast_3_0_edge25,recovery,N3,end_level_v,1.7999998898830734,1.62,1.9800000000000002,PASS,False
buffered_out2_true3_fast_3_0_edge25,final_precharge,DEC0,settled_max_v,0.00015704236820310842,,0.18000000000000002,PASS,False
buffered_out2_true3_fast_3_0_edge25,final_precharge,DEC0,settled_min_v,0.0001437502733873658,-0.18000000000000002,,PASS,False
buffered_out2_true3_fast_3_0_edge25,final_precharge,DEC1,settled_max_v,0.00014279520655992477,,0.18000000000000002,PASS,False
buffered_out2_true3_fast_3_0_edge25,final_precharge,DEC1,settled_min_v,0.00014273641160861966,-0.18000000000000002,,PASS,False
buffered_out2_true3_fast_3_0_edge25,final_precharge,DEC2,settled_max_v,0.00014267228831474615,,0.18000000000000002,PASS,False
buffered_out2_true3_fast_3_0_edge25,final_precharge,DEC2,settled_min_v,0.000142672195692176,-0.18000000000000002,,PASS,False
buffered_out2_true3_fast_3_0_edge25,final_precharge,DEC3,settled_max_v,0.00014267227198111368,,0.18000000000000002,PASS,False
buffered_out2_true3_fast_3_0_edge25,final_precharge,DEC3,settled_min_v,0.00014267216173651773,-0.18000000000000002,,PASS,False
buffered_out2_true3_fast_3_0_edge25,final_precharge,WL0,settled_max_v,0.00014468808037697872,,0.18000000000000002,PASS,False
buffered_out2_true3_fast_3_0_edge25,final_precharge,WL0,settled_min_v,0.0001446870731549309,-0.18000000000000002,,PASS,False
buffered_out2_true3_fast_3_0_edge25,final_precharge,WL1,settled_max_v,0.00014468708368690987,,0.18000000000000002,PASS,False
buffered_out2_true3_fast_3_0_edge25,final_precharge,WL1,settled_min_v,0.00014468707078692526,-0.18000000000000002,,PASS,False
buffered_out2_true3_fast_3_0_edge25,final_precharge,WL2,settled_max_v,0.00014468707074455803,,0.18000000000000002,PASS,False
buffered_out2_true3_fast_3_0_edge25,final_precharge,WL2,settled_min_v,0.00014468707063965307,-0.18000000000000002,,PASS,False
buffered_out2_true3_fast_3_0_edge25,final_precharge,WL3,settled_max_v,0.00014468707074456047,,0.18000000000000002,PASS,False
buffered_out2_true3_fast_3_0_edge25,final_precharge,WL3,settled_min_v,0.00014468707063647205,-0.18000000000000002,,PASS,False
buffered_out2_true3_fast_3_0_edge25,final_precharge,N0,end_level_v,1.7994318920678674,1.62,1.9800000000000002,PASS,False
buffered_out2_true3_fast_3_0_edge25,final_precharge,N1,end_level_v,1.799963099815261,1.62,1.9800000000000002,PASS,False
buffered_out2_true3_fast_3_0_edge25,final_precharge,N2,end_level_v,1.7999998831024786,1.62,1.9800000000000002,PASS,False
buffered_out2_true3_fast_3_0_edge25,final_precharge,N3,end_level_v,1.799999883755258,1.62,1.9800000000000002,PASS,False
buffered_out2_true3_fast_3_0_edge50,prime,DEC0,upper_excursion_v,0.0016498178438637942,,1.9800000000000002,PASS,False
buffered_out2_true3_fast_3_0_edge50,prime,DEC0,lower_excursion_v,5.906932371345498e-05,-0.18000000000000002,,PASS,False
buffered_out2_true3_fast_3_0_edge50,prime,DEC0,end_level_v,6.534534801491389e-05,-0.18000000000000002,0.18000000000000002,PASS,False
buffered_out2_true3_fast_3_0_edge50,prime,DEC0,unselected_max_v,0.0016498178438637942,,0.18000000000000002,PASS,False
buffered_out2_true3_fast_3_0_edge50,prime,DEC1,upper_excursion_v,0.001649262853640611,,1.9800000000000002,PASS,False
buffered_out2_true3_fast_3_0_edge50,prime,DEC1,lower_excursion_v,5.883058316198875e-05,-0.18000000000000002,,PASS,False
buffered_out2_true3_fast_3_0_edge50,prime,DEC1,end_level_v,6.499708429994937e-05,-0.18000000000000002,0.18000000000000002,PASS,False
buffered_out2_true3_fast_3_0_edge50,prime,DEC1,unselected_max_v,0.001649262853640611,,0.18000000000000002,PASS,False
buffered_out2_true3_fast_3_0_edge50,prime,DEC2,upper_excursion_v,0.0016498203825199456,,1.9800000000000002,PASS,False
buffered_out2_true3_fast_3_0_edge50,prime,DEC2,lower_excursion_v,3.2359618203754714e-05,-0.18000000000000002,,PASS,False
buffered_out2_true3_fast_3_0_edge50,prime,DEC2,end_level_v,7.018784783523885e-05,-0.18000000000000002,0.18000000000000002,PASS,False
buffered_out2_true3_fast_3_0_edge50,prime,DEC2,unselected_max_v,0.0016498203825199456,,0.18000000000000002,PASS,False
buffered_out2_true3_fast_3_0_edge50,prime,DEC3,upper_excursion_v,1.799999103804887,,1.9800000000000002,PASS,False
buffered_out2_true3_fast_3_0_edge50,prime,DEC3,lower_excursion_v,-0.033497605466657296,-0.18000000000000002,,PASS,False
buffered_out2_true3_fast_3_0_edge50,prime,DEC3,end_level_v,1.7999991038035714,1.62,1.9800000000000002,PASS,False
buffered_out2_true3_fast_3_0_edge50,prime,DEC3,settled_min_v,1.7999990745381202,1.62,,PASS,False
buffered_out2_true3_fast_3_0_edge50,prime,WL0,upper_excursion_v,0.00014557530584237785,,1.9800000000000002,PASS,False
buffered_out2_true3_fast_3_0_edge50,prime,WL0,lower_excursion_v,0.00013834841809339204,-0.18000000000000002,,PASS,False
buffered_out2_true3_fast_3_0_edge50,prime,WL0,end_level_v,0.00014468706111879647,-0.18000000000000002,0.18000000000000002,PASS,False
buffered_out2_true3_fast_3_0_edge50,prime,WL0,unselected_max_v,0.00014557530584237785,,0.18000000000000002,PASS,False
buffered_out2_true3_fast_3_0_edge50,prime,WL1,upper_excursion_v,0.00014557968976343038,,1.9800000000000002,PASS,False
buffered_out2_true3_fast_3_0_edge50,prime,WL1,lower_excursion_v,0.00013837536070949292,-0.18000000000000002,,PASS,False
buffered_out2_true3_fast_3_0_edge50,prime,WL1,end_level_v,0.00014468706107423934,-0.18000000000000002,0.18000000000000002,PASS,False
buffered_out2_true3_fast_3_0_edge50,prime,WL1,unselected_max_v,0.00014557968976343038,,0.18000000000000002,PASS,False
buffered_out2_true3_fast_3_0_edge50,prime,WL2,upper_excursion_v,0.00014566997323846176,,1.9800000000000002,PASS,False
buffered_out2_true3_fast_3_0_edge50,prime,WL2,lower_excursion_v,0.00013865971656306346,-0.18000000000000002,,PASS,False
buffered_out2_true3_fast_3_0_edge50,prime,WL2,end_level_v,0.000144687054734148,-0.18000000000000002,0.18000000000000002,PASS,False
buffered_out2_true3_fast_3_0_edge50,prime,WL2,unselected_max_v,0.00014566997323846176,,0.18000000000000002,PASS,False
buffered_out2_true3_fast_3_0_edge50,prime,WL3,upper_excursion_v,1.7999993201190925,,1.9800000000000002,PASS,False
buffered_out2_true3_fast_3_0_edge50,prime,WL3,lower_excursion_v,-0.02578322870403385,-0.18000000000000002,,PASS,False
buffered_out2_true3_fast_3_0_edge50,prime,WL3,end_level_v,1.7999993201190925,1.62,1.9800000000000002,PASS,False
buffered_out2_true3_fast_3_0_edge50,prime,WL3,settled_min_v,1.7998611201230708,1.62,,PASS,False
buffered_out2_true3_fast_3_0_edge50,test,DEC0,upper_excursion_v,1.7999991038924317,,1.9800000000000002,PASS,False
buffered_out2_true3_fast_3_0_edge50,test,DEC0,lower_excursion_v,-0.03132569079210892,-0.18000000000000002,,PASS,False
buffered_out2_true3_fast_3_0_edge50,test,DEC0,end_level_v,1.7999991038156864,1.62,1.9800000000000002,PASS,False
buffered_out2_true3_fast_3_0_edge50,test,DEC0,settled_min_v,1.7999990084560058,1.62,,PASS,False
buffered_out2_true3_fast_3_0_edge50,test,DEC1,upper_excursion_v,0.0016520111788096029,,1.9800000000000002,PASS,False
buffered_out2_true3_fast_3_0_edge50,test,DEC1,lower_excursion_v,1.3151024206195516e-05,-0.18000000000000002,,PASS,False
buffered_out2_true3_fast_3_0_edge50,test,DEC1,end_level_v,7.47876468350228e-05,-0.18000000000000002,0.18000000000000002,PASS,False
buffered_out2_true3_fast_3_0_edge50,test,DEC1,unselected_max_v,0.0016520111788096029,,0.18000000000000002,PASS,False
buffered_out2_true3_fast_3_0_edge50,test,DEC2,upper_excursion_v,0.0016486833754930795,,1.9800000000000002,PASS,False
buffered_out2_true3_fast_3_0_edge50,test,DEC2,lower_excursion_v,5.767344361634017e-05,-0.18000000000000002,,PASS,False
buffered_out2_true3_fast_3_0_edge50,test,DEC2,end_level_v,6.498811252780589e-05,-0.18000000000000002,0.18000000000000002,PASS,False
buffered_out2_true3_fast_3_0_edge50,test,DEC2,unselected_max_v,0.0016486833754930795,,0.18000000000000002,PASS,False
buffered_out2_true3_fast_3_0_edge50,test,DEC3,upper_excursion_v,0.0016487714252052075,,1.9800000000000002,PASS,False
buffered_out2_true3_fast_3_0_edge50,test,DEC3,lower_excursion_v,5.6708792399842e-05,-0.18000000000000002,,PASS,False
buffered_out2_true3_fast_3_0_edge50,test,DEC3,end_level_v,6.525013309369755e-05,-0.18000000000000002,0.18000000000000002,PASS,False
buffered_out2_true3_fast_3_0_edge50,test,DEC3,unselected_max_v,0.0016487714252052075,,0.18000000000000002,PASS,False
buffered_out2_true3_fast_3_0_edge50,test,WL0,upper_excursion_v,1.799999320119098,,1.9800000000000002,PASS,False
buffered_out2_true3_fast_3_0_edge50,test,WL0,lower_excursion_v,-0.025711889249410983,-0.18000000000000002,,PASS,False
buffered_out2_true3_fast_3_0_edge50,test,WL0,end_level_v,1.799999320119098,1.62,1.9800000000000002,PASS,False
buffered_out2_true3_fast_3_0_edge50,test,WL0,settled_min_v,1.799856056161804,1.62,,PASS,False
buffered_out2_true3_fast_3_0_edge50,test,WL1,upper_excursion_v,0.0001456153069967237,,1.9800000000000002,PASS,False
buffered_out2_true3_fast_3_0_edge50,test,WL1,lower_excursion_v,0.00013819546080388583,-0.18000000000000002,,PASS,False
buffered_out2_true3_fast_3_0_edge50,test,WL1,end_level_v,0.00014468705065760626,-0.18000000000000002,0.18000000000000002,PASS,False
buffered_out2_true3_fast_3_0_edge50,test,WL1,unselected_max_v,0.0001456153069967237,,0.18000000000000002,PASS,False
buffered_out2_true3_fast_3_0_edge50,test,WL2,upper_excursion_v,0.00014560049335628087,,1.9800000000000002,PASS,False
buffered_out2_true3_fast_3_0_edge50,test,WL2,lower_excursion_v,0.00013830161909997966,-0.18000000000000002,,PASS,False
buffered_out2_true3_fast_3_0_edge50,test,WL2,end_level_v,0.00014468706107264854,-0.18000000000000002,0.18000000000000002,PASS,False
buffered_out2_true3_fast_3_0_edge50,test,WL2,unselected_max_v,0.00014560049335628087,,0.18000000000000002,PASS,False
buffered_out2_true3_fast_3_0_edge50,test,WL3,upper_excursion_v,0.0001455961903229368,,1.9800000000000002,PASS,False
buffered_out2_true3_fast_3_0_edge50,test,WL3,lower_excursion_v,0.00013826135833040163,-0.18000000000000002,,PASS,False
buffered_out2_true3_fast_3_0_edge50,test,WL3,end_level_v,0.00014468706126709297,-0.18000000000000002,0.18000000000000002,PASS,False
buffered_out2_true3_fast_3_0_edge50,test,WL3,unselected_max_v,0.0001455961903229368,,0.18000000000000002,PASS,False
buffered_out2_true3_fast_3_0_edge50,recovery,DEC0,end_level_v,0.00014381108635452594,-0.18000000000000002,0.18000000000000002,PASS,False
buffered_out2_true3_fast_3_0_edge50,recovery,DEC0,settled_max_v,0.0005126916470701119,,0.18000000000000002,PASS,False
buffered_out2_true3_fast_3_0_edge50,recovery,DEC1,end_level_v,0.00014326549725926974,-0.18000000000000002,0.18000000000000002,PASS,False
buffered_out2_true3_fast_3_0_edge50,recovery,DEC1,settled_max_v,0.0004961392538636404,,0.18000000000000002,PASS,False
buffered_out2_true3_fast_3_0_edge50,recovery,DEC2,end_level_v,0.00014267223955027715,-0.18000000000000002,0.18000000000000002,PASS,False
buffered_out2_true3_fast_3_0_edge50,recovery,DEC2,settled_max_v,0.0008593721607067239,,0.18000000000000002,PASS,False
buffered_out2_true3_fast_3_0_edge50,recovery,DEC3,end_level_v,0.00014267224164340414,-0.18000000000000002,0.18000000000000002,PASS,False
buffered_out2_true3_fast_3_0_edge50,recovery,DEC3,settled_max_v,0.0008759574683829967,,0.18000000000000002,PASS,False
buffered_out2_true3_fast_3_0_edge50,recovery,WL0,end_level_v,0.0001446870810317587,-0.18000000000000002,0.18000000000000002,PASS,False
buffered_out2_true3_fast_3_0_edge50,recovery,WL0,settled_max_v,0.000145475948992921,,0.18000000000000002,PASS,False
buffered_out2_true3_fast_3_0_edge50,recovery,WL1,end_level_v,0.00014468707598990516,-0.18000000000000002,0.18000000000000002,PASS,False
buffered_out2_true3_fast_3_0_edge50,recovery,WL1,settled_max_v,0.00014544607457648196,,0.18000000000000002,PASS,False
buffered_out2_true3_fast_3_0_edge50,recovery,WL2,end_level_v,0.0001446870707436734,-0.18000000000000002,0.18000000000000002,PASS,False
buffered_out2_true3_fast_3_0_edge50,recovery,WL2,settled_max_v,0.00014999551011373594,,0.18000000000000002,PASS,False
buffered_out2_true3_fast_3_0_edge50,recovery,WL3,end_level_v,0.00014468707074361223,-0.18000000000000002,0.18000000000000002,PASS,False
buffered_out2_true3_fast_3_0_edge50,recovery,WL3,settled_max_v,0.0001500075683603181,,0.18000000000000002,PASS,False
buffered_out2_true3_fast_3_0_edge50,recovery,N0,end_level_v,1.7994818172574927,1.62,1.9800000000000002,PASS,False
buffered_out2_true3_fast_3_0_edge50,recovery,N1,end_level_v,1.7997341931061068,1.62,1.9800000000000002,PASS,False
buffered_out2_true3_fast_3_0_edge50,recovery,N2,end_level_v,1.7999998907979893,1.62,1.9800000000000002,PASS,False
buffered_out2_true3_fast_3_0_edge50,recovery,N3,end_level_v,1.7999998899134213,1.62,1.9800000000000002,PASS,False
buffered_out2_true3_fast_3_0_edge50,final_precharge,DEC0,settled_max_v,0.0001571450987285888,,0.18000000000000002,PASS,False
buffered_out2_true3_fast_3_0_edge50,final_precharge,DEC0,settled_min_v,0.00014375115833025232,-0.18000000000000002,,PASS,False
buffered_out2_true3_fast_3_0_edge50,final_precharge,DEC1,settled_max_v,0.00014279634265398992,,0.18000000000000002,PASS,False
buffered_out2_true3_fast_3_0_edge50,final_precharge,DEC1,settled_min_v,0.00014273665095258792,-0.18000000000000002,,PASS,False
buffered_out2_true3_fast_3_0_edge50,final_precharge,DEC2,settled_max_v,0.00014267228831306298,,0.18000000000000002,PASS,False
buffered_out2_true3_fast_3_0_edge50,final_precharge,DEC2,settled_min_v,0.00014267219195972553,-0.18000000000000002,,PASS,False
buffered_out2_true3_fast_3_0_edge50,final_precharge,DEC3,settled_max_v,0.0001426722719804122,,0.18000000000000002,PASS,False
buffered_out2_true3_fast_3_0_edge50,final_precharge,DEC3,settled_min_v,0.00014267215770238963,-0.18000000000000002,,PASS,False
buffered_out2_true3_fast_3_0_edge50,final_precharge,WL0,settled_max_v,0.00014468810086593834,,0.18000000000000002,PASS,False
buffered_out2_true3_fast_3_0_edge50,final_precharge,WL0,settled_min_v,0.00014468707315935195,-0.18000000000000002,,PASS,False
buffered_out2_true3_fast_3_0_edge50,final_precharge,WL1,settled_max_v,0.00014468708410052898,,0.18000000000000002,PASS,False
buffered_out2_true3_fast_3_0_edge50,final_precharge,WL1,settled_min_v,0.00014468707078699351,-0.18000000000000002,,PASS,False
buffered_out2_true3_fast_3_0_edge50,final_precharge,WL2,settled_max_v,0.00014468707074454822,,0.18000000000000002,PASS,False
buffered_out2_true3_fast_3_0_edge50,final_precharge,WL2,settled_min_v,0.0001446870706375811,-0.18000000000000002,,PASS,False
buffered_out2_true3_fast_3_0_edge50,final_precharge,WL3,settled_max_v,0.0001446870707445711,,0.18000000000000002,PASS,False
buffered_out2_true3_fast_3_0_edge50,final_precharge,WL3,settled_min_v,0.0001446870706344215,-0.18000000000000002,,PASS,False
buffered_out2_true3_fast_3_0_edge50,final_precharge,N0,end_level_v,1.7994314754413376,1.62,1.9800000000000002,PASS,False
buffered_out2_true3_fast_3_0_edge50,final_precharge,N1,end_level_v,1.7999629689185195,1.62,1.9800000000000002,PASS,False
buffered_out2_true3_fast_3_0_edge50,final_precharge,N2,end_level_v,1.7999998831014459,1.62,1.9800000000000002,PASS,False
buffered_out2_true3_fast_3_0_edge50,final_precharge,N3,end_level_v,1.7999998837547917,1.62,1.9800000000000002,PASS,False
