case,device,voltage,min_v,max_v,min_time_ns,max_time_ns
tt_00_to_00,x1.0,VGS,0.003888270029607774,1.8489860700085432,0.00013820000007667713,10.290499999999861
tt_00_to_00,x1.0,VGD,0.012536808952974932,1.8495945274625352,5e-05,10.284499999999865
tt_00_to_00,x1.0,VDS,-0.7356140469320798,0.006255060839685158,0.12649999999999983,20.054500000000033
tt_00_to_00,x1.0,VBS,-0.738474292759945,0.006669269214899349,0.12749999999999984,20.055500000000034
tt_00_to_00,x1.1,VGS,-1.813928328519038,1.8575361907816796,25.002500000000033,20.028500000000005
tt_00_to_00,x1.1,VGD,-0.01799162428764747,1.857048428747428,25.002500000000033,20.026500000000002
tt_00_to_00,x1.1,VDS,-1.8220093530724197,0.024340198243347426,25.200500000000197,5.1215000000000295
tt_00_to_00,x1.1,VBS,-1.8217558950493355,0.0265479644132533,25.2025000000002,5.120500000000029
tt_00_to_00,x1.2,VGS,-1.8518649438439558,0.15788680219648,10.29249999999986,9.340000003773001e-05
tt_00_to_00,x1.2,VGD,-1.803690655293614,-0.6227681623293533,10.295499999999858,5e-05
tt_00_to_00,x1.2,VDS,-0.048174989821121006,1.5557715413562674,10.29249999999986,0.0011733900625493514
tt_00_to_00,x1.2,VBS,-0.052053298369498346,1.6161756821529667,10.29249999999986,0.001914082908899124
tt_00_to_00,x1.3,VGS,-1.7995403570536341,1.799998899231071,19.974999999999998,24.975000000000005
tt_00_to_00,x1.3,VGD,-1.7999643858470122,0.0016694803389127877,19.974999999999998,20.225500000000228
tt_00_to_00,x1.3,VDS,-0.06172136729118627,1.8113811426918853,20.0257,24.994500000000023
tt_00_to_00,x1.3,VBS,-0.06142146506249957,1.8151848813203815,20.028500000000005,24.997500000000027
tt_00_to_00,x1.4,VGS,0.009513416252961225,1.8241591903015415,5e-05,10.01949999999998
tt_00_to_00,x1.4,VGD,0.016536066384268626,1.8245308669443625,5e-05,10.015499999999982
tt_00_to_00,x1.4,VDS,-0.287170805861626,0.02985442651600989,20.033500000000007,19.999500000000022
tt_00_to_00,x1.4,VBS,-1.082926869610684,0.0331923338345712,20.008500000000033,25.02050000000005
tt_00_to_00,x1.5,VGS,0.022820784011603243,1.865118389195498,5e-05,9.987499999999995
tt_00_to_00,x1.5,VGD,0.023037165822309247,1.8587797908157428,5e-05,6.065500000000319
tt_00_to_00,x1.5,VDS,-0.48984002606543386,0.02331616726551934,0.04950000000000006,25.025000000000002
tt_00_to_00,x1.5,VBS,-0.49237127795765734,0.02663380991576106,0.05050000000000006,25.025000000000002
tt_00_to_00,x1.6,VGS,-1.8005124917310158,0.08012554402144478,25.482500000000517,0.00040700000031035984
tt_00_to_00,x1.6,VGD,-1.7999980954076098,0.0024179182047143755,19.974999999999998,20.223500000000225
tt_00_to_00,x1.6,VDS,-0.06756732644821395,1.344774659988253,20.026500000000002,0.001914082908899124
tt_00_to_00,x1.6,VBS,-0.06724291635980628,1.3557855284554932,20.028500000000005,0.002914082908899124
tt_00_to_00,x1.7,VGS,-0.10754700096229108,1.8533420499673747,0.0825,10.298499999999857
tt_00_to_00,x1.7,VGD,-1.5897694385236625,0.05615078926460715,0.003914082908899124,10.29249999999986
tt_00_to_00,x1.7,VDS,0.7141080496757042,1.8138495574864295,5e-05,20.040500000000016
tt_00_to_00,x1.7,VBS,0.1918284521429358,1.8134817512578132,5e-05,20.041500000000017
tt_00_to_00,x1.8,VGS,-1.7999998153374397,0.051476517258466026,19.974999999999998,0.00040700000031035984
tt_00_to_00,x1.8,VGD,-1.799999079336452,0.0024129565527739594,19.974999999999998,20.223500000000225
tt_00_to_00,x1.8,VDS,-0.06682632821046819,1.312147172514402,5.0265,0.001914082908899124
tt_00_to_00,x1.8,VBS,-0.06638678162846667,1.3349129767058339,5.028500000000001,0.002914082908899124
tt_00_to_00,x1.9,VGS,-0.4877439009797695,0.05030078074492761,0.15649999999999975,10.290499999999861
tt_00_to_00,x1.9,VGD,0.038295623082255814,0.8171711113582893,5e-05,0.3304999999999992
tt_00_to_00,x1.9,VDS,-1.248606469983371,-0.06865058550490473,0.19049999999999961,5e-05
tt_00_to_00,x1.9,VBS,-1.863271227509283,-0.040486500860167474,20.0253,5e-05
tt_00_to_00,x1.10,VGS,-0.4691429275685961,1.8122687125039978,0.16349999999999973,10.00149999999999
tt_00_to_00,x1.10,VGD,0.02905356812435203,1.815944336533239,5e-05,10.007499999999986
tt_00_to_00,x1.10,VDS,-1.229607842358729,0.000266790983317739,0.20949999999999955,9.976500000000001
tt_00_to_00,x1.10,VBS,-1.8620771501160327,0.01842204366544831,20.03650000000001,25.002500000000033
tt_00_to_00,x1.11,VGS,0.018488592098773765,1.8612168411210637,0.00040700000031035984,20.030500000000004
tt_00_to_00,x1.11,VGD,0.02205368022153567,1.8611353648107696,5e-05,20.026500000000002
tt_00_to_00,x1.11,VDS,-0.5361973270595801,0.004285268325350712,0.05150000000000006,25.015500000000046
tt_00_to_00,x1.11,VBS,-0.538432912222759,0.007773271876476175,0.05250000000000007,5e-05
tt_00_to_00,x1.12,VGS,-1.8140707769025166,1.857663915995655,25.00350000000003,20.030500000000004
tt_00_to_00,x1.12,VGD,-1.817534337153117,0.06153333206762124,25.00350000000003,20.026500000000002
tt_00_to_00,x1.12,VDS,-0.021950844019900106,1.8222454967129333,25.205500000000203,5.114500000000027
tt_00_to_00,x1.12,VBS,-0.023325515020443888,1.8222430417886923,25.205500000000203,5.117500000000028
tt_00_to_00,x1.13,VGS,0.06411935743415821,1.8614226314522808,5e-05,20.031500000000005
tt_00_to_00,x1.13,VGD,-1.3065836081100377,0.06855977433265847,0.005699999999999999,20.026500000000002
tt_00_to_00,x1.13,VDS,0.1822758358984862,1.80542132229617,5e-05,25.007500000000036
tt_00_to_00,x1.13,VBS,0.04342036025927923,1.804778280025914,5e-05,25.007500000000036
tt_00_to_00,x1.14,VGS,-1.850262959040396,-0.026707754034568074,10.286499999999863,5e-05
tt_00_to_00,x1.14,VGD,-0.006101303989364941,0.006518417386612602,0.001914082908899124,9.340000003773001e-05
tt_00_to_00,x1.14,VDS,-1.849815294207327,-0.031027395428004374,10.283499999999865,5e-05
tt_00_to_00,x1.14,VBS,-1.849805951469266,-0.023685608496046583,10.283499999999865,5e-05
tt_00_to_00,x1.15,VGS,-0.0941055296870017,1.8535674188999718,0.08749999999999998,10.298499999999857
tt_00_to_00,x1.15,VGD,0.007460800755497777,1.855197466008665,5e-05,10.29249999999986
tt_00_to_00,x1.15,VDS,-0.8142649277638431,0.011730864303189538,0.15649999999999975,20.040500000000016
tt_00_to_00,x1.15,VBS,-0.8159287485456883,0.013366670085176167,0.15749999999999975,20.040500000000016
tt_00_to_00,x1.16,VGS,-1.2637777049956633,0.5601323414336319,30.000000000000004,0.1404999999999998
tt_00_to_00,x1.16,VGD,-1.1110091331738718,0.6703917518701773,19.999500000000022,0.15249999999999975
tt_00_to_00,x1.16,VDS,-1.2385966135966406,-0.006604891538911278,25.015500000000046,7.100000001825646e-05
tt_00_to_00,x1.16,VBS,-1.2637857974353754,0.0006178679362943695,30.000000000000004,9.340000003773001e-05
tt_00_to_00,x1.17,VGS,-1.8681935352523675,-0.04087772119960208,20.05150000000003,5e-05
tt_00_to_00,x1.17,VGD,-0.08088142567752235,0.5268366207191444,19.974999999999998,0.12449999999999986
tt_00_to_00,x1.17,VDS,-1.8215051089366971,-0.07543357702905149,6.874500000000567,5e-05
tt_00_to_00,x1.17,VBS,-1.8603734660818316,-0.04649476708712286,5.0253,5e-05
tt_00_to_00,x1.18,VGS,-1.0861417415327463,1.7999993470357252,19.974999999999998,24.975000000000005
tt_00_to_00,x1.18,VGD,-0.012167850119834064,1.799999896335399,0.09749999999999995,24.975000000000005
tt_00_to_00,x1.18,VDS,-1.1091409140387598,0.033961289405611356,19.99650000000002,25.015500000000046
tt_00_to_00,x1.18,VBS,-1.1097191304667418,0.03233164137013955,19.99750000000002,25.01150000000004
tt_00_to_00,x1.19,VGS,-4.531273241604322e-05,1.8154297285246126,5e-05,10.007499999999986
tt_00_to_00,x1.19,VGD,0.009394610426124807,1.823612215085779,5e-05,10.014499999999982
tt_00_to_00,x1.19,VDS,-0.3457613484967539,-4.425041209000768e-08,20.033500000000007,7.593500000000669
tt_00_to_00,x1.19,VBS,-1.1387742979749806,0.02425989450223717,20.018500000000046,25.01050000000004
tt_00_to_00,x1.20,VGS,0.07780071880546538,1.8615578525955743,5e-05,20.0257
tt_00_to_00,x1.20,VGD,-1.3071942659500395,0.06740719818221019,0.0053,20.027500000000003
tt_00_to_00,x1.20,VDS,0.24738545980139767,1.8152917300104792,5e-05,25.410500000000436
tt_00_to_00,x1.20,VBS,0.05471970004147189,1.8152859668073915,5e-05,25.410500000000436
tt_00_to_00,x1.21,VGS,0.058892520359655406,1.8672592594438344,5e-05,9.988499999999995
tt_00_to_00,x1.21,VGD,-1.2912945034102312,0.06655481199210089,0.005699999999999999,5.0265
tt_00_to_00,x1.21,VDS,0.16138322899172597,1.8289370115877723,5e-05,25.022500000000054
tt_00_to_00,x1.21,VBS,0.037357120042363884,1.8283859637611748,5e-05,25.023500000000055
tt_00_to_00,x1.22,VGS,-1.8710292650958726,-0.03936489563739677,20.04350000000002,5e-05
tt_00_to_00,x1.22,VGD,-1.080812405474855,0.5398715491403252,19.974999999999998,0.12149999999999986
tt_00_to_00,x1.22,VDS,-1.8539738614604087,-0.06610482823026642,9.987499999999995,5e-05
tt_00_to_00,x1.22,VBS,-1.8638497324264762,-0.04290951462504959,5.035500000000003,5e-05
tt_00_to_00,x1.23,VGS,-1.8467275917602184,0.09696029459011324,10.287499999999863,9.340000003773001e-05
tt_00_to_00,x1.23,VGD,-1.8029100401324054,-0.466993783916729,10.285499999999864,5e-05
tt_00_to_00,x1.23,VDS,-0.04381768061744484,1.483389796726804,10.287499999999863,0.001914082908899124
tt_00_to_00,x1.23,VBS,-0.04734524696924458,1.5445073175318202,10.287499999999863,0.001914082908899124
tt_00_to_00,x1.24,VGS,-1.8557617358076537,-0.012334922390498233,10.29249999999986,5e-05
tt_00_to_00,x1.24,VGD,-0.002147943151805336,0.005587523605731866,0.001914082908899124,0.00022780000015457135
tt_00_to_00,x1.24,VDS,-1.8555854233778006,-0.014410539220748494,10.29149999999986,5e-05
tt_00_to_00,x1.24,VBS,-1.8555743428411584,-0.010855743209781006,10.29149999999986,5e-05
tt_00_to_00,x1.25,VGS,0.0005986430692000999,1.8615494301381443,0.00022780000015457135,20.026500000000002
tt_00_to_00,x1.25,VGD,0.027542438321836817,1.8608538871930207,5e-05,20.026500000000002
tt_00_to_00,x1.25,VDS,-0.6163407191452162,0.014276996230749408,0.05050000000000006,25.408500000000434
tt_00_to_00,x1.25,VBS,-0.6189645982079546,0.016253859577037164,0.05150000000000006,25.409500000000435
tt_00_to_00,x1.26,VGS,-0.08416099495342055,0.6010145830515924,20.020500000000048,0.1664999999999997
tt_00_to_00,x1.26,VGD,-1.1110510195331764,0.6700621155988162,19.999500000000022,0.15249999999999975
tt_00_to_00,x1.26,VDS,-0.08275852240272907,1.0299039282803337,0.12249999999999986,19.999500000000022
tt_00_to_00,x1.26,VBS,-0.2173405398539996,0.0027421944017860522,0.14849999999999977,5e-05
tt_00_to_00,x1.27,VGS,-1.8008099081484106,0.06871836252342595,10.288499999999862,0.00040700000031035984
tt_00_to_00,x1.27,VGD,-1.7999992916301764,0.0024122091221776554,19.974999999999998,20.223500000000225
tt_00_to_00,x1.27,VDS,-0.06873435513110393,1.3346176484281531,20.026500000000002,0.001914082908899124
tt_00_to_00,x1.27,VBS,-0.0683169929947538,1.3531729637696952,20.028500000000005,0.002914082908899124
tt_00_to_00,x1.28,VGS,0.0017049760436588235,1.84890486973384,0.05250000000000007,10.290499999999861
tt_00_to_00,x1.28,VGD,-1.5246234964413512,0.05109115362688743,0.003914082908899124,10.287499999999863
tt_00_to_00,x1.28,VDS,0.5477918785713771,1.805976980022529,5e-05,20.055500000000034
tt_00_to_00,x1.28,VBS,0.1495165735977138,1.8057917791891889,5e-05,20.055500000000034
tt_00_to_00,x2.mp1,VGS,-1.8251481906695783,0.022749822254739982,5.119500000000029,25.2035000000002
tt_00_to_00,x2.mp1,VGD,-1.8239474224565155,1.8227230928949354,5.120500000000029,25.204500000000202
tt_00_to_00,x2.mp1,VDS,-1.8228138619240688,0.06121338202965898,25.372500000000393,20.21850000000022
tt_00_to_00,x2.mp1,VBS,0.0,0.0,5e-05,5e-05
tt_00_to_00,x2.mn1,VGS,-0.02514819066957833,1.82274982225474,5.119500000000029,25.2035000000002
tt_00_to_00,x2.mn1,VGD,-1.8239474224565155,1.8227230928949354,5.120500000000029,25.204500000000202
tt_00_to_00,x2.mn1,VDS,-0.022813861924068812,1.861213382029659,25.372500000000393,20.21850000000022
tt_00_to_00,x2.mn1,VBS,0.0,0.0,5e-05,5e-05
tt_00_to_00,x2.mp2,VGS,-1.8228138619240688,0.06121338202965898,25.372500000000393,20.21850000000022
tt_00_to_00,x2.mp2,VGD,-1.8221850822043688,1.8604911777024282,25.372500000000393,20.21850000000022
tt_00_to_00,x2.mp2,VDS,-1.8265564757372899,0.027806160573556005,5.2725000000000755,25.444500000000474
tt_00_to_00,x2.mp2,VBS,0.0,0.0,5e-05,5e-05
tt_00_to_00,x2.mn2,VGS,-0.022813861924068812,1.861213382029659,25.372500000000393,20.21850000000022
tt_00_to_00,x2.mn2,VGD,-1.8221850822043688,1.8604911777024282,25.372500000000393,20.21850000000022
tt_00_to_00,x2.mn2,VDS,-0.0265564757372899,1.827806160573556,5.2725000000000755,25.444500000000474
tt_00_to_00,x2.mn2,VBS,0.0,0.0,5e-05,5e-05
tt_00_to_00,x3.mp1,VGS,-1.8165853990573446,-1.1719570936203305,25.409500000000435,0.05250000000000007
tt_00_to_00,x3.mp1,VGD,-1.8162033660062877,-0.5352009588700379,25.410500000000436,0.0006732663012404113
tt_00_to_00,x3.mp1,VDS,-1.103017689352291,0.0009471916682963766,0.00040700000031035984,25.455500000000484
tt_00_to_00,x3.mp1,VBS,0.0,0.0,5e-05,5e-05
tt_00_to_00,x3.mn1,VGS,-0.01658539905734449,0.6280429063796695,25.409500000000435,0.05250000000000007
tt_00_to_00,x3.mn1,VGD,-1.8162033660062877,-0.5352009588700379,25.410500000000436,0.0006732663012404113
tt_00_to_00,x3.mn1,VDS,0.6969823106477091,1.8009471916682964,0.00040700000031035984,25.455500000000484
tt_00_to_00,x3.mn1,VBS,0.0,0.0,5e-05,5e-05
tt_00_to_00,x3.mp2,VGS,-1.103017689352291,0.0009471916682963766,0.00040700000031035984,25.455500000000484
tt_00_to_00,x3.mp2,VGD,0.6594842310956253,1.8009288478618317,0.00040700000031035984,25.456500000000485
tt_00_to_00,x3.mp2,VDS,-1.800017275737563,-1.737171676845572,5.2755000000000765,0.019499999999999997
tt_00_to_00,x3.mp2,VBS,0.0,0.0,5e-05,5e-05
tt_00_to_00,x3.mn2,VGS,0.6969823106477091,1.8009471916682964,0.00040700000031035984,25.455500000000484
tt_00_to_00,x3.mn2,VGD,0.6594842310956253,1.8009288478618317,0.00040700000031035984,25.456500000000485
tt_00_to_00,x3.mn2,VDS,-1.727573756297937e-05,0.06282832315442805,5.2755000000000765,0.019499999999999997
tt_00_to_00,x3.mn2,VBS,0.0,0.0,5e-05,5e-05
tt_00_to_00,x4.mp1,VGS,-1.8332481295278993,-1.2970171817322034,25.025000000000002,0.05250000000000007
tt_00_to_00,x4.mp1,VGD,-1.8317888110632348,-0.5657636917082245,25.025000000000002,0.00040700000031035984
tt_00_to_00,x4.mp1,VDS,-1.1049332911801524,0.0026119540570404,0.00040700000031035984,19.994500000000016
tt_00_to_00,x4.mp1,VBS,0.0,0.0,5e-05,5e-05
tt_00_to_00,x4.mn1,VGS,-0.03324812952789917,0.5029828182677968,25.025000000000002,0.05250000000000007
tt_00_to_00,x4.mn1,VGD,-1.8317888110632348,-0.5657636917082245,25.025000000000002,0.00040700000031035984
tt_00_to_00,x4.mn1,VDS,0.6950667088198478,1.8026119540570404,0.00040700000031035984,19.994500000000016
tt_00_to_00,x4.mn1,VBS,0.0,0.0,5e-05,5e-05
tt_00_to_00,x4.mp2,VGS,-1.1049332911801524,0.0026119540570404,0.00040700000031035984,19.994500000000016
tt_00_to_00,x4.mp2,VGD,0.6576098054840767,1.802558550243027,0.00040700000031035984,19.995500000000018
tt_00_to_00,x4.mp2,VDS,-1.8000764309872268,-1.7370877950148849,5.038500000000004,0.019499999999999997
tt_00_to_00,x4.mp2,VBS,0.0,0.0,5e-05,5e-05
tt_00_to_00,x4.mn2,VGS,0.6950667088198478,1.8026119540570404,0.00040700000031035984,19.994500000000016
tt_00_to_00,x4.mn2,VGD,0.6576098054840767,1.802558550243027,0.00040700000031035984,19.995500000000018
tt_00_to_00,x4.mn2,VDS,-7.643098722670289e-05,0.06291220498511525,5.038500000000004,0.019499999999999997
tt_00_to_00,x4.mn2,VBS,0.0,0.0,5e-05,5e-05
tt_00_to_00,x5.mp1,VGS,-1.8077151565003584,-1.2511813324615784,25.012500000000042,0.05350000000000007
tt_00_to_00,x5.mp1,VGD,-1.8072677785727462,-0.5625749705712206,25.014500000000044,0.0006732663012404113
tt_00_to_00,x5.mp1,VDS,-1.1047966497095003,0.0007341485228931077,0.00040700000031035984,19.99050000000001
tt_00_to_00,x5.mp1,VBS,0.0,0.0,5e-05,5e-05
tt_00_to_00,x5.mn1,VGS,-0.007715156500358263,0.5488186675384217,25.012500000000042,0.05350000000000007
tt_00_to_00,x5.mn1,VGD,-1.8072677785727462,-0.5625749705712206,25.014500000000044,0.0006732663012404113
tt_00_to_00,x5.mn1,VDS,0.6952033502904996,1.8007341485228932,0.00040700000031035984,19.99050000000001
tt_00_to_00,x5.mn1,VBS,0.0,0.0,5e-05,5e-05
tt_00_to_00,x5.mp2,VGS,-1.1047966497095003,0.0007341485228931077,0.00040700000031035984,19.99050000000001
tt_00_to_00,x5.mp2,VGD,0.6577426163340353,1.8007162798930623,0.00040700000031035984,19.99050000000001
tt_00_to_00,x5.mp2,VDS,-1.8000187573473063,-1.737133853313374,20.03550000000001,0.019499999999999997
tt_00_to_00,x5.mp2,VBS,0.0,0.0,5e-05,5e-05
tt_00_to_00,x5.mn2,VGS,0.6952033502904996,1.8007341485228932,0.00040700000031035984,19.99050000000001
tt_00_to_00,x5.mn2,VGD,0.6577426163340353,1.8007162798930623,0.00040700000031035984,19.99050000000001
tt_00_to_00,x5.mn2,VDS,-1.8757347306169613e-05,0.06286614668662595,20.03550000000001,0.019499999999999997
tt_00_to_00,x5.mn2,VBS,0.0,0.0,5e-05,5e-05
tt_00_to_01,x1.0,VGS,0.003888270029607774,1.8489860700085432,0.00013820000007667713,10.290499999999861
tt_00_to_01,x1.0,VGD,0.012536808952974932,1.8495945274625352,5e-05,10.284499999999865
tt_00_to_01,x1.0,VDS,-0.7356140469320798,0.012466434643318952,0.12649999999999983,18.05450000000006
tt_00_to_01,x1.0,VBS,-0.738474292759945,0.014128722112881367,0.12749999999999984,18.05450000000006
tt_00_to_01,x1.1,VGS,-1.81392567675256,1.858839669684086,10.002499999999989,20.5525000000006
tt_00_to_01,x1.1,VGD,-0.017988784811302665,1.8588658956089452,10.002499999999989,20.543500000000588
tt_00_to_01,x1.1,VDS,-1.822001247167382,0.024340198243347426,10.200499999999908,5.1215000000000295
tt_00_to_01,x1.1,VBS,-1.8217475322893326,0.0265479644132533,10.202499999999906,5.120500000000029
tt_00_to_01,x1.2,VGS,-1.8518649438439558,1.8137649977831924,10.29249999999986,20.06850000000005
tt_00_to_01,x1.2,VGD,-1.803690655293614,0.00042531077163121545,10.295499999999858,18.0015
tt_00_to_01,x1.2,VDS,-0.048174989821121006,1.813694059970679,10.29249999999986,20.06850000000005
tt_00_to_01,x1.2,VBS,-0.052053298369498346,1.8136805064647523,10.29249999999986,20.06850000000005
tt_00_to_01,x1.3,VGS,-1.7999701457930832,1.7999983723433086,30.000000000000004,9.975000000000001
tt_00_to_01,x1.3,VGD,-1.800026726926937,0.0019276360679796323,17.974500000000024,20.22650000000023
tt_00_to_01,x1.3,VDS,-0.061839086543592714,1.8113780843170846,20.0257,9.994499999999992
tt_00_to_01,x1.3,VBS,-0.06157793441336179,1.8151805097151728,20.028500000000005,9.997499999999992
tt_00_to_01,x1.4,VGS,-0.824302983669192,1.8241591903015415,30.000000000000004,10.01949999999998
tt_00_to_01,x1.4,VGD,-1.064805555251799,1.8245308669443625,19.999500000000022,10.015499999999982
tt_00_to_01,x1.4,VDS,-0.8063851483562583,0.24204353571685067,25.015500000000046,19.999500000000022
tt_00_to_01,x1.4,VBS,-1.0795232165533863,0.03318424317871211,17.97850000000003,10.020499999999979
tt_00_to_01,x1.5,VGS,0.022820784011603243,1.865118389195498,5e-05,9.987499999999995
tt_00_to_01,x1.5,VGD,0.023037165822309247,1.8587797908157428,5e-05,6.065500000000319
tt_00_to_01,x1.5,VDS,-0.48984002606543386,0.02335332626945709,0.04950000000000006,25.025000000000002
tt_00_to_01,x1.5,VBS,-0.49237127795765734,0.026680525982011295,0.05050000000000006,25.025000000000002
tt_00_to_01,x1.6,VGS,-1.801000058190874,1.7999988461483918,18.389500000000442,24.975000000000005
tt_00_to_01,x1.6,VGD,-1.800096405382214,0.0030420624327036627,17.975500000000025,20.22850000000023
tt_00_to_01,x1.6,VDS,-0.0674088852287138,1.8122383861556277,5.0265,24.994500000000023
tt_00_to_01,x1.6,VBS,-0.06708572047744688,1.8161175549278534,5.028500000000001,24.997500000000027
tt_00_to_01,x1.7,VGS,-1.8276964246747198,1.8533420499673747,25.227500000000227,10.298499999999857
tt_00_to_01,x1.7,VGD,-1.8090938916730683,0.05615078926460715,20.063500000000044,10.29249999999986
tt_00_to_01,x1.7,VDS,-0.031973523248455926,1.8173253974156085,25.217500000000214,18.063500000000072
tt_00_to_01,x1.7,VBS,-0.03430541187177627,1.817663980200977,25.217500000000214,18.06850000000008
tt_00_to_01,x1.8,VGS,-1.803495508739122,0.051476517258466026,18.34450000000039,0.00040700000031035984
tt_00_to_01,x1.8,VGD,-1.8000921690123146,0.003862947507168979,17.97250000000002,20.22750000000023
tt_00_to_01,x1.8,VDS,-0.06682632821046819,1.312147172514402,5.0265,0.001914082908899124
tt_00_to_01,x1.8,VBS,-0.06638678162846667,1.3349129767058339,5.028500000000001,0.002914082908899124
tt_00_to_01,x1.9,VGS,-0.4877439009797695,1.8135631005865283,0.15649999999999975,25.001500000000032
tt_00_to_01,x1.9,VGD,0.038295623082255814,1.8166137565164608,5e-05,25.007500000000036
tt_00_to_01,x1.9,VDS,-1.248606469983371,0.0003545875435853824,0.19049999999999961,24.977500000000003
tt_00_to_01,x1.9,VBS,-1.865805688064428,0.01929940392575767,20.03550000000001,25.00350000000003
tt_00_to_01,x1.10,VGS,-0.4691429275685961,1.8122687125039978,0.16349999999999973,10.00149999999999
tt_00_to_01,x1.10,VGD,0.02905356812435203,1.815944336533239,5e-05,10.007499999999986
tt_00_to_01,x1.10,VDS,-1.229607842358729,0.000266790983317739,0.20949999999999955,9.976500000000001
tt_00_to_01,x1.10,VBS,-1.8604219950037837,0.018418709241300228,5.033500000000003,10.002499999999989
tt_00_to_01,x1.11,VGS,0.018488592098773765,1.8619092881206651,0.00040700000031035984,20.992500000001098
tt_00_to_01,x1.11,VGD,0.02205368022153567,1.8619095341026641,5e-05,20.861500000000948
tt_00_to_01,x1.11,VDS,-0.5361973270595801,0.01849794126073965,0.05150000000000006,25.419500000000443
tt_00_to_01,x1.11,VBS,-0.538432912222759,0.021060484473395716,0.05250000000000007,25.419500000000443
tt_00_to_01,x1.12,VGS,-1.8140683509537339,1.8588364793388563,10.003499999999988,20.553500000000597
tt_00_to_01,x1.12,VGD,-1.81752355119716,0.06166872819132729,10.003499999999988,20.027500000000003
tt_00_to_01,x1.12,VDS,-0.021946061922894167,1.8222454967129333,10.205499999999907,5.114500000000027
tt_00_to_01,x1.12,VBS,-0.023320500690358514,1.8222430417886923,10.205499999999907,5.117500000000028
tt_00_to_01,x1.13,VGS,0.06411935743415821,1.862061241266223,5e-05,20.03650000000001
tt_00_to_01,x1.13,VGD,-1.3065836081100377,0.06933984355472056,0.005699999999999999,20.22650000000023
tt_00_to_01,x1.13,VDS,0.1822758358984862,1.8191669424859058,5e-05,25.421500000000446
tt_00_to_01,x1.13,VBS,0.04342036025927923,1.8191621960201236,5e-05,25.421500000000446
tt_00_to_01,x1.14,VGS,-1.850262959040396,-0.026707754034568074,10.286499999999863,5e-05
tt_00_to_01,x1.14,VGD,-0.006101303989364941,0.006518417386612602,0.001914082908899124,9.340000003773001e-05
tt_00_to_01,x1.14,VDS,-1.849815294207327,-0.031027395428004374,10.283499999999865,5e-05
tt_00_to_01,x1.14,VBS,-1.849805951469266,-0.023685608496046583,10.283499999999865,5e-05
tt_00_to_01,x1.15,VGS,-1.8300926172468508,1.8535674188999718,25.226500000000225,10.298499999999857
tt_00_to_01,x1.15,VGD,-0.014662153983614222,1.855197466008665,20.06750000000005,10.29249999999986
tt_00_to_01,x1.15,VDS,-1.836210971470401,0.017018314515669816,25.216500000000213,18.076500000000085
tt_00_to_01,x1.15,VBS,-1.836215992844729,0.018635222909816,25.216500000000213,18.075500000000083
tt_00_to_01,x1.16,VGS,-1.25429807746973,1.816792548897198,18.066500000000076,25.008500000000037
tt_00_to_01,x1.16,VGD,-1.0792738006148885,1.8251816126716907,17.988500000000037,25.015500000000046
tt_00_to_01,x1.16,VDS,-1.2115356654233949,-3.518886436461819e-08,10.015499999999982,22.233500000002504
tt_00_to_01,x1.16,VBS,-1.493888413662383,0.024766439465442776,18.481500000000544,25.01050000000004
tt_00_to_01,x1.17,VGS,-1.8686307378384317,-0.04087772119960208,20.040500000000016,5e-05
tt_00_to_01,x1.17,VGD,-1.0504879073293558,0.5268366207191444,30.000000000000004,0.12449999999999986
tt_00_to_01,x1.17,VDS,-1.8510124886146961,-0.07543357702905149,24.988500000000016,5e-05
tt_00_to_01,x1.17,VBS,-1.8609286897781778,-0.04649476708712286,20.026500000000002,5e-05
tt_00_to_01,x1.18,VGS,-1.0808136122077046,1.7999992422661695,17.97850000000003,24.975000000000005
tt_00_to_01,x1.18,VGD,-0.012167850119834064,1.79999988249661,0.09749999999999995,24.975000000000005
tt_00_to_01,x1.18,VDS,-1.080439591925285,0.034542466028802433,17.97850000000003,25.015500000000046
tt_00_to_01,x1.18,VBS,-1.080441298193354,0.0329593176736003,17.97850000000003,25.01150000000004
tt_00_to_01,x1.19,VGS,-1.2228764193881105,1.8154297285246126,30.000000000000004,10.007499999999986
tt_00_to_01,x1.19,VGD,-1.064815934467846,1.823612215085779,19.999500000000022,10.014499999999982
tt_00_to_01,x1.19,VDS,-1.2129052567206338,0.07296169716238832,25.015500000000046,18.281500000000317
tt_00_to_01,x1.19,VBS,-1.2228913745375731,0.024254165583466384,30.000000000000004,10.010499999999984
tt_00_to_01,x1.20,VGS,-1.815358533372246,1.861392563583377,25.00350000000003,5.0257000000000005
tt_00_to_01,x1.20,VGD,-1.8185876674586432,0.06724950330453483,25.00350000000003,5.027500000000001
tt_00_to_01,x1.20,VDS,-0.02157032867579267,1.8208687634976788,25.205500000000203,20.113500000000098
tt_00_to_01,x1.20,VBS,-0.02291764417456088,1.8210081197066352,25.205500000000203,20.1165000000001
tt_00_to_01,x1.21,VGS,0.058892520359655406,1.8672592594438344,5e-05,9.988499999999995
tt_00_to_01,x1.21,VGD,-1.2912945034102312,0.06655481199210089,0.005699999999999999,5.0265
tt_00_to_01,x1.21,VDS,0.16138322899172597,1.8289026254922756,5e-05,10.022499999999978
tt_00_to_01,x1.21,VBS,0.037357120042363884,1.8283507350366948,5e-05,10.023499999999977
tt_00_to_01,x1.22,VGS,-1.8721276782688265,-0.03936489563739677,20.049500000000027,5e-05
tt_00_to_01,x1.22,VGD,-1.0780332819302185,0.5398715491403252,17.981500000000032,0.12149999999999986
tt_00_to_01,x1.22,VDS,-1.8539738614604087,-0.06610482823026642,9.987499999999995,5e-05
tt_00_to_01,x1.22,VBS,-1.8638497324264762,-0.04290951462504959,5.035500000000003,5e-05
tt_00_to_01,x1.23,VGS,-1.8467275917602184,0.09696029459011324,10.287499999999863,9.340000003773001e-05
tt_00_to_01,x1.23,VGD,-1.8029100401324054,-0.466993783916729,10.285499999999864,5e-05
tt_00_to_01,x1.23,VDS,-0.04381768061744484,1.483389796726804,10.287499999999863,0.001914082908899124
tt_00_to_01,x1.23,VBS,-0.04734524696924458,1.5445073175318202,10.287499999999863,0.001914082908899124
tt_00_to_01,x1.24,VGS,-1.8557617358076537,1.8122890052602973,10.29249999999986,20.06850000000005
tt_00_to_01,x1.24,VGD,-0.002147943151805336,1.8010173759183195,0.001914082908899124,20.075500000000055
tt_00_to_01,x1.24,VDS,-1.8555854233778006,0.011286115468842079,10.29149999999986,20.06850000000005
tt_00_to_01,x1.24,VBS,-1.8555743428411584,0.012761936738251562,10.29149999999986,20.06850000000005
tt_00_to_01,x1.25,VGS,-1.8152463314841085,1.861388805848391,25.002500000000033,5.0265
tt_00_to_01,x1.25,VGD,-0.01897193114463713,1.8607382357545792,25.002500000000033,5.0265
tt_00_to_01,x1.25,VDS,-1.8207461604924768,0.0249742848498779,25.199500000000196,20.121500000000108
tt_00_to_01,x1.25,VBS,-1.8204728423690715,0.027115682201237005,25.2025000000002,20.120500000000106
tt_00_to_01,x1.26,VGS,-0.09406468492161639,1.8261098987991866,18.07250000000008,25.021500000000053
tt_00_to_01,x1.26,VGD,-1.079282565699015,1.826136387824436,17.988500000000037,25.017500000000048
tt_00_to_01,x1.26,VDS,-0.250803299686735,0.9995491236839027,20.032500000000006,17.97950000000003
tt_00_to_01,x1.26,VBS,-1.0504903079196746,0.03346461267200617,30.000000000000004,25.02050000000005
tt_00_to_01,x1.27,VGS,-1.8008479422810333,0.06871836252342595,18.332500000000376,0.00040700000031035984
tt_00_to_01,x1.27,VGD,-1.8000855183800606,0.0038633686137179435,17.973500000000023,20.22750000000023
tt_00_to_01,x1.27,VDS,-0.0693362383669085,1.3346176484281531,20.22650000000023,0.001914082908899124
tt_00_to_01,x1.27,VBS,-0.0693359542847598,1.3531729637696952,20.22650000000023,0.002914082908899124
tt_00_to_01,x1.28,VGS,0.0017049760436588235,1.84890486973384,0.05250000000000007,10.290499999999861
tt_00_to_01,x1.28,VGD,-1.5246234964413512,0.05109115362688743,0.003914082908899124,10.287499999999863
tt_00_to_01,x1.28,VDS,0.5477918785713771,1.8156864672353057,5e-05,18.05450000000006
tt_00_to_01,x1.28,VBS,0.1495165735977138,1.815602313051677,5e-05,18.05450000000006
tt_00_to_01,x2.mp1,VGS,-1.8251481906695783,0.022742555495606664,5.119500000000029,10.203499999999906
tt_00_to_01,x2.mp1,VGD,-1.8239474224565155,1.8227158024710217,5.120500000000029,10.204499999999905
tt_00_to_01,x2.mp1,VDS,-1.8228122706435235,0.06118777434689582,10.37249999999982,5.215500000000058
tt_00_to_01,x2.mp1,VBS,0.0,0.0,5e-05,5e-05
tt_00_to_01,x2.mn1,VGS,-0.02514819066957833,1.8227425554956067,5.119500000000029,10.203499999999906
tt_00_to_01,x2.mn1,VGD,-1.8239474224565155,1.8227158024710217,5.120500000000029,10.204499999999905
tt_00_to_01,x2.mn1,VDS,-0.022812270643523327,1.8611877743468959,10.37249999999982,5.215500000000058
tt_00_to_01,x2.mn1,VBS,0.0,0.0,5e-05,5e-05
tt_00_to_01,x2.mp2,VGS,-1.8228122706435235,0.06118777434689582,10.37249999999982,5.215500000000058
tt_00_to_01,x2.mp2,VGD,-1.8221835564434226,1.8604772879194558,10.37249999999982,5.2165000000000585
tt_00_to_01,x2.mp2,VDS,-1.8265564757372899,0.027806066940639695,5.2725000000000755,10.444499999999781
tt_00_to_01,x2.mp2,VBS,0.0,0.0,5e-05,5e-05
tt_00_to_01,x2.mn2,VGS,-0.022812270643523327,1.8611877743468959,10.37249999999982,5.215500000000058
tt_00_to_01,x2.mn2,VGD,-1.8221835564434226,1.8604772879194558,10.37249999999982,5.2165000000000585
tt_00_to_01,x2.mn2,VDS,-0.0265564757372899,1.8278060669406397,5.2725000000000755,10.444499999999781
tt_00_to_01,x2.mn2,VBS,0.0,0.0,5e-05,5e-05
tt_00_to_01,x3.mp1,VGS,-1.8245795096100272,0.021688613992522088,20.119500000000105,25.2035000000002
tt_00_to_01,x3.mp1,VGD,-1.8232800858405893,1.8216626161564722,20.120500000000106,25.204500000000202
tt_00_to_01,x3.mp1,VDS,-1.8207064321108541,0.05556854846310677,25.379500000000398,20.223500000000225
tt_00_to_01,x3.mp1,VBS,0.0,0.0,5e-05,5e-05
tt_00_to_01,x3.mn1,VGS,-0.02457950961002725,1.8216886139925221,20.119500000000105,25.2035000000002
tt_00_to_01,x3.mn1,VGD,-1.8232800858405893,1.8216626161564722,20.120500000000106,25.204500000000202
tt_00_to_01,x3.mn1,VDS,-0.020706432110854017,1.8555685484631068,25.379500000000398,20.223500000000225
tt_00_to_01,x3.mn1,VBS,0.0,0.0,5e-05,5e-05
tt_00_to_01,x3.mp2,VGS,-1.8207064321108541,0.05556854846310677,25.379500000000398,20.223500000000225
tt_00_to_01,x3.mp2,VGD,-1.8201530894071072,1.8549944950579105,25.379500000000398,20.223500000000225
tt_00_to_01,x3.mp2,VDS,-1.8247724674719221,0.027496123371632653,20.286500000000295,25.455500000000484
tt_00_to_01,x3.mp2,VBS,0.0,0.0,5e-05,5e-05
tt_00_to_01,x3.mn2,VGS,-0.020706432110854017,1.8555685484631068,25.379500000000398,20.223500000000225
tt_00_to_01,x3.mn2,VGD,-1.8201530894071072,1.8549944950579105,25.379500000000398,20.223500000000225
tt_00_to_01,x3.mn2,VDS,-0.024772467471922056,1.8274961233716327,20.286500000000295,25.455500000000484
tt_00_to_01,x3.mn2,VBS,0.0,0.0,5e-05,5e-05
tt_00_to_01,x4.mp1,VGS,-1.8332357989777788,-1.2970171817322034,10.024999999999999,0.05250000000000007
tt_00_to_01,x4.mp1,VGD,-1.8317775398799991,-0.5657636917082245,10.024999999999999,0.00040700000031035984
tt_00_to_01,x4.mp1,VDS,-1.1049332911801524,0.0026119358035818774,0.00040700000031035984,4.994500000000006
tt_00_to_01,x4.mp1,VBS,0.0,0.0,5e-05,5e-05
tt_00_to_01,x4.mn1,VGS,-0.03323579897777873,0.5029828182677968,10.024999999999999,0.05250000000000007
tt_00_to_01,x4.mn1,VGD,-1.8317775398799991,-0.5657636917082245,10.024999999999999,0.00040700000031035984
tt_00_to_01,x4.mn1,VDS,0.6950667088198478,1.802611935803582,0.00040700000031035984,4.994500000000006
tt_00_to_01,x4.mn1,VBS,0.0,0.0,5e-05,5e-05
tt_00_to_01,x4.mp2,VGS,-1.1049332911801524,0.0026119358035818774,0.00040700000031035984,4.994500000000006
tt_00_to_01,x4.mp2,VGD,0.6576098054840767,1.8025585220506972,0.00040700000031035984,4.995500000000006
tt_00_to_01,x4.mp2,VDS,-1.8000771543732699,-1.7370877950148849,20.038500000000013,0.019499999999999997
tt_00_to_01,x4.mp2,VBS,0.0,0.0,5e-05,5e-05
tt_00_to_01,x4.mn2,VGS,0.6950667088198478,1.802611935803582,0.00040700000031035984,4.994500000000006
tt_00_to_01,x4.mn2,VGD,0.6576098054840767,1.8025585220506972,0.00040700000031035984,4.995500000000006
tt_00_to_01,x4.mn2,VDS,-7.715437326988184e-05,0.06291220498511525,20.038500000000013,0.019499999999999997
tt_00_to_01,x4.mn2,VBS,0.0,0.0,5e-05,5e-05
tt_00_to_01,x5.mp1,VGS,-1.8212288167786073,-1.2511813324615784,25.420500000000445,0.05350000000000007
tt_00_to_01,x5.mp1,VGD,-1.8208003362791974,-0.5625749705712206,25.421500000000446,0.0006732663012404113
tt_00_to_01,x5.mp1,VDS,-1.1047966497095003,0.001085020202665321,0.00040700000031035984,25.473500000000506
tt_00_to_01,x5.mp1,VBS,0.0,0.0,5e-05,5e-05
tt_00_to_01,x5.mn1,VGS,-0.021228816778607145,0.5488186675384217,25.420500000000445,0.05350000000000007
tt_00_to_01,x5.mn1,VGD,-1.8208003362791974,-0.5625749705712206,25.421500000000446,0.0006732663012404113
tt_00_to_01,x5.mn1,VDS,0.6952033502904996,1.8010850202026654,0.00040700000031035984,25.473500000000506
tt_00_to_01,x5.mn1,VBS,0.0,0.0,5e-05,5e-05
tt_00_to_01,x5.mp2,VGS,-1.1047966497095003,0.001085020202665321,0.00040700000031035984,25.473500000000506
tt_00_to_01,x5.mp2,VGD,0.6577426163340353,1.8010668738299755,0.00040700000031035984,25.473500000000506
tt_00_to_01,x5.mp2,VDS,-1.800018717699622,-1.737133853313374,5.035500000000003,0.019499999999999997
tt_00_to_01,x5.mp2,VBS,0.0,0.0,5e-05,5e-05
tt_00_to_01,x5.mn2,VGS,0.6952033502904996,1.8010850202026654,0.00040700000031035984,25.473500000000506
tt_00_to_01,x5.mn2,VGD,0.6577426163340353,1.8010668738299755,0.00040700000031035984,25.473500000000506
tt_00_to_01,x5.mn2,VDS,-1.8717699622047802e-05,0.06286614668662595,5.035500000000003,0.019499999999999997
tt_00_to_01,x5.mn2,VBS,0.0,0.0,5e-05,5e-05
tt_01_to_00,x1.0,VGS,0.0020751806354486896,1.8490717284343472,0.00021359547281619615,25.2905000000003
tt_01_to_00,x1.0,VGD,0.012468759334860954,1.849683670481842,5e-05,25.28350000000029
tt_01_to_00,x1.0,VDS,-0.7451774119579451,0.01329147473512757,0.13749999999999982,18.474500000000535
tt_01_to_00,x1.0,VBS,-0.7481742976390222,0.015098448578013549,0.13849999999999982,18.474500000000535
tt_01_to_00,x1.1,VGS,-1.8139244335606124,1.8612406831183688,25.002500000000033,5.672500000000198
tt_01_to_00,x1.1,VGD,-0.017987566898942417,1.861247346510814,25.002500000000033,5.669500000000197
tt_01_to_00,x1.1,VDS,-1.8219965506451237,0.02434960071889486,25.200500000000197,20.117500000000103
tt_01_to_00,x1.1,VBS,-1.8217427142498226,0.026554551419601485,25.2025000000002,20.117500000000103
tt_01_to_00,x1.2,VGS,-1.851893491795963,1.8138924807559837,25.292500000000302,5.0685000000000136
tt_01_to_00,x1.2,VGD,-1.803692768364365,0.23565967756237938,25.295500000000303,0.00021359547281619615
tt_01_to_00,x1.2,VDS,-0.04820139764600695,1.8234851719661938,25.292500000000302,17.97150000000002
tt_01_to_00,x1.2,VBS,-0.052081881366106586,1.8303776376935257,25.292500000000302,17.976500000000026
tt_01_to_00,x1.3,VGS,-1.8017448141472931,1.7999982591910195,18.12350000000014,24.975000000000005
tt_01_to_00,x1.3,VGD,-1.8000648391366845,0.0019272595105617185,18.15150000000017,5.2255000000000615
tt_01_to_00,x1.3,VDS,-0.06227431960869079,1.8113767320785088,5.0257000000000005,24.994500000000023
tt_01_to_00,x1.3,VBS,-0.06202676380259553,1.8151783855118544,5.028500000000001,24.997500000000027
tt_01_to_00,x1.4,VGS,-0.1487680194008865,1.8241678552495817,17.986500000000035,25.01950000000005
tt_01_to_00,x1.4,VGD,-1.1147282187073868,1.8245364777578317,17.986500000000035,25.015500000000046
tt_01_to_00,x1.4,VDS,-0.20511673130160502,0.9659645644829061,20.031500000000005,17.985500000000034
tt_01_to_00,x1.4,VBS,-1.0516623075678264,0.03318114486686669,30.000000000000004,25.02050000000005
tt_01_to_00,x1.5,VGS,0.011906277674907512,1.8652407550288645,0.000376561727442413,24.987500000000015
tt_01_to_00,x1.5,VGD,0.02338898488727023,1.8589032316774918,5e-05,21.06550000000118
tt_01_to_00,x1.5,VDS,-0.5072013408777429,0.02335582151077774,0.04950000000000006,10.024999999999999
tt_01_to_00,x1.5,VBS,-0.5096831385983257,0.026682939952291457,0.05050000000000006,10.024999999999999
tt_01_to_00,x1.6,VGS,-1.8033457518255327,1.799998927493019,18.163500000000184,9.975000000000001
tt_01_to_00,x1.6,VGD,-1.80019599725067,0.0030415411603947895,18.1765000000002,5.2285000000000625
tt_01_to_00,x1.6,VDS,-0.06696649540297939,1.8122401662412098,20.026500000000002,9.994499999999992
tt_01_to_00,x1.6,VBS,-0.06663450508335456,1.8161201485464369,20.028500000000005,9.997499999999992
tt_01_to_00,x1.7,VGS,-1.8365928554876527,1.8533676718185965,17.986500000000035,25.298500000000306
tt_01_to_00,x1.7,VGD,-1.8399706501116437,0.05618157163087911,17.986500000000035,25.292500000000302
tt_01_to_00,x1.7,VDS,-0.03196877533683096,1.8125839913178496,10.2174999999999,20.041500000000017
tt_01_to_00,x1.7,VBS,-0.03430032918741799,1.8122357643398836,10.2174999999999,20.041500000000017
tt_01_to_00,x1.8,VGS,-1.8005309165128935,0.04734417011805986,18.034500000000037,0.000376561727442413
tt_01_to_00,x1.8,VGD,-1.7999982726600563,0.003862370283127081,17.95,5.226500000000062
tt_01_to_00,x1.8,VDS,-0.0668452552559411,1.299551026190465,20.026500000000002,0.001695028449916741
tt_01_to_00,x1.8,VBS,-0.06641128827608234,1.3269775368842502,20.028500000000005,0.002579204869241349
tt_01_to_00,x1.9,VGS,-0.5232102859832404,1.8135468252863005,0.16049999999999973,10.00149999999999
tt_01_to_00,x1.9,VGD,0.03957217316524719,1.816585223054256,5e-05,10.007499999999986
tt_01_to_00,x1.9,VDS,-1.2968764079051238,0.0003546799456047975,0.20749999999999957,9.977500000000001
tt_01_to_00,x1.9,VBS,-1.8632963914811622,0.0193007567327079,5.033500000000003,10.003499999999988
tt_01_to_00,x1.10,VGS,-0.4989459177658606,1.8122780388258215,0.15849999999999972,25.001500000000032
tt_01_to_00,x1.10,VGD,0.027568408126107877,1.8159622021951205,5e-05,25.007500000000036
tt_01_to_00,x1.10,VDS,-1.2627901641155703,0.0002666875020286175,0.18349999999999966,24.9765
tt_01_to_00,x1.10,VBS,-1.8612384896244167,0.018417079235387185,5.667500000000197,25.002500000000033
tt_01_to_00,x1.11,VGS,0.014809145263195767,1.861880671574688,0.000376561727442413,6.009500000000302
tt_01_to_00,x1.11,VGD,0.021682356625168417,1.8618810277303433,5e-05,5.8655000000002575
tt_01_to_00,x1.11,VDS,-0.5407102973735859,0.018497931387523064,0.05150000000000006,10.419499999999795
tt_01_to_00,x1.11,VBS,-0.5430146614646074,0.02106073047069736,0.05250000000000007,10.419499999999795
tt_01_to_00,x1.12,VGS,-1.814067551415911,1.8612397966259486,25.00350000000003,5.672500000000198
tt_01_to_00,x1.12,VGD,-1.8175167877659204,0.06211017727992596,25.00350000000003,5.027500000000001
tt_01_to_00,x1.12,VDS,-0.021942845751092177,1.8222312236478906,25.205500000000203,20.110500000000094
tt_01_to_00,x1.12,VBS,-0.023317145574328846,1.822235519217807,25.205500000000203,20.113500000000098
tt_01_to_00,x1.13,VGS,0.06326094652558525,1.8620577284622948,5e-05,5.036500000000004
tt_01_to_00,x1.13,VGD,-1.3040443076032655,0.06930700445317295,0.005699999999999999,5.226500000000062
tt_01_to_00,x1.13,VDS,0.18087218491550852,1.8191667266383105,5e-05,10.421499999999794
tt_01_to_00,x1.13,VBS,0.04214844892464693,1.8191620079559307,5e-05,10.421499999999794
tt_01_to_00,x1.14,VGS,-1.850350845668937,-0.027521669375186752,25.286500000000295,5e-05
tt_01_to_00,x1.14,VGD,-0.006642046635199088,0.004877281584751623,0.001695028449916741,9.137078184653356e-05
tt_01_to_00,x1.14,VDS,-1.8499044414281633,-0.030851670042948066,25.28350000000029,5e-05
tt_01_to_00,x1.14,VBS,-1.84989512966386,-0.02320065295820293,25.28350000000029,5e-05
tt_01_to_00,x1.15,VGS,-1.836376819412423,1.853593582263782,17.986500000000035,25.298500000000306
tt_01_to_00,x1.15,VGD,-0.04027874141984084,1.8552277765686815,17.985500000000034,25.292500000000302
tt_01_to_00,x1.15,VDS,-1.8362057400732945,0.010731897798711936,10.2164999999999,20.041500000000017
tt_01_to_00,x1.15,VBS,-1.836210734528163,0.012234257628250284,10.2164999999999,20.041500000000017
tt_01_to_00,x1.16,VGS,-1.2377310657927247,1.8167945834605268,30.000000000000004,10.008499999999986
tt_01_to_00,x1.16,VGD,-1.057181511487604,1.8251824907553365,30.000000000000004,10.015499999999982
tt_01_to_00,x1.16,VDS,-1.2073502904703493,0.0024488131911939437,25.015500000000046,18.375500000000425
tt_01_to_00,x1.16,VBS,-1.2377393693867946,0.02476843317987617,30.000000000000004,10.010499999999984
tt_01_to_00,x1.17,VGS,-1.8686343545897184,-0.039498230224246755,5.040500000000005,5e-05
tt_01_to_00,x1.17,VGD,-1.0762710588046414,0.5357418368014804,18.223500000000254,0.13649999999999982
tt_01_to_00,x1.17,VDS,-1.8508468836156782,-0.07585559793306049,9.988499999999995,5e-05
tt_01_to_00,x1.17,VBS,-1.8608337705733642,-0.045865175332074654,5.0265,5e-05
tt_01_to_00,x1.18,VGS,-1.117486236603781,1.799999334357582,18.259500000000294,9.975000000000001
tt_01_to_00,x1.18,VGD,-0.012215183140876782,1.7999998960327375,0.09749999999999995,9.975000000000001
tt_01_to_00,x1.18,VDS,-1.1172499164644734,0.03454368814928293,18.258500000000293,10.015499999999982
tt_01_to_00,x1.18,VBS,-1.117229730303721,0.03295924473201184,18.258500000000293,10.011499999999984
tt_01_to_00,x1.19,VGS,-1.2662595506720695,1.815431405949253,17.986500000000035,25.007500000000036
tt_01_to_00,x1.19,VGD,-1.1144019107077716,1.8236170921350103,17.986500000000035,25.014500000000044
tt_01_to_00,x1.19,VDS,-1.2194960414156422,0.035135921883389876,10.014499999999982,0.13749999999999982
tt_01_to_00,x1.19,VBS,-1.4556071347134536,0.024250842904165376,18.737500000000836,25.01050000000004
tt_01_to_00,x1.20,VGS,-1.815358655857132,1.8609414668084152,10.003499999999988,20.0257
tt_01_to_00,x1.20,VGD,-1.8185930096879739,0.06680584298525316,10.003499999999988,20.027500000000003
tt_01_to_00,x1.20,VDS,-0.021569620142232848,1.82077688879878,10.205499999999907,5.113500000000027
tt_01_to_00,x1.20,VBS,-0.02291692905662024,1.8209264645236958,10.205499999999907,5.116500000000028
tt_01_to_00,x1.21,VGS,0.05628455136161069,1.867381328477453,5e-05,24.988500000000016
tt_01_to_00,x1.21,VGD,-1.2882572158838146,0.06657245929867672,0.005699999999999999,20.026500000000002
tt_01_to_00,x1.21,VDS,0.15779700825717013,1.82888219423789,5e-05,25.021500000000053
tt_01_to_00,x1.21,VBS,0.034196867541388176,1.8283293479957408,5e-05,25.023500000000055
tt_01_to_00,x1.22,VGS,-1.8720876080570075,-0.03727534644372653,5.049500000000007,5e-05
tt_01_to_00,x1.22,VGD,-1.0516599040907628,0.6189427559918736,30.000000000000004,0.13649999999999982
tt_01_to_00,x1.22,VDS,-1.8547261279125968,-0.06289017414403353,24.987500000000015,5e-05
tt_01_to_00,x1.22,VBS,-1.8641137260506415,-0.04113662702392905,20.032500000000006,5e-05
tt_01_to_00,x1.23,VGS,-1.846809322498416,0.0938174743819073,25.286500000000295,9.137078184653356e-05
tt_01_to_00,x1.23,VGD,-1.802916147574388,-0.4672970275521623,25.285500000000294,5e-05
tt_01_to_00,x1.23,VDS,-0.04389323116396904,1.4794823943130315,25.286500000000295,0.001695028449916741
tt_01_to_00,x1.23,VBS,-0.04742681621895839,1.530892536328761,25.287500000000296,0.001695028449916741
tt_01_to_00,x1.24,VGS,-1.8557924109613122,1.812403127842488,25.292500000000302,5.0685000000000136
tt_01_to_00,x1.24,VGD,-0.0008253375857027381,1.8080440053921405,20.025100000000002,0.001695028449916741
tt_01_to_00,x1.24,VDS,-1.8556162422128488,0.04043915410805717,25.2915000000003,17.985500000000034
tt_01_to_00,x1.24,VBS,-1.8556051764340824,0.16564757127902818,25.2915000000003,5e-05
tt_01_to_00,x1.25,VGS,-1.81524648284455,1.860942316869673,10.002499999999989,20.026500000000002
tt_01_to_00,x1.25,VGD,-0.018973114537622474,1.8603601506350178,10.002499999999989,20.026500000000002
tt_01_to_00,x1.25,VDS,-1.820745811509721,0.024909371025936024,10.199499999999908,5.1215000000000295
tt_01_to_00,x1.25,VBS,-1.8204724363615854,0.027047521885459867,10.202499999999906,5.120500000000029
tt_01_to_00,x1.26,VGS,-0.7930134061227633,1.8261096023394228,20.017500000000044,10.021499999999978
tt_01_to_00,x1.26,VGD,-1.0571798067036962,1.8261369261072475,30.000000000000004,10.01749999999998
tt_01_to_00,x1.26,VDS,-0.7772273993157812,0.2641784914116787,25.015500000000046,30.000000000000004
tt_01_to_00,x1.26,VBS,-1.0814734156934738,0.03346607087485231,18.215500000000244,10.020499999999979
tt_01_to_00,x1.27,VGS,-1.8019489584908184,0.0647262139854694,18.179500000000203,0.000376561727442413
tt_01_to_00,x1.27,VGD,-1.800094330087498,0.003862827601647467,18.188500000000214,5.226500000000062
tt_01_to_00,x1.27,VDS,-0.06930335516172637,1.3253093841869594,5.226500000000062,0.001695028449916741
tt_01_to_00,x1.27,VBS,-0.06930317646974782,1.3476025177253637,5.226500000000062,0.002579204869241349
tt_01_to_00,x1.28,VGS,0.002502487561343858,1.848990197764397,0.05950000000000008,25.2905000000003
tt_01_to_00,x1.28,VGD,-1.516116749265832,0.05117894585684324,0.003579204869241349,25.287500000000296
tt_01_to_00,x1.28,VDS,0.5465138808811477,1.816348603463606,5e-05,18.475500000000537
tt_01_to_00,x1.28,VBS,0.14830889312391865,1.8163320173504223,5e-05,18.475500000000537
tt_01_to_00,x2.mp1,VGS,-1.8251445640532151,0.02273792804925079,20.1155000000001,25.2035000000002
tt_01_to_00,x2.mp1,VGD,-1.8239370432027262,1.8227111586739613,20.1165000000001,25.204500000000202
tt_01_to_00,x2.mp1,VDS,-1.8228115766122943,0.061211139390480174,25.372500000000393,20.21250000000021
tt_01_to_00,x2.mp1,VBS,0.0,0.0,5e-05,5e-05
tt_01_to_00,x2.mn1,VGS,-0.025144564053215104,1.8227379280492508,20.1155000000001,25.2035000000002
tt_01_to_00,x2.mn1,VGD,-1.8239370432027262,1.8227111586739613,20.1165000000001,25.204500000000202
tt_01_to_00,x2.mn1,VDS,-0.0228115766122943,1.8612111393904802,25.372500000000393,20.21250000000021
tt_01_to_00,x2.mn1,VBS,0.0,0.0,5e-05,5e-05
tt_01_to_00,x2.mp2,VGS,-1.8228115766122943,0.061211139390480174,25.372500000000393,20.21250000000021
tt_01_to_00,x2.mp2,VGD,-1.8221828945367222,1.86049799951835,25.372500000000393,20.21250000000021
tt_01_to_00,x2.mp2,VDS,-1.826559670036003,0.02780595209338843,20.268500000000277,25.444500000000474
tt_01_to_00,x2.mp2,VBS,0.0,0.0,5e-05,5e-05
tt_01_to_00,x2.mn2,VGS,-0.0228115766122943,1.8612111393904802,25.372500000000393,20.21250000000021
tt_01_to_00,x2.mn2,VGD,-1.8221828945367222,1.86049799951835,25.372500000000393,20.21250000000021
tt_01_to_00,x2.mn2,VDS,-0.02655967003600285,1.8278059520933885,20.268500000000277,25.444500000000474
tt_01_to_00,x2.mn2,VBS,0.0,0.0,5e-05,5e-05
tt_01_to_00,x3.mp1,VGS,-1.824499271035871,0.021688555678293975,5.119500000000029,10.203499999999906
tt_01_to_00,x3.mp1,VGD,-1.8231988182861965,1.8216625621645817,5.120500000000029,10.204499999999905
tt_01_to_00,x3.mp1,VDS,-1.8207068869194154,0.05556079484578924,10.379499999999815,5.223500000000061
tt_01_to_00,x3.mp1,VBS,0.0,0.0,5e-05,5e-05
tt_01_to_00,x3.mn1,VGS,-0.024499271035870948,1.821688555678294,5.119500000000029,10.203499999999906
tt_01_to_00,x3.mn1,VGD,-1.8231988182861965,1.8216625621645817,5.120500000000029,10.204499999999905
tt_01_to_00,x3.mn1,VDS,-0.02070688691941526,1.8555607948457893,10.379499999999815,5.223500000000061
tt_01_to_00,x3.mn1,VBS,0.0,0.0,5e-05,5e-05
tt_01_to_00,x3.mp2,VGS,-1.8207068869194154,0.05556079484578924,10.379499999999815,5.223500000000061
tt_01_to_00,x3.mp2,VGD,-1.8201535596945448,1.8549962692083586,10.379499999999815,5.223500000000061
tt_01_to_00,x3.mp2,VDS,-1.8247659240244978,0.027496308428783145,5.28550000000008,10.455499999999775
tt_01_to_00,x3.mp2,VBS,0.0,0.0,5e-05,5e-05
tt_01_to_00,x3.mn2,VGS,-0.02070688691941526,1.8555607948457893,10.379499999999815,5.223500000000061
tt_01_to_00,x3.mn2,VGD,-1.8201535596945448,1.8549962692083586,10.379499999999815,5.223500000000061
tt_01_to_00,x3.mn2,VDS,-0.024765924024497725,1.8274963084287832,5.28550000000008,10.455499999999775
tt_01_to_00,x3.mn2,VBS,0.0,0.0,5e-05,5e-05
tt_01_to_00,x4.mp1,VGS,-1.8332284753714203,-1.2797670239619763,25.025000000000002,0.05250000000000007
tt_01_to_00,x4.mp1,VGD,-1.8317707959652019,-0.5443528076334213,25.025000000000002,0.000376561727442413
tt_01_to_00,x4.mp1,VDS,-1.1039051410332004,0.002611836908176457,0.000376561727442413,4.994500000000006
tt_01_to_00,x4.mp1,VBS,0.0,0.0,5e-05,5e-05
tt_01_to_00,x4.mn1,VGS,-0.033228475371420194,0.5202329760380238,25.025000000000002,0.05250000000000007
tt_01_to_00,x4.mn1,VGD,-1.8317707959652019,-0.5443528076334213,25.025000000000002,0.000376561727442413
tt_01_to_00,x4.mn1,VDS,0.6960948589667997,1.8026118369081765,0.000376561727442413,4.994500000000006
tt_01_to_00,x4.mn1,VBS,0.0,0.0,5e-05,5e-05
tt_01_to_00,x4.mp2,VGS,-1.1039051410332004,0.002611836908176457,0.000376561727442413,4.994500000000006
tt_01_to_00,x4.mp2,VGD,0.6597215662769819,1.8025583991124008,0.000376561727442413,4.995500000000006
tt_01_to_00,x4.mp2,VDS,-1.800077187081348,-1.737047848609548,5.038500000000004,0.019499999999999997
tt_01_to_00,x4.mp2,VBS,0.0,0.0,5e-05,5e-05
tt_01_to_00,x4.mn2,VGS,0.6960948589667997,1.8026118369081765,0.000376561727442413,4.994500000000006
tt_01_to_00,x4.mn2,VGD,0.6597215662769819,1.8025583991124008,0.000376561727442413,4.995500000000006
tt_01_to_00,x4.mn2,VDS,-7.718708134789446e-05,0.06295215139045217,5.038500000000004,0.019499999999999997
tt_01_to_00,x4.mn2,VBS,0.0,0.0,5e-05,5e-05
tt_01_to_00,x5.mp1,VGS,-1.821228613832483,-1.2467849007149476,10.420499999999794,0.05350000000000007
tt_01_to_00,x5.mp1,VGD,-1.820800163504501,-0.5549181624099078,10.421499999999794,0.0006069469934110295
tt_01_to_00,x5.mp1,VDS,-1.105210725422744,0.0010850164108824334,0.000376561727442413,10.473499999999767
tt_01_to_00,x5.mp1,VBS,0.0,0.0,5e-05,5e-05
tt_01_to_00,x5.mn1,VGS,-0.02122861383248292,0.5532150992850524,10.420499999999794,0.05350000000000007
tt_01_to_00,x5.mn1,VGD,-1.820800163504501,-0.5549181624099078,10.421499999999794,0.0006069469934110295
tt_01_to_00,x5.mn1,VDS,0.6947892745772561,1.8010850164108825,0.000376561727442413,10.473499999999767
tt_01_to_00,x5.mn1,VBS,0.0,0.0,5e-05,5e-05
tt_01_to_00,x5.mp2,VGS,-1.105210725422744,0.0010850164108824334,0.000376561727442413,10.473499999999767
tt_01_to_00,x5.mp2,VGD,0.6584467602595517,1.801066876087929,0.000376561727442413,10.473499999999767
tt_01_to_00,x5.mp2,VDS,-1.8000187058545178,-1.7371158670561746,5.035500000000003,0.019499999999999997
tt_01_to_00,x5.mp2,VBS,0.0,0.0,5e-05,5e-05
tt_01_to_00,x5.mn2,VGS,0.6947892745772561,1.8010850164108825,0.000376561727442413,10.473499999999767
tt_01_to_00,x5.mn2,VGD,0.6584467602595517,1.801066876087929,0.000376561727442413,10.473499999999767
tt_01_to_00,x5.mn2,VDS,-1.87058545178391e-05,0.06288413294382544,5.035500000000003,0.019499999999999997
tt_01_to_00,x5.mn2,VBS,0.0,0.0,5e-05,5e-05
tt_00_to_10,x1.0,VGS,-1.8176577420653075,1.8489860700085432,25.227500000000227,10.290499999999861
tt_00_to_10,x1.0,VGD,-0.009869652887606318,1.8495945274625352,20.066500000000048,10.284499999999865
tt_00_to_10,x1.0,VDS,-1.8203976724352762,0.018405709194826057,25.207500000000206,18.064500000000073
tt_00_to_10,x1.0,VBS,-1.8203134713592635,0.01997067113346683,25.208500000000207,18.06250000000007
tt_00_to_10,x1.1,VGS,-1.81392567675256,1.858195218002112,10.002499999999989,21.885500000002107
tt_00_to_10,x1.1,VGD,-0.017988784811302665,1.8581953101823119,10.002499999999989,21.849500000002067
tt_00_to_10,x1.1,VDS,-1.822001247167382,0.024340198243347426,10.200499999999908,5.1215000000000295
tt_00_to_10,x1.1,VBS,-1.8217475322893326,0.0265479644132533,10.202499999999906,5.120500000000029
tt_00_to_10,x1.2,VGS,-1.8526442530213292,0.15788680219648,25.292500000000302,9.340000003773001e-05
tt_00_to_10,x1.2,VGD,-1.8037561308888168,-0.6227681623293533,25.295500000000303,5e-05
tt_00_to_10,x1.2,VDS,-0.048889081341298546,1.5557715413562674,25.2915000000003,0.0011733900625493514
tt_00_to_10,x1.2,VBS,-0.05282401959788596,1.6161756821529667,25.292500000000302,0.001914082908899124
tt_00_to_10,x1.3,VGS,-1.8032798279904845,1.7999983723433086,17.976500000000026,9.975000000000001
tt_00_to_10,x1.3,VGD,-1.8003417519819167,0.002056200880515391,17.977500000000028,20.234500000000235
tt_00_to_10,x1.3,VDS,-0.062064312024103785,1.8113780843170846,20.0257,9.994499999999992
tt_00_to_10,x1.3,VBS,-0.06168643992844647,1.8151805097151728,20.028500000000005,9.997499999999992
tt_00_to_10,x1.4,VGS,0.009513416252961225,1.8241591903015415,5e-05,10.01949999999998
tt_00_to_10,x1.4,VGD,0.016536066384268626,1.8245308669443625,5e-05,10.015499999999982
tt_00_to_10,x1.4,VDS,-0.36772047081480697,0.02976407743109899,20.033500000000007,4.999500000000007
tt_00_to_10,x1.4,VBS,-1.2087482015137105,0.03318424317871211,18.436500000000493,10.020499999999979
tt_00_to_10,x1.5,VGS,0.022820784011603243,1.865118389195498,5e-05,9.987499999999995
tt_00_to_10,x1.5,VGD,0.023037165822309247,1.8587797908157428,5e-05,6.065500000000319
tt_00_to_10,x1.5,VDS,-0.48984002606543386,0.024001112933001688,0.04950000000000006,25.427500000000453
tt_00_to_10,x1.5,VBS,-0.49237127795765734,0.0272857560621784,0.05050000000000006,25.427500000000453
tt_00_to_10,x1.6,VGS,-1.802391045517497,0.08012554402144478,17.976500000000026,0.00040700000031035984
tt_00_to_10,x1.6,VGD,-1.8002790530321917,0.003300135071228727,17.976500000000026,20.235500000000236
tt_00_to_10,x1.6,VDS,-0.07300057628963019,1.344774659988253,20.303500000000316,0.001914082908899124
tt_00_to_10,x1.6,VBS,-0.07515618326597728,1.3557855284554932,24.977500000000003,0.002914082908899124
tt_00_to_10,x1.7,VGS,-0.10754700096229108,1.8542375856213298,0.0825,25.298500000000306
tt_00_to_10,x1.7,VGD,-1.5897694385236625,0.0569724552392461,0.003914082908899124,25.2915000000003
tt_00_to_10,x1.7,VDS,0.7141080496757042,1.814440888170076,5e-05,20.042500000000018
tt_00_to_10,x1.7,VBS,0.1918284521429358,1.8140701245146464,5e-05,20.04350000000002
tt_00_to_10,x1.8,VGS,-1.818941103723944,0.051476517258466026,18.23250000000026,0.00040700000031035984
tt_00_to_10,x1.8,VGD,-1.8004498611677133,0.005793368565528478,18.236500000000266,20.236500000000238
tt_00_to_10,x1.8,VDS,-0.06682632821046819,1.312147172514402,5.0265,0.001914082908899124
tt_00_to_10,x1.8,VBS,-0.06638678162846667,1.3349129767058339,5.028500000000001,0.002914082908899124
tt_00_to_10,x1.9,VGS,-1.8720395566217263,0.05030078074492761,22.26650000000254,10.290499999999861
tt_00_to_10,x1.9,VGD,-1.0797161831119573,0.8171711113582893,19.974999999999998,0.3304999999999992
tt_00_to_10,x1.9,VDS,-1.248606469983371,-0.06865058550490473,0.19049999999999961,5e-05
tt_00_to_10,x1.9,VBS,-1.872039961654711,-0.040486500860167474,22.14950000000241,5e-05
tt_00_to_10,x1.10,VGS,-1.8639213741524512,1.8122687125039978,20.05150000000003,10.00149999999999
tt_00_to_10,x1.10,VGD,-1.0748355074061893,1.815944336533239,19.974999999999998,10.007499999999986
tt_00_to_10,x1.10,VDS,-1.8609317827299485,0.000266790983317739,24.989500000000017,9.976500000000001
tt_00_to_10,x1.10,VBS,-1.8613386962421286,0.018418709241300228,20.037500000000012,10.002499999999989
tt_00_to_10,x1.11,VGS,-1.8120742098190274,1.861352889049585,25.001500000000032,20.033500000000007
tt_00_to_10,x1.11,VGD,-0.01906998731396312,1.8611337697317658,25.002500000000033,5.0265
tt_00_to_10,x1.11,VDS,-1.8194660674725183,0.024687139069378496,25.199500000000196,20.12350000000011
tt_00_to_10,x1.11,VBS,-1.8192430407917437,0.026828802501762374,25.2015000000002,20.12350000000011
tt_00_to_10,x1.12,VGS,-1.8140683509537339,1.8581951886650685,10.003499999999988,21.889500000002112
tt_00_to_10,x1.12,VGD,-1.81752355119716,0.061870087140742935,10.003499999999988,20.026500000000002
tt_00_to_10,x1.12,VDS,-0.021946061922894167,1.8222454967129333,10.205499999999907,5.114500000000027
tt_00_to_10,x1.12,VBS,-0.023320500690358514,1.8222430417886923,10.205499999999907,5.117500000000028
tt_00_to_10,x1.13,VGS,-1.8123952245852732,1.8616218739907258,25.002500000000033,20.03450000000001
tt_00_to_10,x1.13,VGD,-1.8183120023591772,0.06850956140022713,25.002500000000033,5.0265
tt_00_to_10,x1.13,VDS,-0.02136458719456824,1.8198327859747203,25.206500000000204,20.1145000000001
tt_00_to_10,x1.13,VBS,-0.022696591133528843,1.820016223020857,25.205500000000203,20.118500000000104
tt_00_to_10,x1.14,VGS,-1.850262959040396,1.8081834039967897,10.286499999999863,25.025000000000002
tt_00_to_10,x1.14,VGD,-0.006101303989364941,1.8012903903403878,0.001914082908899124,25.02050000000005
tt_00_to_10,x1.14,VDS,-1.849815294207327,0.007438931989967597,10.283499999999865,20.066500000000048
tt_00_to_10,x1.14,VBS,-1.849805951469266,0.008312020064865248,10.283499999999865,20.06750000000005
tt_00_to_10,x1.15,VGS,-0.0941055296870017,1.8544527077295447,0.08749999999999998,25.298500000000306
tt_00_to_10,x1.15,VGD,0.007460800755497777,1.856020557070674,5e-05,25.2915000000003
tt_00_to_10,x1.15,VDS,-0.8142649277638431,0.012204921199319908,0.15649999999999975,20.042500000000018
tt_00_to_10,x1.15,VBS,-0.8159287485456883,0.013904251728874748,0.15749999999999975,20.042500000000018
tt_00_to_10,x1.16,VGS,-1.2476770532588752,0.5601323414336319,17.97850000000003,0.1404999999999998
tt_00_to_10,x1.16,VGD,-1.1089119118867825,0.6703917518701773,19.999500000000022,0.15249999999999975
tt_00_to_10,x1.16,VDS,-1.2115356654233949,0.02878287730949247,10.015499999999982,19.999500000000022
tt_00_to_10,x1.16,VBS,-1.249698346400628,0.0006178679362943695,17.977500000000028,9.340000003773001e-05
tt_00_to_10,x1.17,VGS,-1.8681117499798343,0.03845761356930799,5.049500000000007,25.0265
tt_00_to_10,x1.17,VGD,-0.09845126356670837,0.8536160818731025,18.06250000000007,18.33650000000038
tt_00_to_10,x1.17,VDS,-1.8215051089366971,-0.07543357702905149,6.874500000000567,5e-05
tt_00_to_10,x1.17,VBS,-1.8603734660818316,-0.04649476708712286,5.0253,5e-05
tt_00_to_10,x1.18,VGS,-1.0842099924637671,1.7999988080921956,19.974999999999998,9.975000000000001
tt_00_to_10,x1.18,VGD,-0.012167850119834064,1.7999998175760166,0.09749999999999995,9.975000000000001
tt_00_to_10,x1.18,VDS,-1.1072434391343322,0.03508072753024652,19.99650000000002,25.015500000000046
tt_00_to_10,x1.18,VBS,-1.1078216226793058,0.03347995247783704,19.99750000000002,25.012500000000042
tt_00_to_10,x1.19,VGS,-4.531273241604322e-05,1.8248264529998017,5e-05,25.02050000000005
tt_00_to_10,x1.19,VGD,0.009394610426124807,1.8251225088082397,5e-05,25.016500000000047
tt_00_to_10,x1.19,VDS,-0.31523636380303377,0.08815240555949411,5.032500000000002,18.1755000000002
tt_00_to_10,x1.19,VBS,-1.133626995237079,0.03520258818000767,17.97950000000003,25.02050000000005
tt_00_to_10,x1.20,VGS,0.07780071880546538,1.8720398702747212,5e-05,22.15750000000242
tt_00_to_10,x1.20,VGD,-1.3071942659500395,0.0735995844181101,0.0053,20.296500000000307
tt_00_to_10,x1.20,VDS,0.24738545980139767,1.8169200042431177,5e-05,25.429500000000456
tt_00_to_10,x1.20,VBS,0.05471970004147189,1.8168874435424742,5e-05,25.429500000000456
tt_00_to_10,x1.21,VGS,0.058892520359655406,1.8672592594438344,5e-05,9.988499999999995
tt_00_to_10,x1.21,VGD,-1.2912945034102312,0.06655481199210089,0.005699999999999999,5.0265
tt_00_to_10,x1.21,VDS,0.16138322899172597,1.8289026254922756,5e-05,10.022499999999978
tt_00_to_10,x1.21,VBS,0.037357120042363884,1.8283507350366948,5e-05,10.023499999999977
tt_00_to_10,x1.22,VGS,-1.870975450908014,1.8142802260611457,5.0415000000000045,25.001500000000032
tt_00_to_10,x1.22,VGD,-1.08441266473386,1.8176118550942433,18.056500000000064,25.008500000000037
tt_00_to_10,x1.22,VDS,-1.8539738614604087,0.00043231126019687,9.987499999999995,24.977500000000003
tt_00_to_10,x1.22,VBS,-1.8650300655997154,0.019126395951984333,20.038500000000013,25.00350000000003
tt_00_to_10,x1.23,VGS,-1.8467275917602184,1.8090891522375965,10.287499999999863,25.025000000000002
tt_00_to_10,x1.23,VGD,-1.8029100401324054,0.0012261756282587744,10.285499999999864,25.025000000000002
tt_00_to_10,x1.23,VDS,-0.04595451161054598,1.807914564404971,17.97850000000003,20.06750000000005
tt_00_to_10,x1.23,VBS,-0.05181207201475102,1.807907103138097,17.977500000000028,20.06750000000005
tt_00_to_10,x1.24,VGS,-1.8565995638998543,-0.012334922390498233,25.2915000000003,5e-05
tt_00_to_10,x1.24,VGD,-0.002147943151805336,0.005587523605731866,0.001914082908899124,0.00022780000015457135
tt_00_to_10,x1.24,VDS,-1.8564117943267084,-0.014410539220748494,25.2905000000003,5e-05
tt_00_to_10,x1.24,VBS,-1.8564006265072597,-0.010855743209781006,25.2905000000003,5e-05
tt_00_to_10,x1.25,VGS,0.0005986430692000999,1.8720398896557358,0.00022780000015457135,22.156500000002417
tt_00_to_10,x1.25,VGD,0.027542438321836817,1.8720399399428729,5e-05,22.152500000002412
tt_00_to_10,x1.25,VDS,-0.6163407191452162,0.017224915161310462,0.05050000000000006,25.426500000000452
tt_00_to_10,x1.25,VBS,-0.6189645982079546,0.01957118953955884,0.05150000000000006,25.426500000000452
tt_00_to_10,x1.26,VGS,-1.2318410189730145,0.6010145830515924,30.000000000000004,0.1664999999999997
tt_00_to_10,x1.26,VGD,-1.108942653981553,0.6700621155988162,19.999500000000022,0.15249999999999975
tt_00_to_10,x1.26,VDS,-1.207648159406673,0.9971454304628311,25.015500000000046,4.999500000000007
tt_00_to_10,x1.26,VBS,-1.2318494368526505,0.0027421944017860522,30.000000000000004,5e-05
tt_00_to_10,x1.27,VGS,-1.8224655201970528,1.799998266591375,18.278500000000314,24.975000000000005
tt_00_to_10,x1.27,VGD,-1.800762585356267,0.004920590362826438,18.313500000000353,20.23750000000024
tt_00_to_10,x1.27,VDS,-0.0686817643989801,1.8122564090015918,20.026500000000002,24.994500000000023
tt_00_to_10,x1.27,VBS,-0.06831509876635833,1.8160975739304845,20.028500000000005,24.997500000000027
tt_00_to_10,x1.28,VGS,-1.8162690266712769,1.84890486973384,25.22950000000023,10.290499999999861
tt_00_to_10,x1.28,VGD,-1.8071148566670794,0.05109115362688743,25.0265,10.287499999999863
tt_00_to_10,x1.28,VDS,-0.01867649581975983,1.817309622760664,25.208500000000207,18.051500000000058
tt_00_to_10,x1.28,VBS,-0.02004983982693087,1.8177852198121462,25.208500000000207,18.056500000000064
tt_00_to_10,x2.mp1,VGS,-1.8251481906695783,0.022742555495606664,5.119500000000029,10.203499999999906
tt_00_to_10,x2.mp1,VGD,-1.8239474224565155,1.8227158024710217,5.120500000000029,10.204499999999905
tt_00_to_10,x2.mp1,VDS,-1.8228122706435235,0.06118777434689582,10.37249999999982,5.215500000000058
tt_00_to_10,x2.mp1,VBS,0.0,0.0,5e-05,5e-05
tt_00_to_10,x2.mn1,VGS,-0.02514819066957833,1.8227425554956067,5.119500000000029,10.203499999999906
tt_00_to_10,x2.mn1,VGD,-1.8239474224565155,1.8227158024710217,5.120500000000029,10.204499999999905
tt_00_to_10,x2.mn1,VDS,-0.022812270643523327,1.8611877743468959,10.37249999999982,5.215500000000058
tt_00_to_10,x2.mn1,VBS,0.0,0.0,5e-05,5e-05
tt_00_to_10,x2.mp2,VGS,-1.8228122706435235,0.06118777434689582,10.37249999999982,5.215500000000058
tt_00_to_10,x2.mp2,VGD,-1.8221835564434226,1.8604772879194558,10.37249999999982,5.2165000000000585
tt_00_to_10,x2.mp2,VDS,-1.8265564757372899,0.027806066940639695,5.2725000000000755,10.444499999999781
tt_00_to_10,x2.mp2,VBS,0.0,0.0,5e-05,5e-05
tt_00_to_10,x2.mn2,VGS,-0.022812270643523327,1.8611877743468959,10.37249999999982,5.215500000000058
tt_00_to_10,x2.mn2,VGD,-1.8221835564434226,1.8604772879194558,10.37249999999982,5.2165000000000585
tt_00_to_10,x2.mn2,VDS,-0.0265564757372899,1.8278060669406397,5.2725000000000755,10.444499999999781
tt_00_to_10,x2.mn2,VBS,0.0,0.0,5e-05,5e-05
tt_00_to_10,x3.mp1,VGS,-1.818866809219583,-1.1719570936203305,25.428500000000454,0.05250000000000007
tt_00_to_10,x3.mp1,VGD,-1.8185493315910173,-0.5352009588700379,25.429500000000456,0.0006732663012404113
tt_00_to_10,x3.mp1,VDS,-1.103017689352291,0.0009471572124477579,0.00040700000031035984,10.455499999999775
tt_00_to_10,x3.mp1,VBS,0.0,0.0,5e-05,5e-05
tt_00_to_10,x3.mn1,VGS,-0.018866809219582892,0.6280429063796695,25.428500000000454,0.05250000000000007
tt_00_to_10,x3.mn1,VGD,-1.8185493315910173,-0.5352009588700379,25.429500000000456,0.0006732663012404113
tt_00_to_10,x3.mn1,VDS,0.6969823106477091,1.8009471572124478,0.00040700000031035984,10.455499999999775
tt_00_to_10,x3.mn1,VBS,0.0,0.0,5e-05,5e-05
tt_00_to_10,x3.mp2,VGS,-1.103017689352291,0.0009471572124477579,0.00040700000031035984,10.455499999999775
tt_00_to_10,x3.mp2,VGD,0.6594842310956253,1.8009288135622916,0.00040700000031035984,10.456499999999775
tt_00_to_10,x3.mp2,VDS,-1.800017275737563,-1.737171676845572,5.2755000000000765,0.019499999999999997
tt_00_to_10,x3.mp2,VBS,0.0,0.0,5e-05,5e-05
tt_00_to_10,x3.mn2,VGS,0.6969823106477091,1.8009471572124478,0.00040700000031035984,10.455499999999775
tt_00_to_10,x3.mn2,VGD,0.6594842310956253,1.8009288135622916,0.00040700000031035984,10.456499999999775
tt_00_to_10,x3.mn2,VDS,-1.727573756297937e-05,0.06282832315442805,5.2755000000000765,0.019499999999999997
tt_00_to_10,x3.mn2,VBS,0.0,0.0,5e-05,5e-05
tt_00_to_10,x4.mp1,VGS,-1.8332357989777788,-1.2970171817322034,10.024999999999999,0.05250000000000007
tt_00_to_10,x4.mp1,VGD,-1.8317775398799991,-0.5657636917082245,10.024999999999999,0.00040700000031035984
tt_00_to_10,x4.mp1,VDS,-1.1049332911801524,0.0026119358035818774,0.00040700000031035984,4.994500000000006
tt_00_to_10,x4.mp1,VBS,0.0,0.0,5e-05,5e-05
tt_00_to_10,x4.mn1,VGS,-0.03323579897777873,0.5029828182677968,10.024999999999999,0.05250000000000007
tt_00_to_10,x4.mn1,VGD,-1.8317775398799991,-0.5657636917082245,10.024999999999999,0.00040700000031035984
tt_00_to_10,x4.mn1,VDS,0.6950667088198478,1.802611935803582,0.00040700000031035984,4.994500000000006
tt_00_to_10,x4.mn1,VBS,0.0,0.0,5e-05,5e-05
tt_00_to_10,x4.mp2,VGS,-1.1049332911801524,0.0026119358035818774,0.00040700000031035984,4.994500000000006
tt_00_to_10,x4.mp2,VGD,0.6576098054840767,1.8025585220506972,0.00040700000031035984,4.995500000000006
tt_00_to_10,x4.mp2,VDS,-1.8000764309872268,-1.7370877950148849,5.038500000000004,0.019499999999999997
tt_00_to_10,x4.mp2,VBS,0.0,0.0,5e-05,5e-05
tt_00_to_10,x4.mn2,VGS,0.6950667088198478,1.802611935803582,0.00040700000031035984,4.994500000000006
tt_00_to_10,x4.mn2,VGD,0.6576098054840767,1.8025585220506972,0.00040700000031035984,4.995500000000006
tt_00_to_10,x4.mn2,VDS,-7.643098722670289e-05,0.06291220498511525,5.038500000000004,0.019499999999999997
tt_00_to_10,x4.mn2,VBS,0.0,0.0,5e-05,5e-05
tt_00_to_10,x5.mp1,VGS,-1.8241250261271262,0.02058428941819268,20.121500000000108,25.204500000000202
tt_00_to_10,x5.mp1,VGD,-1.8228216078586952,1.8205577988155535,20.12250000000011,25.205500000000203
tt_00_to_10,x5.mp1,VDS,-1.8190236679145182,0.05079112118754314,25.385500000000405,20.234500000000235
tt_00_to_10,x5.mp1,VBS,0.0,0.0,5e-05,5e-05
tt_00_to_10,x5.mn1,VGS,-0.024125026127126137,1.8205842894181927,20.121500000000108,25.204500000000202
tt_00_to_10,x5.mn1,VGD,-1.8228216078586952,1.8205577988155535,20.12250000000011,25.205500000000203
tt_00_to_10,x5.mn1,VDS,-0.01902366791451813,1.8507911211875432,25.385500000000405,20.234500000000235
tt_00_to_10,x5.mn1,VBS,0.0,0.0,5e-05,5e-05
tt_00_to_10,x5.mp2,VGS,-1.8190236679145182,0.05079112118754314,25.385500000000405,20.234500000000235
tt_00_to_10,x5.mp2,VGD,-1.8185283397497174,1.8503345420552713,25.385500000000405,20.235500000000236
tt_00_to_10,x5.mp2,VDS,-1.8232743430588905,0.027177878763195773,20.303500000000316,25.466500000000497
tt_00_to_10,x5.mp2,VBS,0.0,0.0,5e-05,5e-05
tt_00_to_10,x5.mn2,VGS,-0.01902366791451813,1.8507911211875432,25.385500000000405,20.234500000000235
tt_00_to_10,x5.mn2,VGD,-1.8185283397497174,1.8503345420552713,25.385500000000405,20.235500000000236
tt_00_to_10,x5.mn2,VDS,-0.023274343058890323,1.8271778787631958,20.303500000000316,25.466500000000497
tt_00_to_10,x5.mn2,VBS,0.0,0.0,5e-05,5e-05
tt_10_to_00,x1.0,VGS,-1.8446770028772326,1.8491334918433935,17.986500000000035,25.2895000000003
tt_10_to_00,x1.0,VGD,-0.049272204169088604,1.8497475982599751,17.986500000000035,25.28350000000029
tt_10_to_00,x1.0,VDS,-1.8261898962120837,0.006208863115087914,18.15950000000018,20.054500000000033
tt_10_to_00,x1.0,VBS,-1.8260968489192533,0.011084752283204713,18.16150000000018,5.980000000851968e-05
tt_10_to_00,x1.1,VGS,-1.8139236096136633,1.858505420000701,25.002500000000033,6.881500000000569
tt_10_to_00,x1.1,VGD,-0.017986919544383466,1.8585055116040003,25.002500000000033,6.845500000000558
tt_10_to_00,x1.1,VDS,-1.821992246673346,0.024353234248951867,25.200500000000197,20.12450000000011
tt_10_to_00,x1.1,VBS,-1.8217383404894085,0.026574141711088184,25.2025000000002,20.12350000000011
tt_10_to_00,x1.2,VGS,-1.8526448336059118,0.1530273182714939,10.29249999999986,9.340000003773001e-05
tt_10_to_00,x1.2,VGD,-1.8037562167769616,-0.6229268248802358,10.295499999999858,5e-05
tt_10_to_00,x1.2,VDS,-0.04888955500121006,1.5370629545640369,10.29149999999986,0.0011253602115326269
tt_10_to_00,x1.2,VBS,-0.05282454258196956,1.600252427581446,10.29249999999986,0.001813157549698868
tt_10_to_00,x1.3,VGS,-1.8223802429365645,1.7999982190799808,18.181500000000206,24.975000000000005
tt_10_to_00,x1.3,VGD,-1.8014140549577389,0.002055847214129658,18.180500000000205,5.2315000000000635
tt_10_to_00,x1.3,VDS,-0.06224814587098271,1.8113759383122423,20.0257,24.994500000000023
tt_10_to_00,x1.3,VBS,-0.061943702221742836,1.8151768707175457,20.028500000000005,24.997500000000027
tt_10_to_00,x1.4,VGS,0.01232119987832793,1.8241728142057023,5e-05,25.02050000000005
tt_10_to_00,x1.4,VGD,0.01993814191875024,1.8245403682333976,5e-05,25.015500000000046
tt_10_to_00,x1.4,VDS,-0.5373912772231086,0.10574990112352145,0.2354999999999995,18.46850000000053
tt_10_to_00,x1.4,VBS,-1.134448896484476,0.03317657771407494,18.1755000000002,25.02050000000005
tt_10_to_00,x1.5,VGS,0.008648461004054808,1.8649727898380495,0.00037129785434456393,24.987500000000015
tt_10_to_00,x1.5,VGD,0.022714109082264983,1.858632712516115,5e-05,21.076500000001193
tt_10_to_00,x1.5,VDS,-0.511020262797839,0.02400100913830169,0.04950000000000006,10.42749999999979
tt_10_to_00,x1.5,VBS,-0.5135285347196408,0.027285705016982343,0.05050000000000006,10.42749999999979
tt_10_to_00,x1.6,VGS,-1.8126331898258243,0.0711335910768851,18.180500000000205,0.00037129785434456393
tt_10_to_00,x1.6,VGD,-1.8006867806506934,0.003299786587469322,18.179500000000203,5.232500000000064
tt_10_to_00,x1.6,VDS,-0.07327396407542697,1.338337398861292,5.300500000000085,0.001813157549698868
tt_10_to_00,x1.6,VBS,-0.07541229137929539,1.3506154004780617,9.977500000000001,0.0027799253941787733
tt_10_to_00,x1.7,VGS,-0.13954822892381769,1.8542428770466324,0.09549999999999996,10.298499999999857
tt_10_to_00,x1.7,VGD,-1.5753963724248012,0.056972950621382745,0.0037799253941787733,10.29249999999986
tt_10_to_00,x1.7,VDS,0.7128773294358016,1.8212314875485542,5e-05,18.40650000000046
tt_10_to_00,x1.7,VBS,0.19047672965760296,1.8211038258806311,5e-05,18.40650000000046
tt_10_to_00,x1.8,VGS,-1.8005394967987578,0.04328114857562798,18.04550000000005,0.00037129785434456393
tt_10_to_00,x1.8,VGD,-1.7999980279884713,0.005793296627336186,30.000000000000004,5.233500000000064
tt_10_to_00,x1.8,VDS,-0.06679989275120168,1.3050470988909544,20.026500000000002,0.001813157549698868
tt_10_to_00,x1.8,VBS,-0.06635535072737331,1.32988481001117,20.028500000000005,0.0027799253941787733
tt_10_to_00,x1.9,VGS,-1.8722968508287667,0.05076622536629749,7.2615000000006855,25.287500000000296
tt_10_to_00,x1.9,VGD,-0.1353839601468952,0.7951340226924452,17.986500000000035,18.548500000000622
tt_10_to_00,x1.9,VDS,-1.82903971543464,-0.0686539178426199,7.212500000000671,5e-05
tt_10_to_00,x1.9,VBS,-1.8722972794832902,-0.03578597639324371,7.140500000000649,5e-05
tt_10_to_00,x1.10,VGS,-1.8635598569935323,1.8122847776767632,5.0505000000000075,25.001500000000032
tt_10_to_00,x1.10,VGD,-1.1148818349135248,1.8159746019646612,17.986500000000035,25.007500000000036
tt_10_to_00,x1.10,VDS,-1.8612394626915119,0.00026666116600660415,9.989499999999994,24.9765
tt_10_to_00,x1.10,VBS,-1.8632319113058446,0.018415912308145904,20.038500000000013,25.002500000000033
tt_10_to_00,x1.11,VGS,-1.8120828865410858,1.8611979539921095,10.00149999999999,20.030500000000004
tt_10_to_00,x1.11,VGD,-0.019065412965884394,1.8611361653135992,10.002499999999989,20.026500000000002
tt_10_to_00,x1.11,VDS,-1.8194828831771124,0.024657716204488634,10.199499999999908,5.1215000000000295
tt_10_to_00,x1.11,VBS,-1.81925987434337,0.026794161306821107,10.201499999999907,5.120500000000029
tt_10_to_00,x1.12,VGS,-1.8140667844208107,1.8585053908237104,25.00350000000003,6.886500000000571
tt_10_to_00,x1.12,VGD,-1.817509058374318,0.0620591771899095,25.00350000000003,20.026500000000002
tt_10_to_00,x1.12,VDS,-0.021940283021190554,1.8222846088569224,25.205500000000203,20.117500000000103
tt_10_to_00,x1.12,VBS,-0.023314460950913052,1.822273682133361,25.205500000000203,20.120500000000106
tt_10_to_00,x1.13,VGS,-1.8124018655556562,1.861399846313949,10.002499999999989,20.031500000000005
tt_10_to_00,x1.13,VGD,-1.8183287365469523,0.06855793383124187,10.002499999999989,20.026500000000002
tt_10_to_00,x1.13,VDS,-0.02137554572173994,1.8197778935620237,10.206499999999906,5.1125000000000265
tt_10_to_00,x1.13,VBS,-0.022707986687076298,1.8199673270503471,10.205499999999907,5.1155000000000275
tt_10_to_00,x1.14,VGS,-1.8504136584303592,1.8081884669694595,25.286500000000295,10.024999999999999
tt_10_to_00,x1.14,VGD,-0.002221164449230902,1.803603395552127,20.025100000000002,0.001813157549698868
tt_10_to_00,x1.14,VDS,-1.8499681378947626,0.04944056315413266,25.28350000000029,17.985500000000034
tt_10_to_00,x1.14,VBS,-1.8499588520345618,0.11394875561390158,25.28350000000029,5.42000000036513e-05
tt_10_to_00,x1.15,VGS,-0.12813938027416905,1.8544574956980673,0.09949999999999994,10.298499999999857
tt_10_to_00,x1.15,VGD,0.008982937034444596,1.856021675944018,5e-05,10.29149999999986
tt_10_to_00,x1.15,VDS,-0.8955419997844678,0.017560917217567144,0.16449999999999973,18.40550000000046
tt_10_to_00,x1.15,VBS,-0.8985219419864726,0.019878026295850032,0.1654999999999997,18.40550000000046
tt_10_to_00,x1.16,VGS,-1.2366520092540394,0.7239855875283971,30.000000000000004,0.1664999999999997
tt_10_to_00,x1.16,VGD,-1.101448885323203,0.7297278221513519,19.999500000000022,0.15849999999999972
tt_10_to_00,x1.16,VDS,-1.2057892736815863,0.9898733807097795,25.015500000000046,17.985500000000034
tt_10_to_00,x1.16,VBS,-1.2366603307436996,0.0013093916682556453,30.000000000000004,9.340000003773001e-05
tt_10_to_00,x1.17,VGS,-1.8681555496987619,0.027703563493164385,20.05150000000003,10.027499999999998
tt_10_to_00,x1.17,VGD,-1.0804503749727075,0.8786508645382249,19.974999999999998,0.18149999999999966
tt_10_to_00,x1.17,VDS,-1.034431397155831,-0.07579539305869776,0.11649999999999988,5e-05
tt_10_to_00,x1.17,VBS,-1.860259820455021,-0.04550811191994873,5.0253,5e-05
tt_10_to_00,x1.18,VGS,-1.0853450401435563,1.7999988709381143,18.237500000000267,9.975000000000001
tt_10_to_00,x1.18,VGD,-0.012389093047811743,1.7999998172263076,0.09749999999999995,9.975000000000001
tt_10_to_00,x1.18,VDS,-1.0996121280167663,0.035078943014295524,19.99650000000002,10.015499999999982
tt_10_to_00,x1.18,VBS,-1.10018802526961,0.03347780995981875,19.99750000000002,10.012499999999983
tt_10_to_00,x1.19,VGS,0.00012240236961253564,1.8248276160458983,5e-05,10.020499999999979
tt_10_to_00,x1.19,VGD,0.011744530442113963,1.8251240473331025,5e-05,10.016499999999981
tt_10_to_00,x1.19,VDS,-0.382836842940421,0.030247992637580712,20.032500000000006,4.999500000000007
tt_10_to_00,x1.19,VBS,-1.2150911226404437,0.03520518380665659,18.82950000000094,10.020499999999979
tt_10_to_00,x1.20,VGS,0.0771683873377973,1.8722971914013933,5e-05,7.148500000000651
tt_10_to_00,x1.20,VGD,-1.3026947706880365,0.07387328115026737,0.005699999999999999,5.294500000000083
tt_10_to_00,x1.20,VDS,0.2461606302600702,1.8169197880212127,5e-05,10.42949999999979
tt_10_to_00,x1.20,VBS,0.05337076231857052,1.816887217974337,5e-05,10.42949999999979
tt_10_to_00,x1.21,VGS,0.05559039868822316,1.8671136639071584,5e-05,24.988500000000016
tt_10_to_00,x1.21,VGD,-1.288511039722943,0.06652991631092808,0.005699999999999999,20.026500000000002
tt_10_to_00,x1.21,VDS,0.157021179842318,1.828857838657657,5e-05,25.021500000000053
tt_10_to_00,x1.21,VBS,0.033355296571207366,1.8283053739747572,5e-05,25.023500000000055
tt_10_to_00,x1.22,VGS,-1.8710079639620771,1.8142680682194094,20.042500000000018,10.00149999999999
tt_10_to_00,x1.22,VGD,-1.0635706493475903,1.8175854057555805,19.974999999999998,10.008499999999986
tt_10_to_00,x1.22,VDS,-1.8536864945598073,0.00043233484994868515,24.987500000000015,9.977500000000001
tt_10_to_00,x1.22,VBS,-1.8636891385372767,0.019122915941626507,20.03650000000001,10.003499999999988
tt_10_to_00,x1.23,VGS,-1.8468677970612706,1.8090944920707412,25.286500000000295,10.024999999999999
tt_10_to_00,x1.23,VGD,-1.8029204864321198,0.3288653751282742,25.284500000000293,0.00023192325550426885
tt_10_to_00,x1.23,VDS,-0.04394738855344049,1.8298788745383998,25.286500000000295,17.97250000000002
tt_10_to_00,x1.23,VBS,-0.047485173520990465,1.837873005860092,25.286500000000295,17.977500000000028
tt_10_to_00,x1.24,VGS,-1.856600165725985,-0.01395640328205048,10.29149999999986,5e-05
tt_10_to_00,x1.24,VGD,-0.002472293553904786,0.0044030855174976395,0.001813157549698868,0.00016223595608412135
tt_10_to_00,x1.24,VDS,-1.8564123695970403,-0.015435916485578956,10.290499999999861,5e-05
tt_10_to_00,x1.24,VBS,-1.8564011964724443,-0.01138513189268468,10.290499999999861,5e-05
tt_10_to_00,x1.25,VGS,0.00021778054009580217,1.8722972107194358,0.00037129785434456393,7.148500000000651
tt_10_to_00,x1.25,VGD,0.026336439460921277,1.872297260852689,5e-05,7.14350000000065
tt_10_to_00,x1.25,VDS,-0.6267016245346662,0.01722477898259883,0.05250000000000007,10.426499999999791
tt_10_to_00,x1.25,VBS,-0.6292620393957512,0.01957128837347916,0.05350000000000007,10.426499999999791
tt_10_to_00,x1.26,VGS,-1.242756396706942,0.5099335491392574,18.180500000000205,0.1094999999999999
tt_10_to_00,x1.26,VGD,-1.1014950627034017,0.7304816186707653,19.999500000000022,0.15849999999999972
tt_10_to_00,x1.26,VDS,-1.2137132565271014,0.02063898005756215,10.015499999999982,19.999500000000022
tt_10_to_00,x1.26,VBS,-1.2435605537465741,0.004083338838808716,18.164500000000185,5e-05
tt_10_to_00,x1.27,VGS,-1.8008026784454474,1.7999984277240695,25.2895000000003,9.975000000000001
tt_10_to_00,x1.27,VGD,-1.799998490624463,0.00492026173298421,30.000000000000004,5.2345000000000645
tt_10_to_00,x1.27,VDS,-0.06873144384322871,1.81225739471407,20.026500000000002,9.994499999999992
tt_10_to_00,x1.27,VBS,-0.06831124607486094,1.8161004704744959,20.028500000000005,9.997499999999992
tt_10_to_00,x1.28,VGS,-1.8449131527166962,1.8490515672653358,17.986500000000035,25.2905000000003
tt_10_to_00,x1.28,VGD,-1.8488044914502813,0.05124175383115692,17.986500000000035,25.286500000000295
tt_10_to_00,x1.28,VDS,-0.025451806544191546,1.8059174809599177,18.165500000000186,20.054500000000033
tt_10_to_00,x1.28,VBS,-0.02684343564447511,1.8057256691871364,18.164500000000185,20.055500000000034
tt_10_to_00,x2.mp1,VGS,-1.8251790948386395,0.022734005687025105,20.12250000000011,25.2035000000002
tt_10_to_00,x2.mp1,VGD,-1.8239788711089686,1.8227072200586694,20.12350000000011,25.204500000000202
tt_10_to_00,x2.mp1,VDS,-1.8228109993005805,0.06121637188590623,25.372500000000393,20.21850000000022
tt_10_to_00,x2.mp1,VBS,0.0,0.0,5e-05,5e-05
tt_10_to_00,x2.mn1,VGS,-0.02517909483863943,1.8227340056870251,20.12250000000011,25.2035000000002
tt_10_to_00,x2.mn1,VGD,-1.8239788711089686,1.8227072200586694,20.12350000000011,25.204500000000202
tt_10_to_00,x2.mn1,VDS,-0.022810999300580503,1.8612163718859063,25.372500000000393,20.21850000000022
tt_10_to_00,x2.mn1,VBS,0.0,0.0,5e-05,5e-05
tt_10_to_00,x2.mp2,VGS,-1.8228109993005805,0.06121637188590623,25.372500000000393,20.21850000000022
tt_10_to_00,x2.mp2,VGD,-1.8221823535953796,1.8604874243316383,25.372500000000393,20.21850000000022
tt_10_to_00,x2.mp2,VDS,-1.8265355339338227,0.027805678869570638,20.27450000000028,25.444500000000474
tt_10_to_00,x2.mp2,VBS,0.0,0.0,5e-05,5e-05
tt_10_to_00,x2.mn2,VGS,-0.022810999300580503,1.8612163718859063,25.372500000000393,20.21850000000022
tt_10_to_00,x2.mn2,VGD,-1.8221823535953796,1.8604874243316383,25.372500000000393,20.21850000000022
tt_10_to_00,x2.mn2,VDS,-0.02653553393382268,1.8278056788695707,20.27450000000028,25.444500000000474
tt_10_to_00,x2.mn2,VBS,0.0,0.0,5e-05,5e-05
tt_10_to_00,x3.mp1,VGS,-1.8188665040572045,-1.1613485748503827,10.42849999999979,0.05450000000000007
tt_10_to_00,x3.mp1,VGD,-1.818549024647385,-0.5288072979583854,10.42949999999979,0.0006500470520251541
tt_10_to_00,x3.mp1,VDS,-1.1014088607854085,0.0009471111171741597,0.00037129785434456393,25.455500000000484
tt_10_to_00,x3.mp1,VBS,0.0,0.0,5e-05,5e-05
tt_10_to_00,x3.mn1,VGS,-0.018866504057204414,0.6386514251496173,10.42849999999979,0.05450000000000007
tt_10_to_00,x3.mn1,VGD,-1.818549024647385,-0.5288072979583854,10.42949999999979,0.0006500470520251541
tt_10_to_00,x3.mn1,VDS,0.6985911392145915,1.8009471111171742,0.00037129785434456393,25.455500000000484
tt_10_to_00,x3.mn1,VBS,0.0,0.0,5e-05,5e-05
tt_10_to_00,x3.mp2,VGS,-1.1014088607854085,0.0009471111171741597,0.00037129785434456393,25.455500000000484
tt_10_to_00,x3.mp2,VGD,0.662631385107447,1.8009287654531854,0.00037129785434456393,25.456500000000485
tt_10_to_00,x3.mp2,VDS,-1.8000172932775582,-1.737143280666052,20.278500000000285,0.020499999999999997
tt_10_to_00,x3.mp2,VBS,0.0,0.0,5e-05,5e-05
tt_10_to_00,x3.mn2,VGS,0.6985911392145915,1.8009471111171742,0.00037129785434456393,25.455500000000484
tt_10_to_00,x3.mn2,VGD,0.662631385107447,1.8009287654531854,0.00037129785434456393,25.456500000000485
tt_10_to_00,x3.mn2,VDS,-1.7293277558184097e-05,0.06285671933394789,20.278500000000285,0.020499999999999997
tt_10_to_00,x3.mn2,VBS,0.0,0.0,5e-05,5e-05
tt_10_to_00,x4.mp1,VGS,-1.8332186080501798,-1.2756710342644366,25.025000000000002,0.05150000000000006
tt_10_to_00,x4.mp1,VGD,-1.8317618673138834,-0.5392649008231014,25.025000000000002,0.00037129785434456393
tt_10_to_00,x4.mp1,VDS,-1.101046879988374,0.0026118638881293954,0.00037129785434456393,19.994500000000016
tt_10_to_00,x4.mp1,VBS,0.0,0.0,5e-05,5e-05
tt_10_to_00,x4.mn1,VGS,-0.03321860805017972,0.5243289657355634,25.025000000000002,0.05150000000000006
tt_10_to_00,x4.mn1,VGD,-1.8317618673138834,-0.5392649008231014,25.025000000000002,0.00037129785434456393
tt_10_to_00,x4.mn1,VDS,0.6989531200116262,1.8026118638881294,0.00037129785434456393,19.994500000000016
tt_10_to_00,x4.mn1,VBS,0.0,0.0,5e-05,5e-05
tt_10_to_00,x4.mp2,VGS,-1.101046879988374,0.0026118638881293954,0.00037129785434456393,19.994500000000016
tt_10_to_00,x4.mp2,VGD,0.6629773795000966,1.8025584598486508,0.00037129785434456393,19.995500000000018
tt_10_to_00,x4.mp2,VDS,-1.800076458297642,-1.7370350944181676,5.038500000000004,0.019499999999999997
tt_10_to_00,x4.mp2,VBS,0.0,0.0,5e-05,5e-05
tt_10_to_00,x4.mn2,VGS,0.6989531200116262,1.8026118638881294,0.00037129785434456393,19.994500000000016
tt_10_to_00,x4.mn2,VGD,0.6629773795000966,1.8025584598486508,0.00037129785434456393,19.995500000000018
tt_10_to_00,x4.mn2,VDS,-7.645829764209544e-05,0.06296490558183251,5.038500000000004,0.019499999999999997
tt_10_to_00,x4.mn2,VBS,0.0,0.0,5e-05,5e-05
tt_10_to_00,x5.mp1,VGS,-1.8240803336199205,0.02059992669479227,5.119500000000029,10.204499999999905
tt_10_to_00,x5.mp1,VGD,-1.8227734950820356,1.8205734446175081,5.120500000000029,10.205499999999907
tt_10_to_00,x5.mp1,VDS,-1.8190236282491246,0.050795340110574294,10.385499999999812,5.232500000000064
tt_10_to_00,x5.mp1,VBS,0.0,0.0,5e-05,5e-05
tt_10_to_00,x5.mn1,VGS,-0.02408033361992047,1.8205999266947923,5.119500000000029,10.204499999999905
tt_10_to_00,x5.mn1,VGD,-1.8227734950820356,1.8205734446175081,5.120500000000029,10.205499999999907
tt_10_to_00,x5.mn1,VDS,-0.019023628249124482,1.8507953401105743,10.385499999999812,5.232500000000064
tt_10_to_00,x5.mn1,VBS,0.0,0.0,5e-05,5e-05
tt_10_to_00,x5.mp2,VGS,-1.8190236282491246,0.050795340110574294,10.385499999999812,5.232500000000064
tt_10_to_00,x5.mp2,VGD,-1.8185282794535278,1.8503475929335773,10.385499999999812,5.232500000000064
tt_10_to_00,x5.mp2,VDS,-1.8232749795704664,0.027177789658172413,5.300500000000085,10.466499999999769
tt_10_to_00,x5.mp2,VBS,0.0,0.0,5e-05,5e-05
tt_10_to_00,x5.mn2,VGS,-0.019023628249124482,1.8507953401105743,10.385499999999812,5.232500000000064
tt_10_to_00,x5.mn2,VGD,-1.8185282794535278,1.8503475929335773,10.385499999999812,5.232500000000064
tt_10_to_00,x5.mn2,VDS,-0.02327497957046636,1.8271777896581725,5.300500000000085,10.466499999999769
tt_10_to_00,x5.mn2,VBS,0.0,0.0,5e-05,5e-05
tt_00_to_11,x1.0,VGS,-1.8168707456093505,1.8489860700085432,25.2025000000002,10.290499999999861
tt_00_to_11,x1.0,VGD,-0.01051786210523215,1.8495945274625352,20.06750000000005,10.284499999999865
tt_00_to_11,x1.0,VDS,-1.8190970773975748,0.041746380585641354,25.191500000000186,18.075500000000083
tt_00_to_11,x1.0,VBS,-1.8190921454217885,0.04356436643191371,25.191500000000186,18.07250000000008
tt_00_to_11,x1.1,VGS,-1.81392567675256,1.867707863981597,10.002499999999989,20.967500000001067
tt_00_to_11,x1.1,VGD,-0.017988784811302665,1.867707915200426,10.002499999999989,20.96250000000106
tt_00_to_11,x1.1,VDS,-1.822001247167382,0.024340198243347426,10.200499999999908,5.1215000000000295
tt_00_to_11,x1.1,VBS,-1.8217475322893326,0.0265479644132533,10.202499999999906,5.120500000000029
tt_00_to_11,x1.2,VGS,-1.8518649438439558,1.8143910603129882,10.29249999999986,20.062500000000043
tt_00_to_11,x1.2,VGD,-1.803690655293614,0.00047212761024906236,10.295499999999858,18.21350000000024
tt_00_to_11,x1.2,VDS,-0.048174989821121006,1.8143163923087031,10.29249999999986,20.062500000000043
tt_00_to_11,x1.2,VBS,-0.052053298369498346,1.8143025759697666,10.29249999999986,20.062500000000043
tt_00_to_11,x1.3,VGS,-1.8038494619267658,1.7999983723433086,17.976500000000026,9.975000000000001
tt_00_to_11,x1.3,VGD,-1.800412304938471,0.0020680758752342765,17.976500000000026,20.232500000000233
tt_00_to_11,x1.3,VDS,-0.0677795965628527,1.8113780843170846,20.388500000000413,9.994499999999992
tt_00_to_11,x1.3,VBS,-0.07087081847298449,1.8151805097151728,24.977500000000003,9.997499999999992
tt_00_to_11,x1.4,VGS,-1.2345013309466066,1.8241591903015415,30.000000000000004,10.01949999999998
tt_00_to_11,x1.4,VGD,-1.1521543823092473,1.8245308669443625,19.999500000000022,10.015499999999982
tt_00_to_11,x1.4,VDS,-1.2086917112977853,0.13684811477032754,25.015500000000046,18.30050000000034
tt_00_to_11,x1.4,VBS,-1.2345152944821367,0.03318424317871211,30.000000000000004,10.020499999999979
tt_00_to_11,x1.5,VGS,-1.7999978498529745,1.865118389195498,24.975000000000005,9.987499999999995
tt_00_to_11,x1.5,VGD,-0.020241689717264914,1.8587797908157428,25.002500000000033,6.065500000000319
tt_00_to_11,x1.5,VDS,-1.8166751899158098,0.025184653322908212,25.2015000000002,20.126500000000114
tt_00_to_11,x1.5,VBS,-1.816463386216479,0.027313161587575276,25.2035000000002,20.125500000000113
tt_00_to_11,x1.6,VGS,-1.8032717532084053,0.08012554402144478,17.976500000000026,0.00040700000031035984
tt_00_to_11,x1.6,VGD,-1.8003762871320077,0.0033040086147566594,17.976500000000026,20.234500000000235
tt_00_to_11,x1.6,VDS,-0.0674088852287138,1.344774659988253,5.0265,0.001914082908899124
tt_00_to_11,x1.6,VBS,-0.06708572047744688,1.3557855284554932,5.028500000000001,0.002914082908899124
tt_00_to_11,x1.7,VGS,-1.8299269048617832,1.8533420499673747,25.220500000000218,10.298499999999857
tt_00_to_11,x1.7,VGD,-1.8100688302646122,0.05615078926460715,20.05350000000003,10.29249999999986
tt_00_to_11,x1.7,VDS,-0.03247945137308861,1.820824760947588,25.209500000000208,18.06150000000007
tt_00_to_11,x1.7,VBS,-0.03484942450826134,1.8212424826882168,25.209500000000208,18.065500000000075
tt_00_to_11,x1.8,VGS,-1.8239008063124502,1.7999982940117918,18.244500000000276,24.975000000000005
tt_00_to_11,x1.8,VGD,-1.8004598601799886,0.006158534946028471,18.251500000000284,20.236500000000238
tt_00_to_11,x1.8,VDS,-0.06682632821046819,1.812231748290085,5.0265,24.994500000000023
tt_00_to_11,x1.8,VBS,-0.06638678162846667,1.8159872460921456,5.028500000000001,24.997500000000027
tt_00_to_11,x1.9,VGS,-1.868422783372863,0.05030078074492761,20.05350000000003,10.290499999999861
tt_00_to_11,x1.9,VGD,-1.3446764514603247,0.8171711113582893,18.630500000000715,0.3304999999999992
tt_00_to_11,x1.9,VDS,-1.8610999495533223,-0.06865058550490473,24.988500000000016,5e-05
tt_00_to_11,x1.9,VBS,-1.8638981023117351,-0.040486500860167474,20.038500000000013,5e-05
tt_00_to_11,x1.10,VGS,-1.8677077821777608,1.8122687125039978,21.04850000000116,10.00149999999999
tt_00_to_11,x1.10,VGD,-0.6982222061413051,1.815944336533239,19.974999999999998,10.007499999999986
tt_00_to_11,x1.10,VDS,-1.229607842358729,0.000266790983317739,0.20949999999999955,9.976500000000001
tt_00_to_11,x1.10,VBS,-1.867707990427428,0.018418709241300228,20.93350000000103,10.002499999999989
tt_00_to_11,x1.11,VGS,0.018488592098773765,1.8611294454334217,0.00040700000031035984,5.030500000000002
tt_00_to_11,x1.11,VGD,0.02205368022153567,1.8624008404970909,5e-05,20.390500000000415
tt_00_to_11,x1.11,VDS,-0.5361973270595801,0.024691370386546025,0.05150000000000006,25.421500000000446
tt_00_to_11,x1.11,VBS,-0.538432912222759,0.02808310643936547,0.05250000000000007,25.421500000000446
tt_00_to_11,x1.12,VGS,-1.8140683509537339,1.8677078443427682,10.003499999999988,20.967500000001067
tt_00_to_11,x1.12,VGD,-1.81752355119716,0.06799274986811765,10.003499999999988,20.344500000000362
tt_00_to_11,x1.12,VDS,-0.021946061922894167,1.8222454967129333,10.205499999999907,5.114500000000027
tt_00_to_11,x1.12,VBS,-0.023320500690358514,1.8222430417886923,10.205499999999907,5.117500000000028
tt_00_to_11,x1.13,VGS,0.06411935743415821,1.8613164657907963,5e-05,5.031500000000002
tt_00_to_11,x1.13,VGD,-1.3065836081100377,0.06872061615388292,0.005699999999999999,20.28350000000029
tt_00_to_11,x1.13,VDS,0.1822758358984862,1.8237548571824933,5e-05,25.42450000000045
tt_00_to_11,x1.13,VBS,0.04342036025927923,1.8237191409164124,5e-05,25.42550000000045
tt_00_to_11,x1.14,VGS,-1.850262959040396,1.808080229486555,10.286499999999863,25.025000000000002
tt_00_to_11,x1.14,VGD,-0.006101303989364941,1.8011118723073514,0.001914082908899124,25.02050000000005
tt_00_to_11,x1.14,VDS,-1.849815294207327,0.007951325659582582,10.283499999999865,20.06750000000005
tt_00_to_11,x1.14,VBS,-1.849805951469266,0.00891309165997848,10.283499999999865,20.06850000000005
tt_00_to_11,x1.15,VGS,-1.8323623980388215,1.8535674188999718,25.219500000000217,10.298499999999857
tt_00_to_11,x1.15,VGD,-0.015491601775969116,1.855197466008665,20.06050000000004,10.29249999999986
tt_00_to_11,x1.15,VDS,-1.8368101479857288,0.02117037958024606,25.208500000000207,18.07350000000008
tt_00_to_11,x1.15,VBS,-1.8368160326510634,0.02289812162283592,25.209500000000208,18.07250000000008
tt_00_to_11,x1.16,VGS,-1.2466291207980957,1.8263666815758077,17.982500000000034,25.021500000000053
tt_00_to_11,x1.16,VGD,-1.0784249411404523,1.826289866768039,17.99050000000004,25.017500000000048
tt_00_to_11,x1.16,VDS,-1.2115356654233949,0.012857529753252162,10.015499999999982,25.28150000000029
tt_00_to_11,x1.16,VBS,-1.3449835659919385,0.03527136348325478,18.604500000000684,25.02050000000005
tt_00_to_11,x1.17,VGS,-1.8681117499798343,1.8143305216699863,5.049500000000007,25.001500000000032
tt_00_to_11,x1.17,VGD,-0.11644302941781387,1.8172974091086227,18.06950000000008,25.007500000000036
tt_00_to_11,x1.17,VDS,-1.8215051089366971,0.00047087404115761554,6.874500000000567,24.977500000000003
tt_00_to_11,x1.17,VBS,-1.8603734660818316,0.020028388877487733,5.0253,25.00350000000003
tt_00_to_11,x1.18,VGS,-1.1286725553127828,1.7999988080921956,19.974999999999998,9.975000000000001
tt_00_to_11,x1.18,VGD,-0.012167850119834064,1.7999998175760166,0.09749999999999995,9.975000000000001
tt_00_to_11,x1.18,VDS,-1.1519888112446863,0.03582609137133545,19.99650000000002,25.015500000000046
tt_00_to_11,x1.18,VBS,-1.152568210764001,0.03407404994010592,19.99750000000002,25.01150000000004
tt_00_to_11,x1.19,VGS,-0.6981825139634079,1.8154297285246126,19.974999999999998,10.007499999999986
tt_00_to_11,x1.19,VGD,-1.1521737903085676,1.823612215085779,19.999500000000022,10.014499999999982
tt_00_to_11,x1.19,VDS,-0.7002198162798481,0.4556702972155411,25.014500000000044,19.999500000000022
tt_00_to_11,x1.19,VBS,-1.1401400637423327,0.024254165583466384,17.97850000000003,10.010499999999984
tt_00_to_11,x1.20,VGS,0.07780071880546538,1.861392563583377,5e-05,5.0257000000000005
tt_00_to_11,x1.20,VGD,-1.3071942659500395,0.06724950330453483,0.0053,5.027500000000001
tt_00_to_11,x1.20,VDS,0.24738545980139767,1.815290456660135,5e-05,10.410499999999798
tt_00_to_11,x1.20,VBS,0.05471970004147189,1.8152849584446313,5e-05,10.410499999999798
tt_00_to_11,x1.21,VGS,-1.799997880428499,1.8672592594438344,24.975000000000005,9.988499999999995
tt_00_to_11,x1.21,VGD,-1.816529101323298,0.06655481199210089,25.002500000000033,5.0265
tt_00_to_11,x1.21,VDS,-0.01957830070467459,1.8289026254922756,25.206500000000204,10.022499999999978
tt_00_to_11,x1.21,VBS,-0.020820090851464856,1.8283507350366948,25.206500000000204,10.023499999999977
tt_00_to_11,x1.22,VGS,-1.870975450908014,0.028578899774499344,5.0415000000000045,25.053500000000028
tt_00_to_11,x1.22,VGD,-1.0780783656366841,0.757721788825745,17.985500000000034,18.497500000000564
tt_00_to_11,x1.22,VDS,-1.8539738614604087,-0.06610482823026642,9.987499999999995,5e-05
tt_00_to_11,x1.22,VBS,-1.8638497324264762,-0.04290951462504959,5.035500000000003,5e-05
tt_00_to_11,x1.23,VGS,-1.8467275917602184,1.8089959836212526,10.287499999999863,25.025000000000002
tt_00_to_11,x1.23,VGD,-1.8029100401324054,0.0014626317819099732,10.285499999999864,18.200500000000225
tt_00_to_11,x1.23,VDS,-0.048637312883962114,1.8083972105533719,17.97850000000003,20.06850000000005
tt_00_to_11,x1.23,VBS,-0.05452389871292729,1.8083902163434868,17.977500000000028,20.06850000000005
tt_00_to_11,x1.24,VGS,-1.8557617358076537,1.8128444167921285,10.29249999999986,20.062500000000043
tt_00_to_11,x1.24,VGD,-0.002147943151805336,1.801024953650232,0.001914082908899124,20.06750000000005
tt_00_to_11,x1.24,VDS,-1.8555854233778006,0.011830076177754832,10.29149999999986,20.06150000000004
tt_00_to_11,x1.24,VBS,-1.8555743428411584,0.013364546801746206,10.29149999999986,20.062500000000043
tt_00_to_11,x1.25,VGS,0.0005986430692000999,1.861388805848391,0.00022780000015457135,5.0265
tt_00_to_11,x1.25,VGD,0.027542438321836817,1.8607382357545792,5e-05,5.0265
tt_00_to_11,x1.25,VDS,-0.6163407191452162,0.014276365187675898,0.05050000000000006,10.4084999999998
tt_00_to_11,x1.25,VBS,-0.6189645982079546,0.016253003863567317,0.05150000000000006,10.409499999999799
tt_00_to_11,x1.26,VGS,-0.09537303900669408,1.8167113054891306,18.06950000000008,25.008500000000037
tt_00_to_11,x1.26,VGD,-1.078338610422093,1.8252125039476796,17.99050000000004,25.015500000000046
tt_00_to_11,x1.26,VDS,-0.3537110439873661,1.000041050503605,20.03650000000001,17.98050000000003
tt_00_to_11,x1.26,VBS,-1.136693754439208,0.025441864086258842,20.00650000000003,25.01050000000004
tt_00_to_11,x1.27,VGS,-1.8248888125563674,0.06871836252342595,18.28350000000032,0.00040700000031035984
tt_00_to_11,x1.27,VGD,-1.8009011110456072,0.0049606299147766375,18.341500000000387,20.234500000000235
tt_00_to_11,x1.27,VDS,-0.06867848840064594,1.3346176484281531,5.0265,0.001914082908899124
tt_00_to_11,x1.27,VBS,-0.06824220704390282,1.3531729637696952,5.028500000000001,0.002914082908899124
tt_00_to_11,x1.28,VGS,-1.815565549421387,1.84890486973384,25.204500000000202,10.290499999999861
tt_00_to_11,x1.28,VGD,-1.8069518195793126,0.05109115362688743,20.06750000000005,10.287499999999863
tt_00_to_11,x1.28,VDS,-0.01750541923711335,1.8383716982745122,25.189500000000184,18.056500000000064
tt_00_to_11,x1.28,VBS,-0.01879581366817007,1.8399891836938214,25.189500000000184,18.06250000000007
tt_00_to_11,x2.mp1,VGS,-1.8251481906695783,0.022742555495606664,5.119500000000029,10.203499999999906
tt_00_to_11,x2.mp1,VGD,-1.8239474224565155,1.8227158024710217,5.120500000000029,10.204499999999905
tt_00_to_11,x2.mp1,VDS,-1.8228122706435235,0.06118777434689582,10.37249999999982,5.215500000000058
tt_00_to_11,x2.mp1,VBS,0.0,0.0,5e-05,5e-05
tt_00_to_11,x2.mn1,VGS,-0.02514819066957833,1.8227425554956067,5.119500000000029,10.203499999999906
tt_00_to_11,x2.mn1,VGD,-1.8239474224565155,1.8227158024710217,5.120500000000029,10.204499999999905
tt_00_to_11,x2.mn1,VDS,-0.022812270643523327,1.8611877743468959,10.37249999999982,5.215500000000058
tt_00_to_11,x2.mn1,VBS,0.0,0.0,5e-05,5e-05
tt_00_to_11,x2.mp2,VGS,-1.8228122706435235,0.06118777434689582,10.37249999999982,5.215500000000058
tt_00_to_11,x2.mp2,VGD,-1.8221835564434226,1.8604772879194558,10.37249999999982,5.2165000000000585
tt_00_to_11,x2.mp2,VDS,-1.8265564757372899,0.027806066940639695,5.2725000000000755,10.444499999999781
tt_00_to_11,x2.mp2,VBS,0.0,0.0,5e-05,5e-05
tt_00_to_11,x2.mn2,VGS,-0.022812270643523327,1.8611877743468959,10.37249999999982,5.215500000000058
tt_00_to_11,x2.mn2,VGD,-1.8221835564434226,1.8604772879194558,10.37249999999982,5.2165000000000585
tt_00_to_11,x2.mn2,VDS,-0.0265564757372899,1.8278060669406397,5.2725000000000755,10.444499999999781
tt_00_to_11,x2.mn2,VBS,0.0,0.0,5e-05,5e-05
tt_00_to_11,x3.mp1,VGS,-1.8165843260757866,-1.1719570936203305,10.409499999999799,0.05250000000000007
tt_00_to_11,x3.mp1,VGD,-1.8162022032348566,-0.5352009588700379,10.410499999999798,0.0006732663012404113
tt_00_to_11,x3.mp1,VDS,-1.103017689352291,0.0009471572124477579,0.00040700000031035984,10.455499999999775
tt_00_to_11,x3.mp1,VBS,0.0,0.0,5e-05,5e-05
tt_00_to_11,x3.mn1,VGS,-0.016584326075786415,0.6280429063796695,10.409499999999799,0.05250000000000007
tt_00_to_11,x3.mn1,VGD,-1.8162022032348566,-0.5352009588700379,10.410499999999798,0.0006732663012404113
tt_00_to_11,x3.mn1,VDS,0.6969823106477091,1.8009471572124478,0.00040700000031035984,10.455499999999775
tt_00_to_11,x3.mn1,VBS,0.0,0.0,5e-05,5e-05
tt_00_to_11,x3.mp2,VGS,-1.103017689352291,0.0009471572124477579,0.00040700000031035984,10.455499999999775
tt_00_to_11,x3.mp2,VGD,0.6594842310956253,1.8009288135622916,0.00040700000031035984,10.456499999999775
tt_00_to_11,x3.mp2,VDS,-1.800017275737563,-1.737171676845572,5.2755000000000765,0.019499999999999997
tt_00_to_11,x3.mp2,VBS,0.0,0.0,5e-05,5e-05
tt_00_to_11,x3.mn2,VGS,0.6969823106477091,1.8009471572124478,0.00040700000031035984,10.455499999999775
tt_00_to_11,x3.mn2,VGD,0.6594842310956253,1.8009288135622916,0.00040700000031035984,10.456499999999775
tt_00_to_11,x3.mn2,VDS,-1.727573756297937e-05,0.06282832315442805,5.2755000000000765,0.019499999999999997
tt_00_to_11,x3.mn2,VBS,0.0,0.0,5e-05,5e-05
tt_00_to_11,x4.mp1,VGS,-1.8332357989777788,0.01801182136030066,10.024999999999999,25.205500000000203
tt_00_to_11,x4.mp1,VGD,-1.8317775398799991,1.817975159195776,10.024999999999999,25.206500000000204
tt_00_to_11,x4.mp1,VDS,-1.8194406315425957,0.05163224878373507,25.3805000000004,20.234500000000235
tt_00_to_11,x4.mp1,VBS,0.0,0.0,5e-05,5e-05
tt_00_to_11,x4.mn1,VGS,-0.03323579897777873,1.8180118213603007,10.024999999999999,25.205500000000203
tt_00_to_11,x4.mn1,VGD,-1.8317775398799991,1.817975159195776,10.024999999999999,25.206500000000204
tt_00_to_11,x4.mn1,VDS,-0.019440631542595593,1.8516322487837351,25.3805000000004,20.234500000000235
tt_00_to_11,x4.mn1,VBS,0.0,0.0,5e-05,5e-05
tt_00_to_11,x4.mp2,VGS,-1.8194406315425957,0.05163224878373507,25.3805000000004,20.234500000000235
tt_00_to_11,x4.mp2,VGD,-1.8189289426230113,1.8511570271837954,25.3805000000004,20.234500000000235
tt_00_to_11,x4.mp2,VDS,-1.823482879603361,0.027232232173425297,20.302500000000315,25.46050000000049
tt_00_to_11,x4.mp2,VBS,0.0,0.0,5e-05,5e-05
tt_00_to_11,x4.mn2,VGS,-0.019440631542595593,1.8516322487837351,25.3805000000004,20.234500000000235
tt_00_to_11,x4.mn2,VGD,-1.8189289426230113,1.8511570271837954,25.3805000000004,20.234500000000235
tt_00_to_11,x4.mn2,VDS,-0.02348287960336095,1.8272322321734253,20.302500000000315,25.46050000000049
tt_00_to_11,x4.mn2,VBS,0.0,0.0,5e-05,5e-05
tt_00_to_11,x5.mp1,VGS,-1.826852018231307,-1.2511813324615784,25.42350000000045,0.05350000000000007
tt_00_to_11,x5.mp1,VGD,-1.826377785654146,-0.5625749705712206,25.42450000000045,0.0006732663012404113
tt_00_to_11,x5.mp1,VDS,-1.1047966497095003,0.0012992604844348499,0.00040700000031035984,25.480500000000514
tt_00_to_11,x5.mp1,VBS,0.0,0.0,5e-05,5e-05
tt_00_to_11,x5.mn1,VGS,-0.026852018231306996,0.5488186675384217,25.42350000000045,0.05350000000000007
tt_00_to_11,x5.mn1,VGD,-1.826377785654146,-0.5625749705712206,25.42450000000045,0.0006732663012404113
tt_00_to_11,x5.mn1,VDS,0.6952033502904996,1.801299260484435,0.00040700000031035984,25.480500000000514
tt_00_to_11,x5.mn1,VBS,0.0,0.0,5e-05,5e-05
tt_00_to_11,x5.mp2,VGS,-1.1047966497095003,0.0012992604844348499,0.00040700000031035984,25.480500000000514
tt_00_to_11,x5.mp2,VGD,0.6577426163340353,1.801279595481303,0.00040700000031035984,25.480500000000514
tt_00_to_11,x5.mp2,VDS,-1.8000187725705385,-1.737133853313374,20.03550000000001,0.019499999999999997
tt_00_to_11,x5.mp2,VBS,0.0,0.0,5e-05,5e-05
tt_00_to_11,x5.mn2,VGS,0.6952033502904996,1.801299260484435,0.00040700000031035984,25.480500000000514
tt_00_to_11,x5.mn2,VGD,0.6577426163340353,1.801279595481303,0.00040700000031035984,25.480500000000514
tt_00_to_11,x5.mn2,VDS,-1.8772570538421397e-05,0.06286614668662595,20.03550000000001,0.019499999999999997
tt_00_to_11,x5.mn2,VBS,0.0,0.0,5e-05,5e-05
tt_11_to_00,x1.0,VGS,-1.8434128482962515,1.849117063637868,17.986500000000035,25.2895000000003
tt_11_to_00,x1.0,VGD,-0.05183905061222544,1.8497303151054842,17.986500000000035,25.28350000000029
tt_11_to_00,x1.0,VDS,-1.8562982640351449,0.006891368778900178,18.16050000000018,20.055500000000034
tt_11_to_00,x1.0,VBS,-1.856420944655503,0.011483434264372712,18.162500000000183,5.980000000851968e-05
tt_11_to_00,x1.1,VGS,-1.8139235949683583,1.8679559585098582,25.002500000000033,5.96950000000029
tt_11_to_00,x1.1,VGD,-0.01798722761300537,1.8679560126165229,25.002500000000033,5.963500000000288
tt_11_to_00,x1.1,VDS,-1.8219926876950066,0.02420800417737052,25.200500000000197,20.12350000000011
tt_11_to_00,x1.1,VBS,-1.8217388119003448,0.026400909659894306,25.2025000000002,20.12250000000011
tt_11_to_00,x1.2,VGS,-1.8519122609589858,1.8137012372333554,25.292500000000302,5.060500000000011
tt_11_to_00,x1.2,VGD,-1.8036941480461501,0.22314812324662125,25.295500000000303,0.00022925782274490334
tt_11_to_00,x1.2,VDS,-0.04821876815419657,1.8291116096641087,25.292500000000302,17.97250000000002
tt_11_to_00,x1.2,VBS,-0.05210068661503908,1.8370834124870814,25.292500000000302,17.977500000000028
tt_11_to_00,x1.3,VGS,-1.8253244565808222,1.7999982281205196,18.18350000000021,24.975000000000005
tt_11_to_00,x1.3,VGD,-1.8015943691272065,0.0020680781090587352,18.1775000000002,5.226500000000062
tt_11_to_00,x1.3,VDS,-0.06802744630598179,1.811376017631943,5.3825000000001095,24.994500000000023
tt_11_to_00,x1.3,VBS,-0.07111790737988688,1.8151770152787268,9.977500000000001,24.997500000000027
tt_11_to_00,x1.4,VGS,-1.283793137105495,1.8241699232075868,17.987500000000036,25.01950000000005
tt_11_to_00,x1.4,VGD,-1.122168139008823,1.824538998194573,17.987500000000036,25.015500000000046
tt_11_to_00,x1.4,VDS,-1.2141615973181792,0.012730070970632945,10.015499999999982,25.298500000000306
tt_11_to_00,x1.4,VBS,-1.3479930704332943,0.033175402337110194,18.237500000000267,25.02050000000005
tt_11_to_00,x1.5,VGS,-1.7999980630842225,1.8650409732454731,9.975000000000001,24.987500000000015
tt_11_to_00,x1.5,VGD,-0.02024086172443303,1.858701601695193,10.002499999999989,21.076500000001193
tt_11_to_00,x1.5,VDS,-1.8166823199042808,0.025368339657184567,10.201499999999907,5.120500000000029
tt_11_to_00,x1.5,VBS,-1.8164704086232304,0.02751014788811951,10.203499999999906,5.119500000000029
tt_11_to_00,x1.6,VGS,-1.8164211294306116,0.069355159131259,18.173500000000196,0.0003707303369514513
tt_11_to_00,x1.6,VGD,-1.8009446432238787,0.0033043494125113426,18.16850000000019,5.2285000000000625
tt_11_to_00,x1.6,VDS,-0.06728924582788776,1.335789126190917,5.0265,0.001772538499670438
tt_11_to_00,x1.6,VBS,-0.06686914363660534,1.3487102813045517,5.028500000000001,0.0026607485482210754
tt_11_to_00,x1.7,VGS,-1.8403752794574146,1.8533877265628713,17.987500000000036,25.298500000000306
tt_11_to_00,x1.7,VGD,-1.8482723967530927,0.05620183535859313,17.987500000000036,25.292500000000302
tt_11_to_00,x1.7,VDS,-0.03247654760200658,1.8133442753309257,10.209499999999904,20.040500000000016
tt_11_to_00,x1.7,VBS,-0.034846284765822855,1.8129819802253873,10.209499999999904,20.040500000000016
tt_11_to_00,x1.8,VGS,-1.8008023413543157,1.7999984358178556,18.04550000000005,9.975000000000001
tt_11_to_00,x1.8,VGD,-1.7999980278329295,0.00615964597054619,30.000000000000004,5.230500000000063
tt_11_to_00,x1.8,VDS,-0.06681641074159694,1.8122348806172572,20.026500000000002,9.994499999999992
tt_11_to_00,x1.8,VBS,-0.06637419728923555,1.8159929122172733,20.028500000000005,9.997499999999992
tt_11_to_00,x1.9,VGS,-1.8666480686261282,0.05071437298154757,5.0475000000000065,25.287500000000296
tt_11_to_00,x1.9,VGD,-1.1167456476092277,0.7497778250445299,17.986500000000035,18.791500000000898
tt_11_to_00,x1.9,VDS,-1.8638518180245545,-0.06930321567109762,9.988499999999995,5e-05
tt_11_to_00,x1.9,VBS,-1.8642884549699226,-0.03549917114347212,5.035500000000003,5e-05
tt_11_to_00,x1.10,VGS,-1.8679557104814322,1.8122828005009526,6.066500000000319,25.001500000000032
tt_11_to_00,x1.10,VGD,-0.12122042141100418,1.815971158867029,17.986500000000035,25.007500000000036
tt_11_to_00,x1.10,VDS,-1.8140041280071642,0.0002667006472733904,6.277500000000384,24.9765
tt_11_to_00,x1.10,VBS,-1.8679560698592905,0.01841629734220309,5.936500000000279,25.002500000000033
tt_11_to_00,x1.11,VGS,0.01084954936742405,1.8665301497836841,0.0003707303369514513,5.512500000000149
tt_11_to_00,x1.11,VGD,0.020158839583601165,1.8670211927125204,5e-05,5.4355000000001255
tt_11_to_00,x1.11,VDS,-0.5449925583653749,0.024691280901945212,0.05050000000000006,10.421499999999794
tt_11_to_00,x1.11,VBS,-0.5472773872805321,0.028083093570131223,0.05150000000000006,10.421499999999794
tt_11_to_00,x1.12,VGS,-1.8140669462513277,1.867955938310828,25.00350000000003,5.96950000000029
tt_11_to_00,x1.12,VGD,-1.817509988824164,0.06824088089477365,25.00350000000003,5.338500000000096
tt_11_to_00,x1.12,VDS,-0.021940742142255498,1.8220861449244694,25.205500000000203,20.1165000000001
tt_11_to_00,x1.12,VBS,-0.023314940135790607,1.8220917579927125,25.205500000000203,20.119500000000105
tt_11_to_00,x1.13,VGS,0.062219883542834684,1.8664982573287745,5e-05,5.517500000000151
tt_11_to_00,x1.13,VGD,-1.3031763816315776,0.07191107559061338,0.005699999999999999,5.282500000000079
tt_11_to_00,x1.13,VDS,0.17953069062537136,1.8237550653167696,5e-05,10.424499999999792
tt_11_to_00,x1.13,VBS,0.040708551811685964,1.8237192514382266,5e-05,10.425499999999792
tt_11_to_00,x1.14,VGS,-1.8503966919472008,1.8081006410148268,25.286500000000295,10.024999999999999
tt_11_to_00,x1.14,VGD,-0.002213310486892211,1.8016317987260575,20.025100000000002,0.001772538499670438
tt_11_to_00,x1.14,VDS,-1.8499508910018905,0.05204255252720693,25.28350000000029,17.985500000000034
tt_11_to_00,x1.14,VBS,-1.849941599858508,0.11445662818273289,25.28350000000029,5.42000000036513e-05
tt_11_to_00,x1.15,VGS,-1.8397984298052563,1.853613627198624,17.987500000000036,25.298500000000306
tt_11_to_00,x1.15,VGD,-0.04902167302619388,1.8552480212688864,17.987500000000036,25.292500000000302
tt_11_to_00,x1.15,VDS,-1.836807431606347,0.011337072123666912,10.208499999999905,20.040500000000016
tt_11_to_00,x1.15,VBS,-1.8368133485411802,0.01292015254731528,10.209499999999904,20.040500000000016
tt_11_to_00,x1.16,VGS,-1.2368967604974994,1.8263671437284912,30.000000000000004,10.021499999999978
tt_11_to_00,x1.16,VGD,-1.0856051414631884,1.8262896161378306,19.999500000000022,10.01749999999998
tt_11_to_00,x1.16,VDS,-1.2061494238951072,0.043423267403686516,25.015500000000046,18.54650000000062
tt_11_to_00,x1.16,VBS,-1.2369050710515275,0.035281504615855,30.000000000000004,10.020499999999979
tt_11_to_00,x1.17,VGS,-1.8690144708567855,1.8143181380161446,20.05250000000003,10.00149999999999
tt_11_to_00,x1.17,VGD,-0.7513475779012986,1.8172761319583766,18.45850000000052,10.007499999999986
tt_11_to_00,x1.17,VDS,-1.2130108119103629,0.0004709133928827312,22.3175000000026,9.977500000000001
tt_11_to_00,x1.17,VBS,-1.8603012848126488,0.020027507787528778,20.0253,10.003499999999988
tt_11_to_00,x1.18,VGS,-1.1217113927202556,1.7999988889021228,18.235500000000265,9.975000000000001
tt_11_to_00,x1.18,VGD,-0.013996994895567182,1.7999998202448506,0.00015852156564162936,9.975000000000001
tt_11_to_00,x1.18,VDS,-1.1208589072516366,0.03583161580823539,18.23250000000026,10.015499999999982
tt_11_to_00,x1.18,VBS,-1.1208916109915499,0.034075021345950314,18.233500000000262,10.012499999999983
tt_11_to_00,x1.19,VGS,-0.11847354659049854,1.8154332742446342,17.987500000000036,25.007500000000036
tt_11_to_00,x1.19,VGD,-1.1217766093906476,1.8236194746417103,17.987500000000036,25.014500000000044
tt_11_to_00,x1.19,VDS,-0.318500001661177,1.0033311413551793,20.032500000000006,17.985500000000034
tt_11_to_00,x1.19,VBS,-1.1100234815461567,0.024248233260252355,20.016500000000043,25.01050000000004
tt_11_to_00,x1.20,VGS,0.07627871264965912,1.8626274734212722,5e-05,5.919500000000275
tt_11_to_00,x1.20,VGD,-1.300755096017525,0.06714324899859125,0.005699999999999999,5.0265
tt_11_to_00,x1.20,VDS,0.2446843263796616,1.8152895548410892,5e-05,25.410500000000436
tt_11_to_00,x1.20,VBS,0.05201675979504415,1.8152842972610779,5e-05,25.410500000000436
tt_11_to_00,x1.21,VGS,-1.7999980894870253,1.8671817531504569,9.975000000000001,24.988500000000016
tt_11_to_00,x1.21,VGD,-1.8165426757482754,0.0665458121700051,10.002499999999989,20.026500000000002
tt_11_to_00,x1.21,VDS,-0.019580385852074,1.828856851440272,10.206499999999906,25.021500000000053
tt_11_to_00,x1.21,VBS,-0.020822282484173726,1.828304089248132,10.206499999999906,25.023500000000055
tt_11_to_00,x1.22,VGS,-1.8716610185312628,0.05491945343471527,20.04350000000002,18.166500000000187
tt_11_to_00,x1.22,VGD,-1.3072258748334453,0.8723214584873984,18.983500000001115,0.1684999999999997
tt_11_to_00,x1.22,VDS,-1.8523418027126803,-0.062209314189288926,24.987500000000015,5e-05
tt_11_to_00,x1.22,VBS,-1.8674064609078531,-0.039741362872258226,5.375500000000107,5e-05
tt_11_to_00,x1.23,VGS,-1.846852001178434,1.8090184513768504,25.286500000000295,10.024999999999999
tt_11_to_00,x1.23,VGD,-1.802919285058446,0.32799921859064374,25.285500000000294,0.00022925782274490334
tt_11_to_00,x1.23,VDS,-0.04393278671363943,1.8318673164873365,25.286500000000295,17.97250000000002
tt_11_to_00,x1.23,VBS,-0.04746940997324267,1.8401722400369038,25.287500000000296,17.977500000000028
tt_11_to_00,x1.24,VGS,-1.8558125770319804,1.8122262288008413,25.292500000000302,5.060500000000011
tt_11_to_00,x1.24,VGD,-0.0008355723373275848,1.8078729043472483,20.025100000000002,0.001772538499670438
tt_11_to_00,x1.24,VDS,-1.8556364744447673,0.04923498726052169,25.2915000000003,17.986500000000035
tt_11_to_00,x1.24,VBS,-1.855625415248697,0.16519014301568694,25.2915000000003,5e-05
tt_11_to_00,x1.25,VGS,-0.002209193200159887,1.8626274975604868,0.0003707303369514513,5.919500000000275
tt_11_to_00,x1.25,VGD,0.026048175129124405,1.8626275785255366,5e-05,5.903500000000269
tt_11_to_00,x1.25,VDS,-0.6306614648761982,0.014275723759177919,0.05250000000000007,25.408500000000434
tt_11_to_00,x1.25,VBS,-0.6331644567766128,0.016252131721007125,0.05350000000000007,25.409500000000435
tt_11_to_00,x1.26,VGS,-0.6948233765647998,1.8167106405257403,20.017500000000044,10.008499999999986
tt_11_to_00,x1.26,VGD,-1.085648422036355,1.8252121761513116,19.999500000000022,10.015499999999982
tt_11_to_00,x1.26,VDS,-0.6766801788990425,0.39315324848640576,25.015500000000046,19.999500000000022
tt_11_to_00,x1.26,VBS,-1.1447407115326151,0.025442113914033917,18.180500000000205,10.010499999999984
tt_11_to_00,x1.27,VGS,-1.8027489810037773,0.060006078987923206,18.13250000000015,0.0003707303369514513
tt_11_to_00,x1.27,VGD,-1.7999984910161417,0.004961641362223768,30.000000000000004,5.2285000000000625
tt_11_to_00,x1.27,VDS,-0.07126295154707907,1.327025505234591,5.28550000000008,0.001772538499670438
tt_11_to_00,x1.27,VBS,-0.07132225111497603,1.3470990439659438,5.28550000000008,0.0026607485482210754
tt_11_to_00,x1.28,VGS,-1.8438998317851938,1.849035312033777,17.987500000000036,25.2905000000003
tt_11_to_00,x1.28,VGD,-1.8511162740016667,0.05122480481037672,17.986500000000035,25.287500000000296
tt_11_to_00,x1.28,VDS,-0.05449530711632544,1.8071454091406307,18.166500000000187,18.50250000000057
tt_11_to_00,x1.28,VBS,-0.05673367308740529,1.8073757423341064,18.166500000000187,18.50250000000057
tt_11_to_00,x2.mp1,VGS,-1.824993764943233,0.022734572220620475,20.121500000000108,25.2035000000002
tt_11_to_00,x2.mp1,VGD,-1.8238009115451912,1.8227077875360225,20.12250000000011,25.204500000000202
tt_11_to_00,x2.mp1,VDS,-1.8228111065979213,0.06118035649138154,25.372500000000393,20.21850000000022
tt_11_to_00,x2.mp1,VBS,0.0,0.0,5e-05,5e-05
tt_11_to_00,x2.mn1,VGS,-0.02499376494323311,1.8227345722206205,20.121500000000108,25.2035000000002
tt_11_to_00,x2.mn1,VGD,-1.8238009115451912,1.8227077875360225,20.12250000000011,25.204500000000202
tt_11_to_00,x2.mn1,VDS,-0.02281110659792121,1.8611803564913816,25.372500000000393,20.21850000000022
tt_11_to_00,x2.mn1,VBS,0.0,0.0,5e-05,5e-05
tt_11_to_00,x2.mp2,VGS,-1.8228111065979213,0.06118035649138154,25.372500000000393,20.21850000000022
tt_11_to_00,x2.mp2,VGD,-1.8221824587438913,1.860467076215718,25.372500000000393,20.21850000000022
tt_11_to_00,x2.mp2,VDS,-1.8265563983325113,0.027805644582169275,20.27450000000028,25.444500000000474
tt_11_to_00,x2.mp2,VBS,0.0,0.0,5e-05,5e-05
tt_11_to_00,x2.mn2,VGS,-0.02281110659792121,1.8611803564913816,25.372500000000393,20.21850000000022
tt_11_to_00,x2.mn2,VGD,-1.8221824587438913,1.860467076215718,25.372500000000393,20.21850000000022
tt_11_to_00,x2.mn2,VDS,-0.026556398332511295,1.8278056445821693,20.27450000000028,25.444500000000474
tt_11_to_00,x2.mn2,VBS,0.0,0.0,5e-05,5e-05
tt_11_to_00,x3.mp1,VGS,-1.8165835348711417,-1.1574420271605084,25.409500000000435,0.05450000000000007
tt_11_to_00,x3.mp1,VGD,-1.8162013133355115,-0.5226974534478965,25.410500000000436,0.0006389502859365652
tt_11_to_00,x3.mp1,VDS,-1.1009715540619447,0.000947114931057591,0.0003707303369514513,25.455500000000484
tt_11_to_00,x3.mp1,VBS,0.0,0.0,5e-05,5e-05
tt_11_to_00,x3.mn1,VGS,-0.01658353487114153,0.6425579728394917,25.409500000000435,0.05450000000000007
tt_11_to_00,x3.mn1,VGD,-1.8162013133355115,-0.5226974534478965,25.410500000000436,0.0006389502859365652
tt_11_to_00,x3.mn1,VDS,0.6990284459380552,1.8009471149310576,0.0003707303369514513,25.455500000000484
tt_11_to_00,x3.mn1,VBS,0.0,0.0,5e-05,5e-05
tt_11_to_00,x3.mp2,VGS,-1.1009715540619447,0.000947114931057591,0.0003707303369514513,25.455500000000484
tt_11_to_00,x3.mp2,VGD,0.6630585332801016,1.8009287689178706,0.0003707303369514513,25.456500000000485
tt_11_to_00,x3.mp2,VDS,-1.800017279937248,-1.7371160061619642,20.277500000000284,0.020499999999999997
tt_11_to_00,x3.mp2,VBS,0.0,0.0,5e-05,5e-05
tt_11_to_00,x3.mn2,VGS,0.6990284459380552,1.8009471149310576,0.0003707303369514513,25.455500000000484
tt_11_to_00,x3.mn2,VGD,0.6630585332801016,1.8009287689178706,0.0003707303369514513,25.456500000000485
tt_11_to_00,x3.mn2,VDS,-1.727993724802893e-05,0.06288399383803597,20.277500000000284,0.020499999999999997
tt_11_to_00,x3.mn2,VBS,0.0,0.0,5e-05,5e-05
tt_11_to_00,x4.mp1,VGS,-1.8332179799732105,0.018017479473330766,25.025000000000002,10.205499999999907
tt_11_to_00,x4.mp1,VGD,-1.8317612873565445,1.8179808323583528,25.025000000000002,10.206499999999906
tt_11_to_00,x4.mp1,VDS,-1.8194405144439578,0.05165198268883109,10.380499999999815,5.2285000000000625
tt_11_to_00,x4.mp1,VBS,0.0,0.0,5e-05,5e-05
tt_11_to_00,x4.mn1,VGS,-0.03321797997321033,1.8180174794733308,25.025000000000002,10.205499999999907
tt_11_to_00,x4.mn1,VGD,-1.8317612873565445,1.8179808323583528,25.025000000000002,10.206499999999906
tt_11_to_00,x4.mn1,VDS,-0.01944051444395778,1.8516519826888311,10.380499999999815,5.2285000000000625
tt_11_to_00,x4.mn1,VBS,0.0,0.0,5e-05,5e-05
tt_11_to_00,x4.mp2,VGS,-1.8194405144439578,0.05165198268883109,10.380499999999815,5.2285000000000625
tt_11_to_00,x4.mp2,VGD,-1.8189288023074828,1.851175513034826,10.380499999999815,5.2285000000000625
tt_11_to_00,x4.mp2,VDS,-1.8234861960605608,0.027231946017001407,5.2965000000000835,10.460499999999772
tt_11_to_00,x4.mp2,VBS,0.0,0.0,5e-05,5e-05
tt_11_to_00,x4.mn2,VGS,-0.01944051444395778,1.8516519826888311,10.380499999999815,5.2285000000000625
tt_11_to_00,x4.mn2,VGD,-1.8189288023074828,1.851175513034826,10.380499999999815,5.2285000000000625
tt_11_to_00,x4.mn2,VDS,-0.023486196060560776,1.8272319460170015,5.2965000000000835,10.460499999999772
tt_11_to_00,x4.mn2,VBS,0.0,0.0,5e-05,5e-05
tt_11_to_00,x5.mp1,VGS,-1.826852098153987,-1.2421436918256492,10.423499999999793,0.05350000000000007
tt_11_to_00,x5.mp1,VGD,-1.826377928482577,-0.5464876216293442,10.424499999999792,0.0006389502859365652
tt_11_to_00,x5.mp1,VDS,-1.1021989296921806,0.0012992632487212052,0.0003707303369514513,10.480499999999763
tt_11_to_00,x5.mp1,VBS,0.0,0.0,5e-05,5e-05
tt_11_to_00,x5.mn1,VGS,-0.02685209815398695,0.557856308174351,10.423499999999793,0.05350000000000007
tt_11_to_00,x5.mn1,VGD,-1.826377928482577,-0.5464876216293442,10.424499999999792,0.0006389502859365652
tt_11_to_00,x5.mn1,VDS,0.6978010703078193,1.8012992632487212,0.0003707303369514513,10.480499999999763
tt_11_to_00,x5.mn1,VBS,0.0,0.0,5e-05,5e-05
tt_11_to_00,x5.mp2,VGS,-1.1021989296921806,0.0012992632487212052,0.0003707303369514513,10.480499999999763
tt_11_to_00,x5.mp2,VGD,0.661852665986598,1.8012795933978551,0.0003707303369514513,10.480499999999763
tt_11_to_00,x5.mp2,VDS,-1.8000187265859373,-1.7370932950164677,5.035500000000003,0.019499999999999997
tt_11_to_00,x5.mp2,VBS,0.0,0.0,5e-05,5e-05
tt_11_to_00,x5.mn2,VGS,0.6978010703078193,1.8012992632487212,0.0003707303369514513,10.480499999999763
tt_11_to_00,x5.mn2,VGD,0.661852665986598,1.8012795933978551,0.0003707303369514513,10.480499999999763
tt_11_to_00,x5.mn2,VDS,-1.8726585937256698e-05,0.06290670498353243,5.035500000000003,0.019499999999999997
tt_11_to_00,x5.mn2,VBS,0.0,0.0,5e-05,5e-05
tt_01_to_10,x1.0,VGS,-1.8176539117119677,1.8435659681328596,25.228500000000228,17.97850000000003
tt_01_to_10,x1.0,VGD,-0.011038469833753131,1.8437493326488288,20.065500000000046,17.97850000000003
tt_01_to_10,x1.0,VDS,-1.820394280884057,0.010547475957828359,25.207500000000206,18.059500000000067
tt_01_to_10,x1.0,VBS,-1.8203100968351602,0.011781187719628463,25.208500000000207,18.058500000000066
tt_01_to_10,x1.1,VGS,-0.028419408551240505,1.8612406831183688,0.000376561727442413,5.672500000000198
tt_01_to_10,x1.1,VGD,0.035710062277772237,1.861247346510814,5e-05,5.669500000000197
tt_01_to_10,x1.1,VDS,-0.7186272668293202,0.013186442552498023,0.05150000000000006,10.416499999999797
tt_01_to_10,x1.1,VBS,-0.7210275093869865,0.015035143808761654,0.05250000000000007,10.417499999999796
tt_01_to_10,x1.2,VGS,-1.8526442208712797,1.8138924807559837,25.292500000000302,5.0685000000000136
tt_01_to_10,x1.2,VGD,-1.8037561253580092,0.23565967756237938,25.295500000000303,0.00021359547281619615
tt_01_to_10,x1.2,VDS,-0.048889054295681245,1.8179826112052813,25.2915000000003,17.97050000000002
tt_01_to_10,x1.2,VBS,-0.05282399157362372,1.823946429763812,25.292500000000302,17.974500000000024
tt_01_to_10,x1.3,VGS,-1.8032945630832107,0.10153701879834826,17.976500000000026,0.000376561727442413
tt_01_to_10,x1.3,VGD,-1.8002917952620219,0.002055614188251287,17.976500000000026,20.233500000000234
tt_01_to_10,x1.3,VDS,-0.06227431960869079,1.3696392958796397,5.0257000000000005,0.001695028449916741
tt_01_to_10,x1.3,VBS,-0.06202676380259553,1.37425099165017,5.028500000000001,0.002579204869241349
tt_01_to_10,x1.4,VGS,-0.14274262136987476,1.8163268140744044,17.986500000000035,25.008500000000037
tt_01_to_10,x1.4,VGD,-1.108552504807932,1.8242919685800894,17.986500000000035,25.014500000000044
tt_01_to_10,x1.4,VDS,-0.31955906439450144,0.9658165118557451,20.033500000000007,17.985500000000034
tt_01_to_10,x1.4,VBS,-1.1119418185084955,0.024676593623785315,20.001500000000025,25.01050000000004
tt_01_to_10,x1.5,VGS,0.011906277674907512,1.8561554518810743,0.000376561727442413,9.987499999999995
tt_01_to_10,x1.5,VGD,0.02338898488727023,1.8562697520610352,5e-05,5.0251
tt_01_to_10,x1.5,VDS,-0.5072013408777429,0.024001087313304942,0.04950000000000006,25.427500000000453
tt_01_to_10,x1.5,VBS,-0.5096831385983257,0.027285729129691193,0.05050000000000006,25.427500000000453
tt_01_to_10,x1.6,VGS,-1.8009869165826986,1.799998927493019,18.685500000000776,9.975000000000001
tt_01_to_10,x1.6,VGD,-1.800130109358439,0.0032993398583438527,17.973500000000023,20.234500000000235
tt_01_to_10,x1.6,VDS,-0.07316470572746137,1.8122401662412098,20.302500000000315,9.994499999999992
tt_01_to_10,x1.6,VBS,-0.07532918020779,1.8161201485464369,24.977500000000003,9.997499999999992
tt_01_to_10,x1.7,VGS,-1.833361516698045,1.8542385435046256,17.986500000000035,25.298500000000306
tt_01_to_10,x1.7,VGD,-1.8327989254539208,0.05697242840737582,17.986500000000035,25.2915000000003
tt_01_to_10,x1.7,VDS,-0.08603576780050504,1.8139211600554155,18.237500000000267,20.041500000000017
tt_01_to_10,x1.7,VBS,-0.08893333297738581,1.8135608439485205,18.237500000000267,20.042500000000018
tt_01_to_10,x1.8,VGS,-1.8198025570132634,0.04734417011805986,18.2645000000003,0.000376561727442413
tt_01_to_10,x1.8,VGD,-1.8006108161603946,0.0057922185500940415,18.27550000000031,20.235500000000236
tt_01_to_10,x1.8,VDS,-0.0665358769284281,1.299551026190465,5.0265,0.001695028449916741
tt_01_to_10,x1.8,VBS,-0.06594285927438115,1.3269775368842502,5.028500000000001,0.002579204869241349
tt_01_to_10,x1.9,VGS,-1.8722131607789356,1.8135468252863005,22.26650000000254,10.00149999999999
tt_01_to_10,x1.9,VGD,-1.006681250922727,1.816585223054256,18.28350000000032,10.007499999999986
tt_01_to_10,x1.9,VDS,-1.2968764079051238,0.0003546799456047975,0.20749999999999957,9.977500000000001
tt_01_to_10,x1.9,VBS,-1.8722135675886098,0.0193007567327079,22.148500000002407,10.003499999999988
tt_01_to_10,x1.10,VGS,-1.8647380187797162,0.040779167329101806,20.049500000000027,17.97850000000003
tt_01_to_10,x1.10,VGD,-1.2991793746262905,0.7945420104946115,18.925500000001048,0.38749999999999896
tt_01_to_10,x1.10,VDS,-1.8599032697062703,-0.05885467007896296,24.989500000000017,5e-05
tt_01_to_10,x1.10,VBS,-1.8615094515445472,-0.03872727368451104,20.03650000000001,5e-05
tt_01_to_10,x1.11,VGS,-1.812074560410323,1.861880671574688,25.001500000000032,6.009500000000302
tt_01_to_10,x1.11,VGD,-0.019069682088425417,1.8618810277303433,25.002500000000033,5.8655000000002575
tt_01_to_10,x1.11,VDS,-1.819466807259108,0.02452644829193122,25.199500000000196,20.12350000000011
tt_01_to_10,x1.11,VBS,-1.8192437827544128,0.026653348315651654,25.2015000000002,20.12250000000011
tt_01_to_10,x1.12,VGS,0.03900043246203755,1.8612397966259486,0.023499999999999997,5.672500000000198
tt_01_to_10,x1.12,VGD,-1.3180270982769766,0.06211017727992596,0.0050999999999999995,5.027500000000001
tt_01_to_10,x1.12,VDS,0.32454379113814064,1.813373955212062,5e-05,10.418499999999796
tt_01_to_10,x1.12,VBS,0.06177182844837148,1.8133355966072036,5e-05,10.418499999999796
tt_01_to_10,x1.13,VGS,-1.8123956290841798,1.8620577284622948,25.002500000000033,5.036500000000004
tt_01_to_10,x1.13,VGD,-1.8183125898761197,0.06930700445317295,25.002500000000033,5.226500000000062
tt_01_to_10,x1.13,VDS,-0.021365296318222038,1.8196255046458774,25.206500000000204,20.1145000000001
tt_01_to_10,x1.13,VBS,-0.02269732969099736,1.8198226839083045,25.205500000000203,20.117500000000103
tt_01_to_10,x1.14,VGS,-1.8371503654958465,1.8081731033862547,10.29149999999986,25.025000000000002
tt_01_to_10,x1.14,VGD,-0.006642046635199088,1.8012894366867296,0.001695028449916741,25.02050000000005
tt_01_to_10,x1.14,VDS,-1.8366726223467051,0.00835994055586965,10.287499999999863,20.065500000000046
tt_01_to_10,x1.14,VBS,-1.8389109810149955,0.009342031558205385,17.974500000000024,20.066500000000048
tt_01_to_10,x1.15,VGS,-1.8334330028316321,1.8544535554447565,17.986500000000035,25.298500000000306
tt_01_to_10,x1.15,VGD,-0.03331706612952262,1.8560206206820504,17.986500000000035,25.2915000000003
tt_01_to_10,x1.15,VDS,-1.8873133637139345,0.011806828479735791,18.23250000000026,20.041500000000017
tt_01_to_10,x1.15,VBS,-1.8883380655372344,0.013446467480023637,18.234500000000263,20.041500000000017
tt_01_to_10,x1.16,VGS,-0.7695295690458871,1.8167945834605268,20.015500000000042,10.008499999999986
tt_01_to_10,x1.16,VGD,-1.0857411726556203,1.8251824907553365,19.999500000000022,10.015499999999982
tt_01_to_10,x1.16,VDS,-0.7478199818815583,0.3179948400318846,25.015500000000046,19.999500000000022
tt_01_to_10,x1.16,VBS,-1.1310929195103792,0.02476843317987617,17.97850000000003,10.010499999999984
tt_01_to_10,x1.17,VGS,-1.8686343545897184,0.037925369147855825,5.040500000000005,25.0265
tt_01_to_10,x1.17,VGD,-1.082991485397041,0.7829399386667625,18.059500000000067,18.579500000000657
tt_01_to_10,x1.17,VDS,-1.8508468836156782,-0.07585559793306049,9.988499999999995,5e-05
tt_01_to_10,x1.17,VBS,-1.8608337705733642,-0.045865175332074654,5.0265,5e-05
tt_01_to_10,x1.18,VGS,-1.1138040343301796,1.799999334357582,18.268500000000305,9.975000000000001
tt_01_to_10,x1.18,VGD,-0.012215183140876782,1.7999998960327375,0.09749999999999995,9.975000000000001
tt_01_to_10,x1.18,VDS,-1.1131158797729395,0.03507965275142216,18.267500000000304,25.015500000000046
tt_01_to_10,x1.18,VBS,-1.1129409340197443,0.03347900398038057,18.267500000000304,25.012500000000042
tt_01_to_10,x1.19,VGS,-1.2647667622569674,1.8248250870349612,17.983500000000035,25.02050000000005
tt_01_to_10,x1.19,VGD,-1.1082813949298689,1.825122107603819,17.986500000000035,25.016500000000047
tt_01_to_10,x1.19,VDS,-1.2194960414156422,0.035135921883389876,10.014499999999982,0.13749999999999982
tt_01_to_10,x1.19,VBS,-1.3001352944376434,0.03520081166040643,18.916500000001037,25.02050000000005
tt_01_to_10,x1.20,VGS,-1.815358655857132,1.872213476485182,10.003499999999988,22.15750000000242
tt_01_to_10,x1.20,VGD,-1.8185930096879739,0.0737632536861752,10.003499999999988,20.296500000000307
tt_01_to_10,x1.20,VDS,-0.021569620142232848,1.82077688879878,10.205499999999907,5.113500000000027
tt_01_to_10,x1.20,VBS,-0.02291692905662024,1.8209264645236958,10.205499999999907,5.116500000000028
tt_01_to_10,x1.21,VGS,0.05628455136161069,1.8582991188327298,5e-05,9.988499999999995
tt_01_to_10,x1.21,VGD,-1.2882572158838146,0.0662960593354387,0.005699999999999999,5.0265
tt_01_to_10,x1.21,VDS,0.15779700825717013,1.8282996020254303,5e-05,10.01849999999998
tt_01_to_10,x1.21,VBS,0.034196867541388176,1.8277649709187904,5e-05,10.01949999999998
tt_01_to_10,x1.22,VGS,-1.8720876080570075,1.814279712486411,5.049500000000007,25.001500000000032
tt_01_to_10,x1.22,VGD,-0.14593114326859036,1.8176108082645137,18.074500000000082,25.008500000000037
tt_01_to_10,x1.22,VDS,-1.7936811938729142,0.00043232763528636836,6.670500000000505,24.977500000000003
tt_01_to_10,x1.22,VBS,-1.8630426134847218,0.01912614684783859,20.03450000000001,25.00350000000003
tt_01_to_10,x1.23,VGS,-1.8345364461332605,1.8092106579703902,10.29149999999986,20.066500000000048
tt_01_to_10,x1.23,VGD,-1.8020339270209418,0.0012262829245885953,10.304499999999853,25.025000000000002
tt_01_to_10,x1.23,VDS,-0.043339700014129345,1.8090612420188743,17.97850000000003,20.066500000000048
tt_01_to_10,x1.23,VBS,-0.04923697451042308,1.8090542411156514,17.977500000000028,20.066500000000048
tt_01_to_10,x1.24,VGS,-1.8565995289875001,1.812403127842488,25.2915000000003,5.0685000000000136
tt_01_to_10,x1.24,VGD,-0.0008422793852740759,1.8080440053921405,18.0015,0.001695028449916741
tt_01_to_10,x1.24,VDS,-1.8564117478296982,0.03317969768799129,25.2905000000003,17.985500000000034
tt_01_to_10,x1.24,VBS,-1.8564005786697737,0.16564757127902818,25.2905000000003,5e-05
tt_01_to_10,x1.25,VGS,-1.81524648284455,1.87221349579964,10.002499999999989,22.156500000002417
tt_01_to_10,x1.25,VGD,-0.018973114537622474,1.8722135459317275,10.002499999999989,22.152500000002412
tt_01_to_10,x1.25,VDS,-1.820745811509721,0.024909371025936024,10.199499999999908,5.1215000000000295
tt_01_to_10,x1.25,VBS,-1.8204724363615854,0.027047521885459867,10.202499999999906,5.120500000000029
tt_01_to_10,x1.26,VGS,-1.2319638557379806,1.8261096023394228,30.000000000000004,10.021499999999978
tt_01_to_10,x1.26,VGD,-1.0857671209773538,1.8261369261072475,19.999500000000022,10.01749999999998
tt_01_to_10,x1.26,VDS,-1.2078188390678166,0.037941209887653815,25.015500000000046,18.50250000000057
tt_01_to_10,x1.26,VBS,-1.231972264930877,0.03346607087485231,30.000000000000004,10.020499999999979
tt_01_to_10,x1.27,VGS,-1.8251891436573018,1.7999982710771425,18.24850000000028,24.975000000000005
tt_01_to_10,x1.27,VGD,-1.8009609939233435,0.004919524324577429,18.254500000000288,20.236500000000238
tt_01_to_10,x1.27,VDS,-0.06930335516172637,1.812256342832518,5.226500000000062,24.994500000000023
tt_01_to_10,x1.27,VBS,-0.06930317646974782,1.8160975235364762,5.226500000000062,24.997500000000027
tt_01_to_10,x1.28,VGS,-1.8162654445744608,1.8436300922128142,25.23050000000023,17.97850000000003
tt_01_to_10,x1.28,VGD,-1.8077522714684622,0.044181786137230894,20.065500000000046,17.97850000000003
tt_01_to_10,x1.28,VDS,-0.01867367252226959,1.8092170835018153,25.208500000000207,18.048500000000054
tt_01_to_10,x1.28,VBS,-0.02004679383369723,1.8093326409986428,25.208500000000207,18.05350000000006
tt_01_to_10,x2.mp1,VGS,-1.8147067233650913,-1.0709850949143869,10.417499999999796,0.05250000000000007
tt_01_to_10,x2.mp1,VGD,-1.8144249646888024,-0.4293398026574884,10.419499999999795,0.04350000000000004
tt_01_to_10,x2.mp1,VDS,-1.1012739297191945,0.0008154499538903792,0.000376561727442413,10.466499999999769
tt_01_to_10,x2.mp1,VBS,0.0,0.0,5e-05,5e-05
tt_01_to_10,x2.mn1,VGS,-0.014706723365091245,0.7290149050856133,10.417499999999796,0.05250000000000007
tt_01_to_10,x2.mn1,VGD,-1.8144249646888024,-0.4293398026574884,10.419499999999795,0.04350000000000004
tt_01_to_10,x2.mn1,VDS,0.6987260702808057,1.8008154499538904,0.000376561727442413,10.466499999999769
tt_01_to_10,x2.mn1,VBS,0.0,0.0,5e-05,5e-05
tt_01_to_10,x2.mp2,VGS,-1.1012739297191945,0.0008154499538903792,0.000376561727442413,10.466499999999769
tt_01_to_10,x2.mp2,VGD,0.6623067218445816,1.8008009255813218,0.000376561727442413,10.467499999999768
tt_01_to_10,x2.mp2,VDS,-1.8000109683980658,-1.7371227874737145,5.28650000000008,0.020499999999999997
tt_01_to_10,x2.mp2,VBS,0.0,0.0,5e-05,5e-05
tt_01_to_10,x2.mn2,VGS,0.6987260702808057,1.8008154499538904,0.000376561727442413,10.466499999999769
tt_01_to_10,x2.mn2,VGD,0.6623067218445816,1.8008009255813218,0.000376561727442413,10.467499999999768
tt_01_to_10,x2.mn2,VDS,-1.0968398065772618e-05,0.06287721252628556,5.28650000000008,0.020499999999999997
tt_01_to_10,x2.mn2,VBS,0.0,0.0,5e-05,5e-05
tt_01_to_10,x3.mp1,VGS,-1.824499271035871,0.021688555678293975,5.119500000000029,10.203499999999906
tt_01_to_10,x3.mp1,VGD,-1.8231988182861965,1.8216625621645817,5.120500000000029,10.204499999999905
tt_01_to_10,x3.mp1,VDS,-1.8207068869194154,0.05556079484578924,10.379499999999815,5.223500000000061
tt_01_to_10,x3.mp1,VBS,0.0,0.0,5e-05,5e-05
tt_01_to_10,x3.mn1,VGS,-0.024499271035870948,1.821688555678294,5.119500000000029,10.203499999999906
tt_01_to_10,x3.mn1,VGD,-1.8231988182861965,1.8216625621645817,5.120500000000029,10.204499999999905
tt_01_to_10,x3.mn1,VDS,-0.02070688691941526,1.8555607948457893,10.379499999999815,5.223500000000061
tt_01_to_10,x3.mn1,VBS,0.0,0.0,5e-05,5e-05
tt_01_to_10,x3.mp2,VGS,-1.8207068869194154,0.05556079484578924,10.379499999999815,5.223500000000061
tt_01_to_10,x3.mp2,VGD,-1.8201535596945448,1.8549962692083586,10.379499999999815,5.223500000000061
tt_01_to_10,x3.mp2,VDS,-1.8247659240244978,0.027496308428783145,5.28550000000008,10.455499999999775
tt_01_to_10,x3.mp2,VBS,0.0,0.0,5e-05,5e-05
tt_01_to_10,x3.mn2,VGS,-0.02070688691941526,1.8555607948457893,10.379499999999815,5.223500000000061
tt_01_to_10,x3.mn2,VGD,-1.8201535596945448,1.8549962692083586,10.379499999999815,5.223500000000061
tt_01_to_10,x3.mn2,VDS,-0.024765924024497725,1.8274963084287832,5.28550000000008,10.455499999999775
tt_01_to_10,x3.mn2,VBS,0.0,0.0,5e-05,5e-05
tt_01_to_10,x4.mp1,VGS,-1.8331233622972096,-1.2797670239619763,10.024999999999999,0.05250000000000007
tt_01_to_10,x4.mp1,VGD,-1.8316803501109824,-0.5443528076334213,10.024999999999999,0.000376561727442413
tt_01_to_10,x4.mp1,VDS,-1.1039051410332004,0.002611836908176457,0.000376561727442413,4.994500000000006
tt_01_to_10,x4.mp1,VBS,0.0,0.0,5e-05,5e-05
tt_01_to_10,x4.mn1,VGS,-0.03312336229720949,0.5202329760380238,10.024999999999999,0.05250000000000007
tt_01_to_10,x4.mn1,VGD,-1.8316803501109824,-0.5443528076334213,10.024999999999999,0.000376561727442413
tt_01_to_10,x4.mn1,VDS,0.6960948589667997,1.8026118369081765,0.000376561727442413,4.994500000000006
tt_01_to_10,x4.mn1,VBS,0.0,0.0,5e-05,5e-05
tt_01_to_10,x4.mp2,VGS,-1.1039051410332004,0.002611836908176457,0.000376561727442413,4.994500000000006
tt_01_to_10,x4.mp2,VGD,0.6597215662769819,1.8025583991124008,0.000376561727442413,4.995500000000006
tt_01_to_10,x4.mp2,VDS,-1.800077187081348,-1.737047848609548,5.038500000000004,0.019499999999999997
tt_01_to_10,x4.mp2,VBS,0.0,0.0,5e-05,5e-05
tt_01_to_10,x4.mn2,VGS,0.6960948589667997,1.8026118369081765,0.000376561727442413,4.994500000000006
tt_01_to_10,x4.mn2,VGD,0.6597215662769819,1.8025583991124008,0.000376561727442413,4.995500000000006
tt_01_to_10,x4.mn2,VDS,-7.718708134789446e-05,0.06295215139045217,5.038500000000004,0.019499999999999997
tt_01_to_10,x4.mn2,VBS,0.0,0.0,5e-05,5e-05
tt_01_to_10,x5.mp1,VGS,-1.8239313225943943,0.020585149091520538,20.121500000000108,25.204500000000202
tt_01_to_10,x5.mp1,VGD,-1.8226317897957385,1.820558658401746,20.12250000000011,25.205500000000203
tt_01_to_10,x5.mp1,VDS,-1.8190236406721365,0.050779060637697215,25.385500000000405,20.234500000000235
tt_01_to_10,x5.mp1,VBS,0.0,0.0,5e-05,5e-05
tt_01_to_10,x5.mn1,VGS,-0.02393132259439421,1.8205851490915206,20.121500000000108,25.204500000000202
tt_01_to_10,x5.mn1,VGD,-1.8226317897957385,1.820558658401746,20.12250000000011,25.205500000000203
tt_01_to_10,x5.mn1,VDS,-0.019023640672136462,1.8507790606376973,25.385500000000405,20.234500000000235
tt_01_to_10,x5.mn1,VBS,0.0,0.0,5e-05,5e-05
tt_01_to_10,x5.mp2,VGS,-1.8190236406721365,0.050779060637697215,25.385500000000405,20.234500000000235
tt_01_to_10,x5.mp2,VGD,-1.8185283122991782,1.8503317923251983,25.385500000000405,20.234500000000235
tt_01_to_10,x5.mp2,VDS,-1.823273592140614,0.027177870851818886,20.302500000000315,25.466500000000497
tt_01_to_10,x5.mp2,VBS,0.0,0.0,5e-05,5e-05
tt_01_to_10,x5.mn2,VGS,-0.019023640672136462,1.8507790606376973,25.385500000000405,20.234500000000235
tt_01_to_10,x5.mn2,VGD,-1.8185283122991782,1.8503317923251983,25.385500000000405,20.234500000000235
tt_01_to_10,x5.mn2,VDS,-0.02327359214061406,1.827177870851819,20.302500000000315,25.466500000000497
tt_01_to_10,x5.mn2,VBS,0.0,0.0,5e-05,5e-05
tt_10_to_01,x1.0,VGS,-1.8449519771149188,1.8362873250589538,17.985500000000034,25.293500000000304
tt_10_to_01,x1.0,VGD,-0.04827048202483142,1.8366934223424023,17.987500000000036,25.286500000000295
tt_10_to_01,x1.0,VDS,-1.8203326641843924,0.0074384782494244794,10.208499999999905,20.054500000000033
tt_10_to_01,x1.0,VBS,-1.820248826972117,0.011084752283204713,10.209499999999904,5.980000000851968e-05
tt_10_to_01,x1.1,VGS,-0.024272120677029996,1.858505420000701,0.00037129785434456393,6.881500000000569
tt_10_to_01,x1.1,VGD,0.03555091425261047,1.8585055116040003,5e-05,6.845500000000558
tt_10_to_01,x1.1,VDS,-0.7352619656713584,0.013186250957198442,0.05450000000000007,25.41650000000044
tt_10_to_01,x1.1,VBS,-0.737640703816746,0.015034878611821068,0.05550000000000007,25.41750000000044
tt_10_to_01,x1.2,VGS,-1.8526448336059118,1.825793684681065,10.29249999999986,18.456500000000517
tt_10_to_01,x1.2,VGD,-1.8037562167769616,0.000569031988212787,10.295499999999858,18.0015
tt_10_to_01,x1.2,VDS,-0.04888955500121006,1.8256201796743927,10.29149999999986,18.456500000000517
tt_10_to_01,x1.2,VBS,-0.05282454258196956,1.825586023284941,10.29249999999986,18.456500000000517
tt_10_to_01,x1.3,VGS,-1.8209348137501724,0.09410688497535513,18.2635000000003,0.00023192325550426885
tt_10_to_01,x1.3,VGD,-1.8007289471524202,0.002055847214129658,18.295500000000334,5.2315000000000635
tt_10_to_01,x1.3,VDS,-0.06199061490895397,1.3586457234250675,5.0257000000000005,0.001813157549698868
tt_10_to_01,x1.3,VBS,-0.06167368722478539,1.3639306701106613,9.977500000000001,0.0027799253941787733
tt_10_to_01,x1.4,VGS,-0.9374109556499718,1.8163284630271368,18.32750000000037,10.008499999999986
tt_10_to_01,x1.4,VGD,-1.0897434495644145,1.8242937275217608,19.999500000000022,10.014499999999982
tt_10_to_01,x1.4,VDS,-0.8199602895275738,0.25216131443815504,25.015500000000046,19.999500000000022
tt_10_to_01,x1.4,VBS,-1.1302756592539118,0.024673697786184855,17.976500000000026,10.010499999999984
tt_10_to_01,x1.5,VGS,0.008648461004054808,1.8547350921441617,0.00037129785434456393,24.987500000000015
tt_10_to_01,x1.5,VGD,0.022714109082264983,1.8564168001229102,5e-05,5.0251
tt_10_to_01,x1.5,VDS,-0.511020262797839,0.02400100913830169,0.04950000000000006,10.42749999999979
tt_10_to_01,x1.5,VBS,-0.5135285347196408,0.027285705016982343,0.05050000000000006,10.42749999999979
tt_10_to_01,x1.6,VGS,-1.8082828116285792,1.7999988252426427,18.267500000000304,24.975000000000005
tt_10_to_01,x1.6,VGD,-1.80020277930297,0.003299786587469322,18.60950000000069,5.232500000000064
tt_10_to_01,x1.6,VDS,-0.07327396407542697,1.812237454899771,5.300500000000085,24.994500000000023
tt_10_to_01,x1.6,VBS,-0.07541229137929539,1.8161160118792408,9.977500000000001,24.997500000000027
tt_10_to_01,x1.7,VGS,-1.8276975083524185,1.8542428770466324,25.227500000000227,10.298499999999857
tt_10_to_01,x1.7,VGD,-1.8147749083192033,0.056972950621382745,18.462500000000524,10.29249999999986
tt_10_to_01,x1.7,VDS,-0.0319756097884889,1.816263186321617,25.217500000000214,18.063500000000072
tt_10_to_01,x1.7,VBS,-0.03430766785751027,1.8165313680450532,25.217500000000214,18.06850000000008
tt_10_to_01,x1.8,VGS,-1.8019621342723837,0.04328114857562798,18.224500000000255,0.00037129785434456393
tt_10_to_01,x1.8,VGD,-1.7999970357622308,0.005793296627336186,30.000000000000004,5.233500000000064
tt_10_to_01,x1.8,VDS,-0.06679424153207125,1.3050470988909544,5.0265,0.001813157549698868
tt_10_to_01,x1.8,VBS,-0.06633266518706926,1.32988481001117,5.028500000000001,0.0027799253941787733
tt_10_to_01,x1.9,VGS,-1.8722968508287667,1.8135705024648325,7.2615000000006855,25.001500000000032
tt_10_to_01,x1.9,VGD,-0.1344062341263756,1.816626996154318,17.987500000000036,25.007500000000036
tt_10_to_01,x1.9,VDS,-1.82903971543464,0.00035459307980150725,7.212500000000671,24.977500000000003
tt_10_to_01,x1.9,VBS,-1.8722972794832902,0.019298810213903828,7.140500000000649,25.00350000000003
tt_10_to_01,x1.10,VGS,-1.8635598569935323,0.03844378186784203,5.0505000000000075,25.313500000000325
tt_10_to_01,x1.10,VGD,-1.1197225757355227,0.7365593017353396,17.984500000000036,18.89150000000101
tt_10_to_01,x1.10,VDS,-1.8612394626915119,-0.06344184684346033,9.989499999999994,5e-05
tt_10_to_01,x1.10,VBS,-1.8614186721832051,-0.03775505473969905,5.035500000000003,5e-05
tt_10_to_01,x1.11,VGS,-1.8120828865410858,1.8617523736676396,10.00149999999999,20.984500000001088
tt_10_to_01,x1.11,VGD,-0.019065412965884394,1.8617525630192189,10.002499999999989,20.861500000000948
tt_10_to_01,x1.11,VDS,-1.8194828831771124,0.024657716204488634,10.199499999999908,5.1215000000000295
tt_10_to_01,x1.11,VBS,-1.81925987434337,0.026794161306821107,10.201499999999907,5.120500000000029
tt_10_to_01,x1.12,VGS,0.027099538424431024,1.8585053908237104,0.027499999999999997,6.886500000000571
tt_10_to_01,x1.12,VGD,-1.3140676625540686,0.06179249397441855,0.0053,5.0265
tt_10_to_01,x1.12,VDS,0.3246728121242932,1.8133736651898922,5e-05,25.418500000000442
tt_10_to_01,x1.12,VBS,0.061740352948809404,1.8133355091039702,5e-05,25.418500000000442
tt_10_to_01,x1.13,VGS,-1.8124018655556562,1.8620078555943689,10.002499999999989,20.03650000000001
tt_10_to_01,x1.13,VGD,-1.8183287365469523,0.06917983623900481,10.002499999999989,20.22850000000023
tt_10_to_01,x1.13,VDS,-0.02137554572173994,1.8197778935620237,10.206499999999906,5.1125000000000265
tt_10_to_01,x1.13,VBS,-0.022707986687076298,1.8199673270503471,10.205499999999907,5.1155000000000275
tt_10_to_01,x1.14,VGS,-1.8373706582991824,1.8081884669694595,25.2905000000003,10.024999999999999
tt_10_to_01,x1.14,VGD,-0.00225313770184287,1.803603395552127,20.025100000000002,0.001813157549698868
tt_10_to_01,x1.14,VDS,-1.8368973432563362,0.04834531634595804,25.286500000000295,17.987500000000036
tt_10_to_01,x1.14,VBS,-1.8369119155008953,0.11394875561390158,25.286500000000295,5.42000000036513e-05
tt_10_to_01,x1.15,VGS,-1.830093844303689,1.8544574956980673,25.226500000000225,10.298499999999857
tt_10_to_01,x1.15,VGD,-0.026328682002745407,1.856021675944018,18.456500000000517,10.29149999999986
tt_10_to_01,x1.15,VDS,-1.836213153969917,0.01632572538734009,25.216500000000213,18.076500000000085
tt_10_to_01,x1.15,VBS,-1.8362181878836183,0.017962645580137878,25.216500000000213,18.074500000000082
tt_10_to_01,x1.16,VGS,-0.12678228500519853,1.81679211889259,18.092500000000104,25.008500000000037
tt_10_to_01,x1.16,VGD,-1.0803197345332627,1.825181040821441,17.987500000000036,25.015500000000046
tt_10_to_01,x1.16,VDS,-0.3238805298078967,0.9926179959178587,20.033500000000007,17.98050000000003
tt_10_to_01,x1.16,VBS,-1.1081464285182714,0.024765007607602956,20.001500000000025,25.01050000000004
tt_10_to_01,x1.17,VGS,-1.8690699648977427,0.027703563493164385,20.042500000000018,10.027499999999998
tt_10_to_01,x1.17,VGD,-1.3487842960778267,0.8786508645382249,18.598500000000676,0.18149999999999966
tt_10_to_01,x1.17,VDS,-1.8494268679935955,-0.07579539305869776,24.988500000000016,5e-05
tt_10_to_01,x1.17,VBS,-1.8607915353194815,-0.04550811191994873,20.026500000000002,5e-05
tt_10_to_01,x1.18,VGS,-1.0824937301612638,1.7999992184680438,18.324500000000366,24.975000000000005
tt_10_to_01,x1.18,VGD,-0.012389093047811743,1.799999878837221,0.09749999999999995,24.975000000000005
tt_10_to_01,x1.18,VDS,-1.0894342306267595,0.035078943014295524,19.99650000000002,10.015499999999982
tt_10_to_01,x1.18,VBS,-1.0900329712621697,0.03347780995981875,19.99750000000002,10.012499999999983
tt_10_to_01,x1.19,VGS,-1.2218377036591392,1.8248276160458983,30.000000000000004,10.020499999999979
tt_10_to_01,x1.19,VGD,-1.0897498369545733,1.8251240473331025,19.999500000000022,10.016499999999981
tt_10_to_01,x1.19,VDS,-1.2112757928174023,0.16530326437556275,25.015500000000046,18.314500000000354
tt_10_to_01,x1.19,VBS,-1.2218527121785094,0.03520518380665659,30.000000000000004,10.020499999999979
tt_10_to_01,x1.20,VGS,-1.8153583433867935,1.8722971914013933,25.00350000000003,7.148500000000651
tt_10_to_01,x1.20,VGD,-1.8185836566365876,0.07387328115026737,25.00350000000003,5.294500000000083
tt_10_to_01,x1.20,VDS,-0.02157009947305588,1.8206102324342472,25.205500000000203,20.1155000000001
tt_10_to_01,x1.20,VBS,-0.022917393741679115,1.8207679741162157,25.204500000000202,20.118500000000104
tt_10_to_01,x1.21,VGS,0.05559039868822316,1.8568804368357912,5e-05,24.988500000000016
tt_10_to_01,x1.21,VGD,-1.288511039722943,0.06652763233942971,0.005699999999999999,5.0265
tt_10_to_01,x1.21,VDS,0.157021179842318,1.8282693881977277,5e-05,25.01850000000005
tt_10_to_01,x1.21,VBS,0.033355296571207366,1.8277398260660056,5e-05,25.01950000000005
tt_10_to_01,x1.22,VGS,-1.872765696085132,1.8142680682194094,20.05250000000003,10.00149999999999
tt_10_to_01,x1.22,VGD,-0.8384518528323072,1.8175854057555805,19.974999999999998,10.008499999999986
tt_10_to_01,x1.22,VDS,-1.0776829292765466,0.00043233484994868515,5.055500000000009,9.977500000000001
tt_10_to_01,x1.22,VBS,-1.8627604501546695,0.019122915941626507,20.269500000000278,10.003499999999988
tt_10_to_01,x1.23,VGS,-1.8347412092279238,1.8090944920707412,25.2905000000003,10.024999999999999
tt_10_to_01,x1.23,VGD,-1.8020483388337234,0.3288653751282742,25.303500000000312,0.00023192325550426885
tt_10_to_01,x1.23,VDS,-0.032695375667008975,1.827658205049096,25.2905000000003,17.97250000000002
tt_10_to_01,x1.23,VBS,-0.03532675173995825,1.8354794148973752,25.2905000000003,17.977500000000028
tt_10_to_01,x1.24,VGS,-1.856600165725985,1.8230750348385953,10.29149999999986,18.456500000000517
tt_10_to_01,x1.24,VGD,-0.002472293553904786,1.8023276666428962,0.001813157549698868,18.462500000000524
tt_10_to_01,x1.24,VDS,-1.8564123695970403,0.020775150904410417,10.290499999999861,18.456500000000517
tt_10_to_01,x1.24,VBS,-1.8564011964724443,0.023499948366469476,10.290499999999861,18.456500000000517
tt_10_to_01,x1.25,VGS,-1.8152460649307747,1.8722972107194358,25.002500000000033,7.148500000000651
tt_10_to_01,x1.25,VGD,-0.018971479162836428,1.872297260852689,25.002500000000033,7.14350000000065
tt_10_to_01,x1.25,VDS,-1.8207449111545613,0.02477513520128292,25.199500000000196,20.12350000000011
tt_10_to_01,x1.25,VBS,-1.8204715933795166,0.026900298953634726,25.2025000000002,20.12250000000011
tt_10_to_01,x1.26,VGS,-1.2505024217980363,1.8261084260974956,18.06950000000008,25.021500000000053
tt_10_to_01,x1.26,VGD,-1.080380411850497,1.8261356745098491,17.987500000000036,25.017500000000048
tt_10_to_01,x1.26,VDS,-1.2137132565271014,0.013527423714943199,10.015499999999982,25.295500000000303
tt_10_to_01,x1.26,VBS,-1.4012631928539507,0.03346148313284378,18.346500000000393,25.02050000000005
tt_10_to_01,x1.27,VGS,-1.8000924636779432,1.7999984277240695,25.50350000000054,9.975000000000001
tt_10_to_01,x1.27,VGD,-1.7999967980055152,0.00492026173298421,30.000000000000004,5.2345000000000645
tt_10_to_01,x1.27,VDS,-0.06917617367204532,1.81225739471407,20.22850000000023,9.994499999999992
tt_10_to_01,x1.27,VBS,-0.06917599441214106,1.8161004704744959,20.22850000000023,9.997499999999992
tt_10_to_01,x1.28,VGS,-1.8450492585724985,1.8362349132407287,17.986500000000035,25.2945000000003
tt_10_to_01,x1.28,VGD,-1.847640717264993,0.038158515063999365,17.987500000000036,25.2905000000003
tt_10_to_01,x1.28,VDS,-0.01861932466019578,1.8073840396211347,10.209499999999904,20.054500000000033
tt_10_to_01,x1.28,VBS,-0.01998847223993483,1.8072454625453036,10.210499999999904,20.054500000000033
tt_10_to_01,x2.mp1,VGS,-1.8147064259579953,-1.0540968553074648,25.41750000000044,0.05550000000000007
tt_10_to_01,x2.mp1,VGD,-1.8144246703272864,-0.42106563075277015,25.419500000000443,0.04850000000000005
tt_10_to_01,x2.mp1,VDS,-1.0989006612736443,0.0008154333437522254,0.00037129785434456393,25.466500000000497
tt_10_to_01,x2.mp1,VBS,0.0,0.0,5e-05,5e-05
tt_10_to_01,x2.mn1,VGS,-0.014706425957995295,0.7459031446925354,25.41750000000044,0.05550000000000007
tt_10_to_01,x2.mn1,VGD,-1.8144246703272864,-0.42106563075277015,25.419500000000443,0.04850000000000005
tt_10_to_01,x2.mn1,VDS,0.7010993387263559,1.8008154333437523,0.00037129785434456393,25.466500000000497
tt_10_to_01,x2.mn1,VBS,0.0,0.0,5e-05,5e-05
tt_10_to_01,x2.mp2,VGS,-1.0989006612736443,0.0008154333437522254,0.00037129785434456393,25.466500000000497
tt_10_to_01,x2.mp2,VGD,0.6650901105002237,1.8008009135497542,0.00037129785434456393,25.4675000000005
tt_10_to_01,x2.mp2,VDS,-1.8000109746571782,-1.737104869428887,20.288500000000298,0.020499999999999997
tt_10_to_01,x2.mp2,VBS,0.0,0.0,5e-05,5e-05
tt_10_to_01,x2.mn2,VGS,0.7010993387263559,1.8008154333437523,0.00037129785434456393,25.466500000000497
tt_10_to_01,x2.mn2,VGD,0.6650901105002237,1.8008009135497542,0.00037129785434456393,25.4675000000005
tt_10_to_01,x2.mn2,VDS,-1.0974657178141004e-05,0.062895130571113,20.288500000000298,0.020499999999999997
tt_10_to_01,x2.mn2,VBS,0.0,0.0,5e-05,5e-05
tt_10_to_01,x3.mp1,VGS,-1.8243408287021063,0.021687679052883713,20.121500000000108,25.2035000000002
tt_10_to_01,x3.mp1,VGD,-1.8230484591441056,1.8216616775031178,20.12250000000011,25.204500000000202
tt_10_to_01,x3.mp1,VDS,-1.8207061264832525,0.055544755793910605,25.379500000000398,20.225500000000228
tt_10_to_01,x3.mp1,VBS,0.0,0.0,5e-05,5e-05
tt_10_to_01,x3.mn1,VGS,-0.02434082870210634,1.8216876790528838,20.121500000000108,25.2035000000002
tt_10_to_01,x3.mn1,VGD,-1.8230484591441056,1.8216616775031178,20.12250000000011,25.204500000000202
tt_10_to_01,x3.mn1,VDS,-0.020706126483252443,1.8555447557939106,25.379500000000398,20.225500000000228
tt_10_to_01,x3.mn1,VBS,0.0,0.0,5e-05,5e-05
tt_10_to_01,x3.mp2,VGS,-1.8207061264832525,0.055544755793910605,25.379500000000398,20.225500000000228
tt_10_to_01,x3.mp2,VGD,-1.8201527813049037,1.8549803767032498,25.379500000000398,20.225500000000228
tt_10_to_01,x3.mp2,VDS,-1.8247640743023212,0.027496035408104857,20.287500000000296,25.455500000000484
tt_10_to_01,x3.mp2,VBS,0.0,0.0,5e-05,5e-05
tt_10_to_01,x3.mn2,VGS,-0.020706126483252443,1.8555447557939106,25.379500000000398,20.225500000000228
tt_10_to_01,x3.mn2,VGD,-1.8201527813049037,1.8549803767032498,25.379500000000398,20.225500000000228
tt_10_to_01,x3.mn2,VDS,-0.024764074302321172,1.827496035408105,20.287500000000296,25.455500000000484
tt_10_to_01,x3.mn2,VBS,0.0,0.0,5e-05,5e-05
tt_10_to_01,x4.mp1,VGS,-1.8331066932623812,-1.2756710342644366,25.025000000000002,0.05150000000000006
tt_10_to_01,x4.mp1,VGD,-1.8316655361036769,-0.5392649008231014,25.025000000000002,0.00037129785434456393
tt_10_to_01,x4.mp1,VDS,-1.101046879988374,0.0026111798331422964,0.00037129785434456393,4.994500000000006
tt_10_to_01,x4.mp1,VBS,0.0,0.0,5e-05,5e-05
tt_10_to_01,x4.mn1,VGS,-0.03310669326238118,0.5243289657355634,25.025000000000002,0.05150000000000006
tt_10_to_01,x4.mn1,VGD,-1.8316655361036769,-0.5392649008231014,25.025000000000002,0.00037129785434456393
tt_10_to_01,x4.mn1,VDS,0.6989531200116262,1.8026111798331423,0.00037129785434456393,4.994500000000006
tt_10_to_01,x4.mn1,VBS,0.0,0.0,5e-05,5e-05
tt_10_to_01,x4.mp2,VGS,-1.101046879988374,0.0026111798331422964,0.00037129785434456393,4.994500000000006
tt_10_to_01,x4.mp2,VGD,0.6629773795000966,1.8025577412506368,0.00037129785434456393,4.995500000000006
tt_10_to_01,x4.mp2,VDS,-1.8000771590163906,-1.7370350944181676,20.038500000000013,0.019499999999999997
tt_10_to_01,x4.mp2,VBS,0.0,0.0,5e-05,5e-05
tt_10_to_01,x4.mn2,VGS,0.6989531200116262,1.8026111798331423,0.00037129785434456393,4.994500000000006
tt_10_to_01,x4.mn2,VGD,0.6629773795000966,1.8025577412506368,0.00037129785434456393,4.995500000000006
tt_10_to_01,x4.mn2,VDS,-7.715901639056109e-05,0.06296490558183251,20.038500000000013,0.019499999999999997
tt_10_to_01,x4.mn2,VBS,0.0,0.0,5e-05,5e-05
tt_10_to_01,x5.mp1,VGS,-1.8240803336199205,0.02059992669479227,5.119500000000029,10.204499999999905
tt_10_to_01,x5.mp1,VGD,-1.8227734950820356,1.8205734446175081,5.120500000000029,10.205499999999907
tt_10_to_01,x5.mp1,VDS,-1.8190236282491246,0.050795340110574294,10.385499999999812,5.232500000000064
tt_10_to_01,x5.mp1,VBS,0.0,0.0,5e-05,5e-05
tt_10_to_01,x5.mn1,VGS,-0.02408033361992047,1.8205999266947923,5.119500000000029,10.204499999999905
tt_10_to_01,x5.mn1,VGD,-1.8227734950820356,1.8205734446175081,5.120500000000029,10.205499999999907
tt_10_to_01,x5.mn1,VDS,-0.019023628249124482,1.8507953401105743,10.385499999999812,5.232500000000064
tt_10_to_01,x5.mn1,VBS,0.0,0.0,5e-05,5e-05
tt_10_to_01,x5.mp2,VGS,-1.8190236282491246,0.050795340110574294,10.385499999999812,5.232500000000064
tt_10_to_01,x5.mp2,VGD,-1.8185282794535278,1.8503475929335773,10.385499999999812,5.232500000000064
tt_10_to_01,x5.mp2,VDS,-1.8232749795704664,0.027177789658172413,5.300500000000085,10.466499999999769
tt_10_to_01,x5.mp2,VBS,0.0,0.0,5e-05,5e-05
tt_10_to_01,x5.mn2,VGS,-0.019023628249124482,1.8507953401105743,10.385499999999812,5.232500000000064
tt_10_to_01,x5.mn2,VGD,-1.8185282794535278,1.8503475929335773,10.385499999999812,5.232500000000064
tt_10_to_01,x5.mn2,VDS,-0.02327497957046636,1.8271777896581725,5.300500000000085,10.466499999999769
tt_10_to_01,x5.mn2,VBS,0.0,0.0,5e-05,5e-05
slow_00_to_11,x1.0,VGS,-1.6324563897204611,1.6678164216287863,25.321500000000334,17.983500000000035
slow_00_to_11,x1.0,VGD,-0.008083020997762584,1.670585929640906,20.075500000000055,17.982500000000034
slow_00_to_11,x1.0,VDS,-1.6336490932740177,0.0878108787760749,25.2915000000003,18.134500000000152
slow_00_to_11,x1.0,VBS,-1.6336457920353042,0.08687683967516996,25.2915000000003,18.134500000000152
slow_00_to_11,x1.1,VGS,-1.6377326315139913,1.6742336805608877,10.011499999999984,21.309500000001456
slow_00_to_11,x1.1,VGD,-0.022635424561946792,1.6742336797040893,10.011499999999984,21.30450000000145
slow_00_to_11,x1.1,VDS,-1.662407387399579,0.06092504290179149,10.419499999999795,5.176500000000046
slow_00_to_11,x1.1,VBS,-1.6625467297958416,0.06030207499390081,10.420499999999794,5.176500000000046
slow_00_to_11,x1.2,VGS,-1.6608106724666214,1.630866441873594,10.414499999999796,20.066500000000048
slow_00_to_11,x1.2,VGD,-1.6281571047149086,0.000423194331941934,0.0019529652366744722,18.0015
slow_00_to_11,x1.2,VDS,-0.046385535459387395,1.630818526817756,17.982500000000034,20.066500000000048
slow_00_to_11,x1.2,VBS,-0.04554130813354229,1.6308097066912783,17.98050000000003,20.066500000000048
slow_00_to_11,x1.3,VGS,-1.6239467486040609,1.6199992398356833,17.98050000000003,9.975000000000001
slow_00_to_11,x1.3,VGD,-1.6203242677601368,0.0013001298579293774,17.981500000000032,20.295500000000306
slow_00_to_11,x1.3,VDS,-0.0542345978405383,1.6365009220838522,20.66950000000073,10.004499999999988
slow_00_to_11,x1.3,VBS,-0.057461402853757226,1.640069606791944,24.977500000000003,10.006499999999987
slow_00_to_11,x1.4,VGS,-0.9507143987910306,1.6431618996960096,30.000000000000004,10.025699999999999
slow_00_to_11,x1.4,VGD,-0.8926523431772283,1.6434416757871884,20.00450000000003,10.024499999999977
slow_00_to_11,x1.4,VDS,-0.938838583167706,0.12078642528735517,25.024500000000057,18.4425000000005
slow_00_to_11,x1.4,VBS,-0.9507258066457813,0.03284837608950168,30.000000000000004,10.026499999999999
slow_00_to_11,x1.5,VGS,-1.6199986406769247,1.6725733857351217,24.975000000000005,9.991499999999993
slow_00_to_11,x1.5,VGD,-0.02510577529204045,1.6656946838255722,25.01150000000004,6.705500000000516
slow_00_to_11,x1.5,VDS,-1.6527220953147335,0.050585767143795,25.402500000000426,20.173500000000168
slow_00_to_11,x1.5,VBS,-1.6528475400821634,0.04974769349331415,25.40450000000043,20.173500000000168
slow_00_to_11,x1.6,VGS,-1.6234108019928744,0.036635843493914244,17.98050000000003,0.0001382000000851968
slow_00_to_11,x1.6,VGD,-1.6202972932823048,0.002079243329764058,17.98050000000003,20.29850000000031
slow_00_to_11,x1.6,VDS,-0.053786073495201814,1.249987117466888,20.026500000000002,0.0019529652366744722
slow_00_to_11,x1.6,VBS,-0.05353927908613354,1.2518622145437086,20.028500000000005,0.002952965236674472
slow_00_to_11,x1.7,VGS,-1.6426056215242297,1.6619502908454777,25.2945000000003,17.982500000000034
slow_00_to_11,x1.7,VGD,-1.6282223294035252,0.04618339720778475,20.05950000000004,17.982500000000034
slow_00_to_11,x1.7,VDS,-0.024042464505559247,1.6651440358808836,25.280500000000288,18.14150000000016
slow_00_to_11,x1.7,VBS,-0.025418908622433678,1.666812125295472,25.28150000000029,18.144500000000164
slow_00_to_11,x1.8,VGS,-1.6406148316436393,1.6199991594163765,18.381500000000432,24.975000000000005
slow_00_to_11,x1.8,VGD,-1.6204977450369584,0.0038857552219833114,18.393500000000444,20.301500000000313
slow_00_to_11,x1.8,VDS,-0.05240856086467427,1.637587811350968,5.0265,25.004500000000032
slow_00_to_11,x1.8,VBS,-0.052035314227456775,1.6410991082428488,5.028500000000001,25.006500000000035
slow_00_to_11,x1.9,VGS,-1.6736983290275982,0.048407877796525556,20.06050000000004,17.982500000000034
slow_00_to_11,x1.9,VGD,-1.0448806045761438,0.8568880212703769,18.851500000000964,0.5564110428997643
slow_00_to_11,x1.9,VDS,-1.6720698114537798,-0.06141725310380922,24.997500000000027,5e-05
slow_00_to_11,x1.9,VBS,-1.6711232457447691,-0.0361328620173544,20.046500000000023,5e-05
slow_00_to_11,x1.10,VGS,-1.674233861721738,1.6354898826928055,21.335500000001485,10.010499999999984
slow_00_to_11,x1.10,VGD,-0.5114722848934552,1.6383148954307278,19.974999999999998,10.015499999999982
slow_00_to_11,x1.10,VDS,-1.245451600695585,0.00022361415520311687,0.334411042899765,9.976500000000001
slow_00_to_11,x1.10,VBS,-1.6742337188582526,0.023011954974269198,21.26950000000141,10.012499999999983
slow_00_to_11,x1.11,VGS,0.01866257702875579,1.669260520846122,0.0002278000001717459,5.032500000000002
slow_00_to_11,x1.11,VGD,0.019968362471960266,1.669127424232895,5e-05,5.0265
slow_00_to_11,x1.11,VDS,-0.37605239891811904,0.019249704203737665,0.09141104289976582,25.624500000000676
slow_00_to_11,x1.11,VBS,-0.3762931269494841,0.021897174685960252,0.09241104289976582,25.625500000000677
slow_00_to_11,x1.12,VGS,-1.6378570790291986,1.6742336806879379,10.012499999999983,21.309500000001456
slow_00_to_11,x1.12,VGD,-1.642035951071961,0.05427662479703166,10.012499999999983,20.517500000000556
slow_00_to_11,x1.12,VDS,-0.04384774952976955,1.6740671481855167,10.422499999999793,5.173500000000045
slow_00_to_11,x1.12,VBS,-0.04377009807120591,1.6756572285776707,10.422499999999793,5.175500000000046
slow_00_to_11,x1.13,VGS,0.057762011960181686,1.6694604563968132,5e-05,5.033500000000003
slow_00_to_11,x1.13,VGD,-1.2237488748855765,0.05472645893281536,0.006411042899765847,5.027500000000001
slow_00_to_11,x1.13,VDS,0.1645455606734293,1.638956377728565,5e-05,25.62850000000068
slow_00_to_11,x1.13,VBS,0.039507892670519115,1.6389336902694118,5e-05,25.62850000000068
slow_00_to_11,x1.14,VGS,-1.6607659641244663,1.6271313241261076,10.452499999999777,25.025000000000002
slow_00_to_11,x1.14,VGD,-0.006061384329002645,1.6210141626298,0.0012092464324210935,25.025000000000002
slow_00_to_11,x1.14,VDS,-1.6645785542326026,0.006168387329963645,17.977500000000028,20.075500000000055
slow_00_to_11,x1.14,VBS,-1.667319748970966,0.0068905329071976655,17.97850000000003,20.075500000000055
slow_00_to_11,x1.15,VGS,-1.6440200215226657,1.6623044414554926,25.293500000000304,17.983500000000035
slow_00_to_11,x1.15,VGD,-0.011673633392144963,1.6652205570315237,20.065500000000046,17.982500000000034
slow_00_to_11,x1.15,VDS,-1.646551832550403,0.05008407532967391,25.28150000000029,18.146500000000167
slow_00_to_11,x1.15,VBS,-1.6465550193799692,0.04953839421143176,25.28150000000029,18.146500000000167
slow_00_to_11,x1.16,VGS,-0.9615647050240811,1.6453586711386865,17.986500000000035,25.0265
slow_00_to_11,x1.16,VGD,-0.8239561561622217,1.6455042253251424,17.994500000000045,25.025000000000002
slow_00_to_11,x1.16,VDS,-0.9409458949593713,0.0091482710309988,10.024499999999977,25.39050000000041
slow_00_to_11,x1.16,VBS,-1.0450692292549049,0.035054641775718445,18.82750000000094,25.0265
slow_00_to_11,x1.17,VGS,-1.7043283403980454,1.6378841972729996,18.135500000000153,25.01050000000004
slow_00_to_11,x1.17,VGD,-0.14257090947831333,1.6401917186459063,18.13350000000015,25.015500000000046
slow_00_to_11,x1.17,VDS,-1.6278324387615455,0.00038635962096571436,9.20549999999983,24.977500000000003
slow_00_to_11,x1.17,VBS,-1.66768074366792,0.024946831911921104,5.0253,25.012500000000042
slow_00_to_11,x1.18,VGS,-0.8682806970504061,1.619999221484408,19.974999999999998,9.975000000000001
slow_00_to_11,x1.18,VGD,-0.009680699040110544,1.6199998753078215,0.003952965236674472,9.975000000000001
slow_00_to_11,x1.18,VDS,-0.8930114300339416,0.03538330381986964,20.001500000000025,25.025000000000002
slow_00_to_11,x1.18,VBS,-0.8936827133249877,0.033532490110630045,20.002500000000026,25.0275
slow_00_to_11,x1.19,VGS,-0.5114372065208378,1.6377533149885664,19.974999999999998,10.014499999999982
slow_00_to_11,x1.19,VGD,-0.8926633366586437,1.6427574931169933,20.00450000000003,10.022499999999978
slow_00_to_11,x1.19,VDS,-0.5215572597402031,0.3831024999061975,25.023500000000055,20.00450000000003
slow_00_to_11,x1.19,VBS,-0.8799034361067678,0.027134323318218075,17.982500000000034,10.01749999999998
slow_00_to_11,x1.20,VGS,0.0698299443504869,1.6692450002387642,5e-05,20.0257
slow_00_to_11,x1.20,VGD,-1.2226390013809996,0.053657861434309506,0.005658486686557395,20.027500000000003
slow_00_to_11,x1.20,VDS,0.22340548111819422,1.6322411670563366,5e-05,10.622499999999688
slow_00_to_11,x1.20,VBS,0.04978280371505189,1.632237916123054,5e-05,10.622499999999688
slow_00_to_11,x1.21,VGS,-1.619998666441504,1.674771211073371,24.975000000000005,9.992499999999993
slow_00_to_11,x1.21,VGD,-1.6412726084053837,0.05216787561643699,25.01150000000004,5.0265
slow_00_to_11,x1.21,VDS,-0.03570609601076358,1.662058772854973,25.40650000000043,20.169500000000163
slow_00_to_11,x1.21,VBS,-0.03557524256900946,1.6635444932673455,25.40650000000043,20.171500000000165
slow_00_to_11,x1.22,VGS,-1.6995186230310664,0.019593672435932685,18.135500000000153,25.069500000000048
slow_00_to_11,x1.22,VGD,-0.8242414758424761,0.822493100721704,17.98950000000004,18.68150000000077
slow_00_to_11,x1.22,VDS,-1.6652546030314044,-0.05915193999964375,9.99649999999999,5e-05
slow_00_to_11,x1.22,VBS,-1.6712155575187941,-0.03834259516965423,5.0415000000000045,5e-05
slow_00_to_11,x1.23,VGS,-1.6585290284105734,1.6279135097898036,10.453499999999776,25.025000000000002
slow_00_to_11,x1.23,VGD,-1.6219137080728094,0.0009733367994855247,10.455499999999775,25.025000000000002
slow_00_to_11,x1.23,VDS,-0.051979768913640756,1.6269752299760174,17.981500000000032,25.0257
slow_00_to_11,x1.23,VBS,-0.05120285852884576,1.6268914292896517,17.98050000000003,25.025000000000002
slow_00_to_11,x1.24,VGS,-1.6631724800469223,1.6297286488523965,10.414499999999796,20.066500000000048
slow_00_to_11,x1.24,VGD,-0.0019573835960224415,1.6207624345428029,0.0012092464324210935,25.025000000000002
slow_00_to_11,x1.24,VDS,-1.6631294305980786,0.008972157793076274,10.414499999999796,20.065500000000046
slow_00_to_11,x1.24,VBS,-1.6631263470720792,0.010094000280472826,10.414499999999796,20.066500000000048
slow_00_to_11,x1.25,VGS,0.002847515807702719,1.669251616407955,0.0002278000001717459,20.026500000000002
slow_00_to_11,x1.25,VGD,0.02470912459157125,1.668703287682792,5e-05,5.0265
slow_00_to_11,x1.25,VDS,-0.4307885151300372,0.011203080691078834,0.09141104289976582,10.621499999999688
slow_00_to_11,x1.25,VBS,-0.4312191583988918,0.012751492826746095,0.09241104289976582,10.621499999999688
slow_00_to_11,x1.26,VGS,-0.10471187135342358,1.639302599344488,18.14950000000017,25.015500000000046
slow_00_to_11,x1.26,VGD,-0.8238854292795706,1.6447172243423847,17.994500000000045,25.024500000000057
slow_00_to_11,x1.26,VDS,-0.29263421931564615,0.7561534192720173,20.041500000000017,17.984500000000036
slow_00_to_11,x1.26,VBS,-0.8721329628099292,0.028633575463868646,20.01250000000004,25.017500000000048
slow_00_to_11,x1.27,VGS,-1.6409191147866418,0.023055329456282747,18.408500000000462,0.0002278000001717459
slow_00_to_11,x1.27,VGD,-1.6206113617794173,0.003123037748324453,18.48550000000055,20.29950000000031
slow_00_to_11,x1.27,VDS,-0.054861031246249414,1.2398213745320792,5.0265,0.0019529652366744722
slow_00_to_11,x1.27,VBS,-0.05458225621192336,1.2488932055123128,5.028500000000001,0.002952965236674472
slow_00_to_11,x1.28,VGS,-1.6317141326112965,1.6675109371767285,25.323500000000337,17.982500000000034
slow_00_to_11,x1.28,VGD,-1.626266615545953,0.051698683593159434,25.0265,17.982500000000034
slow_00_to_11,x1.28,VDS,-0.01275865608593163,1.6973683369912111,25.285500000000294,18.127500000000143
slow_00_to_11,x1.28,VBS,-0.013493924184924566,1.7013694861375992,25.285500000000294,18.130500000000147
slow_00_to_11,x2.mp1,VGS,-1.6792274945960983,0.04341597335271663,5.176500000000046,10.422499999999793
slow_00_to_11,x2.mp1,VGD,-1.6758272602760855,1.6633316565594423,5.177500000000046,10.422499999999793
slow_00_to_11,x2.mp1,VDS,-1.6810920722977098,0.08099432114954741,10.605499999999697,5.307500000000086
slow_00_to_11,x2.mp1,VBS,0.0,0.0,5e-05,5e-05
slow_00_to_11,x2.mn1,VGS,-0.05922749459609822,1.6634159733527167,5.176500000000046,10.422499999999793
slow_00_to_11,x2.mn1,VGD,-1.6758272602760855,1.6633316565594423,5.177500000000046,10.422499999999793
slow_00_to_11,x2.mn1,VDS,-0.06109207229770973,1.7009943211495475,10.605499999999697,5.307500000000086
slow_00_to_11,x2.mn1,VBS,0.0,0.0,5e-05,5e-05
slow_00_to_11,x2.mp2,VGS,-1.6810920722977098,0.08099432114954741,10.605499999999697,5.307500000000086
slow_00_to_11,x2.mp2,VGD,-1.6792491849208198,1.7003207481540992,10.605499999999697,5.307500000000086
slow_00_to_11,x2.mp2,VDS,-1.6509906614721552,0.029220884629784782,5.38350000000011,10.702499999999647
slow_00_to_11,x2.mp2,VBS,0.0,0.0,5e-05,5e-05
slow_00_to_11,x2.mn2,VGS,-0.06109207229770973,1.7009943211495475,10.605499999999697,5.307500000000086
slow_00_to_11,x2.mn2,VGD,-1.6792491849208198,1.7003207481540992,10.605499999999697,5.307500000000086
slow_00_to_11,x2.mn2,VDS,-0.030990661472155196,1.649220884629785,5.38350000000011,10.702499999999647
slow_00_to_11,x2.mn2,VBS,0.0,0.0,5e-05,5e-05
slow_00_to_11,x3.mp1,VGS,-1.6331191663036315,-1.1859620836019988,10.622499999999688,0.0944110428997658
slow_00_to_11,x3.mp1,VGD,-1.6328230857486965,-0.45193562258442815,10.623499999999687,0.003952965236674472
slow_00_to_11,x3.mp1,VDS,-1.0100253417153735,0.0008119116041380714,0.00040700000034484413,10.67549999999966
slow_00_to_11,x3.mp1,VBS,0.0,0.0,5e-05,5e-05
slow_00_to_11,x3.mn1,VGS,-0.013119166303631441,0.43403791639800127,10.622499999999688,0.0944110428997658
slow_00_to_11,x3.mn1,VGD,-1.6328230857486965,-0.45193562258442815,10.623499999999687,0.003952965236674472
slow_00_to_11,x3.mn1,VDS,0.6099746582846266,1.6208119116041382,0.00040700000034484413,10.67549999999966
slow_00_to_11,x3.mn1,VBS,0.0,0.0,5e-05,5e-05
slow_00_to_11,x3.mp2,VGS,-1.0100253417153735,0.0008119116041380714,0.00040700000034484413,10.67549999999966
slow_00_to_11,x3.mp2,VGD,0.5756572382023774,1.6207983804838182,0.00040700000034484413,10.67649999999966
slow_00_to_11,x3.mp2,VDS,-1.6200093475740263,-1.5695835677816479,18.00950000000001,0.03941104289976587
slow_00_to_11,x3.mp2,VBS,0.0,0.0,5e-05,5e-05
slow_00_to_11,x3.mn2,VGS,0.6099746582846266,1.6208119116041382,0.00040700000034484413,10.67549999999966
slow_00_to_11,x3.mn2,VGD,0.5756572382023774,1.6207983804838182,0.00040700000034484413,10.67649999999966
slow_00_to_11,x3.mn2,VDS,-9.347574026253994e-06,0.05041643221835216,18.00950000000001,0.03941104289976587
slow_00_to_11,x3.mn2,VBS,0.0,0.0,5e-05,5e-05
slow_00_to_11,x4.mp1,VGS,-1.6681533072168553,0.034120523092438404,20.17450000000017,25.40650000000043
slow_00_to_11,x4.mp1,VGD,-1.6652824951248348,1.6540478367981433,20.17450000000017,25.407500000000432
slow_00_to_11,x4.mp1,VDS,-1.6768389114924682,0.0709238610317302,25.60950000000066,20.340500000000358
slow_00_to_11,x4.mp1,VBS,0.0,0.0,5e-05,5e-05
slow_00_to_11,x4.mn1,VGS,-0.048153307216855075,1.6541205230924385,20.17450000000017,25.40650000000043
slow_00_to_11,x4.mn1,VGD,-1.6652824951248348,1.6540478367981433,20.17450000000017,25.407500000000432
slow_00_to_11,x4.mn1,VDS,-0.05683891149246814,1.6909238610317303,25.60950000000066,20.340500000000358
slow_00_to_11,x4.mn1,VBS,0.0,0.0,5e-05,5e-05
slow_00_to_11,x4.mp2,VGS,-1.6768389114924682,0.0709238610317302,25.60950000000066,20.340500000000358
slow_00_to_11,x4.mp2,VGD,-1.675176977404733,1.6904735217603766,25.60950000000066,20.340500000000358
slow_00_to_11,x4.mp2,VDS,-1.648834104102994,0.02898907117627214,20.43350000000046,25.713500000000778
slow_00_to_11,x4.mp2,VBS,0.0,0.0,5e-05,5e-05
slow_00_to_11,x4.mn2,VGS,-0.05683891149246814,1.6909238610317303,25.60950000000066,20.340500000000358
slow_00_to_11,x4.mn2,VGD,-1.675176977404733,1.6904735217603766,25.60950000000066,20.340500000000358
slow_00_to_11,x4.mn2,VDS,-0.02883410410299388,1.6489890711762722,20.43350000000046,25.713500000000778
slow_00_to_11,x4.mn2,VBS,0.0,0.0,5e-05,5e-05
slow_00_to_11,x5.mp1,VGS,-1.6410630584544736,-1.2403794670651997,25.62750000000068,0.0944110428997658
slow_00_to_11,x5.mp1,VGD,-1.6406973355197407,-0.47892923945998284,25.62850000000068,0.002952965236674472
slow_00_to_11,x5.mp1,VDS,-1.011598121787299,0.0011278000686174572,0.00040700000034484413,25.692500000000756
slow_00_to_11,x5.mp1,VBS,0.0,0.0,5e-05,5e-05
slow_00_to_11,x5.mn1,VGS,-0.021063058454473534,0.3796205329348003,25.62750000000068,0.0944110428997658
slow_00_to_11,x5.mn1,VGD,-1.6406973355197407,-0.47892923945998284,25.62850000000068,0.002952965236674472
slow_00_to_11,x5.mn1,VDS,0.6084018782127012,1.6211278000686176,0.00040700000034484413,25.692500000000756
slow_00_to_11,x5.mn1,VBS,0.0,0.0,5e-05,5e-05
slow_00_to_11,x5.mp2,VGS,-1.011598121787299,0.0011278000686174572,0.00040700000034484413,25.692500000000756
slow_00_to_11,x5.mp2,VGD,0.5741091970031731,1.6211134172795563,0.00040700000034484413,25.693500000000757
slow_00_to_11,x5.mp2,VDS,-1.620015767058376,-1.5693770631621236,20.03650000000001,0.03741104289976587
slow_00_to_11,x5.mp2,VBS,0.0,0.0,5e-05,5e-05
slow_00_to_11,x5.mn2,VGS,0.6084018782127012,1.6211278000686176,0.00040700000034484413,25.692500000000756
slow_00_to_11,x5.mn2,VGD,0.5741091970031731,1.6211134172795563,0.00040700000034484413,25.693500000000757
slow_00_to_11,x5.mn2,VDS,-1.576705837571629e-05,0.05062293683787655,20.03650000000001,0.03741104289976587
slow_00_to_11,x5.mn2,VBS,0.0,0.0,5e-05,5e-05
slow_11_to_00,x1.0,VGS,-1.670938442722428,1.6603572029081077,17.994500000000045,25.456500000000485
slow_11_to_00,x1.0,VGD,-0.060618741673411365,1.660616522689058,17.994500000000045,25.45050000000048
slow_11_to_00,x1.0,VDS,-1.6921940236719075,0.008001830774710924,18.348500000000396,18.831500000000943
slow_11_to_00,x1.0,VBS,-1.6925791827677805,0.010189348988433745,18.350500000000398,5.9800000009466315e-05
slow_11_to_00,x1.1,VGS,-1.6377300758691262,1.6744438868448228,25.01150000000004,6.350500000000406
slow_11_to_00,x1.1,VGD,-0.022632659276434756,1.6744438873886154,25.01150000000004,6.344500000000405
slow_11_to_00,x1.1,VDS,-1.6623993682049967,0.06072823715635508,25.419500000000443,20.179500000000175
slow_11_to_00,x1.1,VBS,-1.6625386446163786,0.06011031299079323,25.420500000000445,20.179500000000175
slow_11_to_00,x1.2,VGS,-1.6608573320707058,1.630264914699593,25.41450000000044,5.066500000000013
slow_11_to_00,x1.2,VGD,-1.622254472029864,0.19661135143685793,25.418500000000442,0.00023856040948298628
slow_11_to_00,x1.2,VDS,-0.038603287228735184,1.6607934845372632,25.41450000000044,17.981500000000032
slow_11_to_00,x1.2,VBS,-0.04095408091199193,1.6676578048601745,25.41450000000044,17.985500000000034
slow_11_to_00,x1.3,VGS,-1.6383710260459718,1.6199990939256996,18.31150000000035,24.975000000000005
slow_11_to_00,x1.3,VGD,-1.6208994870383833,0.001300011286411884,18.29250000000033,5.288500000000081
slow_11_to_00,x1.3,VDS,-0.05444455936415449,1.6364962544900243,5.663500000000195,25.004500000000032
slow_11_to_00,x1.3,VBS,-0.05767135448580163,1.6400625819947878,9.977500000000001,25.006500000000035
slow_11_to_00,x1.4,VGS,-1.0059470905451986,1.6431728444129179,17.995500000000046,25.0265
slow_11_to_00,x1.4,VGD,-0.8744590887276474,1.6434512737301123,17.995500000000046,25.024500000000057
slow_11_to_00,x1.4,VDS,-0.9438082120517437,0.009257859911039445,10.024499999999977,25.418500000000442
slow_11_to_00,x1.4,VBS,-1.0597559190352712,0.03284093007461482,18.429500000000488,25.0265
slow_11_to_00,x1.5,VGS,-1.6199988613710499,1.6725567637155632,9.975000000000001,24.99150000000002
slow_11_to_00,x1.5,VGD,-0.02510443059128251,1.665677992907528,10.011499999999984,21.784500000001994
slow_11_to_00,x1.5,VDS,-1.6527231237187654,0.05077257593653327,10.402499999999803,5.166500000000044
slow_11_to_00,x1.5,VBS,-1.652848604850604,0.049932355690387724,10.404499999999802,5.166500000000044
slow_11_to_00,x1.6,VGS,-1.6320410376746257,0.032624091167886504,18.29050000000033,0.00016327192971546498
slow_11_to_00,x1.6,VGD,-1.6205344380031217,0.0020792479576574596,18.273500000000308,5.291500000000082
slow_11_to_00,x1.6,VDS,-0.05377477078357007,1.241834305554754,5.0265,0.0019163595716279447
slow_11_to_00,x1.6,VBS,-0.05428575524712542,1.2469278529037546,9.977500000000001,0.002916359571627945
slow_11_to_00,x1.7,VGS,-1.6668657570922563,1.6618968556761096,17.995500000000046,25.420500000000445
slow_11_to_00,x1.7,VGD,-1.6759836833943678,0.04342435406929779,17.995500000000046,25.41450000000044
slow_11_to_00,x1.7,VDS,-0.04311031113271424,1.6298730566700368,18.38750000000044,20.042500000000018
slow_11_to_00,x1.7,VBS,-0.043299224297826955,1.6295825945310594,18.38750000000044,20.04350000000002
slow_11_to_00,x1.8,VGS,-1.6203530827384718,1.6199992947710233,18.058500000000066,9.975000000000001
slow_11_to_00,x1.8,VGD,-1.6199982029646802,0.0038861004314822978,30.000000000000004,5.294500000000083
slow_11_to_00,x1.8,VDS,-0.05241079127993031,1.6375900103368601,20.026500000000002,10.004499999999988
slow_11_to_00,x1.8,VBS,-0.0520368770471924,1.6411036769452672,20.028500000000005,10.006499999999987
slow_11_to_00,x1.9,VGS,-1.6774616549636612,0.04059737727776058,17.994500000000045,25.458500000000488
slow_11_to_00,x1.9,VGD,-0.870834873028279,0.8138046024529235,17.994500000000045,19.144500000001297
slow_11_to_00,x1.9,VDS,-1.6744314357948382,-0.0620102386899261,9.997499999999992,5e-05
slow_11_to_00,x1.9,VBS,-1.671439377165177,-0.03164856251913227,5.0415000000000045,5e-05
slow_11_to_00,x1.10,VGS,-1.6759765212573308,1.635512225039531,17.994500000000045,25.01050000000004
slow_11_to_00,x1.10,VGD,-0.11481328626990035,1.638346221513261,17.994500000000045,25.015500000000046
slow_11_to_00,x1.10,VDS,-1.6278075999391264,0.00022355008248714308,9.975000000000001,24.9765
slow_11_to_00,x1.10,VBS,-1.6744439096399688,0.023007890526449602,6.318500000000396,25.012500000000042
slow_11_to_00,x1.11,VGS,0.011903660034275565,1.6730915622742015,0.00038913736901802893,5.647500000000191
slow_11_to_00,x1.11,VGD,0.018261926054851142,1.6735532233618453,5e-05,5.5545000000001625
slow_11_to_00,x1.11,VDS,-0.3836683375920339,0.01924931603901774,0.09149999999999997,10.624499999999687
slow_11_to_00,x1.11,VBS,-0.38389586240481405,0.021896847585047174,0.09249999999999997,10.625499999999686
slow_11_to_00,x1.12,VGS,-1.6378542317456157,1.6744438866572167,25.012500000000042,6.3515000000004065
slow_11_to_00,x1.12,VGD,-1.6420198289205232,0.05448645188115231,25.012500000000042,5.510500000000149
slow_11_to_00,x1.12,VDS,-0.04383985993147754,1.6738853737620476,25.422500000000447,20.17650000000017
slow_11_to_00,x1.12,VBS,-0.04376224959359676,1.675481984926404,25.422500000000447,20.177500000000173
slow_11_to_00,x1.13,VGS,0.056058574088494885,1.6730611252885141,5e-05,5.653500000000193
slow_11_to_00,x1.13,VGD,-1.2215979662763692,0.0561849544205244,0.0065,5.402500000000115
slow_11_to_00,x1.13,VDS,0.1620724427226601,1.6389561534877972,5e-05,10.628499999999686
slow_11_to_00,x1.13,VBS,0.03707344356150755,1.638933387134918,5e-05,10.628499999999686
slow_11_to_00,x1.14,VGS,-1.6608719951084312,1.6271436523821876,25.452500000000484,10.024999999999999
slow_11_to_00,x1.14,VGD,-0.0017065671578167946,1.624111101177635,20.025100000000002,0.0019163595716279447
slow_11_to_00,x1.14,VDS,-1.6607028297231625,0.060678628239830196,25.44950000000048,17.993500000000044
slow_11_to_00,x1.14,VBS,-1.660694420764037,0.10572343473873794,25.44950000000048,5.420000000405699e-05
slow_11_to_00,x1.15,VGS,-1.666334364463998,1.6620337731266772,17.995500000000046,25.420500000000445
slow_11_to_00,x1.15,VGD,-0.05665571902385962,1.6630053915579686,17.995500000000046,25.41550000000044
slow_11_to_00,x1.15,VDS,-1.6627738565719916,0.00836627424602625,18.384500000000436,20.042500000000018
slow_11_to_00,x1.15,VBS,-1.6627537566688955,0.009526788323722698,18.385500000000437,20.042500000000018
slow_11_to_00,x1.16,VGS,-0.9524739562017476,1.645357938334348,30.000000000000004,10.026499999999999
slow_11_to_00,x1.16,VGD,-0.819912763473916,1.6455033041710965,20.00450000000003,10.024999999999999
slow_11_to_00,x1.16,VDS,-0.9357199103057802,0.034972615247426564,25.024500000000057,18.89050000000101
slow_11_to_00,x1.16,VBS,-0.9524803463508373,0.035062140594007,30.000000000000004,10.026499999999999
slow_11_to_00,x1.17,VGS,-1.673310640013678,1.6378717330530892,20.05950000000004,10.010499999999984
slow_11_to_00,x1.17,VGD,-0.6076737930830288,1.6401699981477837,18.737500000000836,10.015499999999982
slow_11_to_00,x1.17,VDS,-1.1870005634372875,0.00038639504583512984,24.975000000000005,9.977500000000001
slow_11_to_00,x1.17,VBS,-1.6676539234475067,0.024945196997870723,20.0253,10.012499999999983
slow_11_to_00,x1.18,VGS,-0.8676122481633867,1.619999291953721,18.4415000000005,9.975000000000001
slow_11_to_00,x1.18,VGD,-0.01256725263338615,1.6199998724288915,0.00016327192971546498,9.975000000000001
slow_11_to_00,x1.18,VDS,-0.8670889585185556,0.035389254888027556,18.439500000000496,10.024999999999999
slow_11_to_00,x1.18,VBS,-0.8671172479877614,0.033536994520986275,18.440500000000497,10.027499999999998
slow_11_to_00,x1.19,VGS,-0.11090323085040277,1.6377570648793849,17.995500000000046,25.014500000000044
slow_11_to_00,x1.19,VGD,-0.8741148734240958,1.6427654916550687,17.995500000000046,25.022500000000054
slow_11_to_00,x1.19,VDS,-0.2699051773991058,0.7644930754168855,20.03650000000001,5.004500000000008
slow_11_to_00,x1.19,VBS,-0.8522221554843784,0.02712863158671207,20.02150000000005,25.017500000000048
slow_11_to_00,x1.20,VGS,0.06847192177624778,1.671087461295603,5e-05,6.272500000000383
slow_11_to_00,x1.20,VGD,-1.217968078093346,0.05364271116485053,0.005699999999999999,5.027500000000001
slow_11_to_00,x1.20,VDS,0.22097063498651948,1.6322414974288497,5e-05,25.622500000000674
slow_11_to_00,x1.20,VBS,0.0473592413032497,1.6322383458250498,5e-05,25.622500000000674
slow_11_to_00,x1.21,VGS,-1.6199988829224359,1.6747545216145114,9.975000000000001,24.99250000000002
slow_11_to_00,x1.21,VGD,-1.641287761085149,0.05217031183492238,10.011499999999984,20.026500000000002
slow_11_to_00,x1.21,VDS,-0.03570640346852616,1.6622250036420194,10.4064999999998,5.162500000000042
slow_11_to_00,x1.21,VBS,-0.03557561599207104,1.6637197995786677,10.4064999999998,5.164500000000043
slow_11_to_00,x1.22,VGS,-1.6762601481754003,0.07127673881174101,20.048500000000026,18.3535000000004
slow_11_to_00,x1.22,VGD,-1.0131809872012765,0.9001741846024385,19.444500000001636,0.27949999999999936
slow_11_to_00,x1.22,VDS,-1.663677819069953,-0.055666839458346135,24.996500000000026,5e-05
slow_11_to_00,x1.22,VBS,-1.6738492763850643,-0.03552279521926681,5.501500000000146,5e-05
slow_11_to_00,x1.23,VGS,-1.6586290691441001,1.6279270095957799,25.452500000000484,10.024999999999999
slow_11_to_00,x1.23,VGD,-1.6219194867170916,0.2907559904916819,25.455500000000484,0.00023856040948298628
slow_11_to_00,x1.23,VDS,-0.03670976938684034,1.6647841687048068,25.452500000000484,17.982500000000034
slow_11_to_00,x1.23,VBS,-0.038943844783050574,1.6719536310896046,25.452500000000484,17.985500000000034
slow_11_to_00,x1.24,VGS,-1.6632218473594604,1.629188536188157,25.41450000000044,5.066500000000013
slow_11_to_00,x1.24,VGD,-0.0006404569872262325,1.6294660014280578,20.0253,0.0019163595716279447
slow_11_to_00,x1.24,VDS,-1.6631787843645929,0.05671012102868588,25.41450000000044,17.994500000000045
slow_11_to_00,x1.24,VBS,-1.6631757198216728,0.15203921664984565,25.41450000000044,5e-05
slow_11_to_00,x1.25,VGS,0.0010492041420832598,1.671087462080733,0.00038913736901802893,6.271500000000382
slow_11_to_00,x1.25,VGD,0.023401023512194877,1.6710874675390808,5e-05,6.257500000000378
slow_11_to_00,x1.25,VDS,-0.4387557607799449,0.011203427149973036,0.09549999999999996,25.621500000000673
slow_11_to_00,x1.25,VBS,-0.43907739383960587,0.012751842837892123,0.09649999999999995,25.621500000000673
slow_11_to_00,x1.26,VGS,-0.5142475201526244,1.639301799694466,20.0257,10.015499999999982
slow_11_to_00,x1.26,VGD,-0.8199608925948234,1.6447159660121284,20.00450000000003,10.024499999999977
slow_11_to_00,x1.26,VDS,-0.5092971864377053,0.30779845126898064,25.024500000000057,20.00450000000003
slow_11_to_00,x1.26,VBS,-0.8944069469126026,0.02863325145950564,18.37950000000043,10.01749999999998
slow_11_to_00,x1.27,VGS,-1.6223673244941703,0.02155500261667695,18.323500000000365,0.00016327192971546498
slow_11_to_00,x1.27,VGD,-1.619998611202404,0.003123384845528099,30.000000000000004,5.292500000000082
slow_11_to_00,x1.27,VDS,-0.05582813303917655,1.2351977624482322,5.407500000000117,0.0019163595716279447
slow_11_to_00,x1.27,VBS,-0.055860277601625485,1.2470936476478047,5.407500000000117,0.002916359571627945
slow_11_to_00,x1.28,VGS,-1.6714343145547172,1.6603235193570238,17.995500000000046,25.456500000000485
slow_11_to_00,x1.28,VGD,-1.6799734701661075,0.04129778091351444,17.994500000000045,25.452500000000484
slow_11_to_00,x1.28,VDS,-0.07361584993174652,1.6293426600439453,18.352500000000397,18.832500000000945
slow_11_to_00,x1.28,VBS,-0.07364026124306888,1.6295194510747213,18.352500000000397,18.832500000000945
slow_11_to_00,x2.mp1,VGS,-1.67903160936414,0.04340764757983595,20.179500000000175,25.422500000000447
slow_11_to_00,x2.mp1,VGD,-1.6756433743857984,1.663323522054127,20.179500000000175,25.422500000000447
slow_11_to_00,x2.mp1,VDS,-1.6810930029184294,0.08096376310956277,25.605500000000657,20.310500000000324
slow_11_to_00,x2.mp1,VBS,0.0,0.0,5e-05,5e-05
slow_11_to_00,x2.mn1,VGS,-0.059031609364139766,1.663407647579836,20.179500000000175,25.422500000000447
slow_11_to_00,x2.mn1,VGD,-1.6756433743857984,1.663323522054127,20.179500000000175,25.422500000000447
slow_11_to_00,x2.mn1,VDS,-0.06109300291842924,1.7009637631095629,25.605500000000657,20.310500000000324
slow_11_to_00,x2.mn1,VBS,0.0,0.0,5e-05,5e-05
slow_11_to_00,x2.mp2,VGS,-1.6810930029184294,0.08096376310956277,25.605500000000657,20.310500000000324
slow_11_to_00,x2.mp2,VGD,-1.6792501836899774,1.70029080895058,25.605500000000657,20.310500000000324
slow_11_to_00,x2.mp2,VDS,-1.6509893845262777,0.02922072538833298,20.38650000000041,25.702500000000764
slow_11_to_00,x2.mp2,VBS,0.0,0.0,5e-05,5e-05
slow_11_to_00,x2.mn2,VGS,-0.06109300291842924,1.7009637631095629,25.605500000000657,20.310500000000324
slow_11_to_00,x2.mn2,VGD,-1.6792501836899774,1.70029080895058,25.605500000000657,20.310500000000324
slow_11_to_00,x2.mn2,VDS,-0.030989384526277735,1.649220725388333,20.38650000000041,25.702500000000764
slow_11_to_00,x2.mn2,VBS,0.0,0.0,5e-05,5e-05
slow_11_to_00,x3.mp1,VGS,-1.6331195569510375,-1.177732286401377,25.621500000000673,0.09749999999999995
slow_11_to_00,x3.mp1,VGD,-1.6328234094798646,-0.4409488740174675,25.623500000000675,0.002916359571627945
slow_11_to_00,x3.mp1,VDS,-1.0074639078710979,0.0008119388101677227,0.00038913736901802893,25.675500000000735
slow_11_to_00,x3.mp1,VBS,0.0,0.0,5e-05,5e-05
slow_11_to_00,x3.mn1,VGS,-0.013119556951037475,0.4422677135986231,25.621500000000673,0.09749999999999995
slow_11_to_00,x3.mn1,VGD,-1.6328234094798646,-0.4409488740174675,25.623500000000675,0.002916359571627945
slow_11_to_00,x3.mn1,VDS,0.6125360921289023,1.6208119388101678,0.00038913736901802893,25.675500000000735
slow_11_to_00,x3.mn1,VBS,0.0,0.0,5e-05,5e-05
slow_11_to_00,x3.mp2,VGS,-1.0074639078710979,0.0008119388101677227,0.00038913736901802893,25.675500000000735
slow_11_to_00,x3.mp2,VGD,0.5790081756569136,1.6207984025273943,0.00038913736901802893,25.676500000000736
slow_11_to_00,x3.mp2,VDS,-1.6200081783454001,-1.5695767567961607,20.375500000000397,0.04050000000000003
slow_11_to_00,x3.mp2,VBS,0.0,0.0,5e-05,5e-05
slow_11_to_00,x3.mn2,VGS,0.6125360921289023,1.6208119388101678,0.00038913736901802893,25.675500000000735
slow_11_to_00,x3.mn2,VGD,0.5790081756569136,1.6207984025273943,0.00038913736901802893,25.676500000000736
slow_11_to_00,x3.mn2,VDS,-8.17834540005154e-06,0.05042324320383929,20.375500000000397,0.04050000000000003
slow_11_to_00,x3.mn2,VBS,0.0,0.0,5e-05,5e-05
slow_11_to_00,x4.mp1,VGS,-1.6683466154137387,0.03412135264313343,5.166500000000044,10.4064999999998
slow_11_to_00,x4.mp1,VGD,-1.6654473768161435,1.654048724206407,5.167500000000044,10.4074999999998
slow_11_to_00,x4.mp1,VDS,-1.6768385485976607,0.07093324181312788,10.609499999999695,5.333500000000095
slow_11_to_00,x4.mp1,VBS,0.0,0.0,5e-05,5e-05
slow_11_to_00,x4.mn1,VGS,-0.048346615413738546,1.6541213526431335,5.166500000000044,10.4064999999998
slow_11_to_00,x4.mn1,VGD,-1.6654473768161435,1.654048724206407,5.167500000000044,10.4074999999998
slow_11_to_00,x4.mn1,VDS,-0.05683854859766066,1.690933241813128,10.609499999999695,5.333500000000095
slow_11_to_00,x4.mn1,VBS,0.0,0.0,5e-05,5e-05
slow_11_to_00,x4.mp2,VGS,-1.6768385485976607,0.07093324181312788,10.609499999999695,5.333500000000095
slow_11_to_00,x4.mp2,VGD,-1.6751764401185352,1.6904894684681795,10.609499999999695,5.333500000000095
slow_11_to_00,x4.mp2,VDS,-1.6488345282348613,0.02898840572714212,5.425500000000123,10.713499999999641
slow_11_to_00,x4.mp2,VBS,0.0,0.0,5e-05,5e-05
slow_11_to_00,x4.mn2,VGS,-0.05683854859766066,1.690933241813128,10.609499999999695,5.333500000000095
slow_11_to_00,x4.mn2,VGD,-1.6751764401185352,1.6904894684681795,10.609499999999695,5.333500000000095
slow_11_to_00,x4.mn2,VDS,-0.028834528234861153,1.6489884057271422,5.425500000000123,10.713499999999641
slow_11_to_00,x4.mn2,VBS,0.0,0.0,5e-05,5e-05
slow_11_to_00,x5.mp1,VGS,-1.6410627859759417,-1.232426625838111,10.627499999999687,0.09349999999999996
slow_11_to_00,x5.mp1,VGD,-1.6406970151620124,-0.46462102361056007,10.628499999999686,0.002916359571627945
slow_11_to_00,x5.mp1,VDS,-1.008588107771875,0.0011277753934972878,0.00038913736901802893,10.692499999999653
slow_11_to_00,x5.mp1,VBS,0.0,0.0,5e-05,5e-05
slow_11_to_00,x5.mn1,VGS,-0.021062785975941606,0.38757337416188914,10.627499999999687,0.09349999999999996
slow_11_to_00,x5.mn1,VGD,-1.6406970151620124,-0.46462102361056007,10.628499999999686,0.002916359571627945
slow_11_to_00,x5.mn1,VDS,0.6114118922281251,1.6211277753934974,0.00038913736901802893,10.692499999999653
slow_11_to_00,x5.mn1,VBS,0.0,0.0,5e-05,5e-05
slow_11_to_00,x5.mp2,VGS,-1.008588107771875,0.0011277753934972878,0.00038913736901802893,10.692499999999653
slow_11_to_00,x5.mp2,VGD,0.5778992125689969,1.6211133987174424,0.00038913736901802893,10.693499999999652
slow_11_to_00,x5.mp2,VDS,-1.6200157324800448,-1.5693989513914113,5.036500000000004,0.03850000000000002
slow_11_to_00,x5.mp2,VBS,0.0,0.0,5e-05,5e-05
slow_11_to_00,x5.mn2,VGS,0.6114118922281251,1.6211277753934974,0.00038913736901802893,10.692499999999653
slow_11_to_00,x5.mn2,VGD,0.5778992125689969,1.6211133987174424,0.00038913736901802893,10.693499999999652
slow_11_to_00,x5.mn2,VDS,-1.573248004463929e-05,0.05060104860858884,5.036500000000004,0.03850000000000002
slow_11_to_00,x5.mn2,VBS,0.0,0.0,5e-05,5e-05
slow_01_to_10,x1.0,VGS,-1.6333381311317463,1.6654724160781327,25.350500000000366,17.982500000000034
slow_01_to_10,x1.0,VGD,-0.00867342739716665,1.665515142821134,20.07150000000005,17.982500000000034
slow_01_to_10,x1.0,VDS,-1.6347648283669614,0.024630882365202084,25.312500000000323,18.12350000000014
slow_01_to_10,x1.0,VBS,-1.6347114738577313,0.024201992676175326,25.314500000000326,18.122500000000137
slow_01_to_10,x1.1,VGS,-0.02202255693609531,1.6682860457417228,0.0003930907893016495,5.778500000000231
slow_01_to_10,x1.1,VGD,0.03181667124458478,1.6682924056012216,5e-05,5.7735000000002294
slow_01_to_10,x1.1,VDS,-0.5015241784458785,0.01028239705561124,0.09349999999999996,10.624499999999687
slow_01_to_10,x1.1,VBS,-0.5017966473779847,0.011714493498707092,0.09449999999999996,10.625499999999686
slow_01_to_10,x1.2,VGS,-1.6607830900210263,1.630261619056088,25.400500000000424,5.075500000000015
slow_01_to_10,x1.2,VGD,-1.6222500651232785,0.20919158985484954,25.40450000000043,0.0002213090350182551
slow_01_to_10,x1.2,VDS,-0.03853351257168525,1.64586133329044,25.400500000000424,17.98050000000003
slow_01_to_10,x1.2,VBS,-0.040879975697348137,1.651284062910622,25.400500000000424,17.983500000000035
slow_01_to_10,x1.3,VGS,-1.6234780860187115,0.06096877740830575,17.98050000000003,0.00013541815787655788
slow_01_to_10,x1.3,VGD,-1.6202391028532712,0.001294018208896297,17.981500000000032,20.29850000000031
slow_01_to_10,x1.3,VDS,-0.04905314306170938,1.2694388491383375,5.0265,0.001819935569852129
slow_01_to_10,x1.3,VBS,-0.04890946064949819,1.2666470022921028,24.977500000000003,0.0028183527664083887
slow_01_to_10,x1.4,VGS,-0.11638757653431646,1.6387237508183086,17.995500000000046,25.015500000000046
slow_01_to_10,x1.4,VGD,-0.8589711571759229,1.6435361904480308,17.995500000000046,25.022500000000054
slow_01_to_10,x1.4,VDS,-0.27496451892949636,0.7436461687588705,20.03650000000001,5.004500000000008
slow_01_to_10,x1.4,VBS,-0.8610887522917189,0.02772338296336189,19.56250000000177,25.017500000000048
slow_01_to_10,x1.5,VGS,0.01283709926628046,1.6656951408243539,0.0003930907893016495,9.991499999999993
slow_01_to_10,x1.5,VGD,0.02121133010644006,1.6641657096577327,5e-05,5.0251
slow_01_to_10,x1.5,VDS,-0.36320777812675503,0.020843105314172054,0.08849999999999998,25.025000000000002
slow_01_to_10,x1.5,VBS,-0.36358742568767993,0.023722541642659373,0.09049999999999997,25.025000000000002
slow_01_to_10,x1.6,VGS,-1.622502176385844,1.619999677433425,18.48750000000055,9.975000000000001
slow_01_to_10,x1.6,VGD,-1.620096679596749,0.0020780189375171343,17.977500000000028,20.300500000000312
slow_01_to_10,x1.6,VDS,-0.05882785786098643,1.6375813783265474,20.44250000000047,10.004499999999988
slow_01_to_10,x1.6,VBS,-0.06199972438526635,1.6411794860217388,24.977500000000003,10.006499999999987
slow_01_to_10,x1.7,VGS,-1.6586083559962368,1.6618433232637413,17.995500000000046,25.408500000000434
slow_01_to_10,x1.7,VGD,-1.6583900895692347,0.04334593181582225,17.995500000000046,25.400500000000424
slow_01_to_10,x1.7,VDS,-0.13732349790536658,1.6302744830976397,18.45050000000051,20.04450000000002
slow_01_to_10,x1.7,VBS,-0.1375295821180682,1.629980897857443,18.45050000000051,20.04450000000002
slow_01_to_10,x1.8,VGS,-1.6364665738575486,0.013198850075058444,18.390500000000443,0.0002213090350182551
slow_01_to_10,x1.8,VGD,-1.6204874541771095,0.0036495468769388584,18.409500000000463,20.301500000000313
slow_01_to_10,x1.8,VDS,-0.05234981337409539,1.2173218954562883,5.0265,0.0028183527664083887
slow_01_to_10,x1.8,VBS,-0.051923811273127285,1.230232696722405,5.028500000000001,0.0028183527664083887
slow_01_to_10,x1.9,VGS,-1.6788116534450237,1.6369943961032576,23.44550000000388,10.010499999999984
slow_01_to_10,x1.9,VGD,-0.8329720511227275,1.6392758920835673,18.483500000000546,10.014499999999982
slow_01_to_10,x1.9,VDS,-1.2909883743592852,0.00028890936120769153,0.36349999999999905,9.976500000000001
slow_01_to_10,x1.9,VBS,-1.6788116277001404,0.024095058904136053,23.363500000003786,10.012499999999983
slow_01_to_10,x1.10,VGS,-1.6706139127849382,0.042287700991971544,20.055500000000034,17.982500000000034
slow_01_to_10,x1.10,VGD,-1.0073105687471393,0.8407713734923421,19.345500000001525,0.6474999999999981
slow_01_to_10,x1.10,VDS,-1.6711356105018833,-0.05263989831336253,24.99950000000003,5e-05
slow_01_to_10,x1.10,VBS,-1.6688071837853562,-0.03454442915371725,20.042500000000018,5e-05
slow_01_to_10,x1.11,VGS,-1.6361305898981833,1.669530510849462,25.01150000000004,5.037500000000004
slow_01_to_10,x1.11,VGD,-0.02393129045203971,1.6691586263587832,25.01150000000004,6.0495000000003145
slow_01_to_10,x1.11,VDS,-1.6537014607167446,0.048735762210579646,25.40650000000043,20.171500000000165
slow_01_to_10,x1.11,VBS,-1.653852985762844,0.04805223334110771,25.408500000000434,20.171500000000165
slow_01_to_10,x1.12,VGS,0.07464913125333422,1.6682851925635092,0.0115,5.778500000000231
slow_01_to_10,x1.12,VGD,-1.2311578227229416,0.04892315576407458,0.005699999999999999,5.027500000000001
slow_01_to_10,x1.12,VDS,0.29326954532718286,1.630673658163249,5e-05,10.626499999999687
slow_01_to_10,x1.12,VBS,0.05629370088089873,1.6306483016504618,5e-05,10.626499999999687
slow_01_to_10,x1.13,VGS,-1.63641134056735,1.6697643406277436,25.012500000000042,5.037500000000004
slow_01_to_10,x1.13,VGD,-1.6430137769602702,0.05472440659168232,25.012500000000042,5.027500000000001
slow_01_to_10,x1.13,VDS,-0.03624916687195956,1.6605996337398203,25.410500000000436,20.16650000000016
slow_01_to_10,x1.13,VBS,-0.03613093282765978,1.662019200179639,25.410500000000436,20.16850000000016
slow_01_to_10,x1.14,VGS,-1.6492557272472024,1.6272725488040591,10.42749999999979,25.025000000000002
slow_01_to_10,x1.14,VGD,-0.006893968502934732,1.621179792629426,0.0010818643982972065,25.025000000000002
slow_01_to_10,x1.14,VDS,-1.659596783118806,0.006635101326449172,17.976500000000026,20.07150000000005
slow_01_to_10,x1.14,VBS,-1.6621414181786727,0.007383676852177924,17.97850000000003,20.07250000000005
slow_01_to_10,x1.15,VGS,-1.6586301978982767,1.6619767629995166,17.995500000000046,25.407500000000432
slow_01_to_10,x1.15,VGD,-0.03898613308283341,1.6629287727647277,17.995500000000046,25.401500000000425
slow_01_to_10,x1.15,VDS,-1.755401687577317,0.008683578845792857,18.445500000000504,20.04450000000002
slow_01_to_10,x1.15,VBS,-1.7562144027599333,0.009889085398656386,18.447500000000506,20.04450000000002
slow_01_to_10,x1.16,VGS,-0.6019794259916147,1.6393245879021832,20.020500000000048,10.015499999999982
slow_01_to_10,x1.16,VGD,-0.8200169858462185,1.6446456285203301,20.00450000000003,10.024499999999977
slow_01_to_10,x1.16,VDS,-0.5949965375715812,0.21955204587066446,25.023500000000055,20.00450000000003
slow_01_to_10,x1.16,VBS,-0.8709894540816494,0.02774382098684814,17.982500000000034,10.01749999999998
slow_01_to_10,x1.17,VGS,-1.6728848127297782,0.030169472597945335,5.0445000000000055,25.0265
slow_01_to_10,x1.17,VGD,-0.8401543967674424,0.8502514816322441,18.12450000000014,18.86450000000098
slow_01_to_10,x1.17,VDS,-1.6625973809806294,-0.06789815223605188,9.998499999999991,5e-05
slow_01_to_10,x1.17,VBS,-1.6677004647113554,-0.040989301410558315,5.0257000000000005,5e-05
slow_01_to_10,x1.18,VGS,-0.8673049482885248,1.6199996402159713,18.48750000000055,9.975000000000001
slow_01_to_10,x1.18,VGD,-0.009856227976421893,1.619999941083374,0.0038183527664083887,9.975000000000001
slow_01_to_10,x1.18,VDS,-0.8669742932360508,0.03459101559450917,18.48750000000055,25.025000000000002
slow_01_to_10,x1.18,VBS,-0.8668533097406098,0.03306465311275027,18.48750000000055,25.0275
slow_01_to_10,x1.19,VGS,-0.9867999321074938,1.6439455724844227,17.99050000000004,25.0265
slow_01_to_10,x1.19,VGD,-0.8587134811408437,1.6441456952329179,17.995500000000046,25.024500000000057
slow_01_to_10,x1.19,VDS,-0.9470949809201086,0.06073183848567326,10.023499999999977,0.2594999999999994
slow_01_to_10,x1.19,VBS,-1.007986742039286,0.03481461729657832,19.337500000001516,25.0265
slow_01_to_10,x1.20,VGS,-1.6394222975041197,1.678811614909298,10.012499999999983,23.382500000003805
slow_01_to_10,x1.20,VGD,-1.6432588033191429,0.05911704448148036,10.012499999999983,20.43150000000046
slow_01_to_10,x1.20,VDS,-0.03937857998668082,1.6663330744792153,10.415499999999797,5.167500000000044
slow_01_to_10,x1.20,VBS,-0.03927689184559968,1.6678871310203183,10.415499999999797,5.169500000000045
slow_01_to_10,x1.21,VGS,0.0507989146378507,1.6678872572517696,5e-05,9.992499999999993
slow_01_to_10,x1.21,VGD,-1.2090201850322264,0.052118337185300234,0.0065,5.0265
slow_01_to_10,x1.21,VDS,0.1424616299610575,1.6457883698091842,5e-05,10.023499999999977
slow_01_to_10,x1.21,VBS,0.03120709317498474,1.6452746142608838,5e-05,10.024499999999977
slow_01_to_10,x1.22,VGS,-1.676770637559335,1.6379255673480326,5.054500000000009,25.01150000000004
slow_01_to_10,x1.22,VGD,-0.12197217498067175,1.6404454149461374,18.129500000000146,25.015500000000046
slow_01_to_10,x1.22,VDS,-1.6205764976138681,0.0003529825042445935,5.3705000000001055,24.977500000000003
slow_01_to_10,x1.22,VBS,-1.6705875464195876,0.023713793801087978,20.040500000000016,25.012500000000042
slow_01_to_10,x1.23,VGS,-1.6476558325278337,1.6280515541284137,10.42849999999979,25.025000000000002
slow_01_to_10,x1.23,VGD,-1.621292345934115,0.0008715685654185901,10.433499999999787,25.025000000000002
slow_01_to_10,x1.23,VDS,-0.04614651710755435,1.6272493231174,17.981500000000032,20.07250000000005
slow_01_to_10,x1.23,VBS,-0.04544217139350715,1.627244443981821,17.98050000000003,20.07250000000005
slow_01_to_10,x1.24,VGS,-1.6631432590629671,1.6291891838444414,25.400500000000424,5.075500000000015
slow_01_to_10,x1.24,VGD,-0.0007243828046475844,1.630416829013527,18.0015,0.001819935569852129
slow_01_to_10,x1.24,VDS,-1.66310050501086,0.03870816848975593,25.400500000000424,17.994500000000045
slow_01_to_10,x1.24,VBS,-1.6630979703680357,0.15250412557100626,25.400500000000424,5e-05
slow_01_to_10,x1.25,VGS,-1.6393356651356508,1.6788116152453445,10.011499999999984,23.382500000003805
slow_01_to_10,x1.25,VGD,-0.023825485591312926,1.6788116162977165,10.011499999999984,23.3775000000038
slow_01_to_10,x1.25,VDS,-1.6574342608975003,0.054279527167834005,10.412499999999797,5.170500000000045
slow_01_to_10,x1.25,VBS,-1.6575662319944786,0.05356889983069748,10.413499999999797,5.170500000000045
slow_01_to_10,x1.26,VGS,-0.9488806080735789,1.6451655025854397,30.000000000000004,10.026499999999999
slow_01_to_10,x1.26,VGD,-0.8200474842788872,1.6453751668115724,20.00450000000003,10.024999999999999
slow_01_to_10,x1.26,VDS,-0.9380879140315843,0.042598145294469925,25.024500000000057,18.7925000000009
slow_01_to_10,x1.26,VBS,-0.94888704184929,0.033364134109842146,30.000000000000004,10.027499999999998
slow_01_to_10,x1.27,VGS,-1.6410727099624984,1.6199991310123225,18.37850000000043,24.975000000000005
slow_01_to_10,x1.27,VGD,-1.6207328811572375,0.0031075615394826617,18.38650000000044,20.303500000000316
slow_01_to_10,x1.27,VDS,-0.05485135320106238,1.6376002118536983,5.0265,25.004500000000032
slow_01_to_10,x1.27,VBS,-0.05460435398446162,1.6411664739479135,5.028500000000001,25.006500000000035
slow_01_to_10,x1.28,VGS,-1.6325382992653898,1.66553347748301,25.35250000000037,17.982500000000034
slow_01_to_10,x1.28,VGD,-1.6265547277144803,0.04587943245262083,25.0265,17.981500000000032
slow_01_to_10,x1.28,VDS,-0.01377729502749192,1.64082550668457,25.30850000000032,18.11650000000013
slow_01_to_10,x1.28,VBS,-0.014569589400242444,1.6418770608625612,25.30950000000032,18.119500000000134
slow_01_to_10,x2.mp1,VGS,-1.6315423033652634,-1.115611501642313,10.625499999999686,0.09549999999999996
slow_01_to_10,x2.mp1,VGD,-1.631323389543087,-0.4030177604778936,10.627499999999687,0.0315
slow_01_to_10,x2.mp1,VDS,-1.0076117964055196,0.0006974310249956428,0.0003930907893016495,10.683499999999658
slow_01_to_10,x2.mp1,VBS,0.0,0.0,5e-05,5e-05
slow_01_to_10,x2.mn1,VGS,-0.011542303365263337,0.5043884983576873,10.625499999999686,0.09549999999999996
slow_01_to_10,x2.mn1,VGD,-1.631323389543087,-0.4030177604778936,10.627499999999687,0.0315
slow_01_to_10,x2.mn1,VDS,0.6123882035944805,1.6206974310249957,0.0003930907893016495,10.683499999999658
slow_01_to_10,x2.mn1,VBS,0.0,0.0,5e-05,5e-05
slow_01_to_10,x2.mp2,VGS,-1.0076117964055196,0.0006974310249956428,0.0003930907893016495,10.683499999999658
slow_01_to_10,x2.mp2,VGD,0.578536470366042,1.620686741974238,0.0003930907893016495,10.684499999999657
slow_01_to_10,x2.mp2,VDS,-1.620008126765764,-1.5698056346116198,20.03550000000001,0.04450000000000004
slow_01_to_10,x2.mp2,VBS,0.0,0.0,5e-05,5e-05
slow_01_to_10,x2.mn2,VGS,0.6123882035944805,1.6206974310249957,0.0003930907893016495,10.683499999999658
slow_01_to_10,x2.mn2,VGD,0.578536470366042,1.620686741974238,0.0003930907893016495,10.684499999999657
slow_01_to_10,x2.mn2,VDS,-8.126765763957215e-06,0.05019436538838022,20.03550000000001,0.04450000000000004
slow_01_to_10,x2.mn2,VBS,0.0,0.0,5e-05,5e-05
slow_01_to_10,x3.mp1,VGS,-1.6718097691554432,0.03859433170851845,5.170500000000045,10.415499999999797
slow_01_to_10,x3.mp1,VGD,-1.6688207208262125,1.6585190110834558,5.171500000000045,10.416499999999797
slow_01_to_10,x3.mp1,VDS,-1.6786007298780623,0.07508976909960885,10.611499999999694,5.321500000000091
slow_01_to_10,x3.mp1,VBS,0.0,0.0,5e-05,5e-05
slow_01_to_10,x3.mn1,VGS,-0.05180976915544309,1.6585943317085186,5.170500000000045,10.415499999999797
slow_01_to_10,x3.mn1,VGD,-1.6688207208262125,1.6585190110834558,5.171500000000045,10.416499999999797
slow_01_to_10,x3.mn1,VDS,-0.058600729878062204,1.695089769099609,10.611499999999694,5.321500000000091
slow_01_to_10,x3.mn1,VBS,0.0,0.0,5e-05,5e-05
slow_01_to_10,x3.mp2,VGS,-1.6786007298780623,0.07508976909960885,10.611499999999694,5.321500000000091
slow_01_to_10,x3.mp2,VGD,-1.67686821280829,1.6945505670884422,10.611499999999694,5.321500000000091
slow_01_to_10,x3.mp2,VDS,-1.6497673044876269,0.029098434221350944,5.406500000000117,10.712499999999642
slow_01_to_10,x3.mp2,VBS,0.0,0.0,5e-05,5e-05
slow_01_to_10,x3.mn2,VGS,-0.058600729878062204,1.695089769099609,10.611499999999694,5.321500000000091
slow_01_to_10,x3.mn2,VGD,-1.67686821280829,1.6945505670884422,10.611499999999694,5.321500000000091
slow_01_to_10,x3.mn2,VDS,-0.029767304487626732,1.649098434221351,5.406500000000117,10.712499999999642
slow_01_to_10,x3.mn2,VBS,0.0,0.0,5e-05,5e-05
slow_01_to_10,x4.mp1,VGS,-1.6496554288707796,-1.2529393041738068,10.024999999999999,0.09249999999999997
slow_01_to_10,x4.mp1,VGD,-1.6479911190408127,-0.46598195211345206,10.024999999999999,0.0028183527664083887
slow_01_to_10,x4.mp1,VDS,-1.0099968150507341,0.0025169072963737715,0.0003930907893016495,4.997500000000007
slow_01_to_10,x4.mp1,VBS,0.0,0.0,5e-05,5e-05
slow_01_to_10,x4.mn1,VGS,-0.029655428870779543,0.3670606958261933,10.024999999999999,0.09249999999999997
slow_01_to_10,x4.mn1,VGD,-1.6479911190408127,-0.46598195211345206,10.024999999999999,0.0028183527664083887
slow_01_to_10,x4.mn1,VDS,0.610003184949266,1.6225169072963739,0.0003930907893016495,4.997500000000007
slow_01_to_10,x4.mn1,VBS,0.0,0.0,5e-05,5e-05
slow_01_to_10,x4.mp2,VGS,-1.0099968150507341,0.0025169072963737715,0.0003930907893016495,4.997500000000007
slow_01_to_10,x4.mp2,VGD,0.576183608339534,1.6224694323587938,0.0003930907893016495,4.997500000000007
slow_01_to_10,x4.mp2,VDS,-1.6200666430250075,-1.569344622408084,5.039500000000005,0.03850000000000002
slow_01_to_10,x4.mp2,VBS,0.0,0.0,5e-05,5e-05
slow_01_to_10,x4.mn2,VGS,0.610003184949266,1.6225169072963739,0.0003930907893016495,4.997500000000007
slow_01_to_10,x4.mn2,VGD,0.576183608339534,1.6224694323587938,0.0003930907893016495,4.997500000000007
slow_01_to_10,x4.mn2,VDS,-6.664302500737687e-05,0.050655377591915976,5.039500000000005,0.03850000000000002
slow_01_to_10,x4.mn2,VBS,0.0,0.0,5e-05,5e-05
slow_01_to_10,x5.mp1,VGS,-1.6662297896778597,0.03499145664079162,20.171500000000165,25.410500000000436
slow_01_to_10,x5.mp1,VGD,-1.663595542972712,1.6549242706478373,20.172500000000166,25.411500000000437
slow_01_to_10,x5.mp1,VDS,-1.6762641804105785,0.07012986322636561,25.61850000000067,20.34150000000036
slow_01_to_10,x5.mp1,VBS,0.0,0.0,5e-05,5e-05
slow_01_to_10,x5.mn1,VGS,-0.04622978967785954,1.6549914566407917,20.171500000000165,25.410500000000436
slow_01_to_10,x5.mn1,VGD,-1.663595542972712,1.6549242706478373,20.172500000000166,25.411500000000437
slow_01_to_10,x5.mn1,VDS,-0.05626418041057831,1.6901298632263657,25.61850000000067,20.34150000000036
slow_01_to_10,x5.mn1,VBS,0.0,0.0,5e-05,5e-05
slow_01_to_10,x5.mp2,VGS,-1.6762641804105785,0.07012986322636561,25.61850000000067,20.34150000000036
slow_01_to_10,x5.mp2,VGD,-1.6746219274822922,1.6896892616641093,25.61850000000067,20.34250000000036
slow_01_to_10,x5.mp2,VDS,-1.648688134524538,0.02897242206888606,20.435500000000463,25.72450000000079
slow_01_to_10,x5.mp2,VBS,0.0,0.0,5e-05,5e-05
slow_01_to_10,x5.mn2,VGS,-0.05626418041057831,1.6901298632263657,25.61850000000067,20.34150000000036
slow_01_to_10,x5.mn2,VGD,-1.6746219274822922,1.6896892616641093,25.61850000000067,20.34250000000036
slow_01_to_10,x5.mn2,VDS,-0.02868813452453806,1.6489724220688862,20.435500000000463,25.72450000000079
slow_01_to_10,x5.mn2,VBS,0.0,0.0,5e-05,5e-05
slow_10_to_01,x1.0,VGS,-1.6718237035972396,1.649023810883422,17.993500000000044,25.431500000000458
slow_10_to_01,x1.0,VGD,-0.05716830774253649,1.6492729307877299,17.996500000000047,25.42550000000045
slow_10_to_01,x1.0,VDS,-1.691611949427373,0.005634630375192403,18.43050000000049,20.06050000000004
slow_10_to_01,x1.0,VBS,-1.6925778781497893,0.009839121913383986,18.432500000000488,5.9800000009466315e-05
slow_10_to_01,x1.1,VGS,-0.018341639995068937,1.6671037795124841,0.00038944231389212897,7.9085000000005055
slow_10_to_01,x1.1,VGD,0.031692165379852213,1.6671037828998483,5e-05,7.875500000000523
slow_10_to_01,x1.1,VDS,-0.5092316494349968,0.010283322883607691,0.0994243891677187,25.624500000000676
slow_10_to_01,x1.1,VBS,-0.5094869635250618,0.011715503373733808,0.1004243891677187,25.625500000000677
slow_10_to_01,x1.2,VGS,-1.6607847628919148,1.64705436178874,10.400499999999804,18.737500000000836
slow_10_to_01,x1.2,VGD,-1.6282133236062066,0.00048643210001086956,0.0019525203610760418,18.0015
slow_10_to_01,x1.2,VDS,-0.038535061146741656,1.646955860505415,10.400499999999804,18.737500000000836
slow_10_to_01,x1.2,VBS,-0.04088161112395228,1.6469365983484536,10.400499999999804,18.737500000000836
slow_10_to_01,x1.3,VGS,-1.6373250044133285,0.0569325908437569,18.427500000000485,0.00011895646897622437
slow_10_to_01,x1.3,VGD,-1.6205810962997063,0.0012942090356504732,18.45950000000052,5.295500000000083
slow_10_to_01,x1.3,VDS,-0.048956086075049976,1.2609281702635151,5.0265,0.0019525203610760418
slow_10_to_01,x1.3,VBS,-0.05031321530591004,1.2576842583327927,9.977500000000001,0.0029525203610760416
slow_10_to_01,x1.4,VGS,-0.8313988010458943,1.6387247333291908,18.498500000000565,10.015499999999982
slow_10_to_01,x1.4,VGD,-0.8339826325493622,1.6435376110802673,20.00450000000003,10.022499999999978
slow_10_to_01,x1.4,VDS,-0.7022149244355093,0.1274458592279324,25.023500000000055,20.00450000000003
slow_10_to_01,x1.4,VBS,-0.8698009217323441,0.027720074689164025,17.98050000000003,10.01749999999998
slow_10_to_01,x1.5,VGS,0.009742483021452364,1.6641478039806326,0.00038944231389212897,24.99150000000002
slow_10_to_01,x1.5,VGD,0.02061606048850033,1.6641881955489979,5e-05,5.0251
slow_10_to_01,x1.5,VDS,-0.36727560363258466,0.020735701576938034,0.08742438916771875,10.024999999999999
slow_10_to_01,x1.5,VBS,-0.3677013513958625,0.023635662024629384,0.08942438916771873,10.024999999999999
slow_10_to_01,x1.6,VGS,-1.6294680806049624,1.6199995787512456,18.46850000000053,24.975000000000005
slow_10_to_01,x1.6,VGD,-1.6201411556386922,0.0020784407826583973,18.94450000000107,5.297500000000084
slow_10_to_01,x1.6,VDS,-0.05869250520521385,1.6375786371951868,5.439500000000127,25.004500000000032
slow_10_to_01,x1.6,VBS,-0.06182224224357524,1.641175166228032,9.977500000000001,25.006500000000035
slow_10_to_01,x1.7,VGS,-1.6411925765346778,1.661847162463498,25.303500000000312,10.4084999999998
slow_10_to_01,x1.7,VGD,-1.6420058325581912,0.04334763312838419,18.74050000000084,10.400499999999804
slow_10_to_01,x1.7,VDS,-0.023688209525045023,1.6538388333946084,25.292500000000302,18.150500000000168
slow_10_to_01,x1.7,VBS,-0.02504324251814527,1.6554032451521195,25.292500000000302,18.154500000000173
slow_10_to_01,x1.8,VGS,-1.6238989313577792,0.010250561840433547,18.402500000000455,0.00016498870392503537
slow_10_to_01,x1.8,VGD,-1.6199972584108413,0.0036505848892200987,30.000000000000004,5.298500000000084
slow_10_to_01,x1.8,VDS,-0.052395576432691326,1.21669844866533,5.0265,0.0019525203610760418
slow_10_to_01,x1.8,VBS,-0.05201410795305139,1.2300350067430552,5.028500000000001,0.0029525203610760416
slow_10_to_01,x1.9,VGS,-1.6786343017071323,1.637023621377451,8.454500000000222,25.01050000000004
slow_10_to_01,x1.9,VGD,-0.12644286919831926,1.6393226165963746,17.996500000000047,25.014500000000044
slow_10_to_01,x1.9,VDS,-1.6390807600555055,0.00028881155182110024,8.990499999999942,24.9765
slow_10_to_01,x1.9,VBS,-1.6786342875780318,0.024092989064993492,8.351500000000275,25.012500000000042
slow_10_to_01,x1.10,VGS,-1.6729204190713476,0.029295927443883762,17.996500000000047,25.436500000000464
slow_10_to_01,x1.10,VGD,-0.8718398082735291,0.8017442385137137,17.99150000000004,19.286500000001457
slow_10_to_01,x1.10,VDS,-1.6725232822285092,-0.05675105841380896,9.99949999999999,5e-05
slow_10_to_01,x1.10,VBS,-1.6686439690388968,-0.03366311746181841,5.0415000000000045,5e-05
slow_10_to_01,x1.11,VGS,-1.636144679393521,1.6695034575870347,10.011499999999984,20.03650000000001
slow_10_to_01,x1.11,VGD,-0.023927009095710515,1.6690916674978329,10.011499999999984,20.026500000000002
slow_10_to_01,x1.11,VDS,-1.6537106570049942,0.048910582515825744,10.4064999999998,5.168500000000044
slow_10_to_01,x1.11,VBS,-1.6538622622934256,0.048224386068704043,10.4084999999998,5.168500000000044
slow_10_to_01,x1.12,VGS,0.07531378078470197,1.667103778843586,0.014424389167718757,7.912500000000503
slow_10_to_01,x1.12,VGD,-1.2272017227390335,0.048815308251164424,0.00566471494493542,5.027500000000001
slow_10_to_01,x1.12,VDS,0.29338282941940586,1.6306746344147223,5e-05,25.62650000000068
slow_10_to_01,x1.12,VBS,0.056270159867244235,1.6306493651374396,5e-05,25.62650000000068
slow_10_to_01,x1.13,VGS,-1.636425027804872,1.6697389126510562,10.012499999999983,20.03650000000001
slow_10_to_01,x1.13,VGD,-1.643033650721214,0.05472017582976463,10.012499999999983,20.027500000000003
slow_10_to_01,x1.13,VDS,-0.03625774439183127,1.6607463573606303,10.410499999999798,5.163500000000043
slow_10_to_01,x1.13,VBS,-0.03613955832860727,1.6621732098513256,10.410499999999798,5.166500000000044
slow_10_to_01,x1.14,VGS,-1.649477496359317,1.6272826203447834,25.426500000000452,10.024999999999999
slow_10_to_01,x1.14,VGD,-0.0017309442095542306,1.6253938272591455,20.025100000000002,0.0019525203610760418
slow_10_to_01,x1.14,VDS,-1.6493471565635593,0.05711933833666222,25.42450000000045,17.996500000000047
slow_10_to_01,x1.14,VBS,-1.6493520044893648,0.1053076259958573,25.42450000000045,5.420000000405699e-05
slow_10_to_01,x1.15,VGS,-1.6425850506023927,1.661980376384018,25.30250000000031,10.4074999999998
slow_10_to_01,x1.15,VGD,-0.027606689007331157,1.662930786405023,18.737500000000836,10.401499999999803
slow_10_to_01,x1.15,VDS,-1.6461465666188901,0.03808761893137717,25.292500000000302,18.157500000000176
slow_10_to_01,x1.15,VBS,-1.6461490451625989,0.03776259044448456,25.292500000000302,18.157500000000176
slow_10_to_01,x1.16,VGS,-0.12385142444745449,1.6393221220325187,18.163500000000184,25.015500000000046
slow_10_to_01,x1.16,VGD,-0.8254274689550387,1.6446445201989663,17.99150000000004,25.024500000000057
slow_10_to_01,x1.16,VDS,-0.2635625526726699,0.7540644489485586,20.038500000000013,17.985500000000034
slow_10_to_01,x1.16,VBS,-0.8482572173522706,0.027740045116626668,30.000000000000004,25.017500000000048
slow_10_to_01,x1.17,VGS,-1.6731567358355288,0.07079971037329447,20.046500000000023,18.43550000000049
slow_10_to_01,x1.17,VGD,-1.0498573115272498,0.8983825886062755,18.896500000001016,0.295424389167718
slow_10_to_01,x1.17,VDS,-1.6610552318393317,-0.06784431443972165,24.99850000000003,5e-05
slow_10_to_01,x1.17,VBS,-1.667646476937949,-0.04067874216353111,20.0257,5e-05
slow_10_to_01,x1.18,VGS,-0.8367409104554735,1.6199995256066873,18.48750000000055,24.975000000000005
slow_10_to_01,x1.18,VGD,-0.010738320408135535,1.6199999224569055,0.00016498870392503537,24.975000000000005
slow_10_to_01,x1.18,VDS,-0.8361932566992074,0.034590067115359904,18.48750000000055,10.024999999999999
slow_10_to_01,x1.18,VBS,-0.8362005996405841,0.03306433068022792,18.48750000000055,10.027499999999998
slow_10_to_01,x1.19,VGS,-0.9414745453653387,1.643947619936972,30.000000000000004,10.026499999999999
slow_10_to_01,x1.19,VGD,-0.8339802894202593,1.6441473235818804,20.00450000000003,10.024499999999977
slow_10_to_01,x1.19,VDS,-0.9393851037569617,0.15611732732280437,25.023500000000055,18.471500000000535
slow_10_to_01,x1.19,VBS,-0.9414869300814699,0.03481749043377316,30.000000000000004,10.026499999999999
slow_10_to_01,x1.20,VGS,-1.6394229456354017,1.678634277514822,25.012500000000042,8.366500000000267
slow_10_to_01,x1.20,VGD,-1.6432455820236358,0.058983406793700066,25.012500000000042,5.428500000000124
slow_10_to_01,x1.20,VDS,-0.039376992740950634,1.6661805153932217,25.41550000000044,20.169500000000163
slow_10_to_01,x1.20,VBS,-0.03927544173558961,1.6677324513561493,25.41550000000044,20.171500000000165
slow_10_to_01,x1.21,VGS,0.05017467044953493,1.666340326121151,5e-05,24.99250000000002
slow_10_to_01,x1.21,VGD,-1.2088400028708974,0.052156428493228546,0.006424389167718758,5.0265
slow_10_to_01,x1.21,VDS,0.1417630193591799,1.6457663472338173,5e-05,25.023500000000055
slow_10_to_01,x1.21,VBS,0.030450927090129976,1.6452571808497076,5e-05,25.024500000000057
slow_10_to_01,x1.22,VGS,-1.6773619773687418,1.6379063065576145,20.058500000000038,10.011499999999984
slow_10_to_01,x1.22,VGD,-0.7076155235010719,1.6404204272598788,20.00650000000003,10.015499999999982
slow_10_to_01,x1.22,VDS,-1.0776188262596806,0.00035297089454878637,5.061500000000011,9.977500000000001
slow_10_to_01,x1.22,VBS,-1.6702098365221691,0.02371068000467452,20.026500000000002,10.012499999999983
slow_10_to_01,x1.23,VGS,-1.6478654194835534,1.6280625363649959,25.426500000000452,10.024999999999999
slow_10_to_01,x1.23,VGD,-1.6213042222396477,0.29174101926407414,25.43250000000046,0.00023980657391406657
slow_10_to_01,x1.23,VDS,-0.026561825145290596,1.6593597129799231,25.426500000000452,17.982500000000034
slow_10_to_01,x1.23,VBS,-0.028172456375646027,1.6664901193436352,25.426500000000452,17.986500000000035
slow_10_to_01,x1.24,VGS,-1.6631450339630582,1.644278487249397,10.400499999999804,18.737500000000836
slow_10_to_01,x1.24,VGD,-0.0025441569354688774,1.6224545556372836,0.0012077853815135084,18.743500000000843
slow_10_to_01,x1.24,VDS,-1.6631022845717243,0.021837187301834888,10.400499999999804,18.737500000000836
slow_10_to_01,x1.24,VBS,-1.663099747374366,0.024588799143883587,10.400499999999804,18.737500000000836
slow_10_to_01,x1.25,VGS,-1.639335640305262,1.6786342778607288,25.01150000000004,8.365500000000267
slow_10_to_01,x1.25,VGD,-0.023823602586908868,1.6786342789071864,25.01150000000004,8.36150000000027
slow_10_to_01,x1.25,VDS,-1.6574328615272043,0.05413202957568215,25.41250000000044,20.173500000000168
slow_10_to_01,x1.25,VBS,-1.6575647958548474,0.05342367714461643,25.41450000000044,20.173500000000168
slow_10_to_01,x1.26,VGS,-0.9820196284168219,1.6451650564566098,18.157500000000176,25.0265
slow_10_to_01,x1.26,VGD,-0.8254782144979655,1.6453745330671539,17.99150000000004,25.025000000000002
slow_10_to_01,x1.26,VDS,-0.9437319097675464,0.009804596380323716,10.024499999999977,25.410500000000436
slow_10_to_01,x1.26,VBS,-1.1407880242362167,0.03335950542893623,18.543500000000616,25.0275
slow_10_to_01,x1.27,VGS,-1.6202212016085218,1.619999288406849,25.720500000000786,9.975000000000001
slow_10_to_01,x1.27,VGD,-1.619997041607896,0.0031082943807188013,30.000000000000004,5.300500000000085
slow_10_to_01,x1.27,VDS,-0.05484766611205427,1.6376044472634699,20.026500000000002,10.004499999999988
slow_10_to_01,x1.27,VBS,-0.05459852266877041,1.641174352873282,20.028500000000005,10.006499999999987
slow_10_to_01,x1.28,VGS,-1.6720296985502476,1.6489909063149322,17.993500000000044,25.431500000000458
slow_10_to_01,x1.28,VGD,-1.6765071368832072,0.029892500570600777,17.996500000000047,25.426500000000452
slow_10_to_01,x1.28,VDS,-0.07468145434896889,1.625714938341768,18.43350000000049,20.06050000000004
slow_10_to_01,x1.28,VBS,-0.07460619578144922,1.6256035342160147,18.43450000000049,20.06150000000004
slow_10_to_01,x2.mp1,VGS,-1.631543288554533,-1.1077245502501611,25.625500000000677,0.10142438916771869
slow_10_to_01,x2.mp1,VGD,-1.6313243243118483,-0.40413532763505405,25.62750000000068,0.03442438916771877
slow_10_to_01,x2.mp1,VDS,-1.0056356439610654,0.0006974952577822879,0.00038944231389212897,25.683500000000745
slow_10_to_01,x2.mp1,VBS,0.0,0.0,5e-05,5e-05
slow_10_to_01,x2.mn1,VGS,-0.011543288554532693,0.512275449749839,25.625500000000677,0.10142438916771869
slow_10_to_01,x2.mn1,VGD,-1.6313243243118483,-0.40413532763505405,25.62750000000068,0.03442438916771877
slow_10_to_01,x2.mn1,VDS,0.6143643560389347,1.6206974952577824,0.00038944231389212897,25.683500000000745
slow_10_to_01,x2.mn1,VBS,0.0,0.0,5e-05,5e-05
slow_10_to_01,x2.mp2,VGS,-1.0056356439610654,0.0006974952577822879,0.00038944231389212897,25.683500000000745
slow_10_to_01,x2.mp2,VGD,0.5808104368641445,1.6206868089358282,0.00038944231389212897,25.684500000000746
slow_10_to_01,x2.mp2,VDS,-1.620008139484913,-1.5697942128579865,5.035500000000003,0.0444243891677188
slow_10_to_01,x2.mp2,VBS,0.0,0.0,5e-05,5e-05
slow_10_to_01,x2.mn2,VGS,0.6143643560389347,1.6206974952577824,0.00038944231389212897,25.683500000000745
slow_10_to_01,x2.mn2,VGD,0.5808104368641445,1.6206868089358282,0.00038944231389212897,25.684500000000746
slow_10_to_01,x2.mn2,VDS,-8.139484912904696e-06,0.0502057871420136,5.035500000000003,0.0444243891677188
slow_10_to_01,x2.mn2,VBS,0.0,0.0,5e-05,5e-05
slow_10_to_01,x3.mp1,VGS,-1.6716627322600683,0.03859258457905401,20.173500000000168,25.41550000000044
slow_10_to_01,x3.mp1,VGD,-1.668672098600901,1.6585173692516066,20.17450000000017,25.41650000000044
slow_10_to_01,x3.mp1,VDS,-1.6786030332383421,0.07508318042852413,25.611500000000664,20.324500000000338
slow_10_to_01,x3.mp1,VBS,0.0,0.0,5e-05,5e-05
slow_10_to_01,x3.mn1,VGS,-0.05166273226006816,1.6585925845790541,20.173500000000168,25.41550000000044
slow_10_to_01,x3.mn1,VGD,-1.668672098600901,1.6585173692516066,20.17450000000017,25.41650000000044
slow_10_to_01,x3.mn1,VDS,-0.05860303323834193,1.6950831804285242,25.611500000000664,20.324500000000338
slow_10_to_01,x3.mn1,VBS,0.0,0.0,5e-05,5e-05
slow_10_to_01,x3.mp2,VGS,-1.6786030332383421,0.07508318042852413,25.611500000000664,20.324500000000338
slow_10_to_01,x3.mp2,VGD,-1.6768702243614495,1.6945505015014024,25.611500000000664,20.324500000000338
slow_10_to_01,x3.mp2,VDS,-1.6497669157273043,0.029099034733953477,20.409500000000435,25.712500000000777
slow_10_to_01,x3.mp2,VBS,0.0,0.0,5e-05,5e-05
slow_10_to_01,x3.mn2,VGS,-0.05860303323834193,1.6950831804285242,25.611500000000664,20.324500000000338
slow_10_to_01,x3.mn2,VGD,-1.6768702243614495,1.6945505015014024,25.611500000000664,20.324500000000338
slow_10_to_01,x3.mn2,VDS,-0.029766915727304066,1.6490990347339536,20.409500000000435,25.712500000000777
slow_10_to_01,x3.mn2,VBS,0.0,0.0,5e-05,5e-05
slow_10_to_01,x4.mp1,VGS,-1.649650294052334,-1.2486781882473243,25.025000000000002,0.09142438916771872
slow_10_to_01,x4.mp1,VGD,-1.6479871539673925,-0.46062770698011946,25.025000000000002,0.0029525203610760416
slow_10_to_01,x4.mp1,VDS,-1.0075894059132433,0.0025162411153230035,0.00038944231389212897,4.997500000000007
slow_10_to_01,x4.mp1,VBS,0.0,0.0,5e-05,5e-05
slow_10_to_01,x4.mn1,VGS,-0.029650294052333884,0.3713218117526757,25.025000000000002,0.09142438916771872
slow_10_to_01,x4.mn1,VGD,-1.6479871539673925,-0.46062770698011946,25.025000000000002,0.0029525203610760416
slow_10_to_01,x4.mn1,VDS,0.6124105940867567,1.622516241115323,0.00038944231389212897,4.997500000000007
slow_10_to_01,x4.mn1,VBS,0.0,0.0,5e-05,5e-05
slow_10_to_01,x4.mp2,VGS,-1.0075894059132433,0.0025162411153230035,0.00038944231389212897,4.997500000000007
slow_10_to_01,x4.mp2,VGD,0.5788803488927505,1.622468780741144,0.00038944231389212897,4.997500000000007
slow_10_to_01,x4.mp2,VDS,-1.6200666309653862,-1.569359780983259,20.039500000000015,0.03842438916771878
slow_10_to_01,x4.mp2,VBS,0.0,0.0,5e-05,5e-05
slow_10_to_01,x4.mn2,VGS,0.6124105940867567,1.622516241115323,0.00038944231389212897,4.997500000000007
slow_10_to_01,x4.mn2,VGD,0.5788803488927505,1.622468780741144,0.00038944231389212897,4.997500000000007
slow_10_to_01,x4.mn2,VDS,-6.663096538598696e-05,0.050640219016741234,20.039500000000015,0.03842438916771878
slow_10_to_01,x4.mn2,VBS,0.0,0.0,5e-05,5e-05
slow_10_to_01,x5.mp1,VGS,-1.6663961433513785,0.03500062980916985,5.168500000000044,10.410499999999798
slow_10_to_01,x5.mp1,VGD,-1.6637554183768908,1.6549334845796773,5.169500000000045,10.411499999999798
slow_10_to_01,x5.mp1,VDS,-1.6762633044843513,0.0701448233698907,10.61849999999969,5.338500000000096
slow_10_to_01,x5.mp1,VBS,0.0,0.0,5e-05,5e-05
slow_10_to_01,x5.mn1,VGS,-0.046396143351378406,1.65500062980917,5.168500000000044,10.410499999999798
slow_10_to_01,x5.mn1,VGD,-1.6637554183768908,1.6549334845796773,5.169500000000045,10.411499999999798
slow_10_to_01,x5.mn1,VDS,-0.05626330448435121,1.6901448233698908,10.61849999999969,5.338500000000096
slow_10_to_01,x5.mn1,VBS,0.0,0.0,5e-05,5e-05
slow_10_to_01,x5.mp2,VGS,-1.6762633044843513,0.0701448233698907,10.61849999999969,5.338500000000096
slow_10_to_01,x5.mp2,VGD,-1.674620928400246,1.6897119233355384,10.61849999999969,5.339500000000096
slow_10_to_01,x5.mp2,VDS,-1.648686793601923,0.028972772499230803,5.432500000000125,10.724499999999635
slow_10_to_01,x5.mp2,VBS,0.0,0.0,5e-05,5e-05
slow_10_to_01,x5.mn2,VGS,-0.05626330448435121,1.6901448233698908,10.61849999999969,5.338500000000096
slow_10_to_01,x5.mn2,VGD,-1.674620928400246,1.6897119233355384,10.61849999999969,5.339500000000096
slow_10_to_01,x5.mn2,VDS,-0.028686793601922802,1.648972772499231,5.432500000000125,10.724499999999635
slow_10_to_01,x5.mn2,VBS,0.0,0.0,5e-05,5e-05
