case,device,voltage,min_v,max_v,min_time_ns,max_time_ns
tt_nominal_a0_to_1_p1500ps,x1.m1,VGS,-1.8,0.0,5e-05,15.346707072412993
tt_nominal_a0_to_1_p1500ps,x1.m1,VGD,-1.8998888965817984,1.8626447980557346,10.172025045078646,16.515427917777036
tt_nominal_a0_to_1_p1500ps,x1.m1,VDS,-1.8626447980557346,0.09988889658179834,16.515427917777036,10.172025045078646
tt_nominal_a0_to_1_p1500ps,x1.m1,VBS,0.0,0.0,5e-05,5e-05
tt_nominal_a0_to_1_p1500ps,x1.m2,VGS,0.0,1.8,5e-05,15.346707072412993
tt_nominal_a0_to_1_p1500ps,x1.m2,VGD,-1.8998888965817984,1.8626447980557346,10.172025045078646,16.515427917777036
tt_nominal_a0_to_1_p1500ps,x1.m2,VDS,-0.0626447980557346,1.8998888965817984,16.515427917777036,10.172025045078646
tt_nominal_a0_to_1_p1500ps,x1.m2,VBS,0.0,0.0,5e-05,5e-05
tt_nominal_a0_to_1_p1500ps,x1.m3,VGS,-1.8,-1.8,5e-05,5e-05
tt_nominal_a0_to_1_p1500ps,x1.m3,VGD,-1.8553879777822488,-0.5394998414933617,10.168025045078648,5e-05
tt_nominal_a0_to_1_p1500ps,x1.m3,VDS,-1.2605001585066384,0.0553879777822488,5e-05,10.168025045078648
tt_nominal_a0_to_1_p1500ps,x1.m3,VBS,0.0,0.0,5e-05,5e-05
tt_nominal_a0_to_1_p1500ps,x1.m4,VGS,0.0,0.0,5e-05,5e-05
tt_nominal_a0_to_1_p1500ps,x1.m4,VGD,-1.8553879777822488,-0.5394998414933617,10.168025045078648,5e-05
tt_nominal_a0_to_1_p1500ps,x1.m4,VDS,0.5394998414933617,1.8553879777822488,5e-05,10.168025045078648
tt_nominal_a0_to_1_p1500ps,x1.m4,VBS,0.0,0.0,5e-05,5e-05
tt_nominal_a0_to_1_p1500ps,x1.m5,VGS,-1.8,0.0,5e-05,5.0125
tt_nominal_a0_to_1_p1500ps,x1.m5,VGD,-1.8000262646451224,1.7999998944045406,15.342684412205532,6.619406262155525
tt_nominal_a0_to_1_p1500ps,x1.m5,VDS,-1.8345910141591757,0.07670617219880049,10.004873506204227,5.01504163218827
tt_nominal_a0_to_1_p1500ps,x1.m5,VBS,0.0,0.0,5e-05,5e-05
tt_nominal_a0_to_1_p1500ps,x1.m6,VGS,0.3244532130588934,1.8466044510827768,5e-05,10.008873506204225
tt_nominal_a0_to_1_p1500ps,x1.m6,VGD,-0.2490096986310627,1.825987314783029,5e-05,10.004873506204227
tt_nominal_a0_to_1_p1500ps,x1.m6,VDS,4.139952711821056e-08,1.2373623502437878,6.5454062621555025,5.022423557740609
tt_nominal_a0_to_1_p1500ps,x1.m6,VBS,-1.2090200225154073,0.05517851009194749,25.0,10.007873506204225
tt_nominal_a0_to_1_p1500ps,x1.m7,VGS,-1.1111255981996457,1.8590872363986077,16.499661395874206,10.012499999999998
tt_nominal_a0_to_1_p1500ps,x1.m7,VGD,-1.2090062214406114,1.8342782948269343,25.0,10.007873506204225
tt_nominal_a0_to_1_p1500ps,x1.m7,VDS,-0.04384142460497453,1.259029497561948,4.999194999988355,20.009956812883033
tt_nominal_a0_to_1_p1500ps,x1.m7,VBS,-1.1709930693941124,0.07940793108924395,4.999194999988355,10.009873506204224
tt_nominal_a0_to_1_p1500ps,x1.m8,VGS,0.0,1.8,5e-05,5.0125
tt_nominal_a0_to_1_p1500ps,x1.m8,VGD,-1.090146807554523,1.8000000093950312,15.303730812914615,17.67744533305075
tt_nominal_a0_to_1_p1500ps,x1.m8,VDS,-0.07940793108924395,1.1709930693941124,10.009873506204224,4.999194999988355
tt_nominal_a0_to_1_p1500ps,x1.m8,VBS,0.0,0.0,5e-05,5e-05
tt_nominal_a0_to_1_p1500ps,x1.m9,VGS,-1.8345910141591757,0.07670617219880049,10.004873506204227,5.01504163218827
tt_nominal_a0_to_1_p1500ps,x1.m9,VGD,-1.8290890271680373,1.8760992776265957,10.005873506204226,5.015775404799897
tt_nominal_a0_to_1_p1500ps,x1.m9,VDS,-1.8418708432455473,0.029362117116790376,5.051423557740618,10.134025045078666
tt_nominal_a0_to_1_p1500ps,x1.m9,VBS,0.0,0.0,5e-05,5e-05
tt_nominal_a0_to_1_p1500ps,x1.m10,VGS,-0.034591014159175565,1.8767061721988005,10.004873506204227,5.01504163218827
tt_nominal_a0_to_1_p1500ps,x1.m10,VGD,-1.8290890271680373,1.8760992776265957,10.005873506204226,5.015775404799897
tt_nominal_a0_to_1_p1500ps,x1.m10,VDS,-0.041870843245547296,1.8293621171167904,5.051423557740618,10.134025045078666
tt_nominal_a0_to_1_p1500ps,x1.m10,VBS,0.0,0.0,5e-05,5e-05
tt_nominal_a0_to_1_p1500ps,x1.m11,VGS,-1.8,0.0,5e-05,5.0125
tt_nominal_a0_to_1_p1500ps,x1.m11,VGD,-1.800371470398273,1.8000000065235064,15.625545826743803,17.67844533305075
tt_nominal_a0_to_1_p1500ps,x1.m11,VDS,-1.8342372444503248,0.07340205349622142,20.004956812883027,16.51416623630255
tt_nominal_a0_to_1_p1500ps,x1.m11,VBS,0.0,0.0,5e-05,5e-05
tt_nominal_a0_to_1_p1500ps,x1.m12,VGS,0.2508569884071927,1.8455371257195947,15.43854582674359,20.00895681288303
tt_nominal_a0_to_1_p1500ps,x1.m12,VGD,-0.24901059081133792,1.8257322896993722,5e-05,20.003956812883025
tt_nominal_a0_to_1_p1500ps,x1.m12,VDS,1.57763153652013e-08,1.2341865539122165,17.686445333050756,16.52213142110407
tt_nominal_a0_to_1_p1500ps,x1.m12,VBS,-1.5556138586273602,0.05407093184371857,15.43854582674359,20.00795681288303
tt_nominal_a0_to_1_p1500ps,x1.m13,VGS,-1.1687649222034604,1.8678297849815468,4.999194999988355,20.012500000000003
tt_nominal_a0_to_1_p1500ps,x1.m13,VGD,-1.2513824994081322,1.8414181379253154,15.3575924888102,20.009956812883033
tt_nominal_a0_to_1_p1500ps,x1.m13,VDS,-0.03709208281841603,1.2869586342983346,16.499661395874206,10.010873506204224
tt_nominal_a0_to_1_p1500ps,x1.m13,VBS,-1.1709930693941124,0.07940793108924395,4.999194999988355,10.009873506204224
tt_nominal_a0_to_1_p1500ps,x1.m14,VGS,-1.8342372444503248,0.07340205349622142,20.004956812883027,16.51416623630255
tt_nominal_a0_to_1_p1500ps,x1.m14,VGD,-1.828797401156248,1.8729289704908825,20.005956812883028,5.013520234607411
tt_nominal_a0_to_1_p1500ps,x1.m14,VDS,-1.8444985702810428,0.0289847730518189,16.5501314211041,20.136777416667098
tt_nominal_a0_to_1_p1500ps,x1.m14,VBS,0.0,0.0,5e-05,5e-05
tt_nominal_a0_to_1_p1500ps,x1.m15,VGS,-0.034237244450324805,1.8734020534962215,20.004956812883027,16.51416623630255
tt_nominal_a0_to_1_p1500ps,x1.m15,VGD,-1.828797401156248,1.8729289704908825,20.005956812883028,5.013520234607411
tt_nominal_a0_to_1_p1500ps,x1.m15,VDS,-0.04449857028104285,1.828984773051819,16.5501314211041,20.136777416667098
tt_nominal_a0_to_1_p1500ps,x1.m15,VBS,0.0,0.0,5e-05,5e-05
tt_nominal_a0_to_1_p1500ps,x1.m16,VGS,-1.8,0.0,5e-05,5.0125
tt_nominal_a0_to_1_p1500ps,x1.m16,VGD,-1.8001119229632816,-0.07298564403491459,15.413545826743562,5.017423557740607
tt_nominal_a0_to_1_p1500ps,x1.m16,VDS,-1.0397098218253351,0.07367788026485123,0.0002081409052984048,5.178406262155083
tt_nominal_a0_to_1_p1500ps,x1.m16,VBS,0.0,0.0,5e-05,5e-05
tt_nominal_a0_to_1_p1500ps,x1.m17,VGS,-1.0862320093401339,0.5014491565255204,15.303730812914615,0.01627073196827571
tt_nominal_a0_to_1_p1500ps,x1.m17,VGD,-1.8860507720081625,-0.22704203670419254,5.017423557740607,0.011270731968275709
tt_nominal_a0_to_1_p1500ps,x1.m17,VDS,0.6102467736293224,1.8968425711799632,0.00027461063665586665,9.99787350620423
tt_nominal_a0_to_1_p1500ps,x1.m17,VBS,-1.0862430323815508,0.07823665745369215,15.303730812914615,10.012499999999998
tt_nominal_a0_to_1_p1500ps,x1.m18,VGS,-1.1111255981996457,1.8590872363986077,16.499661395874206,10.012499999999998
tt_nominal_a0_to_1_p1500ps,x1.m18,VGD,-0.7974251114797659,1.8592159945872615,16.515427917777036,10.01345303743058
tt_nominal_a0_to_1_p1500ps,x1.m18,VDS,-0.36910720102445504,0.8241696607147851,16.499661395874206,20.009956812883033
tt_nominal_a0_to_1_p1500ps,x1.m18,VBS,-1.1709930693941124,0.07940793108924395,4.999194999988355,10.009873506204224
tt_nominal_a0_to_1_p1500ps,x1.m19,VGS,-1.0397098218253351,0.07367788026485123,0.0002081409052984048,5.178406262155083
tt_nominal_a0_to_1_p1500ps,x1.m19,VGD,-0.002249515947112868,1.8736778230561044,0.0006263675003370344,5.179406262155084
tt_nominal_a0_to_1_p1500ps,x1.m19,VDS,-1.8035201336539581,-0.9915836033339703,20.00895681288303,0.005254146393655142
tt_nominal_a0_to_1_p1500ps,x1.m19,VBS,0.0,0.0,5e-05,5e-05
tt_nominal_a0_to_1_p1500ps,x1.m20,VGS,0.7602901781746649,1.8736778802648513,0.0002081409052984048,5.178406262155083
tt_nominal_a0_to_1_p1500ps,x1.m20,VGD,-0.002249515947112868,1.8736778230561044,0.0006263675003370344,5.179406262155084
tt_nominal_a0_to_1_p1500ps,x1.m20,VDS,-0.0035201336539581987,0.8084163966660297,20.00895681288303,0.005254146393655142
tt_nominal_a0_to_1_p1500ps,x1.m20,VBS,0.0,0.0,5e-05,5e-05
tt_nominal_a0_to_1_p1500ps,x1.m21,VGS,-1.8,0.0,5e-05,5.0125
tt_nominal_a0_to_1_p1500ps,x1.m21,VGD,-1.8000728941001627,-0.07300079052501829,15.413545826743562,5.018423557740608
tt_nominal_a0_to_1_p1500ps,x1.m21,VDS,-1.0396397812703333,0.0736849255344103,0.0002081409052984048,16.67344533304961
tt_nominal_a0_to_1_p1500ps,x1.m21,VBS,0.0,0.0,5e-05,5e-05
tt_nominal_a0_to_1_p1500ps,x1.m22,VGS,-1.0722816349290722,0.5153151386827848,25.0,0.01627073196827571
tt_nominal_a0_to_1_p1500ps,x1.m22,VGD,-1.8860659376280435,-0.2271902269004522,5.017423557740607,0.011270731968275709
tt_nominal_a0_to_1_p1500ps,x1.m22,VDS,0.6397712309964203,1.8964987072403174,0.00027461063665586665,19.997956812883018
tt_nominal_a0_to_1_p1500ps,x1.m22,VBS,-1.0722827929787027,0.07583109489492405,25.0,20.012500000000003
tt_nominal_a0_to_1_p1500ps,x1.m23,VGS,-1.1687649222034604,1.8678297849815468,4.999194999988355,20.012500000000003
tt_nominal_a0_to_1_p1500ps,x1.m23,VGD,-0.030656484510063337,1.8686934590787885,15.3575924888102,20.014101003956824
tt_nominal_a0_to_1_p1500ps,x1.m23,VDS,-1.1705347832348254,0.425104423074895,4.999194999988355,16.512971176913545
tt_nominal_a0_to_1_p1500ps,x1.m23,VBS,-1.1709930693941124,0.07940793108924395,4.999194999988355,10.009873506204224
tt_nominal_a0_to_1_p1500ps,x1.m24,VGS,-1.0396397812703333,0.0736849255344103,0.0002081409052984048,16.67344533304961
tt_nominal_a0_to_1_p1500ps,x1.m24,VGD,-0.002140872580965736,1.8736848676165283,0.0006263675003370344,16.67444533304961
tt_nominal_a0_to_1_p1500ps,x1.m24,VDS,-1.803520411512867,-0.9916530286471522,10.008873506204225,0.005254146393655142
tt_nominal_a0_to_1_p1500ps,x1.m24,VBS,0.0,0.0,5e-05,5e-05
tt_nominal_a0_to_1_p1500ps,x1.m25,VGS,0.7603602187296667,1.8736849255344104,0.0002081409052984048,16.67344533304961
tt_nominal_a0_to_1_p1500ps,x1.m25,VGD,-0.002140872580965736,1.8736848676165283,0.0006263675003370344,16.67444533304961
tt_nominal_a0_to_1_p1500ps,x1.m25,VDS,-0.0035204115128667783,0.8083469713528478,10.008873506204225,0.005254146393655142
tt_nominal_a0_to_1_p1500ps,x1.m25,VBS,0.0,0.0,5e-05,5e-05
tt_nominal_a0_to_1_p1500ps,x1.m26,VGS,-1.8626447980557346,0.09988889658179834,16.515427917777036,10.172025045078646
tt_nominal_a0_to_1_p1500ps,x1.m26,VGD,-1.817503566637269,1.8990807800635372,20.09177741666705,10.174025045078645
tt_nominal_a0_to_1_p1500ps,x1.m26,VDS,-1.8354399716764471,0.02399695828775905,15.3575924888102,20.077777416667033
tt_nominal_a0_to_1_p1500ps,x1.m26,VBS,0.0,0.0,5e-05,5e-05
tt_nominal_a0_to_1_p1500ps,x1.m27,VGS,-0.0626447980557346,1.8998888965817984,16.515427917777036,10.172025045078646
tt_nominal_a0_to_1_p1500ps,x1.m27,VGD,-1.817503566637269,1.8990807800635372,20.09177741666705,10.174025045078645
tt_nominal_a0_to_1_p1500ps,x1.m27,VDS,-0.035439971676447024,1.823996958287759,15.3575924888102,20.077777416667033
tt_nominal_a0_to_1_p1500ps,x1.m27,VBS,0.0,0.0,5e-05,5e-05
tt_nominal_a0_to_1_p1500ps,x1.m28,VGS,-1.2605001585066384,0.0553879777822488,5e-05,10.168025045078648
tt_nominal_a0_to_1_p1500ps,x1.m28,VGD,0.09960471458471687,1.8549627907686919,0.011270731968275709,10.169025045078648
tt_nominal_a0_to_1_p1500ps,x1.m28,VDS,-1.813065127973248,-1.070196770494972,5.017423557740607,0.017270731968275707
tt_nominal_a0_to_1_p1500ps,x1.m28,VBS,0.0,0.0,5e-05,5e-05
tt_nominal_a0_to_1_p1500ps,x1.m29,VGS,0.5394998414933617,1.8553879777822488,5e-05,10.168025045078648
tt_nominal_a0_to_1_p1500ps,x1.m29,VGD,0.09960471458471687,1.8549627907686919,0.011270731968275709,10.169025045078648
tt_nominal_a0_to_1_p1500ps,x1.m29,VDS,-0.013065127973247825,0.729803229505028,5.017423557740607,0.017270731968275707
tt_nominal_a0_to_1_p1500ps,x1.m29,VBS,0.0,0.0,5e-05,5e-05
tt_nominal_a0_to_1_p1500ps,x2.mp1,VGS,-1.8418708432455473,0.029362117116790376,5.051423557740618,10.134025045078666
tt_nominal_a0_to_1_p1500ps,x2.mp1,VGD,-1.8386635262486466,1.8292766956785387,5.051423557740618,10.135025045078665
tt_nominal_a0_to_1_p1500ps,x2.mp1,VDS,-1.8535638990887862,0.10323336025731344,10.226025045078618,5.088397459507982
tt_nominal_a0_to_1_p1500ps,x2.mp1,VBS,0.0,0.0,5e-05,5e-05
tt_nominal_a0_to_1_p1500ps,x2.mn1,VGS,-0.041870843245547296,1.8293621171167904,5.051423557740618,10.134025045078666
tt_nominal_a0_to_1_p1500ps,x2.mn1,VGD,-1.8386635262486466,1.8292766956785387,5.051423557740618,10.135025045078665
tt_nominal_a0_to_1_p1500ps,x2.mn1,VDS,-0.05356389908878602,1.9032333602573135,10.226025045078618,5.088397459507982
tt_nominal_a0_to_1_p1500ps,x2.mn1,VBS,0.0,0.0,5e-05,5e-05
tt_nominal_a0_to_1_p1500ps,x2.mp2,VGS,-1.8535638990887862,0.10323336025731344,10.226025045078618,5.088397459507982
tt_nominal_a0_to_1_p1500ps,x2.mp2,VGD,-1.8517862805567082,1.9007753498269524,10.226025045078618,5.088397459507982
tt_nominal_a0_to_1_p1500ps,x2.mp2,VDS,-1.8335609404343618,0.029025427971555162,5.121406262155065,10.273025045078594
tt_nominal_a0_to_1_p1500ps,x2.mp2,VBS,0.0,0.0,5e-05,5e-05
tt_nominal_a0_to_1_p1500ps,x2.mn2,VGS,-0.05356389908878602,1.9032333602573135,10.226025045078618,5.088397459507982
tt_nominal_a0_to_1_p1500ps,x2.mn2,VGD,-1.8517862805567082,1.9007753498269524,10.226025045078618,5.088397459507982
tt_nominal_a0_to_1_p1500ps,x2.mn2,VDS,-0.033560940434361655,1.8290254279715552,5.121406262155065,10.273025045078594
tt_nominal_a0_to_1_p1500ps,x2.mn2,VBS,0.0,0.0,5e-05,5e-05
tt_nominal_a0_to_1_p1500ps,x3.mp1,VGS,-1.8444985702810428,0.0289847730518189,16.5501314211041,20.136777416667098
tt_nominal_a0_to_1_p1500ps,x3.mp1,VGD,-1.8410250374180737,1.8288992474888572,16.5501314211041,20.136777416667098
tt_nominal_a0_to_1_p1500ps,x3.mp1,VDS,-1.8541766852948824,0.1042229568029871,20.22759364429738,16.58525459539159
tt_nominal_a0_to_1_p1500ps,x3.mp1,VBS,0.0,0.0,5e-05,5e-05
tt_nominal_a0_to_1_p1500ps,x3.mn1,VGS,-0.04449857028104285,1.828984773051819,16.5501314211041,20.136777416667098
tt_nominal_a0_to_1_p1500ps,x3.mn1,VGD,-1.8410250374180737,1.8288992474888572,16.5501314211041,20.136777416667098
tt_nominal_a0_to_1_p1500ps,x3.mn1,VDS,-0.05417668529488247,1.9042229568029871,20.22759364429738,16.58525459539159
tt_nominal_a0_to_1_p1500ps,x3.mn1,VBS,0.0,0.0,5e-05,5e-05
tt_nominal_a0_to_1_p1500ps,x3.mp2,VGS,-1.8541766852948824,0.1042229568029871,20.22759364429738,16.58525459539159
tt_nominal_a0_to_1_p1500ps,x3.mp2,VGD,-1.852372019386136,1.901693588201506,20.22759364429738,16.58525459539159
tt_nominal_a0_to_1_p1500ps,x3.mp2,VDS,-1.833638920232816,0.029038506174245304,16.618445333049547,20.274593644297433
tt_nominal_a0_to_1_p1500ps,x3.mp2,VBS,0.0,0.0,5e-05,5e-05
tt_nominal_a0_to_1_p1500ps,x3.mn2,VGS,-0.05417668529488247,1.9042229568029871,20.22759364429738,16.58525459539159
tt_nominal_a0_to_1_p1500ps,x3.mn2,VGD,-1.852372019386136,1.901693588201506,20.22759364429738,16.58525459539159
tt_nominal_a0_to_1_p1500ps,x3.mn2,VDS,-0.033638920232816096,1.8290385061742453,16.618445333049547,20.274593644297433
tt_nominal_a0_to_1_p1500ps,x3.mn2,VBS,0.0,0.0,5e-05,5e-05
tt_nominal_a0_to_1_p1500ps,x4.mp1,VGS,-1.803520411512867,-0.9916530286471522,10.008873506204225,0.005254146393655142
tt_nominal_a0_to_1_p1500ps,x4.mp1,VGD,-1.8031691584053826,0.011682297396002794,10.009873506204224,0.00044325360661236793
tt_nominal_a0_to_1_p1500ps,x4.mp1,VDS,-1.0543197229450927,0.00039712438044725573,0.0002081409052984048,4.994194999988355
tt_nominal_a0_to_1_p1500ps,x4.mp1,VBS,0.0,0.0,5e-05,5e-05
tt_nominal_a0_to_1_p1500ps,x4.mn1,VGS,-0.0035204115128667783,0.8083469713528478,10.008873506204225,0.005254146393655142
tt_nominal_a0_to_1_p1500ps,x4.mn1,VGD,-1.8031691584053826,0.011682297396002794,10.009873506204224,0.00044325360661236793
tt_nominal_a0_to_1_p1500ps,x4.mn1,VDS,0.7456802770549074,1.8003971243804473,0.0002081409052984048,4.994194999988355
tt_nominal_a0_to_1_p1500ps,x4.mn1,VBS,0.0,0.0,5e-05,5e-05
tt_nominal_a0_to_1_p1500ps,x4.mp2,VGS,-1.0543197229450927,0.00039712438044725573,0.0002081409052984048,4.994194999988355
tt_nominal_a0_to_1_p1500ps,x4.mp2,VGD,0.7137099806859976,1.8003842352691257,0.00027461063665586665,4.994194999988355
tt_nominal_a0_to_1_p1500ps,x4.mp2,VDS,-1.8000099312084916,-1.7231637215915312,10.003873506204227,0.03727073196827573
tt_nominal_a0_to_1_p1500ps,x4.mp2,VBS,0.0,0.0,5e-05,5e-05
tt_nominal_a0_to_1_p1500ps,x4.mn2,VGS,0.7456802770549074,1.8003971243804473,0.0002081409052984048,4.994194999988355
tt_nominal_a0_to_1_p1500ps,x4.mn2,VGD,0.7137099806859976,1.8003842352691257,0.00027461063665586665,4.994194999988355
tt_nominal_a0_to_1_p1500ps,x4.mn2,VDS,-9.931208491659706e-06,0.07683627840846884,10.003873506204227,0.03727073196827573
tt_nominal_a0_to_1_p1500ps,x4.mn2,VBS,0.0,0.0,5e-05,5e-05
tt_nominal_a0_to_1_p1500ps,x5.mp1,VGS,-1.8035201336539581,-0.9915836033339703,20.00895681288303,0.005254146393655142
tt_nominal_a0_to_1_p1500ps,x5.mp1,VGD,-1.8031688810877353,0.01162120607023076,20.009956812883033,0.00044325360661236793
tt_nominal_a0_to_1_p1500ps,x5.mp1,VDS,-1.054320223852793,0.0003971209084103755,0.0002081409052984048,4.994194999988355
tt_nominal_a0_to_1_p1500ps,x5.mp1,VBS,0.0,0.0,5e-05,5e-05
tt_nominal_a0_to_1_p1500ps,x5.mn1,VGS,-0.0035201336539581987,0.8084163966660297,20.00895681288303,0.005254146393655142
tt_nominal_a0_to_1_p1500ps,x5.mn1,VGD,-1.8031688810877353,0.01162120607023076,20.009956812883033,0.00044325360661236793
tt_nominal_a0_to_1_p1500ps,x5.mn1,VDS,0.7456797761472073,1.8003971209084104,0.0002081409052984048,4.994194999988355
tt_nominal_a0_to_1_p1500ps,x5.mn1,VBS,0.0,0.0,5e-05,5e-05
tt_nominal_a0_to_1_p1500ps,x5.mp2,VGS,-1.054320223852793,0.0003971209084103755,0.0002081409052984048,4.994194999988355
tt_nominal_a0_to_1_p1500ps,x5.mp2,VGD,0.7137082119329106,1.8003842318925596,0.00027461063665586665,4.994194999988355
tt_nominal_a0_to_1_p1500ps,x5.mp2,VDS,-1.8000099264614537,-1.723151550664846,10.003873506204227,0.03727073196827573
tt_nominal_a0_to_1_p1500ps,x5.mp2,VBS,0.0,0.0,5e-05,5e-05
tt_nominal_a0_to_1_p1500ps,x5.mn2,VGS,0.7456797761472073,1.8003971209084104,0.0002081409052984048,4.994194999988355
tt_nominal_a0_to_1_p1500ps,x5.mn2,VGD,0.7137082119329106,1.8003842318925596,0.00027461063665586665,4.994194999988355
tt_nominal_a0_to_1_p1500ps,x5.mn2,VDS,-9.926461453775007e-06,0.0768484493351541,10.003873506204227,0.03727073196827573
tt_nominal_a0_to_1_p1500ps,x5.mn2,VBS,0.0,0.0,5e-05,5e-05
tt_nominal_a0_to_2_p1500ps,x1.m1,VGS,-1.8,-1.8,5e-05,5e-05
tt_nominal_a0_to_2_p1500ps,x1.m1,VGD,-1.8998888965817984,-0.5005150297328196,10.172025045078646,5e-05
tt_nominal_a0_to_2_p1500ps,x1.m1,VDS,-1.2994849702671805,0.09988889658179834,5e-05,10.172025045078646
tt_nominal_a0_to_2_p1500ps,x1.m1,VBS,0.0,0.0,5e-05,5e-05
tt_nominal_a0_to_2_p1500ps,x1.m2,VGS,0.0,0.0,5e-05,5e-05
tt_nominal_a0_to_2_p1500ps,x1.m2,VGD,-1.8998888965817984,-0.5005150297328196,10.172025045078646,5e-05
tt_nominal_a0_to_2_p1500ps,x1.m2,VDS,0.5005150297328196,1.8998888965817984,5e-05,10.172025045078646
tt_nominal_a0_to_2_p1500ps,x1.m2,VBS,0.0,0.0,5e-05,5e-05
tt_nominal_a0_to_2_p1500ps,x1.m3,VGS,-1.8,0.0,5e-05,15.346707072412993
tt_nominal_a0_to_2_p1500ps,x1.m3,VGD,-1.8553879777822488,1.8266662481499203,10.168025045078648,16.521436548741086
tt_nominal_a0_to_2_p1500ps,x1.m3,VDS,-1.8266662481499203,0.0553879777822488,16.521436548741086,10.168025045078648
tt_nominal_a0_to_2_p1500ps,x1.m3,VBS,0.0,0.0,5e-05,5e-05
tt_nominal_a0_to_2_p1500ps,x1.m4,VGS,0.0,1.8,5e-05,15.346707072412993
tt_nominal_a0_to_2_p1500ps,x1.m4,VGD,-1.8553879777822488,1.8266662481499203,10.168025045078648,16.521436548741086
tt_nominal_a0_to_2_p1500ps,x1.m4,VDS,-0.02666624814992022,1.8553879777822488,16.521436548741086,10.168025045078648
tt_nominal_a0_to_2_p1500ps,x1.m4,VBS,0.0,0.0,5e-05,5e-05
tt_nominal_a0_to_2_p1500ps,x1.m5,VGS,-1.8,0.0,5e-05,5.0125
tt_nominal_a0_to_2_p1500ps,x1.m5,VGD,-1.8008668883676244,1.7999998944045406,15.300730232331713,6.619406262155525
tt_nominal_a0_to_2_p1500ps,x1.m5,VDS,-1.8345910141591757,0.07670617219880049,10.004873506204227,5.01504163218827
tt_nominal_a0_to_2_p1500ps,x1.m5,VBS,0.0,0.0,5e-05,5e-05
tt_nominal_a0_to_2_p1500ps,x1.m6,VGS,-1.0721825064306874,1.8466044510827768,25.0,10.008873506204225
tt_nominal_a0_to_2_p1500ps,x1.m6,VGD,-1.8990269923286498,1.825987314783029,16.521436548741086,10.004873506204227
tt_nominal_a0_to_2_p1500ps,x1.m6,VDS,4.139952711821056e-08,1.896839335812177,6.5454062621555025,19.997933613420827
tt_nominal_a0_to_2_p1500ps,x1.m6,VBS,-1.137703560414454,0.07808710683762313,15.303730232331716,20.012500000000003
tt_nominal_a0_to_2_p1500ps,x1.m7,VGS,0.39907079327625683,1.8590872363986077,5e-05,10.012499999999998
tt_nominal_a0_to_2_p1500ps,x1.m7,VGD,0.28546840129835127,1.8591442674865064,5e-05,20.013425274546407
tt_nominal_a0_to_2_p1500ps,x1.m7,VDS,-0.14503673694794772,0.5471110110778429,15.393844221592847,5.013520234607411
tt_nominal_a0_to_2_p1500ps,x1.m7,VBS,-1.1709930693941124,0.07940793108924395,4.999194999988355,10.009873506204224
tt_nominal_a0_to_2_p1500ps,x1.m8,VGS,0.0,1.8,5e-05,5.0125
tt_nominal_a0_to_2_p1500ps,x1.m8,VGD,-1.0823577114045673,1.7999999745937376,15.335694678198811,18.080193228871714
tt_nominal_a0_to_2_p1500ps,x1.m8,VDS,-0.07940793108924395,1.1709930693941124,10.009873506204224,4.999194999988355
tt_nominal_a0_to_2_p1500ps,x1.m8,VBS,0.0,0.0,5e-05,5e-05
tt_nominal_a0_to_2_p1500ps,x1.m9,VGS,-1.8345910141591757,0.07670617219880049,10.004873506204227,5.01504163218827
tt_nominal_a0_to_2_p1500ps,x1.m9,VGD,-1.8290890271680373,1.8760992776265957,10.005873506204226,5.015775404799897
tt_nominal_a0_to_2_p1500ps,x1.m9,VDS,-1.8418708432455473,0.029362117116790376,5.051423557740618,10.134025045078666
tt_nominal_a0_to_2_p1500ps,x1.m9,VBS,0.0,0.0,5e-05,5e-05
tt_nominal_a0_to_2_p1500ps,x1.m10,VGS,-0.034591014159175565,1.8767061721988005,10.004873506204227,5.01504163218827
tt_nominal_a0_to_2_p1500ps,x1.m10,VGD,-1.8290890271680373,1.8760992776265957,10.005873506204226,5.015775404799897
tt_nominal_a0_to_2_p1500ps,x1.m10,VDS,-0.041870843245547296,1.8293621171167904,5.051423557740618,10.134025045078666
tt_nominal_a0_to_2_p1500ps,x1.m10,VBS,0.0,0.0,5e-05,5e-05
tt_nominal_a0_to_2_p1500ps,x1.m11,VGS,-1.8,0.0,5e-05,5.0125
tt_nominal_a0_to_2_p1500ps,x1.m11,VGD,-1.8013590915774382,-0.06657809218763,15.300730232331713,9.987500000000002
tt_nominal_a0_to_2_p1500ps,x1.m11,VDS,-1.0295888720581299,0.07360807965551008,0.0002081409052984048,16.611193228870047
tt_nominal_a0_to_2_p1500ps,x1.m11,VBS,0.0,0.0,5e-05,5e-05
tt_nominal_a0_to_2_p1500ps,x1.m12,VGS,-0.9213513003294966,0.8340704835291533,16.522436548741087,0.10727073196827562
tt_nominal_a0_to_2_p1500ps,x1.m12,VGD,-1.8990352632071812,0.055628576222446435,16.521436548741086,10.167025045078649
tt_nominal_a0_to_2_p1500ps,x1.m12,VDS,0.5692258183361334,1.0027537376996727,15.303730232331716,0.06727073196827577
tt_nominal_a0_to_2_p1500ps,x1.m12,VBS,-1.2320887313873707,-0.13529033254443598,15.303730232331716,8.248308914071395e-05
tt_nominal_a0_to_2_p1500ps,x1.m13,VGS,-1.1687649222034604,0.5659926256850385,4.999194999988355,0.022270731968275708
tt_nominal_a0_to_2_p1500ps,x1.m13,VGD,-1.2320775974128435,0.4927716833643667,15.303730232331716,0.021270731968275707
tt_nominal_a0_to_2_p1500ps,x1.m13,VDS,-0.25194791984819864,1.2869586342983346,16.499413857560018,10.010873506204224
tt_nominal_a0_to_2_p1500ps,x1.m13,VBS,-1.1709930693941124,0.07940793108924395,4.999194999988355,10.009873506204224
tt_nominal_a0_to_2_p1500ps,x1.m14,VGS,-1.0295888720581299,0.07360807965551008,0.0002081409052984048,16.611193228870047
tt_nominal_a0_to_2_p1500ps,x1.m14,VGD,0.0025375010460380043,1.873607638945428,0.0006263675003370344,16.612193228870048
tt_nominal_a0_to_2_p1500ps,x1.m14,VDS,-1.8035243680255222,-0.9948560265644089,20.00893361342084,0.004957642267724143
tt_nominal_a0_to_2_p1500ps,x1.m14,VBS,0.0,0.0,5e-05,5e-05
tt_nominal_a0_to_2_p1500ps,x1.m15,VGS,0.7704111279418702,1.8736080796555101,0.0002081409052984048,16.611193228870047
tt_nominal_a0_to_2_p1500ps,x1.m15,VGD,0.0025375010460380043,1.873607638945428,0.0006263675003370344,16.612193228870048
tt_nominal_a0_to_2_p1500ps,x1.m15,VDS,-0.0035243680255220462,0.8051439734355912,20.00893361342084,0.004957642267724143
tt_nominal_a0_to_2_p1500ps,x1.m15,VBS,0.0,0.0,5e-05,5e-05
tt_nominal_a0_to_2_p1500ps,x1.m16,VGS,-1.8,0.0,5e-05,5.0125
tt_nominal_a0_to_2_p1500ps,x1.m16,VGD,-1.846102894763477,1.7999998956309962,15.42077064030629,18.00519322887163
tt_nominal_a0_to_2_p1500ps,x1.m16,VDS,-1.8343737103549203,0.07810399899441367,20.004933613420835,16.516001087621447
tt_nominal_a0_to_2_p1500ps,x1.m16,VBS,0.0,0.0,5e-05,5e-05
tt_nominal_a0_to_2_p1500ps,x1.m17,VGS,-1.102121273135661,1.8495196177106041,15.357592470020005,20.00993361342084
tt_nominal_a0_to_2_p1500ps,x1.m17,VGD,-1.8860507720081625,1.827399859245505,5.017423557740607,20.004933613420835
tt_nominal_a0_to_2_p1500ps,x1.m17,VDS,4.078426960041348e-08,1.8968425711799632,17.888193228871494,9.99787350620423
tt_nominal_a0_to_2_p1500ps,x1.m17,VBS,-1.3852079787322762,0.07823665745369215,15.456770640306331,10.012499999999998
tt_nominal_a0_to_2_p1500ps,x1.m18,VGS,0.39907079327625683,1.8590872363986077,5e-05,10.012499999999998
tt_nominal_a0_to_2_p1500ps,x1.m18,VGD,0.3436523828866448,1.8592159945872615,5e-05,10.01345303743058
tt_nominal_a0_to_2_p1500ps,x1.m18,VDS,-0.09834228728422145,0.6118720020017168,4.999194999988355,16.513248200264126
tt_nominal_a0_to_2_p1500ps,x1.m18,VBS,-1.1709930693941124,0.07940793108924395,4.999194999988355,10.009873506204224
tt_nominal_a0_to_2_p1500ps,x1.m19,VGS,-1.8343737103549203,0.07810399899441367,20.004933613420835,16.516001087621447
tt_nominal_a0_to_2_p1500ps,x1.m19,VGD,-1.8289137798916881,1.8774009493708441,20.005933613420837,16.51673891128858
tt_nominal_a0_to_2_p1500ps,x1.m19,VDS,-1.8441777545268023,0.029537511227164526,16.55143654874112,20.134777416667095
tt_nominal_a0_to_2_p1500ps,x1.m19,VBS,0.0,0.0,5e-05,5e-05
tt_nominal_a0_to_2_p1500ps,x1.m20,VGS,-0.03437371035492018,1.8781039989944137,20.004933613420835,16.516001087621447
tt_nominal_a0_to_2_p1500ps,x1.m20,VGD,-1.8289137798916881,1.8774009493708441,20.005933613420837,16.51673891128858
tt_nominal_a0_to_2_p1500ps,x1.m20,VDS,-0.04417775452680224,1.8295375112271646,16.55143654874112,20.134777416667095
tt_nominal_a0_to_2_p1500ps,x1.m20,VBS,0.0,0.0,5e-05,5e-05
tt_nominal_a0_to_2_p1500ps,x1.m21,VGS,-1.8,0.0,5e-05,5.0125
tt_nominal_a0_to_2_p1500ps,x1.m21,VGD,-1.8376205951822242,-0.05759389790623448,15.40484422159286,19.9875
tt_nominal_a0_to_2_p1500ps,x1.m21,VDS,-1.0396397812703333,0.07361705263831753,0.0002081409052984048,5.159406262155077
tt_nominal_a0_to_2_p1500ps,x1.m21,VBS,0.0,0.0,5e-05,5e-05
tt_nominal_a0_to_2_p1500ps,x1.m22,VGS,-0.0294155133393673,0.9570039038350859,15.357592470020005,15.418770640306288
tt_nominal_a0_to_2_p1500ps,x1.m22,VGD,-1.8860659376280435,0.05260616161513809,5.017423557740607,15.465770640306342
tt_nominal_a0_to_2_p1500ps,x1.m22,VDS,0.591964470141989,1.878171745039048,25.0,5.013520234607411
tt_nominal_a0_to_2_p1500ps,x1.m22,VBS,-1.2079911739323506,0.004839447993246287,25.0,5.014430224532438
tt_nominal_a0_to_2_p1500ps,x1.m23,VGS,-1.1687649222034604,0.5659926256850385,4.999194999988355,0.022270731968275708
tt_nominal_a0_to_2_p1500ps,x1.m23,VGD,-1.2079886983592307,0.5337435591561426,25.0,0.025270731968275707
tt_nominal_a0_to_2_p1500ps,x1.m23,VDS,-1.1705347832348254,1.2630898244775266,4.999194999988355,20.010933613420843
tt_nominal_a0_to_2_p1500ps,x1.m23,VBS,-1.1709930693941124,0.07940793108924395,4.999194999988355,10.009873506204224
tt_nominal_a0_to_2_p1500ps,x1.m24,VGS,-1.0396397812703333,0.07361705263831753,0.0002081409052984048,5.159406262155077
tt_nominal_a0_to_2_p1500ps,x1.m24,VGD,-0.002140872580965736,1.8736169921325203,0.0006263675003370344,5.160406262155077
tt_nominal_a0_to_2_p1500ps,x1.m24,VDS,-1.8039839513552618,-0.9916530286471522,15.416844221592873,0.005254146393655142
tt_nominal_a0_to_2_p1500ps,x1.m24,VBS,0.0,0.0,5e-05,5e-05
tt_nominal_a0_to_2_p1500ps,x1.m25,VGS,0.7603602187296667,1.8736170526383176,0.0002081409052984048,5.159406262155077
tt_nominal_a0_to_2_p1500ps,x1.m25,VGD,-0.002140872580965736,1.8736169921325203,0.0006263675003370344,5.160406262155077
tt_nominal_a0_to_2_p1500ps,x1.m25,VDS,-0.003983951355261743,0.8083469713528478,15.416844221592873,0.005254146393655142
tt_nominal_a0_to_2_p1500ps,x1.m25,VBS,0.0,0.0,5e-05,5e-05
tt_nominal_a0_to_2_p1500ps,x1.m26,VGS,-1.2994849702671805,0.09988889658179834,5e-05,10.172025045078646
tt_nominal_a0_to_2_p1500ps,x1.m26,VGD,0.07311132136419007,1.8990807800635372,0.01627073196827571,10.174025045078645
tt_nominal_a0_to_2_p1500ps,x1.m26,VDS,-1.828961905677798,-1.0526793452551169,5.013153876278411,0.02327073196827571
tt_nominal_a0_to_2_p1500ps,x1.m26,VBS,0.0,0.0,5e-05,5e-05
tt_nominal_a0_to_2_p1500ps,x1.m27,VGS,0.5005150297328196,1.8998888965817984,5e-05,10.172025045078646
tt_nominal_a0_to_2_p1500ps,x1.m27,VGD,0.07311132136419007,1.8990807800635372,0.01627073196827571,10.174025045078645
tt_nominal_a0_to_2_p1500ps,x1.m27,VDS,-0.028961905677797842,0.7473206547448833,5.013153876278411,0.02327073196827571
tt_nominal_a0_to_2_p1500ps,x1.m27,VBS,0.0,0.0,5e-05,5e-05
tt_nominal_a0_to_2_p1500ps,x1.m28,VGS,-1.8266662481499203,0.0553879777822488,16.521436548741086,10.168025045078648
tt_nominal_a0_to_2_p1500ps,x1.m28,VGD,-1.81025327272151,1.8549627907686919,20.03589439975563,10.169025045078648
tt_nominal_a0_to_2_p1500ps,x1.m28,VDS,-1.8340123218472146,0.012950407775006001,15.357592470020005,20.053777416667003
tt_nominal_a0_to_2_p1500ps,x1.m28,VBS,0.0,0.0,5e-05,5e-05
tt_nominal_a0_to_2_p1500ps,x1.m29,VGS,-0.02666624814992022,1.8553879777822488,16.521436548741086,10.168025045078648
tt_nominal_a0_to_2_p1500ps,x1.m29,VGD,-1.81025327272151,1.8549627907686919,20.03589439975563,10.169025045078648
tt_nominal_a0_to_2_p1500ps,x1.m29,VDS,-0.034012321847214644,1.812950407775006,15.357592470020005,20.053777416667003
tt_nominal_a0_to_2_p1500ps,x1.m29,VBS,0.0,0.0,5e-05,5e-05
tt_nominal_a0_to_2_p1500ps,x2.mp1,VGS,-1.8418708432455473,0.029362117116790376,5.051423557740618,10.134025045078666
tt_nominal_a0_to_2_p1500ps,x2.mp1,VGD,-1.8386635262486466,1.8292766956785387,5.051423557740618,10.135025045078665
tt_nominal_a0_to_2_p1500ps,x2.mp1,VDS,-1.8535638990887862,0.10323336025731344,10.226025045078618,5.088397459507982
tt_nominal_a0_to_2_p1500ps,x2.mp1,VBS,0.0,0.0,5e-05,5e-05
tt_nominal_a0_to_2_p1500ps,x2.mn1,VGS,-0.041870843245547296,1.8293621171167904,5.051423557740618,10.134025045078666
tt_nominal_a0_to_2_p1500ps,x2.mn1,VGD,-1.8386635262486466,1.8292766956785387,5.051423557740618,10.135025045078665
tt_nominal_a0_to_2_p1500ps,x2.mn1,VDS,-0.05356389908878602,1.9032333602573135,10.226025045078618,5.088397459507982
tt_nominal_a0_to_2_p1500ps,x2.mn1,VBS,0.0,0.0,5e-05,5e-05
tt_nominal_a0_to_2_p1500ps,x2.mp2,VGS,-1.8535638990887862,0.10323336025731344,10.226025045078618,5.088397459507982
tt_nominal_a0_to_2_p1500ps,x2.mp2,VGD,-1.8517862805567082,1.9007753498269524,10.226025045078618,5.088397459507982
tt_nominal_a0_to_2_p1500ps,x2.mp2,VDS,-1.8335609404343618,0.029025427971555162,5.121406262155065,10.273025045078594
tt_nominal_a0_to_2_p1500ps,x2.mp2,VBS,0.0,0.0,5e-05,5e-05
tt_nominal_a0_to_2_p1500ps,x2.mn2,VGS,-0.05356389908878602,1.9032333602573135,10.226025045078618,5.088397459507982
tt_nominal_a0_to_2_p1500ps,x2.mn2,VGD,-1.8517862805567082,1.9007753498269524,10.226025045078618,5.088397459507982
tt_nominal_a0_to_2_p1500ps,x2.mn2,VDS,-0.033560940434361655,1.8290254279715552,5.121406262155065,10.273025045078594
tt_nominal_a0_to_2_p1500ps,x2.mn2,VBS,0.0,0.0,5e-05,5e-05
tt_nominal_a0_to_2_p1500ps,x3.mp1,VGS,-1.8035243680255222,-0.9948560265644089,20.00893361342084,0.004957642267724143
tt_nominal_a0_to_2_p1500ps,x3.mp1,VGD,-1.8031716427603028,0.014837573483742483,20.00993361342084,0.00044325360661236793
tt_nominal_a0_to_2_p1500ps,x3.mp1,VDS,-1.0540228341763798,0.00039840810408109384,0.0002081409052984048,4.994194999988355
tt_nominal_a0_to_2_p1500ps,x3.mp1,VBS,0.0,0.0,5e-05,5e-05
tt_nominal_a0_to_2_p1500ps,x3.mn1,VGS,-0.0035243680255220462,0.8051439734355912,20.00893361342084,0.004957642267724143
tt_nominal_a0_to_2_p1500ps,x3.mn1,VGD,-1.8031716427603028,0.014837573483742483,20.00993361342084,0.00044325360661236793
tt_nominal_a0_to_2_p1500ps,x3.mn1,VDS,0.7459771658236204,1.8003984081040811,0.0002081409052984048,4.994194999988355
tt_nominal_a0_to_2_p1500ps,x3.mn1,VBS,0.0,0.0,5e-05,5e-05
tt_nominal_a0_to_2_p1500ps,x3.mp2,VGS,-1.0540228341763798,0.00039840810408109384,0.0002081409052984048,4.994194999988355
tt_nominal_a0_to_2_p1500ps,x3.mp2,VGD,0.7140388166449905,1.8003854769255223,0.00027461063665586665,4.994194999988355
tt_nominal_a0_to_2_p1500ps,x3.mp2,VDS,-1.8000099429735372,-1.7235666384626995,20.003933613420834,0.03727073196827573
tt_nominal_a0_to_2_p1500ps,x3.mp2,VBS,0.0,0.0,5e-05,5e-05
tt_nominal_a0_to_2_p1500ps,x3.mn2,VGS,0.7459771658236204,1.8003984081040811,0.0002081409052984048,4.994194999988355
tt_nominal_a0_to_2_p1500ps,x3.mn2,VGD,0.7140388166449905,1.8003854769255223,0.00027461063665586665,4.994194999988355
tt_nominal_a0_to_2_p1500ps,x3.mn2,VDS,-9.94297353708413e-06,0.07643336153730061,20.003933613420834,0.03727073196827573
tt_nominal_a0_to_2_p1500ps,x3.mn2,VBS,0.0,0.0,5e-05,5e-05
tt_nominal_a0_to_2_p1500ps,x4.mp1,VGS,-1.8039839513552618,-0.9916530286471522,15.416844221592873,0.005254146393655142
tt_nominal_a0_to_2_p1500ps,x4.mp1,VGD,-1.8034443069879358,0.011682297396002794,15.416844221592873,0.00044325360661236793
tt_nominal_a0_to_2_p1500ps,x4.mp1,VDS,-1.0543197229450927,0.0003978263428163764,0.0002081409052984048,16.494413857560012
tt_nominal_a0_to_2_p1500ps,x4.mp1,VBS,0.0,0.0,5e-05,5e-05
tt_nominal_a0_to_2_p1500ps,x4.mn1,VGS,-0.003983951355261743,0.8083469713528478,15.416844221592873,0.005254146393655142
tt_nominal_a0_to_2_p1500ps,x4.mn1,VGD,-1.8034443069879358,0.011682297396002794,15.416844221592873,0.00044325360661236793
tt_nominal_a0_to_2_p1500ps,x4.mn1,VDS,0.7456802770549074,1.8003978263428164,0.0002081409052984048,16.494413857560012
tt_nominal_a0_to_2_p1500ps,x4.mn1,VBS,0.0,0.0,5e-05,5e-05
tt_nominal_a0_to_2_p1500ps,x4.mp2,VGS,-1.0543197229450927,0.0003978263428163764,0.0002081409052984048,16.494413857560012
tt_nominal_a0_to_2_p1500ps,x4.mp2,VGD,0.7137099806859976,1.8003850110504773,0.00027461063665586665,16.494413857560012
tt_nominal_a0_to_2_p1500ps,x4.mp2,VDS,-1.8000177036912661,-1.7231637215915312,15.41484422159287,0.03727073196827573
tt_nominal_a0_to_2_p1500ps,x4.mp2,VBS,0.0,0.0,5e-05,5e-05
tt_nominal_a0_to_2_p1500ps,x4.mn2,VGS,0.7456802770549074,1.8003978263428164,0.0002081409052984048,16.494413857560012
tt_nominal_a0_to_2_p1500ps,x4.mn2,VGD,0.7137099806859976,1.8003850110504773,0.00027461063665586665,16.494413857560012
tt_nominal_a0_to_2_p1500ps,x4.mn2,VDS,-1.7703691266053452e-05,0.07683627840846884,15.41484422159287,0.03727073196827573
tt_nominal_a0_to_2_p1500ps,x4.mn2,VBS,0.0,0.0,5e-05,5e-05
tt_nominal_a0_to_2_p1500ps,x5.mp1,VGS,-1.8441777545268023,0.029537511227164526,16.55143654874112,20.134777416667095
tt_nominal_a0_to_2_p1500ps,x5.mp1,VGD,-1.8407220073058117,1.8294480425367996,16.55143654874112,20.135777416667096
tt_nominal_a0_to_2_p1500ps,x5.mp1,VDS,-1.855501555917541,0.10356072155408103,20.224453192776213,16.58784243533603
tt_nominal_a0_to_2_p1500ps,x5.mp1,VBS,0.0,0.0,5e-05,5e-05
tt_nominal_a0_to_2_p1500ps,x5.mn1,VGS,-0.04417775452680224,1.8295375112271646,16.55143654874112,20.134777416667095
tt_nominal_a0_to_2_p1500ps,x5.mn1,VGD,-1.8407220073058117,1.8294480425367996,16.55143654874112,20.135777416667096
tt_nominal_a0_to_2_p1500ps,x5.mn1,VDS,-0.05550155591754084,1.903560721554081,20.224453192776213,16.58784243533603
tt_nominal_a0_to_2_p1500ps,x5.mn1,VBS,0.0,0.0,5e-05,5e-05
tt_nominal_a0_to_2_p1500ps,x5.mp2,VGS,-1.855501555917541,0.10356072155408103,20.224453192776213,16.58784243533603
tt_nominal_a0_to_2_p1500ps,x5.mp2,VGD,-1.8536465409754563,1.9011154825987522,20.224453192776213,16.58784243533603
tt_nominal_a0_to_2_p1500ps,x5.mp2,VDS,-1.833599380549111,0.029031056781873454,16.62119322887006,20.270453192776266
tt_nominal_a0_to_2_p1500ps,x5.mp2,VBS,0.0,0.0,5e-05,5e-05
tt_nominal_a0_to_2_p1500ps,x5.mn2,VGS,-0.05550155591754084,1.903560721554081,20.224453192776213,16.58784243533603
tt_nominal_a0_to_2_p1500ps,x5.mn2,VGD,-1.8536465409754563,1.9011154825987522,20.224453192776213,16.58784243533603
tt_nominal_a0_to_2_p1500ps,x5.mn2,VDS,-0.03359938054911095,1.8290310567818735,16.62119322887006,20.270453192776266
tt_nominal_a0_to_2_p1500ps,x5.mn2,VBS,0.0,0.0,5e-05,5e-05
tt_nominal_a0_to_3_p1500ps,x1.m1,VGS,-1.8,0.0,5e-05,15.346707072412993
tt_nominal_a0_to_3_p1500ps,x1.m1,VGD,-1.8998888965817984,1.8658436302617825,10.172025045078646,16.515487510925677
tt_nominal_a0_to_3_p1500ps,x1.m1,VDS,-1.8658436302617825,0.09988889658179834,16.515487510925677,10.172025045078646
tt_nominal_a0_to_3_p1500ps,x1.m1,VBS,0.0,0.0,5e-05,5e-05
tt_nominal_a0_to_3_p1500ps,x1.m2,VGS,0.0,1.8,5e-05,15.346707072412993
tt_nominal_a0_to_3_p1500ps,x1.m2,VGD,-1.8998888965817984,1.8658436302617825,10.172025045078646,16.515487510925677
tt_nominal_a0_to_3_p1500ps,x1.m2,VDS,-0.06584363026178242,1.8998888965817984,16.515487510925677,10.172025045078646
tt_nominal_a0_to_3_p1500ps,x1.m2,VBS,0.0,0.0,5e-05,5e-05
tt_nominal_a0_to_3_p1500ps,x1.m3,VGS,-1.8,0.0,5e-05,15.346707072412993
tt_nominal_a0_to_3_p1500ps,x1.m3,VGD,-1.8553879777822488,1.827793317556443,10.168025045078648,16.521997790428973
tt_nominal_a0_to_3_p1500ps,x1.m3,VDS,-1.827793317556443,0.0553879777822488,16.521997790428973,10.168025045078648
tt_nominal_a0_to_3_p1500ps,x1.m3,VBS,0.0,0.0,5e-05,5e-05
tt_nominal_a0_to_3_p1500ps,x1.m4,VGS,0.0,1.8,5e-05,15.346707072412993
tt_nominal_a0_to_3_p1500ps,x1.m4,VGD,-1.8553879777822488,1.827793317556443,10.168025045078648,16.521997790428973
tt_nominal_a0_to_3_p1500ps,x1.m4,VDS,-0.027793317556442945,1.8553879777822488,16.521997790428973,10.168025045078648
tt_nominal_a0_to_3_p1500ps,x1.m4,VBS,0.0,0.0,5e-05,5e-05
tt_nominal_a0_to_3_p1500ps,x1.m5,VGS,-1.8,0.0,5e-05,5.0125
tt_nominal_a0_to_3_p1500ps,x1.m5,VGD,-1.8008302192329122,1.7999998944045406,15.3007304079024,6.619406262155525
tt_nominal_a0_to_3_p1500ps,x1.m5,VDS,-1.8345910141591757,0.07670617219880049,10.004873506204227,5.01504163218827
tt_nominal_a0_to_3_p1500ps,x1.m5,VBS,0.0,0.0,5e-05,5e-05
tt_nominal_a0_to_3_p1500ps,x1.m6,VGS,-0.5144627562776111,1.8466044510827768,16.52299779042897,10.008873506204225
tt_nominal_a0_to_3_p1500ps,x1.m6,VGD,-1.900120328046865,1.825987314783029,16.521997790428973,10.004873506204227
tt_nominal_a0_to_3_p1500ps,x1.m6,VDS,4.139952711821056e-08,1.386873599153378,6.5454062621555025,16.517997790428968
tt_nominal_a0_to_3_p1500ps,x1.m6,VBS,-1.1457931901755691,0.05517851009194749,15.303730407902403,10.007873506204225
tt_nominal_a0_to_3_p1500ps,x1.m7,VGS,-1.164184930871301,1.8590872363986077,16.499558212715847,10.012499999999998
tt_nominal_a0_to_3_p1500ps,x1.m7,VGD,-0.5526472308781365,1.8342782948269343,16.514780745590976,10.007873506204225
tt_nominal_a0_to_3_p1500ps,x1.m7,VDS,-0.6701069823887204,0.575374013096017,16.499558212715847,20.00995753997882
tt_nominal_a0_to_3_p1500ps,x1.m7,VBS,-1.1709930693941124,0.07940793108924395,4.999194999988355,10.009873506204224
tt_nominal_a0_to_3_p1500ps,x1.m8,VGS,0.0,1.8,5e-05,5.0125
tt_nominal_a0_to_3_p1500ps,x1.m8,VGD,-1.0901911617578237,1.8000000592065606,15.303730407902403,16.92137013299827
tt_nominal_a0_to_3_p1500ps,x1.m8,VDS,-0.07940793108924395,1.1709930693941124,10.009873506204224,4.999194999988355
tt_nominal_a0_to_3_p1500ps,x1.m8,VBS,0.0,0.0,5e-05,5e-05
tt_nominal_a0_to_3_p1500ps,x1.m9,VGS,-1.8345910141591757,0.07670617219880049,10.004873506204227,5.01504163218827
tt_nominal_a0_to_3_p1500ps,x1.m9,VGD,-1.8290890271680373,1.8760992776265957,10.005873506204226,5.015775404799897
tt_nominal_a0_to_3_p1500ps,x1.m9,VDS,-1.8418708432455473,0.029362117116790376,5.051423557740618,10.134025045078666
tt_nominal_a0_to_3_p1500ps,x1.m9,VBS,0.0,0.0,5e-05,5e-05
tt_nominal_a0_to_3_p1500ps,x1.m10,VGS,-0.034591014159175565,1.8767061721988005,10.004873506204227,5.01504163218827
tt_nominal_a0_to_3_p1500ps,x1.m10,VGD,-1.8290890271680373,1.8760992776265957,10.005873506204226,5.015775404799897
tt_nominal_a0_to_3_p1500ps,x1.m10,VDS,-0.041870843245547296,1.8293621171167904,5.051423557740618,10.134025045078666
tt_nominal_a0_to_3_p1500ps,x1.m10,VBS,0.0,0.0,5e-05,5e-05
tt_nominal_a0_to_3_p1500ps,x1.m11,VGS,-1.8,0.0,5e-05,5.0125
tt_nominal_a0_to_3_p1500ps,x1.m11,VGD,-1.8013756120228608,-0.06657809218763,15.3007304079024,9.987500000000002
tt_nominal_a0_to_3_p1500ps,x1.m11,VDS,-1.0295888720581299,0.07367349270241674,0.0002081409052984048,16.657370132997972
tt_nominal_a0_to_3_p1500ps,x1.m11,VBS,0.0,0.0,5e-05,5e-05
tt_nominal_a0_to_3_p1500ps,x1.m12,VGS,-1.2204374018607085,0.8340704835291533,15.506647741987083,0.10727073196827562
tt_nominal_a0_to_3_p1500ps,x1.m12,VGD,-1.9001118533712433,0.055628576222446435,16.521997790428973,10.167025045078649
tt_nominal_a0_to_3_p1500ps,x1.m12,VDS,0.5456990881257067,1.8964923873333872,15.44264774198701,19.997957539978806
tt_nominal_a0_to_3_p1500ps,x1.m12,VBS,-1.2352250178969362,0.07568758711242188,15.448647741987017,20.011957539978823
tt_nominal_a0_to_3_p1500ps,x1.m13,VGS,-1.1687649222034604,1.8677038177461789,4.999194999988355,20.012500000000003
tt_nominal_a0_to_3_p1500ps,x1.m13,VGD,-1.2320562812583966,1.8686037433541565,15.306730407902407,20.01410066588796
tt_nominal_a0_to_3_p1500ps,x1.m13,VDS,-0.03422199573487106,1.2869586342983346,16.499558212715847,10.010873506204224
tt_nominal_a0_to_3_p1500ps,x1.m13,VBS,-1.1709930693941124,0.07940793108924395,4.999194999988355,10.009873506204224
tt_nominal_a0_to_3_p1500ps,x1.m14,VGS,-1.0295888720581299,0.07367349270241674,0.0002081409052984048,16.657370132997972
tt_nominal_a0_to_3_p1500ps,x1.m14,VGD,0.0025375010460380043,1.8736734195246856,0.0006263675003370344,16.658370132997973
tt_nominal_a0_to_3_p1500ps,x1.m14,VDS,-1.8035231479759404,-0.9948560265644089,20.00895753997882,0.004957642267724143
tt_nominal_a0_to_3_p1500ps,x1.m14,VBS,0.0,0.0,5e-05,5e-05
tt_nominal_a0_to_3_p1500ps,x1.m15,VGS,0.7704111279418702,1.8736734927024168,0.0002081409052984048,16.657370132997972
tt_nominal_a0_to_3_p1500ps,x1.m15,VGD,0.0025375010460380043,1.8736734195246856,0.0006263675003370344,16.658370132997973
tt_nominal_a0_to_3_p1500ps,x1.m15,VDS,-0.003523147975940305,0.8051439734355912,20.00895753997882,0.004957642267724143
tt_nominal_a0_to_3_p1500ps,x1.m15,VBS,0.0,0.0,5e-05,5e-05
tt_nominal_a0_to_3_p1500ps,x1.m16,VGS,-1.8,0.0,5e-05,5.0125
tt_nominal_a0_to_3_p1500ps,x1.m16,VGD,-1.8465304120935608,-0.05950842112798127,15.420647741986985,19.9875
tt_nominal_a0_to_3_p1500ps,x1.m16,VDS,-1.0397098218253351,0.07367788026485123,0.0002081409052984048,5.178406262155083
tt_nominal_a0_to_3_p1500ps,x1.m16,VBS,0.0,0.0,5e-05,5e-05
tt_nominal_a0_to_3_p1500ps,x1.m17,VGS,-1.0861579462318747,0.7173523693492514,15.305730407902406,15.494647741987068
tt_nominal_a0_to_3_p1500ps,x1.m17,VGD,-1.8860507720081625,0.024771443645644542,5.017423557740607,20.026378089781208
tt_nominal_a0_to_3_p1500ps,x1.m17,VDS,0.5911272061115338,1.8968425711799632,25.0,9.99787350620423
tt_nominal_a0_to_3_p1500ps,x1.m17,VBS,-1.2088296351555665,0.07823665745369215,25.0,10.012499999999998
tt_nominal_a0_to_3_p1500ps,x1.m18,VGS,-1.164184930871301,1.8590872363986077,16.499558212715847,10.012499999999998
tt_nominal_a0_to_3_p1500ps,x1.m18,VGD,-1.2088157058768778,1.8592159945872615,25.0,10.01345303743058
tt_nominal_a0_to_3_p1500ps,x1.m18,VDS,-0.09834228728422145,1.2623314867051332,4.999194999988355,20.010957539978822
tt_nominal_a0_to_3_p1500ps,x1.m18,VBS,-1.1709930693941124,0.07940793108924395,4.999194999988355,10.009873506204224
tt_nominal_a0_to_3_p1500ps,x1.m19,VGS,-1.0397098218253351,0.07367788026485123,0.0002081409052984048,5.178406262155083
tt_nominal_a0_to_3_p1500ps,x1.m19,VGD,-0.002249515947112868,1.8736778230561044,0.0006263675003370344,5.179406262155084
tt_nominal_a0_to_3_p1500ps,x1.m19,VDS,-1.8035191482498842,-0.9915836033339703,10.008873506204225,0.005254146393655142
tt_nominal_a0_to_3_p1500ps,x1.m19,VBS,0.0,0.0,5e-05,5e-05
tt_nominal_a0_to_3_p1500ps,x1.m20,VGS,0.7602901781746649,1.8736778802648513,0.0002081409052984048,5.178406262155083
tt_nominal_a0_to_3_p1500ps,x1.m20,VGD,-0.002249515947112868,1.8736778230561044,0.0006263675003370344,5.179406262155084
tt_nominal_a0_to_3_p1500ps,x1.m20,VDS,-0.0035191482498842792,0.8084163966660297,10.008873506204225,0.005254146393655142
tt_nominal_a0_to_3_p1500ps,x1.m20,VBS,0.0,0.0,5e-05,5e-05
tt_nominal_a0_to_3_p1500ps,x1.m21,VGS,-1.8,0.0,5e-05,5.0125
tt_nominal_a0_to_3_p1500ps,x1.m21,VGD,-1.8443071160128544,1.800000285409743,15.410647741986974,16.91237013299826
tt_nominal_a0_to_3_p1500ps,x1.m21,VDS,-1.8340198332113642,0.07568043197001306,20.004957539978815,16.515487510925677
tt_nominal_a0_to_3_p1500ps,x1.m21,VBS,0.0,0.0,5e-05,5e-05
tt_nominal_a0_to_3_p1500ps,x1.m22,VGS,-0.025563130969231365,1.848371845124935,15.357592382937735,20.00895753997882
tt_nominal_a0_to_3_p1500ps,x1.m22,VGD,-1.8860659376280435,1.8271277192571411,5.017423557740607,20.004957539978815
tt_nominal_a0_to_3_p1500ps,x1.m22,VDS,-1.3863004702519e-07,1.878171745039048,16.903370132998248,5.013520234607411
tt_nominal_a0_to_3_p1500ps,x1.m22,VBS,-1.124809954669239,0.053748746514194395,25.0,20.00795753997882
tt_nominal_a0_to_3_p1500ps,x1.m23,VGS,-1.1687649222034604,1.8677038177461789,4.999194999988355,20.012500000000003
tt_nominal_a0_to_3_p1500ps,x1.m23,VGD,-0.02705113302839668,1.8410920857476596,15.357592382937735,20.00995753997882
tt_nominal_a0_to_3_p1500ps,x1.m23,VDS,-1.1705347832348254,0.5448852824460146,4.999194999988355,16.51334688480406
tt_nominal_a0_to_3_p1500ps,x1.m23,VBS,-1.1709930693941124,0.07940793108924395,4.999194999988355,10.009873506204224
tt_nominal_a0_to_3_p1500ps,x1.m24,VGS,-1.8340198332113642,0.07568043197001306,20.004957539978815,16.515487510925677
tt_nominal_a0_to_3_p1500ps,x1.m24,VGD,-1.828614043227149,1.8750993789478594,20.005957539978816,16.515487510925677
tt_nominal_a0_to_3_p1500ps,x1.m24,VDS,-1.8470327523747834,0.029158118729126326,16.550997790429005,20.136777416667098
tt_nominal_a0_to_3_p1500ps,x1.m24,VBS,0.0,0.0,5e-05,5e-05
tt_nominal_a0_to_3_p1500ps,x1.m25,VGS,-0.034019833211364175,1.875680431970013,20.004957539978815,16.515487510925677
tt_nominal_a0_to_3_p1500ps,x1.m25,VGD,-1.828614043227149,1.8750993789478594,20.005957539978816,16.515487510925677
tt_nominal_a0_to_3_p1500ps,x1.m25,VDS,-0.047032752374783396,1.8291581187291264,16.550997790429005,20.136777416667098
tt_nominal_a0_to_3_p1500ps,x1.m25,VBS,0.0,0.0,5e-05,5e-05
tt_nominal_a0_to_3_p1500ps,x1.m26,VGS,-1.8658436302617825,0.09988889658179834,16.515487510925677,10.172025045078646
tt_nominal_a0_to_3_p1500ps,x1.m26,VGD,-1.8173943306900333,1.8990807800635372,20.09177741666705,10.174025045078645
tt_nominal_a0_to_3_p1500ps,x1.m26,VDS,-1.8365646504175326,0.023740758529684935,15.357592382937735,20.079777416667035
tt_nominal_a0_to_3_p1500ps,x1.m26,VBS,0.0,0.0,5e-05,5e-05
tt_nominal_a0_to_3_p1500ps,x1.m27,VGS,-0.06584363026178242,1.8998888965817984,16.515487510925677,10.172025045078646
tt_nominal_a0_to_3_p1500ps,x1.m27,VGD,-1.8173943306900333,1.8990807800635372,20.09177741666705,10.174025045078645
tt_nominal_a0_to_3_p1500ps,x1.m27,VDS,-0.03656465041753247,1.823740758529685,15.357592382937735,20.079777416667035
tt_nominal_a0_to_3_p1500ps,x1.m27,VBS,0.0,0.0,5e-05,5e-05
tt_nominal_a0_to_3_p1500ps,x1.m28,VGS,-1.827793317556443,0.0553879777822488,16.521997790428973,10.168025045078648
tt_nominal_a0_to_3_p1500ps,x1.m28,VGD,-1.8102061053581557,1.8549627907686919,20.033378089781216,10.169025045078648
tt_nominal_a0_to_3_p1500ps,x1.m28,VDS,-1.8350766483583671,0.012566224516502578,15.357592382937735,20.047777416667
tt_nominal_a0_to_3_p1500ps,x1.m28,VBS,0.0,0.0,5e-05,5e-05
tt_nominal_a0_to_3_p1500ps,x1.m29,VGS,-0.027793317556442945,1.8553879777822488,16.521997790428973,10.168025045078648
tt_nominal_a0_to_3_p1500ps,x1.m29,VGD,-1.8102061053581557,1.8549627907686919,20.033378089781216,10.169025045078648
tt_nominal_a0_to_3_p1500ps,x1.m29,VDS,-0.03507664835836716,1.8125662245165026,15.357592382937735,20.047777416667
tt_nominal_a0_to_3_p1500ps,x1.m29,VBS,0.0,0.0,5e-05,5e-05
tt_nominal_a0_to_3_p1500ps,x2.mp1,VGS,-1.8418708432455473,0.029362117116790376,5.051423557740618,10.134025045078666
tt_nominal_a0_to_3_p1500ps,x2.mp1,VGD,-1.8386635262486466,1.8292766956785387,5.051423557740618,10.135025045078665
tt_nominal_a0_to_3_p1500ps,x2.mp1,VDS,-1.8535638990887862,0.10323336025731344,10.226025045078618,5.088397459507982
tt_nominal_a0_to_3_p1500ps,x2.mp1,VBS,0.0,0.0,5e-05,5e-05
tt_nominal_a0_to_3_p1500ps,x2.mn1,VGS,-0.041870843245547296,1.8293621171167904,5.051423557740618,10.134025045078666
tt_nominal_a0_to_3_p1500ps,x2.mn1,VGD,-1.8386635262486466,1.8292766956785387,5.051423557740618,10.135025045078665
tt_nominal_a0_to_3_p1500ps,x2.mn1,VDS,-0.05356389908878602,1.9032333602573135,10.226025045078618,5.088397459507982
tt_nominal_a0_to_3_p1500ps,x2.mn1,VBS,0.0,0.0,5e-05,5e-05
tt_nominal_a0_to_3_p1500ps,x2.mp2,VGS,-1.8535638990887862,0.10323336025731344,10.226025045078618,5.088397459507982
tt_nominal_a0_to_3_p1500ps,x2.mp2,VGD,-1.8517862805567082,1.9007753498269524,10.226025045078618,5.088397459507982
tt_nominal_a0_to_3_p1500ps,x2.mp2,VDS,-1.8335609404343618,0.029025427971555162,5.121406262155065,10.273025045078594
tt_nominal_a0_to_3_p1500ps,x2.mp2,VBS,0.0,0.0,5e-05,5e-05
tt_nominal_a0_to_3_p1500ps,x2.mn2,VGS,-0.05356389908878602,1.9032333602573135,10.226025045078618,5.088397459507982
tt_nominal_a0_to_3_p1500ps,x2.mn2,VGD,-1.8517862805567082,1.9007753498269524,10.226025045078618,5.088397459507982
tt_nominal_a0_to_3_p1500ps,x2.mn2,VDS,-0.033560940434361655,1.8290254279715552,5.121406262155065,10.273025045078594
tt_nominal_a0_to_3_p1500ps,x2.mn2,VBS,0.0,0.0,5e-05,5e-05
tt_nominal_a0_to_3_p1500ps,x3.mp1,VGS,-1.8035231479759404,-0.9948560265644089,20.00895753997882,0.004957642267724143
tt_nominal_a0_to_3_p1500ps,x3.mp1,VGD,-1.803170909683631,0.014837573483742483,20.00995753997882,0.00044325360661236793
tt_nominal_a0_to_3_p1500ps,x3.mp1,VDS,-1.0540228341763798,0.00039840810408109384,0.0002081409052984048,4.994194999988355
tt_nominal_a0_to_3_p1500ps,x3.mp1,VBS,0.0,0.0,5e-05,5e-05
tt_nominal_a0_to_3_p1500ps,x3.mn1,VGS,-0.003523147975940305,0.8051439734355912,20.00895753997882,0.004957642267724143
tt_nominal_a0_to_3_p1500ps,x3.mn1,VGD,-1.803170909683631,0.014837573483742483,20.00995753997882,0.00044325360661236793
tt_nominal_a0_to_3_p1500ps,x3.mn1,VDS,0.7459771658236204,1.8003984081040811,0.0002081409052984048,4.994194999988355
tt_nominal_a0_to_3_p1500ps,x3.mn1,VBS,0.0,0.0,5e-05,5e-05
tt_nominal_a0_to_3_p1500ps,x3.mp2,VGS,-1.0540228341763798,0.00039840810408109384,0.0002081409052984048,4.994194999988355
tt_nominal_a0_to_3_p1500ps,x3.mp2,VGD,0.7140388166449905,1.8003854769255223,0.00027461063665586665,4.994194999988355
tt_nominal_a0_to_3_p1500ps,x3.mp2,VDS,-1.8000099367157296,-1.7235666384626995,20.003957539978813,0.03727073196827573
tt_nominal_a0_to_3_p1500ps,x3.mp2,VBS,0.0,0.0,5e-05,5e-05
tt_nominal_a0_to_3_p1500ps,x3.mn2,VGS,0.7459771658236204,1.8003984081040811,0.0002081409052984048,4.994194999988355
tt_nominal_a0_to_3_p1500ps,x3.mn2,VGD,0.7140388166449905,1.8003854769255223,0.00027461063665586665,4.994194999988355
tt_nominal_a0_to_3_p1500ps,x3.mn2,VDS,-9.936715729661998e-06,0.07643336153730061,20.003957539978813,0.03727073196827573
tt_nominal_a0_to_3_p1500ps,x3.mn2,VBS,0.0,0.0,5e-05,5e-05
tt_nominal_a0_to_3_p1500ps,x4.mp1,VGS,-1.8470327523747834,0.029158118729126326,16.550997790429005,20.136777416667098
tt_nominal_a0_to_3_p1500ps,x4.mp1,VGD,-1.843320797737742,1.8290726571486127,16.550997790429005,20.1377774166671
tt_nominal_a0_to_3_p1500ps,x4.mp1,VDS,-1.8558910982488208,0.1047264497409961,20.2267774166672,16.58522001525046
tt_nominal_a0_to_3_p1500ps,x4.mp1,VBS,0.0,0.0,5e-05,5e-05
tt_nominal_a0_to_3_p1500ps,x4.mn1,VGS,-0.047032752374783396,1.8291581187291264,16.550997790429005,20.136777416667098
tt_nominal_a0_to_3_p1500ps,x4.mn1,VGD,-1.843320797737742,1.8290726571486127,16.550997790429005,20.1377774166671
tt_nominal_a0_to_3_p1500ps,x4.mn1,VDS,-0.0558910982488207,1.9047264497409961,20.2267774166672,16.58522001525046
tt_nominal_a0_to_3_p1500ps,x4.mn1,VBS,0.0,0.0,5e-05,5e-05
tt_nominal_a0_to_3_p1500ps,x4.mp2,VGS,-1.8558910982488208,0.1047264497409961,20.2267774166672,16.58522001525046
tt_nominal_a0_to_3_p1500ps,x4.mp2,VGD,-1.8540226774364867,1.9022038876753697,20.2267774166672,16.58522001525046
tt_nominal_a0_to_3_p1500ps,x4.mp2,VDS,-1.8336576894934995,0.029056747136224415,16.618370132997928,20.272777416667253
tt_nominal_a0_to_3_p1500ps,x4.mp2,VBS,0.0,0.0,5e-05,5e-05
tt_nominal_a0_to_3_p1500ps,x4.mn2,VGS,-0.0558910982488207,1.9047264497409961,20.2267774166672,16.58522001525046
tt_nominal_a0_to_3_p1500ps,x4.mn2,VGD,-1.8540226774364867,1.9022038876753697,20.2267774166672,16.58522001525046
tt_nominal_a0_to_3_p1500ps,x4.mn2,VDS,-0.033657689493499364,1.8290567471362245,16.618370132997928,20.272777416667253
tt_nominal_a0_to_3_p1500ps,x4.mn2,VBS,0.0,0.0,5e-05,5e-05
tt_nominal_a0_to_3_p1500ps,x5.mp1,VGS,-1.8035191482498842,-0.9915836033339703,10.008873506204225,0.005254146393655142
tt_nominal_a0_to_3_p1500ps,x5.mp1,VGD,-1.803168424669557,0.01162120607023076,10.009873506204224,0.00044325360661236793
tt_nominal_a0_to_3_p1500ps,x5.mp1,VDS,-1.054320223852793,0.0003971209084103755,0.0002081409052984048,4.994194999988355
tt_nominal_a0_to_3_p1500ps,x5.mp1,VBS,0.0,0.0,5e-05,5e-05
tt_nominal_a0_to_3_p1500ps,x5.mn1,VGS,-0.0035191482498842792,0.8084163966660297,10.008873506204225,0.005254146393655142
tt_nominal_a0_to_3_p1500ps,x5.mn1,VGD,-1.803168424669557,0.01162120607023076,10.009873506204224,0.00044325360661236793
tt_nominal_a0_to_3_p1500ps,x5.mn1,VDS,0.7456797761472073,1.8003971209084104,0.0002081409052984048,4.994194999988355
tt_nominal_a0_to_3_p1500ps,x5.mn1,VBS,0.0,0.0,5e-05,5e-05
tt_nominal_a0_to_3_p1500ps,x5.mp2,VGS,-1.054320223852793,0.0003971209084103755,0.0002081409052984048,4.994194999988355
tt_nominal_a0_to_3_p1500ps,x5.mp2,VGD,0.7137082119329106,1.8003843396329984,0.00027461063665586665,16.49455821271584
tt_nominal_a0_to_3_p1500ps,x5.mp2,VDS,-1.8000099264614537,-1.723151550664846,10.003873506204227,0.03727073196827573
tt_nominal_a0_to_3_p1500ps,x5.mp2,VBS,0.0,0.0,5e-05,5e-05
tt_nominal_a0_to_3_p1500ps,x5.mn2,VGS,0.7456797761472073,1.8003971209084104,0.0002081409052984048,4.994194999988355
tt_nominal_a0_to_3_p1500ps,x5.mn2,VGD,0.7137082119329106,1.8003843396329984,0.00027461063665586665,16.49455821271584
tt_nominal_a0_to_3_p1500ps,x5.mn2,VDS,-9.926461453775007e-06,0.0768484493351541,10.003873506204227,0.03727073196827573
tt_nominal_a0_to_3_p1500ps,x5.mn2,VBS,0.0,0.0,5e-05,5e-05
tt_nominal_a1_to_0_p1500ps,x1.m1,VGS,-1.8,0.0,15.322525229859998,5e-05
tt_nominal_a1_to_0_p1500ps,x1.m1,VGD,-1.899889453303779,1.8656676539925887,20.172504791257197,5.015664702691103
tt_nominal_a1_to_0_p1500ps,x1.m1,VDS,-1.8656676539925887,0.09988945330377885,5.015664702691103,20.172504791257197
tt_nominal_a1_to_0_p1500ps,x1.m1,VBS,0.0,0.0,5e-05,5e-05
tt_nominal_a1_to_0_p1500ps,x1.m2,VGS,0.0,1.8,15.322525229859998,5e-05
tt_nominal_a1_to_0_p1500ps,x1.m2,VGD,-1.899889453303779,1.8656676539925887,20.172504791257197,5.015664702691103
tt_nominal_a1_to_0_p1500ps,x1.m2,VDS,-0.06566765399258871,1.899889453303779,5.015664702691103,20.172504791257197
tt_nominal_a1_to_0_p1500ps,x1.m2,VBS,0.0,0.0,5e-05,5e-05
tt_nominal_a1_to_0_p1500ps,x1.m3,VGS,-1.8,-1.8,5e-05,5e-05
tt_nominal_a1_to_0_p1500ps,x1.m3,VGD,-1.8554577657730755,-0.5396850014941906,20.16750479125719,5e-05
tt_nominal_a1_to_0_p1500ps,x1.m3,VDS,-1.2603149985058093,0.055457765773075485,5e-05,20.16750479125719
tt_nominal_a1_to_0_p1500ps,x1.m3,VBS,0.0,0.0,5e-05,5e-05
tt_nominal_a1_to_0_p1500ps,x1.m4,VGS,0.0,0.0,5e-05,5e-05
tt_nominal_a1_to_0_p1500ps,x1.m4,VGD,-1.8554577657730755,-0.5396850014941906,20.16750479125719,5e-05
tt_nominal_a1_to_0_p1500ps,x1.m4,VDS,0.5396850014941906,1.8554577657730755,5e-05,20.16750479125719
tt_nominal_a1_to_0_p1500ps,x1.m4,VBS,0.0,0.0,5e-05,5e-05
tt_nominal_a1_to_0_p1500ps,x1.m5,VGS,-1.8,0.0,5e-05,5.0125
tt_nominal_a1_to_0_p1500ps,x1.m5,VGD,-1.8003612742577344,1.799999992731586,15.849893080481014,17.817685166562747
tt_nominal_a1_to_0_p1500ps,x1.m5,VDS,-1.834584047210568,0.07344324223239806,20.004871279678294,5.0127999999999995
tt_nominal_a1_to_0_p1500ps,x1.m5,VBS,0.0,0.0,5e-05,5e-05
tt_nominal_a1_to_0_p1500ps,x1.m6,VGS,0.27494807222066875,1.8466636967592336,15.588893080480716,20.0088712796783
tt_nominal_a1_to_0_p1500ps,x1.m6,VGD,-0.24883186345521902,1.8260345195392826,5e-05,20.004871279678294
tt_nominal_a1_to_0_p1500ps,x1.m6,VDS,1.6161507757775624e-08,1.2292161337836789,17.745685166562666,16.52151413840908
tt_nominal_a1_to_0_p1500ps,x1.m6,VBS,-1.529064220519691,0.05516923615433601,15.588893080480716,20.007871279678298
tt_nominal_a1_to_0_p1500ps,x1.m7,VGS,-1.1652278469805954,1.8590816789900926,4.999473738214323,20.012500000000003
tt_nominal_a1_to_0_p1500ps,x1.m7,VGD,-1.2548723064552894,1.8342715315348121,15.301997175373096,20.007871279678298
tt_nominal_a1_to_0_p1500ps,x1.m7,VDS,-0.10488559771602735,1.2844560819478712,0.04515718196204622,10.010548082107958
tt_nominal_a1_to_0_p1500ps,x1.m7,VBS,-1.1828430536578494,0.07940003501528894,15.398953835137023,20.0098712796783
tt_nominal_a1_to_0_p1500ps,x1.m8,VGS,0.0,1.8,5e-05,5.0125
tt_nominal_a1_to_0_p1500ps,x1.m8,VGD,-1.1828430536578494,1.8000000019162927,15.398953835137023,17.879685166562815
tt_nominal_a1_to_0_p1500ps,x1.m8,VDS,-0.07940003501528894,1.1828430536578494,20.0098712796783,15.398953835137023
tt_nominal_a1_to_0_p1500ps,x1.m8,VBS,0.0,0.0,5e-05,5e-05
tt_nominal_a1_to_0_p1500ps,x1.m9,VGS,-1.834584047210568,0.07344324223239806,20.004871279678294,5.0127999999999995
tt_nominal_a1_to_0_p1500ps,x1.m9,VGD,-1.8290825639985866,1.8729968514290714,20.005871279678296,5.013416311031237
tt_nominal_a1_to_0_p1500ps,x1.m9,VDS,-1.8421475926232218,0.029360133795421683,16.549514138409116,20.133777416667098
tt_nominal_a1_to_0_p1500ps,x1.m9,VBS,0.0,0.0,5e-05,5e-05
tt_nominal_a1_to_0_p1500ps,x1.m10,VGS,-0.034584047210567875,1.873443242232398,20.004871279678294,5.0127999999999995
tt_nominal_a1_to_0_p1500ps,x1.m10,VGD,-1.8290825639985866,1.8729968514290714,20.005871279678296,5.013416311031237
tt_nominal_a1_to_0_p1500ps,x1.m10,VDS,-0.042147592623221666,1.8293601337954217,16.549514138409116,20.133777416667098
tt_nominal_a1_to_0_p1500ps,x1.m10,VBS,0.0,0.0,5e-05,5e-05
tt_nominal_a1_to_0_p1500ps,x1.m11,VGS,-1.8,0.0,5e-05,5.0125
tt_nominal_a1_to_0_p1500ps,x1.m11,VGD,-1.8002486129961535,1.7999998953896479,15.428893080480535,6.456450069017726
tt_nominal_a1_to_0_p1500ps,x1.m11,VDS,-1.8342026828913056,0.07669193948731401,10.004548082107961,5.015664702691103
tt_nominal_a1_to_0_p1500ps,x1.m11,VBS,0.0,0.0,5e-05,5e-05
tt_nominal_a1_to_0_p1500ps,x1.m12,VGS,0.3878881459359067,1.845530623051958,5e-05,10.008548082107959
tt_nominal_a1_to_0_p1500ps,x1.m12,VGD,-0.24883239165603,1.8257497560743523,5e-05,10.004548082107961
tt_nominal_a1_to_0_p1500ps,x1.m12,VDS,4.130545151748155e-08,1.2416440704444627,6.464450069017729,5.023202483089334
tt_nominal_a1_to_0_p1500ps,x1.m12,VBS,-1.2088656069436055,0.05402445914257788,25.0,10.008548082107959
tt_nominal_a1_to_0_p1500ps,x1.m13,VGS,-1.1054759810594084,1.8678310997976548,16.49924782322576,10.012499999999998
tt_nominal_a1_to_0_p1500ps,x1.m13,VGD,-1.208863164147199,1.841408184537538,25.0,10.009548082107958
tt_nominal_a1_to_0_p1500ps,x1.m13,VDS,-0.07292644874568621,1.2610870993694483,15.43289308048054,20.010871279678298
tt_nominal_a1_to_0_p1500ps,x1.m13,VBS,-1.1828430536578494,0.07940003501528894,15.398953835137023,20.0098712796783
tt_nominal_a1_to_0_p1500ps,x1.m14,VGS,-1.8342026828913056,0.07669193948731401,10.004548082107961,5.015664702691103
tt_nominal_a1_to_0_p1500ps,x1.m14,VGD,-1.8287760607689725,1.8760845691699934,10.00654808210796,5.015664702691103
tt_nominal_a1_to_0_p1500ps,x1.m14,VDS,-1.8443982743777818,0.028984465836568996,5.051202483089343,10.136218100869783
tt_nominal_a1_to_0_p1500ps,x1.m14,VBS,0.0,0.0,5e-05,5e-05
tt_nominal_a1_to_0_p1500ps,x1.m15,VGS,-0.03420268289130557,1.876691939487314,10.004548082107961,5.015664702691103
tt_nominal_a1_to_0_p1500ps,x1.m15,VGD,-1.8287760607689725,1.8760845691699934,10.00654808210796,5.015664702691103
tt_nominal_a1_to_0_p1500ps,x1.m15,VDS,-0.0443982743777817,1.828984465836569,5.051202483089343,10.136218100869783
tt_nominal_a1_to_0_p1500ps,x1.m15,VBS,0.0,0.0,5e-05,5e-05
tt_nominal_a1_to_0_p1500ps,x1.m16,VGS,-1.8,0.0,5e-05,5.0125
tt_nominal_a1_to_0_p1500ps,x1.m16,VGD,-1.8000208180873816,-0.07300166926146412,15.47689308048059,5.018202483089333
tt_nominal_a1_to_0_p1500ps,x1.m16,VDS,-1.0396453354747375,0.07367751498885777,0.00020594554005680643,16.677685166561453
tt_nominal_a1_to_0_p1500ps,x1.m16,VBS,0.0,0.0,5e-05,5e-05
tt_nominal_a1_to_0_p1500ps,x1.m17,VGS,-1.0726471611342505,0.5673920378829169,25.0,0.019157181962046167
tt_nominal_a1_to_0_p1500ps,x1.m17,VGD,-1.8862008137960946,-0.2310077740466907,5.018202483089333,0.01115718196204617
tt_nominal_a1_to_0_p1500ps,x1.m17,VDS,0.6004476643632941,1.8968455389114598,0.000273004588837382,19.997871279678286
tt_nominal_a1_to_0_p1500ps,x1.m17,VBS,-1.0726483108630922,0.07822881522375963,25.0,20.012500000000003
tt_nominal_a1_to_0_p1500ps,x1.m18,VGS,-1.1652278469805954,1.8590816789900926,4.999473738214323,20.012500000000003
tt_nominal_a1_to_0_p1500ps,x1.m18,VGD,-0.05616487261323228,1.8592111356624956,5.0149213783535656,20.013454175243744
tt_nominal_a1_to_0_p1500ps,x1.m18,VDS,-1.1699589660179073,0.4026253169484149,4.999473738214323,16.513097811072665
tt_nominal_a1_to_0_p1500ps,x1.m18,VBS,-1.1828430536578494,0.07940003501528894,15.398953835137023,20.0098712796783
tt_nominal_a1_to_0_p1500ps,x1.m19,VGS,-1.0396453354747375,0.07367751498885777,0.00020594554005680643,16.677685166561453
tt_nominal_a1_to_0_p1500ps,x1.m19,VGD,-0.002018040242065422,1.873677458224376,0.000573341787217633,16.677685166561453
tt_nominal_a1_to_0_p1500ps,x1.m19,VDS,-1.803520255403712,-0.9915923821965593,10.008548082107959,0.0052314363924092335
tt_nominal_a1_to_0_p1500ps,x1.m19,VBS,0.0,0.0,5e-05,5e-05
tt_nominal_a1_to_0_p1500ps,x1.m20,VGS,0.7603546645252625,1.8736775149888578,0.00020594554005680643,16.677685166561453
tt_nominal_a1_to_0_p1500ps,x1.m20,VGD,-0.002018040242065422,1.873677458224376,0.000573341787217633,16.677685166561453
tt_nominal_a1_to_0_p1500ps,x1.m20,VDS,-0.003520255403711904,0.8084076178034407,10.008548082107959,0.0052314363924092335
tt_nominal_a1_to_0_p1500ps,x1.m20,VBS,0.0,0.0,5e-05,5e-05
tt_nominal_a1_to_0_p1500ps,x1.m21,VGS,-1.8,0.0,5e-05,5.0125
tt_nominal_a1_to_0_p1500ps,x1.m21,VGD,-1.8000329370367918,-0.07298465481994487,15.475893080480589,5.018202483089333
tt_nominal_a1_to_0_p1500ps,x1.m21,VDS,-1.0395737136605785,0.07368448201619948,0.00020594554005680643,5.174450069017333
tt_nominal_a1_to_0_p1500ps,x1.m21,VBS,0.0,0.0,5e-05,5e-05
tt_nominal_a1_to_0_p1500ps,x1.m22,VGS,-1.0920711668970686,0.5064088763226123,15.384953835137008,0.01415718196204617
tt_nominal_a1_to_0_p1500ps,x1.m22,VGD,-1.8861837993545754,-0.2307202706935061,5.018202483089333,0.01115718196204617
tt_nominal_a1_to_0_p1500ps,x1.m22,VDS,0.6372398842046294,1.8965124520303145,0.000273004588837382,9.997548082107965
tt_nominal_a1_to_0_p1500ps,x1.m22,VBS,-1.092284065507919,0.0758409387892605,15.383953835137007,10.012499999999998
tt_nominal_a1_to_0_p1500ps,x1.m23,VGS,-1.1054759810594084,1.8678310997976548,16.49924782322576,10.012499999999998
tt_nominal_a1_to_0_p1500ps,x1.m23,VGD,-0.7753292747182866,1.8686987209332204,16.51104217465712,10.01407999648758
tt_nominal_a1_to_0_p1500ps,x1.m23,VDS,-0.3536850734954209,0.833031865556032,16.49924782322576,20.010871279678298
tt_nominal_a1_to_0_p1500ps,x1.m23,VBS,-1.1828430536578494,0.07940003501528894,15.398953835137023,20.0098712796783
tt_nominal_a1_to_0_p1500ps,x1.m24,VGS,-1.0395737136605785,0.07368448201619948,0.00020594554005680643,5.174450069017333
tt_nominal_a1_to_0_p1500ps,x1.m24,VGD,-0.0018913635927167993,1.873684423418928,0.000573341787217633,5.175450069017334
tt_nominal_a1_to_0_p1500ps,x1.m24,VDS,-1.803520458687054,-0.9916887775975658,20.0088712796783,0.0052314363924092335
tt_nominal_a1_to_0_p1500ps,x1.m24,VBS,0.0,0.0,5e-05,5e-05
tt_nominal_a1_to_0_p1500ps,x1.m25,VGS,0.7604262863394214,1.8736844820161995,0.00020594554005680643,5.174450069017333
tt_nominal_a1_to_0_p1500ps,x1.m25,VGD,-0.0018913635927167993,1.873684423418928,0.000573341787217633,5.175450069017334
tt_nominal_a1_to_0_p1500ps,x1.m25,VDS,-0.003520458687053805,0.8083112224024342,20.0088712796783,0.0052314363924092335
tt_nominal_a1_to_0_p1500ps,x1.m25,VBS,0.0,0.0,5e-05,5e-05
tt_nominal_a1_to_0_p1500ps,x1.m26,VGS,-1.8656676539925887,0.09988945330377885,5.015664702691103,20.172504791257197
tt_nominal_a1_to_0_p1500ps,x1.m26,VGD,-1.8345789836990318,1.8990795614499794,15.303997175373098,20.173504791257198
tt_nominal_a1_to_0_p1500ps,x1.m26,VDS,-1.8271126790050154,0.05718748841540178,16.513097811072665,15.381953835137004
tt_nominal_a1_to_0_p1500ps,x1.m26,VBS,0.0,0.0,5e-05,5e-05
tt_nominal_a1_to_0_p1500ps,x1.m27,VGS,-0.06566765399258871,1.899889453303779,5.015664702691103,20.172504791257197
tt_nominal_a1_to_0_p1500ps,x1.m27,VGD,-1.8345789836990318,1.8990795614499794,15.303997175373098,20.173504791257198
tt_nominal_a1_to_0_p1500ps,x1.m27,VDS,-0.027112679005015287,1.8571874884154018,16.513097811072665,15.381953835137004
tt_nominal_a1_to_0_p1500ps,x1.m27,VBS,0.0,0.0,5e-05,5e-05
tt_nominal_a1_to_0_p1500ps,x1.m28,VGS,-1.2603149985058093,0.055457765773075485,5e-05,20.16750479125719
tt_nominal_a1_to_0_p1500ps,x1.m28,VGD,0.10032339514429911,1.8550322397075996,0.01115718196204617,20.16850479125719
tt_nominal_a1_to_0_p1500ps,x1.m28,VDS,-1.8131991445346305,-1.0713412084757268,5.018202483089333,0.01815718196204617
tt_nominal_a1_to_0_p1500ps,x1.m28,VBS,0.0,0.0,5e-05,5e-05
tt_nominal_a1_to_0_p1500ps,x1.m29,VGS,0.5396850014941906,1.8554577657730755,5e-05,20.16750479125719
tt_nominal_a1_to_0_p1500ps,x1.m29,VGD,0.10032339514429911,1.8550322397075996,0.01115718196204617,20.16850479125719
tt_nominal_a1_to_0_p1500ps,x1.m29,VDS,-0.013199144534630392,0.7286587915242733,5.018202483089333,0.01815718196204617
tt_nominal_a1_to_0_p1500ps,x1.m29,VBS,0.0,0.0,5e-05,5e-05
tt_nominal_a1_to_0_p1500ps,x2.mp1,VGS,-1.8421475926232218,0.029360133795421683,16.549514138409116,20.133777416667098
tt_nominal_a1_to_0_p1500ps,x2.mp1,VGD,-1.8389177560820031,1.8292775337182292,16.550514138409117,20.134777416667095
tt_nominal_a1_to_0_p1500ps,x2.mp1,VDS,-1.8535671796873743,0.10334245177008228,20.225504791257258,16.587065691547625
tt_nominal_a1_to_0_p1500ps,x2.mp1,VBS,0.0,0.0,5e-05,5e-05
tt_nominal_a1_to_0_p1500ps,x2.mn1,VGS,-0.042147592623221666,1.8293601337954217,16.549514138409116,20.133777416667098
tt_nominal_a1_to_0_p1500ps,x2.mn1,VGD,-1.8389177560820031,1.8292775337182292,16.550514138409117,20.134777416667095
tt_nominal_a1_to_0_p1500ps,x2.mn1,VDS,-0.05356717968737415,1.9033424517700823,20.225504791257258,16.587065691547625
tt_nominal_a1_to_0_p1500ps,x2.mn1,VBS,0.0,0.0,5e-05,5e-05
tt_nominal_a1_to_0_p1500ps,x2.mp2,VGS,-1.8535671796873743,0.10334245177008228,20.225504791257258,16.587065691547625
tt_nominal_a1_to_0_p1500ps,x2.mp2,VGD,-1.851785203358014,1.9008886832042866,20.225504791257258,16.587065691547625
tt_nominal_a1_to_0_p1500ps,x2.mp2,VDS,-1.8335910941155322,0.02901948178319058,16.620685166561387,20.272504791257308
tt_nominal_a1_to_0_p1500ps,x2.mp2,VBS,0.0,0.0,5e-05,5e-05
tt_nominal_a1_to_0_p1500ps,x2.mn2,VGS,-0.05356717968737415,1.9033424517700823,20.225504791257258,16.587065691547625
tt_nominal_a1_to_0_p1500ps,x2.mn2,VGD,-1.851785203358014,1.9008886832042866,20.225504791257258,16.587065691547625
tt_nominal_a1_to_0_p1500ps,x2.mn2,VDS,-0.03359109411553215,1.8290194817831906,16.620685166561387,20.272504791257308
tt_nominal_a1_to_0_p1500ps,x2.mn2,VBS,0.0,0.0,5e-05,5e-05
tt_nominal_a1_to_0_p1500ps,x3.mp1,VGS,-1.8443982743777818,0.028984465836568996,5.051202483089343,10.136218100869783
tt_nominal_a1_to_0_p1500ps,x3.mp1,VGD,-1.8409504716189884,1.8289010387777798,5.051202483089343,10.137218100869783
tt_nominal_a1_to_0_p1500ps,x3.mp1,VDS,-1.8541151643967115,0.10432034463610829,10.22721025163823,5.086426032147458
tt_nominal_a1_to_0_p1500ps,x3.mp1,VBS,0.0,0.0,5e-05,5e-05
tt_nominal_a1_to_0_p1500ps,x3.mn1,VGS,-0.0443982743777817,1.828984465836569,5.051202483089343,10.136218100869783
tt_nominal_a1_to_0_p1500ps,x3.mn1,VGD,-1.8409504716189884,1.8289010387777798,5.051202483089343,10.137218100869783
tt_nominal_a1_to_0_p1500ps,x3.mn1,VDS,-0.05411516439671149,1.9043203446361083,10.22721025163823,5.086426032147458
tt_nominal_a1_to_0_p1500ps,x3.mn1,VBS,0.0,0.0,5e-05,5e-05
tt_nominal_a1_to_0_p1500ps,x3.mp2,VGS,-1.8541151643967115,0.10432034463610829,10.22721025163823,5.086426032147458
tt_nominal_a1_to_0_p1500ps,x3.mp2,VGD,-1.8523096998433262,1.9018018704913167,10.22721025163823,5.086426032147458
tt_nominal_a1_to_0_p1500ps,x3.mp2,VDS,-1.8336365481672172,0.029025128483172402,5.119450069017316,10.274210251638205
tt_nominal_a1_to_0_p1500ps,x3.mp2,VBS,0.0,0.0,5e-05,5e-05
tt_nominal_a1_to_0_p1500ps,x3.mn2,VGS,-0.05411516439671149,1.9043203446361083,10.22721025163823,5.086426032147458
tt_nominal_a1_to_0_p1500ps,x3.mn2,VGD,-1.8523096998433262,1.9018018704913167,10.22721025163823,5.086426032147458
tt_nominal_a1_to_0_p1500ps,x3.mn2,VDS,-0.033636548167217145,1.8290251284831724,5.119450069017316,10.274210251638205
tt_nominal_a1_to_0_p1500ps,x3.mn2,VBS,0.0,0.0,5e-05,5e-05
tt_nominal_a1_to_0_p1500ps,x4.mp1,VGS,-1.803520458687054,-0.9916887775975658,20.0088712796783,0.0052314363924092335
tt_nominal_a1_to_0_p1500ps,x4.mp1,VGD,-1.8031692083505035,0.011202488329342009,20.0098712796783,0.0004763929385435122
tt_nominal_a1_to_0_p1500ps,x4.mp1,VDS,-1.05424683091867,0.0003970107086850305,0.000273004588837382,16.494247823225752
tt_nominal_a1_to_0_p1500ps,x4.mp1,VBS,0.0,0.0,5e-05,5e-05
tt_nominal_a1_to_0_p1500ps,x4.mn1,VGS,-0.003520458687053805,0.8083112224024342,20.0088712796783,0.0052314363924092335
tt_nominal_a1_to_0_p1500ps,x4.mn1,VGD,-1.8031692083505035,0.011202488329342009,20.0098712796783,0.0004763929385435122
tt_nominal_a1_to_0_p1500ps,x4.mn1,VDS,0.7457531690813299,1.800397010708685,0.000273004588837382,16.494247823225752
tt_nominal_a1_to_0_p1500ps,x4.mn1,VBS,0.0,0.0,5e-05,5e-05
tt_nominal_a1_to_0_p1500ps,x4.mp2,VGS,-1.05424683091867,0.0003970107086850305,0.000273004588837382,16.494247823225752
tt_nominal_a1_to_0_p1500ps,x4.mp2,VGD,0.7137640676130235,1.8003841488099506,0.000273004588837382,16.494247823225752
tt_nominal_a1_to_0_p1500ps,x4.mp2,VDS,-1.8000099360742716,-1.7231659216546982,10.003548082107962,0.03715718196204619
tt_nominal_a1_to_0_p1500ps,x4.mp2,VBS,0.0,0.0,5e-05,5e-05
tt_nominal_a1_to_0_p1500ps,x4.mn2,VGS,0.7457531690813299,1.800397010708685,0.000273004588837382,16.494247823225752
tt_nominal_a1_to_0_p1500ps,x4.mn2,VGD,0.7137640676130235,1.8003841488099506,0.000273004588837382,16.494247823225752
tt_nominal_a1_to_0_p1500ps,x4.mn2,VDS,-9.936074271488041e-06,0.07683407834530191,10.003548082107962,0.03715718196204619
tt_nominal_a1_to_0_p1500ps,x4.mn2,VBS,0.0,0.0,5e-05,5e-05
tt_nominal_a1_to_0_p1500ps,x5.mp1,VGS,-1.803520255403712,-0.9915923821965593,10.008548082107959,0.0052314363924092335
tt_nominal_a1_to_0_p1500ps,x5.mp1,VGD,-1.8031694561855598,0.01113002288224818,10.009548082107958,0.0004763929385435122
tt_nominal_a1_to_0_p1500ps,x5.mp1,VDS,-1.0542486851556747,0.00039701259728963656,0.000273004588837382,16.494247823225752
tt_nominal_a1_to_0_p1500ps,x5.mp1,VBS,0.0,0.0,5e-05,5e-05
tt_nominal_a1_to_0_p1500ps,x5.mn1,VGS,-0.003520255403711904,0.8084076178034407,10.008548082107959,0.0052314363924092335
tt_nominal_a1_to_0_p1500ps,x5.mn1,VGD,-1.8031694561855598,0.01113002288224818,10.009548082107958,0.0004763929385435122
tt_nominal_a1_to_0_p1500ps,x5.mn1,VDS,0.7457513148443253,1.8003970125972897,0.000273004588837382,16.494247823225752
tt_nominal_a1_to_0_p1500ps,x5.mn1,VBS,0.0,0.0,5e-05,5e-05
tt_nominal_a1_to_0_p1500ps,x5.mp2,VGS,-1.0542486851556747,0.00039701259728963656,0.000273004588837382,16.494247823225752
tt_nominal_a1_to_0_p1500ps,x5.mp2,VGD,0.7137622227326035,1.8003841506258975,0.000273004588837382,16.494247823225752
tt_nominal_a1_to_0_p1500ps,x5.mp2,VDS,-1.8000099404951804,-1.7231585313623674,10.003548082107962,0.03715718196204619
tt_nominal_a1_to_0_p1500ps,x5.mp2,VBS,0.0,0.0,5e-05,5e-05
tt_nominal_a1_to_0_p1500ps,x5.mn2,VGS,0.7457513148443253,1.8003970125972897,0.000273004588837382,16.494247823225752
tt_nominal_a1_to_0_p1500ps,x5.mn2,VGD,0.7137622227326035,1.8003841506258975,0.000273004588837382,16.494247823225752
tt_nominal_a1_to_0_p1500ps,x5.mn2,VDS,-9.940495180364169e-06,0.0768414686376327,10.003548082107962,0.03715718196204619
tt_nominal_a1_to_0_p1500ps,x5.mn2,VBS,0.0,0.0,5e-05,5e-05
tt_nominal_a1_to_2_p1500ps,x1.m1,VGS,-1.8,0.0,15.322525229859998,5e-05
tt_nominal_a1_to_2_p1500ps,x1.m1,VGD,-1.8985548359747857,1.8656676539925887,20.170452802633783,5.015664702691103
tt_nominal_a1_to_2_p1500ps,x1.m1,VDS,-1.8656676539925887,0.09855483597478565,5.015664702691103,20.170452802633783
tt_nominal_a1_to_2_p1500ps,x1.m1,VBS,0.0,0.0,5e-05,5e-05
tt_nominal_a1_to_2_p1500ps,x1.m2,VGS,0.0,1.8,15.322525229859998,5e-05
tt_nominal_a1_to_2_p1500ps,x1.m2,VGD,-1.8985548359747857,1.8656676539925887,20.170452802633783,5.015664702691103
tt_nominal_a1_to_2_p1500ps,x1.m2,VDS,-0.06566765399258871,1.8985548359747857,5.015664702691103,20.170452802633783
tt_nominal_a1_to_2_p1500ps,x1.m2,VBS,0.0,0.0,5e-05,5e-05
tt_nominal_a1_to_2_p1500ps,x1.m3,VGS,-1.8,0.0,5e-05,15.346707072412993
tt_nominal_a1_to_2_p1500ps,x1.m3,VGD,-1.855035445191904,1.8286544154110753,10.172210251638258,16.5222184799347
tt_nominal_a1_to_2_p1500ps,x1.m3,VDS,-1.8286544154110753,0.05503544519190395,16.5222184799347,10.172210251638258
tt_nominal_a1_to_2_p1500ps,x1.m3,VBS,0.0,0.0,5e-05,5e-05
tt_nominal_a1_to_2_p1500ps,x1.m4,VGS,0.0,1.8,5e-05,15.346707072412993
tt_nominal_a1_to_2_p1500ps,x1.m4,VGD,-1.855035445191904,1.8286544154110753,10.172210251638258,16.5222184799347
tt_nominal_a1_to_2_p1500ps,x1.m4,VDS,-0.028654415411075166,1.855035445191904,16.5222184799347,10.172210251638258
tt_nominal_a1_to_2_p1500ps,x1.m4,VBS,0.0,0.0,5e-05,5e-05
tt_nominal_a1_to_2_p1500ps,x1.m5,VGS,-1.8,0.0,5e-05,5.0125
tt_nominal_a1_to_2_p1500ps,x1.m5,VGD,-1.8013937940800406,-0.06657637530736382,15.301069971823672,9.987500000000002
tt_nominal_a1_to_2_p1500ps,x1.m5,VDS,-1.0297878401791083,0.07366842432011622,0.00020594554005680643,16.660418686342247
tt_nominal_a1_to_2_p1500ps,x1.m5,VBS,0.0,0.0,5e-05,5e-05
tt_nominal_a1_to_2_p1500ps,x1.m6,VGS,-1.220173027473692,0.8329111497317296,15.727689860761009,0.11115718196204608
tt_nominal_a1_to_2_p1500ps,x1.m6,VGD,-1.9009294303018138,0.0552456568105264,16.5222184799347,10.171210251638259
tt_nominal_a1_to_2_p1500ps,x1.m6,VDS,0.5683323253276196,1.8968422927369393,5e-05,19.99793398002422
tt_nominal_a1_to_2_p1500ps,x1.m6,VBS,-1.2258307211732573,0.07808842135370436,15.309069971823682,20.012500000000003
tt_nominal_a1_to_2_p1500ps,x1.m7,VGS,-1.1652278469805954,1.8589553470646412,4.999473738214323,20.012500000000003
tt_nominal_a1_to_2_p1500ps,x1.m7,VGD,-1.2632608995673669,1.859145046608511,15.303069971823675,20.01342514298646
tt_nominal_a1_to_2_p1500ps,x1.m7,VDS,-0.10488559771602735,1.2844560819478712,0.04515718196204622,10.010548082107958
tt_nominal_a1_to_2_p1500ps,x1.m7,VBS,-1.174788591239827,0.07926762345765764,16.499503208634046,20.009933980024233
tt_nominal_a1_to_2_p1500ps,x1.m8,VGS,0.0,1.8,5e-05,5.0125
tt_nominal_a1_to_2_p1500ps,x1.m8,VGD,-1.1641925061123155,1.7999999750526074,15.39204837103378,6.455450069017726
tt_nominal_a1_to_2_p1500ps,x1.m8,VDS,-0.07926762345765764,1.174788591239827,20.009933980024233,16.499503208634046
tt_nominal_a1_to_2_p1500ps,x1.m8,VBS,0.0,0.0,5e-05,5e-05
tt_nominal_a1_to_2_p1500ps,x1.m9,VGS,-1.0297878401791083,0.07366842432011622,0.00020594554005680643,16.660418686342247
tt_nominal_a1_to_2_p1500ps,x1.m9,VGD,0.0025004370502274,1.8736683522123376,0.000573341787217633,16.661418686342248
tt_nominal_a1_to_2_p1500ps,x1.m9,VDS,-1.8035233199858303,-0.9946968302869861,20.00893398002423,0.005
tt_nominal_a1_to_2_p1500ps,x1.m9,VBS,0.0,0.0,5e-05,5e-05
tt_nominal_a1_to_2_p1500ps,x1.m10,VGS,0.7702121598208919,1.8736684243201163,0.00020594554005680643,16.660418686342247
tt_nominal_a1_to_2_p1500ps,x1.m10,VGD,0.0025004370502274,1.8736683522123376,0.000573341787217633,16.661418686342248
tt_nominal_a1_to_2_p1500ps,x1.m10,VDS,-0.003523319985830147,0.805303169713014,20.00893398002423,0.005
tt_nominal_a1_to_2_p1500ps,x1.m10,VBS,0.0,0.0,5e-05,5e-05
tt_nominal_a1_to_2_p1500ps,x1.m11,VGS,-1.8,0.0,5e-05,5.0125
tt_nominal_a1_to_2_p1500ps,x1.m11,VGD,-1.8008513983125074,1.7999998953896479,15.300069971823671,6.456450069017726
tt_nominal_a1_to_2_p1500ps,x1.m11,VDS,-1.8342026828913056,0.07669193948731401,10.004548082107961,5.015664702691103
tt_nominal_a1_to_2_p1500ps,x1.m11,VBS,0.0,0.0,5e-05,5e-05
tt_nominal_a1_to_2_p1500ps,x1.m12,VGS,-0.736674352292567,1.845530623051958,15.414689860760655,10.008548082107959
tt_nominal_a1_to_2_p1500ps,x1.m12,VGD,-1.9009383790154586,1.8257497560743523,16.5222184799347,10.004548082107961
tt_nominal_a1_to_2_p1500ps,x1.m12,VDS,4.130545151748155e-08,1.2972736823233872,6.464450069017729,16.514933253368007
tt_nominal_a1_to_2_p1500ps,x1.m12,VBS,-1.1369955019243676,0.05402445914257788,15.305069971823677,10.008548082107959
tt_nominal_a1_to_2_p1500ps,x1.m13,VGS,-1.1727655113257665,1.8678310997976548,16.499503208634046,10.012499999999998
tt_nominal_a1_to_2_p1500ps,x1.m13,VGD,-0.6060459027011419,1.841408184537538,16.511503208634057,10.009548082107958
tt_nominal_a1_to_2_p1500ps,x1.m13,VDS,-0.5921117403905181,0.660669493763095,16.499503208634046,20.009933980024233
tt_nominal_a1_to_2_p1500ps,x1.m13,VBS,-1.174788591239827,0.07926762345765764,16.499503208634046,20.009933980024233
tt_nominal_a1_to_2_p1500ps,x1.m14,VGS,-1.8342026828913056,0.07669193948731401,10.004548082107961,5.015664702691103
tt_nominal_a1_to_2_p1500ps,x1.m14,VGD,-1.8287760607689725,1.8760845691699934,10.00654808210796,5.015664702691103
tt_nominal_a1_to_2_p1500ps,x1.m14,VDS,-1.8443982743777818,0.028984465836568996,5.051202483089343,10.136218100869783
tt_nominal_a1_to_2_p1500ps,x1.m14,VBS,0.0,0.0,5e-05,5e-05
tt_nominal_a1_to_2_p1500ps,x1.m15,VGS,-0.03420268289130557,1.876691939487314,10.004548082107961,5.015664702691103
tt_nominal_a1_to_2_p1500ps,x1.m15,VGD,-1.8287760607689725,1.8760845691699934,10.00654808210796,5.015664702691103
tt_nominal_a1_to_2_p1500ps,x1.m15,VDS,-0.0443982743777817,1.828984465836569,5.051202483089343,10.136218100869783
tt_nominal_a1_to_2_p1500ps,x1.m15,VBS,0.0,0.0,5e-05,5e-05
tt_nominal_a1_to_2_p1500ps,x1.m16,VGS,-1.8,0.0,5e-05,5.0125
tt_nominal_a1_to_2_p1500ps,x1.m16,VGD,-1.842479596347491,1.7999998930231071,15.408689860760648,18.03741868634381
tt_nominal_a1_to_2_p1500ps,x1.m16,VDS,-1.834374503113075,0.07638695019843489,20.00493398002423,16.515677874993415
tt_nominal_a1_to_2_p1500ps,x1.m16,VBS,0.0,0.0,5e-05,5e-05
tt_nominal_a1_to_2_p1500ps,x1.m17,VGS,-0.09237256737686186,1.8495116083375702,15.364592441155814,20.009933980024233
tt_nominal_a1_to_2_p1500ps,x1.m17,VGD,-1.8862008137960946,1.8273953562569083,5.018202483089333,20.00493398002423
tt_nominal_a1_to_2_p1500ps,x1.m17,VDS,4.1508756792874024e-08,1.8827681552642137,17.921418686343678,5.015664702691103
tt_nominal_a1_to_2_p1500ps,x1.m17,VBS,-1.1389277743841286,0.05486792159143991,16.508503208634053,20.00793398002423
tt_nominal_a1_to_2_p1500ps,x1.m18,VGS,-1.1652278469805954,1.8589553470646412,4.999473738214323,20.012500000000003
tt_nominal_a1_to_2_p1500ps,x1.m18,VGD,-0.05616487261323228,1.8340085515577267,5.0149213783535656,20.00793398002423
tt_nominal_a1_to_2_p1500ps,x1.m18,VDS,-1.1699589660179073,0.5480559212201037,4.999473738214323,16.513420408707574
tt_nominal_a1_to_2_p1500ps,x1.m18,VBS,-1.174788591239827,0.07926762345765764,16.499503208634046,20.009933980024233
tt_nominal_a1_to_2_p1500ps,x1.m19,VGS,-1.834374503113075,0.07638695019843489,20.00493398002423,16.515677874993415
tt_nominal_a1_to_2_p1500ps,x1.m19,VGD,-1.8289145370321567,1.875791117348688,20.00593398002423,16.515677874993415
tt_nominal_a1_to_2_p1500ps,x1.m19,VDS,-1.8439872735048495,0.02953755478184461,16.551215978691978,20.134777416667095
tt_nominal_a1_to_2_p1500ps,x1.m19,VBS,0.0,0.0,5e-05,5e-05
tt_nominal_a1_to_2_p1500ps,x1.m20,VGS,-0.034374503113074856,1.876386950198435,20.00493398002423,16.515677874993415
tt_nominal_a1_to_2_p1500ps,x1.m20,VGD,-1.8289145370321567,1.875791117348688,20.00593398002423,16.515677874993415
tt_nominal_a1_to_2_p1500ps,x1.m20,VDS,-0.04398727350484937,1.8295375547818447,16.551215978691978,20.134777416667095
tt_nominal_a1_to_2_p1500ps,x1.m20,VBS,0.0,0.0,5e-05,5e-05
tt_nominal_a1_to_2_p1500ps,x1.m21,VGS,-1.8,0.0,5e-05,5.0125
tt_nominal_a1_to_2_p1500ps,x1.m21,VGD,-1.8458325972687617,-0.05959329097969057,15.42068986076066,19.9875
tt_nominal_a1_to_2_p1500ps,x1.m21,VDS,-1.0395737136605785,0.07368448201619948,0.00020594554005680643,5.174450069017333
tt_nominal_a1_to_2_p1500ps,x1.m21,VBS,0.0,0.0,5e-05,5e-05
tt_nominal_a1_to_2_p1500ps,x1.m22,VGS,-1.114551401813265,0.7159610084430945,15.358592441155807,15.492689860760743
tt_nominal_a1_to_2_p1500ps,x1.m22,VGD,-1.8861837993545754,0.024594504100196257,5.018202483089333,20.026893729353176
tt_nominal_a1_to_2_p1500ps,x1.m22,VDS,0.5492051429620961,1.8965124520303145,15.418689860760658,9.997548082107965
tt_nominal_a1_to_2_p1500ps,x1.m22,VBS,-1.296490531973364,0.0758409387892605,15.418689860760658,10.012499999999998
tt_nominal_a1_to_2_p1500ps,x1.m23,VGS,-1.1727655113257665,1.8678310997976548,16.499503208634046,10.012499999999998
tt_nominal_a1_to_2_p1500ps,x1.m23,VGD,-1.208875852823308,1.8686987209332204,25.0,10.01407999648758
tt_nominal_a1_to_2_p1500ps,x1.m23,VDS,-0.09934361701396366,1.264930844791957,4.999473738214323,20.010933980024234
tt_nominal_a1_to_2_p1500ps,x1.m23,VBS,-1.174788591239827,0.07926762345765764,16.499503208634046,20.009933980024233
tt_nominal_a1_to_2_p1500ps,x1.m24,VGS,-1.0395737136605785,0.07368448201619948,0.00020594554005680643,5.174450069017333
tt_nominal_a1_to_2_p1500ps,x1.m24,VGD,-0.0018913635927167993,1.873684423418928,0.000573341787217633,5.175450069017334
tt_nominal_a1_to_2_p1500ps,x1.m24,VDS,-1.8035189968502126,-0.9916887775975658,10.008548082107959,0.0052314363924092335
tt_nominal_a1_to_2_p1500ps,x1.m24,VBS,0.0,0.0,5e-05,5e-05
tt_nominal_a1_to_2_p1500ps,x1.m25,VGS,0.7604262863394214,1.8736844820161995,0.00020594554005680643,5.174450069017333
tt_nominal_a1_to_2_p1500ps,x1.m25,VGD,-0.0018913635927167993,1.873684423418928,0.000573341787217633,5.175450069017334
tt_nominal_a1_to_2_p1500ps,x1.m25,VDS,-0.0035189968502124186,0.8083112224024342,10.008548082107959,0.0052314363924092335
tt_nominal_a1_to_2_p1500ps,x1.m25,VBS,0.0,0.0,5e-05,5e-05
tt_nominal_a1_to_2_p1500ps,x1.m26,VGS,-1.8656676539925887,0.09855483597478565,5.015664702691103,20.170452802633783
tt_nominal_a1_to_2_p1500ps,x1.m26,VGD,-1.8344937978818543,1.897756099647832,15.304069971823676,20.171452802633784
tt_nominal_a1_to_2_p1500ps,x1.m26,VDS,-1.8291043182397813,0.05442089133852157,16.51307746663172,15.385048371033774
tt_nominal_a1_to_2_p1500ps,x1.m26,VBS,0.0,0.0,5e-05,5e-05
tt_nominal_a1_to_2_p1500ps,x1.m27,VGS,-0.06566765399258871,1.8985548359747857,5.015664702691103,20.170452802633783
tt_nominal_a1_to_2_p1500ps,x1.m27,VGD,-1.8344937978818543,1.897756099647832,15.304069971823676,20.171452802633784
tt_nominal_a1_to_2_p1500ps,x1.m27,VDS,-0.029104318239781102,1.8544208913385216,16.51307746663172,15.385048371033774
tt_nominal_a1_to_2_p1500ps,x1.m27,VBS,0.0,0.0,5e-05,5e-05
tt_nominal_a1_to_2_p1500ps,x1.m28,VGS,-1.8286544154110753,0.05503544519190395,16.5222184799347,10.172210251638258
tt_nominal_a1_to_2_p1500ps,x1.m28,VGD,-1.8102442326848305,1.8546271016357962,20.035893729353187,10.173210251638258
tt_nominal_a1_to_2_p1500ps,x1.m28,VDS,-1.833567169014164,0.012942330337578634,15.357592441155806,20.054777416667005
tt_nominal_a1_to_2_p1500ps,x1.m28,VBS,0.0,0.0,5e-05,5e-05
tt_nominal_a1_to_2_p1500ps,x1.m29,VGS,-0.028654415411075166,1.855035445191904,16.5222184799347,10.172210251638258
tt_nominal_a1_to_2_p1500ps,x1.m29,VGD,-1.8102442326848305,1.8546271016357962,20.035893729353187,10.173210251638258
tt_nominal_a1_to_2_p1500ps,x1.m29,VDS,-0.033567169014163845,1.8129423303375787,15.357592441155806,20.054777416667005
tt_nominal_a1_to_2_p1500ps,x1.m29,VBS,0.0,0.0,5e-05,5e-05
tt_nominal_a1_to_2_p1500ps,x2.mp1,VGS,-1.8035233199858303,-0.9946968302869861,20.00893398002423,0.005
tt_nominal_a1_to_2_p1500ps,x2.mp1,VGD,-1.803171076125964,0.014146775067781281,20.009933980024233,0.0004763929385435122
tt_nominal_a1_to_2_p1500ps,x2.mp1,VDS,-1.0539206590674803,0.0003976046748597195,0.000273004588837382,4.994473738214321
tt_nominal_a1_to_2_p1500ps,x2.mp1,VBS,0.0,0.0,5e-05,5e-05
tt_nominal_a1_to_2_p1500ps,x2.mn1,VGS,-0.003523319985830147,0.805303169713014,20.00893398002423,0.005
tt_nominal_a1_to_2_p1500ps,x2.mn1,VGD,-1.803171076125964,0.014146775067781281,20.009933980024233,0.0004763929385435122
tt_nominal_a1_to_2_p1500ps,x2.mn1,VDS,0.7460793409325196,1.8003976046748598,0.000273004588837382,4.994473738214321
tt_nominal_a1_to_2_p1500ps,x2.mn1,VBS,0.0,0.0,5e-05,5e-05
tt_nominal_a1_to_2_p1500ps,x2.mp2,VGS,-1.0539206590674803,0.0003976046748597195,0.000273004588837382,4.994473738214321
tt_nominal_a1_to_2_p1500ps,x2.mp2,VGD,0.7140840677339099,1.80038482489151,0.000273004588837382,4.994473738214321
tt_nominal_a1_to_2_p1500ps,x2.mp2,VDS,-1.8000099387785173,-1.7235547692598656,20.00393398002423,0.03715718196204619
tt_nominal_a1_to_2_p1500ps,x2.mp2,VBS,0.0,0.0,5e-05,5e-05
tt_nominal_a1_to_2_p1500ps,x2.mn2,VGS,0.7460793409325196,1.8003976046748598,0.000273004588837382,4.994473738214321
tt_nominal_a1_to_2_p1500ps,x2.mn2,VGD,0.7140840677339099,1.80038482489151,0.000273004588837382,4.994473738214321
tt_nominal_a1_to_2_p1500ps,x2.mn2,VDS,-9.938778517312982e-06,0.07644523074013447,20.00393398002423,0.03715718196204619
tt_nominal_a1_to_2_p1500ps,x2.mn2,VBS,0.0,0.0,5e-05,5e-05
tt_nominal_a1_to_2_p1500ps,x3.mp1,VGS,-1.8443982743777818,0.028984465836568996,5.051202483089343,10.136218100869783
tt_nominal_a1_to_2_p1500ps,x3.mp1,VGD,-1.8409504716189884,1.8289010387777798,5.051202483089343,10.137218100869783
tt_nominal_a1_to_2_p1500ps,x3.mp1,VDS,-1.8541151643967115,0.10432034463610829,10.22721025163823,5.086426032147458
tt_nominal_a1_to_2_p1500ps,x3.mp1,VBS,0.0,0.0,5e-05,5e-05
tt_nominal_a1_to_2_p1500ps,x3.mn1,VGS,-0.0443982743777817,1.828984465836569,5.051202483089343,10.136218100869783
tt_nominal_a1_to_2_p1500ps,x3.mn1,VGD,-1.8409504716189884,1.8289010387777798,5.051202483089343,10.137218100869783
tt_nominal_a1_to_2_p1500ps,x3.mn1,VDS,-0.05411516439671149,1.9043203446361083,10.22721025163823,5.086426032147458
tt_nominal_a1_to_2_p1500ps,x3.mn1,VBS,0.0,0.0,5e-05,5e-05
tt_nominal_a1_to_2_p1500ps,x3.mp2,VGS,-1.8541151643967115,0.10432034463610829,10.22721025163823,5.086426032147458
tt_nominal_a1_to_2_p1500ps,x3.mp2,VGD,-1.8523096998433262,1.9018018704913167,10.22721025163823,5.086426032147458
tt_nominal_a1_to_2_p1500ps,x3.mp2,VDS,-1.8336365481672172,0.029025128483172402,5.119450069017316,10.274210251638205
tt_nominal_a1_to_2_p1500ps,x3.mp2,VBS,0.0,0.0,5e-05,5e-05
tt_nominal_a1_to_2_p1500ps,x3.mn2,VGS,-0.05411516439671149,1.9043203446361083,10.22721025163823,5.086426032147458
tt_nominal_a1_to_2_p1500ps,x3.mn2,VGD,-1.8523096998433262,1.9018018704913167,10.22721025163823,5.086426032147458
tt_nominal_a1_to_2_p1500ps,x3.mn2,VDS,-0.033636548167217145,1.8290251284831724,5.119450069017316,10.274210251638205
tt_nominal_a1_to_2_p1500ps,x3.mn2,VBS,0.0,0.0,5e-05,5e-05
tt_nominal_a1_to_2_p1500ps,x4.mp1,VGS,-1.8035189968502126,-0.9916887775975658,10.008548082107959,0.0052314363924092335
tt_nominal_a1_to_2_p1500ps,x4.mp1,VGD,-1.8031687229438234,0.011202488329342009,10.009548082107958,0.0004763929385435122
tt_nominal_a1_to_2_p1500ps,x4.mp1,VDS,-1.05424683091867,0.00039763302316275784,0.000273004588837382,16.49450320863404
tt_nominal_a1_to_2_p1500ps,x4.mp1,VBS,0.0,0.0,5e-05,5e-05
tt_nominal_a1_to_2_p1500ps,x4.mn1,VGS,-0.0035189968502124186,0.8083112224024342,10.008548082107959,0.0052314363924092335
tt_nominal_a1_to_2_p1500ps,x4.mn1,VGD,-1.8031687229438234,0.011202488329342009,10.009548082107958,0.0004763929385435122
tt_nominal_a1_to_2_p1500ps,x4.mn1,VDS,0.7457531690813299,1.8003976330231628,0.000273004588837382,16.49450320863404
tt_nominal_a1_to_2_p1500ps,x4.mn1,VBS,0.0,0.0,5e-05,5e-05
tt_nominal_a1_to_2_p1500ps,x4.mp2,VGS,-1.05424683091867,0.00039763302316275784,0.000273004588837382,16.49450320863404
tt_nominal_a1_to_2_p1500ps,x4.mp2,VGD,0.7137640676130235,1.8003848662148487,0.000273004588837382,16.49450320863404
tt_nominal_a1_to_2_p1500ps,x4.mp2,VDS,-1.8000099368491775,-1.7231659216546982,16.51648960019685,0.03715718196204619
tt_nominal_a1_to_2_p1500ps,x4.mp2,VBS,0.0,0.0,5e-05,5e-05
tt_nominal_a1_to_2_p1500ps,x4.mn2,VGS,0.7457531690813299,1.8003976330231628,0.000273004588837382,16.49450320863404
tt_nominal_a1_to_2_p1500ps,x4.mn2,VGD,0.7137640676130235,1.8003848662148487,0.000273004588837382,16.49450320863404
tt_nominal_a1_to_2_p1500ps,x4.mn2,VDS,-9.936849177480855e-06,0.07683407834530191,16.51648960019685,0.03715718196204619
tt_nominal_a1_to_2_p1500ps,x4.mn2,VBS,0.0,0.0,5e-05,5e-05
tt_nominal_a1_to_2_p1500ps,x5.mp1,VGS,-1.8439872735048495,0.02953755478184461,16.551215978691978,20.134777416667095
tt_nominal_a1_to_2_p1500ps,x5.mp1,VGD,-1.8405415163752492,1.8294480824619936,16.551215978691978,20.135777416667096
tt_nominal_a1_to_2_p1500ps,x5.mp1,VDS,-1.8555015966243347,0.1034931776858532,20.224452802633845,16.587784850631902
tt_nominal_a1_to_2_p1500ps,x5.mp1,VBS,0.0,0.0,5e-05,5e-05
tt_nominal_a1_to_2_p1500ps,x5.mn1,VGS,-0.04398727350484937,1.8295375547818447,16.551215978691978,20.134777416667095
tt_nominal_a1_to_2_p1500ps,x5.mn1,VGD,-1.8405415163752492,1.8294480824619936,16.551215978691978,20.135777416667096
tt_nominal_a1_to_2_p1500ps,x5.mn1,VDS,-0.05550159662433454,1.9034931776858532,20.224452802633845,16.587784850631902
tt_nominal_a1_to_2_p1500ps,x5.mn1,VBS,0.0,0.0,5e-05,5e-05
tt_nominal_a1_to_2_p1500ps,x5.mp2,VGS,-1.8555015966243347,0.1034931776858532,20.224452802633845,16.587784850631902
tt_nominal_a1_to_2_p1500ps,x5.mp2,VGD,-1.8536465798354624,1.901056098577727,20.224452802633845,16.587784850631902
tt_nominal_a1_to_2_p1500ps,x5.mp2,VDS,-1.8335640483590696,0.02903105508847892,16.6204186863422,20.270452802633898
tt_nominal_a1_to_2_p1500ps,x5.mp2,VBS,0.0,0.0,5e-05,5e-05
tt_nominal_a1_to_2_p1500ps,x5.mn2,VGS,-0.05550159662433454,1.9034931776858532,20.224452802633845,16.587784850631902
tt_nominal_a1_to_2_p1500ps,x5.mn2,VGD,-1.8536465798354624,1.901056098577727,20.224452802633845,16.587784850631902
tt_nominal_a1_to_2_p1500ps,x5.mn2,VDS,-0.033564048359069586,1.829031055088479,16.6204186863422,20.270452802633898
tt_nominal_a1_to_2_p1500ps,x5.mn2,VBS,0.0,0.0,5e-05,5e-05
tt_nominal_a1_to_3_p1500ps,x1.m1,VGS,0.0,0.0,5e-05,5e-05
tt_nominal_a1_to_3_p1500ps,x1.m1,VGD,1.1263201283414044,1.8656676539925887,0.0010745776756468516,5.015664702691103
tt_nominal_a1_to_3_p1500ps,x1.m1,VDS,-1.8656676539925887,-1.1263201283414044,5.015664702691103,0.0010745776756468516
tt_nominal_a1_to_3_p1500ps,x1.m1,VBS,0.0,0.0,5e-05,5e-05
tt_nominal_a1_to_3_p1500ps,x1.m2,VGS,1.8,1.8,5e-05,5e-05
tt_nominal_a1_to_3_p1500ps,x1.m2,VGD,1.1263201283414044,1.8656676539925887,0.0010745776756468516,5.015664702691103
tt_nominal_a1_to_3_p1500ps,x1.m2,VDS,-0.06566765399258871,0.6736798716585957,5.015664702691103,0.0010745776756468516
tt_nominal_a1_to_3_p1500ps,x1.m2,VBS,0.0,0.0,5e-05,5e-05
tt_nominal_a1_to_3_p1500ps,x1.m3,VGS,-1.8,0.0,5e-05,15.346707072412993
tt_nominal_a1_to_3_p1500ps,x1.m3,VGD,-1.855035445191904,1.82669375407839,10.172210251638258,16.521797799960034
tt_nominal_a1_to_3_p1500ps,x1.m3,VDS,-1.82669375407839,0.05503544519190395,16.521797799960034,10.172210251638258
tt_nominal_a1_to_3_p1500ps,x1.m3,VBS,0.0,0.0,5e-05,5e-05
tt_nominal_a1_to_3_p1500ps,x1.m4,VGS,0.0,1.8,5e-05,15.346707072412993
tt_nominal_a1_to_3_p1500ps,x1.m4,VGD,-1.855035445191904,1.82669375407839,10.172210251638258,16.521797799960034
tt_nominal_a1_to_3_p1500ps,x1.m4,VDS,-0.026693754078390086,1.855035445191904,16.521797799960034,10.172210251638258
tt_nominal_a1_to_3_p1500ps,x1.m4,VBS,0.0,0.0,5e-05,5e-05
tt_nominal_a1_to_3_p1500ps,x1.m5,VGS,-1.8,0.0,5e-05,5.0125
tt_nominal_a1_to_3_p1500ps,x1.m5,VGD,-1.8013588665867295,-0.06657637530736382,15.300730235095529,9.987500000000002
tt_nominal_a1_to_3_p1500ps,x1.m5,VDS,-1.0297878401791083,0.07361318953324658,0.00020594554005680643,16.60904679523241
tt_nominal_a1_to_3_p1500ps,x1.m5,VBS,0.0,0.0,5e-05,5e-05
tt_nominal_a1_to_3_p1500ps,x1.m6,VGS,-0.9143087600486415,0.8329111497317296,16.522797799960035,0.11115718196204608
tt_nominal_a1_to_3_p1500ps,x1.m6,VGD,-1.899070059328874,0.0552456568105264,16.521797799960034,10.171210251638259
tt_nominal_a1_to_3_p1500ps,x1.m6,VDS,0.5683323253276196,0.9860037942013975,5e-05,16.517872263602595
tt_nominal_a1_to_3_p1500ps,x1.m6,VBS,-1.2320856456189357,-0.1778144437787461,15.303730235095532,0.00011729869789071354
tt_nominal_a1_to_3_p1500ps,x1.m7,VGS,-1.1652278469805954,0.5548889609148301,4.999473738214323,0.0010745776756468516
tt_nominal_a1_to_3_p1500ps,x1.m7,VGD,-1.2355940406541668,0.4741918506404279,5.0143091495044425,0.0009269450958745514
tt_nominal_a1_to_3_p1500ps,x1.m7,VDS,-0.25134074421778974,1.2844560819478712,16.49935989476917,10.010548082107958
tt_nominal_a1_to_3_p1500ps,x1.m7,VBS,-1.1715422507573328,0.07759548037261833,4.999473738214323,10.009548082107958
tt_nominal_a1_to_3_p1500ps,x1.m8,VGS,0.0,1.8,5e-05,5.0125
tt_nominal_a1_to_3_p1500ps,x1.m8,VGD,-1.081987876372666,1.8000000654543915,15.335695223050328,16.922046795232767
tt_nominal_a1_to_3_p1500ps,x1.m8,VDS,-0.07759548037261833,1.1715422507573328,10.009548082107958,4.999473738214323
tt_nominal_a1_to_3_p1500ps,x1.m8,VBS,0.0,0.0,5e-05,5e-05
tt_nominal_a1_to_3_p1500ps,x1.m9,VGS,-1.0297878401791083,0.07361318953324658,0.00020594554005680643,16.60904679523241
tt_nominal_a1_to_3_p1500ps,x1.m9,VGD,0.0025004370502274,1.87361274013412,0.000573341787217633,16.61004679523241
tt_nominal_a1_to_3_p1500ps,x1.m9,VDS,-1.80352403790316,-0.9946968302869861,20.00895646907437,0.005
tt_nominal_a1_to_3_p1500ps,x1.m9,VBS,0.0,0.0,5e-05,5e-05
tt_nominal_a1_to_3_p1500ps,x1.m10,VGS,0.7702121598208919,1.8736131895332466,0.00020594554005680643,16.60904679523241
tt_nominal_a1_to_3_p1500ps,x1.m10,VGD,0.0025004370502274,1.87361274013412,0.000573341787217633,16.61004679523241
tt_nominal_a1_to_3_p1500ps,x1.m10,VDS,-0.003524037903160103,0.805303169713014,20.00895646907437,0.005
tt_nominal_a1_to_3_p1500ps,x1.m10,VBS,0.0,0.0,5e-05,5e-05
tt_nominal_a1_to_3_p1500ps,x1.m11,VGS,-1.8,0.0,5e-05,5.0125
tt_nominal_a1_to_3_p1500ps,x1.m11,VGD,-1.8008628565361302,1.7999998953896479,15.300730235095529,6.456450069017726
tt_nominal_a1_to_3_p1500ps,x1.m11,VDS,-1.8342026828913056,0.07669193948731401,10.004548082107961,5.015664702691103
tt_nominal_a1_to_3_p1500ps,x1.m11,VBS,0.0,0.0,5e-05,5e-05
tt_nominal_a1_to_3_p1500ps,x1.m12,VGS,-1.071899034056339,1.845530623051958,25.0,10.008548082107959
tt_nominal_a1_to_3_p1500ps,x1.m12,VGD,-1.8990628076914173,1.8257497560743523,16.521797799960034,10.004548082107961
tt_nominal_a1_to_3_p1500ps,x1.m12,VDS,4.130545151748155e-08,1.8964915103451554,6.464450069017729,19.997956469074357
tt_nominal_a1_to_3_p1500ps,x1.m12,VBS,-1.1374287141219155,0.07568593698440512,15.303730235095532,20.011956469074374
tt_nominal_a1_to_3_p1500ps,x1.m13,VGS,0.08339297497081807,1.8678310997976548,5e-05,10.012499999999998
tt_nominal_a1_to_3_p1500ps,x1.m13,VGD,0.03746801197030267,1.8686029201196153,5e-05,20.014101452867802
tt_nominal_a1_to_3_p1500ps,x1.m13,VDS,-0.14178838891519296,0.5571839929507506,15.393841040927992,5.013416311031237
tt_nominal_a1_to_3_p1500ps,x1.m13,VBS,-1.1715422507573328,0.07759548037261833,4.999473738214323,10.009548082107958
tt_nominal_a1_to_3_p1500ps,x1.m14,VGS,-1.8342026828913056,0.07669193948731401,10.004548082107961,5.015664702691103
tt_nominal_a1_to_3_p1500ps,x1.m14,VGD,-1.8287760607689725,1.8760845691699934,10.00654808210796,5.015664702691103
tt_nominal_a1_to_3_p1500ps,x1.m14,VDS,-1.8443982743777818,0.028984465836568996,5.051202483089343,10.136218100869783
tt_nominal_a1_to_3_p1500ps,x1.m14,VBS,0.0,0.0,5e-05,5e-05
tt_nominal_a1_to_3_p1500ps,x1.m15,VGS,-0.03420268289130557,1.876691939487314,10.004548082107961,5.015664702691103
tt_nominal_a1_to_3_p1500ps,x1.m15,VGD,-1.8287760607689725,1.8760845691699934,10.00654808210796,5.015664702691103
tt_nominal_a1_to_3_p1500ps,x1.m15,VDS,-0.0443982743777817,1.828984465836569,5.051202483089343,10.136218100869783
tt_nominal_a1_to_3_p1500ps,x1.m15,VBS,0.0,0.0,5e-05,5e-05
tt_nominal_a1_to_3_p1500ps,x1.m16,VGS,-1.8,0.0,5e-05,5.0125
tt_nominal_a1_to_3_p1500ps,x1.m16,VGD,-1.8376525010463916,-0.05758356933269004,15.404841040928003,19.9875
tt_nominal_a1_to_3_p1500ps,x1.m16,VDS,-1.0396453354747375,0.07362272216010024,0.00020594554005680643,5.155450069017327
tt_nominal_a1_to_3_p1500ps,x1.m16,VBS,0.0,0.0,5e-05,5e-05
tt_nominal_a1_to_3_p1500ps,x1.m17,VGS,-0.029716094040951314,0.9565904643745995,15.357592469853001,15.41882978197896
tt_nominal_a1_to_3_p1500ps,x1.m17,VGD,-1.8862008137960946,0.05246129079296913,5.018202483089333,15.465829781979012
tt_nominal_a1_to_3_p1500ps,x1.m17,VDS,0.5919780627664362,1.8827681552642137,25.0,5.015664702691103
tt_nominal_a1_to_3_p1500ps,x1.m17,VBS,-1.2079775617759727,0.009704242697705767,25.0,5.01647656606515
tt_nominal_a1_to_3_p1500ps,x1.m18,VGS,-1.1652278469805954,0.5548889609148301,4.999473738214323,0.0010745776756468516
tt_nominal_a1_to_3_p1500ps,x1.m18,VGD,-1.2079635724958182,0.49941048410272054,25.0,0.0010745776756468516
tt_nominal_a1_to_3_p1500ps,x1.m18,VDS,-1.1699589660179073,1.2605645861232513,4.999473738214323,20.010956469074372
tt_nominal_a1_to_3_p1500ps,x1.m18,VBS,-1.1715422507573328,0.07759548037261833,4.999473738214323,10.009548082107958
tt_nominal_a1_to_3_p1500ps,x1.m19,VGS,-1.0396453354747375,0.07362272216010024,0.00020594554005680643,5.155450069017327
tt_nominal_a1_to_3_p1500ps,x1.m19,VGD,-0.002018040242065422,1.873622659188494,0.000573341787217633,5.156450069017327
tt_nominal_a1_to_3_p1500ps,x1.m19,VDS,-1.803968885869191,-0.9915923821965593,15.416841040928016,0.0052314363924092335
tt_nominal_a1_to_3_p1500ps,x1.m19,VBS,0.0,0.0,5e-05,5e-05
tt_nominal_a1_to_3_p1500ps,x1.m20,VGS,0.7603546645252625,1.8736227221601003,0.00020594554005680643,5.155450069017327
tt_nominal_a1_to_3_p1500ps,x1.m20,VGD,-0.002018040242065422,1.873622659188494,0.000573341787217633,5.156450069017327
tt_nominal_a1_to_3_p1500ps,x1.m20,VDS,-0.003968885869190877,0.8084076178034407,15.416841040928016,0.0052314363924092335
tt_nominal_a1_to_3_p1500ps,x1.m20,VBS,0.0,0.0,5e-05,5e-05
tt_nominal_a1_to_3_p1500ps,x1.m21,VGS,-1.8,0.0,5e-05,5.0125
tt_nominal_a1_to_3_p1500ps,x1.m21,VGD,-1.8460986326329571,1.8000003039165684,15.420829781978963,16.913046795232756
tt_nominal_a1_to_3_p1500ps,x1.m21,VDS,-1.8340191828158496,0.07816577363747768,20.004956469074365,16.516387695538313
tt_nominal_a1_to_3_p1500ps,x1.m21,VBS,0.0,0.0,5e-05,5e-05
tt_nominal_a1_to_3_p1500ps,x1.m22,VGS,-1.102680512619381,1.8483781978374894,15.357592469853001,20.00895646907437
tt_nominal_a1_to_3_p1500ps,x1.m22,VGD,-1.8861837993545754,1.8271318341447724,5.018202483089333,20.004956469074365
tt_nominal_a1_to_3_p1500ps,x1.m22,VDS,-1.4283655108693338e-07,1.8965124520303145,16.904046795232745,9.997548082107965
tt_nominal_a1_to_3_p1500ps,x1.m22,VBS,-1.384049907435061,0.0758409387892605,15.456829781979003,10.012499999999998
tt_nominal_a1_to_3_p1500ps,x1.m23,VGS,0.08339297497081807,1.8678310997976548,5e-05,10.012499999999998
tt_nominal_a1_to_3_p1500ps,x1.m23,VGD,0.09582490379557004,1.8686987209332204,5e-05,10.01407999648758
tt_nominal_a1_to_3_p1500ps,x1.m23,VDS,-0.09934361701396366,0.6223119743064274,4.999473738214323,16.513074441978198
tt_nominal_a1_to_3_p1500ps,x1.m23,VBS,-1.1715422507573328,0.07759548037261833,4.999473738214323,10.009548082107958
tt_nominal_a1_to_3_p1500ps,x1.m24,VGS,-1.8340191828158496,0.07816577363747768,20.004956469074365,16.516387695538313
tt_nominal_a1_to_3_p1500ps,x1.m24,VGD,-1.828613317504619,1.8774368244916095,20.005956469074366,16.516387695538313
tt_nominal_a1_to_3_p1500ps,x1.m24,VDS,-1.847202981006964,0.02915806841441726,16.55078551618663,20.136777416667098
tt_nominal_a1_to_3_p1500ps,x1.m24,VBS,0.0,0.0,5e-05,5e-05
tt_nominal_a1_to_3_p1500ps,x1.m25,VGS,-0.03401918281584951,1.8781657736374777,20.004956469074365,16.516387695538313
tt_nominal_a1_to_3_p1500ps,x1.m25,VGD,-1.828613317504619,1.8774368244916095,20.005956469074366,16.516387695538313
tt_nominal_a1_to_3_p1500ps,x1.m25,VDS,-0.047202981006963914,1.8291580684144173,16.55078551618663,20.136777416667098
tt_nominal_a1_to_3_p1500ps,x1.m25,VBS,0.0,0.0,5e-05,5e-05
tt_nominal_a1_to_3_p1500ps,x1.m26,VGS,-1.8656676539925887,-1.1263201283414044,5.015664702691103,0.0010745776756468516
tt_nominal_a1_to_3_p1500ps,x1.m26,VGD,-1.8175256727133857,0.3367673826014065,10.091218100869806,5.521128148622556e-05
tt_nominal_a1_to_3_p1500ps,x1.m26,VDS,-1.6107351324714134,0.02399853355377446,5e-05,10.078218100869814
tt_nominal_a1_to_3_p1500ps,x1.m26,VBS,0.0,0.0,5e-05,5e-05
tt_nominal_a1_to_3_p1500ps,x1.m27,VGS,-0.06566765399258871,0.6736798716585957,5.015664702691103,0.0010745776756468516
tt_nominal_a1_to_3_p1500ps,x1.m27,VGD,-1.8175256727133857,0.3367673826014065,10.091218100869806,5.521128148622556e-05
tt_nominal_a1_to_3_p1500ps,x1.m27,VDS,0.1892648675285866,1.8239985335537745,5e-05,10.078218100869814
tt_nominal_a1_to_3_p1500ps,x1.m27,VBS,0.0,0.0,5e-05,5e-05
tt_nominal_a1_to_3_p1500ps,x1.m28,VGS,-1.82669375407839,0.05503544519190395,16.521797799960034,10.172210251638258
tt_nominal_a1_to_3_p1500ps,x1.m28,VGD,-1.8102129167414711,1.8546271016357962,20.033370462510778,10.173210251638258
tt_nominal_a1_to_3_p1500ps,x1.m28,VDS,-1.8340016309352023,0.01257461775664015,15.357592469853001,20.047777416667
tt_nominal_a1_to_3_p1500ps,x1.m28,VBS,0.0,0.0,5e-05,5e-05
tt_nominal_a1_to_3_p1500ps,x1.m29,VGS,-0.026693754078390086,1.855035445191904,16.521797799960034,10.172210251638258
tt_nominal_a1_to_3_p1500ps,x1.m29,VGD,-1.8102129167414711,1.8546271016357962,20.033370462510778,10.173210251638258
tt_nominal_a1_to_3_p1500ps,x1.m29,VDS,-0.0340016309352022,1.8125746177566402,15.357592469853001,20.047777416667
tt_nominal_a1_to_3_p1500ps,x1.m29,VBS,0.0,0.0,5e-05,5e-05
tt_nominal_a1_to_3_p1500ps,x2.mp1,VGS,-1.80352403790316,-0.9946968302869861,20.00895646907437,0.005
tt_nominal_a1_to_3_p1500ps,x2.mp1,VGD,-1.8031713367410498,0.014146775067781281,20.00995646907437,0.0004763929385435122
tt_nominal_a1_to_3_p1500ps,x2.mp1,VDS,-1.0539206590674803,0.00039772766779111457,0.000273004588837382,16.494359894769165
tt_nominal_a1_to_3_p1500ps,x2.mp1,VBS,0.0,0.0,5e-05,5e-05
tt_nominal_a1_to_3_p1500ps,x2.mn1,VGS,-0.003524037903160103,0.805303169713014,20.00895646907437,0.005
tt_nominal_a1_to_3_p1500ps,x2.mn1,VGD,-1.8031713367410498,0.014146775067781281,20.00995646907437,0.0004763929385435122
tt_nominal_a1_to_3_p1500ps,x2.mn1,VDS,0.7460793409325196,1.8003977276677912,0.000273004588837382,16.494359894769165
tt_nominal_a1_to_3_p1500ps,x2.mn1,VBS,0.0,0.0,5e-05,5e-05
tt_nominal_a1_to_3_p1500ps,x2.mp2,VGS,-1.0539206590674803,0.00039772766779111457,0.000273004588837382,16.494359894769165
tt_nominal_a1_to_3_p1500ps,x2.mp2,VGD,0.7140840677339099,1.8003848908146933,0.000273004588837382,16.494359894769165
tt_nominal_a1_to_3_p1500ps,x2.mp2,VDS,-1.8000099407435892,-1.7235547692598656,20.003956469074364,0.03715718196204619
tt_nominal_a1_to_3_p1500ps,x2.mp2,VBS,0.0,0.0,5e-05,5e-05
tt_nominal_a1_to_3_p1500ps,x2.mn2,VGS,0.7460793409325196,1.8003977276677912,0.000273004588837382,16.494359894769165
tt_nominal_a1_to_3_p1500ps,x2.mn2,VGD,0.7140840677339099,1.8003848908146933,0.000273004588837382,16.494359894769165
tt_nominal_a1_to_3_p1500ps,x2.mn2,VDS,-9.940743589262799e-06,0.07644523074013447,20.003956469074364,0.03715718196204619
tt_nominal_a1_to_3_p1500ps,x2.mn2,VBS,0.0,0.0,5e-05,5e-05
tt_nominal_a1_to_3_p1500ps,x3.mp1,VGS,-1.8443982743777818,0.028984465836568996,5.051202483089343,10.136218100869783
tt_nominal_a1_to_3_p1500ps,x3.mp1,VGD,-1.8409504716189884,1.8289010387777798,5.051202483089343,10.137218100869783
tt_nominal_a1_to_3_p1500ps,x3.mp1,VDS,-1.8541151643967115,0.10432034463610829,10.22721025163823,5.086426032147458
tt_nominal_a1_to_3_p1500ps,x3.mp1,VBS,0.0,0.0,5e-05,5e-05
tt_nominal_a1_to_3_p1500ps,x3.mn1,VGS,-0.0443982743777817,1.828984465836569,5.051202483089343,10.136218100869783
tt_nominal_a1_to_3_p1500ps,x3.mn1,VGD,-1.8409504716189884,1.8289010387777798,5.051202483089343,10.137218100869783
tt_nominal_a1_to_3_p1500ps,x3.mn1,VDS,-0.05411516439671149,1.9043203446361083,10.22721025163823,5.086426032147458
tt_nominal_a1_to_3_p1500ps,x3.mn1,VBS,0.0,0.0,5e-05,5e-05
tt_nominal_a1_to_3_p1500ps,x3.mp2,VGS,-1.8541151643967115,0.10432034463610829,10.22721025163823,5.086426032147458
tt_nominal_a1_to_3_p1500ps,x3.mp2,VGD,-1.8523096998433262,1.9018018704913167,10.22721025163823,5.086426032147458
tt_nominal_a1_to_3_p1500ps,x3.mp2,VDS,-1.8336365481672172,0.029025128483172402,5.119450069017316,10.274210251638205
tt_nominal_a1_to_3_p1500ps,x3.mp2,VBS,0.0,0.0,5e-05,5e-05
tt_nominal_a1_to_3_p1500ps,x3.mn2,VGS,-0.05411516439671149,1.9043203446361083,10.22721025163823,5.086426032147458
tt_nominal_a1_to_3_p1500ps,x3.mn2,VGD,-1.8523096998433262,1.9018018704913167,10.22721025163823,5.086426032147458
tt_nominal_a1_to_3_p1500ps,x3.mn2,VDS,-0.033636548167217145,1.8290251284831724,5.119450069017316,10.274210251638205
tt_nominal_a1_to_3_p1500ps,x3.mn2,VBS,0.0,0.0,5e-05,5e-05
tt_nominal_a1_to_3_p1500ps,x4.mp1,VGS,-1.847202981006964,0.02915806841441726,16.55078551618663,20.136777416667098
tt_nominal_a1_to_3_p1500ps,x4.mp1,VGD,-1.8434119740235746,1.8290726107656619,16.55178551618663,20.1377774166671
tt_nominal_a1_to_3_p1500ps,x4.mp1,VDS,-1.855891156224334,0.10458313129030006,20.2267774166672,16.586029720564508
tt_nominal_a1_to_3_p1500ps,x4.mp1,VBS,0.0,0.0,5e-05,5e-05
tt_nominal_a1_to_3_p1500ps,x4.mn1,VGS,-0.047202981006963914,1.8291580684144173,16.55078551618663,20.136777416667098
tt_nominal_a1_to_3_p1500ps,x4.mn1,VGD,-1.8434119740235746,1.8290726107656619,16.55178551618663,20.1377774166671
tt_nominal_a1_to_3_p1500ps,x4.mn1,VDS,-0.05589115622433401,1.9045831312903,20.2267774166672,16.586029720564508
tt_nominal_a1_to_3_p1500ps,x4.mn1,VBS,0.0,0.0,5e-05,5e-05
tt_nominal_a1_to_3_p1500ps,x4.mp2,VGS,-1.855891156224334,0.10458313129030006,20.2267774166672,16.586029720564508
tt_nominal_a1_to_3_p1500ps,x4.mp2,VGD,-1.8540227304192207,1.9021070619322384,20.2267774166672,16.586029720564508
tt_nominal_a1_to_3_p1500ps,x4.mp2,VDS,-1.8336336474104333,0.029056743733713475,16.61904679523242,20.272777416667253
tt_nominal_a1_to_3_p1500ps,x4.mp2,VBS,0.0,0.0,5e-05,5e-05
tt_nominal_a1_to_3_p1500ps,x4.mn2,VGS,-0.05589115622433401,1.9045831312903,20.2267774166672,16.586029720564508
tt_nominal_a1_to_3_p1500ps,x4.mn2,VGD,-1.8540227304192207,1.9021070619322384,20.2267774166672,16.586029720564508
tt_nominal_a1_to_3_p1500ps,x4.mn2,VDS,-0.03363364741043318,1.8290567437337135,16.61904679523242,20.272777416667253
tt_nominal_a1_to_3_p1500ps,x4.mn2,VBS,0.0,0.0,5e-05,5e-05
tt_nominal_a1_to_3_p1500ps,x5.mp1,VGS,-1.803968885869191,-0.9915923821965593,15.416841040928016,0.0052314363924092335
tt_nominal_a1_to_3_p1500ps,x5.mp1,VGD,-1.8034307345120117,0.01113002288224818,15.416841040928016,0.0004763929385435122
tt_nominal_a1_to_3_p1500ps,x5.mp1,VDS,-1.0542486851556747,0.0003979721900770894,0.000273004588837382,16.494359894769165
tt_nominal_a1_to_3_p1500ps,x5.mp1,VBS,0.0,0.0,5e-05,5e-05
tt_nominal_a1_to_3_p1500ps,x5.mn1,VGS,-0.003968885869190877,0.8084076178034407,15.416841040928016,0.0052314363924092335
tt_nominal_a1_to_3_p1500ps,x5.mn1,VGD,-1.8034307345120117,0.01113002288224818,15.416841040928016,0.0004763929385435122
tt_nominal_a1_to_3_p1500ps,x5.mn1,VDS,0.7457513148443253,1.8003979721900771,0.000273004588837382,16.494359894769165
tt_nominal_a1_to_3_p1500ps,x5.mn1,VBS,0.0,0.0,5e-05,5e-05
tt_nominal_a1_to_3_p1500ps,x5.mp2,VGS,-1.0542486851556747,0.0003979721900770894,0.000273004588837382,16.494359894769165
tt_nominal_a1_to_3_p1500ps,x5.mp2,VGD,0.7137622227326035,1.8003851272477454,0.000273004588837382,16.494359894769165
tt_nominal_a1_to_3_p1500ps,x5.mp2,VDS,-1.8000176573428097,-1.7231585313623674,15.414841040928016,0.03715718196204619
tt_nominal_a1_to_3_p1500ps,x5.mp2,VBS,0.0,0.0,5e-05,5e-05
tt_nominal_a1_to_3_p1500ps,x5.mn2,VGS,0.7457513148443253,1.8003979721900771,0.000273004588837382,16.494359894769165
tt_nominal_a1_to_3_p1500ps,x5.mn2,VGD,0.7137622227326035,1.8003851272477454,0.000273004588837382,16.494359894769165
tt_nominal_a1_to_3_p1500ps,x5.mn2,VDS,-1.765734280968023e-05,0.0768414686376327,15.414841040928016,0.03715718196204619
tt_nominal_a1_to_3_p1500ps,x5.mn2,VBS,0.0,0.0,5e-05,5e-05
tt_nominal_a2_to_0_p1500ps,x1.m1,VGS,-1.8,-1.8,5e-05,5e-05
tt_nominal_a2_to_0_p1500ps,x1.m1,VGD,-1.8998895792389234,-0.500692782595619,20.172504678952276,5e-05
tt_nominal_a2_to_0_p1500ps,x1.m1,VDS,-1.299307217404381,0.09988957923892339,5e-05,20.172504678952276
tt_nominal_a2_to_0_p1500ps,x1.m1,VBS,0.0,0.0,5e-05,5e-05
tt_nominal_a2_to_0_p1500ps,x1.m2,VGS,0.0,0.0,5e-05,5e-05
tt_nominal_a2_to_0_p1500ps,x1.m2,VGD,-1.8998895792389234,-0.500692782595619,20.172504678952276,5e-05
tt_nominal_a2_to_0_p1500ps,x1.m2,VDS,0.500692782595619,1.8998895792389234,5e-05,20.172504678952276
tt_nominal_a2_to_0_p1500ps,x1.m2,VBS,0.0,0.0,5e-05,5e-05
tt_nominal_a2_to_0_p1500ps,x1.m3,VGS,-1.8,0.0,15.322525229859998,5e-05
tt_nominal_a2_to_0_p1500ps,x1.m3,VGD,-1.8554749941723818,1.8265079557402877,20.16750467895227,5.021671577051264
tt_nominal_a2_to_0_p1500ps,x1.m3,VDS,-1.8377512722451619,0.055474994172381775,15.30198327127928,20.16750467895227
tt_nominal_a2_to_0_p1500ps,x1.m3,VBS,0.0,0.0,5e-05,5e-05
tt_nominal_a2_to_0_p1500ps,x1.m4,VGS,0.0,1.8,15.322525229859998,5e-05
tt_nominal_a2_to_0_p1500ps,x1.m4,VGD,-1.8554749941723818,1.8265079557402877,20.16750467895227,5.021671577051264
tt_nominal_a2_to_0_p1500ps,x1.m4,VDS,-0.03775127224516174,1.8554749941723818,15.30198327127928,20.16750467895227
tt_nominal_a2_to_0_p1500ps,x1.m4,VBS,0.0,0.0,5e-05,5e-05
tt_nominal_a2_to_0_p1500ps,x1.m5,VGS,-1.8,0.0,5e-05,5.0125
tt_nominal_a2_to_0_p1500ps,x1.m5,VGD,-1.8161376691896116,1.8000000230202033,15.39698335069102,17.787917286257418
tt_nominal_a2_to_0_p1500ps,x1.m5,VDS,-1.8345873139768383,0.07871973337101257,20.004932189497694,16.516215574192767
tt_nominal_a2_to_0_p1500ps,x1.m5,VBS,0.0,0.0,5e-05,5e-05
tt_nominal_a2_to_0_p1500ps,x1.m6,VGS,-1.1061818415991407,1.8466695242428897,15.30198327127928,20.0089321894977
tt_nominal_a2_to_0_p1500ps,x1.m6,VGD,-1.8988775233109456,1.8260306827757664,5.021671577051264,20.004932189497694
tt_nominal_a2_to_0_p1500ps,x1.m6,VDS,8.045881769276004e-09,1.896837711582383,17.711917286257332,9.99786846293938
tt_nominal_a2_to_0_p1500ps,x1.m6,VBS,-1.3416455518830195,0.07809461908921952,15.623534680837855,10.012499999999998
tt_nominal_a2_to_0_p1500ps,x1.m7,VGS,0.39915508241359915,1.8590811107577743,5e-05,20.012500000000003
tt_nominal_a2_to_0_p1500ps,x1.m7,VGD,0.28053236473179466,1.8591495787665646,5e-05,10.013455737559577
tt_nominal_a2_to_0_p1500ps,x1.m7,VDS,-0.09840050748679352,0.6183329428996929,4.999407680578958,16.51335528279421
tt_nominal_a2_to_0_p1500ps,x1.m7,VBS,-1.171475380527531,0.07940274083115686,4.999407680578958,20.0099321894977
tt_nominal_a2_to_0_p1500ps,x1.m8,VGS,0.0,1.8,5e-05,5.0125
tt_nominal_a2_to_0_p1500ps,x1.m8,VGD,-1.084038978748777,1.800000010085379,15.421534680837626,17.85091728625749
tt_nominal_a2_to_0_p1500ps,x1.m8,VDS,-0.07940274083115686,1.171475380527531,20.0099321894977,4.999407680578958
tt_nominal_a2_to_0_p1500ps,x1.m8,VBS,0.0,0.0,5e-05,5e-05
tt_nominal_a2_to_0_p1500ps,x1.m9,VGS,-1.8345873139768383,0.07871973337101257,20.004932189497694,16.516215574192767
tt_nominal_a2_to_0_p1500ps,x1.m9,VGD,-1.8290938104473693,1.8779049650239938,20.005932189497695,16.516215574192767
tt_nominal_a2_to_0_p1500ps,x1.m9,VDS,-1.8418177734481425,0.02935995662697377,16.55170511390228,20.133777416667098
tt_nominal_a2_to_0_p1500ps,x1.m9,VBS,0.0,0.0,5e-05,5e-05
tt_nominal_a2_to_0_p1500ps,x1.m10,VGS,-0.03458731397683812,1.8787197333710126,20.004932189497694,16.516215574192767
tt_nominal_a2_to_0_p1500ps,x1.m10,VGD,-1.8290938104473693,1.8779049650239938,20.005932189497695,16.516215574192767
tt_nominal_a2_to_0_p1500ps,x1.m10,VDS,-0.041817773448142505,1.8293599566269738,16.55170511390228,20.133777416667098
tt_nominal_a2_to_0_p1500ps,x1.m10,VBS,0.0,0.0,5e-05,5e-05
tt_nominal_a2_to_0_p1500ps,x1.m11,VGS,-1.8,0.0,5e-05,5.0125
tt_nominal_a2_to_0_p1500ps,x1.m11,VGD,-1.8178674127219283,-0.055541795811236305,15.392983350691015,19.9875
tt_nominal_a2_to_0_p1500ps,x1.m11,VDS,-1.0270918663433042,0.07360785292196392,0.00020715307044792772,5.111237645085538
tt_nominal_a2_to_0_p1500ps,x1.m11,VBS,0.0,0.0,5e-05,5e-05
tt_nominal_a2_to_0_p1500ps,x1.m12,VGS,-0.03297695490513955,0.817921689472643,15.30198327127928,15.544534680837765
tt_nominal_a2_to_0_p1500ps,x1.m12,VGD,-1.8988777724439345,0.05626409667317933,5.021671577051264,20.16662120187035
tt_nominal_a2_to_0_p1500ps,x1.m12,VDS,0.591795489215883,1.8778904523216342,25.0,5.014067451337322
tt_nominal_a2_to_0_p1500ps,x1.m12,VBS,-1.20816032235166,0.0050158749592320254,25.0,5.018671577051263
tt_nominal_a2_to_0_p1500ps,x1.m13,VGS,-1.1694020719963738,0.5656405964999238,4.999407680578958,0.023187729847389954
tt_nominal_a2_to_0_p1500ps,x1.m13,VGD,-1.2081578713002665,0.587269560521794,25.0,0.025187729847389952
tt_nominal_a2_to_0_p1500ps,x1.m13,VDS,-1.1705444354515566,1.2594829329128512,4.999407680578958,20.0109321894977
tt_nominal_a2_to_0_p1500ps,x1.m13,VBS,-1.171475380527531,0.07940274083115686,4.999407680578958,20.0099321894977
tt_nominal_a2_to_0_p1500ps,x1.m14,VGS,-1.0270918663433042,0.07360785292196392,0.00020715307044792772,5.111237645085538
tt_nominal_a2_to_0_p1500ps,x1.m14,VGD,0.004683667063436481,1.8736074415604966,0.0006254805425893205,5.15023764508555
tt_nominal_a2_to_0_p1500ps,x1.m14,VDS,-1.8035246387691801,-0.9966365280588405,10.008868462939374,0.004516818371533892
tt_nominal_a2_to_0_p1500ps,x1.m14,VBS,0.0,0.0,5e-05,5e-05
tt_nominal_a2_to_0_p1500ps,x1.m15,VGS,0.7729081336566959,1.873607852921964,0.00020715307044792772,5.111237645085538
tt_nominal_a2_to_0_p1500ps,x1.m15,VGD,0.004683667063436481,1.8736074415604966,0.0006254805425893205,5.15023764508555
tt_nominal_a2_to_0_p1500ps,x1.m15,VDS,-0.003524638769179982,0.8033634719411595,10.008868462939374,0.004516818371533892
tt_nominal_a2_to_0_p1500ps,x1.m15,VBS,0.0,0.0,5e-05,5e-05
tt_nominal_a2_to_0_p1500ps,x1.m16,VGS,-1.8,0.0,5e-05,5.0125
tt_nominal_a2_to_0_p1500ps,x1.m16,VGD,-1.8008976351963013,1.799999884405395,15.33498335069095,6.777237645086049
tt_nominal_a2_to_0_p1500ps,x1.m16,VDS,-1.8343774971511897,0.07631535406836765,10.004868462939376,5.015269058940814
tt_nominal_a2_to_0_p1500ps,x1.m16,VBS,0.0,0.0,5e-05,5e-05
tt_nominal_a2_to_0_p1500ps,x1.m17,VGS,-1.07264742123854,1.849497416124499,25.0,10.009868462939373
tt_nominal_a2_to_0_p1500ps,x1.m17,VGD,-1.8861469820426116,1.8273656980738644,16.51773368428855,10.004868462939376
tt_nominal_a2_to_0_p1500ps,x1.m17,VDS,4.3801637122919956e-08,1.896844559396031,6.668237645086015,19.99793218949769
tt_nominal_a2_to_0_p1500ps,x1.m17,VBS,-1.1439483820476002,0.07822744741412821,15.383983350691004,20.012500000000003
tt_nominal_a2_to_0_p1500ps,x1.m18,VGS,0.39915508241359915,1.8590811107577743,5e-05,20.012500000000003
tt_nominal_a2_to_0_p1500ps,x1.m18,VGD,0.2878010205825985,1.8592084827860547,0.060187729847390035,20.013425706517058
tt_nominal_a2_to_0_p1500ps,x1.m18,VDS,-0.17766245162474248,0.5835381805208721,15.461534680837671,0.06518772984739002
tt_nominal_a2_to_0_p1500ps,x1.m18,VBS,-1.171475380527531,0.07940274083115686,4.999407680578958,20.0099321894977
tt_nominal_a2_to_0_p1500ps,x1.m19,VGS,-1.8343774971511897,0.07631535406836765,10.004868462939376,5.015269058940814
tt_nominal_a2_to_0_p1500ps,x1.m19,VGD,-1.8289081158487706,1.8756171987611772,10.005868462939375,5.015269058940814
tt_nominal_a2_to_0_p1500ps,x1.m19,VDS,-1.8441043293503832,0.02953721403566556,5.050671577051273,10.135042785878921
tt_nominal_a2_to_0_p1500ps,x1.m19,VBS,0.0,0.0,5e-05,5e-05
tt_nominal_a2_to_0_p1500ps,x1.m20,VGS,-0.03437749715118957,1.8763153540683677,10.004868462939376,5.015269058940814
tt_nominal_a2_to_0_p1500ps,x1.m20,VGD,-1.8289081158487706,1.8756171987611772,10.005868462939375,5.015269058940814
tt_nominal_a2_to_0_p1500ps,x1.m20,VDS,-0.04410432935038303,1.8295372140356656,5.050671577051273,10.135042785878921
tt_nominal_a2_to_0_p1500ps,x1.m20,VBS,0.0,0.0,5e-05,5e-05
tt_nominal_a2_to_0_p1500ps,x1.m21,VGS,-1.8,0.0,5e-05,5.0125
tt_nominal_a2_to_0_p1500ps,x1.m21,VGD,-1.8013647149017669,-0.06655788785536809,15.337983350690953,9.987500000000002
tt_nominal_a2_to_0_p1500ps,x1.m21,VDS,-1.0390776714342342,0.07361614431425711,0.00020715307044792772,16.65991728625614
tt_nominal_a2_to_0_p1500ps,x1.m21,VBS,0.0,0.0,5e-05,5e-05
tt_nominal_a2_to_0_p1500ps,x1.m22,VGS,-0.9090086122518103,0.987388239705631,16.518705113902243,0.04518772984739
tt_nominal_a2_to_0_p1500ps,x1.m22,VGD,-1.8861636314656876,0.5185737989539694,16.51773368428855,0.05718772984739004
tt_nominal_a2_to_0_p1500ps,x1.m22,VDS,0.43327571579540947,0.9784932686392178,0.06718772984739001,16.513767643183296
tt_nominal_a2_to_0_p1500ps,x1.m22,VBS,-1.2354995517294272,-0.09334644196579628,15.381983350691002,5e-05
tt_nominal_a2_to_0_p1500ps,x1.m23,VGS,-1.1694020719963738,0.5656405964999238,4.999407680578958,0.023187729847389954
tt_nominal_a2_to_0_p1500ps,x1.m23,VGD,-1.2352840012324413,0.48464232614711683,15.381983350691002,0.018187729847389953
tt_nominal_a2_to_0_p1500ps,x1.m23,VDS,-0.251453778385471,1.2885663394515985,16.49976952938694,10.010868462939372
tt_nominal_a2_to_0_p1500ps,x1.m23,VBS,-1.171475380527531,0.07940274083115686,4.999407680578958,20.0099321894977
tt_nominal_a2_to_0_p1500ps,x1.m24,VGS,-1.0390776714342342,0.07361614431425711,0.00020715307044792772,16.65991728625614
tt_nominal_a2_to_0_p1500ps,x1.m24,VGD,-0.0015132618340422122,1.8736160834490534,0.0006254805425893205,16.66091728625614
tt_nominal_a2_to_0_p1500ps,x1.m24,VDS,-1.8035202831981374,-0.992163018296792,20.0089321894977,0.0052375459694779915
tt_nominal_a2_to_0_p1500ps,x1.m24,VBS,0.0,0.0,5e-05,5e-05
tt_nominal_a2_to_0_p1500ps,x1.m25,VGS,0.7609223285657657,1.8736161443142572,0.00020715307044792772,16.65991728625614
tt_nominal_a2_to_0_p1500ps,x1.m25,VGD,-0.0015132618340422122,1.8736160834490534,0.0006254805425893205,16.66091728625614
tt_nominal_a2_to_0_p1500ps,x1.m25,VDS,-0.003520283198137441,0.8078369817032081,20.0089321894977,0.0052375459694779915
tt_nominal_a2_to_0_p1500ps,x1.m25,VBS,0.0,0.0,5e-05,5e-05
tt_nominal_a2_to_0_p1500ps,x1.m26,VGS,-1.299307217404381,0.09988957923892339,5e-05,20.172504678952276
tt_nominal_a2_to_0_p1500ps,x1.m26,VGD,0.07308607046691074,1.8990795988062588,0.017187729847389956,20.173504678952277
tt_nominal_a2_to_0_p1500ps,x1.m26,VDS,-1.8290240320298332,-1.0511329230666093,5.013262997886411,0.024187729847389955
tt_nominal_a2_to_0_p1500ps,x1.m26,VBS,0.0,0.0,5e-05,5e-05
tt_nominal_a2_to_0_p1500ps,x1.m27,VGS,0.500692782595619,1.8998895792389234,5e-05,20.172504678952276
tt_nominal_a2_to_0_p1500ps,x1.m27,VGD,0.07308607046691074,1.8990795988062588,0.017187729847389956,20.173504678952277
tt_nominal_a2_to_0_p1500ps,x1.m27,VDS,-0.02902403202983327,0.7488670769333906,5.013262997886411,0.024187729847389955
tt_nominal_a2_to_0_p1500ps,x1.m27,VBS,0.0,0.0,5e-05,5e-05
tt_nominal_a2_to_0_p1500ps,x1.m28,VGS,-1.8377512722451619,0.055474994172381775,15.30198327127928,20.16750467895227
tt_nominal_a2_to_0_p1500ps,x1.m28,VGD,-1.8345628674493992,1.8550494546596226,15.303983271279282,20.16850467895227
tt_nominal_a2_to_0_p1500ps,x1.m28,VDS,-1.8131661708103681,0.05432908694109129,16.51773368428855,15.381983350691002
tt_nominal_a2_to_0_p1500ps,x1.m28,VBS,0.0,0.0,5e-05,5e-05
tt_nominal_a2_to_0_p1500ps,x1.m29,VGS,-0.03775127224516174,1.8554749941723818,15.30198327127928,20.16750467895227
tt_nominal_a2_to_0_p1500ps,x1.m29,VGD,-1.8345628674493992,1.8550494546596226,15.303983271279282,20.16850467895227
tt_nominal_a2_to_0_p1500ps,x1.m29,VDS,-0.013166170810368027,1.8543290869410913,16.51773368428855,15.381983350691002
tt_nominal_a2_to_0_p1500ps,x1.m29,VBS,0.0,0.0,5e-05,5e-05
tt_nominal_a2_to_0_p1500ps,x2.mp1,VGS,-1.8418177734481425,0.02935995662697377,16.55170511390228,20.133777416667098
tt_nominal_a2_to_0_p1500ps,x2.mp1,VGD,-1.8385952662588814,1.8292773571541958,16.55170511390228,20.134777416667095
tt_nominal_a2_to_0_p1500ps,x2.mp1,VDS,-1.8535666015164916,0.10325663770051174,20.225504678952333,16.589041128480428
tt_nominal_a2_to_0_p1500ps,x2.mp1,VBS,0.0,0.0,5e-05,5e-05
tt_nominal_a2_to_0_p1500ps,x2.mn1,VGS,-0.041817773448142505,1.8293599566269738,16.55170511390228,20.133777416667098
tt_nominal_a2_to_0_p1500ps,x2.mn1,VGD,-1.8385952662588814,1.8292773571541958,16.55170511390228,20.134777416667095
tt_nominal_a2_to_0_p1500ps,x2.mn1,VDS,-0.0535666015164914,1.9032566377005118,20.225504678952333,16.589041128480428
tt_nominal_a2_to_0_p1500ps,x2.mn1,VBS,0.0,0.0,5e-05,5e-05
tt_nominal_a2_to_0_p1500ps,x2.mp2,VGS,-1.8535666015164916,0.10325663770051174,20.225504678952333,16.589041128480428
tt_nominal_a2_to_0_p1500ps,x2.mp2,VGD,-1.8517846418486927,1.9008045199500567,20.225504678952333,16.589041128480428
tt_nominal_a2_to_0_p1500ps,x2.mp2,VDS,-1.8335538100734312,0.029019420439910126,16.622917286256097,20.272504678952387
tt_nominal_a2_to_0_p1500ps,x2.mp2,VBS,0.0,0.0,5e-05,5e-05
tt_nominal_a2_to_0_p1500ps,x2.mn2,VGS,-0.0535666015164914,1.9032566377005118,20.225504678952333,16.589041128480428
tt_nominal_a2_to_0_p1500ps,x2.mn2,VGD,-1.8517846418486927,1.9008045199500567,20.225504678952333,16.589041128480428
tt_nominal_a2_to_0_p1500ps,x2.mn2,VDS,-0.03355381007343113,1.8290194204399102,16.622917286256097,20.272504678952387
tt_nominal_a2_to_0_p1500ps,x2.mn2,VBS,0.0,0.0,5e-05,5e-05
tt_nominal_a2_to_0_p1500ps,x3.mp1,VGS,-1.8035246387691801,-0.9966365280588405,10.008868462939374,0.004516818371533892
tt_nominal_a2_to_0_p1500ps,x3.mp1,VGD,-1.8031719261708457,0.016118589711604625,10.009868462939373,0.00044165548235810615
tt_nominal_a2_to_0_p1500ps,x3.mp1,VDS,-1.0539199288301313,0.0003975468052157538,0.00020715307044792772,4.994407680578957
tt_nominal_a2_to_0_p1500ps,x3.mp1,VBS,0.0,0.0,5e-05,5e-05
tt_nominal_a2_to_0_p1500ps,x3.mn1,VGS,-0.003524638769179982,0.8033634719411595,10.008868462939374,0.004516818371533892
tt_nominal_a2_to_0_p1500ps,x3.mn1,VGD,-1.8031719261708457,0.016118589711604625,10.009868462939373,0.00044165548235810615
tt_nominal_a2_to_0_p1500ps,x3.mn1,VDS,0.7460800711698687,1.8003975468052158,0.00020715307044792772,4.994407680578957
tt_nominal_a2_to_0_p1500ps,x3.mn1,VBS,0.0,0.0,5e-05,5e-05
tt_nominal_a2_to_0_p1500ps,x3.mp2,VGS,-1.0539199288301313,0.0003975468052157538,0.00020715307044792772,4.994407680578957
tt_nominal_a2_to_0_p1500ps,x3.mp2,VGD,0.7141352128846866,1.8003847381418066,0.00027331566233858447,4.994407680578957
tt_nominal_a2_to_0_p1500ps,x3.mp2,VDS,-1.8000099478891456,-1.7233474350652922,10.003868462939376,0.03818772984738998
tt_nominal_a2_to_0_p1500ps,x3.mp2,VBS,0.0,0.0,5e-05,5e-05
tt_nominal_a2_to_0_p1500ps,x3.mn2,VGS,0.7460800711698687,1.8003975468052158,0.00020715307044792772,4.994407680578957
tt_nominal_a2_to_0_p1500ps,x3.mn2,VGD,0.7141352128846866,1.8003847381418066,0.00027331566233858447,4.994407680578957
tt_nominal_a2_to_0_p1500ps,x3.mn2,VDS,-9.947889145505513e-06,0.07665256493470782,10.003868462939376,0.03818772984738998
tt_nominal_a2_to_0_p1500ps,x3.mn2,VBS,0.0,0.0,5e-05,5e-05
tt_nominal_a2_to_0_p1500ps,x4.mp1,VGS,-1.8035202831981374,-0.992163018296792,20.0089321894977,0.0052375459694779915
tt_nominal_a2_to_0_p1500ps,x4.mp1,VGD,-1.8031690074193696,0.012011507635110164,20.0099321894977,0.00044165548235810615
tt_nominal_a2_to_0_p1500ps,x4.mp1,VDS,-1.0542583612339351,0.00039808142286590353,0.00020715307044792772,4.994407680578957
tt_nominal_a2_to_0_p1500ps,x4.mp1,VBS,0.0,0.0,5e-05,5e-05
tt_nominal_a2_to_0_p1500ps,x4.mn1,VGS,-0.003520283198137441,0.8078369817032081,20.0089321894977,0.0052375459694779915
tt_nominal_a2_to_0_p1500ps,x4.mn1,VGD,-1.8031690074193696,0.012011507635110164,20.0099321894977,0.00044165548235810615
tt_nominal_a2_to_0_p1500ps,x4.mn1,VDS,0.745741638766065,1.800398081422866,0.00020715307044792772,4.994407680578957
tt_nominal_a2_to_0_p1500ps,x4.mn1,VBS,0.0,0.0,5e-05,5e-05
tt_nominal_a2_to_0_p1500ps,x4.mp2,VGS,-1.0542583612339351,0.00039808142286590353,0.00020715307044792772,4.994407680578957
tt_nominal_a2_to_0_p1500ps,x4.mp2,VGD,0.7137490024279118,1.8003852563486686,0.00027331566233858447,4.994407680578957
tt_nominal_a2_to_0_p1500ps,x4.mp2,VDS,-1.8000099269253451,-1.7230626907621562,20.003932189497693,0.03718772984738997
tt_nominal_a2_to_0_p1500ps,x4.mp2,VBS,0.0,0.0,5e-05,5e-05
tt_nominal_a2_to_0_p1500ps,x4.mn2,VGS,0.745741638766065,1.800398081422866,0.00020715307044792772,4.994407680578957
tt_nominal_a2_to_0_p1500ps,x4.mn2,VGD,0.7137490024279118,1.8003852563486686,0.00027331566233858447,4.994407680578957
tt_nominal_a2_to_0_p1500ps,x4.mn2,VDS,-9.926925345051016e-06,0.07693730923784373,20.003932189497693,0.03718772984738997
tt_nominal_a2_to_0_p1500ps,x4.mn2,VBS,0.0,0.0,5e-05,5e-05
tt_nominal_a2_to_0_p1500ps,x5.mp1,VGS,-1.8441043293503832,0.02953721403566556,5.050671577051273,10.135042785878921
tt_nominal_a2_to_0_p1500ps,x5.mp1,VGD,-1.8406579955034923,1.8294501608835856,5.051671577051273,10.135042785878921
tt_nominal_a2_to_0_p1500ps,x5.mp1,VDS,-1.8554605842900822,0.10353210832325965,10.22395834110671,5.0871358876834885
tt_nominal_a2_to_0_p1500ps,x5.mp1,VBS,0.0,0.0,5e-05,5e-05
tt_nominal_a2_to_0_p1500ps,x5.mn1,VGS,-0.04410432935038303,1.8295372140356656,5.050671577051273,10.135042785878921
tt_nominal_a2_to_0_p1500ps,x5.mn1,VGD,-1.8406579955034923,1.8294501608835856,5.051671577051273,10.135042785878921
tt_nominal_a2_to_0_p1500ps,x5.mn1,VDS,-0.05546058429008217,1.9035321083232597,10.22395834110671,5.0871358876834885
tt_nominal_a2_to_0_p1500ps,x5.mn1,VBS,0.0,0.0,5e-05,5e-05
tt_nominal_a2_to_0_p1500ps,x5.mp2,VGS,-1.8554605842900822,0.10353210832325965,10.22395834110671,5.0871358876834885
tt_nominal_a2_to_0_p1500ps,x5.mp2,VGD,-1.853603248140747,1.9010626792193448,10.22395834110671,5.0871358876834885
tt_nominal_a2_to_0_p1500ps,x5.mp2,VDS,-1.8335869974184298,0.029050890250229333,5.120237645085541,10.270958341106686
tt_nominal_a2_to_0_p1500ps,x5.mp2,VBS,0.0,0.0,5e-05,5e-05
tt_nominal_a2_to_0_p1500ps,x5.mn2,VGS,-0.05546058429008217,1.9035321083232597,10.22395834110671,5.0871358876834885
tt_nominal_a2_to_0_p1500ps,x5.mn2,VGD,-1.853603248140747,1.9010626792193448,10.22395834110671,5.0871358876834885
tt_nominal_a2_to_0_p1500ps,x5.mn2,VDS,-0.03358699741842983,1.8290508902502294,5.120237645085541,10.270958341106686
tt_nominal_a2_to_0_p1500ps,x5.mn2,VBS,0.0,0.0,5e-05,5e-05
tt_nominal_a2_to_1_p1500ps,x1.m1,VGS,-1.8,0.0,5e-05,15.346707072412993
tt_nominal_a2_to_1_p1500ps,x1.m1,VGD,-1.898555028023553,1.8632354510873432,10.170958341106738,16.515034221004473
tt_nominal_a2_to_1_p1500ps,x1.m1,VDS,-1.8632354510873432,0.09855502802355298,16.515034221004473,10.170958341106738
tt_nominal_a2_to_1_p1500ps,x1.m1,VBS,0.0,0.0,5e-05,5e-05
tt_nominal_a2_to_1_p1500ps,x1.m2,VGS,0.0,1.8,5e-05,15.346707072412993
tt_nominal_a2_to_1_p1500ps,x1.m2,VGD,-1.898555028023553,1.8632354510873432,10.170958341106738,16.515034221004473
tt_nominal_a2_to_1_p1500ps,x1.m2,VDS,-0.06323545108734323,1.898555028023553,16.515034221004473,10.170958341106738
tt_nominal_a2_to_1_p1500ps,x1.m2,VBS,0.0,0.0,5e-05,5e-05
tt_nominal_a2_to_1_p1500ps,x1.m3,VGS,-1.8,0.0,15.322525229859998,5e-05
tt_nominal_a2_to_1_p1500ps,x1.m3,VGD,-1.8551016638920905,1.8265079557402877,20.171593475720798,5.021671577051264
tt_nominal_a2_to_1_p1500ps,x1.m3,VDS,-1.8374879166212303,0.05510166389209048,15.302068086655886,20.171593475720798
tt_nominal_a2_to_1_p1500ps,x1.m3,VBS,0.0,0.0,5e-05,5e-05
tt_nominal_a2_to_1_p1500ps,x1.m4,VGS,0.0,1.8,15.322525229859998,5e-05
tt_nominal_a2_to_1_p1500ps,x1.m4,VGD,-1.8551016638920905,1.8265079557402877,20.171593475720798,5.021671577051264
tt_nominal_a2_to_1_p1500ps,x1.m4,VDS,-0.0374879166212304,1.8551016638920905,15.302068086655886,20.171593475720798
tt_nominal_a2_to_1_p1500ps,x1.m4,VBS,0.0,0.0,5e-05,5e-05
tt_nominal_a2_to_1_p1500ps,x1.m5,VGS,-1.8,0.0,5e-05,5.0125
tt_nominal_a2_to_1_p1500ps,x1.m5,VGD,-1.8163062631900848,-0.057841343938949574,15.401592453357742,19.9875
tt_nominal_a2_to_1_p1500ps,x1.m5,VDS,-1.0273926604243404,0.07366628266040176,0.00020715307044792772,5.1602376450855525
tt_nominal_a2_to_1_p1500ps,x1.m5,VBS,0.0,0.0,5e-05,5e-05
tt_nominal_a2_to_1_p1500ps,x1.m6,VGS,-1.1171470316987917,0.705455022596845,15.303068086655887,15.800376381681867
tt_nominal_a2_to_1_p1500ps,x1.m6,VGD,-1.8988775233109456,0.05573162316090352,5.021671577051264,20.170593475720796
tt_nominal_a2_to_1_p1500ps,x1.m6,VDS,0.5692614393393125,1.896837711582383,5e-05,9.99786846293938
tt_nominal_a2_to_1_p1500ps,x1.m6,VBS,-1.2089024754039286,0.07809461908921952,25.0,10.012499999999998
tt_nominal_a2_to_1_p1500ps,x1.m7,VGS,-1.1220439643231161,1.8589590591893925,16.499552667029615,10.012499999999998
tt_nominal_a2_to_1_p1500ps,x1.m7,VGD,-1.2088886660016642,1.8591495787665646,25.0,10.013455737559577
tt_nominal_a2_to_1_p1500ps,x1.m7,VDS,-0.10489622675566301,1.2587679874793252,15.413376381681429,20.009956644550314
tt_nominal_a2_to_1_p1500ps,x1.m7,VBS,-1.171475380527531,0.07927118287213197,4.999407680578958,10.009868462939373
tt_nominal_a2_to_1_p1500ps,x1.m8,VGS,0.0,1.8,5e-05,5.0125
tt_nominal_a2_to_1_p1500ps,x1.m8,VGD,-1.0894049319991757,1.8000000110140126,15.303068086655887,17.672763073035956
tt_nominal_a2_to_1_p1500ps,x1.m8,VDS,-0.07927118287213197,1.171475380527531,10.009868462939373,4.999407680578958
tt_nominal_a2_to_1_p1500ps,x1.m8,VBS,0.0,0.0,5e-05,5e-05
tt_nominal_a2_to_1_p1500ps,x1.m9,VGS,-1.0273926604243404,0.07366628266040176,0.00020715307044792772,5.1602376450855525
tt_nominal_a2_to_1_p1500ps,x1.m9,VGD,0.004385596917594103,1.8736662091586311,0.0006254805425893205,5.161237645085553
tt_nominal_a2_to_1_p1500ps,x1.m9,VDS,-1.8035234872592447,-0.9964634813855302,10.008868462939374,0.004516818371533892
tt_nominal_a2_to_1_p1500ps,x1.m9,VBS,0.0,0.0,5e-05,5e-05
tt_nominal_a2_to_1_p1500ps,x1.m10,VGS,0.7726073395756597,1.8736662826604018,0.00020715307044792772,5.1602376450855525
tt_nominal_a2_to_1_p1500ps,x1.m10,VGD,0.004385596917594103,1.8736662091586311,0.0006254805425893205,5.161237645085553
tt_nominal_a2_to_1_p1500ps,x1.m10,VDS,-0.0035234872592447217,0.8035365186144698,10.008868462939374,0.004516818371533892
tt_nominal_a2_to_1_p1500ps,x1.m10,VBS,0.0,0.0,5e-05,5e-05
tt_nominal_a2_to_1_p1500ps,x1.m11,VGS,-1.8,0.0,5e-05,5.0125
tt_nominal_a2_to_1_p1500ps,x1.m11,VGD,-1.817165692860015,1.8000000117315884,15.392592453357732,17.673763073035957
tt_nominal_a2_to_1_p1500ps,x1.m11,VDS,-1.8342372188588387,0.07422898367308983,20.004956644550308,16.514396001370365
tt_nominal_a2_to_1_p1500ps,x1.m11,VBS,0.0,0.0,5e-05,5e-05
tt_nominal_a2_to_1_p1500ps,x1.m12,VGS,-0.03282814905602768,1.8455388673724955,15.302068086655886,20.008956644550313
tt_nominal_a2_to_1_p1500ps,x1.m12,VGD,-1.8988777724439345,1.8257332569972913,5.021671577051264,20.003956644550307
tt_nominal_a2_to_1_p1500ps,x1.m12,VDS,1.4583787233402035e-08,1.8778904523216342,17.681763073035963,5.014067451337322
tt_nominal_a2_to_1_p1500ps,x1.m12,VBS,-1.125196634586189,0.05407096542033307,25.0,20.007956644550312
tt_nominal_a2_to_1_p1500ps,x1.m13,VGS,-1.1694020719963738,1.8678298087426835,4.999407680578958,20.012500000000003
tt_nominal_a2_to_1_p1500ps,x1.m13,VGD,-0.09294681753390521,1.841418061693229,15.365592453357701,20.009956644550314
tt_nominal_a2_to_1_p1500ps,x1.m13,VDS,-1.1705444354515566,0.5137601574652562,4.999407680578958,16.513492045591157
tt_nominal_a2_to_1_p1500ps,x1.m13,VBS,-1.171475380527531,0.07927118287213197,4.999407680578958,10.009868462939373
tt_nominal_a2_to_1_p1500ps,x1.m14,VGS,-1.8342372188588387,0.07422898367308983,20.004956644550308,16.514396001370365
tt_nominal_a2_to_1_p1500ps,x1.m14,VGD,-1.8287973549623175,1.8736074415604966,20.00595664455031,5.15023764508555
tt_nominal_a2_to_1_p1500ps,x1.m14,VDS,-1.844478880744296,0.028984756958147173,16.549628857988342,20.136777416667098
tt_nominal_a2_to_1_p1500ps,x1.m14,VBS,0.0,0.0,5e-05,5e-05
tt_nominal_a2_to_1_p1500ps,x1.m15,VGS,-0.03423721885883868,1.8742289836730899,20.004956644550308,16.514396001370365
tt_nominal_a2_to_1_p1500ps,x1.m15,VGD,-1.8287973549623175,1.8736074415604966,20.00595664455031,5.15023764508555
tt_nominal_a2_to_1_p1500ps,x1.m15,VDS,-0.044478880744295915,1.8289847569581472,16.549628857988342,20.136777416667098
tt_nominal_a2_to_1_p1500ps,x1.m15,VBS,0.0,0.0,5e-05,5e-05
tt_nominal_a2_to_1_p1500ps,x1.m16,VGS,-1.8,0.0,5e-05,5.0125
tt_nominal_a2_to_1_p1500ps,x1.m16,VGD,-1.8013915999516648,1.799999884405395,15.336831774102613,6.777237645086049
tt_nominal_a2_to_1_p1500ps,x1.m16,VDS,-1.8343774971511897,0.07631535406836765,10.004868462939376,5.015269058940814
tt_nominal_a2_to_1_p1500ps,x1.m16,VBS,0.0,0.0,5e-05,5e-05
tt_nominal_a2_to_1_p1500ps,x1.m17,VGS,-0.6240586011163118,1.849497416124499,20.003956644550307,10.009868462939373
tt_nominal_a2_to_1_p1500ps,x1.m17,VGD,-1.885518680492081,1.8273656980738644,16.517628857988306,10.004868462939376
tt_nominal_a2_to_1_p1500ps,x1.m17,VDS,4.3801637122919956e-08,1.2621001159337468,6.668237645086015,16.515846976852025
tt_nominal_a2_to_1_p1500ps,x1.m17,VBS,-1.136450684075708,0.05485807163588027,5.00840768057896,10.007868462939374
tt_nominal_a2_to_1_p1500ps,x1.m18,VGS,-1.1220439643231161,1.8589590591893925,16.499552667029615,10.012499999999998
tt_nominal_a2_to_1_p1500ps,x1.m18,VGD,-0.7746666647293301,1.8340004172673883,15.41537638168143,10.007868462939374
tt_nominal_a2_to_1_p1500ps,x1.m18,VDS,-0.5040575854660838,0.700228639829182,16.499552667029615,20.009956644550314
tt_nominal_a2_to_1_p1500ps,x1.m18,VBS,-1.171475380527531,0.07927118287213197,4.999407680578958,10.009868462939373
tt_nominal_a2_to_1_p1500ps,x1.m19,VGS,-1.8343774971511897,0.07631535406836765,10.004868462939376,5.015269058940814
tt_nominal_a2_to_1_p1500ps,x1.m19,VGD,-1.8289081158487706,1.8756171987611772,10.005868462939375,5.015269058940814
tt_nominal_a2_to_1_p1500ps,x1.m19,VDS,-1.8441043293503832,0.02953721403566556,5.050671577051273,10.135042785878921
tt_nominal_a2_to_1_p1500ps,x1.m19,VBS,0.0,0.0,5e-05,5e-05
tt_nominal_a2_to_1_p1500ps,x1.m20,VGS,-0.03437749715118957,1.8763153540683677,10.004868462939376,5.015269058940814
tt_nominal_a2_to_1_p1500ps,x1.m20,VGD,-1.8289081158487706,1.8756171987611772,10.005868462939375,5.015269058940814
tt_nominal_a2_to_1_p1500ps,x1.m20,VDS,-0.04410432935038303,1.8295372140356656,5.050671577051273,10.135042785878921
tt_nominal_a2_to_1_p1500ps,x1.m20,VBS,0.0,0.0,5e-05,5e-05
tt_nominal_a2_to_1_p1500ps,x1.m21,VGS,-1.8,0.0,5e-05,5.0125
tt_nominal_a2_to_1_p1500ps,x1.m21,VGD,-1.8012555652669584,-0.06655788785536809,15.336831774102613,9.987500000000002
tt_nominal_a2_to_1_p1500ps,x1.m21,VDS,-1.0390776714342342,0.07368406020367058,0.00020715307044792772,16.67376307303482
tt_nominal_a2_to_1_p1500ps,x1.m21,VBS,0.0,0.0,5e-05,5e-05
tt_nominal_a2_to_1_p1500ps,x1.m22,VGS,-1.1825540175283118,0.987388239705631,15.475376381681498,0.04518772984739
tt_nominal_a2_to_1_p1500ps,x1.m22,VGD,-1.8855027712435355,0.5185737989539694,16.517628857988306,0.05718772984739004
tt_nominal_a2_to_1_p1500ps,x1.m22,VDS,0.3270054142122232,1.8964979314466337,15.422376381681438,19.9979566445503
tt_nominal_a2_to_1_p1500ps,x1.m22,VBS,-1.4620858241874395,0.07583130764163837,15.420376381681436,20.012500000000003
tt_nominal_a2_to_1_p1500ps,x1.m23,VGS,-1.1694020719963738,1.8678298087426835,4.999407680578958,20.012500000000003
tt_nominal_a2_to_1_p1500ps,x1.m23,VGD,-1.2612302158749786,1.8686934362141463,15.358592453357694,20.014101127977124
tt_nominal_a2_to_1_p1500ps,x1.m23,VDS,-0.09695968627254592,1.2885663394515985,16.499552667029615,10.010868462939372
tt_nominal_a2_to_1_p1500ps,x1.m23,VBS,-1.171475380527531,0.07927118287213197,4.999407680578958,10.009868462939373
tt_nominal_a2_to_1_p1500ps,x1.m24,VGS,-1.0390776714342342,0.07368406020367058,0.00020715307044792772,16.67376307303482
tt_nominal_a2_to_1_p1500ps,x1.m24,VGD,-0.0015132618340422122,1.8736840020637282,0.0006254805425893205,16.67476307303482
tt_nominal_a2_to_1_p1500ps,x1.m24,VDS,-1.8035190851877818,-0.992163018296792,20.008956644550313,0.0052375459694779915
tt_nominal_a2_to_1_p1500ps,x1.m24,VBS,0.0,0.0,5e-05,5e-05
tt_nominal_a2_to_1_p1500ps,x1.m25,VGS,0.7609223285657657,1.8736840602036706,0.00020715307044792772,16.67376307303482
tt_nominal_a2_to_1_p1500ps,x1.m25,VGD,-0.0015132618340422122,1.8736840020637282,0.0006254805425893205,16.67476307303482
tt_nominal_a2_to_1_p1500ps,x1.m25,VDS,-0.0035190851877818685,0.8078369817032081,20.008956644550313,0.0052375459694779915
tt_nominal_a2_to_1_p1500ps,x1.m25,VBS,0.0,0.0,5e-05,5e-05
tt_nominal_a2_to_1_p1500ps,x1.m26,VGS,-1.8632354510873432,0.09855502802355298,16.515034221004473,10.170958341106738
tt_nominal_a2_to_1_p1500ps,x1.m26,VGD,-1.8175036428822369,1.8977582768197474,20.09177741666705,10.171958341106738
tt_nominal_a2_to_1_p1500ps,x1.m26,VDS,-1.8349979013617643,0.02399702049650343,15.357592453357693,20.077777416667033
tt_nominal_a2_to_1_p1500ps,x1.m26,VBS,0.0,0.0,5e-05,5e-05
tt_nominal_a2_to_1_p1500ps,x1.m27,VGS,-0.06323545108734323,1.898555028023553,16.515034221004473,10.170958341106738
tt_nominal_a2_to_1_p1500ps,x1.m27,VGD,-1.8175036428822369,1.8977582768197474,20.09177741666705,10.171958341106738
tt_nominal_a2_to_1_p1500ps,x1.m27,VDS,-0.03499790136176439,1.8239970204965035,15.357592453357693,20.077777416667033
tt_nominal_a2_to_1_p1500ps,x1.m27,VBS,0.0,0.0,5e-05,5e-05
tt_nominal_a2_to_1_p1500ps,x1.m28,VGS,-1.8374879166212303,0.05510166389209048,15.302068086655886,20.171593475720798
tt_nominal_a2_to_1_p1500ps,x1.m28,VGD,-1.8344317345152572,1.8546933591813937,15.303068086655887,20.1735934757208
tt_nominal_a2_to_1_p1500ps,x1.m28,VDS,-1.8124810215866367,0.05370158962820226,16.517628857988306,15.385592453357724
tt_nominal_a2_to_1_p1500ps,x1.m28,VBS,0.0,0.0,5e-05,5e-05
tt_nominal_a2_to_1_p1500ps,x1.m29,VGS,-0.0374879166212304,1.8551016638920905,15.302068086655886,20.171593475720798
tt_nominal_a2_to_1_p1500ps,x1.m29,VGD,-1.8344317345152572,1.8546933591813937,15.303068086655887,20.1735934757208
tt_nominal_a2_to_1_p1500ps,x1.m29,VDS,-0.012481021586636665,1.8537015896282023,16.517628857988306,15.385592453357724
tt_nominal_a2_to_1_p1500ps,x1.m29,VBS,0.0,0.0,5e-05,5e-05
tt_nominal_a2_to_1_p1500ps,x2.mp1,VGS,-1.8035234872592447,-0.9964634813855302,10.008868462939374,0.004516818371533892
tt_nominal_a2_to_1_p1500ps,x2.mp1,VGD,-1.8031712772020663,0.01594495272073193,10.009868462939373,0.00044165548235810615
tt_nominal_a2_to_1_p1500ps,x2.mp1,VDS,-1.0539252804846435,0.00039753632354999624,0.00020715307044792772,4.994407680578957
tt_nominal_a2_to_1_p1500ps,x2.mp1,VBS,0.0,0.0,5e-05,5e-05
tt_nominal_a2_to_1_p1500ps,x2.mn1,VGS,-0.0035234872592447217,0.8035365186144698,10.008868462939374,0.004516818371533892
tt_nominal_a2_to_1_p1500ps,x2.mn1,VGD,-1.8031712772020663,0.01594495272073193,10.009868462939373,0.00044165548235810615
tt_nominal_a2_to_1_p1500ps,x2.mn1,VDS,0.7460747195153564,1.80039753632355,0.00020715307044792772,4.994407680578957
tt_nominal_a2_to_1_p1500ps,x2.mn1,VBS,0.0,0.0,5e-05,5e-05
tt_nominal_a2_to_1_p1500ps,x2.mp2,VGS,-1.0539252804846435,0.00039753632354999624,0.00020715307044792772,4.994407680578957
tt_nominal_a2_to_1_p1500ps,x2.mp2,VGD,0.7141266637402552,1.8003847279847356,0.00027331566233858447,4.994407680578957
tt_nominal_a2_to_1_p1500ps,x2.mp2,VDS,-1.8000099435033008,-1.723328480429166,10.003868462939376,0.03818772984738998
tt_nominal_a2_to_1_p1500ps,x2.mp2,VBS,0.0,0.0,5e-05,5e-05
tt_nominal_a2_to_1_p1500ps,x2.mn2,VGS,0.7460747195153564,1.80039753632355,0.00020715307044792772,4.994407680578957
tt_nominal_a2_to_1_p1500ps,x2.mn2,VGD,0.7141266637402552,1.8003847279847356,0.00027331566233858447,4.994407680578957
tt_nominal_a2_to_1_p1500ps,x2.mn2,VDS,-9.943503300845686e-06,0.07667151957083412,10.003868462939376,0.03818772984738998
tt_nominal_a2_to_1_p1500ps,x2.mn2,VBS,0.0,0.0,5e-05,5e-05
tt_nominal_a2_to_1_p1500ps,x3.mp1,VGS,-1.844478880744296,0.028984756958147173,16.549628857988342,20.136777416667098
tt_nominal_a2_to_1_p1500ps,x3.mp1,VGD,-1.8410114295695965,1.8288992332297045,16.550628857988343,20.136777416667098
tt_nominal_a2_to_1_p1500ps,x3.mp1,VDS,-1.854176613508782,0.10415495840173827,20.227593475720862,16.585391366024417
tt_nominal_a2_to_1_p1500ps,x3.mp1,VBS,0.0,0.0,5e-05,5e-05
tt_nominal_a2_to_1_p1500ps,x3.mn1,VGS,-0.044478880744295915,1.8289847569581472,16.549628857988342,20.136777416667098
tt_nominal_a2_to_1_p1500ps,x3.mn1,VGD,-1.8410114295695965,1.8288992332297045,16.550628857988343,20.136777416667098
tt_nominal_a2_to_1_p1500ps,x3.mn1,VDS,-0.054176613508782105,1.9041549584017383,20.227593475720862,16.585391366024417
tt_nominal_a2_to_1_p1500ps,x3.mn1,VBS,0.0,0.0,5e-05,5e-05
tt_nominal_a2_to_1_p1500ps,x3.mp2,VGS,-1.854176613508782,0.10415495840173827,20.227593475720862,16.585391366024417
tt_nominal_a2_to_1_p1500ps,x3.mp2,VGD,-1.8523719493501773,1.9016217667141617,20.227593475720862,16.585391366024417
tt_nominal_a2_to_1_p1500ps,x3.mp2,VDS,-1.8336479305342532,0.02903850598435609,16.61876307303476,20.274593475720916
tt_nominal_a2_to_1_p1500ps,x3.mp2,VBS,0.0,0.0,5e-05,5e-05
tt_nominal_a2_to_1_p1500ps,x3.mn2,VGS,-0.054176613508782105,1.9041549584017383,20.227593475720862,16.585391366024417
tt_nominal_a2_to_1_p1500ps,x3.mn2,VGD,-1.8523719493501773,1.9016217667141617,20.227593475720862,16.585391366024417
tt_nominal_a2_to_1_p1500ps,x3.mn2,VDS,-0.033647930534253134,1.8290385059843561,16.61876307303476,20.274593475720916
tt_nominal_a2_to_1_p1500ps,x3.mn2,VBS,0.0,0.0,5e-05,5e-05
tt_nominal_a2_to_1_p1500ps,x4.mp1,VGS,-1.8035190851877818,-0.992163018296792,20.008956644550313,0.0052375459694779915
tt_nominal_a2_to_1_p1500ps,x4.mp1,VGD,-1.8031683339648075,0.012011507635110164,20.009956644550314,0.00044165548235810615
tt_nominal_a2_to_1_p1500ps,x4.mp1,VDS,-1.0542583612339351,0.00039808142286590353,0.00020715307044792772,4.994407680578957
tt_nominal_a2_to_1_p1500ps,x4.mp1,VBS,0.0,0.0,5e-05,5e-05
tt_nominal_a2_to_1_p1500ps,x4.mn1,VGS,-0.0035190851877818685,0.8078369817032081,20.008956644550313,0.0052375459694779915
tt_nominal_a2_to_1_p1500ps,x4.mn1,VGD,-1.8031683339648075,0.012011507635110164,20.009956644550314,0.00044165548235810615
tt_nominal_a2_to_1_p1500ps,x4.mn1,VDS,0.745741638766065,1.800398081422866,0.00020715307044792772,4.994407680578957
tt_nominal_a2_to_1_p1500ps,x4.mn1,VBS,0.0,0.0,5e-05,5e-05
tt_nominal_a2_to_1_p1500ps,x4.mp2,VGS,-1.0542583612339351,0.00039808142286590353,0.00020715307044792772,4.994407680578957
tt_nominal_a2_to_1_p1500ps,x4.mp2,VGD,0.7137490024279118,1.8003852563486686,0.00027331566233858447,4.994407680578957
tt_nominal_a2_to_1_p1500ps,x4.mp2,VDS,-1.8000099206153446,-1.7230626907621562,20.003956644550307,0.03718772984738997
tt_nominal_a2_to_1_p1500ps,x4.mp2,VBS,0.0,0.0,5e-05,5e-05
tt_nominal_a2_to_1_p1500ps,x4.mn2,VGS,0.745741638766065,1.800398081422866,0.00020715307044792772,4.994407680578957
tt_nominal_a2_to_1_p1500ps,x4.mn2,VGD,0.7137490024279118,1.8003852563486686,0.00027331566233858447,4.994407680578957
tt_nominal_a2_to_1_p1500ps,x4.mn2,VDS,-9.920615344562773e-06,0.07693730923784373,20.003956644550307,0.03718772984738997
tt_nominal_a2_to_1_p1500ps,x4.mn2,VBS,0.0,0.0,5e-05,5e-05
tt_nominal_a2_to_1_p1500ps,x5.mp1,VGS,-1.8441043293503832,0.02953721403566556,5.050671577051273,10.135042785878921
tt_nominal_a2_to_1_p1500ps,x5.mp1,VGD,-1.8406579955034923,1.8294501608835856,5.051671577051273,10.135042785878921
tt_nominal_a2_to_1_p1500ps,x5.mp1,VDS,-1.8554605842900822,0.10353210832325965,10.22395834110671,5.0871358876834885
tt_nominal_a2_to_1_p1500ps,x5.mp1,VBS,0.0,0.0,5e-05,5e-05
tt_nominal_a2_to_1_p1500ps,x5.mn1,VGS,-0.04410432935038303,1.8295372140356656,5.050671577051273,10.135042785878921
tt_nominal_a2_to_1_p1500ps,x5.mn1,VGD,-1.8406579955034923,1.8294501608835856,5.051671577051273,10.135042785878921
tt_nominal_a2_to_1_p1500ps,x5.mn1,VDS,-0.05546058429008217,1.9035321083232597,10.22395834110671,5.0871358876834885
tt_nominal_a2_to_1_p1500ps,x5.mn1,VBS,0.0,0.0,5e-05,5e-05
tt_nominal_a2_to_1_p1500ps,x5.mp2,VGS,-1.8554605842900822,0.10353210832325965,10.22395834110671,5.0871358876834885
tt_nominal_a2_to_1_p1500ps,x5.mp2,VGD,-1.853603248140747,1.9010626792193448,10.22395834110671,5.0871358876834885
tt_nominal_a2_to_1_p1500ps,x5.mp2,VDS,-1.8335869974184298,0.029050890250229333,5.120237645085541,10.270958341106686
tt_nominal_a2_to_1_p1500ps,x5.mp2,VBS,0.0,0.0,5e-05,5e-05
tt_nominal_a2_to_1_p1500ps,x5.mn2,VGS,-0.05546058429008217,1.9035321083232597,10.22395834110671,5.0871358876834885
tt_nominal_a2_to_1_p1500ps,x5.mn2,VGD,-1.853603248140747,1.9010626792193448,10.22395834110671,5.0871358876834885
tt_nominal_a2_to_1_p1500ps,x5.mn2,VDS,-0.03358699741842983,1.8290508902502294,5.120237645085541,10.270958341106686
tt_nominal_a2_to_1_p1500ps,x5.mn2,VBS,0.0,0.0,5e-05,5e-05
tt_nominal_a2_to_3_p1500ps,x1.m1,VGS,-1.8,0.0,5e-05,15.346707072412993
tt_nominal_a2_to_3_p1500ps,x1.m1,VGD,-1.898555028023553,1.862701871388865,10.170958341106738,16.515674579694522
tt_nominal_a2_to_3_p1500ps,x1.m1,VDS,-1.862701871388865,0.09855502802355298,16.515674579694522,10.170958341106738
tt_nominal_a2_to_3_p1500ps,x1.m1,VBS,0.0,0.0,5e-05,5e-05
tt_nominal_a2_to_3_p1500ps,x1.m2,VGS,0.0,1.8,5e-05,15.346707072412993
tt_nominal_a2_to_3_p1500ps,x1.m2,VGD,-1.898555028023553,1.862701871388865,10.170958341106738,16.515674579694522
tt_nominal_a2_to_3_p1500ps,x1.m2,VDS,-0.0627018713888649,1.898555028023553,16.515674579694522,10.170958341106738
tt_nominal_a2_to_3_p1500ps,x1.m2,VBS,0.0,0.0,5e-05,5e-05
tt_nominal_a2_to_3_p1500ps,x1.m3,VGS,0.0,0.0,5e-05,5e-05
tt_nominal_a2_to_3_p1500ps,x1.m3,VGD,1.0661576048354027,1.8265079557402877,0.0009715728525487665,5.021671577051264
tt_nominal_a2_to_3_p1500ps,x1.m3,VDS,-1.8265079557402877,-1.0661576048354027,5.021671577051264,0.0009715728525487665
tt_nominal_a2_to_3_p1500ps,x1.m3,VBS,0.0,0.0,5e-05,5e-05
tt_nominal_a2_to_3_p1500ps,x1.m4,VGS,1.8,1.8,5e-05,5e-05
tt_nominal_a2_to_3_p1500ps,x1.m4,VGD,1.0661576048354027,1.8265079557402877,0.0009715728525487665,5.021671577051264
tt_nominal_a2_to_3_p1500ps,x1.m4,VDS,-0.0265079557402876,0.7338423951645975,5.021671577051264,0.0009715728525487665
tt_nominal_a2_to_3_p1500ps,x1.m4,VBS,0.0,0.0,5e-05,5e-05
tt_nominal_a2_to_3_p1500ps,x1.m5,VGS,-1.8,0.0,5e-05,5.0125
tt_nominal_a2_to_3_p1500ps,x1.m5,VGD,-1.800382753920582,-0.07236956757065793,15.420547543575635,5.021671577051264
tt_nominal_a2_to_3_p1500ps,x1.m5,VDS,-1.0273926604243404,0.07366628266040176,0.00020715307044792772,5.1602376450855525
tt_nominal_a2_to_3_p1500ps,x1.m5,VBS,0.0,0.0,5e-05,5e-05
tt_nominal_a2_to_3_p1500ps,x1.m6,VGS,-1.0856846265454883,0.5342972881410325,15.303730825669085,0.0009715728525487665
tt_nominal_a2_to_3_p1500ps,x1.m6,VGD,-1.8988775233109456,-0.06842588261112215,5.021671577051264,0.0006254805425893205
tt_nominal_a2_to_3_p1500ps,x1.m6,VDS,0.5692614393393125,1.896837711582383,5e-05,9.99786846293938
tt_nominal_a2_to_3_p1500ps,x1.m6,VBS,-1.0858441830453465,0.07809461908921952,15.303730825669085,10.012499999999998
tt_nominal_a2_to_3_p1500ps,x1.m7,VGS,-1.11105736359934,1.8589590591893925,16.49965742100949,10.012499999999998
tt_nominal_a2_to_3_p1500ps,x1.m7,VGD,-0.7967630041951658,1.8591495787665646,16.514883841579692,10.013455737559577
tt_nominal_a2_to_3_p1500ps,x1.m7,VDS,-0.3691778627552884,0.8229043140332375,16.49965742100949,20.009956645338384
tt_nominal_a2_to_3_p1500ps,x1.m7,VBS,-1.171475380527531,0.07927118287213197,4.999407680578958,10.009868462939373
tt_nominal_a2_to_3_p1500ps,x1.m8,VGS,0.0,1.8,5e-05,5.0125
tt_nominal_a2_to_3_p1500ps,x1.m8,VGD,-1.0897287990221336,1.800000064305966,15.303730825669085,16.920607573422046
tt_nominal_a2_to_3_p1500ps,x1.m8,VDS,-0.07927118287213197,1.171475380527531,10.009868462939373,4.999407680578958
tt_nominal_a2_to_3_p1500ps,x1.m8,VBS,0.0,0.0,5e-05,5e-05
tt_nominal_a2_to_3_p1500ps,x1.m9,VGS,-1.0273926604243404,0.07366628266040176,0.00020715307044792772,5.1602376450855525
tt_nominal_a2_to_3_p1500ps,x1.m9,VGD,0.004385596917594103,1.8736662091586311,0.0006254805425893205,5.161237645085553
tt_nominal_a2_to_3_p1500ps,x1.m9,VDS,-1.803524040220922,-0.9964634813855302,20.008956645338383,0.004516818371533892
tt_nominal_a2_to_3_p1500ps,x1.m9,VBS,0.0,0.0,5e-05,5e-05
tt_nominal_a2_to_3_p1500ps,x1.m10,VGS,0.7726073395756597,1.8736662826604018,0.00020715307044792772,5.1602376450855525
tt_nominal_a2_to_3_p1500ps,x1.m10,VGD,0.004385596917594103,1.8736662091586311,0.0006254805425893205,5.161237645085553
tt_nominal_a2_to_3_p1500ps,x1.m10,VDS,-0.0035240402209219396,0.8035365186144698,20.008956645338383,0.004516818371533892
tt_nominal_a2_to_3_p1500ps,x1.m10,VBS,0.0,0.0,5e-05,5e-05
tt_nominal_a2_to_3_p1500ps,x1.m11,VGS,-1.8,0.0,5e-05,5.0125
tt_nominal_a2_to_3_p1500ps,x1.m11,VGD,-1.8003462922643716,-0.07236981670364684,15.420547543575635,5.021671577051264
tt_nominal_a2_to_3_p1500ps,x1.m11,VDS,-1.0270918663433042,0.07367278326781168,0.00020715307044792772,16.656607573421745
tt_nominal_a2_to_3_p1500ps,x1.m11,VBS,0.0,0.0,5e-05,5e-05
tt_nominal_a2_to_3_p1500ps,x1.m12,VGS,-1.0718990310172218,0.5641175951190689,25.0,0.0009715728525487665
tt_nominal_a2_to_3_p1500ps,x1.m12,VGD,-1.8988777724439345,-0.06892891450417749,5.021671577051264,0.0006254805425893205
tt_nominal_a2_to_3_p1500ps,x1.m12,VDS,0.6165515923679539,1.8964914041776741,0.00027331566233858447,19.99795664533837
tt_nominal_a2_to_3_p1500ps,x1.m12,VBS,-1.0719049706051085,0.07568642993256011,25.0,20.011956645338383
tt_nominal_a2_to_3_p1500ps,x1.m13,VGS,-1.1694020719963738,1.8677031993967728,4.999407680578958,20.012500000000003
tt_nominal_a2_to_3_p1500ps,x1.m13,VGD,-0.030604551621130287,1.8686031309955788,15.357592489335605,20.01410132320278
tt_nominal_a2_to_3_p1500ps,x1.m13,VDS,-1.1705444354515566,0.42507473153579944,4.999407680578958,16.513082289437218
tt_nominal_a2_to_3_p1500ps,x1.m13,VBS,-1.171475380527531,0.07927118287213197,4.999407680578958,10.009868462939373
tt_nominal_a2_to_3_p1500ps,x1.m14,VGS,-1.0270918663433042,0.07367278326781168,0.00020715307044792772,16.656607573421745
tt_nominal_a2_to_3_p1500ps,x1.m14,VGD,0.004683667063436481,1.8736727082182656,0.0006254805425893205,16.656607573421745
tt_nominal_a2_to_3_p1500ps,x1.m14,VDS,-1.8035246387691801,-0.9966365280588405,10.008868462939374,0.004516818371533892
tt_nominal_a2_to_3_p1500ps,x1.m14,VBS,0.0,0.0,5e-05,5e-05
tt_nominal_a2_to_3_p1500ps,x1.m15,VGS,0.7729081336566959,1.8736727832678117,0.00020715307044792772,16.656607573421745
tt_nominal_a2_to_3_p1500ps,x1.m15,VGD,0.004683667063436481,1.8736727082182656,0.0006254805425893205,16.656607573421745
tt_nominal_a2_to_3_p1500ps,x1.m15,VDS,-0.003524638769179982,0.8033634719411595,10.008868462939374,0.004516818371533892
tt_nominal_a2_to_3_p1500ps,x1.m15,VBS,0.0,0.0,5e-05,5e-05
tt_nominal_a2_to_3_p1500ps,x1.m16,VGS,-1.8,0.0,5e-05,5.0125
tt_nominal_a2_to_3_p1500ps,x1.m16,VGD,-1.8001009114952269,1.799999884405395,15.343684768504625,6.777237645086049
tt_nominal_a2_to_3_p1500ps,x1.m16,VDS,-1.8343774971511897,0.07631535406836765,10.004868462939376,5.015269058940814
tt_nominal_a2_to_3_p1500ps,x1.m16,VBS,0.0,0.0,5e-05,5e-05
tt_nominal_a2_to_3_p1500ps,x1.m17,VGS,0.10180852667097412,1.849497416124499,5e-05,10.009868462939373
tt_nominal_a2_to_3_p1500ps,x1.m17,VGD,-0.518514600109095,1.8273656980738644,5e-05,10.004868462939376
tt_nominal_a2_to_3_p1500ps,x1.m17,VDS,4.3801637122919956e-08,1.2388681593430813,6.668237645086015,5.022671577051264
tt_nominal_a2_to_3_p1500ps,x1.m17,VBS,-1.2081097976398496,0.05485807163588027,25.0,10.007868462939374
tt_nominal_a2_to_3_p1500ps,x1.m18,VGS,-1.11105736359934,1.8589590591893925,16.49965742100949,10.012499999999998
tt_nominal_a2_to_3_p1500ps,x1.m18,VGD,-1.2080958176629548,1.8340004172673883,25.0,10.007868462939374
tt_nominal_a2_to_3_p1500ps,x1.m18,VDS,-0.04425211544130003,1.2608422924284028,4.999407680578958,20.010956645338386
tt_nominal_a2_to_3_p1500ps,x1.m18,VBS,-1.171475380527531,0.07927118287213197,4.999407680578958,10.009868462939373
tt_nominal_a2_to_3_p1500ps,x1.m19,VGS,-1.8343774971511897,0.07631535406836765,10.004868462939376,5.015269058940814
tt_nominal_a2_to_3_p1500ps,x1.m19,VGD,-1.8289081158487706,1.8756171987611772,10.005868462939375,5.015269058940814
tt_nominal_a2_to_3_p1500ps,x1.m19,VDS,-1.8441043293503832,0.02953721403566556,5.050671577051273,10.135042785878921
tt_nominal_a2_to_3_p1500ps,x1.m19,VBS,0.0,0.0,5e-05,5e-05
tt_nominal_a2_to_3_p1500ps,x1.m20,VGS,-0.03437749715118957,1.8763153540683677,10.004868462939376,5.015269058940814
tt_nominal_a2_to_3_p1500ps,x1.m20,VGD,-1.8289081158487706,1.8756171987611772,10.005868462939375,5.015269058940814
tt_nominal_a2_to_3_p1500ps,x1.m20,VDS,-0.04410432935038303,1.8295372140356656,5.050671577051273,10.135042785878921
tt_nominal_a2_to_3_p1500ps,x1.m20,VBS,0.0,0.0,5e-05,5e-05
tt_nominal_a2_to_3_p1500ps,x1.m21,VGS,-1.8,0.0,5e-05,5.0125
tt_nominal_a2_to_3_p1500ps,x1.m21,VGD,-1.800403763463232,1.8000003004882819,15.615547543575858,16.911607573422035
tt_nominal_a2_to_3_p1500ps,x1.m21,VDS,-1.8340193329308196,0.07312201224671777,20.00495664533838,5.196237645085564
tt_nominal_a2_to_3_p1500ps,x1.m21,VBS,0.0,0.0,5e-05,5e-05
tt_nominal_a2_to_3_p1500ps,x1.m22,VGS,0.16621374101638908,1.8483771896958334,5e-05,20.008956645338383
tt_nominal_a2_to_3_p1500ps,x1.m22,VGD,-0.5184737999215754,1.8271312436382274,5e-05,20.00495664533838
tt_nominal_a2_to_3_p1500ps,x1.m22,VDS,-1.4204964063346814e-07,1.2351148057598385,16.902607573422024,16.52141897924259
tt_nominal_a2_to_3_p1500ps,x1.m22,VBS,-1.5543523875712335,0.05374776774943288,15.438547543575655,20.007956645338382
tt_nominal_a2_to_3_p1500ps,x1.m23,VGS,-1.1694020719963738,1.8677031993967728,4.999407680578958,20.012500000000003
tt_nominal_a2_to_3_p1500ps,x1.m23,VGD,-1.251855352693315,1.8410912454606811,15.357592489335605,20.009956645338384
tt_nominal_a2_to_3_p1500ps,x1.m23,VDS,-0.037267136693513336,1.2885663394515985,16.49965742100949,10.010868462939372
tt_nominal_a2_to_3_p1500ps,x1.m23,VBS,-1.171475380527531,0.07927118287213197,4.999407680578958,10.009868462939373
tt_nominal_a2_to_3_p1500ps,x1.m24,VGS,-1.8340193329308196,0.07312201224671777,20.00495664533838,5.196237645085564
tt_nominal_a2_to_3_p1500ps,x1.m24,VGD,-1.8286134744729632,1.8731218626898272,20.00595664533838,5.196237645085564
tt_nominal_a2_to_3_p1500ps,x1.m24,VDS,-1.84708822924351,0.029158083327122775,16.549418979242624,20.136777416667098
tt_nominal_a2_to_3_p1500ps,x1.m24,VBS,0.0,0.0,5e-05,5e-05
tt_nominal_a2_to_3_p1500ps,x1.m25,VGS,-0.034019332930819574,1.8731220122467178,20.00495664533838,5.196237645085564
tt_nominal_a2_to_3_p1500ps,x1.m25,VGD,-1.8286134744729632,1.8731218626898272,20.00595664533838,5.196237645085564
tt_nominal_a2_to_3_p1500ps,x1.m25,VDS,-0.04708822924351007,1.8291580833271228,16.549418979242624,20.136777416667098
tt_nominal_a2_to_3_p1500ps,x1.m25,VBS,0.0,0.0,5e-05,5e-05
tt_nominal_a2_to_3_p1500ps,x1.m26,VGS,-1.862701871388865,0.09855502802355298,16.515674579694522,10.170958341106738
tt_nominal_a2_to_3_p1500ps,x1.m26,VGD,-1.817393600551515,1.8977582768197474,20.09177741666705,10.171958341106738
tt_nominal_a2_to_3_p1500ps,x1.m26,VDS,-1.8354281790081675,0.023740587863192886,15.357592489335605,20.079777416667035
tt_nominal_a2_to_3_p1500ps,x1.m26,VBS,0.0,0.0,5e-05,5e-05
tt_nominal_a2_to_3_p1500ps,x1.m27,VGS,-0.0627018713888649,1.898555028023553,16.515674579694522,10.170958341106738
tt_nominal_a2_to_3_p1500ps,x1.m27,VGD,-1.817393600551515,1.8977582768197474,20.09177741666705,10.171958341106738
tt_nominal_a2_to_3_p1500ps,x1.m27,VDS,-0.03542817900816734,1.823740587863193,15.357592489335605,20.079777416667035
tt_nominal_a2_to_3_p1500ps,x1.m27,VBS,0.0,0.0,5e-05,5e-05
tt_nominal_a2_to_3_p1500ps,x1.m28,VGS,-1.8265079557402877,-1.0661576048354027,5.021671577051264,0.0009715728525487665
tt_nominal_a2_to_3_p1500ps,x1.m28,VGD,-1.8102145706893493,0.3042933209018221,10.036042785878973,5.228228402181693e-05
tt_nominal_a2_to_3_p1500ps,x1.m28,VDS,-1.5404398170178146,0.012914832516933483,5e-05,10.055042785878964
tt_nominal_a2_to_3_p1500ps,x1.m28,VBS,0.0,0.0,5e-05,5e-05
tt_nominal_a2_to_3_p1500ps,x1.m29,VGS,-0.0265079557402876,0.7338423951645975,5.021671577051264,0.0009715728525487665
tt_nominal_a2_to_3_p1500ps,x1.m29,VGD,-1.8102145706893493,0.3042933209018221,10.036042785878973,5.228228402181693e-05
tt_nominal_a2_to_3_p1500ps,x1.m29,VDS,0.25956018298218536,1.8129148325169335,5e-05,10.055042785878964
tt_nominal_a2_to_3_p1500ps,x1.m29,VBS,0.0,0.0,5e-05,5e-05
tt_nominal_a2_to_3_p1500ps,x2.mp1,VGS,-1.803524040220922,-0.9964634813855302,20.008956645338383,0.004516818371533892
tt_nominal_a2_to_3_p1500ps,x2.mp1,VGD,-1.80317133892465,0.01594495272073193,20.009956645338384,0.00044165548235810615
tt_nominal_a2_to_3_p1500ps,x2.mp1,VDS,-1.0539252804846435,0.00039753632354999624,0.00020715307044792772,4.994407680578957
tt_nominal_a2_to_3_p1500ps,x2.mp1,VBS,0.0,0.0,5e-05,5e-05
tt_nominal_a2_to_3_p1500ps,x2.mn1,VGS,-0.0035240402209219396,0.8035365186144698,20.008956645338383,0.004516818371533892
tt_nominal_a2_to_3_p1500ps,x2.mn1,VGD,-1.80317133892465,0.01594495272073193,20.009956645338384,0.00044165548235810615
tt_nominal_a2_to_3_p1500ps,x2.mn1,VDS,0.7460747195153564,1.80039753632355,0.00020715307044792772,4.994407680578957
tt_nominal_a2_to_3_p1500ps,x2.mn1,VBS,0.0,0.0,5e-05,5e-05
tt_nominal_a2_to_3_p1500ps,x2.mp2,VGS,-1.0539252804846435,0.00039753632354999624,0.00020715307044792772,4.994407680578957
tt_nominal_a2_to_3_p1500ps,x2.mp2,VGD,0.7141266637402552,1.8003847279847356,0.00027331566233858447,4.994407680578957
tt_nominal_a2_to_3_p1500ps,x2.mp2,VDS,-1.8000099435033008,-1.723328480429166,10.003868462939376,0.03818772984738998
tt_nominal_a2_to_3_p1500ps,x2.mp2,VBS,0.0,0.0,5e-05,5e-05
tt_nominal_a2_to_3_p1500ps,x2.mn2,VGS,0.7460747195153564,1.80039753632355,0.00020715307044792772,4.994407680578957
tt_nominal_a2_to_3_p1500ps,x2.mn2,VGD,0.7141266637402552,1.8003847279847356,0.00027331566233858447,4.994407680578957
tt_nominal_a2_to_3_p1500ps,x2.mn2,VDS,-9.943503300845686e-06,0.07667151957083412,10.003868462939376,0.03818772984738998
tt_nominal_a2_to_3_p1500ps,x2.mn2,VBS,0.0,0.0,5e-05,5e-05
tt_nominal_a2_to_3_p1500ps,x3.mp1,VGS,-1.8035246387691801,-0.9966365280588405,10.008868462939374,0.004516818371533892
tt_nominal_a2_to_3_p1500ps,x3.mp1,VGD,-1.8031719261708457,0.016118589711604625,10.009868462939373,0.00044165548235810615
tt_nominal_a2_to_3_p1500ps,x3.mp1,VDS,-1.0539199288301313,0.0003975468052157538,0.00020715307044792772,4.994407680578957
tt_nominal_a2_to_3_p1500ps,x3.mp1,VBS,0.0,0.0,5e-05,5e-05
tt_nominal_a2_to_3_p1500ps,x3.mn1,VGS,-0.003524638769179982,0.8033634719411595,10.008868462939374,0.004516818371533892
tt_nominal_a2_to_3_p1500ps,x3.mn1,VGD,-1.8031719261708457,0.016118589711604625,10.009868462939373,0.00044165548235810615
tt_nominal_a2_to_3_p1500ps,x3.mn1,VDS,0.7460800711698687,1.8003975468052158,0.00020715307044792772,4.994407680578957
tt_nominal_a2_to_3_p1500ps,x3.mn1,VBS,0.0,0.0,5e-05,5e-05
tt_nominal_a2_to_3_p1500ps,x3.mp2,VGS,-1.0539199288301313,0.0003975468052157538,0.00020715307044792772,4.994407680578957
tt_nominal_a2_to_3_p1500ps,x3.mp2,VGD,0.7141352128846866,1.8003847381418066,0.00027331566233858447,4.994407680578957
tt_nominal_a2_to_3_p1500ps,x3.mp2,VDS,-1.8000099478891456,-1.7233474350652922,10.003868462939376,0.03818772984738998
tt_nominal_a2_to_3_p1500ps,x3.mp2,VBS,0.0,0.0,5e-05,5e-05
tt_nominal_a2_to_3_p1500ps,x3.mn2,VGS,0.7460800711698687,1.8003975468052158,0.00020715307044792772,4.994407680578957
tt_nominal_a2_to_3_p1500ps,x3.mn2,VGD,0.7141352128846866,1.8003847381418066,0.00027331566233858447,4.994407680578957
tt_nominal_a2_to_3_p1500ps,x3.mn2,VDS,-9.947889145505513e-06,0.07665256493470782,10.003868462939376,0.03818772984738998
tt_nominal_a2_to_3_p1500ps,x3.mn2,VBS,0.0,0.0,5e-05,5e-05
tt_nominal_a2_to_3_p1500ps,x4.mp1,VGS,-1.84708822924351,0.029158083327122775,16.549418979242624,20.136777416667098
tt_nominal_a2_to_3_p1500ps,x4.mp1,VGD,-1.8433047454021974,1.829072624176,16.550418979242625,20.1377774166671
tt_nominal_a2_to_3_p1500ps,x4.mp1,VDS,-1.8558911267918272,0.10460504914770241,20.2267774166672,16.58464310520488
tt_nominal_a2_to_3_p1500ps,x4.mp1,VBS,0.0,0.0,5e-05,5e-05
tt_nominal_a2_to_3_p1500ps,x4.mn1,VGS,-0.04708822924351007,1.8291580833271228,16.549418979242624,20.136777416667098
tt_nominal_a2_to_3_p1500ps,x4.mn1,VGD,-1.8433047454021974,1.829072624176,16.550418979242625,20.1377774166671
tt_nominal_a2_to_3_p1500ps,x4.mn1,VDS,-0.05589112679182712,1.9046050491477025,20.2267774166672,16.58464310520488
tt_nominal_a2_to_3_p1500ps,x4.mn1,VBS,0.0,0.0,5e-05,5e-05
tt_nominal_a2_to_3_p1500ps,x4.mp2,VGS,-1.8558911267918272,0.10460504914770241,20.2267774166672,16.58464310520488
tt_nominal_a2_to_3_p1500ps,x4.mp2,VGD,-1.8540227031045555,1.9021240698875947,20.2267774166672,16.58464310520488
tt_nominal_a2_to_3_p1500ps,x4.mp2,VDS,-1.8336453257271748,0.029056744829518255,16.6176075734217,20.272777416667253
tt_nominal_a2_to_3_p1500ps,x4.mp2,VBS,0.0,0.0,5e-05,5e-05
tt_nominal_a2_to_3_p1500ps,x4.mn2,VGS,-0.05589112679182712,1.9046050491477025,20.2267774166672,16.58464310520488
tt_nominal_a2_to_3_p1500ps,x4.mn2,VGD,-1.8540227031045555,1.9021240698875947,20.2267774166672,16.58464310520488
tt_nominal_a2_to_3_p1500ps,x4.mn2,VDS,-0.033645325727174734,1.8290567448295183,16.6176075734217,20.272777416667253
tt_nominal_a2_to_3_p1500ps,x4.mn2,VBS,0.0,0.0,5e-05,5e-05
tt_nominal_a2_to_3_p1500ps,x5.mp1,VGS,-1.8441043293503832,0.02953721403566556,5.050671577051273,10.135042785878921
tt_nominal_a2_to_3_p1500ps,x5.mp1,VGD,-1.8406579955034923,1.8294501608835856,5.051671577051273,10.135042785878921
tt_nominal_a2_to_3_p1500ps,x5.mp1,VDS,-1.8554605842900822,0.10353210832325965,10.22395834110671,5.0871358876834885
tt_nominal_a2_to_3_p1500ps,x5.mp1,VBS,0.0,0.0,5e-05,5e-05
tt_nominal_a2_to_3_p1500ps,x5.mn1,VGS,-0.04410432935038303,1.8295372140356656,5.050671577051273,10.135042785878921
tt_nominal_a2_to_3_p1500ps,x5.mn1,VGD,-1.8406579955034923,1.8294501608835856,5.051671577051273,10.135042785878921
tt_nominal_a2_to_3_p1500ps,x5.mn1,VDS,-0.05546058429008217,1.9035321083232597,10.22395834110671,5.0871358876834885
tt_nominal_a2_to_3_p1500ps,x5.mn1,VBS,0.0,0.0,5e-05,5e-05
tt_nominal_a2_to_3_p1500ps,x5.mp2,VGS,-1.8554605842900822,0.10353210832325965,10.22395834110671,5.0871358876834885
tt_nominal_a2_to_3_p1500ps,x5.mp2,VGD,-1.853603248140747,1.9010626792193448,10.22395834110671,5.0871358876834885
tt_nominal_a2_to_3_p1500ps,x5.mp2,VDS,-1.8335869974184298,0.029050890250229333,5.120237645085541,10.270958341106686
tt_nominal_a2_to_3_p1500ps,x5.mp2,VBS,0.0,0.0,5e-05,5e-05
tt_nominal_a2_to_3_p1500ps,x5.mn2,VGS,-0.05546058429008217,1.9035321083232597,10.22395834110671,5.0871358876834885
tt_nominal_a2_to_3_p1500ps,x5.mn2,VGD,-1.853603248140747,1.9010626792193448,10.22395834110671,5.0871358876834885
tt_nominal_a2_to_3_p1500ps,x5.mn2,VDS,-0.03358699741842983,1.8290508902502294,5.120237645085541,10.270958341106686
tt_nominal_a2_to_3_p1500ps,x5.mn2,VBS,0.0,0.0,5e-05,5e-05
tt_nominal_a3_to_0_p1500ps,x1.m1,VGS,-1.8,0.0,15.322525229859998,5e-05
tt_nominal_a3_to_0_p1500ps,x1.m1,VGD,-1.8998894522933485,1.8658975660477697,20.172505046425698,5.015458172905743
tt_nominal_a3_to_0_p1500ps,x1.m1,VDS,-1.8658975660477697,0.09988945229334845,5.015458172905743,20.172505046425698
tt_nominal_a3_to_0_p1500ps,x1.m1,VBS,0.0,0.0,5e-05,5e-05
tt_nominal_a3_to_0_p1500ps,x1.m2,VGS,0.0,1.8,15.322525229859998,5e-05
tt_nominal_a3_to_0_p1500ps,x1.m2,VGD,-1.8998894522933485,1.8658975660477697,20.172505046425698,5.015458172905743
tt_nominal_a3_to_0_p1500ps,x1.m2,VDS,-0.06589756604776967,1.8998894522933485,5.015458172905743,20.172505046425698
tt_nominal_a3_to_0_p1500ps,x1.m2,VBS,0.0,0.0,5e-05,5e-05
tt_nominal_a3_to_0_p1500ps,x1.m3,VGS,-1.8,0.0,15.322525229859998,5e-05
tt_nominal_a3_to_0_p1500ps,x1.m3,VGD,-1.8554558775281484,1.8265115747535676,20.167505046425696,5.0218673921895585
tt_nominal_a3_to_0_p1500ps,x1.m3,VDS,-1.8378837754463277,0.0554558775281484,15.301984281577834,20.167505046425696
tt_nominal_a3_to_0_p1500ps,x1.m3,VBS,0.0,0.0,5e-05,5e-05
tt_nominal_a3_to_0_p1500ps,x1.m4,VGS,0.0,1.8,15.322525229859998,5e-05
tt_nominal_a3_to_0_p1500ps,x1.m4,VGD,-1.8554558775281484,1.8265115747535676,20.167505046425696,5.0218673921895585
tt_nominal_a3_to_0_p1500ps,x1.m4,VDS,-0.03788377544632761,1.8554558775281484,15.301984281577834,20.167505046425696
tt_nominal_a3_to_0_p1500ps,x1.m4,VBS,0.0,0.0,5e-05,5e-05
tt_nominal_a3_to_0_p1500ps,x1.m5,VGS,-1.8,0.0,5e-05,5.0125
tt_nominal_a3_to_0_p1500ps,x1.m5,VGD,-1.8174045154914518,1.7999999891869551,15.399981184823025,17.82536026459502
tt_nominal_a3_to_0_p1500ps,x1.m5,VDS,-1.8345884452293792,0.07577998627736848,20.00493266834994,16.514923005510532
tt_nominal_a3_to_0_p1500ps,x1.m5,VBS,0.0,0.0,5e-05,5e-05
tt_nominal_a3_to_0_p1500ps,x1.m6,VGS,-0.02777999734246377,1.8466581201475976,15.301984281577834,20.008932668349946
tt_nominal_a3_to_0_p1500ps,x1.m6,VGD,-1.898889844345181,1.8260230073308934,5.0218673921895585,20.00493266834994
tt_nominal_a3_to_0_p1500ps,x1.m6,VDS,1.7082695143108556e-08,1.8838195151320252,17.75336026459494,5.017867392189557
tt_nominal_a3_to_0_p1500ps,x1.m6,VBS,-1.1254459328214148,0.055186722256487214,25.0,20.007932668349945
tt_nominal_a3_to_0_p1500ps,x1.m7,VGS,-1.166007651458975,1.8590822410137071,4.999310715919542,20.012500000000003
tt_nominal_a3_to_0_p1500ps,x1.m7,VGD,-0.05552338011103242,1.834285042881143,5.014751963863396,20.007932668349945
tt_nominal_a3_to_0_p1500ps,x1.m7,VDS,-1.1711502425672373,0.5300127087802944,4.999310715919542,16.513416786350437
tt_nominal_a3_to_0_p1500ps,x1.m7,VBS,-1.182322614940305,0.07940442661018089,15.398981184823024,20.009932668349947
tt_nominal_a3_to_0_p1500ps,x1.m8,VGS,0.0,1.8,5e-05,5.0125
tt_nominal_a3_to_0_p1500ps,x1.m8,VGD,-1.182322614940305,1.8000000456975862,15.398981184823024,5.421607108746151
tt_nominal_a3_to_0_p1500ps,x1.m8,VDS,-0.07940442661018089,1.182322614940305,20.009932668349947,15.398981184823024
tt_nominal_a3_to_0_p1500ps,x1.m8,VBS,0.0,0.0,5e-05,5e-05
tt_nominal_a3_to_0_p1500ps,x1.m9,VGS,-1.8345884452293792,0.07577998627736848,20.00493266834994,16.514923005510532
tt_nominal_a3_to_0_p1500ps,x1.m9,VGD,-1.8290948770832134,1.875078380553072,20.005932668349942,16.51566694965142
tt_nominal_a3_to_0_p1500ps,x1.m9,VDS,-1.8418409300562015,0.02936017011774461,16.551334942980873,20.133777416667098
tt_nominal_a3_to_0_p1500ps,x1.m9,VBS,0.0,0.0,5e-05,5e-05
tt_nominal_a3_to_0_p1500ps,x1.m10,VGS,-0.03458844522937926,1.8757799862773685,20.00493266834994,16.514923005510532
tt_nominal_a3_to_0_p1500ps,x1.m10,VGD,-1.8290948770832134,1.875078380553072,20.005932668349942,16.51566694965142
tt_nominal_a3_to_0_p1500ps,x1.m10,VDS,-0.04184093005620151,1.8293601701177447,16.551334942980873,20.133777416667098
tt_nominal_a3_to_0_p1500ps,x1.m10,VBS,0.0,0.0,5e-05,5e-05
tt_nominal_a3_to_0_p1500ps,x1.m11,VGS,-1.8,0.0,5e-05,5.0125
tt_nominal_a3_to_0_p1500ps,x1.m11,VGD,-1.8162572605230969,-0.05789931780664981,15.39598118482302,19.9875
tt_nominal_a3_to_0_p1500ps,x1.m11,VDS,-1.026990088185766,0.07367152732410265,0.00020095594031415293,5.1576071087460695
tt_nominal_a3_to_0_p1500ps,x1.m11,VBS,0.0,0.0,5e-05,5e-05
tt_nominal_a3_to_0_p1500ps,x1.m12,VGS,-1.1054083982769063,0.7070666368889051,15.302984281577835,15.785127736251457
tt_nominal_a3_to_0_p1500ps,x1.m12,VGD,-1.8988872504980858,0.05614238318483644,5.0218673921895585,20.1666214140306
tt_nominal_a3_to_0_p1500ps,x1.m12,VDS,0.5910060056293336,1.8965014944286125,25.0,9.997381779394477
tt_nominal_a3_to_0_p1500ps,x1.m12,VBS,-1.208950931218759,0.07570229258408365,25.0,10.012381779394468
tt_nominal_a3_to_0_p1500ps,x1.m13,VGS,-1.163563237638948,1.8677060122761378,16.49955446047589,10.012499999999998
tt_nominal_a3_to_0_p1500ps,x1.m13,VGD,-1.2089484893737696,1.8686178189779086,25.0,10.013892035261938
tt_nominal_a3_to_0_p1500ps,x1.m13,VDS,-0.09887432416278497,1.261277245930453,4.999310715919542,20.010932668349948
tt_nominal_a3_to_0_p1500ps,x1.m13,VBS,-1.182322614940305,0.07940442661018089,15.398981184823024,20.009932668349947
tt_nominal_a3_to_0_p1500ps,x1.m14,VGS,-1.026990088185766,0.07367152732410265,0.00020095594031415293,5.1576071087460695
tt_nominal_a3_to_0_p1500ps,x1.m14,VGD,0.004618293136353535,1.873671453000827,0.0006145936723301476,5.15860710874607
tt_nominal_a3_to_0_p1500ps,x1.m14,VDS,-1.8035230171037124,-0.9966399035465259,10.00838177939447,0.004576276418960291
tt_nominal_a3_to_0_p1500ps,x1.m14,VBS,0.0,0.0,5e-05,5e-05
tt_nominal_a3_to_0_p1500ps,x1.m15,VGS,0.773009911814234,1.8736715273241027,0.00020095594031415293,5.1576071087460695
tt_nominal_a3_to_0_p1500ps,x1.m15,VGD,0.004618293136353535,1.873671453000827,0.0006145936723301476,5.15860710874607
tt_nominal_a3_to_0_p1500ps,x1.m15,VDS,-0.0035230171037124035,0.8033600964534742,10.00838177939447,0.004576276418960291
tt_nominal_a3_to_0_p1500ps,x1.m15,VBS,0.0,0.0,5e-05,5e-05
tt_nominal_a3_to_0_p1500ps,x1.m16,VGS,-1.8,0.0,5e-05,5.0125
tt_nominal_a3_to_0_p1500ps,x1.m16,VGD,-1.8011754205034511,-0.0665583084427177,15.333981184822951,9.987500000000002
tt_nominal_a3_to_0_p1500ps,x1.m16,VDS,-1.0390497076020375,0.07367767147066084,0.00020095594031415293,16.678360264593717
tt_nominal_a3_to_0_p1500ps,x1.m16,VBS,0.0,0.0,5e-05,5e-05
tt_nominal_a3_to_0_p1500ps,x1.m17,VGS,-1.2194919102458737,0.9791766890083249,15.712127736251373,0.04123160940600841
tt_nominal_a3_to_0_p1500ps,x1.m17,VGD,-1.8866407361477502,0.5180125401179188,16.518334942980836,0.05723160940600846
tt_nominal_a3_to_0_p1500ps,x1.m17,VDS,0.4211767575169132,1.8968453778054937,0.06423160940600843,19.997932668349932
tt_nominal_a3_to_0_p1500ps,x1.m17,VBS,-1.366346245850873,0.07822910864524116,15.400981184823026,20.012500000000003
tt_nominal_a3_to_0_p1500ps,x1.m18,VGS,-1.166007651458975,1.8590822410137071,4.999310715919542,20.012500000000003
tt_nominal_a3_to_0_p1500ps,x1.m18,VGD,-1.2539520334314769,1.859209432738883,15.302984281577835,20.01342553405483
tt_nominal_a3_to_0_p1500ps,x1.m18,VDS,-0.012869420355373085,1.2860487059076418,20.177505046425704,10.01038177939447
tt_nominal_a3_to_0_p1500ps,x1.m18,VBS,-1.182322614940305,0.07940442661018089,15.398981184823024,20.009932668349947
tt_nominal_a3_to_0_p1500ps,x1.m19,VGS,-1.0390497076020375,0.07367767147066084,0.00020095594031415293,16.678360264593717
tt_nominal_a3_to_0_p1500ps,x1.m19,VGD,-0.0016954275952246745,1.8736776148586987,0.0006145936723301476,16.67936026459372
tt_nominal_a3_to_0_p1500ps,x1.m19,VDS,-1.8035190676525477,-0.9920897461879574,20.008932668349946,0.005246321881201674
tt_nominal_a3_to_0_p1500ps,x1.m19,VBS,0.0,0.0,5e-05,5e-05
tt_nominal_a3_to_0_p1500ps,x1.m20,VGS,0.7609502923979625,1.8736776714706609,0.00020095594031415293,16.678360264593717
tt_nominal_a3_to_0_p1500ps,x1.m20,VGD,-0.0016954275952246745,1.8736776148586987,0.0006145936723301476,16.67936026459372
tt_nominal_a3_to_0_p1500ps,x1.m20,VDS,-0.003519067652547651,0.8079102538120426,20.008932668349946,0.005246321881201674
tt_nominal_a3_to_0_p1500ps,x1.m20,VBS,0.0,0.0,5e-05,5e-05
tt_nominal_a3_to_0_p1500ps,x1.m21,VGS,-1.8,0.0,5e-05,5.0125
tt_nominal_a3_to_0_p1500ps,x1.m21,VGD,-1.8008904792760023,1.8000002452602666,15.335981184822952,5.412607108746148
tt_nominal_a3_to_0_p1500ps,x1.m21,VDS,-1.833960728395604,0.07633650436851691,10.004381779394473,5.015458172905743
tt_nominal_a3_to_0_p1500ps,x1.m21,VBS,0.0,0.0,5e-05,5e-05
tt_nominal_a3_to_0_p1500ps,x1.m22,VGS,-0.5121321655259345,1.8483674614534769,16.518334942980836,10.00938177939447
tt_nominal_a3_to_0_p1500ps,x1.m22,VGD,-1.8866591142721976,1.8270873523009834,16.518334942980836,10.005381779394472
tt_nominal_a3_to_0_p1500ps,x1.m22,VDS,-1.294308232258068e-07,1.3758995183069014,5.403607108746145,16.513855139703033
tt_nominal_a3_to_0_p1500ps,x1.m22,VBS,-1.1561799345490908,0.05372136850439038,15.380981184823003,10.00838177939447
tt_nominal_a3_to_0_p1500ps,x1.m23,VGS,-1.163563237638948,1.8677060122761378,16.49955446047589,10.012499999999998
tt_nominal_a3_to_0_p1500ps,x1.m23,VGD,-0.5267635492025217,1.841065505250485,16.511533584742892,10.00938177939447
tt_nominal_a3_to_0_p1500ps,x1.m23,VDS,-0.6619327517929481,0.5826992867641635,16.49955446047589,20.009932668349947
tt_nominal_a3_to_0_p1500ps,x1.m23,VBS,-1.182322614940305,0.07940442661018089,15.398981184823024,20.009932668349947
tt_nominal_a3_to_0_p1500ps,x1.m24,VGS,-1.833960728395604,0.07633650436851691,10.004381779394473,5.015458172905743
tt_nominal_a3_to_0_p1500ps,x1.m24,VGD,-1.828602790612506,1.8756734599727707,10.006381779394472,5.015458172905743
tt_nominal_a3_to_0_p1500ps,x1.m24,VDS,-1.8470987804678825,0.02915886872950524,5.050867392189567,10.136810853154072
tt_nominal_a3_to_0_p1500ps,x1.m24,VBS,0.0,0.0,5e-05,5e-05
tt_nominal_a3_to_0_p1500ps,x1.m25,VGS,-0.03396072839560407,1.876336504368517,10.004381779394473,5.015458172905743
tt_nominal_a3_to_0_p1500ps,x1.m25,VGD,-1.828602790612506,1.8756734599727707,10.006381779394472,5.015458172905743
tt_nominal_a3_to_0_p1500ps,x1.m25,VDS,-0.0470987804678823,1.8291588687295053,5.050867392189567,10.136810853154072
tt_nominal_a3_to_0_p1500ps,x1.m25,VBS,0.0,0.0,5e-05,5e-05
tt_nominal_a3_to_0_p1500ps,x1.m26,VGS,-1.8658975660477697,0.09988945229334845,5.015458172905743,20.172505046425698
tt_nominal_a3_to_0_p1500ps,x1.m26,VGD,-1.8346444049171142,1.899079878884872,15.303984281577836,20.1735050464257
tt_nominal_a3_to_0_p1500ps,x1.m26,VDS,-1.828785350757741,0.05974972959396574,16.513071654986515,15.380981184823003
tt_nominal_a3_to_0_p1500ps,x1.m26,VBS,0.0,0.0,5e-05,5e-05
tt_nominal_a3_to_0_p1500ps,x1.m27,VGS,-0.06589756604776967,1.8998894522933485,5.015458172905743,20.172505046425698
tt_nominal_a3_to_0_p1500ps,x1.m27,VGD,-1.8346444049171142,1.899079878884872,15.303984281577836,20.1735050464257
tt_nominal_a3_to_0_p1500ps,x1.m27,VDS,-0.028785350757740913,1.8597497295939658,16.513071654986515,15.380981184823003
tt_nominal_a3_to_0_p1500ps,x1.m27,VBS,0.0,0.0,5e-05,5e-05
tt_nominal_a3_to_0_p1500ps,x1.m28,VGS,-1.8378837754463277,0.0554558775281484,15.301984281577834,20.167505046425696
tt_nominal_a3_to_0_p1500ps,x1.m28,VGD,-1.8346171463014476,1.8550303343143966,15.303984281577836,20.168505046425697
tt_nominal_a3_to_0_p1500ps,x1.m28,VDS,-1.8136853076136805,0.05652728342977542,16.518334942980836,15.381981184823005
tt_nominal_a3_to_0_p1500ps,x1.m28,VBS,0.0,0.0,5e-05,5e-05
tt_nominal_a3_to_0_p1500ps,x1.m29,VGS,-0.03788377544632761,1.8554558775281484,15.301984281577834,20.167505046425696
tt_nominal_a3_to_0_p1500ps,x1.m29,VGD,-1.8346171463014476,1.8550303343143966,15.303984281577836,20.168505046425697
tt_nominal_a3_to_0_p1500ps,x1.m29,VDS,-0.013685307613680475,1.8565272834297755,16.518334942980836,15.381981184823005
tt_nominal_a3_to_0_p1500ps,x1.m29,VBS,0.0,0.0,5e-05,5e-05
tt_nominal_a3_to_0_p1500ps,x2.mp1,VGS,-1.8418409300562015,0.02936017011774461,16.551334942980873,20.133777416667098
tt_nominal_a3_to_0_p1500ps,x2.mp1,VGD,-1.8386302756491513,1.82927756739259,16.551334942980873,20.134777416667095
tt_nominal_a3_to_0_p1500ps,x2.mp1,VDS,-1.8535673221261963,0.10320016014225208,20.22550504642576,16.588304599540507
tt_nominal_a3_to_0_p1500ps,x2.mp1,VBS,0.0,0.0,5e-05,5e-05
tt_nominal_a3_to_0_p1500ps,x2.mn1,VGS,-0.04184093005620151,1.8293601701177447,16.551334942980873,20.133777416667098
tt_nominal_a3_to_0_p1500ps,x2.mn1,VGD,-1.8386302756491513,1.82927756739259,16.551334942980873,20.134777416667095
tt_nominal_a3_to_0_p1500ps,x2.mn1,VDS,-0.05356732212619632,1.9032001601422521,20.22550504642576,16.588304599540507
tt_nominal_a3_to_0_p1500ps,x2.mn1,VBS,0.0,0.0,5e-05,5e-05
tt_nominal_a3_to_0_p1500ps,x2.mp2,VGS,-1.8535673221261963,0.10320016014225208,20.22550504642576,16.588304599540507
tt_nominal_a3_to_0_p1500ps,x2.mp2,VGD,-1.851785345167561,1.900739187991431,20.22550504642576,16.588304599540507
tt_nominal_a3_to_0_p1500ps,x2.mp2,VDS,-1.8335601290369221,0.029019522205798065,16.621360264593655,20.272505046425813
tt_nominal_a3_to_0_p1500ps,x2.mp2,VBS,0.0,0.0,5e-05,5e-05
tt_nominal_a3_to_0_p1500ps,x2.mn2,VGS,-0.05356732212619632,1.9032001601422521,20.22550504642576,16.588304599540507
tt_nominal_a3_to_0_p1500ps,x2.mn2,VGD,-1.851785345167561,1.900739187991431,20.22550504642576,16.588304599540507
tt_nominal_a3_to_0_p1500ps,x2.mn2,VDS,-0.033560129036922126,1.829019522205798,16.621360264593655,20.272505046425813
tt_nominal_a3_to_0_p1500ps,x2.mn2,VBS,0.0,0.0,5e-05,5e-05
tt_nominal_a3_to_0_p1500ps,x3.mp1,VGS,-1.8035230171037124,-0.9966399035465259,10.00838177939447,0.004576276418960291
tt_nominal_a3_to_0_p1500ps,x3.mp1,VGD,-1.8031716453841595,0.015934337538077825,10.00938177939447,0.000431961326506061
tt_nominal_a3_to_0_p1500ps,x3.mp1,VDS,-1.054143603127712,0.00039789569750348086,0.000264993033924348,4.994310715919541
tt_nominal_a3_to_0_p1500ps,x3.mp1,VBS,0.0,0.0,5e-05,5e-05
tt_nominal_a3_to_0_p1500ps,x3.mn1,VGS,-0.0035230171037124035,0.8033600964534742,10.00838177939447,0.004576276418960291
tt_nominal_a3_to_0_p1500ps,x3.mn1,VGD,-1.8031716453841595,0.015934337538077825,10.00938177939447,0.000431961326506061
tt_nominal_a3_to_0_p1500ps,x3.mn1,VDS,0.7458563968722881,1.8003978956975035,0.000264993033924348,4.994310715919541
tt_nominal_a3_to_0_p1500ps,x3.mn1,VBS,0.0,0.0,5e-05,5e-05
tt_nominal_a3_to_0_p1500ps,x3.mp2,VGS,-1.054143603127712,0.00039789569750348086,0.000264993033924348,4.994310715919541
tt_nominal_a3_to_0_p1500ps,x3.mp2,VGD,0.7143609244943563,1.8003850312214364,0.000264993033924348,4.994310715919541
tt_nominal_a3_to_0_p1500ps,x3.mp2,VDS,-1.800009947691703,-1.723347278540959,10.003381779394473,0.0382316094060084
tt_nominal_a3_to_0_p1500ps,x3.mp2,VBS,0.0,0.0,5e-05,5e-05
tt_nominal_a3_to_0_p1500ps,x3.mn2,VGS,0.7458563968722881,1.8003978956975035,0.000264993033924348,4.994310715919541
tt_nominal_a3_to_0_p1500ps,x3.mn2,VGD,0.7143609244943563,1.8003850312214364,0.000264993033924348,4.994310715919541
tt_nominal_a3_to_0_p1500ps,x3.mn2,VDS,-9.947691703041271e-06,0.0766527214590412,10.003381779394473,0.0382316094060084
tt_nominal_a3_to_0_p1500ps,x3.mn2,VBS,0.0,0.0,5e-05,5e-05
tt_nominal_a3_to_0_p1500ps,x4.mp1,VGS,-1.8470987804678825,0.02915886872950524,5.050867392189567,10.136810853154072
tt_nominal_a3_to_0_p1500ps,x4.mp1,VGD,-1.8433678076312285,1.8290729779371777,5.050867392189567,10.137810853154072
tt_nominal_a3_to_0_p1500ps,x4.mp1,VDS,-1.8558815367000838,0.10473960932828308,10.226810853154026,5.085297860219187
tt_nominal_a3_to_0_p1500ps,x4.mp1,VBS,0.0,0.0,5e-05,5e-05
tt_nominal_a3_to_0_p1500ps,x4.mn1,VGS,-0.0470987804678823,1.8291588687295053,5.050867392189567,10.136810853154072
tt_nominal_a3_to_0_p1500ps,x4.mn1,VGD,-1.8433678076312285,1.8290729779371777,5.050867392189567,10.137810853154072
tt_nominal_a3_to_0_p1500ps,x4.mn1,VDS,-0.05588153670008382,1.9047396093282831,10.226810853154026,5.085297860219187
tt_nominal_a3_to_0_p1500ps,x4.mn1,VBS,0.0,0.0,5e-05,5e-05
tt_nominal_a3_to_0_p1500ps,x4.mp2,VGS,-1.8558815367000838,0.10473960932828308,10.226810853154026,5.085297860219187
tt_nominal_a3_to_0_p1500ps,x4.mp2,VGD,-1.854013742687878,1.9022256192002405,10.226810853154026,5.085297860219187
tt_nominal_a3_to_0_p1500ps,x4.mp2,VDS,-1.833640920652196,0.029056877052418884,5.118607108746057,10.272810853154002
tt_nominal_a3_to_0_p1500ps,x4.mp2,VBS,0.0,0.0,5e-05,5e-05
tt_nominal_a3_to_0_p1500ps,x4.mn2,VGS,-0.05588153670008382,1.9047396093282831,10.226810853154026,5.085297860219187
tt_nominal_a3_to_0_p1500ps,x4.mn2,VGD,-1.854013742687878,1.9022256192002405,10.226810853154026,5.085297860219187
tt_nominal_a3_to_0_p1500ps,x4.mn2,VDS,-0.033640920652195885,1.829056877052419,5.118607108746057,10.272810853154002
tt_nominal_a3_to_0_p1500ps,x4.mn2,VBS,0.0,0.0,5e-05,5e-05
tt_nominal_a3_to_0_p1500ps,x5.mp1,VGS,-1.8035190676525477,-0.9920897461879574,20.008932668349946,0.005246321881201674
tt_nominal_a3_to_0_p1500ps,x5.mp1,VGD,-1.8031683105237017,0.01175722452305239,20.009932668349947,0.000431961326506061
tt_nominal_a3_to_0_p1500ps,x5.mp1,VDS,-1.0545322166162108,0.00039840038726479676,0.000264993033924348,4.994310715919541
tt_nominal_a3_to_0_p1500ps,x5.mp1,VBS,0.0,0.0,5e-05,5e-05
tt_nominal_a3_to_0_p1500ps,x5.mn1,VGS,-0.003519067652547651,0.8079102538120426,20.008932668349946,0.005246321881201674
tt_nominal_a3_to_0_p1500ps,x5.mn1,VGD,-1.8031683105237017,0.01175722452305239,20.009932668349947,0.000431961326506061
tt_nominal_a3_to_0_p1500ps,x5.mn1,VDS,0.7454677833837894,1.8003984003872648,0.000264993033924348,4.994310715919541
tt_nominal_a3_to_0_p1500ps,x5.mn1,VBS,0.0,0.0,5e-05,5e-05
tt_nominal_a3_to_0_p1500ps,x5.mp2,VGS,-1.0545322166162108,0.00039840038726479676,0.000264993033924348,4.994310715919541
tt_nominal_a3_to_0_p1500ps,x5.mp2,VGD,0.7139792087803964,1.800385520552297,0.000264993033924348,4.994310715919541
tt_nominal_a3_to_0_p1500ps,x5.mp2,VDS,-1.8000099222040227,-1.7230561337512127,20.00393266834994,0.0372316094060084
tt_nominal_a3_to_0_p1500ps,x5.mp2,VBS,0.0,0.0,5e-05,5e-05
tt_nominal_a3_to_0_p1500ps,x5.mn2,VGS,0.7454677833837894,1.8003984003872648,0.000264993033924348,4.994310715919541
tt_nominal_a3_to_0_p1500ps,x5.mn2,VGD,0.7139792087803964,1.800385520552297,0.000264993033924348,4.994310715919541
tt_nominal_a3_to_0_p1500ps,x5.mn2,VDS,-9.922204022600801e-06,0.07694386624878731,20.00393266834994,0.0372316094060084
tt_nominal_a3_to_0_p1500ps,x5.mn2,VBS,0.0,0.0,5e-05,5e-05
tt_nominal_a3_to_1_p1500ps,x1.m1,VGS,0.0,0.0,5e-05,5e-05
tt_nominal_a3_to_1_p1500ps,x1.m1,VGD,1.1258022683198459,1.8658975660477697,0.0009905104706188998,5.015458172905743
tt_nominal_a3_to_1_p1500ps,x1.m1,VDS,-1.8658975660477697,-1.1258022683198459,5.015458172905743,0.0009905104706188998
tt_nominal_a3_to_1_p1500ps,x1.m1,VBS,0.0,0.0,5e-05,5e-05
tt_nominal_a3_to_1_p1500ps,x1.m2,VGS,1.8,1.8,5e-05,5e-05
tt_nominal_a3_to_1_p1500ps,x1.m2,VGD,1.1258022683198459,1.8658975660477697,0.0009905104706188998,5.015458172905743
tt_nominal_a3_to_1_p1500ps,x1.m2,VDS,-0.06589756604776967,0.6741977316801542,5.015458172905743,0.0009905104706188998
tt_nominal_a3_to_1_p1500ps,x1.m2,VBS,0.0,0.0,5e-05,5e-05
tt_nominal_a3_to_1_p1500ps,x1.m3,VGS,-1.8,0.0,15.322525229859998,5e-05
tt_nominal_a3_to_1_p1500ps,x1.m3,VGD,-1.8551197199961453,1.8265115747535676,20.17159389994237,5.0218673921895585
tt_nominal_a3_to_1_p1500ps,x1.m3,VDS,-1.8377494731636237,0.05511971999614529,15.301983342229317,20.17159389994237
tt_nominal_a3_to_1_p1500ps,x1.m3,VBS,0.0,0.0,5e-05,5e-05
tt_nominal_a3_to_1_p1500ps,x1.m4,VGS,0.0,1.8,15.322525229859998,5e-05
tt_nominal_a3_to_1_p1500ps,x1.m4,VGD,-1.8551197199961453,1.8265115747535676,20.17159389994237,5.0218673921895585
tt_nominal_a3_to_1_p1500ps,x1.m4,VDS,-0.037749473163623544,1.8551197199961453,15.301983342229317,20.17159389994237
tt_nominal_a3_to_1_p1500ps,x1.m4,VBS,0.0,0.0,5e-05,5e-05
tt_nominal_a3_to_1_p1500ps,x1.m5,VGS,-1.8,0.0,5e-05,5.0125
tt_nominal_a3_to_1_p1500ps,x1.m5,VGD,-1.8178668783750382,-0.05553694094517514,15.392983199050564,19.9875
tt_nominal_a3_to_1_p1500ps,x1.m5,VDS,-1.0273102155749738,0.0736115910564501,0.00020095594031415293,5.147607108746066
tt_nominal_a3_to_1_p1500ps,x1.m5,VBS,0.0,0.0,5e-05,5e-05
tt_nominal_a3_to_1_p1500ps,x1.m6,VGS,-0.0327068702322581,0.8178764569180543,15.301983342229317,15.545531884076178
tt_nominal_a3_to_1_p1500ps,x1.m6,VGD,-1.898889844345181,0.055843089330855245,5.0218673921895585,20.170593899942368
tt_nominal_a3_to_1_p1500ps,x1.m6,VDS,0.5641335573275021,1.8838195151320252,5e-05,5.017867392189557
tt_nominal_a3_to_1_p1500ps,x1.m6,VBS,-1.2081278328797316,0.011246178504765638,25.0,5.0188673921895575
tt_nominal_a3_to_1_p1500ps,x1.m7,VGS,-1.166007651458975,0.5552772949818549,4.999310715919542,0.0009905104706188998
tt_nominal_a3_to_1_p1500ps,x1.m7,VGD,-1.208113969015369,0.46489971744236935,25.0,0.0011387999940211818
tt_nominal_a3_to_1_p1500ps,x1.m7,VDS,-1.1711502425672373,1.257012539502901,4.999310715919542,20.009955400339063
tt_nominal_a3_to_1_p1500ps,x1.m7,VBS,-1.1723999541063863,0.07755541867733376,4.999310715919542,20.009955400339063
tt_nominal_a3_to_1_p1500ps,x1.m8,VGS,0.0,1.8,5e-05,5.0125
tt_nominal_a3_to_1_p1500ps,x1.m8,VGD,-1.0832601384444696,1.8000000456975862,15.421531884076037,5.421607108746151
tt_nominal_a3_to_1_p1500ps,x1.m8,VDS,-0.07755541867733376,1.1723999541063863,20.009955400339063,4.999310715919542
tt_nominal_a3_to_1_p1500ps,x1.m8,VBS,0.0,0.0,5e-05,5e-05
tt_nominal_a3_to_1_p1500ps,x1.m9,VGS,-1.0273102155749738,0.0736115910564501,0.00020095594031415293,5.147607108746066
tt_nominal_a3_to_1_p1500ps,x1.m9,VGD,0.004259037718439829,1.8736114921603084,0.0006145936723301476,5.1486071087460665
tt_nominal_a3_to_1_p1500ps,x1.m9,VDS,-1.8035242426725502,-0.9964127622221461,10.00838177939447,0.004576276418960291
tt_nominal_a3_to_1_p1500ps,x1.m9,VBS,0.0,0.0,5e-05,5e-05
tt_nominal_a3_to_1_p1500ps,x1.m10,VGS,0.7726897844250261,1.8736115910564501,0.00020095594031415293,5.147607108746066
tt_nominal_a3_to_1_p1500ps,x1.m10,VGD,0.004259037718439829,1.8736114921603084,0.0006145936723301476,5.1486071087460665
tt_nominal_a3_to_1_p1500ps,x1.m10,VDS,-0.0035242426725500438,0.8035872377778539,10.00838177939447,0.004576276418960291
tt_nominal_a3_to_1_p1500ps,x1.m10,VBS,0.0,0.0,5e-05,5e-05
tt_nominal_a3_to_1_p1500ps,x1.m11,VGS,-1.8,0.0,5e-05,5.0125
tt_nominal_a3_to_1_p1500ps,x1.m11,VGD,-1.8161374245948168,1.8000000550563384,15.396983199050569,17.640212189994536
tt_nominal_a3_to_1_p1500ps,x1.m11,VDS,-1.8342363090283393,0.07867525011908727,20.004955400339057,16.516193330368083
tt_nominal_a3_to_1_p1500ps,x1.m11,VBS,0.0,0.0,5e-05,5e-05
tt_nominal_a3_to_1_p1500ps,x1.m12,VGS,-1.1059661491144253,1.845550302461404,15.301983342229317,20.00895540033906
tt_nominal_a3_to_1_p1500ps,x1.m12,VGD,-1.8988872504980858,1.8257409620583713,5.0218673921895585,20.004955400339057
tt_nominal_a3_to_1_p1500ps,x1.m12,VDS,4.645716505935482e-09,1.8965014944286125,17.648212189994545,9.997381779394477
tt_nominal_a3_to_1_p1500ps,x1.m12,VBS,-1.3398832390772308,0.07570229258408365,15.623531884076266,10.012381779394468
tt_nominal_a3_to_1_p1500ps,x1.m13,VGS,0.08362540244340595,1.8678288880242742,5e-05,20.012500000000003
tt_nominal_a3_to_1_p1500ps,x1.m13,VGD,0.032619008753105305,1.8686178189779086,5e-05,10.013892035261938
tt_nominal_a3_to_1_p1500ps,x1.m13,VDS,-0.09887432416278497,0.6295794867039175,4.999310715919542,16.513352479345063
tt_nominal_a3_to_1_p1500ps,x1.m13,VBS,-1.1723999541063863,0.07755541867733376,4.999310715919542,20.009955400339063
tt_nominal_a3_to_1_p1500ps,x1.m14,VGS,-1.8342363090283393,0.07867525011908727,20.004955400339057,16.516193330368083
tt_nominal_a3_to_1_p1500ps,x1.m14,VGD,-1.8287963806547232,1.877851895118551,20.005955400339058,16.516906265405634
tt_nominal_a3_to_1_p1500ps,x1.m14,VDS,-1.844347850169917,0.02898456630692925,16.55162848834015,20.136777416667098
tt_nominal_a3_to_1_p1500ps,x1.m14,VBS,0.0,0.0,5e-05,5e-05
tt_nominal_a3_to_1_p1500ps,x1.m15,VGS,-0.03423630902833924,1.8786752501190873,20.004955400339057,16.516193330368083
tt_nominal_a3_to_1_p1500ps,x1.m15,VGD,-1.8287963806547232,1.877851895118551,20.005955400339058,16.516906265405634
tt_nominal_a3_to_1_p1500ps,x1.m15,VDS,-0.04434785016991704,1.8289845663069293,16.55162848834015,20.136777416667098
tt_nominal_a3_to_1_p1500ps,x1.m15,VBS,0.0,0.0,5e-05,5e-05
tt_nominal_a3_to_1_p1500ps,x1.m16,VGS,-1.8,0.0,5e-05,5.0125
tt_nominal_a3_to_1_p1500ps,x1.m16,VGD,-1.8013632796917163,-0.0665583084427177,15.337983199050502,9.987500000000002
tt_nominal_a3_to_1_p1500ps,x1.m16,VDS,-1.0390497076020375,0.07362739956601749,0.00020095594031415293,16.655212189993417
tt_nominal_a3_to_1_p1500ps,x1.m16,VBS,0.0,0.0,5e-05,5e-05
tt_nominal_a3_to_1_p1500ps,x1.m17,VGS,-0.9018909313818071,0.9791766890083249,16.570713747571673,0.04123160940600841
tt_nominal_a3_to_1_p1500ps,x1.m17,VGD,-1.886235343102182,0.5180125401179188,16.517705171021213,0.05723160940600846
tt_nominal_a3_to_1_p1500ps,x1.m17,VDS,0.4211767575169132,0.9852330106584792,0.06423160940600843,16.516193330368083
tt_nominal_a3_to_1_p1500ps,x1.m17,VBS,-1.2356418793958202,-0.14722429048324698,15.381983199050552,8.207839679693183e-05
tt_nominal_a3_to_1_p1500ps,x1.m18,VGS,-1.166007651458975,0.5552772949818549,4.999310715919542,0.0009905104706188998
tt_nominal_a3_to_1_p1500ps,x1.m18,VGD,-1.2349472909068084,0.4971031942510347,5.01419081353854,0.0009905104706188998
tt_nominal_a3_to_1_p1500ps,x1.m18,VDS,-0.2509682900146285,1.2860487059076418,16.499775806063358,10.01038177939447
tt_nominal_a3_to_1_p1500ps,x1.m18,VBS,-1.1723999541063863,0.07755541867733376,4.999310715919542,20.009955400339063
tt_nominal_a3_to_1_p1500ps,x1.m19,VGS,-1.0390497076020375,0.07362739956601749,0.00020095594031415293,16.655212189993417
tt_nominal_a3_to_1_p1500ps,x1.m19,VGD,-0.0016954275952246745,1.8736273371353063,0.0006145936723301476,16.65621218999342
tt_nominal_a3_to_1_p1500ps,x1.m19,VDS,-1.803520169180011,-0.9920897461879574,20.00895540033906,0.005246321881201674
tt_nominal_a3_to_1_p1500ps,x1.m19,VBS,0.0,0.0,5e-05,5e-05
tt_nominal_a3_to_1_p1500ps,x1.m20,VGS,0.7609502923979625,1.8736273995660175,0.00020095594031415293,16.655212189993417
tt_nominal_a3_to_1_p1500ps,x1.m20,VGD,-0.0016954275952246745,1.8736273371353063,0.0006145936723301476,16.65621218999342
tt_nominal_a3_to_1_p1500ps,x1.m20,VDS,-0.0035201691800109277,0.8079102538120426,20.00895540033906,0.005246321881201674
tt_nominal_a3_to_1_p1500ps,x1.m20,VBS,0.0,0.0,5e-05,5e-05
tt_nominal_a3_to_1_p1500ps,x1.m21,VGS,-1.8,0.0,5e-05,5.0125
tt_nominal_a3_to_1_p1500ps,x1.m21,VGD,-1.800896913959689,1.8000002452602666,15.334983199050498,5.412607108746148
tt_nominal_a3_to_1_p1500ps,x1.m21,VDS,-1.833960728395604,0.07633650436851691,10.004381779394473,5.015458172905743
tt_nominal_a3_to_1_p1500ps,x1.m21,VBS,0.0,0.0,5e-05,5e-05
tt_nominal_a3_to_1_p1500ps,x1.m22,VGS,-1.0722819129544312,1.8483674614534769,25.0,10.00938177939447
tt_nominal_a3_to_1_p1500ps,x1.m22,VGD,-1.8862186500412625,1.8270873523009834,16.517705171021213,10.005381779394472
tt_nominal_a3_to_1_p1500ps,x1.m22,VDS,-1.294308232258068e-07,1.8965029522089603,5.403607108746145,19.99795540033905
tt_nominal_a3_to_1_p1500ps,x1.m22,VBS,-1.1432949894440956,0.07582985611197483,15.383983199050554,20.012500000000003
tt_nominal_a3_to_1_p1500ps,x1.m23,VGS,0.08362540244340595,1.8678288880242742,5e-05,20.012500000000003
tt_nominal_a3_to_1_p1500ps,x1.m23,VGD,0.09522782091924356,1.8686926332064109,5e-05,20.014102046034765
tt_nominal_a3_to_1_p1500ps,x1.m23,VDS,-0.1751782468736538,0.5564038913561363,15.461531884076082,5.013337742974365
tt_nominal_a3_to_1_p1500ps,x1.m23,VBS,-1.1723999541063863,0.07755541867733376,4.999310715919542,20.009955400339063
tt_nominal_a3_to_1_p1500ps,x1.m24,VGS,-1.833960728395604,0.07633650436851691,10.004381779394473,5.015458172905743
tt_nominal_a3_to_1_p1500ps,x1.m24,VGD,-1.828602790612506,1.8756734599727707,10.006381779394472,5.015458172905743
tt_nominal_a3_to_1_p1500ps,x1.m24,VDS,-1.8470987804678825,0.02915886872950524,5.050867392189567,10.136810853154072
tt_nominal_a3_to_1_p1500ps,x1.m24,VBS,0.0,0.0,5e-05,5e-05
tt_nominal_a3_to_1_p1500ps,x1.m25,VGS,-0.03396072839560407,1.876336504368517,10.004381779394473,5.015458172905743
tt_nominal_a3_to_1_p1500ps,x1.m25,VGD,-1.828602790612506,1.8756734599727707,10.006381779394472,5.015458172905743
tt_nominal_a3_to_1_p1500ps,x1.m25,VDS,-0.0470987804678823,1.8291588687295053,5.050867392189567,10.136810853154072
tt_nominal_a3_to_1_p1500ps,x1.m25,VBS,0.0,0.0,5e-05,5e-05
tt_nominal_a3_to_1_p1500ps,x1.m26,VGS,-1.8658975660477697,-1.1258022683198459,5.015458172905743,0.0009905104706188998
tt_nominal_a3_to_1_p1500ps,x1.m26,VGD,-1.8175026151598488,0.3366148620114231,20.09177741666705,5.5193623121507814e-05
tt_nominal_a3_to_1_p1500ps,x1.m26,VDS,-1.6104095549831396,0.023996933748897664,5e-05,20.077777416667033
tt_nominal_a3_to_1_p1500ps,x1.m26,VBS,0.0,0.0,5e-05,5e-05
tt_nominal_a3_to_1_p1500ps,x1.m27,VGS,-0.06589756604776967,0.6741977316801542,5.015458172905743,0.0009905104706188998
tt_nominal_a3_to_1_p1500ps,x1.m27,VGD,-1.8175026151598488,0.3366148620114231,20.09177741666705,5.5193623121507814e-05
tt_nominal_a3_to_1_p1500ps,x1.m27,VDS,0.18959044501686045,1.8239969337488977,5e-05,20.077777416667033
tt_nominal_a3_to_1_p1500ps,x1.m27,VBS,0.0,0.0,5e-05,5e-05
tt_nominal_a3_to_1_p1500ps,x1.m28,VGS,-1.8377494731636237,0.05511971999614529,15.301983342229317,20.17159389994237
tt_nominal_a3_to_1_p1500ps,x1.m28,VGD,-1.8345626870251164,1.8547113125981907,15.30398334222932,20.17359389994237
tt_nominal_a3_to_1_p1500ps,x1.m28,VDS,-1.8132308003038193,0.054322542002188,16.517705171021213,15.381983199050552
tt_nominal_a3_to_1_p1500ps,x1.m28,VBS,0.0,0.0,5e-05,5e-05
tt_nominal_a3_to_1_p1500ps,x1.m29,VGS,-0.037749473163623544,1.8551197199961453,15.301983342229317,20.17159389994237
tt_nominal_a3_to_1_p1500ps,x1.m29,VGD,-1.8345626870251164,1.8547113125981907,15.30398334222932,20.17359389994237
tt_nominal_a3_to_1_p1500ps,x1.m29,VDS,-0.013230800303819235,1.854322542002188,16.517705171021213,15.381983199050552
tt_nominal_a3_to_1_p1500ps,x1.m29,VBS,0.0,0.0,5e-05,5e-05
tt_nominal_a3_to_1_p1500ps,x2.mp1,VGS,-1.8035242426725502,-0.9964127622221461,10.00838177939447,0.004576276418960291
tt_nominal_a3_to_1_p1500ps,x2.mp1,VGD,-1.803172365207714,0.015732827488653678,10.00938177939447,0.000431961326506061
tt_nominal_a3_to_1_p1500ps,x2.mp1,VDS,-1.0541526923222944,0.00039790389482607935,0.000264993033924348,4.994310715919541
tt_nominal_a3_to_1_p1500ps,x2.mp1,VBS,0.0,0.0,5e-05,5e-05
tt_nominal_a3_to_1_p1500ps,x2.mn1,VGS,-0.0035242426725500438,0.8035872377778539,10.00838177939447,0.004576276418960291
tt_nominal_a3_to_1_p1500ps,x2.mn1,VGD,-1.803172365207714,0.015732827488653678,10.00938177939447,0.000431961326506061
tt_nominal_a3_to_1_p1500ps,x2.mn1,VDS,0.7458473076777057,1.8003979038948261,0.000264993033924348,4.994310715919541
tt_nominal_a3_to_1_p1500ps,x2.mn1,VBS,0.0,0.0,5e-05,5e-05
tt_nominal_a3_to_1_p1500ps,x2.mp2,VGS,-1.0541526923222944,0.00039790389482607935,0.000264993033924348,4.994310715919541
tt_nominal_a3_to_1_p1500ps,x2.mp2,VGD,0.7143519440966941,1.8003850391671334,0.000264993033924348,4.994310715919541
tt_nominal_a3_to_1_p1500ps,x2.mp2,VDS,-1.8000099517414274,-1.7233327221260821,10.003381779394473,0.0382316094060084
tt_nominal_a3_to_1_p1500ps,x2.mp2,VBS,0.0,0.0,5e-05,5e-05
tt_nominal_a3_to_1_p1500ps,x2.mn2,VGS,0.7458473076777057,1.8003979038948261,0.000264993033924348,4.994310715919541
tt_nominal_a3_to_1_p1500ps,x2.mn2,VGD,0.7143519440966941,1.8003850391671334,0.000264993033924348,4.994310715919541
tt_nominal_a3_to_1_p1500ps,x2.mn2,VDS,-9.951741427316094e-06,0.07666727787391797,10.003381779394473,0.0382316094060084
tt_nominal_a3_to_1_p1500ps,x2.mn2,VBS,0.0,0.0,5e-05,5e-05
tt_nominal_a3_to_1_p1500ps,x3.mp1,VGS,-1.844347850169917,0.02898456630692925,16.55162848834015,20.136777416667098
tt_nominal_a3_to_1_p1500ps,x3.mp1,VGD,-1.8409010531010113,1.8288990429043703,16.55162848834015,20.136777416667098
tt_nominal_a3_to_1_p1500ps,x3.mp1,VDS,-1.854176135949002,0.10409445295382747,20.227593899942434,16.58671374757169
tt_nominal_a3_to_1_p1500ps,x3.mp1,VBS,0.0,0.0,5e-05,5e-05
tt_nominal_a3_to_1_p1500ps,x3.mn1,VGS,-0.04434785016991704,1.8289845663069293,16.55162848834015,20.136777416667098
tt_nominal_a3_to_1_p1500ps,x3.mn1,VGD,-1.8409010531010113,1.8288990429043703,16.55162848834015,20.136777416667098
tt_nominal_a3_to_1_p1500ps,x3.mn1,VDS,-0.05417613594900208,1.9040944529538275,20.227593899942434,16.58671374757169
tt_nominal_a3_to_1_p1500ps,x3.mn1,VBS,0.0,0.0,5e-05,5e-05
tt_nominal_a3_to_1_p1500ps,x3.mp2,VGS,-1.854176135949002,0.10409445295382747,20.227593899942434,16.58671374757169
tt_nominal_a3_to_1_p1500ps,x3.mp2,VGD,-1.8523714881482698,1.9016166080644286,20.227593899942434,16.58771374757169
tt_nominal_a3_to_1_p1500ps,x3.mp2,VDS,-1.8336510113658977,0.029038502180344983,16.620212189993378,20.274593899942488
tt_nominal_a3_to_1_p1500ps,x3.mp2,VBS,0.0,0.0,5e-05,5e-05
tt_nominal_a3_to_1_p1500ps,x3.mn2,VGS,-0.05417613594900208,1.9040944529538275,20.227593899942434,16.58671374757169
tt_nominal_a3_to_1_p1500ps,x3.mn2,VGD,-1.8523714881482698,1.9016166080644286,20.227593899942434,16.58771374757169
tt_nominal_a3_to_1_p1500ps,x3.mn2,VDS,-0.033651011365897654,1.829038502180345,16.620212189993378,20.274593899942488
tt_nominal_a3_to_1_p1500ps,x3.mn2,VBS,0.0,0.0,5e-05,5e-05
tt_nominal_a3_to_1_p1500ps,x4.mp1,VGS,-1.8470987804678825,0.02915886872950524,5.050867392189567,10.136810853154072
tt_nominal_a3_to_1_p1500ps,x4.mp1,VGD,-1.8433678076312285,1.8290729779371777,5.050867392189567,10.137810853154072
tt_nominal_a3_to_1_p1500ps,x4.mp1,VDS,-1.8558815367000838,0.10473960932828308,10.226810853154026,5.085297860219187
tt_nominal_a3_to_1_p1500ps,x4.mp1,VBS,0.0,0.0,5e-05,5e-05
tt_nominal_a3_to_1_p1500ps,x4.mn1,VGS,-0.0470987804678823,1.8291588687295053,5.050867392189567,10.136810853154072
tt_nominal_a3_to_1_p1500ps,x4.mn1,VGD,-1.8433678076312285,1.8290729779371777,5.050867392189567,10.137810853154072
tt_nominal_a3_to_1_p1500ps,x4.mn1,VDS,-0.05588153670008382,1.9047396093282831,10.226810853154026,5.085297860219187
tt_nominal_a3_to_1_p1500ps,x4.mn1,VBS,0.0,0.0,5e-05,5e-05
tt_nominal_a3_to_1_p1500ps,x4.mp2,VGS,-1.8558815367000838,0.10473960932828308,10.226810853154026,5.085297860219187
tt_nominal_a3_to_1_p1500ps,x4.mp2,VGD,-1.854013742687878,1.9022256192002405,10.226810853154026,5.085297860219187
tt_nominal_a3_to_1_p1500ps,x4.mp2,VDS,-1.833640920652196,0.029056877052418884,5.118607108746057,10.272810853154002
tt_nominal_a3_to_1_p1500ps,x4.mp2,VBS,0.0,0.0,5e-05,5e-05
tt_nominal_a3_to_1_p1500ps,x4.mn2,VGS,-0.05588153670008382,1.9047396093282831,10.226810853154026,5.085297860219187
tt_nominal_a3_to_1_p1500ps,x4.mn2,VGD,-1.854013742687878,1.9022256192002405,10.226810853154026,5.085297860219187
tt_nominal_a3_to_1_p1500ps,x4.mn2,VDS,-0.033640920652195885,1.829056877052419,5.118607108746057,10.272810853154002
tt_nominal_a3_to_1_p1500ps,x4.mn2,VBS,0.0,0.0,5e-05,5e-05
tt_nominal_a3_to_1_p1500ps,x5.mp1,VGS,-1.803520169180011,-0.9920897461879574,20.00895540033906,0.005246321881201674
tt_nominal_a3_to_1_p1500ps,x5.mp1,VGD,-1.8031689164608689,0.01175722452305239,20.009955400339063,0.000431961326506061
tt_nominal_a3_to_1_p1500ps,x5.mp1,VDS,-1.0545322166162108,0.00039840038726479676,0.000264993033924348,4.994310715919541
tt_nominal_a3_to_1_p1500ps,x5.mp1,VBS,0.0,0.0,5e-05,5e-05
tt_nominal_a3_to_1_p1500ps,x5.mn1,VGS,-0.0035201691800109277,0.8079102538120426,20.00895540033906,0.005246321881201674
tt_nominal_a3_to_1_p1500ps,x5.mn1,VGD,-1.8031689164608689,0.01175722452305239,20.009955400339063,0.000431961326506061
tt_nominal_a3_to_1_p1500ps,x5.mn1,VDS,0.7454677833837894,1.8003984003872648,0.000264993033924348,4.994310715919541
tt_nominal_a3_to_1_p1500ps,x5.mn1,VBS,0.0,0.0,5e-05,5e-05
tt_nominal_a3_to_1_p1500ps,x5.mp2,VGS,-1.0545322166162108,0.00039840038726479676,0.000264993033924348,4.994310715919541
tt_nominal_a3_to_1_p1500ps,x5.mp2,VGD,0.7139792087803964,1.800385520552297,0.000264993033924348,4.994310715919541
tt_nominal_a3_to_1_p1500ps,x5.mp2,VDS,-1.8000099252205104,-1.7230561337512127,20.003955400339056,0.0372316094060084
tt_nominal_a3_to_1_p1500ps,x5.mp2,VBS,0.0,0.0,5e-05,5e-05
tt_nominal_a3_to_1_p1500ps,x5.mn2,VGS,0.7454677833837894,1.8003984003872648,0.000264993033924348,4.994310715919541
tt_nominal_a3_to_1_p1500ps,x5.mn2,VGD,0.7139792087803964,1.800385520552297,0.000264993033924348,4.994310715919541
tt_nominal_a3_to_1_p1500ps,x5.mn2,VDS,-9.925220510402355e-06,0.07694386624878731,20.003955400339056,0.0372316094060084
tt_nominal_a3_to_1_p1500ps,x5.mn2,VBS,0.0,0.0,5e-05,5e-05
tt_nominal_a3_to_2_p1500ps,x1.m1,VGS,-1.8,0.0,15.322525229859998,5e-05
tt_nominal_a3_to_2_p1500ps,x1.m1,VGD,-1.8985548264463588,1.8658975660477697,20.170453031008805,5.015458172905743
tt_nominal_a3_to_2_p1500ps,x1.m1,VDS,-1.8658975660477697,0.09855482644635871,5.015458172905743,20.170453031008805
tt_nominal_a3_to_2_p1500ps,x1.m1,VBS,0.0,0.0,5e-05,5e-05
tt_nominal_a3_to_2_p1500ps,x1.m2,VGS,0.0,1.8,15.322525229859998,5e-05
tt_nominal_a3_to_2_p1500ps,x1.m2,VGD,-1.8985548264463588,1.8658975660477697,20.170453031008805,5.015458172905743
tt_nominal_a3_to_2_p1500ps,x1.m2,VDS,-0.06589756604776967,1.8985548264463588,5.015458172905743,20.170453031008805
tt_nominal_a3_to_2_p1500ps,x1.m2,VBS,0.0,0.0,5e-05,5e-05
tt_nominal_a3_to_2_p1500ps,x1.m3,VGS,0.0,0.0,5e-05,5e-05
tt_nominal_a3_to_2_p1500ps,x1.m3,VGD,1.06518692788835,1.8265115747535676,0.0009905104706188998,5.0218673921895585
tt_nominal_a3_to_2_p1500ps,x1.m3,VDS,-1.8265115747535676,-1.06518692788835,5.0218673921895585,0.0009905104706188998
tt_nominal_a3_to_2_p1500ps,x1.m3,VBS,0.0,0.0,5e-05,5e-05
tt_nominal_a3_to_2_p1500ps,x1.m4,VGS,1.8,1.8,5e-05,5e-05
tt_nominal_a3_to_2_p1500ps,x1.m4,VGD,1.06518692788835,1.8265115747535676,0.0009905104706188998,5.0218673921895585
tt_nominal_a3_to_2_p1500ps,x1.m4,VDS,-0.026511574753567597,0.73481307211165,5.0218673921895585,0.0009905104706188998
tt_nominal_a3_to_2_p1500ps,x1.m4,VBS,0.0,0.0,5e-05,5e-05
tt_nominal_a3_to_2_p1500ps,x1.m5,VGS,-1.8,0.0,5e-05,5.0125
tt_nominal_a3_to_2_p1500ps,x1.m5,VGD,-1.8000808948944518,-0.07237826959161331,15.493888291192471,5.0218673921895585
tt_nominal_a3_to_2_p1500ps,x1.m5,VDS,-1.0273102155749738,0.07366604818570788,0.00020095594031415293,16.658143657664617
tt_nominal_a3_to_2_p1500ps,x1.m5,VBS,0.0,0.0,5e-05,5e-05
tt_nominal_a3_to_2_p1500ps,x1.m6,VGS,-1.0721825096495852,0.5254783891032674,25.0,0.0009905104706188998
tt_nominal_a3_to_2_p1500ps,x1.m6,VGD,-1.898889844345181,-0.06738553966645111,5.0218673921895585,0.0006145936723301476
tt_nominal_a3_to_2_p1500ps,x1.m6,VDS,0.5641335573275021,1.896839520858433,5e-05,19.9979336823458
tt_nominal_a3_to_2_p1500ps,x1.m6,VBS,-1.0721884113100169,0.07808742110391212,25.0,20.012500000000003
tt_nominal_a3_to_2_p1500ps,x1.m7,VGS,-1.166007651458975,1.858954665983255,4.999310715919542,20.012500000000003
tt_nominal_a3_to_2_p1500ps,x1.m7,VGD,-0.05552338011103242,1.8591444507923494,5.014751963863396,20.01342524981221
tt_nominal_a3_to_2_p1500ps,x1.m7,VDS,-1.1711502425672373,0.40248534591348234,4.999310715919542,16.5129636200919
tt_nominal_a3_to_2_p1500ps,x1.m7,VBS,-1.182461152132723,0.07926667710078172,15.398953254301485,20.009933682345814
tt_nominal_a3_to_2_p1500ps,x1.m8,VGS,0.0,1.8,5e-05,5.0125
tt_nominal_a3_to_2_p1500ps,x1.m8,VGD,-1.182461152132723,1.8000000456975862,15.398953254301485,5.421607108746151
tt_nominal_a3_to_2_p1500ps,x1.m8,VDS,-0.07926667710078172,1.182461152132723,20.009933682345814,15.398953254301485
tt_nominal_a3_to_2_p1500ps,x1.m8,VBS,0.0,0.0,5e-05,5e-05
tt_nominal_a3_to_2_p1500ps,x1.m9,VGS,-1.0273102155749738,0.07366604818570788,0.00020095594031415293,16.658143657664617
tt_nominal_a3_to_2_p1500ps,x1.m9,VGD,0.004259037718439829,1.8736659748632216,0.0006145936723301476,16.659143657664618
tt_nominal_a3_to_2_p1500ps,x1.m9,VDS,-1.8035242426725502,-0.9964127622221461,10.00838177939447,0.004576276418960291
tt_nominal_a3_to_2_p1500ps,x1.m9,VBS,0.0,0.0,5e-05,5e-05
tt_nominal_a3_to_2_p1500ps,x1.m10,VGS,0.7726897844250261,1.873666048185708,0.00020095594031415293,16.658143657664617
tt_nominal_a3_to_2_p1500ps,x1.m10,VGD,0.004259037718439829,1.8736659748632216,0.0006145936723301476,16.659143657664618
tt_nominal_a3_to_2_p1500ps,x1.m10,VDS,-0.0035242426725500438,0.8035872377778539,10.00838177939447,0.004576276418960291
tt_nominal_a3_to_2_p1500ps,x1.m10,VBS,0.0,0.0,5e-05,5e-05
tt_nominal_a3_to_2_p1500ps,x1.m11,VGS,-1.8,0.0,5e-05,5.0125
tt_nominal_a3_to_2_p1500ps,x1.m11,VGD,-1.8000905224612478,-0.0723756757445182,15.49288829119247,5.0218673921895585
tt_nominal_a3_to_2_p1500ps,x1.m11,VDS,-1.026990088185766,0.07367152732410265,0.00020095594031415293,5.1576071087460695
tt_nominal_a3_to_2_p1500ps,x1.m11,VBS,0.0,0.0,5e-05,5e-05
tt_nominal_a3_to_2_p1500ps,x1.m12,VGS,-1.0909337373573578,0.562199517181567,15.38495325430147,0.0009905104706188998
tt_nominal_a3_to_2_p1500ps,x1.m12,VGD,-1.8988872504980858,-0.06799076072648469,5.0218673921895585,0.0006145936723301476
tt_nominal_a3_to_2_p1500ps,x1.m12,VDS,0.6143127042494659,1.8965014944286125,0.000264993033924348,9.997381779394477
tt_nominal_a3_to_2_p1500ps,x1.m12,VBS,-1.0920917530276593,0.07570229258408365,15.383953254301469,10.012381779394468
tt_nominal_a3_to_2_p1500ps,x1.m13,VGS,-1.1054127027788947,1.8677060122761378,16.499254577276478,10.012499999999998
tt_nominal_a3_to_2_p1500ps,x1.m13,VGD,-0.7753618016955506,1.8686178189779086,16.511009255595564,10.013892035261938
tt_nominal_a3_to_2_p1500ps,x1.m13,VDS,-0.35364966727715375,0.8318654423203737,16.499254577276478,20.009933682345814
tt_nominal_a3_to_2_p1500ps,x1.m13,VBS,-1.182461152132723,0.07926667710078172,15.398953254301485,20.009933682345814
tt_nominal_a3_to_2_p1500ps,x1.m14,VGS,-1.026990088185766,0.07367152732410265,0.00020095594031415293,5.1576071087460695
tt_nominal_a3_to_2_p1500ps,x1.m14,VGD,0.004618293136353535,1.873671453000827,0.0006145936723301476,5.15860710874607
tt_nominal_a3_to_2_p1500ps,x1.m14,VDS,-1.8035243706783979,-0.9966399035465259,20.008933682345813,0.004576276418960291
tt_nominal_a3_to_2_p1500ps,x1.m14,VBS,0.0,0.0,5e-05,5e-05
tt_nominal_a3_to_2_p1500ps,x1.m15,VGS,0.773009911814234,1.8736715273241027,0.00020095594031415293,5.1576071087460695
tt_nominal_a3_to_2_p1500ps,x1.m15,VGD,0.004618293136353535,1.873671453000827,0.0006145936723301476,5.15860710874607
tt_nominal_a3_to_2_p1500ps,x1.m15,VDS,-0.0035243706783978025,0.8033600964534742,20.008933682345813,0.004576276418960291
tt_nominal_a3_to_2_p1500ps,x1.m15,VBS,0.0,0.0,5e-05,5e-05
tt_nominal_a3_to_2_p1500ps,x1.m16,VGS,-1.8,0.0,5e-05,5.0125
tt_nominal_a3_to_2_p1500ps,x1.m16,VGD,-1.8003791813486654,1.799999895827608,15.839888291192864,18.000143657666136
tt_nominal_a3_to_2_p1500ps,x1.m16,VDS,-1.8343737811139789,0.07317022095538661,20.004933682345808,5.012743175552484
tt_nominal_a3_to_2_p1500ps,x1.m16,VBS,0.0,0.0,5e-05,5e-05
tt_nominal_a3_to_2_p1500ps,x1.m17,VGS,0.09693616342094577,1.8495202953990162,5e-05,20.009933682345814
tt_nominal_a3_to_2_p1500ps,x1.m17,VGD,-0.5181996235976629,1.8274002856405611,5e-05,20.004933682345808
tt_nominal_a3_to_2_p1500ps,x1.m17,VDS,4.073299639251182e-08,1.2308628640450228,17.882143657666003,16.5212326447113
tt_nominal_a3_to_2_p1500ps,x1.m17,VBS,-1.5279612728796836,0.05486682629445286,15.588888291192578,20.00793368234581
tt_nominal_a3_to_2_p1500ps,x1.m18,VGS,-1.166007651458975,1.858954665983255,4.999310715919542,20.012500000000003
tt_nominal_a3_to_2_p1500ps,x1.m18,VGD,-1.2545603809931811,1.8340077481789647,15.301997450509997,20.00793368234581
tt_nominal_a3_to_2_p1500ps,x1.m18,VDS,-0.03443954681250849,1.2860487059076418,16.499254577276478,10.01038177939447
tt_nominal_a3_to_2_p1500ps,x1.m18,VBS,-1.182461152132723,0.07926667710078172,15.398953254301485,20.009933682345814
tt_nominal_a3_to_2_p1500ps,x1.m19,VGS,-1.8343737811139789,0.07317022095538661,20.004933682345808,5.012743175552484
tt_nominal_a3_to_2_p1500ps,x1.m19,VGD,-1.8289138526722173,1.8731289077548432,20.00593368234581,5.19260710874608
tt_nominal_a3_to_2_p1500ps,x1.m19,VDS,-1.8442974410157913,0.029537519239055232,16.54923264471133,20.134777416667095
tt_nominal_a3_to_2_p1500ps,x1.m19,VBS,0.0,0.0,5e-05,5e-05
tt_nominal_a3_to_2_p1500ps,x1.m20,VGS,-0.034373781113978846,1.8731702209553867,20.004933682345808,5.012743175552484
tt_nominal_a3_to_2_p1500ps,x1.m20,VGD,-1.8289138526722173,1.8731289077548432,20.00593368234581,5.19260710874608
tt_nominal_a3_to_2_p1500ps,x1.m20,VDS,-0.04429744101579126,1.8295375192390553,16.54923264471133,20.134777416667095
tt_nominal_a3_to_2_p1500ps,x1.m20,VBS,0.0,0.0,5e-05,5e-05
tt_nominal_a3_to_2_p1500ps,x1.m21,VGS,-1.8,0.0,5e-05,5.0125
tt_nominal_a3_to_2_p1500ps,x1.m21,VGD,-1.8003319959325703,1.8000002452602666,15.429888291192398,5.412607108746148
tt_nominal_a3_to_2_p1500ps,x1.m21,VDS,-1.833960728395604,0.07633650436851691,10.004381779394473,5.015458172905743
tt_nominal_a3_to_2_p1500ps,x1.m21,VBS,0.0,0.0,5e-05,5e-05
tt_nominal_a3_to_2_p1500ps,x1.m22,VGS,0.16552811576695733,1.8483674614534769,5e-05,10.00938177939447
tt_nominal_a3_to_2_p1500ps,x1.m22,VGD,-0.5181560606217913,1.8270873523009834,5e-05,10.005381779394472
tt_nominal_a3_to_2_p1500ps,x1.m22,VDS,-1.294308232258068e-07,1.2430151280794388,5.403607108746145,5.022867392189559
tt_nominal_a3_to_2_p1500ps,x1.m22,VBS,-1.2079511356479178,0.05372136850439038,25.0,10.00838177939447
tt_nominal_a3_to_2_p1500ps,x1.m23,VGS,-1.1054127027788947,1.8677060122761378,16.499254577276478,10.012499999999998
tt_nominal_a3_to_2_p1500ps,x1.m23,VGD,-1.207948659569374,1.841065505250485,25.0,10.00938177939447
tt_nominal_a3_to_2_p1500ps,x1.m23,VDS,-0.07298141825049331,1.2630057776507777,15.4318882911924,20.010933682345815
tt_nominal_a3_to_2_p1500ps,x1.m23,VBS,-1.182461152132723,0.07926667710078172,15.398953254301485,20.009933682345814
tt_nominal_a3_to_2_p1500ps,x1.m24,VGS,-1.833960728395604,0.07633650436851691,10.004381779394473,5.015458172905743
tt_nominal_a3_to_2_p1500ps,x1.m24,VGD,-1.828602790612506,1.8756734599727707,10.006381779394472,5.015458172905743
tt_nominal_a3_to_2_p1500ps,x1.m24,VDS,-1.8470987804678825,0.02915886872950524,5.050867392189567,10.136810853154072
tt_nominal_a3_to_2_p1500ps,x1.m24,VBS,0.0,0.0,5e-05,5e-05
tt_nominal_a3_to_2_p1500ps,x1.m25,VGS,-0.03396072839560407,1.876336504368517,10.004381779394473,5.015458172905743
tt_nominal_a3_to_2_p1500ps,x1.m25,VGD,-1.828602790612506,1.8756734599727707,10.006381779394472,5.015458172905743
tt_nominal_a3_to_2_p1500ps,x1.m25,VDS,-0.0470987804678823,1.8291588687295053,5.050867392189567,10.136810853154072
tt_nominal_a3_to_2_p1500ps,x1.m25,VBS,0.0,0.0,5e-05,5e-05
tt_nominal_a3_to_2_p1500ps,x1.m26,VGS,-1.8658975660477697,0.09855482644635871,5.015458172905743,20.170453031008805
tt_nominal_a3_to_2_p1500ps,x1.m26,VGD,-1.8345787034030587,1.8977557461882704,15.30399745051,20.171453031008806
tt_nominal_a3_to_2_p1500ps,x1.m26,VDS,-1.8271352549707318,0.05717399068480189,16.513327764846434,15.381953254301466
tt_nominal_a3_to_2_p1500ps,x1.m26,VBS,0.0,0.0,5e-05,5e-05
tt_nominal_a3_to_2_p1500ps,x1.m27,VGS,-0.06589756604776967,1.8985548264463588,5.015458172905743,20.170453031008805
tt_nominal_a3_to_2_p1500ps,x1.m27,VGD,-1.8345787034030587,1.8977557461882704,15.30399745051,20.171453031008806
tt_nominal_a3_to_2_p1500ps,x1.m27,VDS,-0.02713525497073184,1.857173990684802,16.513327764846434,15.381953254301466
tt_nominal_a3_to_2_p1500ps,x1.m27,VBS,0.0,0.0,5e-05,5e-05
tt_nominal_a3_to_2_p1500ps,x1.m28,VGS,-1.8265115747535676,-1.06518692788835,5.0218673921895585,0.0009905104706188998
tt_nominal_a3_to_2_p1500ps,x1.m28,VGD,-1.8102543910971411,0.30414807108936176,20.03589428384907,5.222583848064621e-05
tt_nominal_a3_to_2_p1500ps,x1.m28,VDS,-1.5401092601354258,0.012951003631937352,5e-05,20.053777416667003
tt_nominal_a3_to_2_p1500ps,x1.m28,VBS,0.0,0.0,5e-05,5e-05
tt_nominal_a3_to_2_p1500ps,x1.m29,VGS,-0.026511574753567597,0.73481307211165,5.0218673921895585,0.0009905104706188998
tt_nominal_a3_to_2_p1500ps,x1.m29,VGD,-1.8102543910971411,0.30414807108936176,20.03589428384907,5.222583848064621e-05
tt_nominal_a3_to_2_p1500ps,x1.m29,VDS,0.2598907398645742,1.8129510036319374,5e-05,20.053777416667003
tt_nominal_a3_to_2_p1500ps,x1.m29,VBS,0.0,0.0,5e-05,5e-05
tt_nominal_a3_to_2_p1500ps,x2.mp1,VGS,-1.8035242426725502,-0.9964127622221461,10.00838177939447,0.004576276418960291
tt_nominal_a3_to_2_p1500ps,x2.mp1,VGD,-1.803172365207714,0.015732827488653678,10.00938177939447,0.000431961326506061
tt_nominal_a3_to_2_p1500ps,x2.mp1,VDS,-1.0541526923222944,0.00039790389482607935,0.000264993033924348,4.994310715919541
tt_nominal_a3_to_2_p1500ps,x2.mp1,VBS,0.0,0.0,5e-05,5e-05
tt_nominal_a3_to_2_p1500ps,x2.mn1,VGS,-0.0035242426725500438,0.8035872377778539,10.00838177939447,0.004576276418960291
tt_nominal_a3_to_2_p1500ps,x2.mn1,VGD,-1.803172365207714,0.015732827488653678,10.00938177939447,0.000431961326506061
tt_nominal_a3_to_2_p1500ps,x2.mn1,VDS,0.7458473076777057,1.8003979038948261,0.000264993033924348,4.994310715919541
tt_nominal_a3_to_2_p1500ps,x2.mn1,VBS,0.0,0.0,5e-05,5e-05
tt_nominal_a3_to_2_p1500ps,x2.mp2,VGS,-1.0541526923222944,0.00039790389482607935,0.000264993033924348,4.994310715919541
tt_nominal_a3_to_2_p1500ps,x2.mp2,VGD,0.7143519440966941,1.8003850391671334,0.000264993033924348,4.994310715919541
tt_nominal_a3_to_2_p1500ps,x2.mp2,VDS,-1.8000099517414274,-1.7233327221260821,10.003381779394473,0.0382316094060084
tt_nominal_a3_to_2_p1500ps,x2.mp2,VBS,0.0,0.0,5e-05,5e-05
tt_nominal_a3_to_2_p1500ps,x2.mn2,VGS,0.7458473076777057,1.8003979038948261,0.000264993033924348,4.994310715919541
tt_nominal_a3_to_2_p1500ps,x2.mn2,VGD,0.7143519440966941,1.8003850391671334,0.000264993033924348,4.994310715919541
tt_nominal_a3_to_2_p1500ps,x2.mn2,VDS,-9.951741427316094e-06,0.07666727787391797,10.003381779394473,0.0382316094060084
tt_nominal_a3_to_2_p1500ps,x2.mn2,VBS,0.0,0.0,5e-05,5e-05
tt_nominal_a3_to_2_p1500ps,x3.mp1,VGS,-1.8035243706783979,-0.9966399035465259,20.008933682345813,0.004576276418960291
tt_nominal_a3_to_2_p1500ps,x3.mp1,VGD,-1.8031716453841595,0.015934337538077825,10.00938177939447,0.000431961326506061
tt_nominal_a3_to_2_p1500ps,x3.mp1,VDS,-1.054143603127712,0.00039789569750348086,0.000264993033924348,4.994310715919541
tt_nominal_a3_to_2_p1500ps,x3.mp1,VBS,0.0,0.0,5e-05,5e-05
tt_nominal_a3_to_2_p1500ps,x3.mn1,VGS,-0.0035243706783978025,0.8033600964534742,20.008933682345813,0.004576276418960291
tt_nominal_a3_to_2_p1500ps,x3.mn1,VGD,-1.8031716453841595,0.015934337538077825,10.00938177939447,0.000431961326506061
tt_nominal_a3_to_2_p1500ps,x3.mn1,VDS,0.7458563968722881,1.8003978956975035,0.000264993033924348,4.994310715919541
tt_nominal_a3_to_2_p1500ps,x3.mn1,VBS,0.0,0.0,5e-05,5e-05
tt_nominal_a3_to_2_p1500ps,x3.mp2,VGS,-1.054143603127712,0.00039789569750348086,0.000264993033924348,4.994310715919541
tt_nominal_a3_to_2_p1500ps,x3.mp2,VGD,0.7143609244943563,1.8003850312214364,0.000264993033924348,4.994310715919541
tt_nominal_a3_to_2_p1500ps,x3.mp2,VDS,-1.800009947691703,-1.723347278540959,10.003381779394473,0.0382316094060084
tt_nominal_a3_to_2_p1500ps,x3.mp2,VBS,0.0,0.0,5e-05,5e-05
tt_nominal_a3_to_2_p1500ps,x3.mn2,VGS,0.7458563968722881,1.8003978956975035,0.000264993033924348,4.994310715919541
tt_nominal_a3_to_2_p1500ps,x3.mn2,VGD,0.7143609244943563,1.8003850312214364,0.000264993033924348,4.994310715919541
tt_nominal_a3_to_2_p1500ps,x3.mn2,VDS,-9.947691703041271e-06,0.0766527214590412,10.003381779394473,0.0382316094060084
tt_nominal_a3_to_2_p1500ps,x3.mn2,VBS,0.0,0.0,5e-05,5e-05
tt_nominal_a3_to_2_p1500ps,x4.mp1,VGS,-1.8470987804678825,0.02915886872950524,5.050867392189567,10.136810853154072
tt_nominal_a3_to_2_p1500ps,x4.mp1,VGD,-1.8433678076312285,1.8290729779371777,5.050867392189567,10.137810853154072
tt_nominal_a3_to_2_p1500ps,x4.mp1,VDS,-1.8558815367000838,0.10473960932828308,10.226810853154026,5.085297860219187
tt_nominal_a3_to_2_p1500ps,x4.mp1,VBS,0.0,0.0,5e-05,5e-05
tt_nominal_a3_to_2_p1500ps,x4.mn1,VGS,-0.0470987804678823,1.8291588687295053,5.050867392189567,10.136810853154072
tt_nominal_a3_to_2_p1500ps,x4.mn1,VGD,-1.8433678076312285,1.8290729779371777,5.050867392189567,10.137810853154072
tt_nominal_a3_to_2_p1500ps,x4.mn1,VDS,-0.05588153670008382,1.9047396093282831,10.226810853154026,5.085297860219187
tt_nominal_a3_to_2_p1500ps,x4.mn1,VBS,0.0,0.0,5e-05,5e-05
tt_nominal_a3_to_2_p1500ps,x4.mp2,VGS,-1.8558815367000838,0.10473960932828308,10.226810853154026,5.085297860219187
tt_nominal_a3_to_2_p1500ps,x4.mp2,VGD,-1.854013742687878,1.9022256192002405,10.226810853154026,5.085297860219187
tt_nominal_a3_to_2_p1500ps,x4.mp2,VDS,-1.833640920652196,0.029056877052418884,5.118607108746057,10.272810853154002
tt_nominal_a3_to_2_p1500ps,x4.mp2,VBS,0.0,0.0,5e-05,5e-05
tt_nominal_a3_to_2_p1500ps,x4.mn2,VGS,-0.05588153670008382,1.9047396093282831,10.226810853154026,5.085297860219187
tt_nominal_a3_to_2_p1500ps,x4.mn2,VGD,-1.854013742687878,1.9022256192002405,10.226810853154026,5.085297860219187
tt_nominal_a3_to_2_p1500ps,x4.mn2,VDS,-0.033640920652195885,1.829056877052419,5.118607108746057,10.272810853154002
tt_nominal_a3_to_2_p1500ps,x4.mn2,VBS,0.0,0.0,5e-05,5e-05
tt_nominal_a3_to_2_p1500ps,x5.mp1,VGS,-1.8442974410157913,0.029537519239055232,16.54923264471133,20.134777416667095
tt_nominal_a3_to_2_p1500ps,x5.mp1,VGD,-1.8408493079504427,1.8294480490139722,16.550232644711333,20.135777416667096
tt_nominal_a3_to_2_p1500ps,x5.mp1,VDS,-1.8555015573063944,0.10362394973009148,20.224453031008867,16.585953419308236
tt_nominal_a3_to_2_p1500ps,x5.mp1,VBS,0.0,0.0,5e-05,5e-05
tt_nominal_a3_to_2_p1500ps,x5.mn1,VGS,-0.04429744101579126,1.8295375192390553,16.54923264471133,20.134777416667095
tt_nominal_a3_to_2_p1500ps,x5.mn1,VGD,-1.8408493079504427,1.8294480490139722,16.550232644711333,20.135777416667096
tt_nominal_a3_to_2_p1500ps,x5.mn1,VDS,-0.05550155730639437,1.9036239497300915,20.224453031008867,16.585953419308236
tt_nominal_a3_to_2_p1500ps,x5.mn1,VBS,0.0,0.0,5e-05,5e-05
tt_nominal_a3_to_2_p1500ps,x5.mp2,VGS,-1.8555015573063944,0.10362394973009148,20.224453031008867,16.585953419308236
tt_nominal_a3_to_2_p1500ps,x5.mp2,VGD,-1.8536465420752837,1.901166119832939,20.224453031008867,16.585953419308236
tt_nominal_a3_to_2_p1500ps,x5.mp2,VDS,-1.8336099106599508,0.029031054071373186,16.619143657664573,20.270453031008916
tt_nominal_a3_to_2_p1500ps,x5.mp2,VBS,0.0,0.0,5e-05,5e-05
tt_nominal_a3_to_2_p1500ps,x5.mn2,VGS,-0.05550155730639437,1.9036239497300915,20.224453031008867,16.585953419308236
tt_nominal_a3_to_2_p1500ps,x5.mn2,VGD,-1.8536465420752837,1.901166119832939,20.224453031008867,16.585953419308236
tt_nominal_a3_to_2_p1500ps,x5.mn2,VDS,-0.03360991065995083,1.8290310540713732,16.619143657664573,20.270453031008916
tt_nominal_a3_to_2_p1500ps,x5.mn2,VBS,0.0,0.0,5e-05,5e-05
tt_stress_a0_to_1_p1500ps,x1.m1,VGS,-1.8,0.0,5e-05,15.424192586062997
tt_stress_a0_to_1_p1500ps,x1.m1,VGD,-1.8998888965817984,1.8625295727545823,10.172025045078646,16.515444745226976
tt_stress_a0_to_1_p1500ps,x1.m1,VDS,-1.8625295727545823,0.09988889658179834,16.515444745226976,10.172025045078646
tt_stress_a0_to_1_p1500ps,x1.m1,VBS,0.0,0.0,5e-05,5e-05
tt_stress_a0_to_1_p1500ps,x1.m2,VGS,0.0,1.8,5e-05,15.424192586062997
tt_stress_a0_to_1_p1500ps,x1.m2,VGD,-1.8998888965817984,1.8625295727545823,10.172025045078646,16.515444745226976
tt_stress_a0_to_1_p1500ps,x1.m2,VDS,-0.06252957275458229,1.8998888965817984,16.515444745226976,10.172025045078646
tt_stress_a0_to_1_p1500ps,x1.m2,VBS,0.0,0.0,5e-05,5e-05
tt_stress_a0_to_1_p1500ps,x1.m3,VGS,-1.8,-1.8,5e-05,5e-05
tt_stress_a0_to_1_p1500ps,x1.m3,VGD,-1.8553879777822488,-0.5394998414933617,10.168025045078648,5e-05
tt_stress_a0_to_1_p1500ps,x1.m3,VDS,-1.2605001585066384,0.0553879777822488,5e-05,10.168025045078648
tt_stress_a0_to_1_p1500ps,x1.m3,VBS,0.0,0.0,5e-05,5e-05
tt_stress_a0_to_1_p1500ps,x1.m4,VGS,0.0,0.0,5e-05,5e-05
tt_stress_a0_to_1_p1500ps,x1.m4,VGD,-1.8553879777822488,-0.5394998414933617,10.168025045078648,5e-05
tt_stress_a0_to_1_p1500ps,x1.m4,VDS,0.5394998414933617,1.8553879777822488,5e-05,10.168025045078648
tt_stress_a0_to_1_p1500ps,x1.m4,VBS,0.0,0.0,5e-05,5e-05
tt_stress_a0_to_1_p1500ps,x1.m5,VGS,-1.8,0.0,5e-05,5.0125
tt_stress_a0_to_1_p1500ps,x1.m5,VGD,-1.7999567726631305,1.7999998944045406,25.0,6.619406262155525
tt_stress_a0_to_1_p1500ps,x1.m5,VDS,-1.8345910141591757,0.07670617219880049,10.004873506204227,5.01504163218827
tt_stress_a0_to_1_p1500ps,x1.m5,VBS,0.0,0.0,5e-05,5e-05
tt_stress_a0_to_1_p1500ps,x1.m6,VGS,0.3244532130588934,1.8466044510827768,5e-05,10.008873506204225
tt_stress_a0_to_1_p1500ps,x1.m6,VGD,-0.2490096986310627,1.825987314783029,5e-05,10.004873506204227
tt_stress_a0_to_1_p1500ps,x1.m6,VDS,4.139952711821056e-08,1.2373623502437878,6.5454062621555025,5.022423557740609
tt_stress_a0_to_1_p1500ps,x1.m6,VBS,-1.2088345625757682,0.05517851009194749,25.0,10.007873506204225
tt_stress_a0_to_1_p1500ps,x1.m7,VGS,-1.1092527504385519,1.8590872363986077,16.49962122600518,10.012499999999998
tt_stress_a0_to_1_p1500ps,x1.m7,VGD,-1.208820748555816,1.8342782948269343,25.0,10.007873506204225
tt_stress_a0_to_1_p1500ps,x1.m7,VDS,-0.04384142460497453,1.2586158812165278,4.999194999988355,20.009956540680168
tt_stress_a0_to_1_p1500ps,x1.m7,VBS,-1.1709930693941124,0.07940793108924395,4.999194999988355,10.009873506204224
tt_stress_a0_to_1_p1500ps,x1.m8,VGS,0.0,1.8,5e-05,5.0125
tt_stress_a0_to_1_p1500ps,x1.m8,VGD,-1.0888635718512247,1.8000000120104713,15.330352517540002,17.66936833161499
tt_stress_a0_to_1_p1500ps,x1.m8,VDS,-0.07940793108924395,1.1709930693941124,10.009873506204224,4.999194999988355
tt_stress_a0_to_1_p1500ps,x1.m8,VBS,0.0,0.0,5e-05,5e-05
tt_stress_a0_to_1_p1500ps,x1.m9,VGS,-1.8345910141591757,0.07670617219880049,10.004873506204227,5.01504163218827
tt_stress_a0_to_1_p1500ps,x1.m9,VGD,-1.8290890271680373,1.8760992776265957,10.005873506204226,5.015775404799897
tt_stress_a0_to_1_p1500ps,x1.m9,VDS,-1.8418708432455473,0.029362117116790376,5.051423557740618,10.134025045078666
tt_stress_a0_to_1_p1500ps,x1.m9,VBS,0.0,0.0,5e-05,5e-05
tt_stress_a0_to_1_p1500ps,x1.m10,VGS,-0.034591014159175565,1.8767061721988005,10.004873506204227,5.01504163218827
tt_stress_a0_to_1_p1500ps,x1.m10,VGD,-1.8290890271680373,1.8760992776265957,10.005873506204226,5.015775404799897
tt_stress_a0_to_1_p1500ps,x1.m10,VDS,-0.041870843245547296,1.8293621171167904,5.051423557740618,10.134025045078666
tt_stress_a0_to_1_p1500ps,x1.m10,VBS,0.0,0.0,5e-05,5e-05
tt_stress_a0_to_1_p1500ps,x1.m11,VGS,-1.8,0.0,5e-05,5.0125
tt_stress_a0_to_1_p1500ps,x1.m11,VGD,-1.800369026858149,1.80000001496436,15.682084062654658,17.67036833161499
tt_stress_a0_to_1_p1500ps,x1.m11,VDS,-1.8342370827571466,0.07337623678362815,20.004956540680162,5.012666224800732
tt_stress_a0_to_1_p1500ps,x1.m11,VBS,0.0,0.0,5e-05,5e-05
tt_stress_a0_to_1_p1500ps,x1.m12,VGS,0.25085252280413073,1.8455396987002253,15.494084062654444,20.008956540680167
tt_stress_a0_to_1_p1500ps,x1.m12,VGD,-0.24901059081133792,1.8257338419771367,5e-05,20.004956540680162
tt_stress_a0_to_1_p1500ps,x1.m12,VDS,1.384093309408918e-08,1.2338764985854653,17.678368331615,16.522161016359416
tt_stress_a0_to_1_p1500ps,x1.m12,VBS,-1.5557781346614101,0.05407067677231167,15.494084062654444,20.007956540680166
tt_stress_a0_to_1_p1500ps,x1.m13,VGS,-1.1687649222034604,1.8678296413886144,4.999194999988355,20.012500000000003
tt_stress_a0_to_1_p1500ps,x1.m13,VGD,-1.2449142419498838,1.8414178869120077,15.413352517540096,20.009956540680168
tt_stress_a0_to_1_p1500ps,x1.m13,VDS,-0.03666515909853785,1.2869586342983346,16.49962122600518,10.010873506204224
tt_stress_a0_to_1_p1500ps,x1.m13,VBS,-1.1709930693941124,0.07940793108924395,4.999194999988355,10.009873506204224
tt_stress_a0_to_1_p1500ps,x1.m14,VGS,-1.8342370827571466,0.07337623678362815,20.004956540680162,5.012666224800732
tt_stress_a0_to_1_p1500ps,x1.m14,VGD,-1.8287972208266214,1.8729289704908825,20.005956540680163,5.013520234607411
tt_stress_a0_to_1_p1500ps,x1.m14,VDS,-1.8444953265835364,0.028984735762241476,16.550161016359446,20.136777416667098
tt_stress_a0_to_1_p1500ps,x1.m14,VBS,0.0,0.0,5e-05,5e-05
tt_stress_a0_to_1_p1500ps,x1.m15,VGS,-0.03423708275714654,1.8733762367836282,20.004956540680162,5.012666224800732
tt_stress_a0_to_1_p1500ps,x1.m15,VGD,-1.8287972208266214,1.8729289704908825,20.005956540680163,5.013520234607411
tt_stress_a0_to_1_p1500ps,x1.m15,VDS,-0.04449532658353628,1.8289847357622415,16.550161016359446,20.136777416667098
tt_stress_a0_to_1_p1500ps,x1.m15,VBS,0.0,0.0,5e-05,5e-05
tt_stress_a0_to_1_p1500ps,x1.m16,VGS,-1.8,0.0,5e-05,5.0125
tt_stress_a0_to_1_p1500ps,x1.m16,VGD,-1.8001111245985366,-0.07298564403491459,15.469084062654415,5.017423557740607
tt_stress_a0_to_1_p1500ps,x1.m16,VDS,-1.0397098218253351,0.07367788026485123,0.0002081409052984048,5.178406262155083
tt_stress_a0_to_1_p1500ps,x1.m16,VBS,0.0,0.0,5e-05,5e-05
tt_stress_a0_to_1_p1500ps,x1.m17,VGS,-1.0843311498150703,0.5014491565255204,15.330352517540002,0.01627073196827571
tt_stress_a0_to_1_p1500ps,x1.m17,VGD,-1.8860507720081625,-0.22704203670419254,5.017423557740607,0.011270731968275709
tt_stress_a0_to_1_p1500ps,x1.m17,VDS,0.6102467736293224,1.8968425711799632,0.00027461063665586665,9.99787350620423
tt_stress_a0_to_1_p1500ps,x1.m17,VBS,-1.0843329494337888,0.07823665745369215,15.330352517540002,10.012499999999998
tt_stress_a0_to_1_p1500ps,x1.m18,VGS,-1.1092527504385519,1.8590872363986077,16.49962122600518,10.012499999999998
tt_stress_a0_to_1_p1500ps,x1.m18,VGD,-0.7976960629224297,1.8592159945872615,16.515444745226976,10.01345303743058
tt_stress_a0_to_1_p1500ps,x1.m18,VDS,-0.36688200032126583,0.8245416097135849,16.49962122600518,20.009956540680168
tt_stress_a0_to_1_p1500ps,x1.m18,VBS,-1.1709930693941124,0.07940793108924395,4.999194999988355,10.009873506204224
tt_stress_a0_to_1_p1500ps,x1.m19,VGS,-1.0397098218253351,0.07367788026485123,0.0002081409052984048,5.178406262155083
tt_stress_a0_to_1_p1500ps,x1.m19,VGD,-0.002249515947112868,1.8736778230561044,0.0006263675003370344,5.179406262155084
tt_stress_a0_to_1_p1500ps,x1.m19,VDS,-1.8035201327393953,-0.9915836033339703,20.008956540680167,0.005254146393655142
tt_stress_a0_to_1_p1500ps,x1.m19,VBS,0.0,0.0,5e-05,5e-05
tt_stress_a0_to_1_p1500ps,x1.m20,VGS,0.7602901781746649,1.8736778802648513,0.0002081409052984048,5.178406262155083
tt_stress_a0_to_1_p1500ps,x1.m20,VGD,-0.002249515947112868,1.8736778230561044,0.0006263675003370344,5.179406262155084
tt_stress_a0_to_1_p1500ps,x1.m20,VDS,-0.0035201327393951294,0.8084163966660297,20.008956540680167,0.005254146393655142
tt_stress_a0_to_1_p1500ps,x1.m20,VBS,0.0,0.0,5e-05,5e-05
tt_stress_a0_to_1_p1500ps,x1.m21,VGS,-1.8,0.0,5e-05,5.0125
tt_stress_a0_to_1_p1500ps,x1.m21,VGD,-1.8000722650043326,-0.07300079052501829,15.469084062654415,5.018423557740608
tt_stress_a0_to_1_p1500ps,x1.m21,VDS,-1.0396397812703333,0.07368479978411258,0.0002081409052984048,16.67336833161386
tt_stress_a0_to_1_p1500ps,x1.m21,VBS,0.0,0.0,5e-05,5e-05
tt_stress_a0_to_1_p1500ps,x1.m22,VGS,-1.072281691108529,0.5153151386827848,25.0,0.01627073196827571
tt_stress_a0_to_1_p1500ps,x1.m22,VGD,-1.8860659376280435,-0.2271902269004522,5.017423557740607,0.011270731968275709
tt_stress_a0_to_1_p1500ps,x1.m22,VDS,0.6397712309964203,1.8964986033966222,0.00027461063665586665,19.997956540680153
tt_stress_a0_to_1_p1500ps,x1.m22,VBS,-1.072282849143963,0.07583093014367652,25.0,20.012500000000003
tt_stress_a0_to_1_p1500ps,x1.m23,VGS,-1.1687649222034604,1.8678296413886144,4.999194999988355,20.012500000000003
tt_stress_a0_to_1_p1500ps,x1.m23,VGD,-0.024469086558156824,1.8686933183737051,5.011994067711694,20.014101204378676
tt_stress_a0_to_1_p1500ps,x1.m23,VDS,-1.1705347832348254,0.42286573649886994,4.999194999988355,16.512979548099157
tt_stress_a0_to_1_p1500ps,x1.m23,VBS,-1.1709930693941124,0.07940793108924395,4.999194999988355,10.009873506204224
tt_stress_a0_to_1_p1500ps,x1.m24,VGS,-1.0396397812703333,0.07368479978411258,0.0002081409052984048,16.67336833161386
tt_stress_a0_to_1_p1500ps,x1.m24,VGD,-0.002140872580965736,1.8736847419531466,0.0006263675003370344,16.674368331613863
tt_stress_a0_to_1_p1500ps,x1.m24,VDS,-1.803520411512867,-0.9916530286471522,10.008873506204225,0.005254146393655142
tt_stress_a0_to_1_p1500ps,x1.m24,VBS,0.0,0.0,5e-05,5e-05
tt_stress_a0_to_1_p1500ps,x1.m25,VGS,0.7603602187296667,1.8736847997841126,0.0002081409052984048,16.67336833161386
tt_stress_a0_to_1_p1500ps,x1.m25,VGD,-0.002140872580965736,1.8736847419531466,0.0006263675003370344,16.674368331613863
tt_stress_a0_to_1_p1500ps,x1.m25,VDS,-0.0035204115128667783,0.8083469713528478,10.008873506204225,0.005254146393655142
tt_stress_a0_to_1_p1500ps,x1.m25,VBS,0.0,0.0,5e-05,5e-05
tt_stress_a0_to_1_p1500ps,x1.m26,VGS,-1.8625295727545823,0.09988889658179834,16.515444745226976,10.172025045078646
tt_stress_a0_to_1_p1500ps,x1.m26,VGD,-1.8175034177998473,1.8990807800635372,20.09177741666705,10.174025045078645
tt_stress_a0_to_1_p1500ps,x1.m26,VDS,-1.828961905677798,0.023996966395309238,5.013153876278411,20.077777416667033
tt_stress_a0_to_1_p1500ps,x1.m26,VBS,0.0,0.0,5e-05,5e-05
tt_stress_a0_to_1_p1500ps,x1.m27,VGS,-0.06252957275458229,1.8998888965817984,16.515444745226976,10.172025045078646
tt_stress_a0_to_1_p1500ps,x1.m27,VGD,-1.8175034177998473,1.8990807800635372,20.09177741666705,10.174025045078645
tt_stress_a0_to_1_p1500ps,x1.m27,VDS,-0.028961905677797842,1.8239969663953093,5.013153876278411,20.077777416667033
tt_stress_a0_to_1_p1500ps,x1.m27,VBS,0.0,0.0,5e-05,5e-05
tt_stress_a0_to_1_p1500ps,x1.m28,VGS,-1.2605001585066384,0.0553879777822488,5e-05,10.168025045078648
tt_stress_a0_to_1_p1500ps,x1.m28,VGD,0.09960471458471687,1.8549627907686919,0.011270731968275709,10.169025045078648
tt_stress_a0_to_1_p1500ps,x1.m28,VDS,-1.813065127973248,-1.070196770494972,5.017423557740607,0.017270731968275707
tt_stress_a0_to_1_p1500ps,x1.m28,VBS,0.0,0.0,5e-05,5e-05
tt_stress_a0_to_1_p1500ps,x1.m29,VGS,0.5394998414933617,1.8553879777822488,5e-05,10.168025045078648
tt_stress_a0_to_1_p1500ps,x1.m29,VGD,0.09960471458471687,1.8549627907686919,0.011270731968275709,10.169025045078648
tt_stress_a0_to_1_p1500ps,x1.m29,VDS,-0.013065127973247825,0.729803229505028,5.017423557740607,0.017270731968275707
tt_stress_a0_to_1_p1500ps,x1.m29,VBS,0.0,0.0,5e-05,5e-05
tt_stress_a0_to_1_p1500ps,x2.mp1,VGS,-1.8418708432455473,0.029362117116790376,5.051423557740618,10.134025045078666
tt_stress_a0_to_1_p1500ps,x2.mp1,VGD,-1.8386635262486466,1.8292766956785387,5.051423557740618,10.135025045078665
tt_stress_a0_to_1_p1500ps,x2.mp1,VDS,-1.8535638990887862,0.10323336025731344,10.226025045078618,5.088397459507982
tt_stress_a0_to_1_p1500ps,x2.mp1,VBS,0.0,0.0,5e-05,5e-05
tt_stress_a0_to_1_p1500ps,x2.mn1,VGS,-0.041870843245547296,1.8293621171167904,5.051423557740618,10.134025045078666
tt_stress_a0_to_1_p1500ps,x2.mn1,VGD,-1.8386635262486466,1.8292766956785387,5.051423557740618,10.135025045078665
tt_stress_a0_to_1_p1500ps,x2.mn1,VDS,-0.05356389908878602,1.9032333602573135,10.226025045078618,5.088397459507982
tt_stress_a0_to_1_p1500ps,x2.mn1,VBS,0.0,0.0,5e-05,5e-05
tt_stress_a0_to_1_p1500ps,x2.mp2,VGS,-1.8535638990887862,0.10323336025731344,10.226025045078618,5.088397459507982
tt_stress_a0_to_1_p1500ps,x2.mp2,VGD,-1.8517862805567082,1.9007753498269524,10.226025045078618,5.088397459507982
tt_stress_a0_to_1_p1500ps,x2.mp2,VDS,-1.8335609404343618,0.029025427971555162,5.121406262155065,10.273025045078594
tt_stress_a0_to_1_p1500ps,x2.mp2,VBS,0.0,0.0,5e-05,5e-05
tt_stress_a0_to_1_p1500ps,x2.mn2,VGS,-0.05356389908878602,1.9032333602573135,10.226025045078618,5.088397459507982
tt_stress_a0_to_1_p1500ps,x2.mn2,VGD,-1.8517862805567082,1.9007753498269524,10.226025045078618,5.088397459507982
tt_stress_a0_to_1_p1500ps,x2.mn2,VDS,-0.033560940434361655,1.8290254279715552,5.121406262155065,10.273025045078594
tt_stress_a0_to_1_p1500ps,x2.mn2,VBS,0.0,0.0,5e-05,5e-05
tt_stress_a0_to_1_p1500ps,x3.mp1,VGS,-1.8444953265835364,0.028984735762241476,16.550161016359446,20.136777416667098
tt_stress_a0_to_1_p1500ps,x3.mp1,VGD,-1.8410289093367247,1.8288992109267965,16.550161016359446,20.136777416667098
tt_stress_a0_to_1_p1500ps,x3.mp1,VDS,-1.8541765789127373,0.10433733484985308,20.227593652367272,16.585377788584246
tt_stress_a0_to_1_p1500ps,x3.mp1,VBS,0.0,0.0,5e-05,5e-05
tt_stress_a0_to_1_p1500ps,x3.mn1,VGS,-0.04449532658353628,1.8289847357622415,16.550161016359446,20.136777416667098
tt_stress_a0_to_1_p1500ps,x3.mn1,VGD,-1.8410289093367247,1.8288992109267965,16.550161016359446,20.136777416667098
tt_stress_a0_to_1_p1500ps,x3.mn1,VDS,-0.05417657891273725,1.9043373348498531,20.227593652367272,16.585377788584246
tt_stress_a0_to_1_p1500ps,x3.mn1,VBS,0.0,0.0,5e-05,5e-05
tt_stress_a0_to_1_p1500ps,x3.mp2,VGS,-1.8541765789127373,0.10433733484985308,20.227593652367272,16.585377788584246
tt_stress_a0_to_1_p1500ps,x3.mp2,VGD,-1.8523719163941428,1.9018190099214944,20.227593652367272,16.585377788584246
tt_stress_a0_to_1_p1500ps,x3.mp2,VDS,-1.8336344078589046,0.029038505453601315,16.618368331613798,20.274593652367326
tt_stress_a0_to_1_p1500ps,x3.mp2,VBS,0.0,0.0,5e-05,5e-05
tt_stress_a0_to_1_p1500ps,x3.mn2,VGS,-0.05417657891273725,1.9043373348498531,20.227593652367272,16.585377788584246
tt_stress_a0_to_1_p1500ps,x3.mn2,VGD,-1.8523719163941428,1.9018190099214944,20.227593652367272,16.585377788584246
tt_stress_a0_to_1_p1500ps,x3.mn2,VDS,-0.03363440785890462,1.8290385054536014,16.618368331613798,20.274593652367326
tt_stress_a0_to_1_p1500ps,x3.mn2,VBS,0.0,0.0,5e-05,5e-05
tt_stress_a0_to_1_p1500ps,x4.mp1,VGS,-1.803520411512867,-0.9916530286471522,10.008873506204225,0.005254146393655142
tt_stress_a0_to_1_p1500ps,x4.mp1,VGD,-1.8031691584053826,0.011682297396002794,10.009873506204224,0.00044325360661236793
tt_stress_a0_to_1_p1500ps,x4.mp1,VDS,-1.0543197229450927,0.00039712438044725573,0.0002081409052984048,4.994194999988355
tt_stress_a0_to_1_p1500ps,x4.mp1,VBS,0.0,0.0,5e-05,5e-05
tt_stress_a0_to_1_p1500ps,x4.mn1,VGS,-0.0035204115128667783,0.8083469713528478,10.008873506204225,0.005254146393655142
tt_stress_a0_to_1_p1500ps,x4.mn1,VGD,-1.8031691584053826,0.011682297396002794,10.009873506204224,0.00044325360661236793
tt_stress_a0_to_1_p1500ps,x4.mn1,VDS,0.7456802770549074,1.8003971243804473,0.0002081409052984048,4.994194999988355
tt_stress_a0_to_1_p1500ps,x4.mn1,VBS,0.0,0.0,5e-05,5e-05
tt_stress_a0_to_1_p1500ps,x4.mp2,VGS,-1.0543197229450927,0.00039712438044725573,0.0002081409052984048,4.994194999988355
tt_stress_a0_to_1_p1500ps,x4.mp2,VGD,0.7137099806859976,1.8003842352691257,0.00027461063665586665,4.994194999988355
tt_stress_a0_to_1_p1500ps,x4.mp2,VDS,-1.8000099312084916,-1.7231637215915312,10.003873506204227,0.03727073196827573
tt_stress_a0_to_1_p1500ps,x4.mp2,VBS,0.0,0.0,5e-05,5e-05
tt_stress_a0_to_1_p1500ps,x4.mn2,VGS,0.7456802770549074,1.8003971243804473,0.0002081409052984048,4.994194999988355
tt_stress_a0_to_1_p1500ps,x4.mn2,VGD,0.7137099806859976,1.8003842352691257,0.00027461063665586665,4.994194999988355
tt_stress_a0_to_1_p1500ps,x4.mn2,VDS,-9.931208491659706e-06,0.07683627840846884,10.003873506204227,0.03727073196827573
tt_stress_a0_to_1_p1500ps,x4.mn2,VBS,0.0,0.0,5e-05,5e-05
tt_stress_a0_to_1_p1500ps,x5.mp1,VGS,-1.8035201327393953,-0.9915836033339703,20.008956540680167,0.005254146393655142
tt_stress_a0_to_1_p1500ps,x5.mp1,VGD,-1.8031688803912238,0.01162120607023076,20.009956540680168,0.00044325360661236793
tt_stress_a0_to_1_p1500ps,x5.mp1,VDS,-1.054320223852793,0.0003971209084103755,0.0002081409052984048,4.994194999988355
tt_stress_a0_to_1_p1500ps,x5.mp1,VBS,0.0,0.0,5e-05,5e-05
tt_stress_a0_to_1_p1500ps,x5.mn1,VGS,-0.0035201327393951294,0.8084163966660297,20.008956540680167,0.005254146393655142
tt_stress_a0_to_1_p1500ps,x5.mn1,VGD,-1.8031688803912238,0.01162120607023076,20.009956540680168,0.00044325360661236793
tt_stress_a0_to_1_p1500ps,x5.mn1,VDS,0.7456797761472073,1.8003971209084104,0.0002081409052984048,4.994194999988355
tt_stress_a0_to_1_p1500ps,x5.mn1,VBS,0.0,0.0,5e-05,5e-05
tt_stress_a0_to_1_p1500ps,x5.mp2,VGS,-1.054320223852793,0.0003971209084103755,0.0002081409052984048,4.994194999988355
tt_stress_a0_to_1_p1500ps,x5.mp2,VGD,0.7137082119329106,1.8003842318925596,0.00027461063665586665,4.994194999988355
tt_stress_a0_to_1_p1500ps,x5.mp2,VDS,-1.8000099264614537,-1.723151550664846,10.003873506204227,0.03727073196827573
tt_stress_a0_to_1_p1500ps,x5.mp2,VBS,0.0,0.0,5e-05,5e-05
tt_stress_a0_to_1_p1500ps,x5.mn2,VGS,0.7456797761472073,1.8003971209084104,0.0002081409052984048,4.994194999988355
tt_stress_a0_to_1_p1500ps,x5.mn2,VGD,0.7137082119329106,1.8003842318925596,0.00027461063665586665,4.994194999988355
tt_stress_a0_to_1_p1500ps,x5.mn2,VDS,-9.926461453775007e-06,0.0768484493351541,10.003873506204227,0.03727073196827573
tt_stress_a0_to_1_p1500ps,x5.mn2,VBS,0.0,0.0,5e-05,5e-05
tt_stress_a0_to_2_p1500ps,x1.m1,VGS,-1.8,-1.8,5e-05,5e-05
tt_stress_a0_to_2_p1500ps,x1.m1,VGD,-1.8998888965817984,-0.5005150297328196,10.172025045078646,5e-05
tt_stress_a0_to_2_p1500ps,x1.m1,VDS,-1.2994849702671805,0.09988889658179834,5e-05,10.172025045078646
tt_stress_a0_to_2_p1500ps,x1.m1,VBS,0.0,0.0,5e-05,5e-05
tt_stress_a0_to_2_p1500ps,x1.m2,VGS,0.0,0.0,5e-05,5e-05
tt_stress_a0_to_2_p1500ps,x1.m2,VGD,-1.8998888965817984,-0.5005150297328196,10.172025045078646,5e-05
tt_stress_a0_to_2_p1500ps,x1.m2,VDS,0.5005150297328196,1.8998888965817984,5e-05,10.172025045078646
tt_stress_a0_to_2_p1500ps,x1.m2,VBS,0.0,0.0,5e-05,5e-05
tt_stress_a0_to_2_p1500ps,x1.m3,VGS,-1.8,0.0,5e-05,15.424192586062997
tt_stress_a0_to_2_p1500ps,x1.m3,VGD,-1.8553879777822488,1.8267048006810715,10.168025045078648,16.521688718490196
tt_stress_a0_to_2_p1500ps,x1.m3,VDS,-1.8267048006810715,0.0553879777822488,16.521688718490196,10.168025045078648
tt_stress_a0_to_2_p1500ps,x1.m3,VBS,0.0,0.0,5e-05,5e-05
tt_stress_a0_to_2_p1500ps,x1.m4,VGS,0.0,1.8,5e-05,15.424192586062997
tt_stress_a0_to_2_p1500ps,x1.m4,VGD,-1.8553879777822488,1.8267048006810715,10.168025045078648,16.521688718490196
tt_stress_a0_to_2_p1500ps,x1.m4,VDS,-0.02670480068107153,1.8553879777822488,16.521688718490196,10.168025045078648
tt_stress_a0_to_2_p1500ps,x1.m4,VBS,0.0,0.0,5e-05,5e-05
tt_stress_a0_to_2_p1500ps,x1.m5,VGS,-1.8,0.0,5e-05,5.0125
tt_stress_a0_to_2_p1500ps,x1.m5,VGD,-1.800253275064811,1.7999998944045406,15.320351348340328,6.619406262155525
tt_stress_a0_to_2_p1500ps,x1.m5,VDS,-1.8345910141591757,0.07670617219880049,10.004873506204227,5.01504163218827
tt_stress_a0_to_2_p1500ps,x1.m5,VBS,0.0,0.0,5e-05,5e-05
tt_stress_a0_to_2_p1500ps,x1.m6,VGS,-1.072182514616047,1.8466044510827768,25.0,10.008873506204225
tt_stress_a0_to_2_p1500ps,x1.m6,VGD,-1.8990660858794735,1.825987314783029,16.521688718490196,10.004873506204227
tt_stress_a0_to_2_p1500ps,x1.m6,VDS,4.139952711821056e-08,1.896839483341838,6.5454062621555025,19.997933566406832
tt_stress_a0_to_2_p1500ps,x1.m6,VBS,-1.1366246717107664,0.07808696182076012,5.008057542395104,20.012500000000003
tt_stress_a0_to_2_p1500ps,x1.m7,VGS,0.39907079327625683,1.8590872363986077,5e-05,10.012499999999998
tt_stress_a0_to_2_p1500ps,x1.m7,VGD,0.28546840129835127,1.8591441784213427,5e-05,20.013425291430195
tt_stress_a0_to_2_p1500ps,x1.m7,VDS,-0.14434548875516073,0.5471110110778429,15.44934216710867,5.013520234607411
tt_stress_a0_to_2_p1500ps,x1.m7,VBS,-1.1709930693941124,0.07940793108924395,4.999194999988355,10.009873506204224
tt_stress_a0_to_2_p1500ps,x1.m8,VGS,0.0,1.8,5e-05,5.0125
tt_stress_a0_to_2_p1500ps,x1.m8,VGD,-1.082774816564079,1.7999999747770559,15.381345316134048,18.07393442428961
tt_stress_a0_to_2_p1500ps,x1.m8,VDS,-0.07940793108924395,1.1709930693941124,10.009873506204224,4.999194999988355
tt_stress_a0_to_2_p1500ps,x1.m8,VBS,0.0,0.0,5e-05,5e-05
tt_stress_a0_to_2_p1500ps,x1.m9,VGS,-1.8345910141591757,0.07670617219880049,10.004873506204227,5.01504163218827
tt_stress_a0_to_2_p1500ps,x1.m9,VGD,-1.8290890271680373,1.8760992776265957,10.005873506204226,5.015775404799897
tt_stress_a0_to_2_p1500ps,x1.m9,VDS,-1.8418708432455473,0.029362117116790376,5.051423557740618,10.134025045078666
tt_stress_a0_to_2_p1500ps,x1.m9,VBS,0.0,0.0,5e-05,5e-05
tt_stress_a0_to_2_p1500ps,x1.m10,VGS,-0.034591014159175565,1.8767061721988005,10.004873506204227,5.01504163218827
tt_stress_a0_to_2_p1500ps,x1.m10,VGD,-1.8290890271680373,1.8760992776265957,10.005873506204226,5.015775404799897
tt_stress_a0_to_2_p1500ps,x1.m10,VDS,-0.041870843245547296,1.8293621171167904,5.051423557740618,10.134025045078666
tt_stress_a0_to_2_p1500ps,x1.m10,VBS,0.0,0.0,5e-05,5e-05
tt_stress_a0_to_2_p1500ps,x1.m11,VGS,-1.8,0.0,5e-05,5.0125
tt_stress_a0_to_2_p1500ps,x1.m11,VGD,-1.8008191228072776,-0.06657809218763,15.323351348340331,9.987500000000002
tt_stress_a0_to_2_p1500ps,x1.m11,VDS,-1.0295888720581299,0.07360829678508418,0.0002081409052984048,16.611934424287956
tt_stress_a0_to_2_p1500ps,x1.m11,VBS,0.0,0.0,5e-05,5e-05
tt_stress_a0_to_2_p1500ps,x1.m12,VGS,-0.9214454672911597,0.8340704835291533,16.522688718490198,0.10727073196827562
tt_stress_a0_to_2_p1500ps,x1.m12,VGD,-1.89907377683577,0.055628576222446435,16.521688718490196,10.167025045078649
tt_stress_a0_to_2_p1500ps,x1.m12,VDS,0.5702371237043857,1.0027537376996727,15.33135134834034,0.06727073196827577
tt_stress_a0_to_2_p1500ps,x1.m12,VBS,-1.230519454909706,-0.13529033254443598,15.33035134834034,8.248308914071395e-05
tt_stress_a0_to_2_p1500ps,x1.m13,VGS,-1.1687649222034604,0.5659926256850385,4.999194999988355,0.022270731968275708
tt_stress_a0_to_2_p1500ps,x1.m13,VGD,-1.230515434048903,0.4927716833643667,15.33035134834034,0.021270731968275707
tt_stress_a0_to_2_p1500ps,x1.m13,VDS,-0.2508827014622389,1.2869586342983346,16.49967164345752,10.010873506204224
tt_stress_a0_to_2_p1500ps,x1.m13,VBS,-1.1709930693941124,0.07940793108924395,4.999194999988355,10.009873506204224
tt_stress_a0_to_2_p1500ps,x1.m14,VGS,-1.0295888720581299,0.07360829678508418,0.0002081409052984048,16.611934424287956
tt_stress_a0_to_2_p1500ps,x1.m14,VGD,0.0025375010460380043,1.8736078661039643,0.0006263675003370344,16.612934424287957
tt_stress_a0_to_2_p1500ps,x1.m14,VDS,-1.8035243683786915,-0.9948560265644089,20.008933566406846,0.004957642267724143
tt_stress_a0_to_2_p1500ps,x1.m14,VBS,0.0,0.0,5e-05,5e-05
tt_stress_a0_to_2_p1500ps,x1.m15,VGS,0.7704111279418702,1.8736082967850842,0.0002081409052984048,16.611934424287956
tt_stress_a0_to_2_p1500ps,x1.m15,VGD,0.0025375010460380043,1.8736078661039643,0.0006263675003370344,16.612934424287957
tt_stress_a0_to_2_p1500ps,x1.m15,VDS,-0.0035243683786914115,0.8051439734355912,20.008933566406846,0.004957642267724143
tt_stress_a0_to_2_p1500ps,x1.m15,VBS,0.0,0.0,5e-05,5e-05
tt_stress_a0_to_2_p1500ps,x1.m16,VGS,-1.8,0.0,5e-05,5.0125
tt_stress_a0_to_2_p1500ps,x1.m16,VGD,-1.846041030255872,1.7999998963140893,15.476091492886198,17.997934424289525
tt_stress_a0_to_2_p1500ps,x1.m16,VDS,-1.8343735651500106,0.07822980890582887,20.00493356640684,16.516258853998288
tt_stress_a0_to_2_p1500ps,x1.m16,VBS,0.0,0.0,5e-05,5e-05
tt_stress_a0_to_2_p1500ps,x1.m17,VGS,-1.096096733341607,1.8495218168042467,15.412345316134084,20.009933566406847
tt_stress_a0_to_2_p1500ps,x1.m17,VGD,-1.8860507720081625,1.8274010749401994,5.017423557740607,20.00493356640684
tt_stress_a0_to_2_p1500ps,x1.m17,VDS,4.059383368337777e-08,1.8968425711799632,17.880934424289393,9.99787350620423
tt_stress_a0_to_2_p1500ps,x1.m17,VBS,-1.3857128287016005,0.07823665745369215,15.512091492886238,10.012499999999998
tt_stress_a0_to_2_p1500ps,x1.m18,VGS,0.39907079327625683,1.8590872363986077,5e-05,10.012499999999998
tt_stress_a0_to_2_p1500ps,x1.m18,VGD,0.3436523828866448,1.8592159945872615,5e-05,10.01345303743058
tt_stress_a0_to_2_p1500ps,x1.m18,VDS,-0.09834228728422145,0.6159536648275357,4.999194999988355,16.513027123865083
tt_stress_a0_to_2_p1500ps,x1.m18,VBS,-1.1709930693941124,0.07940793108924395,4.999194999988355,10.009873506204224
tt_stress_a0_to_2_p1500ps,x1.m19,VGS,-1.8343735651500106,0.07822980890582887,20.00493356640684,16.516258853998288
tt_stress_a0_to_2_p1500ps,x1.m19,VGD,-1.8289136441663745,1.877456864097562,20.005933566406842,16.516258853998288
tt_stress_a0_to_2_p1500ps,x1.m19,VDS,-1.8441686667851267,0.02953750520865106,16.55168871849023,20.134777416667095
tt_stress_a0_to_2_p1500ps,x1.m19,VBS,0.0,0.0,5e-05,5e-05
tt_stress_a0_to_2_p1500ps,x1.m20,VGS,-0.03437356515001061,1.878229808905829,20.00493356640684,16.516258853998288
tt_stress_a0_to_2_p1500ps,x1.m20,VGD,-1.8289136441663745,1.877456864097562,20.005933566406842,16.516258853998288
tt_stress_a0_to_2_p1500ps,x1.m20,VDS,-0.04416866678512673,1.829537505208651,16.55168871849023,20.134777416667095
tt_stress_a0_to_2_p1500ps,x1.m20,VBS,0.0,0.0,5e-05,5e-05
tt_stress_a0_to_2_p1500ps,x1.m21,VGS,-1.8,0.0,5e-05,5.0125
tt_stress_a0_to_2_p1500ps,x1.m21,VGD,-1.8374944283394068,-0.05707544989893787,15.460342167108683,19.9875
tt_stress_a0_to_2_p1500ps,x1.m21,VDS,-1.0396397812703333,0.07361705263831753,0.0002081409052984048,5.159406262155077
tt_stress_a0_to_2_p1500ps,x1.m21,VBS,0.0,0.0,5e-05,5e-05
tt_stress_a0_to_2_p1500ps,x1.m22,VGS,-0.022559652701041443,0.9569600523324717,15.413345316134084,15.474091492886195
tt_stress_a0_to_2_p1500ps,x1.m22,VGD,-1.8860659376280435,0.05262160064605448,5.017423557740607,15.521091492886248
tt_stress_a0_to_2_p1500ps,x1.m22,VDS,0.5921570509989726,1.878171745039048,25.0,5.013520234607411
tt_stress_a0_to_2_p1500ps,x1.m22,VBS,-1.2077983131335532,0.004839447993246287,25.0,5.014430224532438
tt_stress_a0_to_2_p1500ps,x1.m23,VGS,-1.1687649222034604,0.5659926256850385,4.999194999988355,0.022270731968275708
tt_stress_a0_to_2_p1500ps,x1.m23,VGD,-1.2077958352525027,0.5337435591561426,25.0,0.025270731968275707
tt_stress_a0_to_2_p1500ps,x1.m23,VDS,-1.1705347832348254,1.2626825345815327,4.999194999988355,20.010933566406848
tt_stress_a0_to_2_p1500ps,x1.m23,VBS,-1.1709930693941124,0.07940793108924395,4.999194999988355,10.009873506204224
tt_stress_a0_to_2_p1500ps,x1.m24,VGS,-1.0396397812703333,0.07361705263831753,0.0002081409052984048,5.159406262155077
tt_stress_a0_to_2_p1500ps,x1.m24,VGD,-0.002140872580965736,1.8736169921325203,0.0006263675003370344,5.160406262155077
tt_stress_a0_to_2_p1500ps,x1.m24,VDS,-1.8039786966704086,-0.9916530286471522,15.472342167108696,0.005254146393655142
tt_stress_a0_to_2_p1500ps,x1.m24,VBS,0.0,0.0,5e-05,5e-05
tt_stress_a0_to_2_p1500ps,x1.m25,VGS,0.7603602187296667,1.8736170526383176,0.0002081409052984048,5.159406262155077
tt_stress_a0_to_2_p1500ps,x1.m25,VGD,-0.002140872580965736,1.8736169921325203,0.0006263675003370344,5.160406262155077
tt_stress_a0_to_2_p1500ps,x1.m25,VDS,-0.003978696670408465,0.8083469713528478,15.472342167108696,0.005254146393655142
tt_stress_a0_to_2_p1500ps,x1.m25,VBS,0.0,0.0,5e-05,5e-05
tt_stress_a0_to_2_p1500ps,x1.m26,VGS,-1.2994849702671805,0.09988889658179834,5e-05,10.172025045078646
tt_stress_a0_to_2_p1500ps,x1.m26,VGD,0.07311132136419007,1.8990807800635372,0.01627073196827571,10.174025045078645
tt_stress_a0_to_2_p1500ps,x1.m26,VDS,-1.828961905677798,-1.0526793452551169,5.013153876278411,0.02327073196827571
tt_stress_a0_to_2_p1500ps,x1.m26,VBS,0.0,0.0,5e-05,5e-05
tt_stress_a0_to_2_p1500ps,x1.m27,VGS,0.5005150297328196,1.8998888965817984,5e-05,10.172025045078646
tt_stress_a0_to_2_p1500ps,x1.m27,VGD,0.07311132136419007,1.8990807800635372,0.01627073196827571,10.174025045078645
tt_stress_a0_to_2_p1500ps,x1.m27,VDS,-0.028961905677797842,0.7473206547448833,5.013153876278411,0.02327073196827571
tt_stress_a0_to_2_p1500ps,x1.m27,VBS,0.0,0.0,5e-05,5e-05
tt_stress_a0_to_2_p1500ps,x1.m28,VGS,-1.8267048006810715,0.0553879777822488,16.521688718490196,10.168025045078648
tt_stress_a0_to_2_p1500ps,x1.m28,VGD,-1.810255923081237,1.8549627907686919,20.035894475547874,10.169025045078648
tt_stress_a0_to_2_p1500ps,x1.m28,VDS,-1.826088388371845,0.012952546719664504,15.413345316134084,20.053777416667003
tt_stress_a0_to_2_p1500ps,x1.m28,VBS,0.0,0.0,5e-05,5e-05
tt_stress_a0_to_2_p1500ps,x1.m29,VGS,-0.02670480068107153,1.8553879777822488,16.521688718490196,10.168025045078648
tt_stress_a0_to_2_p1500ps,x1.m29,VGD,-1.810255923081237,1.8549627907686919,20.035894475547874,10.169025045078648
tt_stress_a0_to_2_p1500ps,x1.m29,VDS,-0.026088388371845073,1.8129525467196645,15.413345316134084,20.053777416667003
tt_stress_a0_to_2_p1500ps,x1.m29,VBS,0.0,0.0,5e-05,5e-05
tt_stress_a0_to_2_p1500ps,x2.mp1,VGS,-1.8418708432455473,0.029362117116790376,5.051423557740618,10.134025045078666
tt_stress_a0_to_2_p1500ps,x2.mp1,VGD,-1.8386635262486466,1.8292766956785387,5.051423557740618,10.135025045078665
tt_stress_a0_to_2_p1500ps,x2.mp1,VDS,-1.8535638990887862,0.10323336025731344,10.226025045078618,5.088397459507982
tt_stress_a0_to_2_p1500ps,x2.mp1,VBS,0.0,0.0,5e-05,5e-05
tt_stress_a0_to_2_p1500ps,x2.mn1,VGS,-0.041870843245547296,1.8293621171167904,5.051423557740618,10.134025045078666
tt_stress_a0_to_2_p1500ps,x2.mn1,VGD,-1.8386635262486466,1.8292766956785387,5.051423557740618,10.135025045078665
tt_stress_a0_to_2_p1500ps,x2.mn1,VDS,-0.05356389908878602,1.9032333602573135,10.226025045078618,5.088397459507982
tt_stress_a0_to_2_p1500ps,x2.mn1,VBS,0.0,0.0,5e-05,5e-05
tt_stress_a0_to_2_p1500ps,x2.mp2,VGS,-1.8535638990887862,0.10323336025731344,10.226025045078618,5.088397459507982
tt_stress_a0_to_2_p1500ps,x2.mp2,VGD,-1.8517862805567082,1.9007753498269524,10.226025045078618,5.088397459507982
tt_stress_a0_to_2_p1500ps,x2.mp2,VDS,-1.8335609404343618,0.029025427971555162,5.121406262155065,10.273025045078594
tt_stress_a0_to_2_p1500ps,x2.mp2,VBS,0.0,0.0,5e-05,5e-05
tt_stress_a0_to_2_p1500ps,x2.mn2,VGS,-0.05356389908878602,1.9032333602573135,10.226025045078618,5.088397459507982
tt_stress_a0_to_2_p1500ps,x2.mn2,VGD,-1.8517862805567082,1.9007753498269524,10.226025045078618,5.088397459507982
tt_stress_a0_to_2_p1500ps,x2.mn2,VDS,-0.033560940434361655,1.8290254279715552,5.121406262155065,10.273025045078594
tt_stress_a0_to_2_p1500ps,x2.mn2,VBS,0.0,0.0,5e-05,5e-05
tt_stress_a0_to_2_p1500ps,x3.mp1,VGS,-1.8035243683786915,-0.9948560265644089,20.008933566406846,0.004957642267724143
tt_stress_a0_to_2_p1500ps,x3.mp1,VGD,-1.8031716430491993,0.014837573483742483,20.009933566406847,0.00044325360661236793
tt_stress_a0_to_2_p1500ps,x3.mp1,VDS,-1.0540228341763798,0.00039840810408109384,0.0002081409052984048,4.994194999988355
tt_stress_a0_to_2_p1500ps,x3.mp1,VBS,0.0,0.0,5e-05,5e-05
tt_stress_a0_to_2_p1500ps,x3.mn1,VGS,-0.0035243683786914115,0.8051439734355912,20.008933566406846,0.004957642267724143
tt_stress_a0_to_2_p1500ps,x3.mn1,VGD,-1.8031716430491993,0.014837573483742483,20.009933566406847,0.00044325360661236793
tt_stress_a0_to_2_p1500ps,x3.mn1,VDS,0.7459771658236204,1.8003984081040811,0.0002081409052984048,4.994194999988355
tt_stress_a0_to_2_p1500ps,x3.mn1,VBS,0.0,0.0,5e-05,5e-05
tt_stress_a0_to_2_p1500ps,x3.mp2,VGS,-1.0540228341763798,0.00039840810408109384,0.0002081409052984048,4.994194999988355
tt_stress_a0_to_2_p1500ps,x3.mp2,VGD,0.7140388166449905,1.8003854769255223,0.00027461063665586665,4.994194999988355
tt_stress_a0_to_2_p1500ps,x3.mp2,VDS,-1.8000099429784588,-1.7235666384626995,20.00393356640684,0.03727073196827573
tt_stress_a0_to_2_p1500ps,x3.mp2,VBS,0.0,0.0,5e-05,5e-05
tt_stress_a0_to_2_p1500ps,x3.mn2,VGS,0.7459771658236204,1.8003984081040811,0.0002081409052984048,4.994194999988355
tt_stress_a0_to_2_p1500ps,x3.mn2,VGD,0.7140388166449905,1.8003854769255223,0.00027461063665586665,4.994194999988355
tt_stress_a0_to_2_p1500ps,x3.mn2,VDS,-9.942978458753535e-06,0.07643336153730061,20.00393356640684,0.03727073196827573
tt_stress_a0_to_2_p1500ps,x3.mn2,VBS,0.0,0.0,5e-05,5e-05
tt_stress_a0_to_2_p1500ps,x4.mp1,VGS,-1.8039786966704086,-0.9916530286471522,15.472342167108696,0.005254146393655142
tt_stress_a0_to_2_p1500ps,x4.mp1,VGD,-1.8034423654624245,0.011682297396002794,15.472342167108696,0.00044325360661236793
tt_stress_a0_to_2_p1500ps,x4.mp1,VDS,-1.0543197229450927,0.00039712438044725573,0.0002081409052984048,4.994194999988355
tt_stress_a0_to_2_p1500ps,x4.mp1,VBS,0.0,0.0,5e-05,5e-05
tt_stress_a0_to_2_p1500ps,x4.mn1,VGS,-0.003978696670408465,0.8083469713528478,15.472342167108696,0.005254146393655142
tt_stress_a0_to_2_p1500ps,x4.mn1,VGD,-1.8034423654624245,0.011682297396002794,15.472342167108696,0.00044325360661236793
tt_stress_a0_to_2_p1500ps,x4.mn1,VDS,0.7456802770549074,1.8003971243804473,0.0002081409052984048,4.994194999988355
tt_stress_a0_to_2_p1500ps,x4.mn1,VBS,0.0,0.0,5e-05,5e-05
tt_stress_a0_to_2_p1500ps,x4.mp2,VGS,-1.0543197229450927,0.00039712438044725573,0.0002081409052984048,4.994194999988355
tt_stress_a0_to_2_p1500ps,x4.mp2,VGD,0.7137099806859976,1.8003842352691257,0.00027461063665586665,4.994194999988355
tt_stress_a0_to_2_p1500ps,x4.mp2,VDS,-1.800017656705987,-1.7231637215915312,15.469342167108692,0.03727073196827573
tt_stress_a0_to_2_p1500ps,x4.mp2,VBS,0.0,0.0,5e-05,5e-05
tt_stress_a0_to_2_p1500ps,x4.mn2,VGS,0.7456802770549074,1.8003971243804473,0.0002081409052984048,4.994194999988355
tt_stress_a0_to_2_p1500ps,x4.mn2,VGD,0.7137099806859976,1.8003842352691257,0.00027461063665586665,4.994194999988355
tt_stress_a0_to_2_p1500ps,x4.mn2,VDS,-1.76567059868135e-05,0.07683627840846884,15.469342167108692,0.03727073196827573
tt_stress_a0_to_2_p1500ps,x4.mn2,VBS,0.0,0.0,5e-05,5e-05
tt_stress_a0_to_2_p1500ps,x5.mp1,VGS,-1.8441686667851267,0.02953750520865106,16.55168871849023,20.134777416667095
tt_stress_a0_to_2_p1500ps,x5.mp1,VGD,-1.8407379707678837,1.8294480365994565,16.55168871849023,20.135777416667096
tt_stress_a0_to_2_p1500ps,x5.mp1,VDS,-1.8555015489082538,0.10357381815293065,20.22445320284478,16.58779933142931
tt_stress_a0_to_2_p1500ps,x5.mp1,VBS,0.0,0.0,5e-05,5e-05
tt_stress_a0_to_2_p1500ps,x5.mn1,VGS,-0.04416866678512673,1.829537505208651,16.55168871849023,20.134777416667095
tt_stress_a0_to_2_p1500ps,x5.mn1,VGD,-1.8407379707678837,1.8294480365994565,16.55168871849023,20.135777416667096
tt_stress_a0_to_2_p1500ps,x5.mn1,VDS,-0.05550154890825379,1.9035738181529307,20.22445320284478,16.58779933142931
tt_stress_a0_to_2_p1500ps,x5.mn1,VBS,0.0,0.0,5e-05,5e-05
tt_stress_a0_to_2_p1500ps,x5.mp2,VGS,-1.8555015489082538,0.10357381815293065,20.22445320284478,16.58779933142931
tt_stress_a0_to_2_p1500ps,x5.mp2,VGD,-1.8536465341881492,1.9011216427542061,20.22445320284478,16.58779933142931
tt_stress_a0_to_2_p1500ps,x5.mp2,VDS,-1.8336068751903682,0.029031055966000308,16.620934424287963,20.270453202844834
tt_stress_a0_to_2_p1500ps,x5.mp2,VBS,0.0,0.0,5e-05,5e-05
tt_stress_a0_to_2_p1500ps,x5.mn2,VGS,-0.05550154890825379,1.9035738181529307,20.22445320284478,16.58779933142931
tt_stress_a0_to_2_p1500ps,x5.mn2,VGD,-1.8536465341881492,1.9011216427542061,20.22445320284478,16.58779933142931
tt_stress_a0_to_2_p1500ps,x5.mn2,VDS,-0.03360687519036829,1.8290310559660004,16.620934424287963,20.270453202844834
tt_stress_a0_to_2_p1500ps,x5.mn2,VBS,0.0,0.0,5e-05,5e-05
tt_stress_a0_to_3_p1500ps,x1.m1,VGS,-1.8,0.0,5e-05,15.424192586062997
tt_stress_a0_to_3_p1500ps,x1.m1,VGD,-1.8998888965817984,1.865712735569359,10.172025045078646,16.515644984283544
tt_stress_a0_to_3_p1500ps,x1.m1,VDS,-1.865712735569359,0.09988889658179834,16.515644984283544,10.172025045078646
tt_stress_a0_to_3_p1500ps,x1.m1,VBS,0.0,0.0,5e-05,5e-05
tt_stress_a0_to_3_p1500ps,x1.m2,VGS,0.0,1.8,5e-05,15.424192586062997
tt_stress_a0_to_3_p1500ps,x1.m2,VGD,-1.8998888965817984,1.865712735569359,10.172025045078646,16.515644984283544
tt_stress_a0_to_3_p1500ps,x1.m2,VDS,-0.06571273556935904,1.8998888965817984,16.515644984283544,10.172025045078646
tt_stress_a0_to_3_p1500ps,x1.m2,VBS,0.0,0.0,5e-05,5e-05
tt_stress_a0_to_3_p1500ps,x1.m3,VGS,-1.8,0.0,5e-05,15.424192586062997
tt_stress_a0_to_3_p1500ps,x1.m3,VGD,-1.8553879777822488,1.827816968499082,10.168025045078648,16.522191013356625
tt_stress_a0_to_3_p1500ps,x1.m3,VDS,-1.827816968499082,0.0553879777822488,16.522191013356625,10.168025045078648
tt_stress_a0_to_3_p1500ps,x1.m3,VBS,0.0,0.0,5e-05,5e-05
tt_stress_a0_to_3_p1500ps,x1.m4,VGS,0.0,1.8,5e-05,15.424192586062997
tt_stress_a0_to_3_p1500ps,x1.m4,VGD,-1.8553879777822488,1.827816968499082,10.168025045078648,16.522191013356625
tt_stress_a0_to_3_p1500ps,x1.m4,VDS,-0.027816968499081954,1.8553879777822488,16.522191013356625,10.168025045078648
tt_stress_a0_to_3_p1500ps,x1.m4,VBS,0.0,0.0,5e-05,5e-05
tt_stress_a0_to_3_p1500ps,x1.m5,VGS,-1.8,0.0,5e-05,5.0125
tt_stress_a0_to_3_p1500ps,x1.m5,VGD,-1.8002565396432901,1.7999998944045406,15.32235142754744,6.619406262155525
tt_stress_a0_to_3_p1500ps,x1.m5,VDS,-1.8345910141591757,0.07670617219880049,10.004873506204227,5.01504163218827
tt_stress_a0_to_3_p1500ps,x1.m5,VBS,0.0,0.0,5e-05,5e-05
tt_stress_a0_to_3_p1500ps,x1.m6,VGS,-0.5147779090311022,1.8466044510827768,16.523191013356627,10.008873506204225
tt_stress_a0_to_3_p1500ps,x1.m6,VGD,-1.9001450422632087,1.825987314783029,16.522191013356625,10.004873506204227
tt_stress_a0_to_3_p1500ps,x1.m6,VDS,4.139952711821056e-08,1.3865920484729735,6.5454062621555025,16.51819101335662
tt_stress_a0_to_3_p1500ps,x1.m6,VBS,-1.142384809331738,0.05517851009194749,15.330351427547448,10.007873506204225
tt_stress_a0_to_3_p1500ps,x1.m7,VGS,-1.162753442706731,1.8590872363986077,16.49941995490364,10.012499999999998
tt_stress_a0_to_3_p1500ps,x1.m7,VGD,-0.5528374943288041,1.8342782948269343,16.514901929335046,10.007873506204225
tt_stress_a0_to_3_p1500ps,x1.m7,VDS,-0.6684771882900095,0.5756400190887537,16.49941995490364,20.009957332895063
tt_stress_a0_to_3_p1500ps,x1.m7,VBS,-1.1709930693941124,0.07940793108924395,4.999194999988355,10.009873506204224
tt_stress_a0_to_3_p1500ps,x1.m8,VGS,0.0,1.8,5e-05,5.0125
tt_stress_a0_to_3_p1500ps,x1.m8,VGD,-1.0889098503242995,1.8000000602847266,15.330351427547448,16.921413270705635
tt_stress_a0_to_3_p1500ps,x1.m8,VDS,-0.07940793108924395,1.1709930693941124,10.009873506204224,4.999194999988355
tt_stress_a0_to_3_p1500ps,x1.m8,VBS,0.0,0.0,5e-05,5e-05
tt_stress_a0_to_3_p1500ps,x1.m9,VGS,-1.8345910141591757,0.07670617219880049,10.004873506204227,5.01504163218827
tt_stress_a0_to_3_p1500ps,x1.m9,VGD,-1.8290890271680373,1.8760992776265957,10.005873506204226,5.015775404799897
tt_stress_a0_to_3_p1500ps,x1.m9,VDS,-1.8418708432455473,0.029362117116790376,5.051423557740618,10.134025045078666
tt_stress_a0_to_3_p1500ps,x1.m9,VBS,0.0,0.0,5e-05,5e-05
tt_stress_a0_to_3_p1500ps,x1.m10,VGS,-0.034591014159175565,1.8767061721988005,10.004873506204227,5.01504163218827
tt_stress_a0_to_3_p1500ps,x1.m10,VGD,-1.8290890271680373,1.8760992776265957,10.005873506204226,5.015775404799897
tt_stress_a0_to_3_p1500ps,x1.m10,VDS,-0.041870843245547296,1.8293621171167904,5.051423557740618,10.134025045078666
tt_stress_a0_to_3_p1500ps,x1.m10,VBS,0.0,0.0,5e-05,5e-05
tt_stress_a0_to_3_p1500ps,x1.m11,VGS,-1.8,0.0,5e-05,5.0125
tt_stress_a0_to_3_p1500ps,x1.m11,VGD,-1.8008265693835503,-0.06657809218763,15.323351427547442,9.987500000000002
tt_stress_a0_to_3_p1500ps,x1.m11,VDS,-1.0295888720581299,0.07367445762010183,0.0002081409052984048,16.657413270705334
tt_stress_a0_to_3_p1500ps,x1.m11,VBS,0.0,0.0,5e-05,5e-05
tt_stress_a0_to_3_p1500ps,x1.m12,VGS,-1.2205995827605147,0.8340704835291533,15.561764019104473,0.10727073196827562
tt_stress_a0_to_3_p1500ps,x1.m12,VGD,-1.9001369753798785,0.055628576222446435,16.522191013356625,10.167025045078649
tt_stress_a0_to_3_p1500ps,x1.m12,VDS,0.5462080973240429,1.8964933321155648,15.4977640191044,19.99795733289505
tt_stress_a0_to_3_p1500ps,x1.m12,VBS,-1.2353070236746349,0.07568747006443162,15.503764019104407,20.011957332895065
tt_stress_a0_to_3_p1500ps,x1.m13,VGS,-1.1687649222034604,1.8677037314872258,4.999194999988355,20.012500000000003
tt_stress_a0_to_3_p1500ps,x1.m13,VGD,-1.2305472086553595,1.8686036429712163,15.333351427547452,20.014100817895528
tt_stress_a0_to_3_p1500ps,x1.m13,VDS,-0.030151539525166138,1.2869586342983346,16.49941995490364,10.010873506204224
tt_stress_a0_to_3_p1500ps,x1.m13,VBS,-1.1709930693941124,0.07940793108924395,4.999194999988355,10.009873506204224
tt_stress_a0_to_3_p1500ps,x1.m14,VGS,-1.0295888720581299,0.07367445762010183,0.0002081409052984048,16.657413270705334
tt_stress_a0_to_3_p1500ps,x1.m14,VGD,0.0025375010460380043,1.873674384397931,0.0006263675003370344,16.658413270705335
tt_stress_a0_to_3_p1500ps,x1.m14,VDS,-1.8035231567156726,-0.9948560265644089,20.00895733289506,0.004957642267724143
tt_stress_a0_to_3_p1500ps,x1.m14,VBS,0.0,0.0,5e-05,5e-05
tt_stress_a0_to_3_p1500ps,x1.m15,VGS,0.7704111279418702,1.8736744576201019,0.0002081409052984048,16.657413270705334
tt_stress_a0_to_3_p1500ps,x1.m15,VGD,0.0025375010460380043,1.873674384397931,0.0006263675003370344,16.658413270705335
tt_stress_a0_to_3_p1500ps,x1.m15,VDS,-0.0035231567156726548,0.8051439734355912,20.00895733289506,0.004957642267724143
tt_stress_a0_to_3_p1500ps,x1.m15,VBS,0.0,0.0,5e-05,5e-05
tt_stress_a0_to_3_p1500ps,x1.m16,VGS,-1.8,0.0,5e-05,5.0125
tt_stress_a0_to_3_p1500ps,x1.m16,VGD,-1.8464629313297867,-0.05913839663120335,15.475764019104375,19.9875
tt_stress_a0_to_3_p1500ps,x1.m16,VDS,-1.0397098218253351,0.07367788026485123,0.0002081409052984048,5.178406262155083
tt_stress_a0_to_3_p1500ps,x1.m16,VBS,0.0,0.0,5e-05,5e-05
tt_stress_a0_to_3_p1500ps,x1.m17,VGS,-1.0843641641097395,0.7170573636391036,15.33235142754745,15.549764019104458
tt_stress_a0_to_3_p1500ps,x1.m17,VGD,-1.8860507720081625,0.02499800183541967,5.017423557740607,20.026376484752205
tt_stress_a0_to_3_p1500ps,x1.m17,VDS,0.5913057613039874,1.8968425711799632,25.0,9.99787350620423
tt_stress_a0_to_3_p1500ps,x1.m17,VBS,-1.2086508273956924,0.07823665745369215,25.0,10.012499999999998
tt_stress_a0_to_3_p1500ps,x1.m18,VGS,-1.162753442706731,1.8590872363986077,16.49941995490364,10.012499999999998
tt_stress_a0_to_3_p1500ps,x1.m18,VGD,-1.2086368855682372,1.8592159945872615,25.0,10.01345303743058
tt_stress_a0_to_3_p1500ps,x1.m18,VDS,-0.09834228728422145,1.2619649717237518,4.999194999988355,20.010957332895064
tt_stress_a0_to_3_p1500ps,x1.m18,VBS,-1.1709930693941124,0.07940793108924395,4.999194999988355,10.009873506204224
tt_stress_a0_to_3_p1500ps,x1.m19,VGS,-1.0397098218253351,0.07367788026485123,0.0002081409052984048,5.178406262155083
tt_stress_a0_to_3_p1500ps,x1.m19,VGD,-0.002249515947112868,1.8736778230561044,0.0006263675003370344,5.179406262155084
tt_stress_a0_to_3_p1500ps,x1.m19,VDS,-1.8035191482498842,-0.9915836033339703,10.008873506204225,0.005254146393655142
tt_stress_a0_to_3_p1500ps,x1.m19,VBS,0.0,0.0,5e-05,5e-05
tt_stress_a0_to_3_p1500ps,x1.m20,VGS,0.7602901781746649,1.8736778802648513,0.0002081409052984048,5.178406262155083
tt_stress_a0_to_3_p1500ps,x1.m20,VGD,-0.002249515947112868,1.8736778230561044,0.0006263675003370344,5.179406262155084
tt_stress_a0_to_3_p1500ps,x1.m20,VDS,-0.0035191482498842792,0.8084163966660297,10.008873506204225,0.005254146393655142
tt_stress_a0_to_3_p1500ps,x1.m20,VBS,0.0,0.0,5e-05,5e-05
tt_stress_a0_to_3_p1500ps,x1.m21,VGS,-1.8,0.0,5e-05,5.0125
tt_stress_a0_to_3_p1500ps,x1.m21,VGD,-1.8442424996153146,1.8000002885805613,15.465764019104363,16.912413270705624
tt_stress_a0_to_3_p1500ps,x1.m21,VDS,-1.8340197429173482,0.0755125832736454,20.004957332895057,16.515644984283544
tt_stress_a0_to_3_p1500ps,x1.m21,VBS,0.0,0.0,5e-05,5e-05
tt_stress_a0_to_3_p1500ps,x1.m22,VGS,-0.019553502783359725,1.8483730596549273,15.41327814946789,20.00895733289506
tt_stress_a0_to_3_p1500ps,x1.m22,VGD,-1.8860659376280435,1.8271285987655492,5.017423557740607,20.004957332895057
tt_stress_a0_to_3_p1500ps,x1.m22,VDS,-1.3935116383034796e-07,1.878171745039048,16.903413270705613,5.013520234607411
tt_stress_a0_to_3_p1500ps,x1.m22,VBS,-1.1248099708083754,0.05374860193253597,25.0,20.00795733289506
tt_stress_a0_to_3_p1500ps,x1.m23,VGS,-1.1687649222034604,1.8677037314872258,4.999194999988355,20.012500000000003
tt_stress_a0_to_3_p1500ps,x1.m23,VGD,-0.024469086558156824,1.8410919449403034,5.011994067711694,20.009957332895063
tt_stress_a0_to_3_p1500ps,x1.m23,VDS,-1.1705347832348254,0.5434150809662162,4.999194999988355,16.513409507829433
tt_stress_a0_to_3_p1500ps,x1.m23,VBS,-1.1709930693941124,0.07940793108924395,4.999194999988355,10.009873506204224
tt_stress_a0_to_3_p1500ps,x1.m24,VGS,-1.8340197429173482,0.0755125832736454,20.004957332895057,16.515644984283544
tt_stress_a0_to_3_p1500ps,x1.m24,VGD,-1.828613933713086,1.8750072329832417,20.005957332895058,16.515644984283544
tt_stress_a0_to_3_p1500ps,x1.m24,VDS,-1.847049440171313,0.029158114903027776,16.55019101335666,20.136777416667098
tt_stress_a0_to_3_p1500ps,x1.m24,VBS,0.0,0.0,5e-05,5e-05
tt_stress_a0_to_3_p1500ps,x1.m25,VGS,-0.03401974291734816,1.8755125832736455,20.004957332895057,16.515644984283544
tt_stress_a0_to_3_p1500ps,x1.m25,VGD,-1.828613933713086,1.8750072329832417,20.005957332895058,16.515644984283544
tt_stress_a0_to_3_p1500ps,x1.m25,VDS,-0.047049440171312816,1.8291581149030278,16.55019101335666,20.136777416667098
tt_stress_a0_to_3_p1500ps,x1.m25,VBS,0.0,0.0,5e-05,5e-05
tt_stress_a0_to_3_p1500ps,x1.m26,VGS,-1.865712735569359,0.09988889658179834,16.515644984283544,10.172025045078646
tt_stress_a0_to_3_p1500ps,x1.m26,VGD,-1.817394264173237,1.8990807800635372,20.09177741666705,10.174025045078645
tt_stress_a0_to_3_p1500ps,x1.m26,VDS,-1.828961905677798,0.02374074941332749,5.013153876278411,20.079777416667035
tt_stress_a0_to_3_p1500ps,x1.m26,VBS,0.0,0.0,5e-05,5e-05
tt_stress_a0_to_3_p1500ps,x1.m27,VGS,-0.06571273556935904,1.8998888965817984,16.515644984283544,10.172025045078646
tt_stress_a0_to_3_p1500ps,x1.m27,VGD,-1.817394264173237,1.8990807800635372,20.09177741666705,10.174025045078645
tt_stress_a0_to_3_p1500ps,x1.m27,VDS,-0.028961905677797842,1.8237407494133275,5.013153876278411,20.079777416667035
tt_stress_a0_to_3_p1500ps,x1.m27,VBS,0.0,0.0,5e-05,5e-05
tt_stress_a0_to_3_p1500ps,x1.m28,VGS,-1.827816968499082,0.0553879777822488,16.522191013356625,10.168025045078648
tt_stress_a0_to_3_p1500ps,x1.m28,VGD,-1.8102080401006415,1.8549627907686919,20.033376484752214,10.169025045078648
tt_stress_a0_to_3_p1500ps,x1.m28,VDS,-1.8268588385495848,0.012567911256840203,15.41327814946789,20.047777416667
tt_stress_a0_to_3_p1500ps,x1.m28,VBS,0.0,0.0,5e-05,5e-05
tt_stress_a0_to_3_p1500ps,x1.m29,VGS,-0.027816968499081954,1.8553879777822488,16.522191013356625,10.168025045078648
tt_stress_a0_to_3_p1500ps,x1.m29,VGD,-1.8102080401006415,1.8549627907686919,20.033376484752214,10.169025045078648
tt_stress_a0_to_3_p1500ps,x1.m29,VDS,-0.026858838549584707,1.8125679112568402,15.41327814946789,20.047777416667
tt_stress_a0_to_3_p1500ps,x1.m29,VBS,0.0,0.0,5e-05,5e-05
tt_stress_a0_to_3_p1500ps,x2.mp1,VGS,-1.8418708432455473,0.029362117116790376,5.051423557740618,10.134025045078666
tt_stress_a0_to_3_p1500ps,x2.mp1,VGD,-1.8386635262486466,1.8292766956785387,5.051423557740618,10.135025045078665
tt_stress_a0_to_3_p1500ps,x2.mp1,VDS,-1.8535638990887862,0.10323336025731344,10.226025045078618,5.088397459507982
tt_stress_a0_to_3_p1500ps,x2.mp1,VBS,0.0,0.0,5e-05,5e-05
tt_stress_a0_to_3_p1500ps,x2.mn1,VGS,-0.041870843245547296,1.8293621171167904,5.051423557740618,10.134025045078666
tt_stress_a0_to_3_p1500ps,x2.mn1,VGD,-1.8386635262486466,1.8292766956785387,5.051423557740618,10.135025045078665
tt_stress_a0_to_3_p1500ps,x2.mn1,VDS,-0.05356389908878602,1.9032333602573135,10.226025045078618,5.088397459507982
tt_stress_a0_to_3_p1500ps,x2.mn1,VBS,0.0,0.0,5e-05,5e-05
tt_stress_a0_to_3_p1500ps,x2.mp2,VGS,-1.8535638990887862,0.10323336025731344,10.226025045078618,5.088397459507982
tt_stress_a0_to_3_p1500ps,x2.mp2,VGD,-1.8517862805567082,1.9007753498269524,10.226025045078618,5.088397459507982
tt_stress_a0_to_3_p1500ps,x2.mp2,VDS,-1.8335609404343618,0.029025427971555162,5.121406262155065,10.273025045078594
tt_stress_a0_to_3_p1500ps,x2.mp2,VBS,0.0,0.0,5e-05,5e-05
tt_stress_a0_to_3_p1500ps,x2.mn2,VGS,-0.05356389908878602,1.9032333602573135,10.226025045078618,5.088397459507982
tt_stress_a0_to_3_p1500ps,x2.mn2,VGD,-1.8517862805567082,1.9007753498269524,10.226025045078618,5.088397459507982
tt_stress_a0_to_3_p1500ps,x2.mn2,VDS,-0.033560940434361655,1.8290254279715552,5.121406262155065,10.273025045078594
tt_stress_a0_to_3_p1500ps,x2.mn2,VBS,0.0,0.0,5e-05,5e-05
tt_stress_a0_to_3_p1500ps,x3.mp1,VGS,-1.8035231567156726,-0.9948560265644089,20.00895733289506,0.004957642267724143
tt_stress_a0_to_3_p1500ps,x3.mp1,VGD,-1.8031709177398891,0.014837573483742483,20.009957332895063,0.00044325360661236793
tt_stress_a0_to_3_p1500ps,x3.mp1,VDS,-1.0540228341763798,0.00039840810408109384,0.0002081409052984048,4.994194999988355
tt_stress_a0_to_3_p1500ps,x3.mp1,VBS,0.0,0.0,5e-05,5e-05
tt_stress_a0_to_3_p1500ps,x3.mn1,VGS,-0.0035231567156726548,0.8051439734355912,20.00895733289506,0.004957642267724143
tt_stress_a0_to_3_p1500ps,x3.mn1,VGD,-1.8031709177398891,0.014837573483742483,20.009957332895063,0.00044325360661236793
tt_stress_a0_to_3_p1500ps,x3.mn1,VDS,0.7459771658236204,1.8003984081040811,0.0002081409052984048,4.994194999988355
tt_stress_a0_to_3_p1500ps,x3.mn1,VBS,0.0,0.0,5e-05,5e-05
tt_stress_a0_to_3_p1500ps,x3.mp2,VGS,-1.0540228341763798,0.00039840810408109384,0.0002081409052984048,4.994194999988355
tt_stress_a0_to_3_p1500ps,x3.mp2,VGD,0.7140388166449905,1.8003854769255223,0.00027461063665586665,4.994194999988355
tt_stress_a0_to_3_p1500ps,x3.mp2,VDS,-1.8000099367455822,-1.7235666384626995,20.003957332895055,0.03727073196827573
tt_stress_a0_to_3_p1500ps,x3.mp2,VBS,0.0,0.0,5e-05,5e-05
tt_stress_a0_to_3_p1500ps,x3.mn2,VGS,0.7459771658236204,1.8003984081040811,0.0002081409052984048,4.994194999988355
tt_stress_a0_to_3_p1500ps,x3.mn2,VGD,0.7140388166449905,1.8003854769255223,0.00027461063665586665,4.994194999988355
tt_stress_a0_to_3_p1500ps,x3.mn2,VDS,-9.936745582080044e-06,0.07643336153730061,20.003957332895055,0.03727073196827573
tt_stress_a0_to_3_p1500ps,x3.mn2,VBS,0.0,0.0,5e-05,5e-05
tt_stress_a0_to_3_p1500ps,x4.mp1,VGS,-1.847049440171313,0.029158114903027776,16.55019101335666,20.136777416667098
tt_stress_a0_to_3_p1500ps,x4.mp1,VGD,-1.8433068774297348,1.8290726533699033,16.55119101335666,20.1377774166671
tt_stress_a0_to_3_p1500ps,x4.mp1,VDS,-1.8558910957080201,0.10471176978766117,20.2267774166672,16.585167704919826
tt_stress_a0_to_3_p1500ps,x4.mp1,VBS,0.0,0.0,5e-05,5e-05
tt_stress_a0_to_3_p1500ps,x4.mn1,VGS,-0.047049440171312816,1.8291581149030278,16.55019101335666,20.136777416667098
tt_stress_a0_to_3_p1500ps,x4.mn1,VGD,-1.8433068774297348,1.8290726533699033,16.55119101335666,20.1377774166671
tt_stress_a0_to_3_p1500ps,x4.mn1,VDS,-0.05589109570802016,1.9047117697876612,20.2267774166672,16.585167704919826
tt_stress_a0_to_3_p1500ps,x4.mn1,VBS,0.0,0.0,5e-05,5e-05
tt_stress_a0_to_3_p1500ps,x4.mp2,VGS,-1.8558910957080201,0.10471176978766117,20.2267774166672,16.585167704919826
tt_stress_a0_to_3_p1500ps,x4.mp2,VGD,-1.8540226749180133,1.902186166102794,20.2267774166672,16.585167704919826
tt_stress_a0_to_3_p1500ps,x4.mp2,VDS,-1.8336561048072804,0.029056746995190785,16.61841327070529,20.272777416667253
tt_stress_a0_to_3_p1500ps,x4.mp2,VBS,0.0,0.0,5e-05,5e-05
tt_stress_a0_to_3_p1500ps,x4.mn2,VGS,-0.05589109570802016,1.9047117697876612,20.2267774166672,16.585167704919826
tt_stress_a0_to_3_p1500ps,x4.mn2,VGD,-1.8540226749180133,1.902186166102794,20.2267774166672,16.585167704919826
tt_stress_a0_to_3_p1500ps,x4.mn2,VDS,-0.033656104807280256,1.8290567469951908,16.61841327070529,20.272777416667253
tt_stress_a0_to_3_p1500ps,x4.mn2,VBS,0.0,0.0,5e-05,5e-05
tt_stress_a0_to_3_p1500ps,x5.mp1,VGS,-1.8035191482498842,-0.9915836033339703,10.008873506204225,0.005254146393655142
tt_stress_a0_to_3_p1500ps,x5.mp1,VGD,-1.803168424669557,0.01162120607023076,10.009873506204224,0.00044325360661236793
tt_stress_a0_to_3_p1500ps,x5.mp1,VDS,-1.054320223852793,0.0003977485400221692,0.0002081409052984048,16.494419954903634
tt_stress_a0_to_3_p1500ps,x5.mp1,VBS,0.0,0.0,5e-05,5e-05
tt_stress_a0_to_3_p1500ps,x5.mn1,VGS,-0.0035191482498842792,0.8084163966660297,10.008873506204225,0.005254146393655142
tt_stress_a0_to_3_p1500ps,x5.mn1,VGD,-1.803168424669557,0.01162120607023076,10.009873506204224,0.00044325360661236793
tt_stress_a0_to_3_p1500ps,x5.mn1,VDS,0.7456797761472073,1.8003977485400222,0.0002081409052984048,16.494419954903634
tt_stress_a0_to_3_p1500ps,x5.mn1,VBS,0.0,0.0,5e-05,5e-05
tt_stress_a0_to_3_p1500ps,x5.mp2,VGS,-1.054320223852793,0.0003977485400221692,0.0002081409052984048,16.494419954903634
tt_stress_a0_to_3_p1500ps,x5.mp2,VGD,0.7137082119329106,1.8003849384748878,0.00027461063665586665,16.494419954903634
tt_stress_a0_to_3_p1500ps,x5.mp2,VDS,-1.8000099264614537,-1.723151550664846,10.003873506204227,0.03727073196827573
tt_stress_a0_to_3_p1500ps,x5.mp2,VBS,0.0,0.0,5e-05,5e-05
tt_stress_a0_to_3_p1500ps,x5.mn2,VGS,0.7456797761472073,1.8003977485400222,0.0002081409052984048,16.494419954903634
tt_stress_a0_to_3_p1500ps,x5.mn2,VGD,0.7137082119329106,1.8003849384748878,0.00027461063665586665,16.494419954903634
tt_stress_a0_to_3_p1500ps,x5.mn2,VDS,-9.926461453775007e-06,0.0768484493351541,10.003873506204227,0.03727073196827573
tt_stress_a0_to_3_p1500ps,x5.mn2,VBS,0.0,0.0,5e-05,5e-05
tt_stress_a1_to_0_p1500ps,x1.m1,VGS,-1.8,0.0,15.364082942535,5e-05
tt_stress_a1_to_0_p1500ps,x1.m1,VGD,-1.89988947395987,1.8656676539925887,20.172504821676707,5.015664702691103
tt_stress_a1_to_0_p1500ps,x1.m1,VDS,-1.8656676539925887,0.09988947395986991,5.015664702691103,20.172504821676707
tt_stress_a1_to_0_p1500ps,x1.m1,VBS,0.0,0.0,5e-05,5e-05
tt_stress_a1_to_0_p1500ps,x1.m2,VGS,0.0,1.8,15.364082942535,5e-05
tt_stress_a1_to_0_p1500ps,x1.m2,VGD,-1.89988947395987,1.8656676539925887,20.172504821676707,5.015664702691103
tt_stress_a1_to_0_p1500ps,x1.m2,VDS,-0.06566765399258871,1.89988947395987,5.015664702691103,20.172504821676707
tt_stress_a1_to_0_p1500ps,x1.m2,VBS,0.0,0.0,5e-05,5e-05
tt_stress_a1_to_0_p1500ps,x1.m3,VGS,-1.8,-1.8,5e-05,5e-05
tt_stress_a1_to_0_p1500ps,x1.m3,VGD,-1.8554601960141859,-0.5396850014941906,20.1675048216767,5e-05
tt_stress_a1_to_0_p1500ps,x1.m3,VDS,-1.2603149985058093,0.055460196014185836,5e-05,20.1675048216767
tt_stress_a1_to_0_p1500ps,x1.m3,VBS,0.0,0.0,5e-05,5e-05
tt_stress_a1_to_0_p1500ps,x1.m4,VGS,0.0,0.0,5e-05,5e-05
tt_stress_a1_to_0_p1500ps,x1.m4,VGD,-1.8554601960141859,-0.5396850014941906,20.1675048216767,5e-05
tt_stress_a1_to_0_p1500ps,x1.m4,VDS,0.5396850014941906,1.8554601960141859,5e-05,20.1675048216767
tt_stress_a1_to_0_p1500ps,x1.m4,VBS,0.0,0.0,5e-05,5e-05
tt_stress_a1_to_0_p1500ps,x1.m5,VGS,-1.8,0.0,5e-05,5.0125
tt_stress_a1_to_0_p1500ps,x1.m5,VGD,-1.8003603800363073,1.7999999967948328,15.881212248184594,17.812468302545856
tt_stress_a1_to_0_p1500ps,x1.m5,VDS,-1.834588056137091,0.07344324223239806,20.004932444534585,5.0127999999999995
tt_stress_a1_to_0_p1500ps,x1.m5,VBS,0.0,0.0,5e-05,5e-05
tt_stress_a1_to_0_p1500ps,x1.m6,VGS,0.2748400018910331,1.8466605696882707,15.6212122481843,20.00893244453459
tt_stress_a1_to_0_p1500ps,x1.m6,VGD,-0.24883186345521902,1.826024723524267,5e-05,20.004932444534585
tt_stress_a1_to_0_p1500ps,x1.m6,VDS,1.5082176245487346e-08,1.2290837134756492,17.740468302545775,16.52149899975666
tt_stress_a1_to_0_p1500ps,x1.m6,VBS,-1.5291635515323017,0.05518600194750037,15.620212248184298,20.00793244453459
tt_stress_a1_to_0_p1500ps,x1.m7,VGS,-1.1652278469805954,1.8590817823226684,4.999473738214323,20.012500000000003
tt_stress_a1_to_0_p1500ps,x1.m7,VGD,-1.245274089639689,1.8342846014185248,15.322015604974629,20.00793244453459
tt_stress_a1_to_0_p1500ps,x1.m7,VDS,-0.10488559771602735,1.2844560819478712,0.04515718196204622,10.010548082107958
tt_stress_a1_to_0_p1500ps,x1.m7,VBS,-1.1830985892286918,0.0794036596547966,15.429996020938399,20.00993244453459
tt_stress_a1_to_0_p1500ps,x1.m8,VGS,0.0,1.8,5e-05,5.0125
tt_stress_a1_to_0_p1500ps,x1.m8,VGD,-1.1830985892286918,1.8000000030192018,15.429996020938399,17.874468302545928
tt_stress_a1_to_0_p1500ps,x1.m8,VDS,-0.0794036596547966,1.1830985892286918,20.00993244453459,15.429996020938399
tt_stress_a1_to_0_p1500ps,x1.m8,VBS,0.0,0.0,5e-05,5e-05
tt_stress_a1_to_0_p1500ps,x1.m9,VGS,-1.834588056137091,0.07344324223239806,20.004932444534585,5.0127999999999995
tt_stress_a1_to_0_p1500ps,x1.m9,VGD,-1.829094501309185,1.8729968514290714,20.005932444534587,5.013416311031237
tt_stress_a1_to_0_p1500ps,x1.m9,VDS,-1.8421541757207462,0.02936011063360633,16.549498999756693,20.133777416667098
tt_stress_a1_to_0_p1500ps,x1.m9,VBS,0.0,0.0,5e-05,5e-05
tt_stress_a1_to_0_p1500ps,x1.m10,VGS,-0.03458805613709094,1.873443242232398,20.004932444534585,5.0127999999999995
tt_stress_a1_to_0_p1500ps,x1.m10,VGD,-1.829094501309185,1.8729968514290714,20.005932444534587,5.013416311031237
tt_stress_a1_to_0_p1500ps,x1.m10,VDS,-0.042154175720746215,1.8293601106336064,16.549498999756693,20.133777416667098
tt_stress_a1_to_0_p1500ps,x1.m10,VBS,0.0,0.0,5e-05,5e-05
tt_stress_a1_to_0_p1500ps,x1.m11,VGS,-1.8,0.0,5e-05,5.0125
tt_stress_a1_to_0_p1500ps,x1.m11,VGD,-1.8002528855391597,1.7999998953896479,15.461212248184118,6.456450069017726
tt_stress_a1_to_0_p1500ps,x1.m11,VDS,-1.8342026828913056,0.07669193948731401,10.004548082107961,5.015664702691103
tt_stress_a1_to_0_p1500ps,x1.m11,VBS,0.0,0.0,5e-05,5e-05
tt_stress_a1_to_0_p1500ps,x1.m12,VGS,0.3878881459359067,1.845530623051958,5e-05,10.008548082107959
tt_stress_a1_to_0_p1500ps,x1.m12,VGD,-0.24883239165603,1.8257497560743523,5e-05,10.004548082107961
tt_stress_a1_to_0_p1500ps,x1.m12,VDS,4.130545151748155e-08,1.2416440704444627,6.464450069017729,5.023202483089334
tt_stress_a1_to_0_p1500ps,x1.m12,VBS,-1.2087583466549021,0.05402445914257788,25.0,10.008548082107959
tt_stress_a1_to_0_p1500ps,x1.m13,VGS,-1.1042688973040093,1.8678310997976548,16.499286948662505,10.012499999999998
tt_stress_a1_to_0_p1500ps,x1.m13,VGD,-1.2087559026106558,1.841408184537538,25.0,10.009548082107958
tt_stress_a1_to_0_p1500ps,x1.m13,VDS,-0.0729778035990345,1.2608448328116715,15.464212248184122,20.010932444534593
tt_stress_a1_to_0_p1500ps,x1.m13,VBS,-1.1830985892286918,0.0794036596547966,15.429996020938399,20.00993244453459
tt_stress_a1_to_0_p1500ps,x1.m14,VGS,-1.8342026828913056,0.07669193948731401,10.004548082107961,5.015664702691103
tt_stress_a1_to_0_p1500ps,x1.m14,VGD,-1.8287760607689725,1.8760845691699934,10.00654808210796,5.015664702691103
tt_stress_a1_to_0_p1500ps,x1.m14,VDS,-1.8443982743777818,0.028984465836568996,5.051202483089343,10.136218100869783
tt_stress_a1_to_0_p1500ps,x1.m14,VBS,0.0,0.0,5e-05,5e-05
tt_stress_a1_to_0_p1500ps,x1.m15,VGS,-0.03420268289130557,1.876691939487314,10.004548082107961,5.015664702691103
tt_stress_a1_to_0_p1500ps,x1.m15,VGD,-1.8287760607689725,1.8760845691699934,10.00654808210796,5.015664702691103
tt_stress_a1_to_0_p1500ps,x1.m15,VDS,-0.0443982743777817,1.828984465836569,5.051202483089343,10.136218100869783
tt_stress_a1_to_0_p1500ps,x1.m15,VBS,0.0,0.0,5e-05,5e-05
tt_stress_a1_to_0_p1500ps,x1.m16,VGS,-1.8,0.0,5e-05,5.0125
tt_stress_a1_to_0_p1500ps,x1.m16,VGD,-1.800020865273875,-0.07300166926146412,15.509212248184172,5.018202483089333
tt_stress_a1_to_0_p1500ps,x1.m16,VDS,-1.0396453354747375,0.07367747976840122,0.00020594554005680643,16.67746830254457
tt_stress_a1_to_0_p1500ps,x1.m16,VBS,0.0,0.0,5e-05,5e-05
tt_stress_a1_to_0_p1500ps,x1.m17,VGS,-1.072647199932304,0.5673920378829169,25.0,0.019157181962046167
tt_stress_a1_to_0_p1500ps,x1.m17,VGD,-1.8862008137960946,-0.2310077740466907,5.018202483089333,0.01115718196204617
tt_stress_a1_to_0_p1500ps,x1.m17,VDS,0.6004476643632941,1.8968450141378206,0.000273004588837382,19.997932444534577
tt_stress_a1_to_0_p1500ps,x1.m17,VBS,-1.0726483496527557,0.078228370899864,25.0,20.012500000000003
tt_stress_a1_to_0_p1500ps,x1.m18,VGS,-1.1652278469805954,1.8590817823226684,4.999473738214323,20.012500000000003
tt_stress_a1_to_0_p1500ps,x1.m18,VGD,-0.05616487261323228,1.8592090170388984,5.0149213783535656,20.01342561460461
tt_stress_a1_to_0_p1500ps,x1.m18,VDS,-1.1699589660179073,0.40103824724460674,4.999473738214323,16.513094027162417
tt_stress_a1_to_0_p1500ps,x1.m18,VBS,-1.1830985892286918,0.0794036596547966,15.429996020938399,20.00993244453459
tt_stress_a1_to_0_p1500ps,x1.m19,VGS,-1.0396453354747375,0.07367747976840122,0.00020594554005680643,16.67746830254457
tt_stress_a1_to_0_p1500ps,x1.m19,VGD,-0.002018040242065422,1.8736774223260606,0.000573341787217633,16.67846830254457
tt_stress_a1_to_0_p1500ps,x1.m19,VDS,-1.803520255403712,-0.9915923821965593,10.008548082107959,0.0052314363924092335
tt_stress_a1_to_0_p1500ps,x1.m19,VBS,0.0,0.0,5e-05,5e-05
tt_stress_a1_to_0_p1500ps,x1.m20,VGS,0.7603546645252625,1.8736774797684013,0.00020594554005680643,16.67746830254457
tt_stress_a1_to_0_p1500ps,x1.m20,VGD,-0.002018040242065422,1.8736774223260606,0.000573341787217633,16.67846830254457
tt_stress_a1_to_0_p1500ps,x1.m20,VDS,-0.003520255403711904,0.8084076178034407,10.008548082107959,0.0052314363924092335
tt_stress_a1_to_0_p1500ps,x1.m20,VBS,0.0,0.0,5e-05,5e-05
tt_stress_a1_to_0_p1500ps,x1.m21,VGS,-1.8,0.0,5e-05,5.0125
tt_stress_a1_to_0_p1500ps,x1.m21,VGD,-1.8000329394128125,-0.07298465481994487,15.50821224818417,5.018202483089333
tt_stress_a1_to_0_p1500ps,x1.m21,VDS,-1.0395737136605785,0.07368448201619948,0.00020594554005680643,5.174450069017333
tt_stress_a1_to_0_p1500ps,x1.m21,VBS,0.0,0.0,5e-05,5e-05
tt_stress_a1_to_0_p1500ps,x1.m22,VGS,-1.0922649909630577,0.5064088763226123,15.415996020938383,0.01415718196204617
tt_stress_a1_to_0_p1500ps,x1.m22,VGD,-1.8861837993545754,-0.2307202706935061,5.018202483089333,0.01115718196204617
tt_stress_a1_to_0_p1500ps,x1.m22,VDS,0.6372398842046294,1.8965124520303145,0.000273004588837382,9.997548082107965
tt_stress_a1_to_0_p1500ps,x1.m22,VBS,-1.0924779849345243,0.0758409387892605,15.415996020938383,10.012499999999998
tt_stress_a1_to_0_p1500ps,x1.m23,VGS,-1.1042688973040093,1.8678310997976548,16.499286948662505,10.012499999999998
tt_stress_a1_to_0_p1500ps,x1.m23,VGD,-0.7755122982565483,1.8686987209332204,16.511045483222514,10.01407999648758
tt_stress_a1_to_0_p1500ps,x1.m23,VDS,-0.35224040765773834,0.8332405001889923,16.499286948662505,20.00993244453459
tt_stress_a1_to_0_p1500ps,x1.m23,VBS,-1.1830985892286918,0.0794036596547966,15.429996020938399,20.00993244453459
tt_stress_a1_to_0_p1500ps,x1.m24,VGS,-1.0395737136605785,0.07368448201619948,0.00020594554005680643,5.174450069017333
tt_stress_a1_to_0_p1500ps,x1.m24,VGD,-0.0018913635927167993,1.873684423418928,0.000573341787217633,5.175450069017334
tt_stress_a1_to_0_p1500ps,x1.m24,VDS,-1.8035202894089444,-0.9916887775975658,20.00893244453459,0.0052314363924092335
tt_stress_a1_to_0_p1500ps,x1.m24,VBS,0.0,0.0,5e-05,5e-05
tt_stress_a1_to_0_p1500ps,x1.m25,VGS,0.7604262863394214,1.8736844820161995,0.00020594554005680643,5.174450069017333
tt_stress_a1_to_0_p1500ps,x1.m25,VGD,-0.0018913635927167993,1.873684423418928,0.000573341787217633,5.175450069017334
tt_stress_a1_to_0_p1500ps,x1.m25,VDS,-0.00352028940894438,0.8083112224024342,20.00893244453459,0.0052314363924092335
tt_stress_a1_to_0_p1500ps,x1.m25,VBS,0.0,0.0,5e-05,5e-05
tt_stress_a1_to_0_p1500ps,x1.m26,VGS,-1.8656676539925887,0.09988947395986991,5.015664702691103,20.172504821676707
tt_stress_a1_to_0_p1500ps,x1.m26,VGD,-1.8249573224113227,1.8990795679515438,15.324015604974631,20.17350482167671
tt_stress_a1_to_0_p1500ps,x1.m26,VDS,-1.8270715143832232,0.05711109806069614,16.513094027162417,15.41299602093838
tt_stress_a1_to_0_p1500ps,x1.m26,VBS,0.0,0.0,5e-05,5e-05
tt_stress_a1_to_0_p1500ps,x1.m27,VGS,-0.06566765399258871,1.89988947395987,5.015664702691103,20.172504821676707
tt_stress_a1_to_0_p1500ps,x1.m27,VGD,-1.8249573224113227,1.8990795679515438,15.324015604974631,20.17350482167671
tt_stress_a1_to_0_p1500ps,x1.m27,VDS,-0.02707151438322318,1.8571110980606962,16.513094027162417,15.41299602093838
tt_stress_a1_to_0_p1500ps,x1.m27,VBS,0.0,0.0,5e-05,5e-05
tt_stress_a1_to_0_p1500ps,x1.m28,VGS,-1.2603149985058093,0.055460196014185836,5e-05,20.1675048216767
tt_stress_a1_to_0_p1500ps,x1.m28,VGD,0.10032339514429911,1.8550346673403655,0.01115718196204617,20.168504821676702
tt_stress_a1_to_0_p1500ps,x1.m28,VDS,-1.8131991445346305,-1.0713412084757268,5.018202483089333,0.01815718196204617
tt_stress_a1_to_0_p1500ps,x1.m28,VBS,0.0,0.0,5e-05,5e-05
tt_stress_a1_to_0_p1500ps,x1.m29,VGS,0.5396850014941906,1.8554601960141859,5e-05,20.1675048216767
tt_stress_a1_to_0_p1500ps,x1.m29,VGD,0.10032339514429911,1.8550346673403655,0.01115718196204617,20.168504821676702
tt_stress_a1_to_0_p1500ps,x1.m29,VDS,-0.013199144534630392,0.7286587915242733,5.018202483089333,0.01815718196204617
tt_stress_a1_to_0_p1500ps,x1.m29,VBS,0.0,0.0,5e-05,5e-05
tt_stress_a1_to_0_p1500ps,x2.mp1,VGS,-1.8421541757207462,0.02936011063360633,16.549498999756693,20.133777416667098
tt_stress_a1_to_0_p1500ps,x2.mp1,VGD,-1.8389222369935159,1.8292775101331233,16.55049899975669,20.134777416667095
tt_stress_a1_to_0_p1500ps,x2.mp1,VDS,-1.8535671099747466,0.10335000960444773,20.22550482167677,16.587077382710834
tt_stress_a1_to_0_p1500ps,x2.mp1,VBS,0.0,0.0,5e-05,5e-05
tt_stress_a1_to_0_p1500ps,x2.mn1,VGS,-0.042154175720746215,1.8293601106336064,16.549498999756693,20.133777416667098
tt_stress_a1_to_0_p1500ps,x2.mn1,VGD,-1.8389222369935159,1.8292775101331233,16.55049899975669,20.134777416667095
tt_stress_a1_to_0_p1500ps,x2.mn1,VDS,-0.053567109974746493,1.9033500096044478,20.22550482167677,16.587077382710834
tt_stress_a1_to_0_p1500ps,x2.mn1,VBS,0.0,0.0,5e-05,5e-05
tt_stress_a1_to_0_p1500ps,x2.mp2,VGS,-1.8535671099747466,0.10335000960444773,20.22550482167677,16.587077382710834
tt_stress_a1_to_0_p1500ps,x2.mp2,VGD,-1.8517851363187088,1.9008995652060798,20.22550482167677,16.587077382710834
tt_stress_a1_to_0_p1500ps,x2.mp2,VDS,-1.833604801996864,0.029019479243719726,16.620468302544506,20.27250482167682
tt_stress_a1_to_0_p1500ps,x2.mp2,VBS,0.0,0.0,5e-05,5e-05
tt_stress_a1_to_0_p1500ps,x2.mn2,VGS,-0.053567109974746493,1.9033500096044478,20.22550482167677,16.587077382710834
tt_stress_a1_to_0_p1500ps,x2.mn2,VGD,-1.8517851363187088,1.9008995652060798,20.22550482167677,16.587077382710834
tt_stress_a1_to_0_p1500ps,x2.mn2,VDS,-0.03360480199686394,1.8290194792437198,16.620468302544506,20.27250482167682
tt_stress_a1_to_0_p1500ps,x2.mn2,VBS,0.0,0.0,5e-05,5e-05
tt_stress_a1_to_0_p1500ps,x3.mp1,VGS,-1.8443982743777818,0.028984465836568996,5.051202483089343,10.136218100869783
tt_stress_a1_to_0_p1500ps,x3.mp1,VGD,-1.8409504716189884,1.8289010387777798,5.051202483089343,10.137218100869783
tt_stress_a1_to_0_p1500ps,x3.mp1,VDS,-1.8541151643967115,0.10432034463610829,10.22721025163823,5.086426032147458
tt_stress_a1_to_0_p1500ps,x3.mp1,VBS,0.0,0.0,5e-05,5e-05
tt_stress_a1_to_0_p1500ps,x3.mn1,VGS,-0.0443982743777817,1.828984465836569,5.051202483089343,10.136218100869783
tt_stress_a1_to_0_p1500ps,x3.mn1,VGD,-1.8409504716189884,1.8289010387777798,5.051202483089343,10.137218100869783
tt_stress_a1_to_0_p1500ps,x3.mn1,VDS,-0.05411516439671149,1.9043203446361083,10.22721025163823,5.086426032147458
tt_stress_a1_to_0_p1500ps,x3.mn1,VBS,0.0,0.0,5e-05,5e-05
tt_stress_a1_to_0_p1500ps,x3.mp2,VGS,-1.8541151643967115,0.10432034463610829,10.22721025163823,5.086426032147458
tt_stress_a1_to_0_p1500ps,x3.mp2,VGD,-1.8523096998433262,1.9018018704913167,10.22721025163823,5.086426032147458
tt_stress_a1_to_0_p1500ps,x3.mp2,VDS,-1.8336365481672172,0.029025128483172402,5.119450069017316,10.274210251638205
tt_stress_a1_to_0_p1500ps,x3.mp2,VBS,0.0,0.0,5e-05,5e-05
tt_stress_a1_to_0_p1500ps,x3.mn2,VGS,-0.05411516439671149,1.9043203446361083,10.22721025163823,5.086426032147458
tt_stress_a1_to_0_p1500ps,x3.mn2,VGD,-1.8523096998433262,1.9018018704913167,10.22721025163823,5.086426032147458
tt_stress_a1_to_0_p1500ps,x3.mn2,VDS,-0.033636548167217145,1.8290251284831724,5.119450069017316,10.274210251638205
tt_stress_a1_to_0_p1500ps,x3.mn2,VBS,0.0,0.0,5e-05,5e-05
tt_stress_a1_to_0_p1500ps,x4.mp1,VGS,-1.8035202894089444,-0.9916887775975658,20.00893244453459,0.0052314363924092335
tt_stress_a1_to_0_p1500ps,x4.mp1,VGD,-1.8031690123999708,0.011202488329342009,20.00993244453459,0.0004763929385435122
tt_stress_a1_to_0_p1500ps,x4.mp1,VDS,-1.05424683091867,0.00039688128156067926,0.000273004588837382,16.4942869486625
tt_stress_a1_to_0_p1500ps,x4.mp1,VBS,0.0,0.0,5e-05,5e-05
tt_stress_a1_to_0_p1500ps,x4.mn1,VGS,-0.00352028940894438,0.8083112224024342,20.00893244453459,0.0052314363924092335
tt_stress_a1_to_0_p1500ps,x4.mn1,VGD,-1.8031690123999708,0.011202488329342009,20.00993244453459,0.0004763929385435122
tt_stress_a1_to_0_p1500ps,x4.mn1,VDS,0.7457531690813299,1.8003968812815607,0.000273004588837382,16.4942869486625
tt_stress_a1_to_0_p1500ps,x4.mn1,VBS,0.0,0.0,5e-05,5e-05
tt_stress_a1_to_0_p1500ps,x4.mp2,VGS,-1.05424683091867,0.00039688128156067926,0.000273004588837382,16.4942869486625
tt_stress_a1_to_0_p1500ps,x4.mp2,VGD,0.7137640676130235,1.8003840414421381,0.000273004588837382,16.4942869486625
tt_stress_a1_to_0_p1500ps,x4.mp2,VDS,-1.8000099360742716,-1.7231659216546982,10.003548082107962,0.03715718196204619
tt_stress_a1_to_0_p1500ps,x4.mp2,VBS,0.0,0.0,5e-05,5e-05
tt_stress_a1_to_0_p1500ps,x4.mn2,VGS,0.7457531690813299,1.8003968812815607,0.000273004588837382,16.4942869486625
tt_stress_a1_to_0_p1500ps,x4.mn2,VGD,0.7137640676130235,1.8003840414421381,0.000273004588837382,16.4942869486625
tt_stress_a1_to_0_p1500ps,x4.mn2,VDS,-9.936074271488041e-06,0.07683407834530191,10.003548082107962,0.03715718196204619
tt_stress_a1_to_0_p1500ps,x4.mn2,VBS,0.0,0.0,5e-05,5e-05
tt_stress_a1_to_0_p1500ps,x5.mp1,VGS,-1.803520255403712,-0.9915923821965593,10.008548082107959,0.0052314363924092335
tt_stress_a1_to_0_p1500ps,x5.mp1,VGD,-1.8031694561855598,0.01113002288224818,10.009548082107958,0.0004763929385435122
tt_stress_a1_to_0_p1500ps,x5.mp1,VDS,-1.0542486851556747,0.0003968831736766987,0.000273004588837382,16.4942869486625
tt_stress_a1_to_0_p1500ps,x5.mp1,VBS,0.0,0.0,5e-05,5e-05
tt_stress_a1_to_0_p1500ps,x5.mn1,VGS,-0.003520255403711904,0.8084076178034407,10.008548082107959,0.0052314363924092335
tt_stress_a1_to_0_p1500ps,x5.mn1,VGD,-1.8031694561855598,0.01113002288224818,10.009548082107958,0.0004763929385435122
tt_stress_a1_to_0_p1500ps,x5.mn1,VDS,0.7457513148443253,1.8003968831736767,0.000273004588837382,16.4942869486625
tt_stress_a1_to_0_p1500ps,x5.mn1,VBS,0.0,0.0,5e-05,5e-05
tt_stress_a1_to_0_p1500ps,x5.mp2,VGS,-1.0542486851556747,0.0003968831736766987,0.000273004588837382,16.4942869486625
tt_stress_a1_to_0_p1500ps,x5.mp2,VGD,0.7137622227326035,1.8003840432616052,0.000273004588837382,16.4942869486625
tt_stress_a1_to_0_p1500ps,x5.mp2,VDS,-1.8000099404951804,-1.7231585313623674,10.003548082107962,0.03715718196204619
tt_stress_a1_to_0_p1500ps,x5.mp2,VBS,0.0,0.0,5e-05,5e-05
tt_stress_a1_to_0_p1500ps,x5.mn2,VGS,0.7457513148443253,1.8003968831736767,0.000273004588837382,16.4942869486625
tt_stress_a1_to_0_p1500ps,x5.mn2,VGD,0.7137622227326035,1.8003840432616052,0.000273004588837382,16.4942869486625
tt_stress_a1_to_0_p1500ps,x5.mn2,VDS,-9.940495180364169e-06,0.0768414686376327,10.003548082107962,0.03715718196204619
tt_stress_a1_to_0_p1500ps,x5.mn2,VBS,0.0,0.0,5e-05,5e-05
tt_stress_a1_to_2_p1500ps,x1.m1,VGS,-1.8,0.0,15.364082942535,5e-05
tt_stress_a1_to_2_p1500ps,x1.m1,VGD,-1.8985548607742797,1.8656676539925887,20.170452758840355,5.015664702691103
tt_stress_a1_to_2_p1500ps,x1.m1,VDS,-1.8656676539925887,0.09855486077427966,5.015664702691103,20.170452758840355
tt_stress_a1_to_2_p1500ps,x1.m1,VBS,0.0,0.0,5e-05,5e-05
tt_stress_a1_to_2_p1500ps,x1.m2,VGS,0.0,1.8,15.364082942535,5e-05
tt_stress_a1_to_2_p1500ps,x1.m2,VGD,-1.8985548607742797,1.8656676539925887,20.170452758840355,5.015664702691103
tt_stress_a1_to_2_p1500ps,x1.m2,VDS,-0.06566765399258871,1.8985548607742797,5.015664702691103,20.170452758840355
tt_stress_a1_to_2_p1500ps,x1.m2,VBS,0.0,0.0,5e-05,5e-05
tt_stress_a1_to_2_p1500ps,x1.m3,VGS,-1.8,0.0,5e-05,15.424192586062997
tt_stress_a1_to_2_p1500ps,x1.m3,VGD,-1.855035445191904,1.828861790222509,10.172210251638258,16.52231582185807
tt_stress_a1_to_2_p1500ps,x1.m3,VDS,-1.828861790222509,0.05503544519190395,16.52231582185807,10.172210251638258
tt_stress_a1_to_2_p1500ps,x1.m3,VBS,0.0,0.0,5e-05,5e-05
tt_stress_a1_to_2_p1500ps,x1.m4,VGS,0.0,1.8,5e-05,15.424192586062997
tt_stress_a1_to_2_p1500ps,x1.m4,VGD,-1.855035445191904,1.828861790222509,10.172210251638258,16.52231582185807
tt_stress_a1_to_2_p1500ps,x1.m4,VDS,-0.028861790222509,1.855035445191904,16.52231582185807,10.172210251638258
tt_stress_a1_to_2_p1500ps,x1.m4,VBS,0.0,0.0,5e-05,5e-05
tt_stress_a1_to_2_p1500ps,x1.m5,VGS,-1.8,0.0,5e-05,5.0125
tt_stress_a1_to_2_p1500ps,x1.m5,VGD,-1.8008375143298996,-0.06657637530736382,15.323002895179215,9.987500000000002
tt_stress_a1_to_2_p1500ps,x1.m5,VDS,-1.0297878401791083,0.07366819932213864,0.00020594554005680643,16.660858701494295
tt_stress_a1_to_2_p1500ps,x1.m5,VBS,0.0,0.0,5e-05,5e-05
tt_stress_a1_to_2_p1500ps,x1.m6,VGS,-1.2210821832660523,0.8329111497317296,15.772902788926359,0.11115718196204608
tt_stress_a1_to_2_p1500ps,x1.m6,VGD,-1.9011274647891228,0.0552456568105264,16.52231582185807,10.171210251638259
tt_stress_a1_to_2_p1500ps,x1.m6,VDS,0.5553784191186077,1.8968421285090875,15.37810167553314,19.99793399067955
tt_stress_a1_to_2_p1500ps,x1.m6,VBS,-1.2375955644552796,0.07808847530641902,15.371101675533133,20.012500000000003
tt_stress_a1_to_2_p1500ps,x1.m7,VGS,-1.1652278469805954,1.858955364004515,4.999473738214323,20.012500000000003
tt_stress_a1_to_2_p1500ps,x1.m7,VGD,-1.2517630306904095,1.8591450751881087,15.323002895179215,20.013425139169396
tt_stress_a1_to_2_p1500ps,x1.m7,VDS,-0.10488559771602735,1.2844560819478712,0.04515718196204622,10.010548082107958
tt_stress_a1_to_2_p1500ps,x1.m7,VBS,-1.1781977885341337,0.07926768009939722,15.427902788925968,20.00993399067956
tt_stress_a1_to_2_p1500ps,x1.m8,VGS,0.0,1.8,5e-05,5.0125
tt_stress_a1_to_2_p1500ps,x1.m8,VGD,-1.1781977885341337,1.7999999750526074,15.427902788925968,6.455450069017726
tt_stress_a1_to_2_p1500ps,x1.m8,VDS,-0.07926768009939722,1.1781977885341337,20.00993399067956,15.427902788925968
tt_stress_a1_to_2_p1500ps,x1.m8,VBS,0.0,0.0,5e-05,5e-05
tt_stress_a1_to_2_p1500ps,x1.m9,VGS,-1.0297878401791083,0.07366819932213864,0.00020594554005680643,16.660858701494295
tt_stress_a1_to_2_p1500ps,x1.m9,VGD,0.0025004370502274,1.8736681266735005,0.000573341787217633,16.661858701494296
tt_stress_a1_to_2_p1500ps,x1.m9,VDS,-1.8035233189688866,-0.9946968302869861,20.00893399067956,0.005
tt_stress_a1_to_2_p1500ps,x1.m9,VBS,0.0,0.0,5e-05,5e-05
tt_stress_a1_to_2_p1500ps,x1.m10,VGS,0.7702121598208919,1.8736681993221387,0.00020594554005680643,16.660858701494295
tt_stress_a1_to_2_p1500ps,x1.m10,VGD,0.0025004370502274,1.8736681266735005,0.000573341787217633,16.661858701494296
tt_stress_a1_to_2_p1500ps,x1.m10,VDS,-0.0035233189688866906,0.805303169713014,20.00893399067956,0.005
tt_stress_a1_to_2_p1500ps,x1.m10,VBS,0.0,0.0,5e-05,5e-05
tt_stress_a1_to_2_p1500ps,x1.m11,VGS,-1.8,0.0,5e-05,5.0125
tt_stress_a1_to_2_p1500ps,x1.m11,VGD,-1.8002402987354562,1.7999998953896479,15.321002895179213,6.456450069017726
tt_stress_a1_to_2_p1500ps,x1.m11,VDS,-1.8342026828913056,0.07669193948731401,10.004548082107961,5.015664702691103
tt_stress_a1_to_2_p1500ps,x1.m11,VBS,0.0,0.0,5e-05,5e-05
tt_stress_a1_to_2_p1500ps,x1.m12,VGS,-0.5694974352659059,1.845530623051958,15.461902788926006,10.008548082107959
tt_stress_a1_to_2_p1500ps,x1.m12,VGD,-1.9011363953382017,1.8257497560743523,16.52231582185807,10.004548082107961
tt_stress_a1_to_2_p1500ps,x1.m12,VDS,4.130545151748155e-08,1.34086907528537,6.464450069017729,16.514950293161142
tt_stress_a1_to_2_p1500ps,x1.m12,VBS,-1.136590549553929,0.05402445914257788,15.336002895179229,10.008548082107959
tt_stress_a1_to_2_p1500ps,x1.m13,VGS,-1.1754521210341367,1.8678310997976548,16.499289467154757,10.012499999999998
tt_stress_a1_to_2_p1500ps,x1.m13,VGD,-0.5624597958201593,1.841408184537538,16.511264502750944,10.009548082107958
tt_stress_a1_to_2_p1500ps,x1.m13,VDS,-0.6386158024944864,0.6170186671221851,16.499289467154757,20.00993399067956
tt_stress_a1_to_2_p1500ps,x1.m13,VBS,-1.1781977885341337,0.07926768009939722,15.427902788925968,20.00993399067956
tt_stress_a1_to_2_p1500ps,x1.m14,VGS,-1.8342026828913056,0.07669193948731401,10.004548082107961,5.015664702691103
tt_stress_a1_to_2_p1500ps,x1.m14,VGD,-1.8287760607689725,1.8760845691699934,10.00654808210796,5.015664702691103
tt_stress_a1_to_2_p1500ps,x1.m14,VDS,-1.8443982743777818,0.028984465836568996,5.051202483089343,10.136218100869783
tt_stress_a1_to_2_p1500ps,x1.m14,VBS,0.0,0.0,5e-05,5e-05
tt_stress_a1_to_2_p1500ps,x1.m15,VGS,-0.03420268289130557,1.876691939487314,10.004548082107961,5.015664702691103
tt_stress_a1_to_2_p1500ps,x1.m15,VGD,-1.8287760607689725,1.8760845691699934,10.00654808210796,5.015664702691103
tt_stress_a1_to_2_p1500ps,x1.m15,VDS,-0.0443982743777817,1.828984465836569,5.051202483089343,10.136218100869783
tt_stress_a1_to_2_p1500ps,x1.m15,VBS,0.0,0.0,5e-05,5e-05
tt_stress_a1_to_2_p1500ps,x1.m16,VGS,-1.8,0.0,5e-05,5.0125
tt_stress_a1_to_2_p1500ps,x1.m16,VGD,-1.843857241365589,1.7999998932523558,15.46490278892601,18.033858701495852
tt_stress_a1_to_2_p1500ps,x1.m16,VDS,-1.8343744815225338,0.07628927361250892,20.004933990679554,16.515762544863076
tt_stress_a1_to_2_p1500ps,x1.m16,VBS,0.0,0.0,5e-05,5e-05
tt_stress_a1_to_2_p1500ps,x1.m17,VGS,-0.12623540210895956,1.849512388991247,15.42210167553319,20.00993399067956
tt_stress_a1_to_2_p1500ps,x1.m17,VGD,-1.8862008137960946,1.8273958445579348,5.018202483089333,20.004933990679554
tt_stress_a1_to_2_p1500ps,x1.m17,VDS,4.1446732129690744e-08,1.8827681552642137,17.91785870149572,5.015664702691103
tt_stress_a1_to_2_p1500ps,x1.m17,VBS,-1.1373316397376705,0.054867931198812725,16.50826450275094,20.007933990679557
tt_stress_a1_to_2_p1500ps,x1.m18,VGS,-1.1652278469805954,1.858955364004515,4.999473738214323,20.012500000000003
tt_stress_a1_to_2_p1500ps,x1.m18,VGD,-0.05616487261323228,1.8340085406513627,5.0149213783535656,20.007933990679557
tt_stress_a1_to_2_p1500ps,x1.m18,VDS,-1.1699589660179073,0.5478119609910577,4.999473738214323,16.51346755896108
tt_stress_a1_to_2_p1500ps,x1.m18,VBS,-1.1781977885341337,0.07926768009939722,15.427902788925968,20.00993399067956
tt_stress_a1_to_2_p1500ps,x1.m19,VGS,-1.8343744815225338,0.07628927361250892,20.004933990679554,16.515762544863076
tt_stress_a1_to_2_p1500ps,x1.m19,VGD,-1.8289145194012653,1.8757270320063757,20.005933990679555,16.515762544863076
tt_stress_a1_to_2_p1500ps,x1.m19,VDS,-1.8439692198971223,0.029537555487895384,16.5513158218581,20.134777416667095
tt_stress_a1_to_2_p1500ps,x1.m19,VBS,0.0,0.0,5e-05,5e-05
tt_stress_a1_to_2_p1500ps,x1.m20,VGS,-0.03437448152253364,1.876289273612509,20.004933990679554,16.515762544863076
tt_stress_a1_to_2_p1500ps,x1.m20,VGD,-1.8289145194012653,1.8757270320063757,20.005933990679555,16.515762544863076
tt_stress_a1_to_2_p1500ps,x1.m20,VDS,-0.04396921989712212,1.8295375554878954,16.5513158218581,20.134777416667095
tt_stress_a1_to_2_p1500ps,x1.m20,VBS,0.0,0.0,5e-05,5e-05
tt_stress_a1_to_2_p1500ps,x1.m21,VGS,-1.8,0.0,5e-05,5.0125
tt_stress_a1_to_2_p1500ps,x1.m21,VGD,-1.8458099236085967,-0.05941169769879018,15.476902788926022,19.9875
tt_stress_a1_to_2_p1500ps,x1.m21,VDS,-1.0395737136605785,0.07368448201619948,0.00020594554005680643,5.174450069017333
tt_stress_a1_to_2_p1500ps,x1.m21,VBS,0.0,0.0,5e-05,5e-05
tt_stress_a1_to_2_p1500ps,x1.m22,VGS,-1.1127614622495927,0.7129261802227798,15.414101675533182,15.542902788926098
tt_stress_a1_to_2_p1500ps,x1.m22,VGD,-1.8861837993545754,0.02470452821167557,5.018202483089333,20.026893715051482
tt_stress_a1_to_2_p1500ps,x1.m22,VDS,0.5911675198049533,1.8965124520303145,25.0,9.997548082107965
tt_stress_a1_to_2_p1500ps,x1.m22,VBS,-1.2087892643978093,0.0758409387892605,25.0,10.012499999999998
tt_stress_a1_to_2_p1500ps,x1.m23,VGS,-1.1754521210341367,1.8678310997976548,16.499289467154757,10.012499999999998
tt_stress_a1_to_2_p1500ps,x1.m23,VGD,-1.2087867981678637,1.8686987209332204,25.0,10.01407999648758
tt_stress_a1_to_2_p1500ps,x1.m23,VDS,-0.09934361701396366,1.2647485649008048,4.999473738214323,20.01093399067956
tt_stress_a1_to_2_p1500ps,x1.m23,VBS,-1.1781977885341337,0.07926768009939722,15.427902788925968,20.00993399067956
tt_stress_a1_to_2_p1500ps,x1.m24,VGS,-1.0395737136605785,0.07368448201619948,0.00020594554005680643,5.174450069017333
tt_stress_a1_to_2_p1500ps,x1.m24,VGD,-0.0018913635927167993,1.873684423418928,0.000573341787217633,5.175450069017334
tt_stress_a1_to_2_p1500ps,x1.m24,VDS,-1.8035189968502126,-0.9916887775975658,10.008548082107959,0.0052314363924092335
tt_stress_a1_to_2_p1500ps,x1.m24,VBS,0.0,0.0,5e-05,5e-05
tt_stress_a1_to_2_p1500ps,x1.m25,VGS,0.7604262863394214,1.8736844820161995,0.00020594554005680643,5.174450069017333
tt_stress_a1_to_2_p1500ps,x1.m25,VGD,-0.0018913635927167993,1.873684423418928,0.000573341787217633,5.175450069017334
tt_stress_a1_to_2_p1500ps,x1.m25,VDS,-0.0035189968502124186,0.8083112224024342,10.008548082107959,0.0052314363924092335
tt_stress_a1_to_2_p1500ps,x1.m25,VBS,0.0,0.0,5e-05,5e-05
tt_stress_a1_to_2_p1500ps,x1.m26,VGS,-1.8656676539925887,0.09855486077427966,5.015664702691103,20.170452758840355
tt_stress_a1_to_2_p1500ps,x1.m26,VGD,-1.8249227963808838,1.8977561224973283,15.324002895179216,20.171452758840356
tt_stress_a1_to_2_p1500ps,x1.m26,VDS,-1.8291806880505017,0.05195875460609023,16.513112329963803,15.41310167553318
tt_stress_a1_to_2_p1500ps,x1.m26,VBS,0.0,0.0,5e-05,5e-05
tt_stress_a1_to_2_p1500ps,x1.m27,VGS,-0.06566765399258871,1.8985548607742797,5.015664702691103,20.170452758840355
tt_stress_a1_to_2_p1500ps,x1.m27,VGD,-1.8249227963808838,1.8977561224973283,15.324002895179216,20.171452758840356
tt_stress_a1_to_2_p1500ps,x1.m27,VDS,-0.029180688050501724,1.8519587546060903,16.513112329963803,15.41310167553318
tt_stress_a1_to_2_p1500ps,x1.m27,VBS,0.0,0.0,5e-05,5e-05
tt_stress_a1_to_2_p1500ps,x1.m28,VGS,-1.828861790222509,0.05503544519190395,16.52231582185807,10.172210251638258
tt_stress_a1_to_2_p1500ps,x1.m28,VGD,-1.8102453196635098,1.8546271016357962,20.035893715051493,10.173210251638258
tt_stress_a1_to_2_p1500ps,x1.m28,VDS,-1.8257022086472876,0.012943101299893955,15.41310167553318,20.053777416667003
tt_stress_a1_to_2_p1500ps,x1.m28,VBS,0.0,0.0,5e-05,5e-05
tt_stress_a1_to_2_p1500ps,x1.m29,VGS,-0.028861790222509,1.855035445191904,16.52231582185807,10.172210251638258
tt_stress_a1_to_2_p1500ps,x1.m29,VGD,-1.8102453196635098,1.8546271016357962,20.035893715051493,10.173210251638258
tt_stress_a1_to_2_p1500ps,x1.m29,VDS,-0.025702208647287672,1.812943101299894,15.41310167553318,20.053777416667003
tt_stress_a1_to_2_p1500ps,x1.m29,VBS,0.0,0.0,5e-05,5e-05
tt_stress_a1_to_2_p1500ps,x2.mp1,VGS,-1.8035233189688866,-0.9946968302869861,20.00893399067956,0.005
tt_stress_a1_to_2_p1500ps,x2.mp1,VGD,-1.8031710748782752,0.014146775067781281,20.00993399067956,0.0004763929385435122
tt_stress_a1_to_2_p1500ps,x2.mp1,VDS,-1.0539206590674803,0.0003978808611795337,0.000273004588837382,16.49428946715475
tt_stress_a1_to_2_p1500ps,x2.mp1,VBS,0.0,0.0,5e-05,5e-05
tt_stress_a1_to_2_p1500ps,x2.mn1,VGS,-0.0035233189688866906,0.805303169713014,20.00893399067956,0.005
tt_stress_a1_to_2_p1500ps,x2.mn1,VGD,-1.8031710748782752,0.014146775067781281,20.00993399067956,0.0004763929385435122
tt_stress_a1_to_2_p1500ps,x2.mn1,VDS,0.7460793409325196,1.8003978808611796,0.000273004588837382,16.49428946715475
tt_stress_a1_to_2_p1500ps,x2.mn1,VBS,0.0,0.0,5e-05,5e-05
tt_stress_a1_to_2_p1500ps,x2.mp2,VGS,-1.0539206590674803,0.0003978808611795337,0.000273004588837382,16.49428946715475
tt_stress_a1_to_2_p1500ps,x2.mp2,VGD,0.7140840677339099,1.800385007488218,0.000273004588837382,16.49428946715475
tt_stress_a1_to_2_p1500ps,x2.mp2,VDS,-1.8000099387752324,-1.7235547692598656,20.003933990679553,0.03715718196204619
tt_stress_a1_to_2_p1500ps,x2.mp2,VBS,0.0,0.0,5e-05,5e-05
tt_stress_a1_to_2_p1500ps,x2.mn2,VGS,0.7460793409325196,1.8003978808611796,0.000273004588837382,16.49428946715475
tt_stress_a1_to_2_p1500ps,x2.mn2,VGD,0.7140840677339099,1.800385007488218,0.000273004588837382,16.49428946715475
tt_stress_a1_to_2_p1500ps,x2.mn2,VDS,-9.938775232332745e-06,0.07644523074013447,20.003933990679553,0.03715718196204619
tt_stress_a1_to_2_p1500ps,x2.mn2,VBS,0.0,0.0,5e-05,5e-05
tt_stress_a1_to_2_p1500ps,x3.mp1,VGS,-1.8443982743777818,0.028984465836568996,5.051202483089343,10.136218100869783
tt_stress_a1_to_2_p1500ps,x3.mp1,VGD,-1.8409504716189884,1.8289010387777798,5.051202483089343,10.137218100869783
tt_stress_a1_to_2_p1500ps,x3.mp1,VDS,-1.8541151643967115,0.10432034463610829,10.22721025163823,5.086426032147458
tt_stress_a1_to_2_p1500ps,x3.mp1,VBS,0.0,0.0,5e-05,5e-05
tt_stress_a1_to_2_p1500ps,x3.mn1,VGS,-0.0443982743777817,1.828984465836569,5.051202483089343,10.136218100869783
tt_stress_a1_to_2_p1500ps,x3.mn1,VGD,-1.8409504716189884,1.8289010387777798,5.051202483089343,10.137218100869783
tt_stress_a1_to_2_p1500ps,x3.mn1,VDS,-0.05411516439671149,1.9043203446361083,10.22721025163823,5.086426032147458
tt_stress_a1_to_2_p1500ps,x3.mn1,VBS,0.0,0.0,5e-05,5e-05
tt_stress_a1_to_2_p1500ps,x3.mp2,VGS,-1.8541151643967115,0.10432034463610829,10.22721025163823,5.086426032147458
tt_stress_a1_to_2_p1500ps,x3.mp2,VGD,-1.8523096998433262,1.9018018704913167,10.22721025163823,5.086426032147458
tt_stress_a1_to_2_p1500ps,x3.mp2,VDS,-1.8336365481672172,0.029025128483172402,5.119450069017316,10.274210251638205
tt_stress_a1_to_2_p1500ps,x3.mp2,VBS,0.0,0.0,5e-05,5e-05
tt_stress_a1_to_2_p1500ps,x3.mn2,VGS,-0.05411516439671149,1.9043203446361083,10.22721025163823,5.086426032147458
tt_stress_a1_to_2_p1500ps,x3.mn2,VGD,-1.8523096998433262,1.9018018704913167,10.22721025163823,5.086426032147458
tt_stress_a1_to_2_p1500ps,x3.mn2,VDS,-0.033636548167217145,1.8290251284831724,5.119450069017316,10.274210251638205
tt_stress_a1_to_2_p1500ps,x3.mn2,VBS,0.0,0.0,5e-05,5e-05
tt_stress_a1_to_2_p1500ps,x4.mp1,VGS,-1.8035189968502126,-0.9916887775975658,10.008548082107959,0.0052314363924092335
tt_stress_a1_to_2_p1500ps,x4.mp1,VGD,-1.8031687229438234,0.011202488329342009,10.009548082107958,0.0004763929385435122
tt_stress_a1_to_2_p1500ps,x4.mp1,VDS,-1.05424683091867,0.00039839772991534517,0.000273004588837382,16.49428946715475
tt_stress_a1_to_2_p1500ps,x4.mp1,VBS,0.0,0.0,5e-05,5e-05
tt_stress_a1_to_2_p1500ps,x4.mn1,VGS,-0.0035189968502124186,0.8083112224024342,10.008548082107959,0.0052314363924092335
tt_stress_a1_to_2_p1500ps,x4.mn1,VGD,-1.8031687229438234,0.011202488329342009,10.009548082107958,0.0004763929385435122
tt_stress_a1_to_2_p1500ps,x4.mn1,VDS,0.7457531690813299,1.8003983977299154,0.000273004588837382,16.49428946715475
tt_stress_a1_to_2_p1500ps,x4.mn1,VBS,0.0,0.0,5e-05,5e-05
tt_stress_a1_to_2_p1500ps,x4.mp2,VGS,-1.05424683091867,0.00039839772991534517,0.000273004588837382,16.49428946715475
tt_stress_a1_to_2_p1500ps,x4.mp2,VGD,0.7137640676130235,1.800385507102015,0.000273004588837382,16.49428946715475
tt_stress_a1_to_2_p1500ps,x4.mp2,VDS,-1.8000099360742716,-1.7231659216546982,10.003548082107962,0.03715718196204619
tt_stress_a1_to_2_p1500ps,x4.mp2,VBS,0.0,0.0,5e-05,5e-05
tt_stress_a1_to_2_p1500ps,x4.mn2,VGS,0.7457531690813299,1.8003983977299154,0.000273004588837382,16.49428946715475
tt_stress_a1_to_2_p1500ps,x4.mn2,VGD,0.7137640676130235,1.800385507102015,0.000273004588837382,16.49428946715475
tt_stress_a1_to_2_p1500ps,x4.mn2,VDS,-9.936074271488041e-06,0.07683407834530191,10.003548082107962,0.03715718196204619
tt_stress_a1_to_2_p1500ps,x4.mn2,VBS,0.0,0.0,5e-05,5e-05
tt_stress_a1_to_2_p1500ps,x5.mp1,VGS,-1.8439692198971223,0.029537555487895384,16.5513158218581,20.134777416667095
tt_stress_a1_to_2_p1500ps,x5.mp1,VGD,-1.840532294729315,1.8294480827579507,16.5513158218581,20.135777416667096
tt_stress_a1_to_2_p1500ps,x5.mp1,VDS,-1.855501597472097,0.10352014115755304,20.224452758840417,16.587732158987624
tt_stress_a1_to_2_p1500ps,x5.mp1,VBS,0.0,0.0,5e-05,5e-05
tt_stress_a1_to_2_p1500ps,x5.mn1,VGS,-0.04396921989712212,1.8295375554878954,16.5513158218581,20.134777416667095
tt_stress_a1_to_2_p1500ps,x5.mn1,VGD,-1.840532294729315,1.8294480827579507,16.5513158218581,20.135777416667096
tt_stress_a1_to_2_p1500ps,x5.mn1,VDS,-0.05550159747209703,1.903520141157553,20.224452758840417,16.587732158987624
tt_stress_a1_to_2_p1500ps,x5.mn1,VBS,0.0,0.0,5e-05,5e-05
tt_stress_a1_to_2_p1500ps,x5.mp2,VGS,-1.855501597472097,0.10352014115755304,20.224452758840417,16.587732158987624
tt_stress_a1_to_2_p1500ps,x5.mp2,VGD,-1.853646580600715,1.901073940263882,20.224452758840417,16.587732158987624
tt_stress_a1_to_2_p1500ps,x5.mp2,VDS,-1.8336056454584733,0.02903105451656507,16.62085870149425,20.27045275884047
tt_stress_a1_to_2_p1500ps,x5.mp2,VBS,0.0,0.0,5e-05,5e-05
tt_stress_a1_to_2_p1500ps,x5.mn2,VGS,-0.05550159747209703,1.903520141157553,20.224452758840417,16.587732158987624
tt_stress_a1_to_2_p1500ps,x5.mn2,VGD,-1.853646580600715,1.901073940263882,20.224452758840417,16.587732158987624
tt_stress_a1_to_2_p1500ps,x5.mn2,VDS,-0.03360564545847327,1.8290310545165651,16.62085870149425,20.27045275884047
tt_stress_a1_to_2_p1500ps,x5.mn2,VBS,0.0,0.0,5e-05,5e-05
tt_stress_a1_to_3_p1500ps,x1.m1,VGS,0.0,0.0,5e-05,5e-05
tt_stress_a1_to_3_p1500ps,x1.m1,VGD,1.1263201283414044,1.8656676539925887,0.0010745776756468516,5.015664702691103
tt_stress_a1_to_3_p1500ps,x1.m1,VDS,-1.8656676539925887,-1.1263201283414044,5.015664702691103,0.0010745776756468516
tt_stress_a1_to_3_p1500ps,x1.m1,VBS,0.0,0.0,5e-05,5e-05
tt_stress_a1_to_3_p1500ps,x1.m2,VGS,1.8,1.8,5e-05,5e-05
tt_stress_a1_to_3_p1500ps,x1.m2,VGD,1.1263201283414044,1.8656676539925887,0.0010745776756468516,5.015664702691103
tt_stress_a1_to_3_p1500ps,x1.m2,VDS,-0.06566765399258871,0.6736798716585957,5.015664702691103,0.0010745776756468516
tt_stress_a1_to_3_p1500ps,x1.m2,VBS,0.0,0.0,5e-05,5e-05
tt_stress_a1_to_3_p1500ps,x1.m3,VGS,-1.8,0.0,5e-05,15.424192586062997
tt_stress_a1_to_3_p1500ps,x1.m3,VGD,-1.855035445191904,1.8267089017541494,10.172210251638258,16.521781228290305
tt_stress_a1_to_3_p1500ps,x1.m3,VDS,-1.8267089017541494,0.05503544519190395,16.521781228290305,10.172210251638258
tt_stress_a1_to_3_p1500ps,x1.m3,VBS,0.0,0.0,5e-05,5e-05
tt_stress_a1_to_3_p1500ps,x1.m4,VGS,0.0,1.8,5e-05,15.424192586062997
tt_stress_a1_to_3_p1500ps,x1.m4,VGD,-1.855035445191904,1.8267089017541494,10.172210251638258,16.521781228290305
tt_stress_a1_to_3_p1500ps,x1.m4,VDS,-0.026708901754149358,1.855035445191904,16.521781228290305,10.172210251638258
tt_stress_a1_to_3_p1500ps,x1.m4,VBS,0.0,0.0,5e-05,5e-05
tt_stress_a1_to_3_p1500ps,x1.m5,VGS,-1.8,0.0,5e-05,5.0125
tt_stress_a1_to_3_p1500ps,x1.m5,VGD,-1.8008190321531343,-0.06657637530736382,15.323351352017317,9.987500000000002
tt_stress_a1_to_3_p1500ps,x1.m5,VDS,-1.0297878401791083,0.07361363849718061,0.00020594554005680643,16.60937169676378
tt_stress_a1_to_3_p1500ps,x1.m5,VBS,0.0,0.0,5e-05,5e-05
tt_stress_a1_to_3_p1500ps,x1.m6,VGS,-0.9144209768581594,0.8329111497317296,16.522781228290306,0.11115718196204608
tt_stress_a1_to_3_p1500ps,x1.m6,VGD,-1.8990847768896995,0.0552456568105264,16.521781228290305,10.171210251638259
tt_stress_a1_to_3_p1500ps,x1.m6,VDS,0.5683323253276196,0.9858976461815092,5e-05,16.517863148497142
tt_stress_a1_to_3_p1500ps,x1.m6,VBS,-1.2305057280405207,-0.1778144437787461,15.330351352017326,0.00011729869789071354
tt_stress_a1_to_3_p1500ps,x1.m7,VGS,-1.1652278469805954,0.5548889609148301,4.999473738214323,0.0010745776756468516
tt_stress_a1_to_3_p1500ps,x1.m7,VGD,-1.2355940406541668,0.4741918506404279,5.0143091495044425,0.0009269450958745514
tt_stress_a1_to_3_p1500ps,x1.m7,VDS,-0.25020242286740624,1.2844560819478712,16.49974118053467,10.010548082107958
tt_stress_a1_to_3_p1500ps,x1.m7,VBS,-1.1715422507573328,0.07759548037261833,4.999473738214323,10.009548082107958
tt_stress_a1_to_3_p1500ps,x1.m8,VGS,0.0,1.8,5e-05,5.0125
tt_stress_a1_to_3_p1500ps,x1.m8,VGD,-1.082524232088068,1.8000000673230625,15.381344965447624,16.922371696764134
tt_stress_a1_to_3_p1500ps,x1.m8,VDS,-0.07759548037261833,1.1715422507573328,10.009548082107958,4.999473738214323
tt_stress_a1_to_3_p1500ps,x1.m8,VBS,0.0,0.0,5e-05,5e-05
tt_stress_a1_to_3_p1500ps,x1.m9,VGS,-1.0297878401791083,0.07361363849718061,0.00020594554005680643,16.60937169676378
tt_stress_a1_to_3_p1500ps,x1.m9,VGD,0.0025004370502274,1.8736131939668246,0.000573341787217633,16.61037169676378
tt_stress_a1_to_3_p1500ps,x1.m9,VDS,-1.8035240410112647,-0.9946968302869861,20.008956232590474,0.005
tt_stress_a1_to_3_p1500ps,x1.m9,VBS,0.0,0.0,5e-05,5e-05
tt_stress_a1_to_3_p1500ps,x1.m10,VGS,0.7702121598208919,1.8736136384971807,0.00020594554005680643,16.60937169676378
tt_stress_a1_to_3_p1500ps,x1.m10,VGD,0.0025004370502274,1.8736131939668246,0.000573341787217633,16.61037169676378
tt_stress_a1_to_3_p1500ps,x1.m10,VDS,-0.0035240410112646163,0.805303169713014,20.008956232590474,0.005
tt_stress_a1_to_3_p1500ps,x1.m10,VBS,0.0,0.0,5e-05,5e-05
tt_stress_a1_to_3_p1500ps,x1.m11,VGS,-1.8,0.0,5e-05,5.0125
tt_stress_a1_to_3_p1500ps,x1.m11,VGD,-1.8002487768595319,1.7999998953896479,15.320351352017314,6.456450069017726
tt_stress_a1_to_3_p1500ps,x1.m11,VDS,-1.8342026828913056,0.07669193948731401,10.004548082107961,5.015664702691103
tt_stress_a1_to_3_p1500ps,x1.m11,VBS,0.0,0.0,5e-05,5e-05
tt_stress_a1_to_3_p1500ps,x1.m12,VGS,-1.0718990411688283,1.845530623051958,25.0,10.008548082107959
tt_stress_a1_to_3_p1500ps,x1.m12,VGD,-1.8990775236209914,1.8257497560743523,16.521781228290305,10.004548082107961
tt_stress_a1_to_3_p1500ps,x1.m12,VDS,4.130545151748155e-08,1.8964918805852828,6.464450069017729,19.997956232590465
tt_stress_a1_to_3_p1500ps,x1.m12,VBS,-1.1360947140077426,0.07568577532362605,15.331351352017327,20.011956232590478
tt_stress_a1_to_3_p1500ps,x1.m13,VGS,0.08339297497081807,1.8678310997976548,5e-05,10.012499999999998
tt_stress_a1_to_3_p1500ps,x1.m13,VGD,0.03746801197030267,1.8686027816527566,5e-05,20.014101627157373
tt_stress_a1_to_3_p1500ps,x1.m13,VDS,-0.14125096727308772,0.5571839929507506,15.44934376888255,5.013416311031237
tt_stress_a1_to_3_p1500ps,x1.m13,VBS,-1.1715422507573328,0.07759548037261833,4.999473738214323,10.009548082107958
tt_stress_a1_to_3_p1500ps,x1.m14,VGS,-1.8342026828913056,0.07669193948731401,10.004548082107961,5.015664702691103
tt_stress_a1_to_3_p1500ps,x1.m14,VGD,-1.8287760607689725,1.8760845691699934,10.00654808210796,5.015664702691103
tt_stress_a1_to_3_p1500ps,x1.m14,VDS,-1.8443982743777818,0.028984465836568996,5.051202483089343,10.136218100869783
tt_stress_a1_to_3_p1500ps,x1.m14,VBS,0.0,0.0,5e-05,5e-05
tt_stress_a1_to_3_p1500ps,x1.m15,VGS,-0.03420268289130557,1.876691939487314,10.004548082107961,5.015664702691103
tt_stress_a1_to_3_p1500ps,x1.m15,VGD,-1.8287760607689725,1.8760845691699934,10.00654808210796,5.015664702691103
tt_stress_a1_to_3_p1500ps,x1.m15,VDS,-0.0443982743777817,1.828984465836569,5.051202483089343,10.136218100869783
tt_stress_a1_to_3_p1500ps,x1.m15,VBS,0.0,0.0,5e-05,5e-05
tt_stress_a1_to_3_p1500ps,x1.m16,VGS,-1.8,0.0,5e-05,5.0125
tt_stress_a1_to_3_p1500ps,x1.m16,VGD,-1.8375292886929593,-0.05706346215036695,15.460343768882561,19.9875
tt_stress_a1_to_3_p1500ps,x1.m16,VDS,-1.0396453354747375,0.07362272216010024,0.00020594554005680643,5.155450069017327
tt_stress_a1_to_3_p1500ps,x1.m16,VBS,0.0,0.0,5e-05,5e-05
tt_stress_a1_to_3_p1500ps,x1.m17,VGS,-0.022920409756425154,0.9565712508964511,15.413344965447662,15.47404818943198
tt_stress_a1_to_3_p1500ps,x1.m17,VGD,-1.8862008137960946,0.052475989074725726,5.018202483089333,15.521048189432033
tt_stress_a1_to_3_p1500ps,x1.m17,VDS,0.5921707810111441,1.8827681552642137,25.0,5.015664702691103
tt_stress_a1_to_3_p1500ps,x1.m17,VBS,-1.2077845632665372,0.009704242697705767,25.0,5.01647656606515
tt_stress_a1_to_3_p1500ps,x1.m18,VGS,-1.1652278469805954,0.5548889609148301,4.999473738214323,0.0010745776756468516
tt_stress_a1_to_3_p1500ps,x1.m18,VGD,-1.2077705600752136,0.49941048410272054,25.0,0.0010745776756468516
tt_stress_a1_to_3_p1500ps,x1.m18,VDS,-1.1699589660179073,1.2601576757153503,4.999473738214323,20.010956232590477
tt_stress_a1_to_3_p1500ps,x1.m18,VBS,-1.1715422507573328,0.07759548037261833,4.999473738214323,10.009548082107958
tt_stress_a1_to_3_p1500ps,x1.m19,VGS,-1.0396453354747375,0.07362272216010024,0.00020594554005680643,5.155450069017327
tt_stress_a1_to_3_p1500ps,x1.m19,VGD,-0.002018040242065422,1.873622659188494,0.000573341787217633,5.156450069017327
tt_stress_a1_to_3_p1500ps,x1.m19,VDS,-1.8039641861183373,-0.9915923821965593,15.472343768882576,0.0052314363924092335
tt_stress_a1_to_3_p1500ps,x1.m19,VBS,0.0,0.0,5e-05,5e-05
tt_stress_a1_to_3_p1500ps,x1.m20,VGS,0.7603546645252625,1.8736227221601003,0.00020594554005680643,5.155450069017327
tt_stress_a1_to_3_p1500ps,x1.m20,VGD,-0.002018040242065422,1.873622659188494,0.000573341787217633,5.156450069017327
tt_stress_a1_to_3_p1500ps,x1.m20,VDS,-0.003964186118337178,0.8084076178034407,15.472343768882576,0.0052314363924092335
tt_stress_a1_to_3_p1500ps,x1.m20,VBS,0.0,0.0,5e-05,5e-05
tt_stress_a1_to_3_p1500ps,x1.m21,VGS,-1.8,0.0,5e-05,5.0125
tt_stress_a1_to_3_p1500ps,x1.m21,VGD,-1.846039482621796,1.8000003094210342,15.476048189431982,16.912371696764122
tt_stress_a1_to_3_p1500ps,x1.m21,VDS,-1.8340190529729854,0.07822766182083041,20.004956232590473,16.516390673809536
tt_stress_a1_to_3_p1500ps,x1.m21,VBS,0.0,0.0,5e-05,5e-05
tt_stress_a1_to_3_p1500ps,x1.m22,VGS,-1.0967631041139023,1.8483801147514518,15.413344965447662,20.008956232590474
tt_stress_a1_to_3_p1500ps,x1.m22,VGD,-1.8861837993545754,1.8271330293684616,5.018202483089333,20.004956232590473
tt_stress_a1_to_3_p1500ps,x1.m22,VDS,-1.440725345691618e-07,1.8965124520303145,16.90337169676411,9.997548082107965
tt_stress_a1_to_3_p1500ps,x1.m22,VBS,-1.3845719798942921,0.0758409387892605,15.512048189432022,10.012499999999998
tt_stress_a1_to_3_p1500ps,x1.m23,VGS,0.08339297497081807,1.8678310997976548,5e-05,10.012499999999998
tt_stress_a1_to_3_p1500ps,x1.m23,VGD,0.09582490379557004,1.8686987209332204,5e-05,10.01407999648758
tt_stress_a1_to_3_p1500ps,x1.m23,VDS,-0.09934361701396366,0.6270800406262245,4.999473738214323,16.51307773920859
tt_stress_a1_to_3_p1500ps,x1.m23,VBS,-1.1715422507573328,0.07759548037261833,4.999473738214323,10.009548082107958
tt_stress_a1_to_3_p1500ps,x1.m24,VGS,-1.8340190529729854,0.07822766182083041,20.004956232590473,16.516390673809536
tt_stress_a1_to_3_p1500ps,x1.m24,VGD,-1.828613168724612,1.8774763412866688,20.005956232590474,16.516390673809536
tt_stress_a1_to_3_p1500ps,x1.m24,VDS,-1.8472062226591879,0.02915806315130265,16.550768532444966,20.136777416667098
tt_stress_a1_to_3_p1500ps,x1.m24,VBS,0.0,0.0,5e-05,5e-05
tt_stress_a1_to_3_p1500ps,x1.m25,VGS,-0.03401905297298538,1.8782276618208305,20.004956232590473,16.516390673809536
tt_stress_a1_to_3_p1500ps,x1.m25,VGD,-1.828613168724612,1.8774763412866688,20.005956232590474,16.516390673809536
tt_stress_a1_to_3_p1500ps,x1.m25,VDS,-0.04720622265918791,1.8291580631513027,16.550768532444966,20.136777416667098
tt_stress_a1_to_3_p1500ps,x1.m25,VBS,0.0,0.0,5e-05,5e-05
tt_stress_a1_to_3_p1500ps,x1.m26,VGS,-1.8656676539925887,-1.1263201283414044,5.015664702691103,0.0010745776756468516
tt_stress_a1_to_3_p1500ps,x1.m26,VGD,-1.8175256727133857,0.3367673826014065,10.091218100869806,5.521128148622556e-05
tt_stress_a1_to_3_p1500ps,x1.m26,VDS,-1.6107351324714134,0.02399853355377446,5e-05,10.078218100869814
tt_stress_a1_to_3_p1500ps,x1.m26,VBS,0.0,0.0,5e-05,5e-05
tt_stress_a1_to_3_p1500ps,x1.m27,VGS,-0.06566765399258871,0.6736798716585957,5.015664702691103,0.0010745776756468516
tt_stress_a1_to_3_p1500ps,x1.m27,VGD,-1.8175256727133857,0.3367673826014065,10.091218100869806,5.521128148622556e-05
tt_stress_a1_to_3_p1500ps,x1.m27,VDS,0.1892648675285866,1.8239985335537745,5e-05,10.078218100869814
tt_stress_a1_to_3_p1500ps,x1.m27,VBS,0.0,0.0,5e-05,5e-05
tt_stress_a1_to_3_p1500ps,x1.m28,VGS,-1.8267089017541494,0.05503544519190395,16.521781228290305,10.172210251638258
tt_stress_a1_to_3_p1500ps,x1.m28,VGD,-1.8102156415853499,1.8546271016357962,20.03336841504477,10.173210251638258
tt_stress_a1_to_3_p1500ps,x1.m28,VDS,-1.8260814122898315,0.012576984835771077,15.413344965447662,20.047777416667
tt_stress_a1_to_3_p1500ps,x1.m28,VBS,0.0,0.0,5e-05,5e-05
tt_stress_a1_to_3_p1500ps,x1.m29,VGS,-0.026708901754149358,1.855035445191904,16.521781228290305,10.172210251638258
tt_stress_a1_to_3_p1500ps,x1.m29,VGD,-1.8102156415853499,1.8546271016357962,20.03336841504477,10.173210251638258
tt_stress_a1_to_3_p1500ps,x1.m29,VDS,-0.02608141228983135,1.8125769848357711,15.413344965447662,20.047777416667
tt_stress_a1_to_3_p1500ps,x1.m29,VBS,0.0,0.0,5e-05,5e-05
tt_stress_a1_to_3_p1500ps,x2.mp1,VGS,-1.8035240410112647,-0.9946968302869861,20.008956232590474,0.005
tt_stress_a1_to_3_p1500ps,x2.mp1,VGD,-1.8031713397179212,0.014146775067781281,20.009956232590476,0.0004763929385435122
tt_stress_a1_to_3_p1500ps,x2.mp1,VDS,-1.0539206590674803,0.0003976046748597195,0.000273004588837382,4.994473738214321
tt_stress_a1_to_3_p1500ps,x2.mp1,VBS,0.0,0.0,5e-05,5e-05
tt_stress_a1_to_3_p1500ps,x2.mn1,VGS,-0.0035240410112646163,0.805303169713014,20.008956232590474,0.005
tt_stress_a1_to_3_p1500ps,x2.mn1,VGD,-1.8031713397179212,0.014146775067781281,20.009956232590476,0.0004763929385435122
tt_stress_a1_to_3_p1500ps,x2.mn1,VDS,0.7460793409325196,1.8003976046748598,0.000273004588837382,4.994473738214321
tt_stress_a1_to_3_p1500ps,x2.mn1,VBS,0.0,0.0,5e-05,5e-05
tt_stress_a1_to_3_p1500ps,x2.mp2,VGS,-1.0539206590674803,0.0003976046748597195,0.000273004588837382,4.994473738214321
tt_stress_a1_to_3_p1500ps,x2.mp2,VGD,0.7140840677339099,1.80038482489151,0.000273004588837382,4.994473738214321
tt_stress_a1_to_3_p1500ps,x2.mp2,VDS,-1.8000099407678278,-1.7235547692598656,20.003956232590472,0.03715718196204619
tt_stress_a1_to_3_p1500ps,x2.mp2,VBS,0.0,0.0,5e-05,5e-05
tt_stress_a1_to_3_p1500ps,x2.mn2,VGS,0.7460793409325196,1.8003976046748598,0.000273004588837382,4.994473738214321
tt_stress_a1_to_3_p1500ps,x2.mn2,VGD,0.7140840677339099,1.80038482489151,0.000273004588837382,4.994473738214321
tt_stress_a1_to_3_p1500ps,x2.mn2,VDS,-9.94076782789783e-06,0.07644523074013447,20.003956232590472,0.03715718196204619
tt_stress_a1_to_3_p1500ps,x2.mn2,VBS,0.0,0.0,5e-05,5e-05
tt_stress_a1_to_3_p1500ps,x3.mp1,VGS,-1.8443982743777818,0.028984465836568996,5.051202483089343,10.136218100869783
tt_stress_a1_to_3_p1500ps,x3.mp1,VGD,-1.8409504716189884,1.8289010387777798,5.051202483089343,10.137218100869783
tt_stress_a1_to_3_p1500ps,x3.mp1,VDS,-1.8541151643967115,0.10432034463610829,10.22721025163823,5.086426032147458
tt_stress_a1_to_3_p1500ps,x3.mp1,VBS,0.0,0.0,5e-05,5e-05
tt_stress_a1_to_3_p1500ps,x3.mn1,VGS,-0.0443982743777817,1.828984465836569,5.051202483089343,10.136218100869783
tt_stress_a1_to_3_p1500ps,x3.mn1,VGD,-1.8409504716189884,1.8289010387777798,5.051202483089343,10.137218100869783
tt_stress_a1_to_3_p1500ps,x3.mn1,VDS,-0.05411516439671149,1.9043203446361083,10.22721025163823,5.086426032147458
tt_stress_a1_to_3_p1500ps,x3.mn1,VBS,0.0,0.0,5e-05,5e-05
tt_stress_a1_to_3_p1500ps,x3.mp2,VGS,-1.8541151643967115,0.10432034463610829,10.22721025163823,5.086426032147458
tt_stress_a1_to_3_p1500ps,x3.mp2,VGD,-1.8523096998433262,1.9018018704913167,10.22721025163823,5.086426032147458
tt_stress_a1_to_3_p1500ps,x3.mp2,VDS,-1.8336365481672172,0.029025128483172402,5.119450069017316,10.274210251638205
tt_stress_a1_to_3_p1500ps,x3.mp2,VBS,0.0,0.0,5e-05,5e-05
tt_stress_a1_to_3_p1500ps,x3.mn2,VGS,-0.05411516439671149,1.9043203446361083,10.22721025163823,5.086426032147458
tt_stress_a1_to_3_p1500ps,x3.mn2,VGD,-1.8523096998433262,1.9018018704913167,10.22721025163823,5.086426032147458
tt_stress_a1_to_3_p1500ps,x3.mn2,VDS,-0.033636548167217145,1.8290251284831724,5.119450069017316,10.274210251638205
tt_stress_a1_to_3_p1500ps,x3.mn2,VBS,0.0,0.0,5e-05,5e-05
tt_stress_a1_to_3_p1500ps,x4.mp1,VGS,-1.8472062226591879,0.02915806315130265,16.550768532444966,20.136777416667098
tt_stress_a1_to_3_p1500ps,x4.mp1,VGD,-1.8434226794837305,1.8290726055640358,16.551768532444967,20.1377774166671
tt_stress_a1_to_3_p1500ps,x4.mp1,VDS,-1.8558911533460003,0.1046771894762073,20.2267774166672,16.585933625119775
tt_stress_a1_to_3_p1500ps,x4.mp1,VBS,0.0,0.0,5e-05,5e-05
tt_stress_a1_to_3_p1500ps,x4.mn1,VGS,-0.04720622265918791,1.8291580631513027,16.550768532444966,20.136777416667098
tt_stress_a1_to_3_p1500ps,x4.mn1,VGD,-1.8434226794837305,1.8290726055640358,16.551768532444967,20.1377774166671
tt_stress_a1_to_3_p1500ps,x4.mn1,VDS,-0.055891153346000214,1.9046771894762073,20.2267774166672,16.585933625119775
tt_stress_a1_to_3_p1500ps,x4.mn1,VBS,0.0,0.0,5e-05,5e-05
tt_stress_a1_to_3_p1500ps,x4.mp2,VGS,-1.8558911533460003,0.1046771894762073,20.2267774166672,16.585933625119775
tt_stress_a1_to_3_p1500ps,x4.mp2,VGD,-1.8540227275551122,1.9021863562480053,20.2267774166672,16.585933625119775
tt_stress_a1_to_3_p1500ps,x4.mp2,VDS,-1.8336314722992761,0.02905674355881671,16.618371696763788,20.272777416667253
tt_stress_a1_to_3_p1500ps,x4.mp2,VBS,0.0,0.0,5e-05,5e-05
tt_stress_a1_to_3_p1500ps,x4.mn2,VGS,-0.055891153346000214,1.9046771894762073,20.2267774166672,16.585933625119775
tt_stress_a1_to_3_p1500ps,x4.mn2,VGD,-1.8540227275551122,1.9021863562480053,20.2267774166672,16.585933625119775
tt_stress_a1_to_3_p1500ps,x4.mn2,VDS,-0.03363147229927612,1.8290567435588168,16.618371696763788,20.272777416667253
tt_stress_a1_to_3_p1500ps,x4.mn2,VBS,0.0,0.0,5e-05,5e-05
tt_stress_a1_to_3_p1500ps,x5.mp1,VGS,-1.8039641861183373,-0.9915923821965593,15.472343768882576,0.0052314363924092335
tt_stress_a1_to_3_p1500ps,x5.mp1,VGD,-1.803429239513957,0.01113002288224818,15.472343768882576,0.0004763929385435122
tt_stress_a1_to_3_p1500ps,x5.mp1,VDS,-1.0542486851556747,0.00039717555404461535,0.000273004588837382,16.493741180534663
tt_stress_a1_to_3_p1500ps,x5.mp1,VBS,0.0,0.0,5e-05,5e-05
tt_stress_a1_to_3_p1500ps,x5.mn1,VGS,-0.003964186118337178,0.8084076178034407,15.472343768882576,0.0052314363924092335
tt_stress_a1_to_3_p1500ps,x5.mn1,VGD,-1.803429239513957,0.01113002288224818,15.472343768882576,0.0004763929385435122
tt_stress_a1_to_3_p1500ps,x5.mn1,VDS,0.7457513148443253,1.8003971755540447,0.000273004588837382,16.493741180534663
tt_stress_a1_to_3_p1500ps,x5.mn1,VBS,0.0,0.0,5e-05,5e-05
tt_stress_a1_to_3_p1500ps,x5.mp2,VGS,-1.0542486851556747,0.00039717555404461535,0.000273004588837382,16.493741180534663
tt_stress_a1_to_3_p1500ps,x5.mp2,VGD,0.7137622227326035,1.8003841008350236,0.000273004588837382,16.493741180534663
tt_stress_a1_to_3_p1500ps,x5.mp2,VDS,-1.8000176056561292,-1.7231585313623674,15.469343768882572,0.03715718196204619
tt_stress_a1_to_3_p1500ps,x5.mp2,VBS,0.0,0.0,5e-05,5e-05
tt_stress_a1_to_3_p1500ps,x5.mn2,VGS,0.7457513148443253,1.8003971755540447,0.000273004588837382,16.493741180534663
tt_stress_a1_to_3_p1500ps,x5.mn2,VGD,0.7137622227326035,1.8003841008350236,0.000273004588837382,16.493741180534663
tt_stress_a1_to_3_p1500ps,x5.mn2,VDS,-1.7605656129246907e-05,0.0768414686376327,15.469343768882572,0.03715718196204619
tt_stress_a1_to_3_p1500ps,x5.mn2,VBS,0.0,0.0,5e-05,5e-05
tt_stress_a2_to_0_p1500ps,x1.m1,VGS,-1.8,-1.8,5e-05,5e-05
tt_stress_a2_to_0_p1500ps,x1.m1,VGD,-1.8998896061135602,-0.500692782595619,20.1725046769995,5e-05
tt_stress_a2_to_0_p1500ps,x1.m1,VDS,-1.299307217404381,0.09988960611356013,5e-05,20.1725046769995
tt_stress_a2_to_0_p1500ps,x1.m1,VBS,0.0,0.0,5e-05,5e-05
tt_stress_a2_to_0_p1500ps,x1.m2,VGS,0.0,0.0,5e-05,5e-05
tt_stress_a2_to_0_p1500ps,x1.m2,VGD,-1.8998896061135602,-0.500692782595619,20.1725046769995,5e-05
tt_stress_a2_to_0_p1500ps,x1.m2,VDS,0.500692782595619,1.8998896061135602,5e-05,20.1725046769995
tt_stress_a2_to_0_p1500ps,x1.m2,VBS,0.0,0.0,5e-05,5e-05
tt_stress_a2_to_0_p1500ps,x1.m3,VGS,-1.8,0.0,15.364082942535,5e-05
tt_stress_a2_to_0_p1500ps,x1.m3,VGD,-1.8554782831356231,1.8265079557402877,20.167504676999492,5.021671577051264
tt_stress_a2_to_0_p1500ps,x1.m3,VDS,-1.8265079557402877,0.055478283135623085,5.021671577051264,20.167504676999492
tt_stress_a2_to_0_p1500ps,x1.m3,VBS,0.0,0.0,5e-05,5e-05
tt_stress_a2_to_0_p1500ps,x1.m4,VGS,0.0,1.8,15.364082942535,5e-05
tt_stress_a2_to_0_p1500ps,x1.m4,VGD,-1.8554782831356231,1.8265079557402877,20.167504676999492,5.021671577051264
tt_stress_a2_to_0_p1500ps,x1.m4,VDS,-0.0265079557402876,1.8554782831356231,5.021671577051264,20.167504676999492
tt_stress_a2_to_0_p1500ps,x1.m4,VBS,0.0,0.0,5e-05,5e-05
tt_stress_a2_to_0_p1500ps,x1.m5,VGS,-1.8,0.0,5e-05,5.0125
tt_stress_a2_to_0_p1500ps,x1.m5,VGD,-1.816051929134586,1.8000000289081184,15.429077849308499,17.782386756747382
tt_stress_a2_to_0_p1500ps,x1.m5,VDS,-1.834587178022066,0.07862551988656663,20.004932153653865,16.516653870986058
tt_stress_a2_to_0_p1500ps,x1.m5,VBS,0.0,0.0,5e-05,5e-05
tt_stress_a2_to_0_p1500ps,x1.m6,VGS,-1.0967620864803083,1.8466714922157124,15.322005729012883,20.00893215365387
tt_stress_a2_to_0_p1500ps,x1.m6,VGD,-1.8988775233109456,1.8260319577275517,5.021671577051264,20.004932153653865
tt_stress_a2_to_0_p1500ps,x1.m6,VDS,6.45661696632505e-09,1.896837711582383,17.7103867567473,9.99786846293938
tt_stress_a2_to_0_p1500ps,x1.m6,VBS,-1.342095722964106,0.07809461908921952,15.65493233585748,10.012499999999998
tt_stress_a2_to_0_p1500ps,x1.m7,VGS,0.39915508241359915,1.8590810045500406,5e-05,20.012500000000003
tt_stress_a2_to_0_p1500ps,x1.m7,VGD,0.28053236473179466,1.8591495787665646,5e-05,10.013455737559577
tt_stress_a2_to_0_p1500ps,x1.m7,VDS,-0.09840050748679352,0.6216421245118663,4.999407680578958,16.513199235174845
tt_stress_a2_to_0_p1500ps,x1.m7,VBS,-1.171475380527531,0.07940261562751132,4.999407680578958,20.00993215365387
tt_stress_a2_to_0_p1500ps,x1.m8,VGS,0.0,1.8,5e-05,5.0125
tt_stress_a2_to_0_p1500ps,x1.m8,VGD,-1.084280839355077,1.8000000116632497,15.453932335857251,17.845386756747452
tt_stress_a2_to_0_p1500ps,x1.m8,VDS,-0.07940261562751132,1.171475380527531,20.00993215365387,4.999407680578958
tt_stress_a2_to_0_p1500ps,x1.m8,VBS,0.0,0.0,5e-05,5e-05
tt_stress_a2_to_0_p1500ps,x1.m9,VGS,-1.834587178022066,0.07862551988656663,20.004932153653865,16.516653870986058
tt_stress_a2_to_0_p1500ps,x1.m9,VGD,-1.829093685478957,1.8779853356777518,20.005932153653866,16.516653870986058
tt_stress_a2_to_0_p1500ps,x1.m9,VDS,-1.8417947976217797,0.029359924005059046,16.551345521727754,20.133777416667098
tt_stress_a2_to_0_p1500ps,x1.m9,VBS,0.0,0.0,5e-05,5e-05
tt_stress_a2_to_0_p1500ps,x1.m10,VGS,-0.03458717802206584,1.8786255198865667,20.004932153653865,16.516653870986058
tt_stress_a2_to_0_p1500ps,x1.m10,VGD,-1.829093685478957,1.8779853356777518,20.005932153653866,16.516653870986058
tt_stress_a2_to_0_p1500ps,x1.m10,VDS,-0.04179479762177958,1.829359924005059,16.551345521727754,20.133777416667098
tt_stress_a2_to_0_p1500ps,x1.m10,VBS,0.0,0.0,5e-05,5e-05
tt_stress_a2_to_0_p1500ps,x1.m11,VGS,-1.8,0.0,5e-05,5.0125
tt_stress_a2_to_0_p1500ps,x1.m11,VGD,-1.8177734489919444,-0.055134474557326785,15.425077849308494,19.9875
tt_stress_a2_to_0_p1500ps,x1.m11,VDS,-1.0270918663433042,0.07360785292196392,0.00020715307044792772,5.111237645085538
tt_stress_a2_to_0_p1500ps,x1.m11,VBS,0.0,0.0,5e-05,5e-05
tt_stress_a2_to_0_p1500ps,x1.m12,VGS,-0.02295938453671321,0.8179230210948468,15.322005729012883,15.576932335857391
tt_stress_a2_to_0_p1500ps,x1.m12,VGD,-1.8988777724439345,0.05628489232759115,5.021671577051264,20.165777416667133
tt_stress_a2_to_0_p1500ps,x1.m12,VDS,0.5919060392877704,1.8778904523216342,25.0,5.014067451337322
tt_stress_a2_to_0_p1500ps,x1.m12,VBS,-1.208049612402808,0.0050158749592320254,25.0,5.018671577051263
tt_stress_a2_to_0_p1500ps,x1.m13,VGS,-1.1694020719963738,0.5656405964999238,4.999407680578958,0.023187729847389954
tt_stress_a2_to_0_p1500ps,x1.m13,VGD,-1.2080471600350322,0.587269560521794,25.0,0.025187729847389952
tt_stress_a2_to_0_p1500ps,x1.m13,VDS,-1.1705444354515566,1.2592273748520588,4.999407680578958,20.010932153653872
tt_stress_a2_to_0_p1500ps,x1.m13,VBS,-1.171475380527531,0.07940261562751132,4.999407680578958,20.00993215365387
tt_stress_a2_to_0_p1500ps,x1.m14,VGS,-1.0270918663433042,0.07360785292196392,0.00020715307044792772,5.111237645085538
tt_stress_a2_to_0_p1500ps,x1.m14,VGD,0.004683667063436481,1.8736074415604966,0.0006254805425893205,5.15023764508555
tt_stress_a2_to_0_p1500ps,x1.m14,VDS,-1.8035246387691801,-0.9966365280588405,10.008868462939374,0.004516818371533892
tt_stress_a2_to_0_p1500ps,x1.m14,VBS,0.0,0.0,5e-05,5e-05
tt_stress_a2_to_0_p1500ps,x1.m15,VGS,0.7729081336566959,1.873607852921964,0.00020715307044792772,5.111237645085538
tt_stress_a2_to_0_p1500ps,x1.m15,VGD,0.004683667063436481,1.8736074415604966,0.0006254805425893205,5.15023764508555
tt_stress_a2_to_0_p1500ps,x1.m15,VDS,-0.003524638769179982,0.8033634719411595,10.008868462939374,0.004516818371533892
tt_stress_a2_to_0_p1500ps,x1.m15,VBS,0.0,0.0,5e-05,5e-05
tt_stress_a2_to_0_p1500ps,x1.m16,VGS,-1.8,0.0,5e-05,5.0125
tt_stress_a2_to_0_p1500ps,x1.m16,VGD,-1.8007626192011865,1.799999884405395,15.374077849308435,6.777237645086049
tt_stress_a2_to_0_p1500ps,x1.m16,VDS,-1.8343774971511897,0.07631535406836765,10.004868462939376,5.015269058940814
tt_stress_a2_to_0_p1500ps,x1.m16,VBS,0.0,0.0,5e-05,5e-05
tt_stress_a2_to_0_p1500ps,x1.m17,VGS,-1.0726474651152702,1.849497416124499,25.0,10.009868462939373
tt_stress_a2_to_0_p1500ps,x1.m17,VGD,-1.8861127437894825,1.8273656980738644,16.518345521727717,10.004868462939376
tt_stress_a2_to_0_p1500ps,x1.m17,VDS,4.3801637122919956e-08,1.8968445953666624,6.668237645086015,19.997932153653856
tt_stress_a2_to_0_p1500ps,x1.m17,VBS,-1.1440918176548256,0.07822731647011082,15.416077849308483,20.012500000000003
tt_stress_a2_to_0_p1500ps,x1.m18,VGS,0.39915508241359915,1.8590810045500406,5e-05,20.012500000000003
tt_stress_a2_to_0_p1500ps,x1.m18,VGD,0.2878010205825985,1.8592084069982113,0.060187729847390035,20.01342571944861
tt_stress_a2_to_0_p1500ps,x1.m18,VDS,-0.17786135083164156,0.5835381805208721,15.493932335857297,0.06518772984739002
tt_stress_a2_to_0_p1500ps,x1.m18,VBS,-1.171475380527531,0.07940261562751132,4.999407680578958,20.00993215365387
tt_stress_a2_to_0_p1500ps,x1.m19,VGS,-1.8343774971511897,0.07631535406836765,10.004868462939376,5.015269058940814
tt_stress_a2_to_0_p1500ps,x1.m19,VGD,-1.8289081158487706,1.8756171987611772,10.005868462939375,5.015269058940814
tt_stress_a2_to_0_p1500ps,x1.m19,VDS,-1.8441043293503832,0.02953721403566556,5.050671577051273,10.135042785878921
tt_stress_a2_to_0_p1500ps,x1.m19,VBS,0.0,0.0,5e-05,5e-05
tt_stress_a2_to_0_p1500ps,x1.m20,VGS,-0.03437749715118957,1.8763153540683677,10.004868462939376,5.015269058940814
tt_stress_a2_to_0_p1500ps,x1.m20,VGD,-1.8289081158487706,1.8756171987611772,10.005868462939375,5.015269058940814
tt_stress_a2_to_0_p1500ps,x1.m20,VDS,-0.04410432935038303,1.8295372140356656,5.050671577051273,10.135042785878921
tt_stress_a2_to_0_p1500ps,x1.m20,VBS,0.0,0.0,5e-05,5e-05
tt_stress_a2_to_0_p1500ps,x1.m21,VGS,-1.8,0.0,5e-05,5.0125
tt_stress_a2_to_0_p1500ps,x1.m21,VGD,-1.8012827876924378,-0.06655788785536809,15.379077849308441,9.987500000000002
tt_stress_a2_to_0_p1500ps,x1.m21,VDS,-1.0390776714342342,0.07361622230539022,0.00020715307044792772,16.65938675674611
tt_stress_a2_to_0_p1500ps,x1.m21,VBS,0.0,0.0,5e-05,5e-05
tt_stress_a2_to_0_p1500ps,x1.m22,VGS,-0.9090602571065107,0.987388239705631,16.518345521727717,0.04518772984739
tt_stress_a2_to_0_p1500ps,x1.m22,VGD,-1.8861280481748277,0.5185737989539694,16.518345521727717,0.05718772984739004
tt_stress_a2_to_0_p1500ps,x1.m22,VDS,0.43327571579540947,0.9784281222107106,0.06718772984739001,16.51401315240647
tt_stress_a2_to_0_p1500ps,x1.m22,VBS,-1.2355435884832928,-0.09334644196579628,15.41407784930848,5e-05
tt_stress_a2_to_0_p1500ps,x1.m23,VGS,-1.1694020719963738,0.5656405964999238,4.999407680578958,0.023187729847389954
tt_stress_a2_to_0_p1500ps,x1.m23,VGD,-1.2353283673585767,0.48464232614711683,15.41407784930848,0.018187729847389953
tt_stress_a2_to_0_p1500ps,x1.m23,VDS,-0.2502247004525866,1.2885663394515985,16.499126859098286,10.010868462939372
tt_stress_a2_to_0_p1500ps,x1.m23,VBS,-1.171475380527531,0.07940261562751132,4.999407680578958,20.00993215365387
tt_stress_a2_to_0_p1500ps,x1.m24,VGS,-1.0390776714342342,0.07361622230539022,0.00020715307044792772,16.65938675674611
tt_stress_a2_to_0_p1500ps,x1.m24,VGD,-0.0015132618340422122,1.873616162046404,0.0006254805425893205,16.66038675674611
tt_stress_a2_to_0_p1500ps,x1.m24,VDS,-1.8035202831097739,-0.992163018296792,20.00893215365387,0.0052375459694779915
tt_stress_a2_to_0_p1500ps,x1.m24,VBS,0.0,0.0,5e-05,5e-05
tt_stress_a2_to_0_p1500ps,x1.m25,VGS,0.7609223285657657,1.8736162223053903,0.00020715307044792772,16.65938675674611
tt_stress_a2_to_0_p1500ps,x1.m25,VGD,-0.0015132618340422122,1.873616162046404,0.0006254805425893205,16.66038675674611
tt_stress_a2_to_0_p1500ps,x1.m25,VDS,-0.003520283109773769,0.8078369817032081,20.00893215365387,0.0052375459694779915
tt_stress_a2_to_0_p1500ps,x1.m25,VBS,0.0,0.0,5e-05,5e-05
tt_stress_a2_to_0_p1500ps,x1.m26,VGS,-1.299307217404381,0.09988960611356013,5e-05,20.1725046769995
tt_stress_a2_to_0_p1500ps,x1.m26,VGD,0.07308607046691074,1.8990796099365874,0.017187729847389956,20.1735046769995
tt_stress_a2_to_0_p1500ps,x1.m26,VDS,-1.8290240320298332,-1.0511329230666093,5.013262997886411,0.024187729847389955
tt_stress_a2_to_0_p1500ps,x1.m26,VBS,0.0,0.0,5e-05,5e-05
tt_stress_a2_to_0_p1500ps,x1.m27,VGS,0.500692782595619,1.8998896061135602,5e-05,20.1725046769995
tt_stress_a2_to_0_p1500ps,x1.m27,VGD,0.07308607046691074,1.8990796099365874,0.017187729847389956,20.1735046769995
tt_stress_a2_to_0_p1500ps,x1.m27,VDS,-0.02902403202983327,0.7488670769333906,5.013262997886411,0.024187729847389955
tt_stress_a2_to_0_p1500ps,x1.m27,VBS,0.0,0.0,5e-05,5e-05
tt_stress_a2_to_0_p1500ps,x1.m28,VGS,-1.8265079557402877,0.055478283135623085,5.021671577051264,20.167504676999492
tt_stress_a2_to_0_p1500ps,x1.m28,VGD,-1.824942777645296,1.8550527388244586,15.324005729012885,20.168504676999493
tt_stress_a2_to_0_p1500ps,x1.m28,VDS,-1.813128247402214,0.0542516607445469,16.518345521727717,15.41407784930848
tt_stress_a2_to_0_p1500ps,x1.m28,VBS,0.0,0.0,5e-05,5e-05
tt_stress_a2_to_0_p1500ps,x1.m29,VGS,-0.0265079557402876,1.8554782831356231,5.021671577051264,20.167504676999492
tt_stress_a2_to_0_p1500ps,x1.m29,VGD,-1.824942777645296,1.8550527388244586,15.324005729012885,20.168504676999493
tt_stress_a2_to_0_p1500ps,x1.m29,VDS,-0.0131282474022138,1.854251660744547,16.518345521727717,15.41407784930848
tt_stress_a2_to_0_p1500ps,x1.m29,VBS,0.0,0.0,5e-05,5e-05
tt_stress_a2_to_0_p1500ps,x2.mp1,VGS,-1.8417947976217797,0.029359924005059046,16.551345521727754,20.133777416667098
tt_stress_a2_to_0_p1500ps,x2.mp1,VGD,-1.838616375176695,1.829277324437049,16.552345521727755,20.134777416667095
tt_stress_a2_to_0_p1500ps,x2.mp1,VDS,-1.85356649924442,0.10326576944767218,20.22550467699956,16.589251553811582
tt_stress_a2_to_0_p1500ps,x2.mp1,VBS,0.0,0.0,5e-05,5e-05
tt_stress_a2_to_0_p1500ps,x2.mn1,VGS,-0.04179479762177958,1.829359924005059,16.551345521727754,20.133777416667098
tt_stress_a2_to_0_p1500ps,x2.mn1,VGD,-1.838616375176695,1.829277324437049,16.552345521727755,20.134777416667095
tt_stress_a2_to_0_p1500ps,x2.mn1,VDS,-0.053566499244419995,1.9032657694476722,20.22550467699956,16.589251553811582
tt_stress_a2_to_0_p1500ps,x2.mn1,VBS,0.0,0.0,5e-05,5e-05
tt_stress_a2_to_0_p1500ps,x2.mp2,VGS,-1.85356649924442,0.10326576944767218,20.22550467699956,16.589251553811582
tt_stress_a2_to_0_p1500ps,x2.mp2,VGD,-1.8517845427809319,1.9008308088350447,20.22550467699956,16.589251553811582
tt_stress_a2_to_0_p1500ps,x2.mp2,VDS,-1.833601856547535,0.029019411486012503,16.622386756746067,20.272504676999613
tt_stress_a2_to_0_p1500ps,x2.mp2,VBS,0.0,0.0,5e-05,5e-05
tt_stress_a2_to_0_p1500ps,x2.mn2,VGS,-0.053566499244419995,1.9032657694476722,20.22550467699956,16.589251553811582
tt_stress_a2_to_0_p1500ps,x2.mn2,VGD,-1.8517845427809319,1.9008308088350447,20.22550467699956,16.589251553811582
tt_stress_a2_to_0_p1500ps,x2.mn2,VDS,-0.03360185654753497,1.8290194114860125,16.622386756746067,20.272504676999613
tt_stress_a2_to_0_p1500ps,x2.mn2,VBS,0.0,0.0,5e-05,5e-05
tt_stress_a2_to_0_p1500ps,x3.mp1,VGS,-1.8035246387691801,-0.9966365280588405,10.008868462939374,0.004516818371533892
tt_stress_a2_to_0_p1500ps,x3.mp1,VGD,-1.8031719261708457,0.016118589711604625,10.009868462939373,0.00044165548235810615
tt_stress_a2_to_0_p1500ps,x3.mp1,VDS,-1.0539199288301313,0.00039811535716105517,0.00020715307044792772,16.49412685909828
tt_stress_a2_to_0_p1500ps,x3.mp1,VBS,0.0,0.0,5e-05,5e-05
tt_stress_a2_to_0_p1500ps,x3.mn1,VGS,-0.003524638769179982,0.8033634719411595,10.008868462939374,0.004516818371533892
tt_stress_a2_to_0_p1500ps,x3.mn1,VGD,-1.8031719261708457,0.016118589711604625,10.009868462939373,0.00044165548235810615
tt_stress_a2_to_0_p1500ps,x3.mn1,VDS,0.7460800711698687,1.800398115357161,0.00020715307044792772,16.49412685909828
tt_stress_a2_to_0_p1500ps,x3.mn1,VBS,0.0,0.0,5e-05,5e-05
tt_stress_a2_to_0_p1500ps,x3.mp2,VGS,-1.0539199288301313,0.00039811535716105517,0.00020715307044792772,16.49412685909828
tt_stress_a2_to_0_p1500ps,x3.mp2,VGD,0.7141352128846866,1.8003851627377507,0.00027331566233858447,16.49412685909828
tt_stress_a2_to_0_p1500ps,x3.mp2,VDS,-1.8000099478891456,-1.7233474350652922,10.003868462939376,0.03818772984738998
tt_stress_a2_to_0_p1500ps,x3.mp2,VBS,0.0,0.0,5e-05,5e-05
tt_stress_a2_to_0_p1500ps,x3.mn2,VGS,0.7460800711698687,1.800398115357161,0.00020715307044792772,16.49412685909828
tt_stress_a2_to_0_p1500ps,x3.mn2,VGD,0.7141352128846866,1.8003851627377507,0.00027331566233858447,16.49412685909828
tt_stress_a2_to_0_p1500ps,x3.mn2,VDS,-9.947889145505513e-06,0.07665256493470782,10.003868462939376,0.03818772984738998
tt_stress_a2_to_0_p1500ps,x3.mn2,VBS,0.0,0.0,5e-05,5e-05
tt_stress_a2_to_0_p1500ps,x4.mp1,VGS,-1.8035202831097739,-0.992163018296792,20.00893215365387,0.0052375459694779915
tt_stress_a2_to_0_p1500ps,x4.mp1,VGD,-1.8031690074192814,0.012011507635110164,20.00993215365387,0.00044165548235810615
tt_stress_a2_to_0_p1500ps,x4.mp1,VDS,-1.0542583612339351,0.00039808142286590353,0.00020715307044792772,4.994407680578957
tt_stress_a2_to_0_p1500ps,x4.mp1,VBS,0.0,0.0,5e-05,5e-05
tt_stress_a2_to_0_p1500ps,x4.mn1,VGS,-0.003520283109773769,0.8078369817032081,20.00893215365387,0.0052375459694779915
tt_stress_a2_to_0_p1500ps,x4.mn1,VGD,-1.8031690074192814,0.012011507635110164,20.00993215365387,0.00044165548235810615
tt_stress_a2_to_0_p1500ps,x4.mn1,VDS,0.745741638766065,1.800398081422866,0.00020715307044792772,4.994407680578957
tt_stress_a2_to_0_p1500ps,x4.mn1,VBS,0.0,0.0,5e-05,5e-05
tt_stress_a2_to_0_p1500ps,x4.mp2,VGS,-1.0542583612339351,0.00039808142286590353,0.00020715307044792772,4.994407680578957
tt_stress_a2_to_0_p1500ps,x4.mp2,VGD,0.7137490024279118,1.8003852563486686,0.00027331566233858447,4.994407680578957
tt_stress_a2_to_0_p1500ps,x4.mp2,VDS,-1.8000099269283578,-1.7230626907621562,20.003932153653864,0.03718772984738997
tt_stress_a2_to_0_p1500ps,x4.mp2,VBS,0.0,0.0,5e-05,5e-05
tt_stress_a2_to_0_p1500ps,x4.mn2,VGS,0.745741638766065,1.800398081422866,0.00020715307044792772,4.994407680578957
tt_stress_a2_to_0_p1500ps,x4.mn2,VGD,0.7137490024279118,1.8003852563486686,0.00027331566233858447,4.994407680578957
tt_stress_a2_to_0_p1500ps,x4.mn2,VDS,-9.926928357787528e-06,0.07693730923784373,20.003932153653864,0.03718772984738997
tt_stress_a2_to_0_p1500ps,x4.mn2,VBS,0.0,0.0,5e-05,5e-05
tt_stress_a2_to_0_p1500ps,x5.mp1,VGS,-1.8441043293503832,0.02953721403566556,5.050671577051273,10.135042785878921
tt_stress_a2_to_0_p1500ps,x5.mp1,VGD,-1.8406579955034923,1.8294501608835856,5.051671577051273,10.135042785878921
tt_stress_a2_to_0_p1500ps,x5.mp1,VDS,-1.8554605842900822,0.10353210832325965,10.22395834110671,5.0871358876834885
tt_stress_a2_to_0_p1500ps,x5.mp1,VBS,0.0,0.0,5e-05,5e-05
tt_stress_a2_to_0_p1500ps,x5.mn1,VGS,-0.04410432935038303,1.8295372140356656,5.050671577051273,10.135042785878921
tt_stress_a2_to_0_p1500ps,x5.mn1,VGD,-1.8406579955034923,1.8294501608835856,5.051671577051273,10.135042785878921
tt_stress_a2_to_0_p1500ps,x5.mn1,VDS,-0.05546058429008217,1.9035321083232597,10.22395834110671,5.0871358876834885
tt_stress_a2_to_0_p1500ps,x5.mn1,VBS,0.0,0.0,5e-05,5e-05
tt_stress_a2_to_0_p1500ps,x5.mp2,VGS,-1.8554605842900822,0.10353210832325965,10.22395834110671,5.0871358876834885
tt_stress_a2_to_0_p1500ps,x5.mp2,VGD,-1.853603248140747,1.9010626792193448,10.22395834110671,5.0871358876834885
tt_stress_a2_to_0_p1500ps,x5.mp2,VDS,-1.8335869974184298,0.029050890250229333,5.120237645085541,10.270958341106686
tt_stress_a2_to_0_p1500ps,x5.mp2,VBS,0.0,0.0,5e-05,5e-05
tt_stress_a2_to_0_p1500ps,x5.mn2,VGS,-0.05546058429008217,1.9035321083232597,10.22395834110671,5.0871358876834885
tt_stress_a2_to_0_p1500ps,x5.mn2,VGD,-1.853603248140747,1.9010626792193448,10.22395834110671,5.0871358876834885
tt_stress_a2_to_0_p1500ps,x5.mn2,VDS,-0.03358699741842983,1.8290508902502294,5.120237645085541,10.270958341106686
tt_stress_a2_to_0_p1500ps,x5.mn2,VBS,0.0,0.0,5e-05,5e-05
tt_stress_a2_to_1_p1500ps,x1.m1,VGS,-1.8,0.0,5e-05,15.424192586062997
tt_stress_a2_to_1_p1500ps,x1.m1,VGD,-1.898555028023553,1.8634474778961012,10.170958341106738,16.515034249151505
tt_stress_a2_to_1_p1500ps,x1.m1,VDS,-1.8634474778961012,0.09855502802355298,16.515034249151505,10.170958341106738
tt_stress_a2_to_1_p1500ps,x1.m1,VBS,0.0,0.0,5e-05,5e-05
tt_stress_a2_to_1_p1500ps,x1.m2,VGS,0.0,1.8,5e-05,15.424192586062997
tt_stress_a2_to_1_p1500ps,x1.m2,VGD,-1.898555028023553,1.8634474778961012,10.170958341106738,16.515034249151505
tt_stress_a2_to_1_p1500ps,x1.m2,VDS,-0.06344747789610113,1.898555028023553,16.515034249151505,10.170958341106738
tt_stress_a2_to_1_p1500ps,x1.m2,VBS,0.0,0.0,5e-05,5e-05
tt_stress_a2_to_1_p1500ps,x1.m3,VGS,-1.8,0.0,15.364082942535,5e-05
tt_stress_a2_to_1_p1500ps,x1.m3,VGD,-1.8551038286887065,1.8265079557402877,20.171593402484426,5.021671577051264
tt_stress_a2_to_1_p1500ps,x1.m3,VDS,-1.8265079557402877,0.05510382868870645,5.021671577051264,20.171593402484426
tt_stress_a2_to_1_p1500ps,x1.m3,VBS,0.0,0.0,5e-05,5e-05
tt_stress_a2_to_1_p1500ps,x1.m4,VGS,0.0,1.8,15.364082942535,5e-05
tt_stress_a2_to_1_p1500ps,x1.m4,VGD,-1.8551038286887065,1.8265079557402877,20.171593402484426,5.021671577051264
tt_stress_a2_to_1_p1500ps,x1.m4,VDS,-0.0265079557402876,1.8551038286887065,5.021671577051264,20.171593402484426
tt_stress_a2_to_1_p1500ps,x1.m4,VBS,0.0,0.0,5e-05,5e-05
tt_stress_a2_to_1_p1500ps,x1.m5,VGS,-1.8,0.0,5e-05,5.0125
tt_stress_a2_to_1_p1500ps,x1.m5,VGD,-1.8159271004001185,-0.05756525410818303,15.430728209437264,19.9875
tt_stress_a2_to_1_p1500ps,x1.m5,VDS,-1.0273926604243404,0.07366628266040176,0.00020715307044792772,5.1602376450855525
tt_stress_a2_to_1_p1500ps,x1.m5,VBS,0.0,0.0,5e-05,5e-05
tt_stress_a2_to_1_p1500ps,x1.m6,VGS,-1.1052574033498643,0.705407363241521,15.32400590078228,15.832027985712418
tt_stress_a2_to_1_p1500ps,x1.m6,VGD,-1.8988775233109456,0.055745050668012164,5.021671577051264,20.170593402484425
tt_stress_a2_to_1_p1500ps,x1.m6,VDS,0.5692614393393125,1.896837711582383,5e-05,9.99786846293938
tt_stress_a2_to_1_p1500ps,x1.m6,VBS,-1.2088008353918123,0.07809461908921952,25.0,10.012499999999998
tt_stress_a2_to_1_p1500ps,x1.m7,VGS,-1.125685922470227,1.8589590591893925,16.499794267998702,10.012499999999998
tt_stress_a2_to_1_p1500ps,x1.m7,VGD,-1.2087870188265304,1.8591495787665646,25.0,10.013455737559577
tt_stress_a2_to_1_p1500ps,x1.m7,VDS,-0.09840050748679352,1.2585408086872087,4.999407680578958,20.00995649423409
tt_stress_a2_to_1_p1500ps,x1.m7,VBS,-1.171475380527531,0.07927118287213197,4.999407680578958,10.009868462939373
tt_stress_a2_to_1_p1500ps,x1.m8,VGS,0.0,1.8,5e-05,5.0125
tt_stress_a2_to_1_p1500ps,x1.m8,VGD,-1.0882222465739468,1.8000000124990525,15.331005900782289,17.667915690940763
tt_stress_a2_to_1_p1500ps,x1.m8,VDS,-0.07927118287213197,1.171475380527531,10.009868462939373,4.999407680578958
tt_stress_a2_to_1_p1500ps,x1.m8,VBS,0.0,0.0,5e-05,5e-05
tt_stress_a2_to_1_p1500ps,x1.m9,VGS,-1.0273926604243404,0.07366628266040176,0.00020715307044792772,5.1602376450855525
tt_stress_a2_to_1_p1500ps,x1.m9,VGD,0.004385596917594103,1.8736662091586311,0.0006254805425893205,5.161237645085553
tt_stress_a2_to_1_p1500ps,x1.m9,VDS,-1.8035234872592447,-0.9964634813855302,10.008868462939374,0.004516818371533892
tt_stress_a2_to_1_p1500ps,x1.m9,VBS,0.0,0.0,5e-05,5e-05
tt_stress_a2_to_1_p1500ps,x1.m10,VGS,0.7726073395756597,1.8736662826604018,0.00020715307044792772,5.1602376450855525
tt_stress_a2_to_1_p1500ps,x1.m10,VGD,0.004385596917594103,1.8736662091586311,0.0006254805425893205,5.161237645085553
tt_stress_a2_to_1_p1500ps,x1.m10,VDS,-0.0035234872592447217,0.8035365186144698,10.008868462939374,0.004516818371533892
tt_stress_a2_to_1_p1500ps,x1.m10,VBS,0.0,0.0,5e-05,5e-05
tt_stress_a2_to_1_p1500ps,x1.m11,VGS,-1.8,0.0,5e-05,5.0125
tt_stress_a2_to_1_p1500ps,x1.m11,VGD,-1.8175905591019625,1.8000000165173682,15.424712716078721,17.668915690940764
tt_stress_a2_to_1_p1500ps,x1.m11,VDS,-1.8342371616655335,0.07441053202255032,20.004956494234087,16.51439513545534
tt_stress_a2_to_1_p1500ps,x1.m11,VBS,0.0,0.0,5e-05,5e-05
tt_stress_a2_to_1_p1500ps,x1.m12,VGS,-0.022886732327754546,1.8455403526105059,15.322005900782278,20.00895649423409
tt_stress_a2_to_1_p1500ps,x1.m12,VGD,-1.8988777724439345,1.8257342404336157,5.021671577051264,20.004956494234087
tt_stress_a2_to_1_p1500ps,x1.m12,VDS,1.3487167271897249e-08,1.8778904523216342,17.67691569094077,5.014067451337322
tt_stress_a2_to_1_p1500ps,x1.m12,VBS,-1.12519669762787,0.05407090823056031,25.0,20.00795649423409
tt_stress_a2_to_1_p1500ps,x1.m13,VGS,-1.1694020719963738,1.8678297761577132,4.999407680578958,20.012500000000003
tt_stress_a2_to_1_p1500ps,x1.m13,VGD,-0.12679885948266095,1.8414179551476846,15.422076416518161,20.00995649423409
tt_stress_a2_to_1_p1500ps,x1.m13,VDS,-1.1705444354515566,0.5166718146749791,4.999407680578958,16.513491053610952
tt_stress_a2_to_1_p1500ps,x1.m13,VBS,-1.171475380527531,0.07927118287213197,4.999407680578958,10.009868462939373
tt_stress_a2_to_1_p1500ps,x1.m14,VGS,-1.8342371616655335,0.07441053202255032,20.004956494234087,16.51439513545534
tt_stress_a2_to_1_p1500ps,x1.m14,VGD,-1.8287972835471673,1.8737863616773465,20.005956494234088,16.515034249151505
tt_stress_a2_to_1_p1500ps,x1.m14,VDS,-1.8444623053608749,0.028984739292617467,16.549582783110615,20.136777416667098
tt_stress_a2_to_1_p1500ps,x1.m14,VBS,0.0,0.0,5e-05,5e-05
tt_stress_a2_to_1_p1500ps,x1.m15,VGS,-0.03423716166553348,1.8744105320225504,20.004956494234087,16.51439513545534
tt_stress_a2_to_1_p1500ps,x1.m15,VGD,-1.8287972835471673,1.8737863616773465,20.005956494234088,16.515034249151505
tt_stress_a2_to_1_p1500ps,x1.m15,VDS,-0.04446230536087483,1.8289847392926175,16.549582783110615,20.136777416667098
tt_stress_a2_to_1_p1500ps,x1.m15,VBS,0.0,0.0,5e-05,5e-05
tt_stress_a2_to_1_p1500ps,x1.m16,VGS,-1.8,0.0,5e-05,5.0125
tt_stress_a2_to_1_p1500ps,x1.m16,VGD,-1.8010954812872573,1.799999884405395,15.375076416518107,6.777237645086049
tt_stress_a2_to_1_p1500ps,x1.m16,VDS,-1.8343774971511897,0.07631535406836765,10.004868462939376,5.015269058940814
tt_stress_a2_to_1_p1500ps,x1.m16,VBS,0.0,0.0,5e-05,5e-05
tt_stress_a2_to_1_p1500ps,x1.m17,VGS,-0.5701416993016977,1.849497416124499,20.003956494234085,10.009868462939373
tt_stress_a2_to_1_p1500ps,x1.m17,VGD,-1.8855914732900103,1.8273656980738644,16.51758278311058,10.004868462939376
tt_stress_a2_to_1_p1500ps,x1.m17,VDS,4.3801637122919956e-08,1.3159057565001522,6.668237645086015,16.515845673253843
tt_stress_a2_to_1_p1500ps,x1.m17,VBS,-1.136450684075708,0.05485807163588027,5.00840768057896,10.007868462939374
tt_stress_a2_to_1_p1500ps,x1.m18,VGS,-1.125685922470227,1.8589590591893925,16.499794267998702,10.012499999999998
tt_stress_a2_to_1_p1500ps,x1.m18,VGD,-0.6208182237440609,1.8340004172673883,16.515034249151505,10.007868462939374
tt_stress_a2_to_1_p1500ps,x1.m18,VDS,-0.5615192371071052,0.64630669631525,16.499794267998702,20.00995649423409
tt_stress_a2_to_1_p1500ps,x1.m18,VBS,-1.171475380527531,0.07927118287213197,4.999407680578958,10.009868462939373
tt_stress_a2_to_1_p1500ps,x1.m19,VGS,-1.8343774971511897,0.07631535406836765,10.004868462939376,5.015269058940814
tt_stress_a2_to_1_p1500ps,x1.m19,VGD,-1.8289081158487706,1.8756171987611772,10.005868462939375,5.015269058940814
tt_stress_a2_to_1_p1500ps,x1.m19,VDS,-1.8441043293503832,0.02953721403566556,5.050671577051273,10.135042785878921
tt_stress_a2_to_1_p1500ps,x1.m19,VBS,0.0,0.0,5e-05,5e-05
tt_stress_a2_to_1_p1500ps,x1.m20,VGS,-0.03437749715118957,1.8763153540683677,10.004868462939376,5.015269058940814
tt_stress_a2_to_1_p1500ps,x1.m20,VGD,-1.8289081158487706,1.8756171987611772,10.005868462939375,5.015269058940814
tt_stress_a2_to_1_p1500ps,x1.m20,VDS,-0.04410432935038303,1.8295372140356656,5.050671577051273,10.135042785878921
tt_stress_a2_to_1_p1500ps,x1.m20,VBS,0.0,0.0,5e-05,5e-05
tt_stress_a2_to_1_p1500ps,x1.m21,VGS,-1.8,0.0,5e-05,5.0125
tt_stress_a2_to_1_p1500ps,x1.m21,VGD,-1.8012143076717433,-0.06655788785536809,15.37707641651811,9.987500000000002
tt_stress_a2_to_1_p1500ps,x1.m21,VDS,-1.0390776714342342,0.07368411023330634,0.00020715307044792772,16.673915690939634
tt_stress_a2_to_1_p1500ps,x1.m21,VBS,0.0,0.0,5e-05,5e-05
tt_stress_a2_to_1_p1500ps,x1.m22,VGS,-1.2142684439064646,0.987388239705631,15.513027985712057,0.04518772984739
tt_stress_a2_to_1_p1500ps,x1.m22,VGD,-1.8855752661611684,0.5185737989539694,16.51758278311058,0.05718772984739004
tt_stress_a2_to_1_p1500ps,x1.m22,VDS,0.43327571579540947,1.8964980152647088,0.06718772984739001,19.997956494234078
tt_stress_a2_to_1_p1500ps,x1.m22,VBS,-1.3335967993078242,0.07583135570611257,15.467027985712004,20.012500000000003
tt_stress_a2_to_1_p1500ps,x1.m23,VGS,-1.1694020719963738,1.8678297761577132,4.999407680578958,20.012500000000003
tt_stress_a2_to_1_p1500ps,x1.m23,VGD,-1.256915939086684,1.8686933831214279,15.414076416518151,20.014101238740984
tt_stress_a2_to_1_p1500ps,x1.m23,VDS,-0.09621530279900115,1.2885663394515985,16.499794267998702,10.010868462939372
tt_stress_a2_to_1_p1500ps,x1.m23,VBS,-1.171475380527531,0.07927118287213197,4.999407680578958,10.009868462939373
tt_stress_a2_to_1_p1500ps,x1.m24,VGS,-1.0390776714342342,0.07368411023330634,0.00020715307044792772,16.673915690939634
tt_stress_a2_to_1_p1500ps,x1.m24,VGD,-0.0015132618340422122,1.8736840519554925,0.0006254805425893205,16.674915690939635
tt_stress_a2_to_1_p1500ps,x1.m24,VDS,-1.8035190863655395,-0.992163018296792,20.00895649423409,0.0052375459694779915
tt_stress_a2_to_1_p1500ps,x1.m24,VBS,0.0,0.0,5e-05,5e-05
tt_stress_a2_to_1_p1500ps,x1.m25,VGS,0.7609223285657657,1.8736841102333064,0.00020715307044792772,16.673915690939634
tt_stress_a2_to_1_p1500ps,x1.m25,VGD,-0.0015132618340422122,1.8736840519554925,0.0006254805425893205,16.674915690939635
tt_stress_a2_to_1_p1500ps,x1.m25,VDS,-0.0035190863655394714,0.8078369817032081,20.00895649423409,0.0052375459694779915
tt_stress_a2_to_1_p1500ps,x1.m25,VBS,0.0,0.0,5e-05,5e-05
tt_stress_a2_to_1_p1500ps,x1.m26,VGS,-1.8634474778961012,0.09855502802355298,16.515034249151505,10.170958341106738
tt_stress_a2_to_1_p1500ps,x1.m26,VGD,-1.8175036340154378,1.8977582768197474,20.09177741666705,10.171958341106738
tt_stress_a2_to_1_p1500ps,x1.m26,VDS,-1.8290240320298332,0.023997050612362347,5.013262997886411,20.077777416667033
tt_stress_a2_to_1_p1500ps,x1.m26,VBS,0.0,0.0,5e-05,5e-05
tt_stress_a2_to_1_p1500ps,x1.m27,VGS,-0.06344747789610113,1.898555028023553,16.515034249151505,10.170958341106738
tt_stress_a2_to_1_p1500ps,x1.m27,VGD,-1.8175036340154378,1.8977582768197474,20.09177741666705,10.171958341106738
tt_stress_a2_to_1_p1500ps,x1.m27,VDS,-0.02902403202983327,1.8239970506123624,5.013262997886411,20.077777416667033
tt_stress_a2_to_1_p1500ps,x1.m27,VBS,0.0,0.0,5e-05,5e-05
tt_stress_a2_to_1_p1500ps,x1.m28,VGS,-1.8265079557402877,0.05510382868870645,5.021671577051264,20.171593402484426
tt_stress_a2_to_1_p1500ps,x1.m28,VGD,-1.8248754444927244,1.8546954998585028,15.32400590078228,20.17359340248443
tt_stress_a2_to_1_p1500ps,x1.m28,VDS,-1.8125569443494807,0.050109287410853076,16.51758278311058,15.414076416518151
tt_stress_a2_to_1_p1500ps,x1.m28,VBS,0.0,0.0,5e-05,5e-05
tt_stress_a2_to_1_p1500ps,x1.m29,VGS,-0.0265079557402876,1.8551038286887065,5.021671577051264,20.171593402484426
tt_stress_a2_to_1_p1500ps,x1.m29,VGD,-1.8248754444927244,1.8546954998585028,15.32400590078228,20.17359340248443
tt_stress_a2_to_1_p1500ps,x1.m29,VDS,-0.01255694434948057,1.8501092874108531,16.51758278311058,15.414076416518151
tt_stress_a2_to_1_p1500ps,x1.m29,VBS,0.0,0.0,5e-05,5e-05
tt_stress_a2_to_1_p1500ps,x2.mp1,VGS,-1.8035234872592447,-0.9964634813855302,10.008868462939374,0.004516818371533892
tt_stress_a2_to_1_p1500ps,x2.mp1,VGD,-1.8031712772020663,0.01594495272073193,10.009868462939373,0.00044165548235810615
tt_stress_a2_to_1_p1500ps,x2.mp1,VDS,-1.0539252804846435,0.00039753632354999624,0.00020715307044792772,4.994407680578957
tt_stress_a2_to_1_p1500ps,x2.mp1,VBS,0.0,0.0,5e-05,5e-05
tt_stress_a2_to_1_p1500ps,x2.mn1,VGS,-0.0035234872592447217,0.8035365186144698,10.008868462939374,0.004516818371533892
tt_stress_a2_to_1_p1500ps,x2.mn1,VGD,-1.8031712772020663,0.01594495272073193,10.009868462939373,0.00044165548235810615
tt_stress_a2_to_1_p1500ps,x2.mn1,VDS,0.7460747195153564,1.80039753632355,0.00020715307044792772,4.994407680578957
tt_stress_a2_to_1_p1500ps,x2.mn1,VBS,0.0,0.0,5e-05,5e-05
tt_stress_a2_to_1_p1500ps,x2.mp2,VGS,-1.0539252804846435,0.00039753632354999624,0.00020715307044792772,4.994407680578957
tt_stress_a2_to_1_p1500ps,x2.mp2,VGD,0.7141266637402552,1.8003847279847356,0.00027331566233858447,4.994407680578957
tt_stress_a2_to_1_p1500ps,x2.mp2,VDS,-1.8000099435033008,-1.723328480429166,10.003868462939376,0.03818772984738998
tt_stress_a2_to_1_p1500ps,x2.mp2,VBS,0.0,0.0,5e-05,5e-05
tt_stress_a2_to_1_p1500ps,x2.mn2,VGS,0.7460747195153564,1.80039753632355,0.00020715307044792772,4.994407680578957
tt_stress_a2_to_1_p1500ps,x2.mn2,VGD,0.7141266637402552,1.8003847279847356,0.00027331566233858447,4.994407680578957
tt_stress_a2_to_1_p1500ps,x2.mn2,VDS,-9.943503300845686e-06,0.07667151957083412,10.003868462939376,0.03818772984738998
tt_stress_a2_to_1_p1500ps,x2.mn2,VBS,0.0,0.0,5e-05,5e-05
tt_stress_a2_to_1_p1500ps,x3.mp1,VGS,-1.8444623053608749,0.028984739292617467,16.549582783110615,20.136777416667098
tt_stress_a2_to_1_p1500ps,x3.mp1,VGD,-1.8410122995185145,1.8288992165633677,16.550582783110617,20.136777416667098
tt_stress_a2_to_1_p1500ps,x3.mp1,VDS,-1.854176558498508,0.10436755231691208,20.22759340248449,16.58604831617291
tt_stress_a2_to_1_p1500ps,x3.mp1,VBS,0.0,0.0,5e-05,5e-05
tt_stress_a2_to_1_p1500ps,x3.mn1,VGS,-0.04446230536087483,1.8289847392926175,16.549582783110615,20.136777416667098
tt_stress_a2_to_1_p1500ps,x3.mn1,VGD,-1.8410122995185145,1.8288992165633677,16.550582783110617,20.136777416667098
tt_stress_a2_to_1_p1500ps,x3.mn1,VDS,-0.05417655849850791,1.9043675523169121,20.22759340248449,16.58604831617291
tt_stress_a2_to_1_p1500ps,x3.mn1,VBS,0.0,0.0,5e-05,5e-05
tt_stress_a2_to_1_p1500ps,x3.mp2,VGS,-1.854176558498508,0.10436755231691208,20.22759340248449,16.58604831617291
tt_stress_a2_to_1_p1500ps,x3.mp2,VGD,-1.8523718958051831,1.901882917005358,20.22759340248449,16.58604831617291
tt_stress_a2_to_1_p1500ps,x3.mp2,VDS,-1.8336519112085374,0.029038505739108267,16.618915690939573,20.274593402484545
tt_stress_a2_to_1_p1500ps,x3.mp2,VBS,0.0,0.0,5e-05,5e-05
tt_stress_a2_to_1_p1500ps,x3.mn2,VGS,-0.05417655849850791,1.9043675523169121,20.22759340248449,16.58604831617291
tt_stress_a2_to_1_p1500ps,x3.mn2,VGD,-1.8523718958051831,1.901882917005358,20.22759340248449,16.58604831617291
tt_stress_a2_to_1_p1500ps,x3.mn2,VDS,-0.03365191120853748,1.8290385057391083,16.618915690939573,20.274593402484545
tt_stress_a2_to_1_p1500ps,x3.mn2,VBS,0.0,0.0,5e-05,5e-05
tt_stress_a2_to_1_p1500ps,x4.mp1,VGS,-1.8035190863655395,-0.992163018296792,20.00895649423409,0.0052375459694779915
tt_stress_a2_to_1_p1500ps,x4.mp1,VGD,-1.8031683349928795,0.012011507635110164,20.00995649423409,0.00044165548235810615
tt_stress_a2_to_1_p1500ps,x4.mp1,VDS,-1.0542583612339351,0.00039808142286590353,0.00020715307044792772,4.994407680578957
tt_stress_a2_to_1_p1500ps,x4.mp1,VBS,0.0,0.0,5e-05,5e-05
tt_stress_a2_to_1_p1500ps,x4.mn1,VGS,-0.0035190863655394714,0.8078369817032081,20.00895649423409,0.0052375459694779915
tt_stress_a2_to_1_p1500ps,x4.mn1,VGD,-1.8031683349928795,0.012011507635110164,20.00995649423409,0.00044165548235810615
tt_stress_a2_to_1_p1500ps,x4.mn1,VDS,0.745741638766065,1.800398081422866,0.00020715307044792772,4.994407680578957
tt_stress_a2_to_1_p1500ps,x4.mn1,VBS,0.0,0.0,5e-05,5e-05
tt_stress_a2_to_1_p1500ps,x4.mp2,VGS,-1.0542583612339351,0.00039808142286590353,0.00020715307044792772,4.994407680578957
tt_stress_a2_to_1_p1500ps,x4.mp2,VGD,0.7137490024279118,1.8003852563486686,0.00027331566233858447,4.994407680578957
tt_stress_a2_to_1_p1500ps,x4.mp2,VDS,-1.8000099206286881,-1.7230626907621562,20.003956494234085,0.03718772984738997
tt_stress_a2_to_1_p1500ps,x4.mp2,VBS,0.0,0.0,5e-05,5e-05
tt_stress_a2_to_1_p1500ps,x4.mn2,VGS,0.745741638766065,1.800398081422866,0.00020715307044792772,4.994407680578957
tt_stress_a2_to_1_p1500ps,x4.mn2,VGD,0.7137490024279118,1.8003852563486686,0.00027331566233858447,4.994407680578957
tt_stress_a2_to_1_p1500ps,x4.mn2,VDS,-9.920628688064051e-06,0.07693730923784373,20.003956494234085,0.03718772984738997
tt_stress_a2_to_1_p1500ps,x4.mn2,VBS,0.0,0.0,5e-05,5e-05
tt_stress_a2_to_1_p1500ps,x5.mp1,VGS,-1.8441043293503832,0.02953721403566556,5.050671577051273,10.135042785878921
tt_stress_a2_to_1_p1500ps,x5.mp1,VGD,-1.8406579955034923,1.8294501608835856,5.051671577051273,10.135042785878921
tt_stress_a2_to_1_p1500ps,x5.mp1,VDS,-1.8554605842900822,0.10353210832325965,10.22395834110671,5.0871358876834885
tt_stress_a2_to_1_p1500ps,x5.mp1,VBS,0.0,0.0,5e-05,5e-05
tt_stress_a2_to_1_p1500ps,x5.mn1,VGS,-0.04410432935038303,1.8295372140356656,5.050671577051273,10.135042785878921
tt_stress_a2_to_1_p1500ps,x5.mn1,VGD,-1.8406579955034923,1.8294501608835856,5.051671577051273,10.135042785878921
tt_stress_a2_to_1_p1500ps,x5.mn1,VDS,-0.05546058429008217,1.9035321083232597,10.22395834110671,5.0871358876834885
tt_stress_a2_to_1_p1500ps,x5.mn1,VBS,0.0,0.0,5e-05,5e-05
tt_stress_a2_to_1_p1500ps,x5.mp2,VGS,-1.8554605842900822,0.10353210832325965,10.22395834110671,5.0871358876834885
tt_stress_a2_to_1_p1500ps,x5.mp2,VGD,-1.853603248140747,1.9010626792193448,10.22395834110671,5.0871358876834885
tt_stress_a2_to_1_p1500ps,x5.mp2,VDS,-1.8335869974184298,0.029050890250229333,5.120237645085541,10.270958341106686
tt_stress_a2_to_1_p1500ps,x5.mp2,VBS,0.0,0.0,5e-05,5e-05
tt_stress_a2_to_1_p1500ps,x5.mn2,VGS,-0.05546058429008217,1.9035321083232597,10.22395834110671,5.0871358876834885
tt_stress_a2_to_1_p1500ps,x5.mn2,VGD,-1.853603248140747,1.9010626792193448,10.22395834110671,5.0871358876834885
tt_stress_a2_to_1_p1500ps,x5.mn2,VDS,-0.03358699741842983,1.8290508902502294,5.120237645085541,10.270958341106686
tt_stress_a2_to_1_p1500ps,x5.mn2,VBS,0.0,0.0,5e-05,5e-05
tt_stress_a2_to_3_p1500ps,x1.m1,VGS,-1.8,0.0,5e-05,15.424192586062997
tt_stress_a2_to_3_p1500ps,x1.m1,VGD,-1.898555028023553,1.8626279756169293,10.170958341106738,16.51556778501574
tt_stress_a2_to_3_p1500ps,x1.m1,VDS,-1.8626279756169293,0.09855502802355298,16.51556778501574,10.170958341106738
tt_stress_a2_to_3_p1500ps,x1.m1,VBS,0.0,0.0,5e-05,5e-05
tt_stress_a2_to_3_p1500ps,x1.m2,VGS,0.0,1.8,5e-05,15.424192586062997
tt_stress_a2_to_3_p1500ps,x1.m2,VGD,-1.898555028023553,1.8626279756169293,10.170958341106738,16.51556778501574
tt_stress_a2_to_3_p1500ps,x1.m2,VDS,-0.06262797561692933,1.898555028023553,16.51556778501574,10.170958341106738
tt_stress_a2_to_3_p1500ps,x1.m2,VBS,0.0,0.0,5e-05,5e-05
tt_stress_a2_to_3_p1500ps,x1.m3,VGS,0.0,0.0,5e-05,5e-05
tt_stress_a2_to_3_p1500ps,x1.m3,VGD,1.0661576048354027,1.8265079557402877,0.0009715728525487665,5.021671577051264
tt_stress_a2_to_3_p1500ps,x1.m3,VDS,-1.8265079557402877,-1.0661576048354027,5.021671577051264,0.0009715728525487665
tt_stress_a2_to_3_p1500ps,x1.m3,VBS,0.0,0.0,5e-05,5e-05
tt_stress_a2_to_3_p1500ps,x1.m4,VGS,1.8,1.8,5e-05,5e-05
tt_stress_a2_to_3_p1500ps,x1.m4,VGD,1.0661576048354027,1.8265079557402877,0.0009715728525487665,5.021671577051264
tt_stress_a2_to_3_p1500ps,x1.m4,VDS,-0.0265079557402876,0.7338423951645975,5.021671577051264,0.0009715728525487665
tt_stress_a2_to_3_p1500ps,x1.m4,VBS,0.0,0.0,5e-05,5e-05
tt_stress_a2_to_3_p1500ps,x1.m5,VGS,-1.8,0.0,5e-05,5.0125
tt_stress_a2_to_3_p1500ps,x1.m5,VGD,-1.8003800510715018,-0.07236956757065793,15.4750868729537,5.021671577051264
tt_stress_a2_to_3_p1500ps,x1.m5,VDS,-1.0273926604243404,0.07366628266040176,0.00020715307044792772,5.1602376450855525
tt_stress_a2_to_3_p1500ps,x1.m5,VBS,0.0,0.0,5e-05,5e-05
tt_stress_a2_to_3_p1500ps,x1.m6,VGS,-1.08385399249336,0.5342972881410325,15.330352540951681,0.0009715728525487665
tt_stress_a2_to_3_p1500ps,x1.m6,VGD,-1.8988775233109456,-0.06842588261112215,5.021671577051264,0.0006254805425893205
tt_stress_a2_to_3_p1500ps,x1.m6,VDS,0.5692614393393125,1.896837711582383,5e-05,9.99786846293938
tt_stress_a2_to_3_p1500ps,x1.m6,VBS,-1.0839218404287516,0.07809461908921952,15.330352540951681,10.012499999999998
tt_stress_a2_to_3_p1500ps,x1.m7,VGS,-1.1091833191136669,1.8589590591893925,16.49960840245114,10.012499999999998
tt_stress_a2_to_3_p1500ps,x1.m7,VGD,-0.7970429221438335,1.8591495787665646,16.514795895647303,10.013455737559577
tt_stress_a2_to_3_p1500ps,x1.m7,VDS,-0.3669512632245642,0.8232813072707966,16.49960840245114,20.009956420945464
tt_stress_a2_to_3_p1500ps,x1.m7,VBS,-1.171475380527531,0.07927118287213197,4.999407680578958,10.009868462939373
tt_stress_a2_to_3_p1500ps,x1.m8,VGS,0.0,1.8,5e-05,5.0125
tt_stress_a2_to_3_p1500ps,x1.m8,VGD,-1.0884472261934595,1.800000066022857,15.330352540951681,16.920878346560677
tt_stress_a2_to_3_p1500ps,x1.m8,VDS,-0.07927118287213197,1.171475380527531,10.009868462939373,4.999407680578958
tt_stress_a2_to_3_p1500ps,x1.m8,VBS,0.0,0.0,5e-05,5e-05
tt_stress_a2_to_3_p1500ps,x1.m9,VGS,-1.0273926604243404,0.07366628266040176,0.00020715307044792772,5.1602376450855525
tt_stress_a2_to_3_p1500ps,x1.m9,VGD,0.004385596917594103,1.8736662091586311,0.0006254805425893205,5.161237645085553
tt_stress_a2_to_3_p1500ps,x1.m9,VDS,-1.8035240382200106,-0.9964634813855302,20.008956420945463,0.004516818371533892
tt_stress_a2_to_3_p1500ps,x1.m9,VBS,0.0,0.0,5e-05,5e-05
tt_stress_a2_to_3_p1500ps,x1.m10,VGS,0.7726073395756597,1.8736662826604018,0.00020715307044792772,5.1602376450855525
tt_stress_a2_to_3_p1500ps,x1.m10,VGD,0.004385596917594103,1.8736662091586311,0.0006254805425893205,5.161237645085553
tt_stress_a2_to_3_p1500ps,x1.m10,VDS,-0.0035240382200106765,0.8035365186144698,20.008956420945463,0.004516818371533892
tt_stress_a2_to_3_p1500ps,x1.m10,VBS,0.0,0.0,5e-05,5e-05
tt_stress_a2_to_3_p1500ps,x1.m11,VGS,-1.8,0.0,5e-05,5.0125
tt_stress_a2_to_3_p1500ps,x1.m11,VGD,-1.8003436425182937,-0.07236981670364684,15.476086872953701,5.021671577051264
tt_stress_a2_to_3_p1500ps,x1.m11,VDS,-1.0270918663433042,0.07367255273060391,0.00020715307044792772,16.655878346560378
tt_stress_a2_to_3_p1500ps,x1.m11,VBS,0.0,0.0,5e-05,5e-05
tt_stress_a2_to_3_p1500ps,x1.m12,VGS,-1.0718990379943603,0.5641175951190689,25.0,0.0009715728525487665
tt_stress_a2_to_3_p1500ps,x1.m12,VGD,-1.8988777724439345,-0.06892891450417749,5.021671577051264,0.0006254805425893205
tt_stress_a2_to_3_p1500ps,x1.m12,VDS,0.6165515923679539,1.896491181567966,0.00027331566233858447,19.997956420945453
tt_stress_a2_to_3_p1500ps,x1.m12,VBS,-1.0719049775666023,0.07568627492284438,25.0,20.011956420945467
tt_stress_a2_to_3_p1500ps,x1.m13,VGS,-1.1694020719963738,1.8677030793488356,4.999407680578958,20.012500000000003
tt_stress_a2_to_3_p1500ps,x1.m13,VGD,-0.02510062710043296,1.868602998721047,5.011407680578961,20.01410148847197
tt_stress_a2_to_3_p1500ps,x1.m13,VDS,-1.1705444354515566,0.42278730042665347,4.999407680578958,16.513037010563647
tt_stress_a2_to_3_p1500ps,x1.m13,VBS,-1.171475380527531,0.07927118287213197,4.999407680578958,10.009868462939373
tt_stress_a2_to_3_p1500ps,x1.m14,VGS,-1.0270918663433042,0.07367255273060391,0.00020715307044792772,16.655878346560378
tt_stress_a2_to_3_p1500ps,x1.m14,VGD,0.004683667063436481,1.8736724786148264,0.0006254805425893205,16.65687834656038
tt_stress_a2_to_3_p1500ps,x1.m14,VDS,-1.8035246387691801,-0.9966365280588405,10.008868462939374,0.004516818371533892
tt_stress_a2_to_3_p1500ps,x1.m14,VBS,0.0,0.0,5e-05,5e-05
tt_stress_a2_to_3_p1500ps,x1.m15,VGS,0.7729081336566959,1.873672552730604,0.00020715307044792772,16.655878346560378
tt_stress_a2_to_3_p1500ps,x1.m15,VGD,0.004683667063436481,1.8736724786148264,0.0006254805425893205,16.65687834656038
tt_stress_a2_to_3_p1500ps,x1.m15,VDS,-0.003524638769179982,0.8033634719411595,10.008868462939374,0.004516818371533892
tt_stress_a2_to_3_p1500ps,x1.m15,VBS,0.0,0.0,5e-05,5e-05
tt_stress_a2_to_3_p1500ps,x1.m16,VGS,-1.8,0.0,5e-05,5.0125
tt_stress_a2_to_3_p1500ps,x1.m16,VGD,-1.7999555389975186,1.799999884405395,25.0,6.777237645086049
tt_stress_a2_to_3_p1500ps,x1.m16,VDS,-1.8343774971511897,0.07631535406836765,10.004868462939376,5.015269058940814
tt_stress_a2_to_3_p1500ps,x1.m16,VBS,0.0,0.0,5e-05,5e-05
tt_stress_a2_to_3_p1500ps,x1.m17,VGS,0.10180852667097412,1.849497416124499,5e-05,10.009868462939373
tt_stress_a2_to_3_p1500ps,x1.m17,VGD,-0.518514600109095,1.8273656980738644,5e-05,10.004868462939376
tt_stress_a2_to_3_p1500ps,x1.m17,VDS,4.3801637122919956e-08,1.2388681593430813,6.668237645086015,5.022671577051264
tt_stress_a2_to_3_p1500ps,x1.m17,VBS,-1.2079185257105314,0.05485807163588027,25.0,10.007868462939374
tt_stress_a2_to_3_p1500ps,x1.m18,VGS,-1.1091833191136669,1.8589590591893925,16.49960840245114,10.012499999999998
tt_stress_a2_to_3_p1500ps,x1.m18,VGD,-1.2079045320040893,1.8340004172673883,25.0,10.007868462939374
tt_stress_a2_to_3_p1500ps,x1.m18,VDS,-0.04425211544130003,1.2604408158975389,4.999407680578958,20.010956420945465
tt_stress_a2_to_3_p1500ps,x1.m18,VBS,-1.171475380527531,0.07927118287213197,4.999407680578958,10.009868462939373
tt_stress_a2_to_3_p1500ps,x1.m19,VGS,-1.8343774971511897,0.07631535406836765,10.004868462939376,5.015269058940814
tt_stress_a2_to_3_p1500ps,x1.m19,VGD,-1.8289081158487706,1.8756171987611772,10.005868462939375,5.015269058940814
tt_stress_a2_to_3_p1500ps,x1.m19,VDS,-1.8441043293503832,0.02953721403566556,5.050671577051273,10.135042785878921
tt_stress_a2_to_3_p1500ps,x1.m19,VBS,0.0,0.0,5e-05,5e-05
tt_stress_a2_to_3_p1500ps,x1.m20,VGS,-0.03437749715118957,1.8763153540683677,10.004868462939376,5.015269058940814
tt_stress_a2_to_3_p1500ps,x1.m20,VGD,-1.8289081158487706,1.8756171987611772,10.005868462939375,5.015269058940814
tt_stress_a2_to_3_p1500ps,x1.m20,VDS,-0.04410432935038303,1.8295372140356656,5.050671577051273,10.135042785878921
tt_stress_a2_to_3_p1500ps,x1.m20,VBS,0.0,0.0,5e-05,5e-05
tt_stress_a2_to_3_p1500ps,x1.m21,VGS,-1.8,0.0,5e-05,5.0125
tt_stress_a2_to_3_p1500ps,x1.m21,VGD,-1.8004017778302095,1.8000003054796287,15.672086872953923,16.91187834656067
tt_stress_a2_to_3_p1500ps,x1.m21,VDS,-1.834019208651266,0.07312201224671777,20.004956420945458,5.196237645085564
tt_stress_a2_to_3_p1500ps,x1.m21,VBS,0.0,0.0,5e-05,5e-05
tt_stress_a2_to_3_p1500ps,x1.m22,VGS,0.16621374101638908,1.848379019505537,5e-05,20.008956420945463
tt_stress_a2_to_3_p1500ps,x1.m22,VGD,-0.5184737999215754,1.8271323881053814,5e-05,20.004956420945458
tt_stress_a2_to_3_p1500ps,x1.m22,VDS,-1.4314275909033114e-07,1.2348760524430928,16.90287834656066,16.522286115628106
tt_stress_a2_to_3_p1500ps,x1.m22,VBS,-1.5544801921668083,0.05374757577905129,15.494086872953721,20.00795642094546
tt_stress_a2_to_3_p1500ps,x1.m23,VGS,-1.1694020719963738,1.8677030793488356,4.999407680578958,20.012500000000003
tt_stress_a2_to_3_p1500ps,x1.m23,VGD,-1.24543879083549,1.841091044781579,15.413352540951776,20.009956420945464
tt_stress_a2_to_3_p1500ps,x1.m23,VDS,-0.03683840020198237,1.2885663394515985,16.49960840245114,10.010868462939372
tt_stress_a2_to_3_p1500ps,x1.m23,VBS,-1.171475380527531,0.07927118287213197,4.999407680578958,10.009868462939373
tt_stress_a2_to_3_p1500ps,x1.m24,VGS,-1.834019208651266,0.07312201224671777,20.004956420945458,5.196237645085564
tt_stress_a2_to_3_p1500ps,x1.m24,VGD,-1.8286133323317264,1.8731218626898272,20.00595642094546,5.196237645085564
tt_stress_a2_to_3_p1500ps,x1.m24,VDS,-1.8470815801775866,0.029158078279308386,16.549286115628135,20.136777416667098
tt_stress_a2_to_3_p1500ps,x1.m24,VBS,0.0,0.0,5e-05,5e-05
tt_stress_a2_to_3_p1500ps,x1.m25,VGS,-0.034019208651266064,1.8731220122467178,20.004956420945458,5.196237645085564
tt_stress_a2_to_3_p1500ps,x1.m25,VGD,-1.8286133323317264,1.8731218626898272,20.00595642094546,5.196237645085564
tt_stress_a2_to_3_p1500ps,x1.m25,VDS,-0.04708158017758659,1.8291580782793084,16.549286115628135,20.136777416667098
tt_stress_a2_to_3_p1500ps,x1.m25,VBS,0.0,0.0,5e-05,5e-05
tt_stress_a2_to_3_p1500ps,x1.m26,VGS,-1.8626279756169293,0.09855502802355298,16.51556778501574,10.170958341106738
tt_stress_a2_to_3_p1500ps,x1.m26,VGD,-1.8173935235805467,1.8977582768197474,20.09177741666705,10.171958341106738
tt_stress_a2_to_3_p1500ps,x1.m26,VDS,-1.8290240320298332,0.023740575488296,5.013262997886411,20.079777416667035
tt_stress_a2_to_3_p1500ps,x1.m26,VBS,0.0,0.0,5e-05,5e-05
tt_stress_a2_to_3_p1500ps,x1.m27,VGS,-0.06262797561692933,1.898555028023553,16.51556778501574,10.170958341106738
tt_stress_a2_to_3_p1500ps,x1.m27,VGD,-1.8173935235805467,1.8977582768197474,20.09177741666705,10.171958341106738
tt_stress_a2_to_3_p1500ps,x1.m27,VDS,-0.02902403202983327,1.823740575488296,5.013262997886411,20.079777416667035
tt_stress_a2_to_3_p1500ps,x1.m27,VBS,0.0,0.0,5e-05,5e-05
tt_stress_a2_to_3_p1500ps,x1.m28,VGS,-1.8265079557402877,-1.0661576048354027,5.021671577051264,0.0009715728525487665
tt_stress_a2_to_3_p1500ps,x1.m28,VGD,-1.8102149767881237,0.3042933209018221,20.033369653176354,5.228228402181693e-05
tt_stress_a2_to_3_p1500ps,x1.m28,VDS,-1.5404398170178146,0.012914832516933483,5e-05,10.055042785878964
tt_stress_a2_to_3_p1500ps,x1.m28,VBS,0.0,0.0,5e-05,5e-05
tt_stress_a2_to_3_p1500ps,x1.m29,VGS,-0.0265079557402876,0.7338423951645975,5.021671577051264,0.0009715728525487665
tt_stress_a2_to_3_p1500ps,x1.m29,VGD,-1.8102149767881237,0.3042933209018221,20.033369653176354,5.228228402181693e-05
tt_stress_a2_to_3_p1500ps,x1.m29,VDS,0.25956018298218536,1.8129148325169335,5e-05,10.055042785878964
tt_stress_a2_to_3_p1500ps,x1.m29,VBS,0.0,0.0,5e-05,5e-05
tt_stress_a2_to_3_p1500ps,x2.mp1,VGS,-1.8035240382200106,-0.9964634813855302,20.008956420945463,0.004516818371533892
tt_stress_a2_to_3_p1500ps,x2.mp1,VGD,-1.8031713370163356,0.01594495272073193,20.009956420945464,0.00044165548235810615
tt_stress_a2_to_3_p1500ps,x2.mp1,VDS,-1.0539252804846435,0.00039753632354999624,0.00020715307044792772,4.994407680578957
tt_stress_a2_to_3_p1500ps,x2.mp1,VBS,0.0,0.0,5e-05,5e-05
tt_stress_a2_to_3_p1500ps,x2.mn1,VGS,-0.0035240382200106765,0.8035365186144698,20.008956420945463,0.004516818371533892
tt_stress_a2_to_3_p1500ps,x2.mn1,VGD,-1.8031713370163356,0.01594495272073193,20.009956420945464,0.00044165548235810615
tt_stress_a2_to_3_p1500ps,x2.mn1,VDS,0.7460747195153564,1.80039753632355,0.00020715307044792772,4.994407680578957
tt_stress_a2_to_3_p1500ps,x2.mn1,VBS,0.0,0.0,5e-05,5e-05
tt_stress_a2_to_3_p1500ps,x2.mp2,VGS,-1.0539252804846435,0.00039753632354999624,0.00020715307044792772,4.994407680578957
tt_stress_a2_to_3_p1500ps,x2.mp2,VGD,0.7141266637402552,1.8003847279847356,0.00027331566233858447,4.994407680578957
tt_stress_a2_to_3_p1500ps,x2.mp2,VDS,-1.8000099435033008,-1.723328480429166,10.003868462939376,0.03818772984738998
tt_stress_a2_to_3_p1500ps,x2.mp2,VBS,0.0,0.0,5e-05,5e-05
tt_stress_a2_to_3_p1500ps,x2.mn2,VGS,0.7460747195153564,1.80039753632355,0.00020715307044792772,4.994407680578957
tt_stress_a2_to_3_p1500ps,x2.mn2,VGD,0.7141266637402552,1.8003847279847356,0.00027331566233858447,4.994407680578957
tt_stress_a2_to_3_p1500ps,x2.mn2,VDS,-9.943503300845686e-06,0.07667151957083412,10.003868462939376,0.03818772984738998
tt_stress_a2_to_3_p1500ps,x2.mn2,VBS,0.0,0.0,5e-05,5e-05
tt_stress_a2_to_3_p1500ps,x3.mp1,VGS,-1.8035246387691801,-0.9966365280588405,10.008868462939374,0.004516818371533892
tt_stress_a2_to_3_p1500ps,x3.mp1,VGD,-1.8031719261708457,0.016118589711604625,10.009868462939373,0.00044165548235810615
tt_stress_a2_to_3_p1500ps,x3.mp1,VDS,-1.0539199288301313,0.0003975468052157538,0.00020715307044792772,4.994407680578957
tt_stress_a2_to_3_p1500ps,x3.mp1,VBS,0.0,0.0,5e-05,5e-05
tt_stress_a2_to_3_p1500ps,x3.mn1,VGS,-0.003524638769179982,0.8033634719411595,10.008868462939374,0.004516818371533892
tt_stress_a2_to_3_p1500ps,x3.mn1,VGD,-1.8031719261708457,0.016118589711604625,10.009868462939373,0.00044165548235810615
tt_stress_a2_to_3_p1500ps,x3.mn1,VDS,0.7460800711698687,1.8003975468052158,0.00020715307044792772,4.994407680578957
tt_stress_a2_to_3_p1500ps,x3.mn1,VBS,0.0,0.0,5e-05,5e-05
tt_stress_a2_to_3_p1500ps,x3.mp2,VGS,-1.0539199288301313,0.0003975468052157538,0.00020715307044792772,4.994407680578957
tt_stress_a2_to_3_p1500ps,x3.mp2,VGD,0.7141352128846866,1.8003847381418066,0.00027331566233858447,4.994407680578957
tt_stress_a2_to_3_p1500ps,x3.mp2,VDS,-1.8000099478891456,-1.7233474350652922,10.003868462939376,0.03818772984738998
tt_stress_a2_to_3_p1500ps,x3.mp2,VBS,0.0,0.0,5e-05,5e-05
tt_stress_a2_to_3_p1500ps,x3.mn2,VGS,0.7460800711698687,1.8003975468052158,0.00020715307044792772,4.994407680578957
tt_stress_a2_to_3_p1500ps,x3.mn2,VGD,0.7141352128846866,1.8003847381418066,0.00027331566233858447,4.994407680578957
tt_stress_a2_to_3_p1500ps,x3.mn2,VDS,-9.947889145505513e-06,0.07665256493470782,10.003868462939376,0.03818772984738998
tt_stress_a2_to_3_p1500ps,x3.mn2,VBS,0.0,0.0,5e-05,5e-05
tt_stress_a2_to_3_p1500ps,x4.mp1,VGS,-1.8470815801775866,0.029158078279308386,16.549286115628135,20.136777416667098
tt_stress_a2_to_3_p1500ps,x4.mp1,VGD,-1.8433160218523463,1.8290726191893825,16.550286115628136,20.1377774166671
tt_stress_a2_to_3_p1500ps,x4.mp1,VDS,-1.8558911239996534,0.10472841410389244,20.2267774166672,16.58435279573315
tt_stress_a2_to_3_p1500ps,x4.mp1,VBS,0.0,0.0,5e-05,5e-05
tt_stress_a2_to_3_p1500ps,x4.mn1,VGS,-0.04708158017758659,1.8291580782793084,16.549286115628135,20.136777416667098
tt_stress_a2_to_3_p1500ps,x4.mn1,VGD,-1.8433160218523463,1.8290726191893825,16.550286115628136,20.1377774166671
tt_stress_a2_to_3_p1500ps,x4.mn1,VDS,-0.055891123999653236,1.9047284141038925,20.2267774166672,16.58435279573315
tt_stress_a2_to_3_p1500ps,x4.mn1,VBS,0.0,0.0,5e-05,5e-05
tt_stress_a2_to_3_p1500ps,x4.mp2,VGS,-1.8558911239996534,0.10472841410389244,20.2267774166672,16.58435279573315
tt_stress_a2_to_3_p1500ps,x4.mp2,VGD,-1.854022700325554,1.9022189735904325,20.2267774166672,16.58435279573315
tt_stress_a2_to_3_p1500ps,x4.mp2,VDS,-1.83361624853759,0.029056744659273326,16.616878346560334,20.272777416667253
tt_stress_a2_to_3_p1500ps,x4.mp2,VBS,0.0,0.0,5e-05,5e-05
tt_stress_a2_to_3_p1500ps,x4.mn2,VGS,-0.055891123999653236,1.9047284141038925,20.2267774166672,16.58435279573315
tt_stress_a2_to_3_p1500ps,x4.mn2,VGD,-1.854022700325554,1.9022189735904325,20.2267774166672,16.58435279573315
tt_stress_a2_to_3_p1500ps,x4.mn2,VDS,-0.03361624853759003,1.8290567446592734,16.616878346560334,20.272777416667253
tt_stress_a2_to_3_p1500ps,x4.mn2,VBS,0.0,0.0,5e-05,5e-05
tt_stress_a2_to_3_p1500ps,x5.mp1,VGS,-1.8441043293503832,0.02953721403566556,5.050671577051273,10.135042785878921
tt_stress_a2_to_3_p1500ps,x5.mp1,VGD,-1.8406579955034923,1.8294501608835856,5.051671577051273,10.135042785878921
tt_stress_a2_to_3_p1500ps,x5.mp1,VDS,-1.8554605842900822,0.10353210832325965,10.22395834110671,5.0871358876834885
tt_stress_a2_to_3_p1500ps,x5.mp1,VBS,0.0,0.0,5e-05,5e-05
tt_stress_a2_to_3_p1500ps,x5.mn1,VGS,-0.04410432935038303,1.8295372140356656,5.050671577051273,10.135042785878921
tt_stress_a2_to_3_p1500ps,x5.mn1,VGD,-1.8406579955034923,1.8294501608835856,5.051671577051273,10.135042785878921
tt_stress_a2_to_3_p1500ps,x5.mn1,VDS,-0.05546058429008217,1.9035321083232597,10.22395834110671,5.0871358876834885
tt_stress_a2_to_3_p1500ps,x5.mn1,VBS,0.0,0.0,5e-05,5e-05
tt_stress_a2_to_3_p1500ps,x5.mp2,VGS,-1.8554605842900822,0.10353210832325965,10.22395834110671,5.0871358876834885
tt_stress_a2_to_3_p1500ps,x5.mp2,VGD,-1.853603248140747,1.9010626792193448,10.22395834110671,5.0871358876834885
tt_stress_a2_to_3_p1500ps,x5.mp2,VDS,-1.8335869974184298,0.029050890250229333,5.120237645085541,10.270958341106686
tt_stress_a2_to_3_p1500ps,x5.mp2,VBS,0.0,0.0,5e-05,5e-05
tt_stress_a2_to_3_p1500ps,x5.mn2,VGS,-0.05546058429008217,1.9035321083232597,10.22395834110671,5.0871358876834885
tt_stress_a2_to_3_p1500ps,x5.mn2,VGD,-1.853603248140747,1.9010626792193448,10.22395834110671,5.0871358876834885
tt_stress_a2_to_3_p1500ps,x5.mn2,VDS,-0.03358699741842983,1.8290508902502294,5.120237645085541,10.270958341106686
tt_stress_a2_to_3_p1500ps,x5.mn2,VBS,0.0,0.0,5e-05,5e-05
tt_stress_a3_to_0_p1500ps,x1.m1,VGS,-1.8,0.0,15.364082942535,5e-05
tt_stress_a3_to_0_p1500ps,x1.m1,VGD,-1.8998894720602983,1.8658975660477697,20.172505044397187,5.015458172905743
tt_stress_a3_to_0_p1500ps,x1.m1,VDS,-1.8658975660477697,0.0998894720602983,5.015458172905743,20.172505044397187
tt_stress_a3_to_0_p1500ps,x1.m1,VBS,0.0,0.0,5e-05,5e-05
tt_stress_a3_to_0_p1500ps,x1.m2,VGS,0.0,1.8,15.364082942535,5e-05
tt_stress_a3_to_0_p1500ps,x1.m2,VGD,-1.8998894720602983,1.8658975660477697,20.172505044397187,5.015458172905743
tt_stress_a3_to_0_p1500ps,x1.m2,VDS,-0.06589756604776967,1.8998894720602983,5.015458172905743,20.172505044397187
tt_stress_a3_to_0_p1500ps,x1.m2,VBS,0.0,0.0,5e-05,5e-05
tt_stress_a3_to_0_p1500ps,x1.m3,VGS,-1.8,0.0,15.364082942535,5e-05
tt_stress_a3_to_0_p1500ps,x1.m3,VGD,-1.8554581369350487,1.8265115747535676,20.16750504439718,5.0218673921895585
tt_stress_a3_to_0_p1500ps,x1.m3,VDS,-1.8265115747535676,0.05545813693504864,5.0218673921895585,20.16750504439718
tt_stress_a3_to_0_p1500ps,x1.m3,VBS,0.0,0.0,5e-05,5e-05
tt_stress_a3_to_0_p1500ps,x1.m4,VGS,0.0,1.8,15.364082942535,5e-05
tt_stress_a3_to_0_p1500ps,x1.m4,VGD,-1.8554581369350487,1.8265115747535676,20.16750504439718,5.0218673921895585
tt_stress_a3_to_0_p1500ps,x1.m4,VDS,-0.026511574753567597,1.8554581369350487,5.0218673921895585,20.16750504439718
tt_stress_a3_to_0_p1500ps,x1.m4,VBS,0.0,0.0,5e-05,5e-05
tt_stress_a3_to_0_p1500ps,x1.m5,VGS,-1.8,0.0,5e-05,5.0125
tt_stress_a3_to_0_p1500ps,x1.m5,VGD,-1.8173216884896113,1.7999999928722346,15.43205046557855,17.820597590687935
tt_stress_a3_to_0_p1500ps,x1.m5,VDS,-1.834588348682058,0.07573754755532813,20.004932642747953,16.515125068783682
tt_stress_a3_to_0_p1500ps,x1.m5,VBS,0.0,0.0,5e-05,5e-05
tt_stress_a3_to_0_p1500ps,x1.m6,VGS,-0.019247501073096605,1.8466595371670187,15.322009007134819,20.008932642747958
tt_stress_a3_to_0_p1500ps,x1.m6,VGD,-1.898889844345181,1.8260239515342005,5.0218673921895585,20.004932642747953
tt_stress_a3_to_0_p1500ps,x1.m6,VDS,1.6104965992955316e-08,1.8838195151320252,17.74859759068785,5.017867392189557
tt_stress_a3_to_0_p1500ps,x1.m6,VBS,-1.1254459995949784,0.05518658866723887,25.0,20.007932642747956
tt_stress_a3_to_0_p1500ps,x1.m7,VGS,-1.166007651458975,1.859082166557073,4.999310715919542,20.012500000000003
tt_stress_a3_to_0_p1500ps,x1.m7,VGD,-0.05552338011103242,1.834284934857157,5.014751963863396,20.007932642747956
tt_stress_a3_to_0_p1500ps,x1.m7,VDS,-1.1711502425672373,0.5293173796353927,4.999310715919542,16.513541591132167
tt_stress_a3_to_0_p1500ps,x1.m7,VBS,-1.182555092426299,0.07940433817446893,15.431050465578549,20.00993264274796
tt_stress_a3_to_0_p1500ps,x1.m8,VGS,0.0,1.8,5e-05,5.0125
tt_stress_a3_to_0_p1500ps,x1.m8,VGD,-1.182555092426299,1.8000000456975862,15.431050465578549,5.421607108746151
tt_stress_a3_to_0_p1500ps,x1.m8,VDS,-0.07940433817446893,1.182555092426299,20.00993264274796,15.431050465578549
tt_stress_a3_to_0_p1500ps,x1.m8,VBS,0.0,0.0,5e-05,5e-05
tt_stress_a3_to_0_p1500ps,x1.m9,VGS,-1.834588348682058,0.07573754755532813,20.004932642747953,16.515125068783682
tt_stress_a3_to_0_p1500ps,x1.m9,VGD,-1.829094788376308,1.8750791594117608,20.005932642747954,16.515125068783682
tt_stress_a3_to_0_p1500ps,x1.m9,VDS,-1.841822690735205,0.029360148376211592,16.551586167755797,20.133777416667098
tt_stress_a3_to_0_p1500ps,x1.m9,VBS,0.0,0.0,5e-05,5e-05
tt_stress_a3_to_0_p1500ps,x1.m10,VGS,-0.03458834868205786,1.8757375475553282,20.004932642747953,16.515125068783682
tt_stress_a3_to_0_p1500ps,x1.m10,VGD,-1.829094788376308,1.8750791594117608,20.005932642747954,16.515125068783682
tt_stress_a3_to_0_p1500ps,x1.m10,VDS,-0.04182269073520496,1.8293601483762116,16.551586167755797,20.133777416667098
tt_stress_a3_to_0_p1500ps,x1.m10,VBS,0.0,0.0,5e-05,5e-05
tt_stress_a3_to_0_p1500ps,x1.m11,VGS,-1.8,0.0,5e-05,5.0125
tt_stress_a3_to_0_p1500ps,x1.m11,VGD,-1.8161699263052558,-0.057621678067001136,15.428050465578545,19.9875
tt_stress_a3_to_0_p1500ps,x1.m11,VDS,-1.026990088185766,0.07367152732410265,0.00020095594031415293,5.1576071087460695
tt_stress_a3_to_0_p1500ps,x1.m11,VBS,0.0,0.0,5e-05,5e-05
tt_stress_a3_to_0_p1500ps,x1.m12,VGS,-1.0963611036382996,0.7068946225933295,15.32300900713482,15.816735501113605
tt_stress_a3_to_0_p1500ps,x1.m12,VGD,-1.8988872504980858,0.05615679891458947,5.0218673921895585,20.16662141285783
tt_stress_a3_to_0_p1500ps,x1.m12,VDS,0.5911080507583211,1.8965014944286125,25.0,9.997381779394477
tt_stress_a3_to_0_p1500ps,x1.m12,VBS,-1.2088487422529055,0.07570229258408365,25.0,10.012381779394468
tt_stress_a3_to_0_p1500ps,x1.m13,VGS,-1.1626135976603884,1.8677060122761378,16.49945068035521,10.012499999999998
tt_stress_a3_to_0_p1500ps,x1.m13,VGD,-1.2088462992222746,1.8686178189779086,25.0,10.013892035261938
tt_stress_a3_to_0_p1500ps,x1.m13,VDS,-0.09887432416278497,1.2610484322192028,4.999310715919542,20.01093264274796
tt_stress_a3_to_0_p1500ps,x1.m13,VBS,-1.182555092426299,0.07940433817446893,15.431050465578549,20.00993264274796
tt_stress_a3_to_0_p1500ps,x1.m14,VGS,-1.026990088185766,0.07367152732410265,0.00020095594031415293,5.1576071087460695
tt_stress_a3_to_0_p1500ps,x1.m14,VGD,0.004618293136353535,1.873671453000827,0.0006145936723301476,5.15860710874607
tt_stress_a3_to_0_p1500ps,x1.m14,VDS,-1.8035230171037124,-0.9966399035465259,10.00838177939447,0.004576276418960291
tt_stress_a3_to_0_p1500ps,x1.m14,VBS,0.0,0.0,5e-05,5e-05
tt_stress_a3_to_0_p1500ps,x1.m15,VGS,0.773009911814234,1.8736715273241027,0.00020095594031415293,5.1576071087460695
tt_stress_a3_to_0_p1500ps,x1.m15,VGD,0.004618293136353535,1.873671453000827,0.0006145936723301476,5.15860710874607
tt_stress_a3_to_0_p1500ps,x1.m15,VDS,-0.0035230171037124035,0.8033600964534742,10.00838177939447,0.004576276418960291
tt_stress_a3_to_0_p1500ps,x1.m15,VBS,0.0,0.0,5e-05,5e-05
tt_stress_a3_to_0_p1500ps,x1.m16,VGS,-1.8,0.0,5e-05,5.0125
tt_stress_a3_to_0_p1500ps,x1.m16,VGD,-1.8010353649935322,-0.0665583084427177,15.374050465578485,9.987500000000002
tt_stress_a3_to_0_p1500ps,x1.m16,VDS,-1.0390497076020375,0.07367710844243658,0.00020095594031415293,16.67859759068664
tt_stress_a3_to_0_p1500ps,x1.m16,VBS,0.0,0.0,5e-05,5e-05
tt_stress_a3_to_0_p1500ps,x1.m17,VGS,-1.2195753749480798,0.9791766890083249,15.743735501113523,0.04123160940600841
tt_stress_a3_to_0_p1500ps,x1.m17,VGD,-1.8865867956269164,0.5180125401179188,16.51758616775576,0.05723160940600846
tt_stress_a3_to_0_p1500ps,x1.m17,VDS,0.4211767575169132,1.896844831283272,0.06423160940600843,19.997932642747948
tt_stress_a3_to_0_p1500ps,x1.m17,VBS,-1.3664140744221938,0.07822901648196852,15.433050465578551,20.012500000000003
tt_stress_a3_to_0_p1500ps,x1.m18,VGS,-1.166007651458975,1.859082166557073,4.999310715919542,20.012500000000003
tt_stress_a3_to_0_p1500ps,x1.m18,VGD,-1.2447008400537714,1.8592093791738862,15.322009007134819,20.01342554327968
tt_stress_a3_to_0_p1500ps,x1.m18,VDS,-0.012869433910739136,1.2860487059076418,20.177505044397194,10.01038177939447
tt_stress_a3_to_0_p1500ps,x1.m18,VBS,-1.182555092426299,0.07940433817446893,15.431050465578549,20.00993264274796
tt_stress_a3_to_0_p1500ps,x1.m19,VGS,-1.0390497076020375,0.07367710844243658,0.00020095594031415293,16.67859759068664
tt_stress_a3_to_0_p1500ps,x1.m19,VGD,-0.0016954275952246745,1.8736770514927616,0.0006145936723301476,16.67959759068664
tt_stress_a3_to_0_p1500ps,x1.m19,VDS,-1.8035190624819144,-0.9920897461879574,20.008932642747958,0.005246321881201674
tt_stress_a3_to_0_p1500ps,x1.m19,VBS,0.0,0.0,5e-05,5e-05
tt_stress_a3_to_0_p1500ps,x1.m20,VGS,0.7609502923979625,1.8736771084424366,0.00020095594031415293,16.67859759068664
tt_stress_a3_to_0_p1500ps,x1.m20,VGD,-0.0016954275952246745,1.8736770514927616,0.0006145936723301476,16.67959759068664
tt_stress_a3_to_0_p1500ps,x1.m20,VDS,-0.0035190624819143646,0.8079102538120426,20.008932642747958,0.005246321881201674
tt_stress_a3_to_0_p1500ps,x1.m20,VBS,0.0,0.0,5e-05,5e-05
tt_stress_a3_to_0_p1500ps,x1.m21,VGS,-1.8,0.0,5e-05,5.0125
tt_stress_a3_to_0_p1500ps,x1.m21,VGD,-1.8007701126750213,1.8000002452602666,15.375050465578486,5.412607108746148
tt_stress_a3_to_0_p1500ps,x1.m21,VDS,-1.833960728395604,0.07633650436851691,10.004381779394473,5.015458172905743
tt_stress_a3_to_0_p1500ps,x1.m21,VBS,0.0,0.0,5e-05,5e-05
tt_stress_a3_to_0_p1500ps,x1.m22,VGS,-0.5124202085918956,1.8483674614534769,16.51858616775576,10.00938177939447
tt_stress_a3_to_0_p1500ps,x1.m22,VGD,-1.8866062860331532,1.8270873523009834,16.51758616775576,10.005381779394472
tt_stress_a3_to_0_p1500ps,x1.m22,VDS,-1.294308232258068e-07,1.3756502376877267,5.403607108746145,16.513978175287967
tt_stress_a3_to_0_p1500ps,x1.m22,VBS,-1.1563880368033568,0.05372136850439038,15.413050465578529,10.00838177939447
tt_stress_a3_to_0_p1500ps,x1.m23,VGS,-1.1626135976603884,1.8677060122761378,16.49945068035521,10.012499999999998
tt_stress_a3_to_0_p1500ps,x1.m23,VGD,-0.5269782229091862,1.841065505250485,16.511435414645767,10.00938177939447
tt_stress_a3_to_0_p1500ps,x1.m23,VDS,-0.6608109805917135,0.582944591339722,16.49945068035521,20.00993264274796
tt_stress_a3_to_0_p1500ps,x1.m23,VBS,-1.182555092426299,0.07940433817446893,15.431050465578549,20.00993264274796
tt_stress_a3_to_0_p1500ps,x1.m24,VGS,-1.833960728395604,0.07633650436851691,10.004381779394473,5.015458172905743
tt_stress_a3_to_0_p1500ps,x1.m24,VGD,-1.828602790612506,1.8756734599727707,10.006381779394472,5.015458172905743
tt_stress_a3_to_0_p1500ps,x1.m24,VDS,-1.8470987804678825,0.02915886872950524,5.050867392189567,10.136810853154072
tt_stress_a3_to_0_p1500ps,x1.m24,VBS,0.0,0.0,5e-05,5e-05
tt_stress_a3_to_0_p1500ps,x1.m25,VGS,-0.03396072839560407,1.876336504368517,10.004381779394473,5.015458172905743
tt_stress_a3_to_0_p1500ps,x1.m25,VGD,-1.828602790612506,1.8756734599727707,10.006381779394472,5.015458172905743
tt_stress_a3_to_0_p1500ps,x1.m25,VDS,-0.0470987804678823,1.8291588687295053,5.050867392189567,10.136810853154072
tt_stress_a3_to_0_p1500ps,x1.m25,VBS,0.0,0.0,5e-05,5e-05
tt_stress_a3_to_0_p1500ps,x1.m26,VGS,-1.8658975660477697,0.0998894720602983,5.015458172905743,20.172505044397187
tt_stress_a3_to_0_p1500ps,x1.m26,VGD,-1.824992463782398,1.8990798850730017,15.324009007134821,20.17350504439719
tt_stress_a3_to_0_p1500ps,x1.m26,VDS,-1.8287864177313224,0.05967320502361928,16.51319906691541,15.413050465578529
tt_stress_a3_to_0_p1500ps,x1.m26,VBS,0.0,0.0,5e-05,5e-05
tt_stress_a3_to_0_p1500ps,x1.m27,VGS,-0.06589756604776967,1.8998894720602983,5.015458172905743,20.172505044397187
tt_stress_a3_to_0_p1500ps,x1.m27,VGD,-1.824992463782398,1.8990798850730017,15.324009007134821,20.17350504439719
tt_stress_a3_to_0_p1500ps,x1.m27,VDS,-0.028786417731322296,1.8596732050236193,16.51319906691541,15.413050465578529
tt_stress_a3_to_0_p1500ps,x1.m27,VBS,0.0,0.0,5e-05,5e-05
tt_stress_a3_to_0_p1500ps,x1.m28,VGS,-1.8265115747535676,0.05545813693504864,5.0218673921895585,20.16750504439718
tt_stress_a3_to_0_p1500ps,x1.m28,VGD,-1.82497107901206,1.8550325906801237,15.324009007134821,20.168505044397183
tt_stress_a3_to_0_p1500ps,x1.m28,VDS,-1.8136299851189068,0.05647378693875349,16.51758616775576,15.413050465578529
tt_stress_a3_to_0_p1500ps,x1.m28,VBS,0.0,0.0,5e-05,5e-05
tt_stress_a3_to_0_p1500ps,x1.m29,VGS,-0.026511574753567597,1.8554581369350487,5.0218673921895585,20.16750504439718
tt_stress_a3_to_0_p1500ps,x1.m29,VGD,-1.82497107901206,1.8550325906801237,15.324009007134821,20.168505044397183
tt_stress_a3_to_0_p1500ps,x1.m29,VDS,-0.01362998511890684,1.8564737869387535,16.51758616775576,15.413050465578529
tt_stress_a3_to_0_p1500ps,x1.m29,VBS,0.0,0.0,5e-05,5e-05
tt_stress_a3_to_0_p1500ps,x2.mp1,VGS,-1.841822690735205,0.029360148376211592,16.551586167755797,20.133777416667098
tt_stress_a3_to_0_p1500ps,x2.mp1,VGD,-1.8386404367350453,1.8292775455913575,16.551586167755797,20.134777416667095
tt_stress_a3_to_0_p1500ps,x2.mp1,VDS,-1.8535672489701298,0.1032082534928287,20.22550504439725,16.588742125496616
tt_stress_a3_to_0_p1500ps,x2.mp1,VBS,0.0,0.0,5e-05,5e-05
tt_stress_a3_to_0_p1500ps,x2.mn1,VGS,-0.04182269073520496,1.8293601483762116,16.551586167755797,20.133777416667098
tt_stress_a3_to_0_p1500ps,x2.mn1,VGD,-1.8386404367350453,1.8292775455913575,16.551586167755797,20.134777416667095
tt_stress_a3_to_0_p1500ps,x2.mn1,VDS,-0.05356724897012972,1.9032082534928287,20.22550504439725,16.588742125496616
tt_stress_a3_to_0_p1500ps,x2.mn1,VBS,0.0,0.0,5e-05,5e-05
tt_stress_a3_to_0_p1500ps,x2.mp2,VGS,-1.8535672489701298,0.1032082534928287,20.22550504439725,16.588742125496616
tt_stress_a3_to_0_p1500ps,x2.mp2,VGD,-1.8517852743092622,1.9007887218603985,20.22550504439725,16.588742125496616
tt_stress_a3_to_0_p1500ps,x2.mp2,VDS,-1.8335938972457426,0.029019515832123588,16.621597590686573,20.272505044397302
tt_stress_a3_to_0_p1500ps,x2.mp2,VBS,0.0,0.0,5e-05,5e-05
tt_stress_a3_to_0_p1500ps,x2.mn2,VGS,-0.05356724897012972,1.9032082534928287,20.22550504439725,16.588742125496616
tt_stress_a3_to_0_p1500ps,x2.mn2,VGD,-1.8517852743092622,1.9007887218603985,20.22550504439725,16.588742125496616
tt_stress_a3_to_0_p1500ps,x2.mn2,VDS,-0.03359389724574249,1.8290195158321236,16.621597590686573,20.272505044397302
tt_stress_a3_to_0_p1500ps,x2.mn2,VBS,0.0,0.0,5e-05,5e-05
tt_stress_a3_to_0_p1500ps,x3.mp1,VGS,-1.8035230171037124,-0.9966399035465259,10.00838177939447,0.004576276418960291
tt_stress_a3_to_0_p1500ps,x3.mp1,VGD,-1.8031716453841595,0.015934337538077825,10.00938177939447,0.000431961326506061
tt_stress_a3_to_0_p1500ps,x3.mp1,VDS,-1.054143603127712,0.00039789569750348086,0.000264993033924348,4.994310715919541
tt_stress_a3_to_0_p1500ps,x3.mp1,VBS,0.0,0.0,5e-05,5e-05
tt_stress_a3_to_0_p1500ps,x3.mn1,VGS,-0.0035230171037124035,0.8033600964534742,10.00838177939447,0.004576276418960291
tt_stress_a3_to_0_p1500ps,x3.mn1,VGD,-1.8031716453841595,0.015934337538077825,10.00938177939447,0.000431961326506061
tt_stress_a3_to_0_p1500ps,x3.mn1,VDS,0.7458563968722881,1.8003978956975035,0.000264993033924348,4.994310715919541
tt_stress_a3_to_0_p1500ps,x3.mn1,VBS,0.0,0.0,5e-05,5e-05
tt_stress_a3_to_0_p1500ps,x3.mp2,VGS,-1.054143603127712,0.00039789569750348086,0.000264993033924348,4.994310715919541
tt_stress_a3_to_0_p1500ps,x3.mp2,VGD,0.7143609244943563,1.8003850312214364,0.000264993033924348,4.994310715919541
tt_stress_a3_to_0_p1500ps,x3.mp2,VDS,-1.800009947691703,-1.723347278540959,10.003381779394473,0.0382316094060084
tt_stress_a3_to_0_p1500ps,x3.mp2,VBS,0.0,0.0,5e-05,5e-05
tt_stress_a3_to_0_p1500ps,x3.mn2,VGS,0.7458563968722881,1.8003978956975035,0.000264993033924348,4.994310715919541
tt_stress_a3_to_0_p1500ps,x3.mn2,VGD,0.7143609244943563,1.8003850312214364,0.000264993033924348,4.994310715919541
tt_stress_a3_to_0_p1500ps,x3.mn2,VDS,-9.947691703041271e-06,0.0766527214590412,10.003381779394473,0.0382316094060084
tt_stress_a3_to_0_p1500ps,x3.mn2,VBS,0.0,0.0,5e-05,5e-05
tt_stress_a3_to_0_p1500ps,x4.mp1,VGS,-1.8470987804678825,0.02915886872950524,5.050867392189567,10.136810853154072
tt_stress_a3_to_0_p1500ps,x4.mp1,VGD,-1.8433678076312285,1.8290729779371777,5.050867392189567,10.137810853154072
tt_stress_a3_to_0_p1500ps,x4.mp1,VDS,-1.8558815367000838,0.10473960932828308,10.226810853154026,5.085297860219187
tt_stress_a3_to_0_p1500ps,x4.mp1,VBS,0.0,0.0,5e-05,5e-05
tt_stress_a3_to_0_p1500ps,x4.mn1,VGS,-0.0470987804678823,1.8291588687295053,5.050867392189567,10.136810853154072
tt_stress_a3_to_0_p1500ps,x4.mn1,VGD,-1.8433678076312285,1.8290729779371777,5.050867392189567,10.137810853154072
tt_stress_a3_to_0_p1500ps,x4.mn1,VDS,-0.05588153670008382,1.9047396093282831,10.226810853154026,5.085297860219187
tt_stress_a3_to_0_p1500ps,x4.mn1,VBS,0.0,0.0,5e-05,5e-05
tt_stress_a3_to_0_p1500ps,x4.mp2,VGS,-1.8558815367000838,0.10473960932828308,10.226810853154026,5.085297860219187
tt_stress_a3_to_0_p1500ps,x4.mp2,VGD,-1.854013742687878,1.9022256192002405,10.226810853154026,5.085297860219187
tt_stress_a3_to_0_p1500ps,x4.mp2,VDS,-1.833640920652196,0.029056877052418884,5.118607108746057,10.272810853154002
tt_stress_a3_to_0_p1500ps,x4.mp2,VBS,0.0,0.0,5e-05,5e-05
tt_stress_a3_to_0_p1500ps,x4.mn2,VGS,-0.05588153670008382,1.9047396093282831,10.226810853154026,5.085297860219187
tt_stress_a3_to_0_p1500ps,x4.mn2,VGD,-1.854013742687878,1.9022256192002405,10.226810853154026,5.085297860219187
tt_stress_a3_to_0_p1500ps,x4.mn2,VDS,-0.033640920652195885,1.829056877052419,5.118607108746057,10.272810853154002
tt_stress_a3_to_0_p1500ps,x4.mn2,VBS,0.0,0.0,5e-05,5e-05
tt_stress_a3_to_0_p1500ps,x5.mp1,VGS,-1.8035190624819144,-0.9920897461879574,20.008932642747958,0.005246321881201674
tt_stress_a3_to_0_p1500ps,x5.mp1,VGD,-1.8031683056398062,0.01175722452305239,20.00993264274796,0.000431961326506061
tt_stress_a3_to_0_p1500ps,x5.mp1,VDS,-1.0545322166162108,0.00039840038726479676,0.000264993033924348,4.994310715919541
tt_stress_a3_to_0_p1500ps,x5.mp1,VBS,0.0,0.0,5e-05,5e-05
tt_stress_a3_to_0_p1500ps,x5.mn1,VGS,-0.0035190624819143646,0.8079102538120426,20.008932642747958,0.005246321881201674
tt_stress_a3_to_0_p1500ps,x5.mn1,VGD,-1.8031683056398062,0.01175722452305239,20.00993264274796,0.000431961326506061
tt_stress_a3_to_0_p1500ps,x5.mn1,VDS,0.7454677833837894,1.8003984003872648,0.000264993033924348,4.994310715919541
tt_stress_a3_to_0_p1500ps,x5.mn1,VBS,0.0,0.0,5e-05,5e-05
tt_stress_a3_to_0_p1500ps,x5.mp2,VGS,-1.0545322166162108,0.00039840038726479676,0.000264993033924348,4.994310715919541
tt_stress_a3_to_0_p1500ps,x5.mp2,VGD,0.7139792087803964,1.800385520552297,0.000264993033924348,4.994310715919541
tt_stress_a3_to_0_p1500ps,x5.mp2,VDS,-1.8000099221984085,-1.7230561337512127,20.00393264274795,0.0372316094060084
tt_stress_a3_to_0_p1500ps,x5.mp2,VBS,0.0,0.0,5e-05,5e-05
tt_stress_a3_to_0_p1500ps,x5.mn2,VGS,0.7454677833837894,1.8003984003872648,0.000264993033924348,4.994310715919541
tt_stress_a3_to_0_p1500ps,x5.mn2,VGD,0.7139792087803964,1.800385520552297,0.000264993033924348,4.994310715919541
tt_stress_a3_to_0_p1500ps,x5.mn2,VDS,-9.922198408429867e-06,0.07694386624878731,20.00393264274795,0.0372316094060084
tt_stress_a3_to_0_p1500ps,x5.mn2,VBS,0.0,0.0,5e-05,5e-05
tt_stress_a3_to_1_p1500ps,x1.m1,VGS,0.0,0.0,5e-05,5e-05
tt_stress_a3_to_1_p1500ps,x1.m1,VGD,1.1258022683198459,1.8658975660477697,0.0009905104706188998,5.015458172905743
tt_stress_a3_to_1_p1500ps,x1.m1,VDS,-1.8658975660477697,-1.1258022683198459,5.015458172905743,0.0009905104706188998
tt_stress_a3_to_1_p1500ps,x1.m1,VBS,0.0,0.0,5e-05,5e-05
tt_stress_a3_to_1_p1500ps,x1.m2,VGS,1.8,1.8,5e-05,5e-05
tt_stress_a3_to_1_p1500ps,x1.m2,VGD,1.1258022683198459,1.8658975660477697,0.0009905104706188998,5.015458172905743
tt_stress_a3_to_1_p1500ps,x1.m2,VDS,-0.06589756604776967,0.6741977316801542,5.015458172905743,0.0009905104706188998
tt_stress_a3_to_1_p1500ps,x1.m2,VBS,0.0,0.0,5e-05,5e-05
tt_stress_a3_to_1_p1500ps,x1.m3,VGS,-1.8,0.0,15.364082942535,5e-05
tt_stress_a3_to_1_p1500ps,x1.m3,VGD,-1.8551229120253465,1.8265115747535676,20.17159390515579,5.0218673921895585
tt_stress_a3_to_1_p1500ps,x1.m3,VDS,-1.8265115747535676,0.05512291202534647,5.0218673921895585,20.17159390515579
tt_stress_a3_to_1_p1500ps,x1.m3,VBS,0.0,0.0,5e-05,5e-05
tt_stress_a3_to_1_p1500ps,x1.m4,VGS,0.0,1.8,15.364082942535,5e-05
tt_stress_a3_to_1_p1500ps,x1.m4,VGD,-1.8551229120253465,1.8265115747535676,20.17159390515579,5.0218673921895585
tt_stress_a3_to_1_p1500ps,x1.m4,VDS,-0.026511574753567597,1.8551229120253465,5.0218673921895585,20.17159390515579
tt_stress_a3_to_1_p1500ps,x1.m4,VBS,0.0,0.0,5e-05,5e-05
tt_stress_a3_to_1_p1500ps,x1.m5,VGS,-1.8,0.0,5e-05,5.0125
tt_stress_a3_to_1_p1500ps,x1.m5,VGD,-1.8177728134608953,-0.055127193736898894,15.42507749106107,19.9875
tt_stress_a3_to_1_p1500ps,x1.m5,VDS,-1.0273102155749738,0.0736115910564501,0.00020095594031415293,5.147607108746066
tt_stress_a3_to_1_p1500ps,x1.m5,VBS,0.0,0.0,5e-05,5e-05
tt_stress_a3_to_1_p1500ps,x1.m6,VGS,-0.0226970063778624,0.8178780800100804,15.322005771765829,15.57693739673938
tt_stress_a3_to_1_p1500ps,x1.m6,VGD,-1.898889844345181,0.05586259085292755,5.0218673921895585,20.17059390515579
tt_stress_a3_to_1_p1500ps,x1.m6,VDS,0.5641335573275021,1.8838195151320252,5e-05,5.017867392189557
tt_stress_a3_to_1_p1500ps,x1.m6,VBS,-1.2080169308773472,0.011246178504765638,25.0,5.0188673921895575
tt_stress_a3_to_1_p1500ps,x1.m7,VGS,-1.166007651458975,0.5552772949818549,4.999310715919542,0.0009905104706188998
tt_stress_a3_to_1_p1500ps,x1.m7,VGD,-1.208003059064219,0.46489971744236935,25.0,0.0011387999940211818
tt_stress_a3_to_1_p1500ps,x1.m7,VDS,-1.1711502425672373,1.2567569951118518,4.999310715919542,20.00995518431427
tt_stress_a3_to_1_p1500ps,x1.m7,VBS,-1.1723999541063863,0.07755532046747235,4.999310715919542,20.00995518431427
tt_stress_a3_to_1_p1500ps,x1.m8,VGS,0.0,1.8,5e-05,5.0125
tt_stress_a3_to_1_p1500ps,x1.m8,VGD,-1.0835313253658876,1.8000000456975862,15.453937396739242,5.421607108746151
tt_stress_a3_to_1_p1500ps,x1.m8,VDS,-0.07755532046747235,1.1723999541063863,20.00995518431427,4.999310715919542
tt_stress_a3_to_1_p1500ps,x1.m8,VBS,0.0,0.0,5e-05,5e-05
tt_stress_a3_to_1_p1500ps,x1.m9,VGS,-1.0273102155749738,0.0736115910564501,0.00020095594031415293,5.147607108746066
tt_stress_a3_to_1_p1500ps,x1.m9,VGD,0.004259037718439829,1.8736114921603084,0.0006145936723301476,5.1486071087460665
tt_stress_a3_to_1_p1500ps,x1.m9,VDS,-1.8035242426725502,-0.9964127622221461,10.00838177939447,0.004576276418960291
tt_stress_a3_to_1_p1500ps,x1.m9,VBS,0.0,0.0,5e-05,5e-05
tt_stress_a3_to_1_p1500ps,x1.m10,VGS,0.7726897844250261,1.8736115910564501,0.00020095594031415293,5.147607108746066
tt_stress_a3_to_1_p1500ps,x1.m10,VGD,0.004259037718439829,1.8736114921603084,0.0006145936723301476,5.1486071087460665
tt_stress_a3_to_1_p1500ps,x1.m10,VDS,-0.0035242426725500438,0.8035872377778539,10.00838177939447,0.004576276418960291
tt_stress_a3_to_1_p1500ps,x1.m10,VBS,0.0,0.0,5e-05,5e-05
tt_stress_a3_to_1_p1500ps,x1.m11,VGS,-1.8,0.0,5e-05,5.0125
tt_stress_a3_to_1_p1500ps,x1.m11,VGD,-1.8160516960279267,1.800000062961923,15.429077491061074,17.635115557854103
tt_stress_a3_to_1_p1500ps,x1.m11,VDS,-1.8342361803737168,0.07871923593978436,20.004955184314262,16.51623776543794
tt_stress_a3_to_1_p1500ps,x1.m11,VBS,0.0,0.0,5e-05,5e-05
tt_stress_a3_to_1_p1500ps,x1.m12,VGS,-1.0965331964651879,1.8455523116877708,15.322005771765829,20.008955184314267
tt_stress_a3_to_1_p1500ps,x1.m12,VGD,-1.8988872504980858,1.8257422790286253,5.0218673921895585,20.004955184314262
tt_stress_a3_to_1_p1500ps,x1.m12,VDS,2.833743684149681e-09,1.8965014944286125,17.643115557854113,9.997381779394477
tt_stress_a3_to_1_p1500ps,x1.m12,VBS,-1.3403386020564843,0.07570229258408365,15.65593739673947,10.012381779394468
tt_stress_a3_to_1_p1500ps,x1.m13,VGS,0.08362540244340595,1.8678287728340524,5e-05,20.012500000000003
tt_stress_a3_to_1_p1500ps,x1.m13,VGD,0.032619008753105305,1.8686178189779086,5e-05,10.013892035261938
tt_stress_a3_to_1_p1500ps,x1.m13,VDS,-0.09887432416278497,0.6321033158342331,4.999310715919542,16.513015428701433
tt_stress_a3_to_1_p1500ps,x1.m13,VBS,-1.1723999541063863,0.07755532046747235,4.999310715919542,20.00995518431427
tt_stress_a3_to_1_p1500ps,x1.m14,VGS,-1.8342361803737168,0.07871923593978436,20.004955184314262,16.51623776543794
tt_stress_a3_to_1_p1500ps,x1.m14,VGD,-1.8287962371620228,1.8778823310564479,20.005955184314264,16.516946221252667
tt_stress_a3_to_1_p1500ps,x1.m14,VDS,-1.8443432320811193,0.028984534805255757,16.55167294395332,20.136777416667098
tt_stress_a3_to_1_p1500ps,x1.m14,VBS,0.0,0.0,5e-05,5e-05
tt_stress_a3_to_1_p1500ps,x1.m15,VGS,-0.03423618037371687,1.8787192359397844,20.004955184314262,16.51623776543794
tt_stress_a3_to_1_p1500ps,x1.m15,VGD,-1.8287962371620228,1.8778823310564479,20.005955184314264,16.516946221252667
tt_stress_a3_to_1_p1500ps,x1.m15,VDS,-0.04434323208111917,1.8289845348052558,16.55167294395332,20.136777416667098
tt_stress_a3_to_1_p1500ps,x1.m15,VBS,0.0,0.0,5e-05,5e-05
tt_stress_a3_to_1_p1500ps,x1.m16,VGS,-1.8,0.0,5e-05,5.0125
tt_stress_a3_to_1_p1500ps,x1.m16,VGD,-1.801281556593049,-0.0665583084427177,15.379077491061018,9.987500000000002
tt_stress_a3_to_1_p1500ps,x1.m16,VDS,-1.0390497076020375,0.07362471089871248,0.00020095594031415293,16.655115557852994
tt_stress_a3_to_1_p1500ps,x1.m16,VBS,0.0,0.0,5e-05,5e-05
tt_stress_a3_to_1_p1500ps,x1.m17,VGS,-0.9019495537011027,0.9791766890083249,16.570790486723023,0.04123160940600841
tt_stress_a3_to_1_p1500ps,x1.m17,VGD,-1.8862365508787873,0.5180125401179188,16.517741566461485,0.05723160940600846
tt_stress_a3_to_1_p1500ps,x1.m17,VDS,0.4211767575169132,0.9851626757598302,0.06423160940600843,16.51623776543794
tt_stress_a3_to_1_p1500ps,x1.m17,VBS,-1.2356862812774922,-0.14722429048324698,15.414077491061057,8.207839679693183e-05
tt_stress_a3_to_1_p1500ps,x1.m18,VGS,-1.166007651458975,0.5552772949818549,4.999310715919542,0.0009905104706188998
tt_stress_a3_to_1_p1500ps,x1.m18,VGD,-1.2349472909068084,0.4971031942510347,5.01419081353854,0.0009905104706188998
tt_stress_a3_to_1_p1500ps,x1.m18,VDS,-0.2497958881977448,1.2860487059076418,16.49910587465338,10.01038177939447
tt_stress_a3_to_1_p1500ps,x1.m18,VBS,-1.1723999541063863,0.07755532046747235,4.999310715919542,20.00995518431427
tt_stress_a3_to_1_p1500ps,x1.m19,VGS,-1.0390497076020375,0.07362471089871248,0.00020095594031415293,16.655115557852994
tt_stress_a3_to_1_p1500ps,x1.m19,VGD,-0.0016954275952246745,1.8736246485519272,0.0006145936723301476,16.656115557852996
tt_stress_a3_to_1_p1500ps,x1.m19,VDS,-1.8035201463334127,-0.9920897461879574,20.008955184314267,0.005246321881201674
tt_stress_a3_to_1_p1500ps,x1.m19,VBS,0.0,0.0,5e-05,5e-05
tt_stress_a3_to_1_p1500ps,x1.m20,VGS,0.7609502923979625,1.8736247108987125,0.00020095594031415293,16.655115557852994
tt_stress_a3_to_1_p1500ps,x1.m20,VGD,-0.0016954275952246745,1.8736246485519272,0.0006145936723301476,16.656115557852996
tt_stress_a3_to_1_p1500ps,x1.m20,VDS,-0.0035201463334126677,0.8079102538120426,20.008955184314267,0.005246321881201674
tt_stress_a3_to_1_p1500ps,x1.m20,VBS,0.0,0.0,5e-05,5e-05
tt_stress_a3_to_1_p1500ps,x1.m21,VGS,-1.8,0.0,5e-05,5.0125
tt_stress_a3_to_1_p1500ps,x1.m21,VGD,-1.8007619837246631,1.8000002452602666,15.374077491061012,5.412607108746148
tt_stress_a3_to_1_p1500ps,x1.m21,VDS,-1.833960728395604,0.07633650436851691,10.004381779394473,5.015458172905743
tt_stress_a3_to_1_p1500ps,x1.m21,VBS,0.0,0.0,5e-05,5e-05
tt_stress_a3_to_1_p1500ps,x1.m22,VGS,-1.0722819504308307,1.8483674614534769,25.0,10.00938177939447
tt_stress_a3_to_1_p1500ps,x1.m22,VGD,-1.8862199757134688,1.8270873523009834,16.517741566461485,10.005381779394472
tt_stress_a3_to_1_p1500ps,x1.m22,VDS,-1.294308232258068e-07,1.896500865816886,5.403607108746145,19.997955184314254
tt_stress_a3_to_1_p1500ps,x1.m22,VBS,-1.1434435728777324,0.0758297234528824,15.41607749106106,20.012500000000003
tt_stress_a3_to_1_p1500ps,x1.m23,VGS,0.08362540244340595,1.8678287728340524,5e-05,20.012500000000003
tt_stress_a3_to_1_p1500ps,x1.m23,VGD,0.09522782091924356,1.8686925205001954,5e-05,20.014102205891675
tt_stress_a3_to_1_p1500ps,x1.m23,VDS,-0.17533732711963723,0.5564038913561363,15.492937396739286,5.013337742974365
tt_stress_a3_to_1_p1500ps,x1.m23,VBS,-1.1723999541063863,0.07755532046747235,4.999310715919542,20.00995518431427
tt_stress_a3_to_1_p1500ps,x1.m24,VGS,-1.833960728395604,0.07633650436851691,10.004381779394473,5.015458172905743
tt_stress_a3_to_1_p1500ps,x1.m24,VGD,-1.828602790612506,1.8756734599727707,10.006381779394472,5.015458172905743
tt_stress_a3_to_1_p1500ps,x1.m24,VDS,-1.8470987804678825,0.02915886872950524,5.050867392189567,10.136810853154072
tt_stress_a3_to_1_p1500ps,x1.m24,VBS,0.0,0.0,5e-05,5e-05
tt_stress_a3_to_1_p1500ps,x1.m25,VGS,-0.03396072839560407,1.876336504368517,10.004381779394473,5.015458172905743
tt_stress_a3_to_1_p1500ps,x1.m25,VGD,-1.828602790612506,1.8756734599727707,10.006381779394472,5.015458172905743
tt_stress_a3_to_1_p1500ps,x1.m25,VDS,-0.0470987804678823,1.8291588687295053,5.050867392189567,10.136810853154072
tt_stress_a3_to_1_p1500ps,x1.m25,VBS,0.0,0.0,5e-05,5e-05
tt_stress_a3_to_1_p1500ps,x1.m26,VGS,-1.8658975660477697,-1.1258022683198459,5.015458172905743,0.0009905104706188998
tt_stress_a3_to_1_p1500ps,x1.m26,VGD,-1.8175025191636842,0.3366148620114231,20.09177741666705,5.5193623121507814e-05
tt_stress_a3_to_1_p1500ps,x1.m26,VDS,-1.6104095549831396,0.023996940377544185,5e-05,20.077777416667033
tt_stress_a3_to_1_p1500ps,x1.m26,VBS,0.0,0.0,5e-05,5e-05
tt_stress_a3_to_1_p1500ps,x1.m27,VGS,-0.06589756604776967,0.6741977316801542,5.015458172905743,0.0009905104706188998
tt_stress_a3_to_1_p1500ps,x1.m27,VGD,-1.8175025191636842,0.3366148620114231,20.09177741666705,5.5193623121507814e-05
tt_stress_a3_to_1_p1500ps,x1.m27,VDS,0.18959044501686045,1.8239969403775442,5e-05,20.077777416667033
tt_stress_a3_to_1_p1500ps,x1.m27,VBS,0.0,0.0,5e-05,5e-05
tt_stress_a3_to_1_p1500ps,x1.m28,VGS,-1.8265115747535676,0.05512291202534647,5.0218673921895585,20.17159390515579
tt_stress_a3_to_1_p1500ps,x1.m28,VGD,-1.8249424409338237,1.8547144767322556,15.324005771765831,20.173593905155794
tt_stress_a3_to_1_p1500ps,x1.m28,VDS,-1.813234284399492,0.05424518517612831,16.517741566461485,15.414077491061057
tt_stress_a3_to_1_p1500ps,x1.m28,VBS,0.0,0.0,5e-05,5e-05
tt_stress_a3_to_1_p1500ps,x1.m29,VGS,-0.026511574753567597,1.8551229120253465,5.0218673921895585,20.17159390515579
tt_stress_a3_to_1_p1500ps,x1.m29,VGD,-1.8249424409338237,1.8547144767322556,15.324005771765831,20.173593905155794
tt_stress_a3_to_1_p1500ps,x1.m29,VDS,-0.013234284399491925,1.8542451851761284,16.517741566461485,15.414077491061057
tt_stress_a3_to_1_p1500ps,x1.m29,VBS,0.0,0.0,5e-05,5e-05
tt_stress_a3_to_1_p1500ps,x2.mp1,VGS,-1.8035242426725502,-0.9964127622221461,10.00838177939447,0.004576276418960291
tt_stress_a3_to_1_p1500ps,x2.mp1,VGD,-1.803172365207714,0.015732827488653678,10.00938177939447,0.000431961326506061
tt_stress_a3_to_1_p1500ps,x2.mp1,VDS,-1.0541526923222944,0.00039802528723131836,0.000264993033924348,16.494105874653375
tt_stress_a3_to_1_p1500ps,x2.mp1,VBS,0.0,0.0,5e-05,5e-05
tt_stress_a3_to_1_p1500ps,x2.mn1,VGS,-0.0035242426725500438,0.8035872377778539,10.00838177939447,0.004576276418960291
tt_stress_a3_to_1_p1500ps,x2.mn1,VGD,-1.803172365207714,0.015732827488653678,10.00938177939447,0.000431961326506061
tt_stress_a3_to_1_p1500ps,x2.mn1,VDS,0.7458473076777057,1.8003980252872314,0.000264993033924348,16.494105874653375
tt_stress_a3_to_1_p1500ps,x2.mn1,VBS,0.0,0.0,5e-05,5e-05
tt_stress_a3_to_1_p1500ps,x2.mp2,VGS,-1.0541526923222944,0.00039802528723131836,0.000264993033924348,16.494105874653375
tt_stress_a3_to_1_p1500ps,x2.mp2,VGD,0.7143519440966941,1.8003850669148254,0.000264993033924348,16.494105874653375
tt_stress_a3_to_1_p1500ps,x2.mp2,VDS,-1.8000099517414274,-1.7233327221260821,10.003381779394473,0.0382316094060084
tt_stress_a3_to_1_p1500ps,x2.mp2,VBS,0.0,0.0,5e-05,5e-05
tt_stress_a3_to_1_p1500ps,x2.mn2,VGS,0.7458473076777057,1.8003980252872314,0.000264993033924348,16.494105874653375
tt_stress_a3_to_1_p1500ps,x2.mn2,VGD,0.7143519440966941,1.8003850669148254,0.000264993033924348,16.494105874653375
tt_stress_a3_to_1_p1500ps,x2.mn2,VDS,-9.951741427316094e-06,0.07666727787391797,10.003381779394473,0.0382316094060084
tt_stress_a3_to_1_p1500ps,x2.mn2,VBS,0.0,0.0,5e-05,5e-05
tt_stress_a3_to_1_p1500ps,x3.mp1,VGS,-1.8443432320811193,0.028984534805255757,16.55167294395332,20.136777416667098
tt_stress_a3_to_1_p1500ps,x3.mp1,VGD,-1.840900061073656,1.8288990120251385,16.55167294395332,20.136777416667098
tt_stress_a3_to_1_p1500ps,x3.mp1,VDS,-1.854176052352969,0.10415774825183544,20.227593905155857,16.586790486723043
tt_stress_a3_to_1_p1500ps,x3.mp1,VBS,0.0,0.0,5e-05,5e-05
tt_stress_a3_to_1_p1500ps,x3.mn1,VGS,-0.04434323208111917,1.8289845348052558,16.55167294395332,20.136777416667098
tt_stress_a3_to_1_p1500ps,x3.mn1,VGD,-1.840900061073656,1.8288990120251385,16.55167294395332,20.136777416667098
tt_stress_a3_to_1_p1500ps,x3.mn1,VDS,-0.05417605235296878,1.9041577482518355,20.227593905155857,16.586790486723043
tt_stress_a3_to_1_p1500ps,x3.mn1,VBS,0.0,0.0,5e-05,5e-05
tt_stress_a3_to_1_p1500ps,x3.mp2,VGS,-1.854176052352969,0.10415774825183544,20.227593905155857,16.586790486723043
tt_stress_a3_to_1_p1500ps,x3.mp2,VGD,-1.852371407192044,1.9016264898915212,20.227593905155857,16.586790486723043
tt_stress_a3_to_1_p1500ps,x3.mp2,VDS,-1.833645270504949,0.029038501632212332,16.620115557852955,20.274593905155907
tt_stress_a3_to_1_p1500ps,x3.mp2,VBS,0.0,0.0,5e-05,5e-05
tt_stress_a3_to_1_p1500ps,x3.mn2,VGS,-0.05417605235296878,1.9041577482518355,20.227593905155857,16.586790486723043
tt_stress_a3_to_1_p1500ps,x3.mn2,VGD,-1.852371407192044,1.9016264898915212,20.227593905155857,16.586790486723043
tt_stress_a3_to_1_p1500ps,x3.mn2,VDS,-0.03364527050494904,1.8290385016322124,16.620115557852955,20.274593905155907
tt_stress_a3_to_1_p1500ps,x3.mn2,VBS,0.0,0.0,5e-05,5e-05
tt_stress_a3_to_1_p1500ps,x4.mp1,VGS,-1.8470987804678825,0.02915886872950524,5.050867392189567,10.136810853154072
tt_stress_a3_to_1_p1500ps,x4.mp1,VGD,-1.8433678076312285,1.8290729779371777,5.050867392189567,10.137810853154072
tt_stress_a3_to_1_p1500ps,x4.mp1,VDS,-1.8558815367000838,0.10473960932828308,10.226810853154026,5.085297860219187
tt_stress_a3_to_1_p1500ps,x4.mp1,VBS,0.0,0.0,5e-05,5e-05
tt_stress_a3_to_1_p1500ps,x4.mn1,VGS,-0.0470987804678823,1.8291588687295053,5.050867392189567,10.136810853154072
tt_stress_a3_to_1_p1500ps,x4.mn1,VGD,-1.8433678076312285,1.8290729779371777,5.050867392189567,10.137810853154072
tt_stress_a3_to_1_p1500ps,x4.mn1,VDS,-0.05588153670008382,1.9047396093282831,10.226810853154026,5.085297860219187
tt_stress_a3_to_1_p1500ps,x4.mn1,VBS,0.0,0.0,5e-05,5e-05
tt_stress_a3_to_1_p1500ps,x4.mp2,VGS,-1.8558815367000838,0.10473960932828308,10.226810853154026,5.085297860219187
tt_stress_a3_to_1_p1500ps,x4.mp2,VGD,-1.854013742687878,1.9022256192002405,10.226810853154026,5.085297860219187
tt_stress_a3_to_1_p1500ps,x4.mp2,VDS,-1.833640920652196,0.029056877052418884,5.118607108746057,10.272810853154002
tt_stress_a3_to_1_p1500ps,x4.mp2,VBS,0.0,0.0,5e-05,5e-05
tt_stress_a3_to_1_p1500ps,x4.mn2,VGS,-0.05588153670008382,1.9047396093282831,10.226810853154026,5.085297860219187
tt_stress_a3_to_1_p1500ps,x4.mn2,VGD,-1.854013742687878,1.9022256192002405,10.226810853154026,5.085297860219187
tt_stress_a3_to_1_p1500ps,x4.mn2,VDS,-0.033640920652195885,1.829056877052419,5.118607108746057,10.272810853154002
tt_stress_a3_to_1_p1500ps,x4.mn2,VBS,0.0,0.0,5e-05,5e-05
tt_stress_a3_to_1_p1500ps,x5.mp1,VGS,-1.8035201463334127,-0.9920897461879574,20.008955184314267,0.005246321881201674
tt_stress_a3_to_1_p1500ps,x5.mp1,VGD,-1.803168894763973,0.01175722452305239,20.00995518431427,0.000431961326506061
tt_stress_a3_to_1_p1500ps,x5.mp1,VDS,-1.0545322166162108,0.00039840038726479676,0.000264993033924348,4.994310715919541
tt_stress_a3_to_1_p1500ps,x5.mp1,VBS,0.0,0.0,5e-05,5e-05
tt_stress_a3_to_1_p1500ps,x5.mn1,VGS,-0.0035201463334126677,0.8079102538120426,20.008955184314267,0.005246321881201674
tt_stress_a3_to_1_p1500ps,x5.mn1,VGD,-1.803168894763973,0.01175722452305239,20.00995518431427,0.000431961326506061
tt_stress_a3_to_1_p1500ps,x5.mn1,VDS,0.7454677833837894,1.8003984003872648,0.000264993033924348,4.994310715919541
tt_stress_a3_to_1_p1500ps,x5.mn1,VBS,0.0,0.0,5e-05,5e-05
tt_stress_a3_to_1_p1500ps,x5.mp2,VGS,-1.0545322166162108,0.00039840038726479676,0.000264993033924348,4.994310715919541
tt_stress_a3_to_1_p1500ps,x5.mp2,VGD,0.7139792087803964,1.800385520552297,0.000264993033924348,4.994310715919541
tt_stress_a3_to_1_p1500ps,x5.mp2,VDS,-1.800009925203115,-1.7230561337512127,20.00395518431426,0.0372316094060084
tt_stress_a3_to_1_p1500ps,x5.mp2,VBS,0.0,0.0,5e-05,5e-05
tt_stress_a3_to_1_p1500ps,x5.mn2,VGS,0.7454677833837894,1.8003984003872648,0.000264993033924348,4.994310715919541
tt_stress_a3_to_1_p1500ps,x5.mn2,VGD,0.7139792087803964,1.800385520552297,0.000264993033924348,4.994310715919541
tt_stress_a3_to_1_p1500ps,x5.mn2,VDS,-9.925203114839644e-06,0.07694386624878731,20.00395518431426,0.0372316094060084
tt_stress_a3_to_1_p1500ps,x5.mn2,VBS,0.0,0.0,5e-05,5e-05
tt_stress_a3_to_2_p1500ps,x1.m1,VGS,-1.8,0.0,15.364082942535,5e-05
tt_stress_a3_to_2_p1500ps,x1.m1,VGD,-1.8985548198224838,1.8658975660477697,20.17045303692932,5.015458172905743
tt_stress_a3_to_2_p1500ps,x1.m1,VDS,-1.8658975660477697,0.09855481982248371,5.015458172905743,20.17045303692932
tt_stress_a3_to_2_p1500ps,x1.m1,VBS,0.0,0.0,5e-05,5e-05
tt_stress_a3_to_2_p1500ps,x1.m2,VGS,0.0,1.8,15.364082942535,5e-05
tt_stress_a3_to_2_p1500ps,x1.m2,VGD,-1.8985548198224838,1.8658975660477697,20.17045303692932,5.015458172905743
tt_stress_a3_to_2_p1500ps,x1.m2,VDS,-0.06589756604776967,1.8985548198224838,5.015458172905743,20.17045303692932
tt_stress_a3_to_2_p1500ps,x1.m2,VBS,0.0,0.0,5e-05,5e-05
tt_stress_a3_to_2_p1500ps,x1.m3,VGS,0.0,0.0,5e-05,5e-05
tt_stress_a3_to_2_p1500ps,x1.m3,VGD,1.06518692788835,1.8265115747535676,0.0009905104706188998,5.0218673921895585
tt_stress_a3_to_2_p1500ps,x1.m3,VDS,-1.8265115747535676,-1.06518692788835,5.0218673921895585,0.0009905104706188998
tt_stress_a3_to_2_p1500ps,x1.m3,VBS,0.0,0.0,5e-05,5e-05
tt_stress_a3_to_2_p1500ps,x1.m4,VGS,1.8,1.8,5e-05,5e-05
tt_stress_a3_to_2_p1500ps,x1.m4,VGD,1.06518692788835,1.8265115747535676,0.0009905104706188998,5.0218673921895585
tt_stress_a3_to_2_p1500ps,x1.m4,VDS,-0.026511574753567597,0.73481307211165,5.0218673921895585,0.0009905104706188998
tt_stress_a3_to_2_p1500ps,x1.m4,VBS,0.0,0.0,5e-05,5e-05
tt_stress_a3_to_2_p1500ps,x1.m5,VGS,-1.8,0.0,5e-05,5.0125
tt_stress_a3_to_2_p1500ps,x1.m5,VGD,-1.8000809558579767,-0.07237826959161331,15.52521934332895,5.0218673921895585
tt_stress_a3_to_2_p1500ps,x1.m5,VDS,-1.0273102155749738,0.07366592500547653,0.00020095594031415293,16.657976778066402
tt_stress_a3_to_2_p1500ps,x1.m5,VBS,0.0,0.0,5e-05,5e-05
tt_stress_a3_to_2_p1500ps,x1.m6,VGS,-1.0721825143216435,0.5254783891032674,25.0,0.0009905104706188998
tt_stress_a3_to_2_p1500ps,x1.m6,VGD,-1.898889844345181,-0.06738553966645111,5.0218673921895585,0.0006145936723301476
tt_stress_a3_to_2_p1500ps,x1.m6,VDS,0.5641335573275021,1.8968393909255525,5e-05,19.99793365542977
tt_stress_a3_to_2_p1500ps,x1.m6,VBS,-1.0721884159731307,0.07808733785329525,25.0,20.012500000000003
tt_stress_a3_to_2_p1500ps,x1.m7,VGS,-1.166007651458975,1.8589546008750997,4.999310715919542,20.012500000000003
tt_stress_a3_to_2_p1500ps,x1.m7,VGD,-0.05552338011103242,1.8591443996568326,5.014751963863396,20.013425259476534
tt_stress_a3_to_2_p1500ps,x1.m7,VDS,-1.1711502425672373,0.40088837461763427,4.999310715919542,16.51296455537264
tt_stress_a3_to_2_p1500ps,x1.m7,VBS,-1.1827199239054238,0.07926659888190275,15.429995103502884,20.009933655429784
tt_stress_a3_to_2_p1500ps,x1.m8,VGS,0.0,1.8,5e-05,5.0125
tt_stress_a3_to_2_p1500ps,x1.m8,VGD,-1.1827199239054238,1.8000000456975862,15.429995103502884,5.421607108746151
tt_stress_a3_to_2_p1500ps,x1.m8,VDS,-0.07926659888190275,1.1827199239054238,20.009933655429784,15.429995103502884
tt_stress_a3_to_2_p1500ps,x1.m8,VBS,0.0,0.0,5e-05,5e-05
tt_stress_a3_to_2_p1500ps,x1.m9,VGS,-1.0273102155749738,0.07366592500547653,0.00020095594031415293,16.657976778066402
tt_stress_a3_to_2_p1500ps,x1.m9,VGD,0.004259037718439829,1.8736658519128297,0.0006145936723301476,16.658976778066403
tt_stress_a3_to_2_p1500ps,x1.m9,VDS,-1.8035242426725502,-0.9964127622221461,10.00838177939447,0.004576276418960291
tt_stress_a3_to_2_p1500ps,x1.m9,VBS,0.0,0.0,5e-05,5e-05
tt_stress_a3_to_2_p1500ps,x1.m10,VGS,0.7726897844250261,1.8736659250054766,0.00020095594031415293,16.657976778066402
tt_stress_a3_to_2_p1500ps,x1.m10,VGD,0.004259037718439829,1.8736658519128297,0.0006145936723301476,16.658976778066403
tt_stress_a3_to_2_p1500ps,x1.m10,VDS,-0.0035242426725500438,0.8035872377778539,10.00838177939447,0.004576276418960291
tt_stress_a3_to_2_p1500ps,x1.m10,VBS,0.0,0.0,5e-05,5e-05
tt_stress_a3_to_2_p1500ps,x1.m11,VGS,-1.8,0.0,5e-05,5.0125
tt_stress_a3_to_2_p1500ps,x1.m11,VGD,-1.800090572140181,-0.0723756757445182,15.524219343328948,5.0218673921895585
tt_stress_a3_to_2_p1500ps,x1.m11,VDS,-1.026990088185766,0.07367152732410265,0.00020095594031415293,5.1576071087460695
tt_stress_a3_to_2_p1500ps,x1.m11,VBS,0.0,0.0,5e-05,5e-05
tt_stress_a3_to_2_p1500ps,x1.m12,VGS,-1.0911304388974703,0.562199517181567,15.415995103502869,0.0009905104706188998
tt_stress_a3_to_2_p1500ps,x1.m12,VGD,-1.8988872504980858,-0.06799076072648469,5.0218673921895585,0.0006145936723301476
tt_stress_a3_to_2_p1500ps,x1.m12,VDS,0.6143127042494659,1.8965014944286125,0.000264993033924348,9.997381779394477
tt_stress_a3_to_2_p1500ps,x1.m12,VBS,-1.0922886212340068,0.07570229258408365,15.415995103502869,10.012381779394468
tt_stress_a3_to_2_p1500ps,x1.m13,VGS,-1.1041504748501352,1.8677060122761378,16.49927321944693,10.012499999999998
tt_stress_a3_to_2_p1500ps,x1.m13,VGD,-0.7755441424500248,1.8686178189779086,16.511002218694763,10.013892035261938
tt_stress_a3_to_2_p1500ps,x1.m13,VDS,-0.3521577583624196,0.8320838248477187,16.49927321944693,20.009933655429784
tt_stress_a3_to_2_p1500ps,x1.m13,VBS,-1.1827199239054238,0.07926659888190275,15.429995103502884,20.009933655429784
tt_stress_a3_to_2_p1500ps,x1.m14,VGS,-1.026990088185766,0.07367152732410265,0.00020095594031415293,5.1576071087460695
tt_stress_a3_to_2_p1500ps,x1.m14,VGD,0.004618293136353535,1.873671453000827,0.0006145936723301476,5.15860710874607
tt_stress_a3_to_2_p1500ps,x1.m14,VDS,-1.8035243690264808,-0.9966399035465259,20.008933655429782,0.004576276418960291
tt_stress_a3_to_2_p1500ps,x1.m14,VBS,0.0,0.0,5e-05,5e-05
tt_stress_a3_to_2_p1500ps,x1.m15,VGS,0.773009911814234,1.8736715273241027,0.00020095594031415293,5.1576071087460695
tt_stress_a3_to_2_p1500ps,x1.m15,VGD,0.004618293136353535,1.873671453000827,0.0006145936723301476,5.15860710874607
tt_stress_a3_to_2_p1500ps,x1.m15,VDS,-0.003524369026480863,0.8033600964534742,20.008933655429782,0.004576276418960291
tt_stress_a3_to_2_p1500ps,x1.m15,VBS,0.0,0.0,5e-05,5e-05
tt_stress_a3_to_2_p1500ps,x1.m16,VGS,-1.8,0.0,5e-05,5.0125
tt_stress_a3_to_2_p1500ps,x1.m16,VGD,-1.8003781110081705,1.7999998962208497,15.872219343329341,17.99597677806792
tt_stress_a3_to_2_p1500ps,x1.m16,VDS,-1.8343736981011949,0.07317022095538661,20.004933655429777,5.012743175552484
tt_stress_a3_to_2_p1500ps,x1.m16,VBS,0.0,0.0,5e-05,5e-05
tt_stress_a3_to_2_p1500ps,x1.m17,VGS,0.09693616342094577,1.8495215505893494,5e-05,20.009933655429784
tt_stress_a3_to_2_p1500ps,x1.m17,VGD,-0.5181996235976629,1.8274009795270345,5e-05,20.004933655429777
tt_stress_a3_to_2_p1500ps,x1.m17,VDS,4.06233725547267e-08,1.2308210230863765,17.877976778067783,16.521261003012185
tt_stress_a3_to_2_p1500ps,x1.m17,VBS,-1.5280642159465785,0.05486671563830267,15.620219343329056,20.00793365542978
tt_stress_a3_to_2_p1500ps,x1.m18,VGS,-1.166007651458975,1.8589546008750997,4.999310715919542,20.012500000000003
tt_stress_a3_to_2_p1500ps,x1.m18,VGD,-1.2449498940496437,1.8340076598519763,15.32201571691866,20.00793365542978
tt_stress_a3_to_2_p1500ps,x1.m18,VDS,-0.033953343444973694,1.2860487059076418,16.49927321944693,10.01038177939447
tt_stress_a3_to_2_p1500ps,x1.m18,VBS,-1.1827199239054238,0.07926659888190275,15.429995103502884,20.009933655429784
tt_stress_a3_to_2_p1500ps,x1.m19,VGS,-1.8343736981011949,0.07317022095538661,20.004933655429777,5.012743175552484
tt_stress_a3_to_2_p1500ps,x1.m19,VGD,-1.8289137750732394,1.8731289077548432,20.00593365542978,5.19260710874608
tt_stress_a3_to_2_p1500ps,x1.m19,VDS,-1.8443078771113635,0.029537515792838365,16.549261003012216,20.134777416667095
tt_stress_a3_to_2_p1500ps,x1.m19,VBS,0.0,0.0,5e-05,5e-05
tt_stress_a3_to_2_p1500ps,x1.m20,VGS,-0.034373698101194755,1.8731702209553867,20.004933655429777,5.012743175552484
tt_stress_a3_to_2_p1500ps,x1.m20,VGD,-1.8289137750732394,1.8731289077548432,20.00593365542978,5.19260710874608
tt_stress_a3_to_2_p1500ps,x1.m20,VDS,-0.04430787711136335,1.8295375157928384,16.549261003012216,20.134777416667095
tt_stress_a3_to_2_p1500ps,x1.m20,VBS,0.0,0.0,5e-05,5e-05
tt_stress_a3_to_2_p1500ps,x1.m21,VGS,-1.8,0.0,5e-05,5.0125
tt_stress_a3_to_2_p1500ps,x1.m21,VGD,-1.8003373043490498,1.8000002452602666,15.462219343328877,5.412607108746148
tt_stress_a3_to_2_p1500ps,x1.m21,VDS,-1.833960728395604,0.07633650436851691,10.004381779394473,5.015458172905743
tt_stress_a3_to_2_p1500ps,x1.m21,VBS,0.0,0.0,5e-05,5e-05
tt_stress_a3_to_2_p1500ps,x1.m22,VGS,0.16552811576695733,1.8483674614534769,5e-05,10.00938177939447
tt_stress_a3_to_2_p1500ps,x1.m22,VGD,-0.5181560606217913,1.8270873523009834,5e-05,10.005381779394472
tt_stress_a3_to_2_p1500ps,x1.m22,VDS,-1.294308232258068e-07,1.2430151280794388,5.403607108746145,5.022867392189559
tt_stress_a3_to_2_p1500ps,x1.m22,VBS,-1.207840992113617,0.05372136850439038,25.0,10.00838177939447
tt_stress_a3_to_2_p1500ps,x1.m23,VGS,-1.1041504748501352,1.8677060122761378,16.49927321944693,10.012499999999998
tt_stress_a3_to_2_p1500ps,x1.m23,VGD,-1.2078385147170887,1.841065505250485,25.0,10.00938177939447
tt_stress_a3_to_2_p1500ps,x1.m23,VDS,-0.07302255169940164,1.2627731837325857,15.463219343328879,20.010933655429785
tt_stress_a3_to_2_p1500ps,x1.m23,VBS,-1.1827199239054238,0.07926659888190275,15.429995103502884,20.009933655429784
tt_stress_a3_to_2_p1500ps,x1.m24,VGS,-1.833960728395604,0.07633650436851691,10.004381779394473,5.015458172905743
tt_stress_a3_to_2_p1500ps,x1.m24,VGD,-1.828602790612506,1.8756734599727707,10.006381779394472,5.015458172905743
tt_stress_a3_to_2_p1500ps,x1.m24,VDS,-1.8470987804678825,0.02915886872950524,5.050867392189567,10.136810853154072
tt_stress_a3_to_2_p1500ps,x1.m24,VBS,0.0,0.0,5e-05,5e-05
tt_stress_a3_to_2_p1500ps,x1.m25,VGS,-0.03396072839560407,1.876336504368517,10.004381779394473,5.015458172905743
tt_stress_a3_to_2_p1500ps,x1.m25,VGD,-1.828602790612506,1.8756734599727707,10.006381779394472,5.015458172905743
tt_stress_a3_to_2_p1500ps,x1.m25,VDS,-0.0470987804678823,1.8291588687295053,5.050867392189567,10.136810853154072
tt_stress_a3_to_2_p1500ps,x1.m25,VBS,0.0,0.0,5e-05,5e-05
tt_stress_a3_to_2_p1500ps,x1.m26,VGS,-1.8658975660477697,0.09855481982248371,5.015458172905743,20.17045303692932
tt_stress_a3_to_2_p1500ps,x1.m26,VGD,-1.824957061328395,1.8977557338707989,15.32401571691866,20.17145303692932
tt_stress_a3_to_2_p1500ps,x1.m26,VDS,-1.8270869853731881,0.057097270269865774,16.513353570033264,15.412995103502865
tt_stress_a3_to_2_p1500ps,x1.m26,VBS,0.0,0.0,5e-05,5e-05
tt_stress_a3_to_2_p1500ps,x1.m27,VGS,-0.06589756604776967,1.8985548198224838,5.015458172905743,20.17045303692932
tt_stress_a3_to_2_p1500ps,x1.m27,VGD,-1.824957061328395,1.8977557338707989,15.32401571691866,20.17145303692932
tt_stress_a3_to_2_p1500ps,x1.m27,VDS,-0.02708698537318815,1.8570972702698658,16.513353570033264,15.412995103502865
tt_stress_a3_to_2_p1500ps,x1.m27,VBS,0.0,0.0,5e-05,5e-05
tt_stress_a3_to_2_p1500ps,x1.m28,VGS,-1.8265115747535676,-1.06518692788835,5.0218673921895585,0.0009905104706188998
tt_stress_a3_to_2_p1500ps,x1.m28,VGD,-1.8102559000396254,0.30414807108936176,20.035894330935022,5.222583848064621e-05
tt_stress_a3_to_2_p1500ps,x1.m28,VDS,-1.5401092601354258,0.01295222424125897,5e-05,20.053777416667003
tt_stress_a3_to_2_p1500ps,x1.m28,VBS,0.0,0.0,5e-05,5e-05
tt_stress_a3_to_2_p1500ps,x1.m29,VGS,-0.026511574753567597,0.73481307211165,5.0218673921895585,0.0009905104706188998
tt_stress_a3_to_2_p1500ps,x1.m29,VGD,-1.8102559000396254,0.30414807108936176,20.035894330935022,5.222583848064621e-05
tt_stress_a3_to_2_p1500ps,x1.m29,VDS,0.2598907398645742,1.812952224241259,5e-05,20.053777416667003
tt_stress_a3_to_2_p1500ps,x1.m29,VBS,0.0,0.0,5e-05,5e-05
tt_stress_a3_to_2_p1500ps,x2.mp1,VGS,-1.8035242426725502,-0.9964127622221461,10.00838177939447,0.004576276418960291
tt_stress_a3_to_2_p1500ps,x2.mp1,VGD,-1.803172365207714,0.015732827488653678,10.00938177939447,0.000431961326506061
tt_stress_a3_to_2_p1500ps,x2.mp1,VDS,-1.0541526923222944,0.00039790389482607935,0.000264993033924348,4.994310715919541
tt_stress_a3_to_2_p1500ps,x2.mp1,VBS,0.0,0.0,5e-05,5e-05
tt_stress_a3_to_2_p1500ps,x2.mn1,VGS,-0.0035242426725500438,0.8035872377778539,10.00838177939447,0.004576276418960291
tt_stress_a3_to_2_p1500ps,x2.mn1,VGD,-1.803172365207714,0.015732827488653678,10.00938177939447,0.000431961326506061
tt_stress_a3_to_2_p1500ps,x2.mn1,VDS,0.7458473076777057,1.8003979038948261,0.000264993033924348,4.994310715919541
tt_stress_a3_to_2_p1500ps,x2.mn1,VBS,0.0,0.0,5e-05,5e-05
tt_stress_a3_to_2_p1500ps,x2.mp2,VGS,-1.0541526923222944,0.00039790389482607935,0.000264993033924348,4.994310715919541
tt_stress_a3_to_2_p1500ps,x2.mp2,VGD,0.7143519440966941,1.8003850391671334,0.000264993033924348,4.994310715919541
tt_stress_a3_to_2_p1500ps,x2.mp2,VDS,-1.8000099517414274,-1.7233327221260821,10.003381779394473,0.0382316094060084
tt_stress_a3_to_2_p1500ps,x2.mp2,VBS,0.0,0.0,5e-05,5e-05
tt_stress_a3_to_2_p1500ps,x2.mn2,VGS,0.7458473076777057,1.8003979038948261,0.000264993033924348,4.994310715919541
tt_stress_a3_to_2_p1500ps,x2.mn2,VGD,0.7143519440966941,1.8003850391671334,0.000264993033924348,4.994310715919541
tt_stress_a3_to_2_p1500ps,x2.mn2,VDS,-9.951741427316094e-06,0.07666727787391797,10.003381779394473,0.0382316094060084
tt_stress_a3_to_2_p1500ps,x2.mn2,VBS,0.0,0.0,5e-05,5e-05
tt_stress_a3_to_2_p1500ps,x3.mp1,VGS,-1.8035243690264808,-0.9966399035465259,20.008933655429782,0.004576276418960291
tt_stress_a3_to_2_p1500ps,x3.mp1,VGD,-1.8031716453841595,0.015934337538077825,10.00938177939447,0.000431961326506061
tt_stress_a3_to_2_p1500ps,x3.mp1,VDS,-1.054143603127712,0.00039789569750348086,0.000264993033924348,4.994310715919541
tt_stress_a3_to_2_p1500ps,x3.mp1,VBS,0.0,0.0,5e-05,5e-05
tt_stress_a3_to_2_p1500ps,x3.mn1,VGS,-0.003524369026480863,0.8033600964534742,20.008933655429782,0.004576276418960291
tt_stress_a3_to_2_p1500ps,x3.mn1,VGD,-1.8031716453841595,0.015934337538077825,10.00938177939447,0.000431961326506061
tt_stress_a3_to_2_p1500ps,x3.mn1,VDS,0.7458563968722881,1.8003978956975035,0.000264993033924348,4.994310715919541
tt_stress_a3_to_2_p1500ps,x3.mn1,VBS,0.0,0.0,5e-05,5e-05
tt_stress_a3_to_2_p1500ps,x3.mp2,VGS,-1.054143603127712,0.00039789569750348086,0.000264993033924348,4.994310715919541
tt_stress_a3_to_2_p1500ps,x3.mp2,VGD,0.7143609244943563,1.8003850312214364,0.000264993033924348,4.994310715919541
tt_stress_a3_to_2_p1500ps,x3.mp2,VDS,-1.800009947691703,-1.723347278540959,10.003381779394473,0.0382316094060084
tt_stress_a3_to_2_p1500ps,x3.mp2,VBS,0.0,0.0,5e-05,5e-05
tt_stress_a3_to_2_p1500ps,x3.mn2,VGS,0.7458563968722881,1.8003978956975035,0.000264993033924348,4.994310715919541
tt_stress_a3_to_2_p1500ps,x3.mn2,VGD,0.7143609244943563,1.8003850312214364,0.000264993033924348,4.994310715919541
tt_stress_a3_to_2_p1500ps,x3.mn2,VDS,-9.947691703041271e-06,0.0766527214590412,10.003381779394473,0.0382316094060084
tt_stress_a3_to_2_p1500ps,x3.mn2,VBS,0.0,0.0,5e-05,5e-05
tt_stress_a3_to_2_p1500ps,x4.mp1,VGS,-1.8470987804678825,0.02915886872950524,5.050867392189567,10.136810853154072
tt_stress_a3_to_2_p1500ps,x4.mp1,VGD,-1.8433678076312285,1.8290729779371777,5.050867392189567,10.137810853154072
tt_stress_a3_to_2_p1500ps,x4.mp1,VDS,-1.8558815367000838,0.10473960932828308,10.226810853154026,5.085297860219187
tt_stress_a3_to_2_p1500ps,x4.mp1,VBS,0.0,0.0,5e-05,5e-05
tt_stress_a3_to_2_p1500ps,x4.mn1,VGS,-0.0470987804678823,1.8291588687295053,5.050867392189567,10.136810853154072
tt_stress_a3_to_2_p1500ps,x4.mn1,VGD,-1.8433678076312285,1.8290729779371777,5.050867392189567,10.137810853154072
tt_stress_a3_to_2_p1500ps,x4.mn1,VDS,-0.05588153670008382,1.9047396093282831,10.226810853154026,5.085297860219187
tt_stress_a3_to_2_p1500ps,x4.mn1,VBS,0.0,0.0,5e-05,5e-05
tt_stress_a3_to_2_p1500ps,x4.mp2,VGS,-1.8558815367000838,0.10473960932828308,10.226810853154026,5.085297860219187
tt_stress_a3_to_2_p1500ps,x4.mp2,VGD,-1.854013742687878,1.9022256192002405,10.226810853154026,5.085297860219187
tt_stress_a3_to_2_p1500ps,x4.mp2,VDS,-1.833640920652196,0.029056877052418884,5.118607108746057,10.272810853154002
tt_stress_a3_to_2_p1500ps,x4.mp2,VBS,0.0,0.0,5e-05,5e-05
tt_stress_a3_to_2_p1500ps,x4.mn2,VGS,-0.05588153670008382,1.9047396093282831,10.226810853154026,5.085297860219187
tt_stress_a3_to_2_p1500ps,x4.mn2,VGD,-1.854013742687878,1.9022256192002405,10.226810853154026,5.085297860219187
tt_stress_a3_to_2_p1500ps,x4.mn2,VDS,-0.033640920652195885,1.829056877052419,5.118607108746057,10.272810853154002
tt_stress_a3_to_2_p1500ps,x4.mn2,VBS,0.0,0.0,5e-05,5e-05
tt_stress_a3_to_2_p1500ps,x5.mp1,VGS,-1.8443078771113635,0.029537515792838365,16.549261003012216,20.134777416667095
tt_stress_a3_to_2_p1500ps,x5.mp1,VGD,-1.840850785214527,1.82944804561575,16.550261003012217,20.135777416667096
tt_stress_a3_to_2_p1500ps,x5.mp1,VDS,-1.8555015533005477,0.10357116712480008,20.224453036929383,16.586127338622365
tt_stress_a3_to_2_p1500ps,x5.mp1,VBS,0.0,0.0,5e-05,5e-05
tt_stress_a3_to_2_p1500ps,x5.mn1,VGS,-0.04430787711136335,1.8295375157928384,16.549261003012216,20.134777416667095
tt_stress_a3_to_2_p1500ps,x5.mn1,VGD,-1.840850785214527,1.82944804561575,16.550261003012217,20.135777416667096
tt_stress_a3_to_2_p1500ps,x5.mn1,VDS,-0.05550155330054754,1.9035711671248001,20.224453036929383,16.586127338622365
tt_stress_a3_to_2_p1500ps,x5.mn1,VBS,0.0,0.0,5e-05,5e-05
tt_stress_a3_to_2_p1500ps,x5.mp2,VGS,-1.8555015533005477,0.10357116712480008,20.224453036929383,16.586127338622365
tt_stress_a3_to_2_p1500ps,x5.mp2,VGD,-1.8536465381965563,1.9011336687585592,20.224453036929383,16.586127338622365
tt_stress_a3_to_2_p1500ps,x5.mp2,VDS,-1.833603189712971,0.02903105360816327,16.618976778066358,20.270453036929432
tt_stress_a3_to_2_p1500ps,x5.mp2,VBS,0.0,0.0,5e-05,5e-05
tt_stress_a3_to_2_p1500ps,x5.mn2,VGS,-0.05550155330054754,1.9035711671248001,20.224453036929383,16.586127338622365
tt_stress_a3_to_2_p1500ps,x5.mn2,VGD,-1.8536465381965563,1.9011336687585592,20.224453036929383,16.586127338622365
tt_stress_a3_to_2_p1500ps,x5.mn2,VDS,-0.03360318971297089,1.8290310536081633,16.618976778066358,20.270453036929432
tt_stress_a3_to_2_p1500ps,x5.mn2,VBS,0.0,0.0,5e-05,5e-05
fast_nominal_a0_to_1_p1500ps,x1.m1,VGS,-1.8,0.0,5e-05,15.283557301213003
fast_nominal_a0_to_1_p1500ps,x1.m1,VGD,-1.9094479231855235,1.8684305490309985,10.13485935779589,16.514918951416462
fast_nominal_a0_to_1_p1500ps,x1.m1,VDS,-1.8684305490309985,0.10944792318552343,16.514918951416462,10.13485935779589
fast_nominal_a0_to_1_p1500ps,x1.m1,VBS,0.0,0.0,5e-05,5e-05
fast_nominal_a0_to_1_p1500ps,x1.m2,VGS,0.0,1.8,5e-05,15.283557301213003
fast_nominal_a0_to_1_p1500ps,x1.m2,VGD,-1.9094479231855235,1.8684305490309985,10.13485935779589,16.514918951416462
fast_nominal_a0_to_1_p1500ps,x1.m2,VDS,-0.06843054903099847,1.9094479231855235,16.514918951416462,10.13485935779589
fast_nominal_a0_to_1_p1500ps,x1.m2,VBS,0.0,0.0,5e-05,5e-05
fast_nominal_a0_to_1_p1500ps,x1.m3,VGS,-1.8,-1.8,5e-05,5e-05
fast_nominal_a0_to_1_p1500ps,x1.m3,VGD,-1.8606878984143487,-0.5623435158565767,10.125859357795894,5e-05
fast_nominal_a0_to_1_p1500ps,x1.m3,VDS,-1.2376564841434234,0.06068789841434863,5e-05,10.125859357795894
fast_nominal_a0_to_1_p1500ps,x1.m3,VBS,0.0,0.0,5e-05,5e-05
fast_nominal_a0_to_1_p1500ps,x1.m4,VGS,0.0,0.0,5e-05,5e-05
fast_nominal_a0_to_1_p1500ps,x1.m4,VGD,-1.8606878984143487,-0.5623435158565767,10.125859357795894,5e-05
fast_nominal_a0_to_1_p1500ps,x1.m4,VDS,0.5623435158565767,1.8606878984143487,5e-05,10.125859357795894
fast_nominal_a0_to_1_p1500ps,x1.m4,VBS,0.0,0.0,5e-05,5e-05
fast_nominal_a0_to_1_p1500ps,x1.m5,VGS,-1.8,0.0,5e-05,5.0125
fast_nominal_a0_to_1_p1500ps,x1.m5,VGD,-1.8001143736399543,1.7999322027230542,15.281052818016596,6.49439098647515
fast_nominal_a0_to_1_p1500ps,x1.m5,VDS,-1.824555965414619,0.0838629407941549,10.000859493059146,5.0147195031780285
fast_nominal_a0_to_1_p1500ps,x1.m5,VBS,0.0,0.0,5e-05,5e-05
fast_nominal_a0_to_1_p1500ps,x1.m6,VGS,0.31413002919217725,1.8418859498589994,5e-05,10.007859493059142
fast_nominal_a0_to_1_p1500ps,x1.m6,VGD,-0.25390464594087025,1.8181877635820587,5e-05,9.999859493059146
fast_nominal_a0_to_1_p1500ps,x1.m6,VDS,2.5472542716636974e-05,1.1952550909147364,6.4373909864751315,5.0219751396762815
fast_nominal_a0_to_1_p1500ps,x1.m6,VBS,-1.3497190197160678,0.048141143428587344,25.0,10.006859493059142
fast_nominal_a0_to_1_p1500ps,x1.m7,VGS,-1.223657250050687,1.8638786825680702,16.498269819387282,10.00985949305914
fast_nominal_a0_to_1_p1500ps,x1.m7,VGD,-1.3496612580475251,1.8284048361628698,25.0,10.005859493059143
fast_nominal_a0_to_1_p1500ps,x1.m7,VDS,-0.07104958221226387,1.3996190715264638,15.333493706165452,20.009565918379533
fast_nominal_a0_to_1_p1500ps,x1.m7,VBS,-1.287814757310616,0.08340235637611068,4.998400774062012,10.008859493059141
fast_nominal_a0_to_1_p1500ps,x1.m8,VGS,0.0,1.8,5e-05,5.0125
fast_nominal_a0_to_1_p1500ps,x1.m8,VGD,-1.1989505569118968,1.7999831441691068,15.24105281801655,6.542390986475164
fast_nominal_a0_to_1_p1500ps,x1.m8,VDS,-0.08340235637611068,1.287814757310616,10.008859493059141,4.998400774062012
fast_nominal_a0_to_1_p1500ps,x1.m8,VBS,0.0,0.0,5e-05,5e-05
fast_nominal_a0_to_1_p1500ps,x1.m9,VGS,-1.824555965414619,0.0838629407941549,10.000859493059146,5.0147195031780285
fast_nominal_a0_to_1_p1500ps,x1.m9,VGD,-1.8202026067424986,1.8825687739995158,10.001859493059145,5.01530408943254
fast_nominal_a0_to_1_p1500ps,x1.m9,VDS,-1.8308050552477744,0.030590133908707573,5.03666345286244,10.07585935779592
fast_nominal_a0_to_1_p1500ps,x1.m9,VBS,0.0,0.0,5e-05,5e-05
fast_nominal_a0_to_1_p1500ps,x1.m10,VGS,-0.024555965414618915,1.883862940794155,10.000859493059146,5.0147195031780285
fast_nominal_a0_to_1_p1500ps,x1.m10,VGD,-1.8202026067424986,1.8825687739995158,10.001859493059145,5.01530408943254
fast_nominal_a0_to_1_p1500ps,x1.m10,VDS,-0.030805055247774327,1.8305901339087076,5.03666345286244,10.07585935779592
fast_nominal_a0_to_1_p1500ps,x1.m10,VBS,0.0,0.0,5e-05,5e-05
fast_nominal_a0_to_1_p1500ps,x1.m11,VGS,-1.8,0.0,5e-05,5.0125
fast_nominal_a0_to_1_p1500ps,x1.m11,VGD,-1.8003361604406927,1.7999322922161527,15.562493706165712,17.602716416035438
fast_nominal_a0_to_1_p1500ps,x1.m11,VDS,-1.8244333178080818,0.08141293112977821,20.000565918379525,16.513991002738454
fast_nominal_a0_to_1_p1500ps,x1.m11,VBS,0.0,0.0,5e-05,5e-05
fast_nominal_a0_to_1_p1500ps,x1.m12,VGS,0.05281786565399127,1.8409659320662934,15.364493706165488,20.00756591837953
fast_nominal_a0_to_1_p1500ps,x1.m12,VGD,-0.2540293632462006,1.8181546518177858,5e-05,20.000565918379525
fast_nominal_a0_to_1_p1500ps,x1.m12,VDS,2.543971801657885e-05,1.1910737742687567,17.608716416035442,16.522268534216792
fast_nominal_a0_to_1_p1500ps,x1.m12,VBS,-1.7533368627401522,0.047121200897971366,15.364493706165488,20.00656591837953
fast_nominal_a0_to_1_p1500ps,x1.m13,VGS,-1.2848724191435448,1.8717167664051468,4.998400774062012,20.011565918379535
fast_nominal_a0_to_1_p1500ps,x1.m13,VGD,-1.387599269448229,1.8339249242443114,15.282052818016597,20.00756591837953
fast_nominal_a0_to_1_p1500ps,x1.m13,VDS,-0.03601723714305671,1.4356719187208657,16.498269819387282,10.00985949305914
fast_nominal_a0_to_1_p1500ps,x1.m13,VBS,-1.287814757310616,0.08340235637611068,4.998400774062012,10.008859493059141
fast_nominal_a0_to_1_p1500ps,x1.m14,VGS,-1.8244333178080818,0.08141293112977821,20.000565918379525,16.513991002738454
fast_nominal_a0_to_1_p1500ps,x1.m14,VGD,-1.8200596513043241,1.8799361735830695,20.001565918379526,16.514432496334777
fast_nominal_a0_to_1_p1500ps,x1.m14,VDS,-1.8319429361914281,0.02967209147374672,16.53672365007558,20.07677741666703
fast_nominal_a0_to_1_p1500ps,x1.m14,VBS,0.0,0.0,5e-05,5e-05
fast_nominal_a0_to_1_p1500ps,x1.m15,VGS,-0.02443331780808186,1.8814129311297783,20.000565918379525,16.513991002738454
fast_nominal_a0_to_1_p1500ps,x1.m15,VGD,-1.8200596513043241,1.8799361735830695,20.001565918379526,16.514432496334777
fast_nominal_a0_to_1_p1500ps,x1.m15,VDS,-0.03194293619142806,1.8296720914737468,16.53672365007558,20.07677741666703
fast_nominal_a0_to_1_p1500ps,x1.m15,VBS,0.0,0.0,5e-05,5e-05
fast_nominal_a0_to_1_p1500ps,x1.m16,VGS,-1.8,0.0,5e-05,5.0125
fast_nominal_a0_to_1_p1500ps,x1.m16,VGD,-1.8001395631199353,-0.07108077603053631,15.338493706165458,9.987500000000002
fast_nominal_a0_to_1_p1500ps,x1.m16,VDS,-1.00954928233927,0.08030082284886286,0.00017277452043902114,5.146390986474736
fast_nominal_a0_to_1_p1500ps,x1.m16,VBS,0.0,0.0,5e-05,5e-05
fast_nominal_a0_to_1_p1500ps,x1.m17,VGS,-1.1931484112035582,0.46417456673174934,15.24105281801655,0.012700620723186416
fast_nominal_a0_to_1_p1500ps,x1.m17,VGD,-1.895949484825973,-0.24550060977551524,5.01697513967628,0.009700620723186415
fast_nominal_a0_to_1_p1500ps,x1.m17,VDS,0.6061321937701476,1.887642010149927,0.00027078123677147845,9.995859493059148
fast_nominal_a0_to_1_p1500ps,x1.m17,VBS,-1.1933125209365587,0.08122613787257915,15.24105281801655,10.01185949305914
fast_nominal_a0_to_1_p1500ps,x1.m18,VGS,-1.223657250050687,1.8638786825680702,16.498269819387282,10.00985949305914
fast_nominal_a0_to_1_p1500ps,x1.m18,VGD,-0.8536921911135652,1.8640307066072268,16.514432496334777,10.013401337466851
fast_nominal_a0_to_1_p1500ps,x1.m18,VDS,-0.428666269570364,0.8843397882943865,16.498269819387282,20.009565918379533
fast_nominal_a0_to_1_p1500ps,x1.m18,VBS,-1.287814757310616,0.08340235637611068,4.998400774062012,10.008859493059141
fast_nominal_a0_to_1_p1500ps,x1.m19,VGS,-1.00954928233927,0.08030082284886286,0.00017277452043902114,5.146390986474736
fast_nominal_a0_to_1_p1500ps,x1.m19,VGD,0.0061971112306825615,1.8802440112175256,0.0004426495615080546,5.147390986474736
fast_nominal_a0_to_1_p1500ps,x1.m19,VDS,-1.804232692416324,-0.9849050921511728,20.00656591837953,0.0036075589114383964
fast_nominal_a0_to_1_p1500ps,x1.m19,VBS,0.0,0.0,5e-05,5e-05
fast_nominal_a0_to_1_p1500ps,x1.m20,VGS,0.7904507176607302,1.880300822848863,0.00017277452043902114,5.146390986474736
fast_nominal_a0_to_1_p1500ps,x1.m20,VGD,0.0061971112306825615,1.8802440112175256,0.0004426495615080546,5.147390986474736
fast_nominal_a0_to_1_p1500ps,x1.m20,VDS,-0.0042326924163238215,0.8150949078488272,20.00656591837953,0.0036075589114383964
fast_nominal_a0_to_1_p1500ps,x1.m20,VBS,0.0,0.0,5e-05,5e-05
fast_nominal_a0_to_1_p1500ps,x1.m21,VGS,-1.8,0.0,5e-05,5.0125
fast_nominal_a0_to_1_p1500ps,x1.m21,VGD,-1.8000012747797351,-0.07064919488408572,15.219052818016525,9.987500000000002
fast_nominal_a0_to_1_p1500ps,x1.m21,VDS,-1.009262294058694,0.08031867535392423,0.00017277452043902114,16.643716416034348
fast_nominal_a0_to_1_p1500ps,x1.m21,VBS,0.0,0.0,5e-05,5e-05
fast_nominal_a0_to_1_p1500ps,x1.m22,VGS,-1.1803872272960771,0.47980000087872643,25.0,0.012700620723186416
fast_nominal_a0_to_1_p1500ps,x1.m22,VGD,-1.8959363037285635,-0.24568916259175044,5.01697513967628,0.009700620723186415
fast_nominal_a0_to_1_p1500ps,x1.m22,VDS,0.6194686553210873,1.8901645503243776,25.0,19.99556591837952
fast_nominal_a0_to_1_p1500ps,x1.m22,VBS,-1.180531227553542,0.07873308649761623,25.0,20.011565918379535
fast_nominal_a0_to_1_p1500ps,x1.m23,VGS,-1.2848724191435448,1.8717167664051468,4.998400774062012,20.011565918379535
fast_nominal_a0_to_1_p1500ps,x1.m23,VGD,-0.030742258908403416,1.8734952352093126,5.011055122783432,20.013588846164343
fast_nominal_a0_to_1_p1500ps,x1.m23,VDS,-1.286073521558244,0.45948473839036075,4.998400774062012,16.5119694431868
fast_nominal_a0_to_1_p1500ps,x1.m23,VBS,-1.287814757310616,0.08340235637611068,4.998400774062012,10.008859493059141
fast_nominal_a0_to_1_p1500ps,x1.m24,VGS,-1.009262294058694,0.08031867535392423,0.00017277452043902114,16.643716416034348
fast_nominal_a0_to_1_p1500ps,x1.m24,VGD,0.006510377627394703,1.8802618694658926,0.0004426495615080546,16.64471641603435
fast_nominal_a0_to_1_p1500ps,x1.m24,VDS,-1.804223092762517,-0.9850905295555835,20.00656591837953,0.0036075589114383964
fast_nominal_a0_to_1_p1500ps,x1.m24,VBS,0.0,0.0,5e-05,5e-05
fast_nominal_a0_to_1_p1500ps,x1.m25,VGS,0.7907377059413062,1.8803186753539243,0.00017277452043902114,16.643716416034348
fast_nominal_a0_to_1_p1500ps,x1.m25,VGD,0.006510377627394703,1.8802618694658926,0.0004426495615080546,16.64471641603435
fast_nominal_a0_to_1_p1500ps,x1.m25,VDS,-0.004223092762516968,0.8149094704444165,20.00656591837953,0.0036075589114383964
fast_nominal_a0_to_1_p1500ps,x1.m25,VBS,0.0,0.0,5e-05,5e-05
fast_nominal_a0_to_1_p1500ps,x1.m26,VGS,-1.8684305490309985,0.10944792318552343,16.514918951416462,10.13485935779589
fast_nominal_a0_to_1_p1500ps,x1.m26,VGD,-1.8205785369229202,1.9081911432553622,20.072777416667027,10.136859357795888
fast_nominal_a0_to_1_p1500ps,x1.m26,VDS,-1.8358876145090082,0.03059618258783714,5.011055122783432,20.062777416667014
fast_nominal_a0_to_1_p1500ps,x1.m26,VBS,0.0,0.0,5e-05,5e-05
fast_nominal_a0_to_1_p1500ps,x1.m27,VGS,-0.06843054903099847,1.9094479231855235,16.514918951416462,10.13485935779589
fast_nominal_a0_to_1_p1500ps,x1.m27,VGD,-1.8205785369229202,1.9081911432553622,20.072777416667027,10.136859357795888
fast_nominal_a0_to_1_p1500ps,x1.m27,VDS,-0.03588761450900809,1.8305961825878372,5.011055122783432,20.062777416667014
fast_nominal_a0_to_1_p1500ps,x1.m27,VBS,0.0,0.0,5e-05,5e-05
fast_nominal_a0_to_1_p1500ps,x1.m28,VGS,-1.2376564841434234,0.06068789841434863,5e-05,10.125859357795894
fast_nominal_a0_to_1_p1500ps,x1.m28,VGD,0.11427401362666434,1.859932942753228,0.009700620723186415,10.126859357795894
fast_nominal_a0_to_1_p1500ps,x1.m28,VDS,-1.8165709617357186,-1.0498789935547859,5.01697513967628,0.013700620723186415
fast_nominal_a0_to_1_p1500ps,x1.m28,VBS,0.0,0.0,5e-05,5e-05
fast_nominal_a0_to_1_p1500ps,x1.m29,VGS,0.5623435158565767,1.8606878984143487,5e-05,10.125859357795894
fast_nominal_a0_to_1_p1500ps,x1.m29,VGD,0.11427401362666434,1.859932942753228,0.009700620723186415,10.126859357795894
fast_nominal_a0_to_1_p1500ps,x1.m29,VDS,-0.01657096173571848,0.7501210064452142,5.01697513967628,0.013700620723186415
fast_nominal_a0_to_1_p1500ps,x1.m29,VBS,0.0,0.0,5e-05,5e-05
fast_nominal_a0_to_1_p1500ps,x2.mp1,VGS,-1.8308050552477744,0.030590133908707573,5.03666345286244,10.07585935779592
fast_nominal_a0_to_1_p1500ps,x2.mp1,VGD,-1.8280337932920703,1.8304837569306232,5.03766345286244,10.07685935779592
fast_nominal_a0_to_1_p1500ps,x2.mp1,VDS,-1.8301449908164742,0.08263654957990707,10.159859357795877,5.08061834137086
fast_nominal_a0_to_1_p1500ps,x2.mp1,VBS,0.0,0.0,5e-05,5e-05
fast_nominal_a0_to_1_p1500ps,x2.mn1,VGS,-0.030805055247774327,1.8305901339087076,5.03666345286244,10.07585935779592
fast_nominal_a0_to_1_p1500ps,x2.mn1,VGD,-1.8280337932920703,1.8304837569306232,5.03766345286244,10.07685935779592
fast_nominal_a0_to_1_p1500ps,x2.mn1,VDS,-0.03014499081647413,1.8826365495799071,10.159859357795877,5.08061834137086
fast_nominal_a0_to_1_p1500ps,x2.mn1,VBS,0.0,0.0,5e-05,5e-05
fast_nominal_a0_to_1_p1500ps,x2.mp2,VGS,-1.8301449908164742,0.08263654957990707,10.159859357795877,5.08061834137086
fast_nominal_a0_to_1_p1500ps,x2.mp2,VGD,-1.8291332248550143,1.880117411662763,10.159859357795877,5.08061834137086
fast_nominal_a0_to_1_p1500ps,x2.mp2,VDS,-1.8256895934050674,0.027356523030247715,5.108421069499234,10.202859357795854
fast_nominal_a0_to_1_p1500ps,x2.mp2,VBS,0.0,0.0,5e-05,5e-05
fast_nominal_a0_to_1_p1500ps,x2.mn2,VGS,-0.03014499081647413,1.8826365495799071,10.159859357795877,5.08061834137086
fast_nominal_a0_to_1_p1500ps,x2.mn2,VGD,-1.8291332248550143,1.880117411662763,10.159859357795877,5.08061834137086
fast_nominal_a0_to_1_p1500ps,x2.mn2,VDS,-0.02568959340506748,1.8273565230302478,5.108421069499234,10.202859357795854
fast_nominal_a0_to_1_p1500ps,x2.mn2,VBS,0.0,0.0,5e-05,5e-05
fast_nominal_a0_to_1_p1500ps,x3.mp1,VGS,-1.8319429361914281,0.02967209147374672,16.53672365007558,20.07677741666703
fast_nominal_a0_to_1_p1500ps,x3.mp1,VGD,-1.8290399458437179,1.8295742739417096,16.53672365007558,20.077777416667033
fast_nominal_a0_to_1_p1500ps,x3.mp1,VDS,-1.830254967802291,0.08368182316282025,20.161777416667128,16.577716416034274
fast_nominal_a0_to_1_p1500ps,x3.mp1,VBS,0.0,0.0,5e-05,5e-05
fast_nominal_a0_to_1_p1500ps,x3.mn1,VGS,-0.03194293619142806,1.8296720914737468,16.53672365007558,20.07677741666703
fast_nominal_a0_to_1_p1500ps,x3.mn1,VGD,-1.8290399458437179,1.8295742739417096,16.53672365007558,20.077777416667033
fast_nominal_a0_to_1_p1500ps,x3.mn1,VDS,-0.030254967802290963,1.8836818231628203,20.161777416667128,16.577716416034274
fast_nominal_a0_to_1_p1500ps,x3.mn1,VBS,0.0,0.0,5e-05,5e-05
fast_nominal_a0_to_1_p1500ps,x3.mp2,VGS,-1.830254967802291,0.08368182316282025,20.161777416667128,16.577716416034274
fast_nominal_a0_to_1_p1500ps,x3.mp2,VGD,-1.8292395003126252,1.8810614727747417,20.161777416667128,16.577716416034274
fast_nominal_a0_to_1_p1500ps,x3.mp2,VDS,-1.8257516721377371,0.02734637376784166,16.605716416034305,20.204777416667177
fast_nominal_a0_to_1_p1500ps,x3.mp2,VBS,0.0,0.0,5e-05,5e-05
fast_nominal_a0_to_1_p1500ps,x3.mn2,VGS,-0.030254967802290963,1.8836818231628203,20.161777416667128,16.577716416034274
fast_nominal_a0_to_1_p1500ps,x3.mn2,VGD,-1.8292395003126252,1.8810614727747417,20.161777416667128,16.577716416034274
fast_nominal_a0_to_1_p1500ps,x3.mn2,VDS,-0.02575167213773706,1.8273463737678417,16.605716416034305,20.204777416667177
fast_nominal_a0_to_1_p1500ps,x3.mn2,VBS,0.0,0.0,5e-05,5e-05
fast_nominal_a0_to_1_p1500ps,x4.mp1,VGS,-1.804223092762517,-0.9850905295555835,20.00656591837953,0.0036075589114383964
fast_nominal_a0_to_1_p1500ps,x4.mp1,VGD,-1.8038299270621012,0.015560997526604892,20.00756591837953,0.0004426495615080546
fast_nominal_a0_to_1_p1500ps,x4.mp1,VDS,-1.033757278962537,0.0004615587054277448,0.0002108847276450903,16.49426981938728
fast_nominal_a0_to_1_p1500ps,x4.mp1,VBS,0.0,0.0,5e-05,5e-05
fast_nominal_a0_to_1_p1500ps,x4.mn1,VGS,-0.004223092762516968,0.8149094704444165,20.00656591837953,0.0036075589114383964
fast_nominal_a0_to_1_p1500ps,x4.mn1,VGD,-1.8038299270621012,0.015560997526604892,20.00756591837953,0.0004426495615080546
fast_nominal_a0_to_1_p1500ps,x4.mn1,VDS,0.7662427210374628,1.8004615587054278,0.0002108847276450903,16.49426981938728
fast_nominal_a0_to_1_p1500ps,x4.mn1,VBS,0.0,0.0,5e-05,5e-05
fast_nominal_a0_to_1_p1500ps,x4.mp2,VGS,-1.033757278962537,0.0004615587054277448,0.0002108847276450903,16.49426981938728
fast_nominal_a0_to_1_p1500ps,x4.mp2,VGD,0.735755877556837,1.800299759107294,0.00027078123677147845,16.49426981938728
fast_nominal_a0_to_1_p1500ps,x4.mp2,VDS,-1.7998702795583745,-1.7079748343214798,5.01697513967628,0.03170062072318642
fast_nominal_a0_to_1_p1500ps,x4.mp2,VBS,0.0,0.0,5e-05,5e-05
fast_nominal_a0_to_1_p1500ps,x4.mn2,VGS,0.7662427210374628,1.8004615587054278,0.0002108847276450903,16.49426981938728
fast_nominal_a0_to_1_p1500ps,x4.mn2,VGD,0.735755877556837,1.800299759107294,0.00027078123677147845,16.49426981938728
fast_nominal_a0_to_1_p1500ps,x4.mn2,VDS,0.00012972044162543587,0.09202516567852016,5.01697513967628,0.03170062072318642
fast_nominal_a0_to_1_p1500ps,x4.mn2,VBS,0.0,0.0,5e-05,5e-05
fast_nominal_a0_to_1_p1500ps,x5.mp1,VGS,-1.804232692416324,-0.9849050921511728,20.00656591837953,0.0036075589114383964
fast_nominal_a0_to_1_p1500ps,x5.mp1,VGD,-1.803837317969184,0.015351731336347929,20.00756591837953,0.0004426495615080546
fast_nominal_a0_to_1_p1500ps,x5.mp1,VDS,-1.0337650300024461,0.0004615572952437752,0.0002108847276450903,16.49426981938728
fast_nominal_a0_to_1_p1500ps,x5.mp1,VBS,0.0,0.0,5e-05,5e-05
fast_nominal_a0_to_1_p1500ps,x5.mn1,VGS,-0.0042326924163238215,0.8150949078488272,20.00656591837953,0.0036075589114383964
fast_nominal_a0_to_1_p1500ps,x5.mn1,VGD,-1.803837317969184,0.015351731336347929,20.00756591837953,0.0004426495615080546
fast_nominal_a0_to_1_p1500ps,x5.mn1,VDS,0.7662349699975539,1.8004615572952438,0.0002108847276450903,16.49426981938728
fast_nominal_a0_to_1_p1500ps,x5.mn1,VBS,0.0,0.0,5e-05,5e-05
fast_nominal_a0_to_1_p1500ps,x5.mp2,VGS,-1.0337650300024461,0.0004615572952437752,0.0002108847276450903,16.49426981938728
fast_nominal_a0_to_1_p1500ps,x5.mp2,VGD,0.7357442719319212,1.800299757764496,0.00027078123677147845,16.49426981938728
fast_nominal_a0_to_1_p1500ps,x5.mp2,VDS,-1.7998702478518938,-1.7079297915757536,5.01697513967628,0.03170062072318642
fast_nominal_a0_to_1_p1500ps,x5.mp2,VBS,0.0,0.0,5e-05,5e-05
fast_nominal_a0_to_1_p1500ps,x5.mn2,VGS,0.7662349699975539,1.8004615572952438,0.0002108847276450903,16.49426981938728
fast_nominal_a0_to_1_p1500ps,x5.mn2,VGD,0.7357442719319212,1.800299757764496,0.00027078123677147845,16.49426981938728
fast_nominal_a0_to_1_p1500ps,x5.mn2,VDS,0.00012975214810621153,0.09207020842424647,5.01697513967628,0.03170062072318642
fast_nominal_a0_to_1_p1500ps,x5.mn2,VBS,0.0,0.0,5e-05,5e-05
fast_nominal_a0_to_2_p1500ps,x1.m1,VGS,-1.8,-1.8,5e-05,5e-05
fast_nominal_a0_to_2_p1500ps,x1.m1,VGD,-1.9094479231855235,-0.5201572793544444,10.13485935779589,5e-05
fast_nominal_a0_to_2_p1500ps,x1.m1,VDS,-1.2798427206455556,0.10944792318552343,5e-05,10.13485935779589
fast_nominal_a0_to_2_p1500ps,x1.m1,VBS,0.0,0.0,5e-05,5e-05
fast_nominal_a0_to_2_p1500ps,x1.m2,VGS,0.0,0.0,5e-05,5e-05
fast_nominal_a0_to_2_p1500ps,x1.m2,VGD,-1.9094479231855235,-0.5201572793544444,10.13485935779589,5e-05
fast_nominal_a0_to_2_p1500ps,x1.m2,VDS,0.5201572793544444,1.9094479231855235,5e-05,10.13485935779589
fast_nominal_a0_to_2_p1500ps,x1.m2,VBS,0.0,0.0,5e-05,5e-05
fast_nominal_a0_to_2_p1500ps,x1.m3,VGS,-1.8,0.0,5e-05,15.283557301213003
fast_nominal_a0_to_2_p1500ps,x1.m3,VGD,-1.8606878984143487,1.828922606413797,10.125859357795894,16.52137839473319
fast_nominal_a0_to_2_p1500ps,x1.m3,VDS,-1.828922606413797,0.06068789841434863,16.52137839473319,10.125859357795894
fast_nominal_a0_to_2_p1500ps,x1.m3,VBS,0.0,0.0,5e-05,5e-05
fast_nominal_a0_to_2_p1500ps,x1.m4,VGS,0.0,1.8,5e-05,15.283557301213003
fast_nominal_a0_to_2_p1500ps,x1.m4,VGD,-1.8606878984143487,1.828922606413797,10.125859357795894,16.52137839473319
fast_nominal_a0_to_2_p1500ps,x1.m4,VDS,-0.028922606413796823,1.8606878984143487,16.52137839473319,10.125859357795894
fast_nominal_a0_to_2_p1500ps,x1.m4,VBS,0.0,0.0,5e-05,5e-05
fast_nominal_a0_to_2_p1500ps,x1.m5,VGS,-1.8,0.0,5e-05,5.0125
fast_nominal_a0_to_2_p1500ps,x1.m5,VGD,-1.8006692504496669,1.7999322027230542,15.239052098605264,6.49439098647515
fast_nominal_a0_to_2_p1500ps,x1.m5,VDS,-1.824555965414619,0.0838629407941549,10.000859493059146,5.0147195031780285
fast_nominal_a0_to_2_p1500ps,x1.m5,VBS,0.0,0.0,5e-05,5e-05
fast_nominal_a0_to_2_p1500ps,x1.m6,VGS,-1.1802828211709557,1.8418859498589994,25.0,10.007859493059142
fast_nominal_a0_to_2_p1500ps,x1.m6,VGD,-1.9077270618453295,1.8181877635820587,16.52137839473319,9.999859493059146
fast_nominal_a0_to_2_p1500ps,x1.m6,VDS,2.5472542716636974e-05,1.8902689827566415,6.4373909864751315,19.99581734896254
fast_nominal_a0_to_2_p1500ps,x1.m6,VBS,-1.253232955305673,0.08108497398399579,5.008055122783431,20.01181734896256
fast_nominal_a0_to_2_p1500ps,x1.m7,VGS,0.4035135323898326,1.8638786825680702,5e-05,10.00985949305914
fast_nominal_a0_to_2_p1500ps,x1.m7,VGD,0.271943792690045,1.8639400620113356,5e-05,20.013231306507826
fast_nominal_a0_to_2_p1500ps,x1.m7,VDS,-0.16718299273155135,0.5867924127454591,15.328494856277619,5.012903267195296
fast_nominal_a0_to_2_p1500ps,x1.m7,VBS,-1.287814757310616,0.08340235637611068,4.998400774062012,10.008859493059141
fast_nominal_a0_to_2_p1500ps,x1.m8,VGS,0.0,1.8,5e-05,5.0125
fast_nominal_a0_to_2_p1500ps,x1.m8,VGD,-1.192140129468192,1.7999831441691068,15.272052098605302,6.542390986475164
fast_nominal_a0_to_2_p1500ps,x1.m8,VDS,-0.08340235637611068,1.287814757310616,10.008859493059141,4.998400774062012
fast_nominal_a0_to_2_p1500ps,x1.m8,VBS,0.0,0.0,5e-05,5e-05
fast_nominal_a0_to_2_p1500ps,x1.m9,VGS,-1.824555965414619,0.0838629407941549,10.000859493059146,5.0147195031780285
fast_nominal_a0_to_2_p1500ps,x1.m9,VGD,-1.8202026067424986,1.8825687739995158,10.001859493059145,5.01530408943254
fast_nominal_a0_to_2_p1500ps,x1.m9,VDS,-1.8308050552477744,0.030590133908707573,5.03666345286244,10.07585935779592
fast_nominal_a0_to_2_p1500ps,x1.m9,VBS,0.0,0.0,5e-05,5e-05
fast_nominal_a0_to_2_p1500ps,x1.m10,VGS,-0.024555965414618915,1.883862940794155,10.000859493059146,5.0147195031780285
fast_nominal_a0_to_2_p1500ps,x1.m10,VGD,-1.8202026067424986,1.8825687739995158,10.001859493059145,5.01530408943254
fast_nominal_a0_to_2_p1500ps,x1.m10,VDS,-0.030805055247774327,1.8305901339087076,5.03666345286244,10.07585935779592
fast_nominal_a0_to_2_p1500ps,x1.m10,VBS,0.0,0.0,5e-05,5e-05
fast_nominal_a0_to_2_p1500ps,x1.m11,VGS,-1.8,0.0,5e-05,5.0125
fast_nominal_a0_to_2_p1500ps,x1.m11,VGD,-1.8011361997628828,-0.06355441663321493,15.239052098605264,9.987500000000002
fast_nominal_a0_to_2_p1500ps,x1.m11,VDS,-0.9969638800028825,0.07996675890902893,0.0002108847276450903,16.513360392859457
fast_nominal_a0_to_2_p1500ps,x1.m11,VBS,0.0,0.0,5e-05,5e-05
fast_nominal_a0_to_2_p1500ps,x1.m12,VGS,-1.0155061969598937,0.7763046990760261,16.52237839473319,0.0567006207231865
fast_nominal_a0_to_2_p1500ps,x1.m12,VGD,-1.907696891771221,0.062202177314172546,16.52137839473319,10.121859357795897
fast_nominal_a0_to_2_p1500ps,x1.m12,VDS,0.42360798860867854,0.9310743516926709,10.014638283322277,0.05170062072318648
fast_nominal_a0_to_2_p1500ps,x1.m12,VBS,-1.3768598227639597,-0.16292865473009294,15.241052098605266,7.468543587404898e-05
fast_nominal_a0_to_2_p1500ps,x1.m13,VGS,-1.2848724191435448,0.5465334306362359,4.998400774062012,0.016700620723186416
fast_nominal_a0_to_2_p1500ps,x1.m13,VGD,-1.3766981546685355,0.4579358825582808,15.241052098605266,0.016700620723186416
fast_nominal_a0_to_2_p1500ps,x1.m13,VDS,-0.27531609573117954,1.4356719187208657,16.49846834246441,10.00985949305914
fast_nominal_a0_to_2_p1500ps,x1.m13,VBS,-1.287814757310616,0.08340235637611068,4.998400774062012,10.008859493059141
fast_nominal_a0_to_2_p1500ps,x1.m14,VGS,-0.9969638800028825,0.07996675890902893,0.0002108847276450903,16.513360392859457
fast_nominal_a0_to_2_p1500ps,x1.m14,VGD,0.012356476543678108,1.8798224422144516,0.0004426495615080546,16.602512452464165
fast_nominal_a0_to_2_p1500ps,x1.m14,VDS,-1.804239179657754,-0.9836748877748873,20.00581734896255,0.000747886184577555
fast_nominal_a0_to_2_p1500ps,x1.m14,VBS,0.0,0.0,5e-05,5e-05
fast_nominal_a0_to_2_p1500ps,x1.m15,VGS,0.8030361199971175,1.879966758909029,0.0002108847276450903,16.513360392859457
fast_nominal_a0_to_2_p1500ps,x1.m15,VGD,0.012356476543678108,1.8798224422144516,0.0004426495615080546,16.602512452464165
fast_nominal_a0_to_2_p1500ps,x1.m15,VDS,-0.004239179657753783,0.8163251122251127,20.00581734896255,0.000747886184577555
fast_nominal_a0_to_2_p1500ps,x1.m15,VBS,0.0,0.0,5e-05,5e-05
fast_nominal_a0_to_2_p1500ps,x1.m16,VGS,-1.8,0.0,5e-05,5.0125
fast_nominal_a0_to_2_p1500ps,x1.m16,VGD,-1.8444157706019042,1.79993214144963,15.345494856277638,17.88751245246562
fast_nominal_a0_to_2_p1500ps,x1.m16,VDS,-1.8244394539625122,0.0850790950394884,20.000817348962546,16.51572273000151
fast_nominal_a0_to_2_p1500ps,x1.m16,VBS,0.0,0.0,5e-05,5e-05
fast_nominal_a0_to_2_p1500ps,x1.m17,VGS,-1.2012783942677883,1.8444762157493255,15.282052098605313,20.007817348962554
fast_nominal_a0_to_2_p1500ps,x1.m17,VGD,-1.895949484825973,1.8186108598040212,5.01697513967628,20.000817348962546
fast_nominal_a0_to_2_p1500ps,x1.m17,VDS,2.5471366763257786e-05,1.887642010149927,17.790512452465514,9.995859493059148
fast_nominal_a0_to_2_p1500ps,x1.m17,VBS,-1.5387705640721419,0.08122613787257915,15.382494856277681,10.01185949305914
fast_nominal_a0_to_2_p1500ps,x1.m18,VGS,0.4035135323898326,1.8638786825680702,5e-05,10.00985949305914
fast_nominal_a0_to_2_p1500ps,x1.m18,VGD,0.2621290547720616,1.8640307066072268,15.382494856277681,10.013401337466851
fast_nominal_a0_to_2_p1500ps,x1.m18,VDS,-0.10749521941371709,0.653068479866077,4.998400774062012,16.511828861018977
fast_nominal_a0_to_2_p1500ps,x1.m18,VBS,-1.287814757310616,0.08340235637611068,4.998400774062012,10.008859493059141
fast_nominal_a0_to_2_p1500ps,x1.m19,VGS,-1.8244394539625122,0.0850790950394884,20.000817348962546,16.51572273000151
fast_nominal_a0_to_2_p1500ps,x1.m19,VGD,-1.8201016426994867,1.8837418970028355,20.001817348962547,16.51572273000151
fast_nominal_a0_to_2_p1500ps,x1.m19,VDS,-1.8320857730732556,0.030530019975850697,16.53786629213297,20.07677741666703
fast_nominal_a0_to_2_p1500ps,x1.m19,VBS,0.0,0.0,5e-05,5e-05
fast_nominal_a0_to_2_p1500ps,x1.m20,VGS,-0.02443945396251221,1.8850790950394885,20.000817348962546,16.51572273000151
fast_nominal_a0_to_2_p1500ps,x1.m20,VGD,-1.8201016426994867,1.8837418970028355,20.001817348962547,16.51572273000151
fast_nominal_a0_to_2_p1500ps,x1.m20,VDS,-0.03208577307325554,1.8305300199758507,16.53786629213297,20.07677741666703
fast_nominal_a0_to_2_p1500ps,x1.m20,VBS,0.0,0.0,5e-05,5e-05
fast_nominal_a0_to_2_p1500ps,x1.m21,VGS,-1.8,0.0,5e-05,5.0125
fast_nominal_a0_to_2_p1500ps,x1.m21,VGD,-1.8356520062502557,-0.05739263090480762,15.330494856277621,19.9875
fast_nominal_a0_to_2_p1500ps,x1.m21,VDS,-1.009262294058694,0.0800079964507916,0.00017277452043902114,5.045663452862442
fast_nominal_a0_to_2_p1500ps,x1.m21,VBS,0.0,0.0,5e-05,5e-05
fast_nominal_a0_to_2_p1500ps,x1.m22,VGS,-0.02211631348896554,0.8872796185652585,15.282052098605313,15.343494856277635
fast_nominal_a0_to_2_p1500ps,x1.m22,VGD,-1.8959363037285635,0.04037600896729976,5.01697513967628,15.393494856277693
fast_nominal_a0_to_2_p1500ps,x1.m22,VDS,0.45054777069205154,1.885939552336218,20.014147790192204,5.013845583974967
fast_nominal_a0_to_2_p1500ps,x1.m22,VBS,-1.3490612764576695,0.006115477365966708,25.0,5.014236265019694
fast_nominal_a0_to_2_p1500ps,x1.m23,VGS,-1.2848724191435448,0.5465334306362359,4.998400774062012,0.016700620723186416
fast_nominal_a0_to_2_p1500ps,x1.m23,VGD,-1.3489154388248077,0.509824794084147,25.0,0.019700620723186416
fast_nominal_a0_to_2_p1500ps,x1.m23,VDS,-1.286073521558244,1.4039116704613184,4.998400774062012,20.009817348962557
fast_nominal_a0_to_2_p1500ps,x1.m23,VBS,-1.287814757310616,0.08340235637611068,4.998400774062012,10.008859493059141
fast_nominal_a0_to_2_p1500ps,x1.m24,VGS,-1.009262294058694,0.0800079964507916,0.00017277452043902114,5.045663452862442
fast_nominal_a0_to_2_p1500ps,x1.m24,VGD,0.006510377627394703,1.879949788480368,0.0004426495615080546,5.047663452862443
fast_nominal_a0_to_2_p1500ps,x1.m24,VDS,-1.8044131739706137,-0.9850905295555835,15.341494856277635,0.0036075589114383964
fast_nominal_a0_to_2_p1500ps,x1.m24,VBS,0.0,0.0,5e-05,5e-05
fast_nominal_a0_to_2_p1500ps,x1.m25,VGS,0.7907377059413062,1.8800079964507916,0.00017277452043902114,5.045663452862442
fast_nominal_a0_to_2_p1500ps,x1.m25,VGD,0.006510377627394703,1.879949788480368,0.0004426495615080546,5.047663452862443
fast_nominal_a0_to_2_p1500ps,x1.m25,VDS,-0.0044131739706137,0.8149094704444165,15.341494856277635,0.0036075589114383964
fast_nominal_a0_to_2_p1500ps,x1.m25,VBS,0.0,0.0,5e-05,5e-05
fast_nominal_a0_to_2_p1500ps,x1.m26,VGS,-1.2798427206455556,0.10944792318552343,5e-05,10.13485935779589
fast_nominal_a0_to_2_p1500ps,x1.m26,VGD,0.07325483690726986,1.9081911432553622,0.013700620723186415,10.136859357795888
fast_nominal_a0_to_2_p1500ps,x1.m26,VDS,-1.8358876145090082,-1.0199713202421543,5.011055122783432,0.017700620723186417
fast_nominal_a0_to_2_p1500ps,x1.m26,VBS,0.0,0.0,5e-05,5e-05
fast_nominal_a0_to_2_p1500ps,x1.m27,VGS,0.5201572793544444,1.9094479231855235,5e-05,10.13485935779589
fast_nominal_a0_to_2_p1500ps,x1.m27,VGD,0.07325483690726986,1.9081911432553622,0.013700620723186415,10.136859357795888
fast_nominal_a0_to_2_p1500ps,x1.m27,VDS,-0.03588761450900809,0.7800286797578457,5.011055122783432,0.017700620723186417
fast_nominal_a0_to_2_p1500ps,x1.m27,VBS,0.0,0.0,5e-05,5e-05
fast_nominal_a0_to_2_p1500ps,x1.m28,VGS,-1.828922606413797,0.06068789841434863,16.52137839473319,10.125859357795894
fast_nominal_a0_to_2_p1500ps,x1.m28,VGD,-1.8133609500429742,1.859932942753228,20.027755484611383,10.126859357795894
fast_nominal_a0_to_2_p1500ps,x1.m28,VDS,-1.8235793178977266,0.016824353829320682,15.282052098605313,20.042492452393706
fast_nominal_a0_to_2_p1500ps,x1.m28,VBS,0.0,0.0,5e-05,5e-05
fast_nominal_a0_to_2_p1500ps,x1.m29,VGS,-0.028922606413796823,1.8606878984143487,16.52137839473319,10.125859357795894
fast_nominal_a0_to_2_p1500ps,x1.m29,VGD,-1.8133609500429742,1.859932942753228,20.027755484611383,10.126859357795894
fast_nominal_a0_to_2_p1500ps,x1.m29,VDS,-0.02357931789772666,1.8168243538293207,15.282052098605313,20.042492452393706
fast_nominal_a0_to_2_p1500ps,x1.m29,VBS,0.0,0.0,5e-05,5e-05
fast_nominal_a0_to_2_p1500ps,x2.mp1,VGS,-1.8308050552477744,0.030590133908707573,5.03666345286244,10.07585935779592
fast_nominal_a0_to_2_p1500ps,x2.mp1,VGD,-1.8280337932920703,1.8304837569306232,5.03766345286244,10.07685935779592
fast_nominal_a0_to_2_p1500ps,x2.mp1,VDS,-1.8301449908164742,0.08263654957990707,10.159859357795877,5.08061834137086
fast_nominal_a0_to_2_p1500ps,x2.mp1,VBS,0.0,0.0,5e-05,5e-05
fast_nominal_a0_to_2_p1500ps,x2.mn1,VGS,-0.030805055247774327,1.8305901339087076,5.03666345286244,10.07585935779592
fast_nominal_a0_to_2_p1500ps,x2.mn1,VGD,-1.8280337932920703,1.8304837569306232,5.03766345286244,10.07685935779592
fast_nominal_a0_to_2_p1500ps,x2.mn1,VDS,-0.03014499081647413,1.8826365495799071,10.159859357795877,5.08061834137086
fast_nominal_a0_to_2_p1500ps,x2.mn1,VBS,0.0,0.0,5e-05,5e-05
fast_nominal_a0_to_2_p1500ps,x2.mp2,VGS,-1.8301449908164742,0.08263654957990707,10.159859357795877,5.08061834137086
fast_nominal_a0_to_2_p1500ps,x2.mp2,VGD,-1.8291332248550143,1.880117411662763,10.159859357795877,5.08061834137086
fast_nominal_a0_to_2_p1500ps,x2.mp2,VDS,-1.8256895934050674,0.027356523030247715,5.108421069499234,10.202859357795854
fast_nominal_a0_to_2_p1500ps,x2.mp2,VBS,0.0,0.0,5e-05,5e-05
fast_nominal_a0_to_2_p1500ps,x2.mn2,VGS,-0.03014499081647413,1.8826365495799071,10.159859357795877,5.08061834137086
fast_nominal_a0_to_2_p1500ps,x2.mn2,VGD,-1.8291332248550143,1.880117411662763,10.159859357795877,5.08061834137086
fast_nominal_a0_to_2_p1500ps,x2.mn2,VDS,-0.02568959340506748,1.8273565230302478,5.108421069499234,10.202859357795854
fast_nominal_a0_to_2_p1500ps,x2.mn2,VBS,0.0,0.0,5e-05,5e-05
fast_nominal_a0_to_2_p1500ps,x3.mp1,VGS,-1.804239179657754,-0.9836748877748873,20.00581734896255,0.000747886184577555
fast_nominal_a0_to_2_p1500ps,x3.mp1,VGD,-1.8038438390120868,0.01960764957130401,20.006817348962553,0.0004426495615080546
fast_nominal_a0_to_2_p1500ps,x3.mp1,VDS,-1.033312563821847,0.00046272132547575673,0.0002108847276450903,4.994400774062011
fast_nominal_a0_to_2_p1500ps,x3.mp1,VBS,0.0,0.0,5e-05,5e-05
fast_nominal_a0_to_2_p1500ps,x3.mn1,VGS,-0.004239179657753783,0.8163251122251127,20.00581734896255,0.000747886184577555
fast_nominal_a0_to_2_p1500ps,x3.mn1,VGD,-1.8038438390120868,0.01960764957130401,20.006817348962553,0.0004426495615080546
fast_nominal_a0_to_2_p1500ps,x3.mn1,VDS,0.766687436178153,1.8004627213254758,0.0002108847276450903,4.994400774062011
fast_nominal_a0_to_2_p1500ps,x3.mn1,VBS,0.0,0.0,5e-05,5e-05
fast_nominal_a0_to_2_p1500ps,x3.mp2,VGS,-1.033312563821847,0.00046272132547575673,0.0002108847276450903,4.994400774062011
fast_nominal_a0_to_2_p1500ps,x3.mp2,VGD,0.7362333568175152,1.8003009454466854,0.00027078123677147845,4.994400774062011
fast_nominal_a0_to_2_p1500ps,x3.mp2,VDS,-1.799871393238673,-1.7087162369765465,5.01697513967628,0.03170062072318642
fast_nominal_a0_to_2_p1500ps,x3.mp2,VBS,0.0,0.0,5e-05,5e-05
fast_nominal_a0_to_2_p1500ps,x3.mn2,VGS,0.766687436178153,1.8004627213254758,0.0002108847276450903,4.994400774062011
fast_nominal_a0_to_2_p1500ps,x3.mn2,VGD,0.7362333568175152,1.8003009454466854,0.00027078123677147845,4.994400774062011
fast_nominal_a0_to_2_p1500ps,x3.mn2,VDS,0.00012860676132705768,0.09128376302345356,5.01697513967628,0.03170062072318642
fast_nominal_a0_to_2_p1500ps,x3.mn2,VBS,0.0,0.0,5e-05,5e-05
fast_nominal_a0_to_2_p1500ps,x4.mp1,VGS,-1.8044131739706137,-0.9850905295555835,15.341494856277635,0.0036075589114383964
fast_nominal_a0_to_2_p1500ps,x4.mp1,VGD,-1.803811435245546,0.015560997526604892,15.342494856277636,0.0004426495615080546
fast_nominal_a0_to_2_p1500ps,x4.mp1,VDS,-1.033757278962537,0.00046209986144307713,0.0002108847276450903,16.494468342464405
fast_nominal_a0_to_2_p1500ps,x4.mp1,VBS,0.0,0.0,5e-05,5e-05
fast_nominal_a0_to_2_p1500ps,x4.mn1,VGS,-0.0044131739706137,0.8149094704444165,15.341494856277635,0.0036075589114383964
fast_nominal_a0_to_2_p1500ps,x4.mn1,VGD,-1.803811435245546,0.015560997526604892,15.342494856277636,0.0004426495615080546
fast_nominal_a0_to_2_p1500ps,x4.mn1,VDS,0.7662427210374628,1.8004620998614431,0.0002108847276450903,16.494468342464405
fast_nominal_a0_to_2_p1500ps,x4.mn1,VBS,0.0,0.0,5e-05,5e-05
fast_nominal_a0_to_2_p1500ps,x4.mp2,VGS,-1.033757278962537,0.00046209986144307713,0.0002108847276450903,16.494468342464405
fast_nominal_a0_to_2_p1500ps,x4.mp2,VGD,0.735755877556837,1.8003003865013194,0.00027078123677147845,16.494468342464405
fast_nominal_a0_to_2_p1500ps,x4.mp2,VDS,-1.799879396646354,-1.7079748343214798,15.339494856277632,0.03170062072318642
fast_nominal_a0_to_2_p1500ps,x4.mp2,VBS,0.0,0.0,5e-05,5e-05
fast_nominal_a0_to_2_p1500ps,x4.mn2,VGS,0.7662427210374628,1.8004620998614431,0.0002108847276450903,16.494468342464405
fast_nominal_a0_to_2_p1500ps,x4.mn2,VGD,0.735755877556837,1.8003003865013194,0.00027078123677147845,16.494468342464405
fast_nominal_a0_to_2_p1500ps,x4.mn2,VDS,0.0001206033536460641,0.09202516567852016,15.339494856277632,0.03170062072318642
fast_nominal_a0_to_2_p1500ps,x4.mn2,VBS,0.0,0.0,5e-05,5e-05
fast_nominal_a0_to_2_p1500ps,x5.mp1,VGS,-1.8320857730732556,0.030530019975850697,16.53786629213297,20.07677741666703
fast_nominal_a0_to_2_p1500ps,x5.mp1,VGD,-1.8291640803639075,1.8304226263368237,16.53786629213297,20.07677741666703
fast_nominal_a0_to_2_p1500ps,x5.mp1,VDS,-1.8309837419871446,0.08305130403896821,20.158777416667125,16.579786983661396
fast_nominal_a0_to_2_p1500ps,x5.mp1,VBS,0.0,0.0,5e-05,5e-05
fast_nominal_a0_to_2_p1500ps,x5.mn1,VGS,-0.03208577307325554,1.8305300199758507,16.53786629213297,20.07677741666703
fast_nominal_a0_to_2_p1500ps,x5.mn1,VGD,-1.8291640803639075,1.8304226263368237,16.53786629213297,20.07677741666703
fast_nominal_a0_to_2_p1500ps,x5.mn1,VDS,-0.03098374198714464,1.8830513040389683,20.158777416667125,16.579786983661396
fast_nominal_a0_to_2_p1500ps,x5.mn1,VBS,0.0,0.0,5e-05,5e-05
fast_nominal_a0_to_2_p1500ps,x5.mp2,VGS,-1.8309837419871446,0.08305130403896821,20.158777416667125,16.579786983661396
fast_nominal_a0_to_2_p1500ps,x5.mp2,VGD,-1.8299346132371552,1.8805031517800872,20.158777416667125,16.579786983661396
fast_nominal_a0_to_2_p1500ps,x5.mp2,VDS,-1.8256881799467872,0.027398246512093438,16.60751245246417,20.201561598705958
fast_nominal_a0_to_2_p1500ps,x5.mp2,VBS,0.0,0.0,5e-05,5e-05
fast_nominal_a0_to_2_p1500ps,x5.mn2,VGS,-0.03098374198714464,1.8830513040389683,20.158777416667125,16.579786983661396
fast_nominal_a0_to_2_p1500ps,x5.mn2,VGD,-1.8299346132371552,1.8805031517800872,20.158777416667125,16.579786983661396
fast_nominal_a0_to_2_p1500ps,x5.mn2,VDS,-0.025688179946787078,1.8273982465120935,16.60751245246417,20.201561598705958
fast_nominal_a0_to_2_p1500ps,x5.mn2,VBS,0.0,0.0,5e-05,5e-05
fast_nominal_a0_to_3_p1500ps,x1.m1,VGS,-1.8,0.0,5e-05,15.283557301213003
fast_nominal_a0_to_3_p1500ps,x1.m1,VGD,-1.9094479231855235,1.8721038016821123,10.13485935779589,16.515086742007938
fast_nominal_a0_to_3_p1500ps,x1.m1,VDS,-1.8721038016821123,0.10944792318552343,16.515086742007938,10.13485935779589
fast_nominal_a0_to_3_p1500ps,x1.m1,VBS,0.0,0.0,5e-05,5e-05
fast_nominal_a0_to_3_p1500ps,x1.m2,VGS,0.0,1.8,5e-05,15.283557301213003
fast_nominal_a0_to_3_p1500ps,x1.m2,VGD,-1.9094479231855235,1.8721038016821123,10.13485935779589,16.515086742007938
fast_nominal_a0_to_3_p1500ps,x1.m2,VDS,-0.07210380168211229,1.9094479231855235,16.515086742007938,10.13485935779589
fast_nominal_a0_to_3_p1500ps,x1.m2,VBS,0.0,0.0,5e-05,5e-05
fast_nominal_a0_to_3_p1500ps,x1.m3,VGS,-1.8,0.0,5e-05,15.283557301213003
fast_nominal_a0_to_3_p1500ps,x1.m3,VGD,-1.8606878984143487,1.8304195614057401,10.125859357795894,16.521674785830548
fast_nominal_a0_to_3_p1500ps,x1.m3,VDS,-1.8304195614057401,0.06068789841434863,16.521674785830548,10.125859357795894
fast_nominal_a0_to_3_p1500ps,x1.m3,VBS,0.0,0.0,5e-05,5e-05
fast_nominal_a0_to_3_p1500ps,x1.m4,VGS,0.0,1.8,5e-05,15.283557301213003
fast_nominal_a0_to_3_p1500ps,x1.m4,VGD,-1.8606878984143487,1.8304195614057401,10.125859357795894,16.521674785830548
fast_nominal_a0_to_3_p1500ps,x1.m4,VDS,-0.03041956140574014,1.8606878984143487,16.521674785830548,10.125859357795894
fast_nominal_a0_to_3_p1500ps,x1.m4,VBS,0.0,0.0,5e-05,5e-05
fast_nominal_a0_to_3_p1500ps,x1.m5,VGS,-1.8,0.0,5e-05,5.0125
fast_nominal_a0_to_3_p1500ps,x1.m5,VGD,-1.8006187616431042,1.7999322027230542,15.239052186789857,6.49439098647515
fast_nominal_a0_to_3_p1500ps,x1.m5,VDS,-1.824555965414619,0.0838629407941549,10.000859493059146,5.0147195031780285
fast_nominal_a0_to_3_p1500ps,x1.m5,VBS,0.0,0.0,5e-05,5e-05
fast_nominal_a0_to_3_p1500ps,x1.m6,VGS,-0.5297962915671672,1.8418859498589994,16.52267478583055,10.007859493059142
fast_nominal_a0_to_3_p1500ps,x1.m6,VGD,-1.9091254693538373,1.8181877635820587,16.521674785830548,9.999859493059146
fast_nominal_a0_to_3_p1500ps,x1.m6,VDS,2.5472542716636974e-05,1.3809511899177283,6.4373909864751315,16.517674785830543
fast_nominal_a0_to_3_p1500ps,x1.m6,VBS,-1.2598266042377673,0.048141143428587344,15.24105218678986,10.006859493059142
fast_nominal_a0_to_3_p1500ps,x1.m7,VGS,-1.2841048462423093,1.8638786825680702,16.498384465251327,10.00985949305914
fast_nominal_a0_to_3_p1500ps,x1.m7,VGD,-0.571552164645638,1.8284048361628698,16.51408568476963,10.005859493059143
fast_nominal_a0_to_3_p1500ps,x1.m7,VDS,-0.7750580642419604,0.5972302224891664,16.498384465251327,20.009029126164467
fast_nominal_a0_to_3_p1500ps,x1.m7,VBS,-1.2916210427806671,0.08340235637611068,16.498384465251327,10.008859493059141
fast_nominal_a0_to_3_p1500ps,x1.m8,VGS,0.0,1.8,5e-05,5.0125
fast_nominal_a0_to_3_p1500ps,x1.m8,VGD,-1.1989842725287172,1.7999831441691068,15.24105218678986,6.542390986475164
fast_nominal_a0_to_3_p1500ps,x1.m8,VDS,-0.08340235637611068,1.2916210427806671,10.008859493059141,16.498384465251327
fast_nominal_a0_to_3_p1500ps,x1.m8,VBS,0.0,0.0,5e-05,5e-05
fast_nominal_a0_to_3_p1500ps,x1.m9,VGS,-1.824555965414619,0.0838629407941549,10.000859493059146,5.0147195031780285
fast_nominal_a0_to_3_p1500ps,x1.m9,VGD,-1.8202026067424986,1.8825687739995158,10.001859493059145,5.01530408943254
fast_nominal_a0_to_3_p1500ps,x1.m9,VDS,-1.8308050552477744,0.030590133908707573,5.03666345286244,10.07585935779592
fast_nominal_a0_to_3_p1500ps,x1.m9,VBS,0.0,0.0,5e-05,5e-05
fast_nominal_a0_to_3_p1500ps,x1.m10,VGS,-0.024555965414618915,1.883862940794155,10.000859493059146,5.0147195031780285
fast_nominal_a0_to_3_p1500ps,x1.m10,VGD,-1.8202026067424986,1.8825687739995158,10.001859493059145,5.01530408943254
fast_nominal_a0_to_3_p1500ps,x1.m10,VDS,-0.030805055247774327,1.8305901339087076,5.03666345286244,10.07585935779592
fast_nominal_a0_to_3_p1500ps,x1.m10,VBS,0.0,0.0,5e-05,5e-05
fast_nominal_a0_to_3_p1500ps,x1.m11,VGS,-1.8,0.0,5e-05,5.0125
fast_nominal_a0_to_3_p1500ps,x1.m11,VGD,-1.8011510235191854,-0.06355441663321493,15.239052186789857,9.987500000000002
fast_nominal_a0_to_3_p1500ps,x1.m11,VDS,-0.9969638800028825,0.08028291812958632,0.0002108847276450903,16.646553503167194
fast_nominal_a0_to_3_p1500ps,x1.m11,VBS,0.0,0.0,5e-05,5e-05
fast_nominal_a0_to_3_p1500ps,x1.m12,VGS,-1.3646904504997153,0.7763046990760261,15.43449413451038,0.0567006207231865
fast_nominal_a0_to_3_p1500ps,x1.m12,VGD,-1.9091496614039163,0.062202177314172546,16.521674785830548,10.121859357795897
fast_nominal_a0_to_3_p1500ps,x1.m12,VDS,0.3908600430479463,1.8901707596235344,15.363494134510299,19.995029126164454
fast_nominal_a0_to_3_p1500ps,x1.m12,VBS,-1.3880461206075372,0.07860165071325233,15.367494134510304,20.01102912616447
fast_nominal_a0_to_3_p1500ps,x1.m13,VGS,-1.2848724191435448,1.8716308702682336,4.998400774062012,20.01202912616447
fast_nominal_a0_to_3_p1500ps,x1.m13,VGD,-1.3766606176202631,1.873424693322592,15.244052186789864,20.013590271726567
fast_nominal_a0_to_3_p1500ps,x1.m13,VDS,-0.03191514320908806,1.4356719187208657,16.498384465251327,10.00985949305914
fast_nominal_a0_to_3_p1500ps,x1.m13,VBS,-1.2916210427806671,0.08340235637611068,16.498384465251327,10.008859493059141
fast_nominal_a0_to_3_p1500ps,x1.m14,VGS,-0.9969638800028825,0.08028291812958632,0.0002108847276450903,16.646553503167194
fast_nominal_a0_to_3_p1500ps,x1.m14,VGD,0.012356476543678108,1.8802260746574169,0.0004426495615080546,16.647553503167195
fast_nominal_a0_to_3_p1500ps,x1.m14,VDS,-1.8042306226637244,-0.9836748877748873,20.006029126164467,0.000747886184577555
fast_nominal_a0_to_3_p1500ps,x1.m14,VBS,0.0,0.0,5e-05,5e-05
fast_nominal_a0_to_3_p1500ps,x1.m15,VGS,0.8030361199971175,1.8802829181295864,0.0002108847276450903,16.646553503167194
fast_nominal_a0_to_3_p1500ps,x1.m15,VGD,0.012356476543678108,1.8802260746574169,0.0004426495615080546,16.647553503167195
fast_nominal_a0_to_3_p1500ps,x1.m15,VDS,-0.004230622663724277,0.8163251122251127,20.006029126164467,0.000747886184577555
fast_nominal_a0_to_3_p1500ps,x1.m15,VBS,0.0,0.0,5e-05,5e-05
fast_nominal_a0_to_3_p1500ps,x1.m16,VGS,-1.8,0.0,5e-05,5.0125
fast_nominal_a0_to_3_p1500ps,x1.m16,VGD,-1.8450971272439494,-0.05938461214115365,15.345494134510279,19.9875
fast_nominal_a0_to_3_p1500ps,x1.m16,VDS,-1.00954928233927,0.08030082284886286,0.00017277452043902114,5.146390986474736
fast_nominal_a0_to_3_p1500ps,x1.m16,VBS,0.0,0.0,5e-05,5e-05
fast_nominal_a0_to_3_p1500ps,x1.m17,VGS,-1.1930325937831125,0.6079810687044656,15.243052186789862,15.423494134510367
fast_nominal_a0_to_3_p1500ps,x1.m17,VGD,-1.895949484825973,0.03506534034377595,5.01697513967628,20.022675075838833
fast_nominal_a0_to_3_p1500ps,x1.m17,VDS,0.4496131062348485,1.887642010149927,25.0,9.995859493059148
fast_nominal_a0_to_3_p1500ps,x1.m17,VBS,-1.3503410692440867,0.08122613787257915,25.0,10.01185949305914
fast_nominal_a0_to_3_p1500ps,x1.m18,VGS,-1.2841048462423093,1.8638786825680702,16.498384465251327,10.00985949305914
fast_nominal_a0_to_3_p1500ps,x1.m18,VGD,-1.3502832238397668,1.8640307066072268,25.0,10.013401337466851
fast_nominal_a0_to_3_p1500ps,x1.m18,VDS,-0.10749521941371709,1.4038562245645374,4.998400774062012,20.009029126164467
fast_nominal_a0_to_3_p1500ps,x1.m18,VBS,-1.2916210427806671,0.08340235637611068,16.498384465251327,10.008859493059141
fast_nominal_a0_to_3_p1500ps,x1.m19,VGS,-1.00954928233927,0.08030082284886286,0.00017277452043902114,5.146390986474736
fast_nominal_a0_to_3_p1500ps,x1.m19,VGD,0.0061971112306825615,1.8802440112175256,0.0004426495615080546,5.147390986474736
fast_nominal_a0_to_3_p1500ps,x1.m19,VDS,-1.8041909789286399,-0.9849050921511728,10.005859493059143,0.0036075589114383964
fast_nominal_a0_to_3_p1500ps,x1.m19,VBS,0.0,0.0,5e-05,5e-05
fast_nominal_a0_to_3_p1500ps,x1.m20,VGS,0.7904507176607302,1.880300822848863,0.00017277452043902114,5.146390986474736
fast_nominal_a0_to_3_p1500ps,x1.m20,VGD,0.0061971112306825615,1.8802440112175256,0.0004426495615080546,5.147390986474736
fast_nominal_a0_to_3_p1500ps,x1.m20,VDS,-0.004190978928639804,0.8150949078488272,10.005859493059143,0.0036075589114383964
fast_nominal_a0_to_3_p1500ps,x1.m20,VBS,0.0,0.0,5e-05,5e-05
fast_nominal_a0_to_3_p1500ps,x1.m21,VGS,-1.8,0.0,5e-05,5.0125
fast_nominal_a0_to_3_p1500ps,x1.m21,VGD,-1.8430198283780064,1.7999321739696634,15.33649413451027,17.50655350316817
fast_nominal_a0_to_3_p1500ps,x1.m21,VDS,-1.8242838503290042,0.08283212226653536,20.00102912616446,16.515086742007938
fast_nominal_a0_to_3_p1500ps,x1.m21,VBS,0.0,0.0,5e-05,5e-05
fast_nominal_a0_to_3_p1500ps,x1.m22,VGS,-0.018963382100617675,1.8434201039937783,15.282052186789906,20.008029126164466
fast_nominal_a0_to_3_p1500ps,x1.m22,VGD,-1.8959363037285635,1.8185169750066363,5.01697513967628,20.00102912616446
fast_nominal_a0_to_3_p1500ps,x1.m22,VDS,2.5471455785130992e-05,1.885939552336218,17.547553503168213,5.013845583974967
fast_nominal_a0_to_3_p1500ps,x1.m22,VBS,-1.240534804083251,0.046741795721668505,25.0,20.00702912616447
fast_nominal_a0_to_3_p1500ps,x1.m23,VGS,-1.2848724191435448,1.8716308702682336,4.998400774062012,20.01202912616447
fast_nominal_a0_to_3_p1500ps,x1.m23,VGD,-0.030742258908403416,1.833642975132191,5.011055122783432,20.008029126164466
fast_nominal_a0_to_3_p1500ps,x1.m23,VDS,-1.286073521558244,0.590537574422922,4.998400774062012,16.512861017634783
fast_nominal_a0_to_3_p1500ps,x1.m23,VBS,-1.2916210427806671,0.08340235637611068,16.498384465251327,10.008859493059141
fast_nominal_a0_to_3_p1500ps,x1.m24,VGS,-1.8242838503290042,0.08283212226653536,20.00102912616446,16.515086742007938
fast_nominal_a0_to_3_p1500ps,x1.m24,VGD,-1.820008048772181,1.8815610901114324,20.002029126164462,16.515086742007938
fast_nominal_a0_to_3_p1500ps,x1.m24,VDS,-1.8330646422276453,0.029648616131315864,16.538133552483814,20.077374465110122
fast_nominal_a0_to_3_p1500ps,x1.m24,VBS,0.0,0.0,5e-05,5e-05
fast_nominal_a0_to_3_p1500ps,x1.m25,VGS,-0.024283850329004153,1.8828321222665354,20.00102912616446,16.515086742007938
fast_nominal_a0_to_3_p1500ps,x1.m25,VGD,-1.820008048772181,1.8815610901114324,20.002029126164462,16.515086742007938
fast_nominal_a0_to_3_p1500ps,x1.m25,VDS,-0.033064642227645255,1.829648616131316,16.538133552483814,20.077374465110122
fast_nominal_a0_to_3_p1500ps,x1.m25,VBS,0.0,0.0,5e-05,5e-05
fast_nominal_a0_to_3_p1500ps,x1.m26,VGS,-1.8721038016821123,0.10944792318552343,16.515086742007938,10.13485935779589
fast_nominal_a0_to_3_p1500ps,x1.m26,VGD,-1.8204415455998664,1.9081911432553622,20.073374465110117,10.136859357795888
fast_nominal_a0_to_3_p1500ps,x1.m26,VDS,-1.8358876145090082,0.030225654799982182,5.011055122783432,20.062374465110103
fast_nominal_a0_to_3_p1500ps,x1.m26,VBS,0.0,0.0,5e-05,5e-05
fast_nominal_a0_to_3_p1500ps,x1.m27,VGS,-0.07210380168211229,1.9094479231855235,16.515086742007938,10.13485935779589
fast_nominal_a0_to_3_p1500ps,x1.m27,VGD,-1.8204415455998664,1.9081911432553622,20.073374465110117,10.136859357795888
fast_nominal_a0_to_3_p1500ps,x1.m27,VDS,-0.03588761450900809,1.8302256547999822,5.011055122783432,20.062374465110103
fast_nominal_a0_to_3_p1500ps,x1.m27,VBS,0.0,0.0,5e-05,5e-05
fast_nominal_a0_to_3_p1500ps,x1.m28,VGS,-1.8304195614057401,0.06068789841434863,16.521674785830548,10.125859357795894
fast_nominal_a0_to_3_p1500ps,x1.m28,VGD,-1.8133935591477752,1.859932942753228,20.02667507583884,10.126859357795894
fast_nominal_a0_to_3_p1500ps,x1.m28,VDS,-1.824510331118491,0.016470045889348528,15.282052186789906,20.038259722337262
fast_nominal_a0_to_3_p1500ps,x1.m28,VBS,0.0,0.0,5e-05,5e-05
fast_nominal_a0_to_3_p1500ps,x1.m29,VGS,-0.03041956140574014,1.8606878984143487,16.521674785830548,10.125859357795894
fast_nominal_a0_to_3_p1500ps,x1.m29,VGD,-1.8133935591477752,1.859932942753228,20.02667507583884,10.126859357795894
fast_nominal_a0_to_3_p1500ps,x1.m29,VDS,-0.024510331118490825,1.8164700458893486,15.282052186789906,20.038259722337262
fast_nominal_a0_to_3_p1500ps,x1.m29,VBS,0.0,0.0,5e-05,5e-05
fast_nominal_a0_to_3_p1500ps,x2.mp1,VGS,-1.8308050552477744,0.030590133908707573,5.03666345286244,10.07585935779592
fast_nominal_a0_to_3_p1500ps,x2.mp1,VGD,-1.8280337932920703,1.8304837569306232,5.03766345286244,10.07685935779592
fast_nominal_a0_to_3_p1500ps,x2.mp1,VDS,-1.8301449908164742,0.08263654957990707,10.159859357795877,5.08061834137086
fast_nominal_a0_to_3_p1500ps,x2.mp1,VBS,0.0,0.0,5e-05,5e-05
fast_nominal_a0_to_3_p1500ps,x2.mn1,VGS,-0.030805055247774327,1.8305901339087076,5.03666345286244,10.07585935779592
fast_nominal_a0_to_3_p1500ps,x2.mn1,VGD,-1.8280337932920703,1.8304837569306232,5.03766345286244,10.07685935779592
fast_nominal_a0_to_3_p1500ps,x2.mn1,VDS,-0.03014499081647413,1.8826365495799071,10.159859357795877,5.08061834137086
fast_nominal_a0_to_3_p1500ps,x2.mn1,VBS,0.0,0.0,5e-05,5e-05
fast_nominal_a0_to_3_p1500ps,x2.mp2,VGS,-1.8301449908164742,0.08263654957990707,10.159859357795877,5.08061834137086
fast_nominal_a0_to_3_p1500ps,x2.mp2,VGD,-1.8291332248550143,1.880117411662763,10.159859357795877,5.08061834137086
fast_nominal_a0_to_3_p1500ps,x2.mp2,VDS,-1.8256895934050674,0.027356523030247715,5.108421069499234,10.202859357795854
fast_nominal_a0_to_3_p1500ps,x2.mp2,VBS,0.0,0.0,5e-05,5e-05
fast_nominal_a0_to_3_p1500ps,x2.mn2,VGS,-0.03014499081647413,1.8826365495799071,10.159859357795877,5.08061834137086
fast_nominal_a0_to_3_p1500ps,x2.mn2,VGD,-1.8291332248550143,1.880117411662763,10.159859357795877,5.08061834137086
fast_nominal_a0_to_3_p1500ps,x2.mn2,VDS,-0.02568959340506748,1.8273565230302478,5.108421069499234,10.202859357795854
fast_nominal_a0_to_3_p1500ps,x2.mn2,VBS,0.0,0.0,5e-05,5e-05
fast_nominal_a0_to_3_p1500ps,x3.mp1,VGS,-1.8042306226637244,-0.9836748877748873,20.006029126164467,0.000747886184577555
fast_nominal_a0_to_3_p1500ps,x3.mp1,VGD,-1.8038365104145926,0.01960764957130401,20.00702912616447,0.0004426495615080546
fast_nominal_a0_to_3_p1500ps,x3.mp1,VDS,-1.033312563821847,0.00046272132547575673,0.0002108847276450903,4.994400774062011
fast_nominal_a0_to_3_p1500ps,x3.mp1,VBS,0.0,0.0,5e-05,5e-05
fast_nominal_a0_to_3_p1500ps,x3.mn1,VGS,-0.004230622663724277,0.8163251122251127,20.006029126164467,0.000747886184577555
fast_nominal_a0_to_3_p1500ps,x3.mn1,VGD,-1.8038365104145926,0.01960764957130401,20.00702912616447,0.0004426495615080546
fast_nominal_a0_to_3_p1500ps,x3.mn1,VDS,0.766687436178153,1.8004627213254758,0.0002108847276450903,4.994400774062011
fast_nominal_a0_to_3_p1500ps,x3.mn1,VBS,0.0,0.0,5e-05,5e-05
fast_nominal_a0_to_3_p1500ps,x3.mp2,VGS,-1.033312563821847,0.00046272132547575673,0.0002108847276450903,4.994400774062011
fast_nominal_a0_to_3_p1500ps,x3.mp2,VGD,0.7362333568175152,1.8003009454466854,0.00027078123677147845,4.994400774062011
fast_nominal_a0_to_3_p1500ps,x3.mp2,VDS,-1.799871393238673,-1.7087162369765465,5.01697513967628,0.03170062072318642
fast_nominal_a0_to_3_p1500ps,x3.mp2,VBS,0.0,0.0,5e-05,5e-05
fast_nominal_a0_to_3_p1500ps,x3.mn2,VGS,0.766687436178153,1.8004627213254758,0.0002108847276450903,4.994400774062011
fast_nominal_a0_to_3_p1500ps,x3.mn2,VGD,0.7362333568175152,1.8003009454466854,0.00027078123677147845,4.994400774062011
fast_nominal_a0_to_3_p1500ps,x3.mn2,VDS,0.00012860676132705768,0.09128376302345356,5.01697513967628,0.03170062072318642
fast_nominal_a0_to_3_p1500ps,x3.mn2,VBS,0.0,0.0,5e-05,5e-05
fast_nominal_a0_to_3_p1500ps,x4.mp1,VGS,-1.8330646422276453,0.029648616131315864,16.538133552483814,20.077374465110122
fast_nominal_a0_to_3_p1500ps,x4.mp1,VGD,-1.8300937995661932,1.829548264234678,16.538133552483814,20.078374465110123
fast_nominal_a0_to_3_p1500ps,x4.mp1,VDS,-1.8310480876934332,0.0840037569830776,20.161374465110217,16.57805566706842
fast_nominal_a0_to_3_p1500ps,x4.mp1,VBS,0.0,0.0,5e-05,5e-05
fast_nominal_a0_to_3_p1500ps,x4.mn1,VGS,-0.033064642227645255,1.829648616131316,16.538133552483814,20.077374465110122
fast_nominal_a0_to_3_p1500ps,x4.mn1,VGD,-1.8300937995661932,1.829548264234678,16.538133552483814,20.078374465110123
fast_nominal_a0_to_3_p1500ps,x4.mn1,VDS,-0.03104808769343311,1.8840037569830776,20.161374465110217,16.57805566706842
fast_nominal_a0_to_3_p1500ps,x4.mn1,VBS,0.0,0.0,5e-05,5e-05
fast_nominal_a0_to_3_p1500ps,x4.mp2,VGS,-1.8310480876934332,0.0840037569830776,20.161374465110217,16.57805566706842
fast_nominal_a0_to_3_p1500ps,x4.mp2,VGD,-1.8300014097480009,1.881404140084315,20.161374465110217,16.57805566706842
fast_nominal_a0_to_3_p1500ps,x4.mp2,VDS,-1.8257849424969923,0.027408400754709072,16.605813983960232,20.203323029032433
fast_nominal_a0_to_3_p1500ps,x4.mp2,VBS,0.0,0.0,5e-05,5e-05
fast_nominal_a0_to_3_p1500ps,x4.mn2,VGS,-0.03104808769343311,1.8840037569830776,20.161374465110217,16.57805566706842
fast_nominal_a0_to_3_p1500ps,x4.mn2,VGD,-1.8300014097480009,1.881404140084315,20.161374465110217,16.57805566706842
fast_nominal_a0_to_3_p1500ps,x4.mn2,VDS,-0.025784942496992286,1.8274084007547091,16.605813983960232,20.203323029032433
fast_nominal_a0_to_3_p1500ps,x4.mn2,VBS,0.0,0.0,5e-05,5e-05
fast_nominal_a0_to_3_p1500ps,x5.mp1,VGS,-1.8041909789286399,-0.9849050921511728,10.005859493059143,0.0036075589114383964
fast_nominal_a0_to_3_p1500ps,x5.mp1,VGD,-1.8037993942580897,0.015351731336347929,10.006859493059142,0.0004426495615080546
fast_nominal_a0_to_3_p1500ps,x5.mp1,VDS,-1.0337650300024461,0.00046235157849561226,0.0002108847276450903,16.494384465251326
fast_nominal_a0_to_3_p1500ps,x5.mp1,VBS,0.0,0.0,5e-05,5e-05
fast_nominal_a0_to_3_p1500ps,x5.mn1,VGS,-0.004190978928639804,0.8150949078488272,10.005859493059143,0.0036075589114383964
fast_nominal_a0_to_3_p1500ps,x5.mn1,VGD,-1.8037993942580897,0.015351731336347929,10.006859493059142,0.0004426495615080546
fast_nominal_a0_to_3_p1500ps,x5.mn1,VDS,0.7662349699975539,1.8004623515784957,0.0002108847276450903,16.494384465251326
fast_nominal_a0_to_3_p1500ps,x5.mn1,VBS,0.0,0.0,5e-05,5e-05
fast_nominal_a0_to_3_p1500ps,x5.mp2,VGS,-1.0337650300024461,0.00046235157849561226,0.0002108847276450903,16.494384465251326
fast_nominal_a0_to_3_p1500ps,x5.mp2,VGD,0.7357442719319212,1.8003005819276703,0.00027078123677147845,16.494384465251326
fast_nominal_a0_to_3_p1500ps,x5.mp2,VDS,-1.799871565392237,-1.7079297915757536,16.516729540745988,0.03170062072318642
fast_nominal_a0_to_3_p1500ps,x5.mp2,VBS,0.0,0.0,5e-05,5e-05
fast_nominal_a0_to_3_p1500ps,x5.mn2,VGS,0.7662349699975539,1.8004623515784957,0.0002108847276450903,16.494384465251326
fast_nominal_a0_to_3_p1500ps,x5.mn2,VGD,0.7357442719319212,1.8003005819276703,0.00027078123677147845,16.494384465251326
fast_nominal_a0_to_3_p1500ps,x5.mn2,VDS,0.0001284346077629257,0.09207020842424647,16.516729540745988,0.03170062072318642
fast_nominal_a0_to_3_p1500ps,x5.mn2,VBS,0.0,0.0,5e-05,5e-05
fast_nominal_a1_to_0_p1500ps,x1.m1,VGS,-1.8,0.0,15.276729034467003,5e-05
fast_nominal_a1_to_0_p1500ps,x1.m1,VGD,-1.909439977756979,1.8716480003852234,20.134777416667095,5.014883662627647
fast_nominal_a1_to_0_p1500ps,x1.m1,VDS,-1.8716480003852234,0.109439977756979,5.014883662627647,20.134777416667095
fast_nominal_a1_to_0_p1500ps,x1.m1,VBS,0.0,0.0,5e-05,5e-05
fast_nominal_a1_to_0_p1500ps,x1.m2,VGS,0.0,1.8,15.276729034467003,5e-05
fast_nominal_a1_to_0_p1500ps,x1.m2,VGD,-1.909439977756979,1.8716480003852234,20.134777416667095,5.014883662627647
fast_nominal_a1_to_0_p1500ps,x1.m2,VDS,-0.07164800038522345,1.909439977756979,5.014883662627647,20.134777416667095
fast_nominal_a1_to_0_p1500ps,x1.m2,VBS,0.0,0.0,5e-05,5e-05
fast_nominal_a1_to_0_p1500ps,x1.m3,VGS,-1.8,-1.8,5e-05,5e-05
fast_nominal_a1_to_0_p1500ps,x1.m3,VGD,-1.8607341978959815,-0.5626157009869686,20.125777416667088,5e-05
fast_nominal_a1_to_0_p1500ps,x1.m3,VDS,-1.2373842990130315,0.060734197895981445,5e-05,20.125777416667088
fast_nominal_a1_to_0_p1500ps,x1.m3,VBS,0.0,0.0,5e-05,5e-05
fast_nominal_a1_to_0_p1500ps,x1.m4,VGS,0.0,0.0,5e-05,5e-05
fast_nominal_a1_to_0_p1500ps,x1.m4,VGD,-1.8607341978959815,-0.5626157009869686,20.125777416667088,5e-05
fast_nominal_a1_to_0_p1500ps,x1.m4,VDS,0.5626157009869686,1.8607341978959815,5e-05,20.125777416667088
fast_nominal_a1_to_0_p1500ps,x1.m4,VBS,0.0,0.0,5e-05,5e-05
fast_nominal_a1_to_0_p1500ps,x1.m5,VGS,-1.8,0.0,5e-05,5.0125
fast_nominal_a1_to_0_p1500ps,x1.m5,VGD,-1.8003258890802396,1.7999322746310462,15.75591028714995,17.730091984850752
fast_nominal_a1_to_0_p1500ps,x1.m5,VDS,-1.8245387079292752,0.08119734892520625,20.00081776751566,16.513695701180684
fast_nominal_a1_to_0_p1500ps,x1.m5,VBS,0.0,0.0,5e-05,5e-05
fast_nominal_a1_to_0_p1500ps,x1.m6,VGS,0.08397748310602804,1.8419347366216434,15.49191028714965,20.007817767515668
fast_nominal_a1_to_0_p1500ps,x1.m6,VGD,-0.25363387986128727,1.8182028979787788,5e-05,19.99981776751566
fast_nominal_a1_to_0_p1500ps,x1.m6,VDS,2.544076150316825e-05,1.1894220192217824,17.67309198485069,16.521619128993922
fast_nominal_a1_to_0_p1500ps,x1.m6,VBS,-1.7202860800711817,0.04811560882551065,15.49091028714965,20.006817767515667
fast_nominal_a1_to_0_p1500ps,x1.m7,VGS,-1.2806241528699507,1.8638542718877322,4.998331596145631,20.00981776751567
fast_nominal_a1_to_0_p1500ps,x1.m7,VGD,-1.3908743078329764,1.828379877754812,15.248488417812926,20.005817767515666
fast_nominal_a1_to_0_p1500ps,x1.m7,VDS,-0.06799804773364437,1.4329773485557205,0.0377565180927079,10.009104747382198
fast_nominal_a1_to_0_p1500ps,x1.m7,VBS,-1.3005582668130629,0.08336184183471605,15.32491028714946,20.00881776751567
fast_nominal_a1_to_0_p1500ps,x1.m8,VGS,0.0,1.8,5e-05,5.0125
fast_nominal_a1_to_0_p1500ps,x1.m8,VGD,-1.3005582668130629,1.7999831436202112,15.32491028714946,6.344777098349086
fast_nominal_a1_to_0_p1500ps,x1.m8,VDS,-0.08336184183471605,1.3005582668130629,20.00881776751567,15.32491028714946
fast_nominal_a1_to_0_p1500ps,x1.m8,VBS,0.0,0.0,5e-05,5e-05
fast_nominal_a1_to_0_p1500ps,x1.m9,VGS,-1.8245387079292752,0.08119734892520625,20.00081776751566,16.513695701180684
fast_nominal_a1_to_0_p1500ps,x1.m9,VGD,-1.8201814992274294,1.8796073643098168,20.00181776751566,16.514509740482264
fast_nominal_a1_to_0_p1500ps,x1.m9,VDS,-1.830970521458798,0.030577729248686403,16.5360919848494,20.07577741666703
fast_nominal_a1_to_0_p1500ps,x1.m9,VBS,0.0,0.0,5e-05,5e-05
fast_nominal_a1_to_0_p1500ps,x1.m10,VGS,-0.024538707929275226,1.8811973489252063,20.00081776751566,16.513695701180684
fast_nominal_a1_to_0_p1500ps,x1.m10,VGD,-1.8201814992274294,1.8796073643098168,20.00181776751566,16.514509740482264
fast_nominal_a1_to_0_p1500ps,x1.m10,VDS,-0.030970521458797938,1.8305777292486864,16.5360919848494,20.07577741666703
fast_nominal_a1_to_0_p1500ps,x1.m10,VBS,0.0,0.0,5e-05,5e-05
fast_nominal_a1_to_0_p1500ps,x1.m11,VGS,-1.8,0.0,5e-05,5.0125
fast_nominal_a1_to_0_p1500ps,x1.m11,VGD,-1.8004031416698556,1.7999322027493574,15.356910287149496,6.3467770983490865
fast_nominal_a1_to_0_p1500ps,x1.m11,VDS,-1.8243921947863972,0.08382218396017427,10.001104747382202,5.014883662627647
fast_nominal_a1_to_0_p1500ps,x1.m11,VBS,0.0,0.0,5e-05,5e-05
fast_nominal_a1_to_0_p1500ps,x1.m12,VGS,0.3884278624741594,1.840973497752443,5e-05,10.007104747382199
fast_nominal_a1_to_0_p1500ps,x1.m12,VGD,-0.25376602181189667,1.81815974425364,5e-05,10.000104747382203
fast_nominal_a1_to_0_p1500ps,x1.m12,VDS,2.5472409771076787e-05,1.1978740564351034,6.353777098349088,5.022291883566201
fast_nominal_a1_to_0_p1500ps,x1.m12,VBS,-1.3495522815604628,0.04706195743549063,25.0,10.007104747382199
fast_nominal_a1_to_0_p1500ps,x1.m13,VGS,-1.2208282953697993,1.8717630536799508,16.49911749304759,10.012104747382196
fast_nominal_a1_to_0_p1500ps,x1.m13,VGD,-1.3494064747087227,1.8339470918255156,25.0,10.008104747382198
fast_nominal_a1_to_0_p1500ps,x1.m13,VDS,-0.07814043210572419,1.4018465153326425,15.358910287149499,20.00981776751567
fast_nominal_a1_to_0_p1500ps,x1.m13,VBS,-1.3005582668130629,0.08336184183471605,15.32491028714946,20.00881776751567
fast_nominal_a1_to_0_p1500ps,x1.m14,VGS,-1.8243921947863972,0.08382218396017427,10.001104747382202,5.014883662627647
fast_nominal_a1_to_0_p1500ps,x1.m14,VGD,-1.8201071632052694,1.8825288058887248,10.002104747382202,5.015562936697854
fast_nominal_a1_to_0_p1500ps,x1.m14,VDS,-1.8319066384068934,0.02968466939296177,5.036962870447627,10.077066341101172
fast_nominal_a1_to_0_p1500ps,x1.m14,VBS,0.0,0.0,5e-05,5e-05
fast_nominal_a1_to_0_p1500ps,x1.m15,VGS,-0.024392194786397148,1.8838221839601743,10.001104747382202,5.014883662627647
fast_nominal_a1_to_0_p1500ps,x1.m15,VGD,-1.8201071632052694,1.8825288058887248,10.002104747382202,5.015562936697854
fast_nominal_a1_to_0_p1500ps,x1.m15,VDS,-0.03190663840689342,1.8296846693929618,5.036962870447627,10.077066341101172
fast_nominal_a1_to_0_p1500ps,x1.m15,VBS,0.0,0.0,5e-05,5e-05
fast_nominal_a1_to_0_p1500ps,x1.m16,VGS,-1.8,0.0,5e-05,5.0125
fast_nominal_a1_to_0_p1500ps,x1.m16,VGD,-1.800009940258611,-0.07065743224757104,15.249488417812927,9.987500000000002
fast_nominal_a1_to_0_p1500ps,x1.m16,VDS,-1.0095220780993213,0.08030589058076854,0.0001726078038779499,16.645091984849522
fast_nominal_a1_to_0_p1500ps,x1.m16,VBS,0.0,0.0,5e-05,5e-05
fast_nominal_a1_to_0_p1500ps,x1.m17,VGS,-1.180667688752243,0.53192298113322,25.0,0.015756518092707877
fast_nominal_a1_to_0_p1500ps,x1.m17,VGD,-1.8960292668996668,-0.25083970193417826,5.017291883566199,0.00975651809270788
fast_nominal_a1_to_0_p1500ps,x1.m17,VDS,0.5929412828944864,1.890233518089942,0.00026017902269989766,19.995817767515653
fast_nominal_a1_to_0_p1500ps,x1.m17,VBS,-1.180811682019625,0.08119913830903777,25.0,20.011817767515673
fast_nominal_a1_to_0_p1500ps,x1.m18,VGS,-1.2806241528699507,1.8638542718877322,4.998331596145631,20.00981776751567
fast_nominal_a1_to_0_p1500ps,x1.m18,VGD,-0.061593478861342546,1.8640069917568187,5.014413139567241,20.0134226623467
fast_nominal_a1_to_0_p1500ps,x1.m18,VDS,-1.2834086352917824,0.43640359659316796,4.998331596145631,16.511814378938496
fast_nominal_a1_to_0_p1500ps,x1.m18,VBS,-1.3005582668130629,0.08336184183471605,15.32491028714946,20.00881776751567
fast_nominal_a1_to_0_p1500ps,x1.m19,VGS,-1.0095220780993213,0.08030589058076854,0.0001726078038779499,16.645091984849522
fast_nominal_a1_to_0_p1500ps,x1.m19,VGD,0.006579133772508294,1.8802490814345485,0.0004236642174155652,16.646091984849523
fast_nominal_a1_to_0_p1500ps,x1.m19,VDS,-1.8042215166158182,-0.9848806077125823,20.005817767515666,0.0036611447870281335
fast_nominal_a1_to_0_p1500ps,x1.m19,VBS,0.0,0.0,5e-05,5e-05
fast_nominal_a1_to_0_p1500ps,x1.m20,VGS,0.7904779219006789,1.8803058905807686,0.0001726078038779499,16.645091984849522
fast_nominal_a1_to_0_p1500ps,x1.m20,VGD,0.006579133772508294,1.8802490814345485,0.0004236642174155652,16.646091984849523
fast_nominal_a1_to_0_p1500ps,x1.m20,VDS,-0.004221516615818047,0.8151193922874177,20.005817767515666,0.0036611447870281335
fast_nominal_a1_to_0_p1500ps,x1.m20,VBS,0.0,0.0,5e-05,5e-05
fast_nominal_a1_to_0_p1500ps,x1.m21,VGS,-1.8,0.0,5e-05,5.0125
fast_nominal_a1_to_0_p1500ps,x1.m21,VGD,-1.8000449574398016,-0.0710818428151232,15.394910287149541,9.987500000000002
fast_nominal_a1_to_0_p1500ps,x1.m21,VDS,-1.009209243470006,0.08031542938432068,0.0001726078038779499,5.143777098348718
fast_nominal_a1_to_0_p1500ps,x1.m21,VBS,0.0,0.0,5e-05,5e-05
fast_nominal_a1_to_0_p1500ps,x1.m22,VGS,-1.200235762970245,0.47492572560077634,15.308910287149443,0.01075651809270788
fast_nominal_a1_to_0_p1500ps,x1.m22,VGD,-1.89602121713471,-0.25027604710121987,5.017291883566199,0.00975651809270788
fast_nominal_a1_to_0_p1500ps,x1.m22,VDS,0.5992120360415569,1.887538140896795,15.308910287149443,9.995104747382205
fast_nominal_a1_to_0_p1500ps,x1.m22,VBS,-1.2007931484114884,0.0787320341866632,15.308910287149443,10.011104747382197
fast_nominal_a1_to_0_p1500ps,x1.m23,VGS,-1.2208282953697993,1.8717630536799508,16.49911749304759,10.012104747382196
fast_nominal_a1_to_0_p1500ps,x1.m23,VGD,-0.8330449208327565,1.8735262856362793,16.510814378938495,10.013811899721095
fast_nominal_a1_to_0_p1500ps,x1.m23,VDS,-0.4160208118191373,0.8925938313013992,16.49911749304759,20.00981776751567
fast_nominal_a1_to_0_p1500ps,x1.m23,VBS,-1.3005582668130629,0.08336184183471605,15.32491028714946,20.00881776751567
fast_nominal_a1_to_0_p1500ps,x1.m24,VGS,-1.009209243470006,0.08031542938432068,0.0001726078038779499,5.143777098348718
fast_nominal_a1_to_0_p1500ps,x1.m24,VGD,0.006939952047822828,1.8802586206035492,0.0004236642174155652,5.144777098348717
fast_nominal_a1_to_0_p1500ps,x1.m24,VDS,-1.8042325593811868,-0.9851294083512336,20.005817767515666,0.0036611447870281335
fast_nominal_a1_to_0_p1500ps,x1.m24,VBS,0.0,0.0,5e-05,5e-05
fast_nominal_a1_to_0_p1500ps,x1.m25,VGS,0.7907907565299941,1.8803154293843207,0.0001726078038779499,5.143777098348718
fast_nominal_a1_to_0_p1500ps,x1.m25,VGD,0.006939952047822828,1.8802586206035492,0.0004236642174155652,5.144777098348717
fast_nominal_a1_to_0_p1500ps,x1.m25,VDS,-0.004232559381186793,0.8148705916487664,20.005817767515666,0.0036611447870281335
fast_nominal_a1_to_0_p1500ps,x1.m25,VBS,0.0,0.0,5e-05,5e-05
fast_nominal_a1_to_0_p1500ps,x1.m26,VGS,-1.8716480003852234,0.109439977756979,5.014883662627647,20.134777416667095
fast_nominal_a1_to_0_p1500ps,x1.m26,VGD,-1.8245914166305461,1.9081806405698027,15.250488417812928,20.136777416667098
fast_nominal_a1_to_0_p1500ps,x1.m26,VDS,-1.8339232525428253,0.060480215947531724,16.510814378938495,15.30691028714944
fast_nominal_a1_to_0_p1500ps,x1.m26,VBS,0.0,0.0,5e-05,5e-05
fast_nominal_a1_to_0_p1500ps,x1.m27,VGS,-0.07164800038522345,1.909439977756979,5.014883662627647,20.134777416667095
fast_nominal_a1_to_0_p1500ps,x1.m27,VGD,-1.8245914166305461,1.9081806405698027,15.250488417812928,20.136777416667098
fast_nominal_a1_to_0_p1500ps,x1.m27,VDS,-0.033923252542825175,1.8604802159475318,16.510814378938495,15.30691028714944
fast_nominal_a1_to_0_p1500ps,x1.m27,VBS,0.0,0.0,5e-05,5e-05
fast_nominal_a1_to_0_p1500ps,x1.m28,VGS,-1.2373842990130315,0.060734197895981445,5e-05,20.125777416667088
fast_nominal_a1_to_0_p1500ps,x1.m28,VGD,0.11526782866516982,1.8599803664408128,0.00975651809270788,20.12677741666709
fast_nominal_a1_to_0_p1500ps,x1.m28,VDS,-1.8166526213173033,-1.0520443543382898,5.017291883566199,0.013756518092707878
fast_nominal_a1_to_0_p1500ps,x1.m28,VBS,0.0,0.0,5e-05,5e-05
fast_nominal_a1_to_0_p1500ps,x1.m29,VGS,0.5626157009869686,1.8607341978959815,5e-05,20.125777416667088
fast_nominal_a1_to_0_p1500ps,x1.m29,VGD,0.11526782866516982,1.8599803664408128,0.00975651809270788,20.12677741666709
fast_nominal_a1_to_0_p1500ps,x1.m29,VDS,-0.016652621317303162,0.7479556456617104,5.017291883566199,0.013756518092707878
fast_nominal_a1_to_0_p1500ps,x1.m29,VBS,0.0,0.0,5e-05,5e-05
fast_nominal_a1_to_0_p1500ps,x2.mp1,VGS,-1.830970521458798,0.030577729248686403,16.5360919848494,20.07577741666703
fast_nominal_a1_to_0_p1500ps,x2.mp1,VGD,-1.8281508417970633,1.8304723332758501,16.5370919848494,20.07677741666703
fast_nominal_a1_to_0_p1500ps,x2.mp1,VDS,-1.8301542649045062,0.08286510547818238,20.159777416667126,16.57909198484945
fast_nominal_a1_to_0_p1500ps,x2.mp1,VBS,0.0,0.0,5e-05,5e-05
fast_nominal_a1_to_0_p1500ps,x2.mn1,VGS,-0.030970521458797938,1.8305777292486864,16.5360919848494,20.07577741666703
fast_nominal_a1_to_0_p1500ps,x2.mn1,VGD,-1.8281508417970633,1.8304723332758501,16.5370919848494,20.07677741666703
fast_nominal_a1_to_0_p1500ps,x2.mn1,VDS,-0.030154264904506026,1.8828651054781824,20.159777416667126,16.57909198484945
fast_nominal_a1_to_0_p1500ps,x2.mn1,VBS,0.0,0.0,5e-05,5e-05
fast_nominal_a1_to_0_p1500ps,x2.mp2,VGS,-1.8301542649045062,0.08286510547818238,20.159777416667126,16.57909198484945
fast_nominal_a1_to_0_p1500ps,x2.mp2,VGD,-1.8291414706206661,1.8803103133507137,20.159777416667126,16.57909198484945
fast_nominal_a1_to_0_p1500ps,x2.mp2,VDS,-1.8256840122234341,0.02735975953591896,16.60709198484948,20.202777416667175
fast_nominal_a1_to_0_p1500ps,x2.mp2,VBS,0.0,0.0,5e-05,5e-05
fast_nominal_a1_to_0_p1500ps,x2.mn2,VGS,-0.030154264904506026,1.8828651054781824,20.159777416667126,16.57909198484945
fast_nominal_a1_to_0_p1500ps,x2.mn2,VGD,-1.8291414706206661,1.8803103133507137,20.159777416667126,16.57909198484945
fast_nominal_a1_to_0_p1500ps,x2.mn2,VDS,-0.025684012223434024,1.827359759535919,16.60709198484948,20.202777416667175
fast_nominal_a1_to_0_p1500ps,x2.mn2,VBS,0.0,0.0,5e-05,5e-05
fast_nominal_a1_to_0_p1500ps,x3.mp1,VGS,-1.8319066384068934,0.02968466939296177,5.036962870447627,10.077066341101172
fast_nominal_a1_to_0_p1500ps,x3.mp1,VGD,-1.82904928013093,1.8295842367620643,5.037962870447627,10.077066341101172
fast_nominal_a1_to_0_p1500ps,x3.mp1,VDS,-1.830285665081806,0.08371063632233633,10.16106634110113,5.07896287044764
fast_nominal_a1_to_0_p1500ps,x3.mp1,VBS,0.0,0.0,5e-05,5e-05
fast_nominal_a1_to_0_p1500ps,x3.mn1,VGS,-0.03190663840689342,1.8296846693929618,5.036962870447627,10.077066341101172
fast_nominal_a1_to_0_p1500ps,x3.mn1,VGD,-1.82904928013093,1.8295842367620643,5.037962870447627,10.077066341101172
fast_nominal_a1_to_0_p1500ps,x3.mn1,VDS,-0.03028566508180588,1.8837106363223364,10.16106634110113,5.07896287044764
fast_nominal_a1_to_0_p1500ps,x3.mn1,VBS,0.0,0.0,5e-05,5e-05
fast_nominal_a1_to_0_p1500ps,x3.mp2,VGS,-1.830285665081806,0.08371063632233633,10.16106634110113,5.07896287044764
fast_nominal_a1_to_0_p1500ps,x3.mp2,VGD,-1.8292647298158082,1.8811145767891317,10.16106634110113,5.07896287044764
fast_nominal_a1_to_0_p1500ps,x3.mp2,VDS,-1.8257698364863075,0.027355240866014263,5.106870646071324,10.203996302067614
fast_nominal_a1_to_0_p1500ps,x3.mp2,VBS,0.0,0.0,5e-05,5e-05
fast_nominal_a1_to_0_p1500ps,x3.mn2,VGS,-0.03028566508180588,1.8837106363223364,10.16106634110113,5.07896287044764
fast_nominal_a1_to_0_p1500ps,x3.mn2,VGD,-1.8292647298158082,1.8811145767891317,10.16106634110113,5.07896287044764
fast_nominal_a1_to_0_p1500ps,x3.mn2,VDS,-0.025769836486307443,1.8273552408660143,5.106870646071324,10.203996302067614
fast_nominal_a1_to_0_p1500ps,x3.mn2,VBS,0.0,0.0,5e-05,5e-05
fast_nominal_a1_to_0_p1500ps,x4.mp1,VGS,-1.8042325593811868,-0.9851294083512336,20.005817767515666,0.0036611447870281335
fast_nominal_a1_to_0_p1500ps,x4.mp1,VGD,-1.8038382781048496,0.015855921531817252,20.006817767515667,0.0004236642174155652
fast_nominal_a1_to_0_p1500ps,x4.mp1,VDS,-1.03364084235422,0.0004619591444268156,0.00020602795577447965,16.494117493047582
fast_nominal_a1_to_0_p1500ps,x4.mp1,VBS,0.0,0.0,5e-05,5e-05
fast_nominal_a1_to_0_p1500ps,x4.mn1,VGS,-0.004232559381186793,0.8148705916487664,20.005817767515666,0.0036611447870281335
fast_nominal_a1_to_0_p1500ps,x4.mn1,VGD,-1.8038382781048496,0.015855921531817252,20.006817767515667,0.0004236642174155652
fast_nominal_a1_to_0_p1500ps,x4.mn1,VDS,0.76635915764578,1.8004619591444269,0.00020602795577447965,16.494117493047582
fast_nominal_a1_to_0_p1500ps,x4.mn1,VBS,0.0,0.0,5e-05,5e-05
fast_nominal_a1_to_0_p1500ps,x4.mp2,VGS,-1.03364084235422,0.0004619591444268156,0.00020602795577447965,16.494117493047582
fast_nominal_a1_to_0_p1500ps,x4.mp2,VGD,0.7357884760101969,1.800300062771296,0.00026017902269989766,16.494117493047582
fast_nominal_a1_to_0_p1500ps,x4.mp2,VDS,-1.7998702771184338,-1.707971774254178,5.017291883566199,0.03175651809270789
fast_nominal_a1_to_0_p1500ps,x4.mp2,VBS,0.0,0.0,5e-05,5e-05
fast_nominal_a1_to_0_p1500ps,x4.mn2,VGS,0.76635915764578,1.8004619591444269,0.00020602795577447965,16.494117493047582
fast_nominal_a1_to_0_p1500ps,x4.mn2,VGD,0.7357884760101969,1.800300062771296,0.00026017902269989766,16.494117493047582
fast_nominal_a1_to_0_p1500ps,x4.mn2,VDS,0.0001297228815661448,0.09202822574582208,5.017291883566199,0.03175651809270789
fast_nominal_a1_to_0_p1500ps,x4.mn2,VBS,0.0,0.0,5e-05,5e-05
fast_nominal_a1_to_0_p1500ps,x5.mp1,VGS,-1.8042215166158182,-0.9848806077125823,20.005817767515666,0.0036611447870281335
fast_nominal_a1_to_0_p1500ps,x5.mp1,VGD,-1.8038289954261568,0.01561636154556334,20.006817767515667,0.0004236642174155652
fast_nominal_a1_to_0_p1500ps,x5.mp1,VDS,-1.0336489326025444,0.00046196111277230223,0.00020602795577447965,16.494117493047582
fast_nominal_a1_to_0_p1500ps,x5.mp1,VBS,0.0,0.0,5e-05,5e-05
fast_nominal_a1_to_0_p1500ps,x5.mn1,VGS,-0.004221516615818047,0.8151193922874177,20.005817767515666,0.0036611447870281335
fast_nominal_a1_to_0_p1500ps,x5.mn1,VGD,-1.8038289954261568,0.01561636154556334,20.006817767515667,0.0004236642174155652
fast_nominal_a1_to_0_p1500ps,x5.mn1,VDS,0.7663510673974555,1.8004619611127723,0.00020602795577447965,16.494117493047582
fast_nominal_a1_to_0_p1500ps,x5.mn1,VBS,0.0,0.0,5e-05,5e-05
fast_nominal_a1_to_0_p1500ps,x5.mp2,VGS,-1.0336489326025444,0.00046196111277230223,0.00020602795577447965,16.494117493047582
fast_nominal_a1_to_0_p1500ps,x5.mp2,VGD,0.735776406720739,1.800300064648295,0.00026017902269989766,16.494117493047582
fast_nominal_a1_to_0_p1500ps,x5.mp2,VDS,-1.7998703075827613,-1.70793377650665,5.017291883566199,0.03175651809270789
fast_nominal_a1_to_0_p1500ps,x5.mp2,VBS,0.0,0.0,5e-05,5e-05
fast_nominal_a1_to_0_p1500ps,x5.mn2,VGS,0.7663510673974555,1.8004619611127723,0.00020602795577447965,16.494117493047582
fast_nominal_a1_to_0_p1500ps,x5.mn2,VGD,0.735776406720739,1.800300064648295,0.00026017902269989766,16.494117493047582
fast_nominal_a1_to_0_p1500ps,x5.mn2,VDS,0.0001296924172387755,0.09206622349334999,5.017291883566199,0.03175651809270789
fast_nominal_a1_to_0_p1500ps,x5.mn2,VBS,0.0,0.0,5e-05,5e-05
fast_nominal_a1_to_2_p1500ps,x1.m1,VGS,-1.8,0.0,15.276729034467003,5e-05
fast_nominal_a1_to_2_p1500ps,x1.m1,VGD,-1.9078636787779968,1.8716480003852234,20.133777416667098,5.014883662627647
fast_nominal_a1_to_2_p1500ps,x1.m1,VDS,-1.8716480003852234,0.10786367877799674,5.014883662627647,20.133777416667098
fast_nominal_a1_to_2_p1500ps,x1.m1,VBS,0.0,0.0,5e-05,5e-05
fast_nominal_a1_to_2_p1500ps,x1.m2,VGS,0.0,1.8,15.276729034467003,5e-05
fast_nominal_a1_to_2_p1500ps,x1.m2,VGD,-1.9078636787779968,1.8716480003852234,20.133777416667098,5.014883662627647
fast_nominal_a1_to_2_p1500ps,x1.m2,VDS,-0.07164800038522345,1.9078636787779968,5.014883662627647,20.133777416667098
fast_nominal_a1_to_2_p1500ps,x1.m2,VBS,0.0,0.0,5e-05,5e-05
fast_nominal_a1_to_2_p1500ps,x1.m3,VGS,-1.8,0.0,5e-05,15.283557301213003
fast_nominal_a1_to_2_p1500ps,x1.m3,VGD,-1.860101948101857,1.8316820821765327,10.128066341101146,16.52132819376132
fast_nominal_a1_to_2_p1500ps,x1.m3,VDS,-1.8316820821765327,0.06010194810185698,16.52132819376132,10.128066341101146
fast_nominal_a1_to_2_p1500ps,x1.m3,VBS,0.0,0.0,5e-05,5e-05
fast_nominal_a1_to_2_p1500ps,x1.m4,VGS,0.0,1.8,5e-05,15.283557301213003
fast_nominal_a1_to_2_p1500ps,x1.m4,VGD,-1.860101948101857,1.8316820821765327,10.128066341101146,16.52132819376132
fast_nominal_a1_to_2_p1500ps,x1.m4,VDS,-0.0316820821765326,1.860101948101857,16.52132819376132,10.128066341101146
fast_nominal_a1_to_2_p1500ps,x1.m4,VBS,0.0,0.0,5e-05,5e-05
fast_nominal_a1_to_2_p1500ps,x1.m5,VGS,-1.8,0.0,5e-05,5.0125
fast_nominal_a1_to_2_p1500ps,x1.m5,VGD,-1.8011549006503162,-0.0635500175034216,15.238701658590095,9.987500000000002
fast_nominal_a1_to_2_p1500ps,x1.m5,VDS,-0.9977382685234532,0.08027335799160373,0.00020602795577447965,16.649657273388712
fast_nominal_a1_to_2_p1500ps,x1.m5,VBS,0.0,0.0,5e-05,5e-05
fast_nominal_a1_to_2_p1500ps,x1.m6,VGS,-1.364570969880482,0.7680832782596063,15.622620076469131,0.07275651809270792
fast_nominal_a1_to_2_p1500ps,x1.m6,VGD,-1.9103510613890533,0.06151667013865625,16.52132819376132,10.124066341101148
fast_nominal_a1_to_2_p1500ps,x1.m6,VDS,0.4240787616285251,1.8902730851786878,10.014922568233985,19.995817524821028
fast_nominal_a1_to_2_p1500ps,x1.m6,VBS,-1.3735185687753837,0.08108862203257802,15.22810489372912,20.011817524821048
fast_nominal_a1_to_2_p1500ps,x1.m7,VGS,-1.2806241528699507,1.8637777733803933,4.998331596145631,20.009817524821045
fast_nominal_a1_to_2_p1500ps,x1.m7,VGD,-1.3969758280808326,1.8639424860322966,15.245701658590104,20.013231236193846
fast_nominal_a1_to_2_p1500ps,x1.m7,VDS,-0.06799804773364437,1.4329773485557205,0.0377565180927079,10.009104747382198
fast_nominal_a1_to_2_p1500ps,x1.m7,VBS,-1.3016514193702418,0.08325145478715829,16.498541076208774,20.008817524821044
fast_nominal_a1_to_2_p1500ps,x1.m8,VGS,0.0,1.8,5e-05,5.0125
fast_nominal_a1_to_2_p1500ps,x1.m8,VGD,-1.287613299358538,1.7999831436202112,15.320620076468789,6.344777098349086
fast_nominal_a1_to_2_p1500ps,x1.m8,VDS,-0.08325145478715829,1.3016514193702418,20.008817524821044,16.498541076208774
fast_nominal_a1_to_2_p1500ps,x1.m8,VBS,0.0,0.0,5e-05,5e-05
fast_nominal_a1_to_2_p1500ps,x1.m9,VGS,-0.9977382685234532,0.08027335799160373,0.00020602795577447965,16.649657273388712
fast_nominal_a1_to_2_p1500ps,x1.m9,VGD,0.012196098225947805,1.8802165161976319,0.0004236642174155652,16.650657273388713
fast_nominal_a1_to_2_p1500ps,x1.m9,VDS,-1.8042290711815894,-0.9841080946075039,20.00581752482104,0.0007212233472530373
fast_nominal_a1_to_2_p1500ps,x1.m9,VBS,0.0,0.0,5e-05,5e-05
fast_nominal_a1_to_2_p1500ps,x1.m10,VGS,0.8022617314765469,1.8802733579916038,0.00020602795577447965,16.649657273388712
fast_nominal_a1_to_2_p1500ps,x1.m10,VGD,0.012196098225947805,1.8802165161976319,0.0004236642174155652,16.650657273388713
fast_nominal_a1_to_2_p1500ps,x1.m10,VDS,-0.004229071181589234,0.8158919053924961,20.00581752482104,0.0007212233472530373
fast_nominal_a1_to_2_p1500ps,x1.m10,VBS,0.0,0.0,5e-05,5e-05
fast_nominal_a1_to_2_p1500ps,x1.m11,VGS,-1.8,0.0,5e-05,5.0125
fast_nominal_a1_to_2_p1500ps,x1.m11,VGD,-1.8006684233401649,1.7999322027493574,15.238701658590095,6.3467770983490865
fast_nominal_a1_to_2_p1500ps,x1.m11,VDS,-1.8243921947863972,0.08382218396017427,10.001104747382202,5.014883662627647
fast_nominal_a1_to_2_p1500ps,x1.m11,VBS,0.0,0.0,5e-05,5e-05
fast_nominal_a1_to_2_p1500ps,x1.m12,VGS,-0.7214684125703321,1.840973497752443,15.342620076468812,10.007104747382199
fast_nominal_a1_to_2_p1500ps,x1.m12,VGD,-1.9103312691855177,1.81815974425364,16.52132819376132,10.000104747382203
fast_nominal_a1_to_2_p1500ps,x1.m12,VDS,2.5472409771076787e-05,1.3033051864546945,6.353777098349088,16.514433526320026
fast_nominal_a1_to_2_p1500ps,x1.m12,VBS,-1.2509256837008156,0.04706195743549063,15.241701658590099,10.007104747382199
fast_nominal_a1_to_2_p1500ps,x1.m13,VGS,-1.2988004994397713,1.8717630536799508,16.498541076208774,10.012104747382196
fast_nominal_a1_to_2_p1500ps,x1.m13,VGD,-0.6142819146862228,1.8339470918255156,16.510506180264233,10.008104747382198
fast_nominal_a1_to_2_p1500ps,x1.m13,VDS,-0.7159021589494645,0.6698716959494885,16.498541076208774,20.009817524821045
fast_nominal_a1_to_2_p1500ps,x1.m13,VBS,-1.3016514193702418,0.08325145478715829,16.498541076208774,20.008817524821044
fast_nominal_a1_to_2_p1500ps,x1.m14,VGS,-1.8243921947863972,0.08382218396017427,10.001104747382202,5.014883662627647
fast_nominal_a1_to_2_p1500ps,x1.m14,VGD,-1.8201071632052694,1.8825288058887248,10.002104747382202,5.015562936697854
fast_nominal_a1_to_2_p1500ps,x1.m14,VDS,-1.8319066384068934,0.02968466939296177,5.036962870447627,10.077066341101172
fast_nominal_a1_to_2_p1500ps,x1.m14,VBS,0.0,0.0,5e-05,5e-05
fast_nominal_a1_to_2_p1500ps,x1.m15,VGS,-0.024392194786397148,1.8838221839601743,10.001104747382202,5.014883662627647
fast_nominal_a1_to_2_p1500ps,x1.m15,VGD,-1.8201071632052694,1.8825288058887248,10.002104747382202,5.015562936697854
fast_nominal_a1_to_2_p1500ps,x1.m15,VDS,-0.03190663840689342,1.8296846693929618,5.036962870447627,10.077066341101172
fast_nominal_a1_to_2_p1500ps,x1.m15,VBS,0.0,0.0,5e-05,5e-05
fast_nominal_a1_to_2_p1500ps,x1.m16,VGS,-1.8,0.0,5e-05,5.0125
fast_nominal_a1_to_2_p1500ps,x1.m16,VGD,-1.8412989804755142,1.799932161961343,15.334620076468804,17.91865727339015
fast_nominal_a1_to_2_p1500ps,x1.m16,VDS,-1.8244407904125548,0.08340904368582325,20.000817524821034,16.514935124884563
fast_nominal_a1_to_2_p1500ps,x1.m16,VBS,0.0,0.0,5e-05,5e-05
fast_nominal_a1_to_2_p1500ps,x1.m17,VGS,-0.07081558070546369,1.844468359527753,15.292620076468756,20.007817524821043
fast_nominal_a1_to_2_p1500ps,x1.m17,VGD,-1.8960292668996668,1.8186066705185822,5.017291883566199,20.000817524821034
fast_nominal_a1_to_2_p1500ps,x1.m17,VDS,2.5472494846218163e-05,1.8898487335205978,17.823657273390044,5.015562936697854
fast_nominal_a1_to_2_p1500ps,x1.m17,VBS,-1.2574281038362063,0.04780673226920851,16.50750618026423,20.00681752482104
fast_nominal_a1_to_2_p1500ps,x1.m18,VGS,-1.2806241528699507,1.8637777733803933,4.998331596145631,20.009817524821045
fast_nominal_a1_to_2_p1500ps,x1.m18,VGD,-0.061593478861342546,1.8281334471847266,5.014413139567241,20.00581752482104
fast_nominal_a1_to_2_p1500ps,x1.m18,VDS,-1.2834086352917824,0.5918654804457258,4.998331596145631,16.512921949411655
fast_nominal_a1_to_2_p1500ps,x1.m18,VBS,-1.3016514193702418,0.08325145478715829,16.498541076208774,20.008817524821044
fast_nominal_a1_to_2_p1500ps,x1.m19,VGS,-1.8244407904125548,0.08340904368582325,20.000817524821034,16.514935124884563
fast_nominal_a1_to_2_p1500ps,x1.m19,VGD,-1.8201028188724186,1.8822200313843875,20.001817524821035,16.51559341994437
fast_nominal_a1_to_2_p1500ps,x1.m19,VDS,-1.8317005540077698,0.030530708044070654,16.537738236592347,20.07677741666703
fast_nominal_a1_to_2_p1500ps,x1.m19,VBS,0.0,0.0,5e-05,5e-05
fast_nominal_a1_to_2_p1500ps,x1.m20,VGS,-0.02444079041255484,1.8834090436858233,20.000817524821034,16.514935124884563
fast_nominal_a1_to_2_p1500ps,x1.m20,VGD,-1.8201028188724186,1.8822200313843875,20.001817524821035,16.51559341994437
fast_nominal_a1_to_2_p1500ps,x1.m20,VDS,-0.03170055400776971,1.8305307080440707,16.537738236592347,20.07677741666703
fast_nominal_a1_to_2_p1500ps,x1.m20,VBS,0.0,0.0,5e-05,5e-05
fast_nominal_a1_to_2_p1500ps,x1.m21,VGS,-1.8,0.0,5e-05,5.0125
fast_nominal_a1_to_2_p1500ps,x1.m21,VGD,-1.84409864171754,-0.05941402715148136,15.345620076468816,19.9875
fast_nominal_a1_to_2_p1500ps,x1.m21,VDS,-1.009209243470006,0.08031542938432068,0.0001726078038779499,5.143777098348718
fast_nominal_a1_to_2_p1500ps,x1.m21,VBS,0.0,0.0,5e-05,5e-05
fast_nominal_a1_to_2_p1500ps,x1.m22,VGS,-1.2129251591492372,0.6059649608302604,15.285143066254626,15.427620076468909
fast_nominal_a1_to_2_p1500ps,x1.m22,VGD,-1.89602121713471,0.034828245925993206,5.017291883566199,20.022968133373798
fast_nominal_a1_to_2_p1500ps,x1.m22,VDS,0.4174857041885105,1.887538140896795,15.345620076468816,9.995104747382205
fast_nominal_a1_to_2_p1500ps,x1.m22,VBS,-1.4266129375290295,0.0787320341866632,15.345620076468816,10.011104747382197
fast_nominal_a1_to_2_p1500ps,x1.m23,VGS,-1.2988004994397713,1.8717630536799508,16.498541076208774,10.012104747382196
fast_nominal_a1_to_2_p1500ps,x1.m23,VGD,-1.3502142925567808,1.8735262856362793,25.0,10.013811899721095
fast_nominal_a1_to_2_p1500ps,x1.m23,VDS,-0.10803364584254926,1.4065988909117766,4.998331596145631,20.009817524821045
fast_nominal_a1_to_2_p1500ps,x1.m23,VBS,-1.3016514193702418,0.08325145478715829,16.498541076208774,20.008817524821044
fast_nominal_a1_to_2_p1500ps,x1.m24,VGS,-1.009209243470006,0.08031542938432068,0.0001726078038779499,5.143777098348718
fast_nominal_a1_to_2_p1500ps,x1.m24,VGD,0.006939952047822828,1.8802586206035492,0.0004236642174155652,5.144777098348717
fast_nominal_a1_to_2_p1500ps,x1.m24,VDS,-1.8041922687468184,-0.9851294083512336,10.0061047473822,0.0036611447870281335
fast_nominal_a1_to_2_p1500ps,x1.m24,VBS,0.0,0.0,5e-05,5e-05
fast_nominal_a1_to_2_p1500ps,x1.m25,VGS,0.7907907565299941,1.8803154293843207,0.0001726078038779499,5.143777098348718
fast_nominal_a1_to_2_p1500ps,x1.m25,VGD,0.006939952047822828,1.8802586206035492,0.0004236642174155652,5.144777098348717
fast_nominal_a1_to_2_p1500ps,x1.m25,VDS,-0.004192268746818438,0.8148705916487664,10.0061047473822,0.0036611447870281335
fast_nominal_a1_to_2_p1500ps,x1.m25,VBS,0.0,0.0,5e-05,5e-05
fast_nominal_a1_to_2_p1500ps,x1.m26,VGS,-1.8716480003852234,0.10786367877799674,5.014883662627647,20.133777416667098
fast_nominal_a1_to_2_p1500ps,x1.m26,VGD,-1.8244559225578674,1.9066213090920734,15.250701658590108,20.134777416667095
fast_nominal_a1_to_2_p1500ps,x1.m26,VDS,-1.8362971503902075,0.056503872124962884,16.511337089418838,15.309620076468775
fast_nominal_a1_to_2_p1500ps,x1.m26,VBS,0.0,0.0,5e-05,5e-05
fast_nominal_a1_to_2_p1500ps,x1.m27,VGS,-0.07164800038522345,1.9078636787779968,5.014883662627647,20.133777416667098
fast_nominal_a1_to_2_p1500ps,x1.m27,VGD,-1.8244559225578674,1.9066213090920734,15.250701658590108,20.134777416667095
fast_nominal_a1_to_2_p1500ps,x1.m27,VDS,-0.0362971503902074,1.856503872124963,16.511337089418838,15.309620076468775
fast_nominal_a1_to_2_p1500ps,x1.m27,VBS,0.0,0.0,5e-05,5e-05
fast_nominal_a1_to_2_p1500ps,x1.m28,VGS,-1.8316820821765327,0.06010194810185698,16.52132819376132,10.128066341101146
fast_nominal_a1_to_2_p1500ps,x1.m28,VGD,-1.8133514401591608,1.8593734120367729,20.027691024786517,10.130066341101145
fast_nominal_a1_to_2_p1500ps,x1.m28,VDS,-1.8229833653365695,0.016816082035260527,15.282326299959816,20.043419749760414
fast_nominal_a1_to_2_p1500ps,x1.m28,VBS,0.0,0.0,5e-05,5e-05
fast_nominal_a1_to_2_p1500ps,x1.m29,VGS,-0.0316820821765326,1.860101948101857,16.52132819376132,10.128066341101146
fast_nominal_a1_to_2_p1500ps,x1.m29,VGD,-1.8133514401591608,1.8593734120367729,20.027691024786517,10.130066341101145
fast_nominal_a1_to_2_p1500ps,x1.m29,VDS,-0.022983365336569472,1.8168160820352606,15.282326299959816,20.043419749760414
fast_nominal_a1_to_2_p1500ps,x1.m29,VBS,0.0,0.0,5e-05,5e-05
fast_nominal_a1_to_2_p1500ps,x2.mp1,VGS,-1.8042290711815894,-0.9841080946075039,20.00581752482104,0.0007212233472530373
fast_nominal_a1_to_2_p1500ps,x2.mp1,VGD,-1.803835387659913,0.01952795903094151,20.00681752482104,0.0004236642174155652
fast_nominal_a1_to_2_p1500ps,x2.mp1,VDS,-1.033218794057244,0.00046296041681825884,0.00020602795577447965,4.9943315961456305
fast_nominal_a1_to_2_p1500ps,x2.mp1,VBS,0.0,0.0,5e-05,5e-05
fast_nominal_a1_to_2_p1500ps,x2.mn1,VGS,-0.004229071181589234,0.8158919053924961,20.00581752482104,0.0007212233472530373
fast_nominal_a1_to_2_p1500ps,x2.mn1,VGD,-1.803835387659913,0.01952795903094151,20.00681752482104,0.0004236642174155652
fast_nominal_a1_to_2_p1500ps,x2.mn1,VDS,0.7667812059427561,1.8004629604168183,0.00020602795577447965,4.9943315961456305
fast_nominal_a1_to_2_p1500ps,x2.mn1,VBS,0.0,0.0,5e-05,5e-05
fast_nominal_a1_to_2_p1500ps,x2.mp2,VGS,-1.033218794057244,0.00046296041681825884,0.00020602795577447965,4.9943315961456305
fast_nominal_a1_to_2_p1500ps,x2.mp2,VGD,0.736235933376652,1.8003011371732225,0.00026017902269989766,4.9943315961456305
fast_nominal_a1_to_2_p1500ps,x2.mp2,VDS,-1.7998714613082707,-1.7086734848718037,5.017291883566199,0.03175651809270789
fast_nominal_a1_to_2_p1500ps,x2.mp2,VBS,0.0,0.0,5e-05,5e-05
fast_nominal_a1_to_2_p1500ps,x2.mn2,VGS,0.7667812059427561,1.8004629604168183,0.00020602795577447965,4.9943315961456305
fast_nominal_a1_to_2_p1500ps,x2.mn2,VGD,0.736235933376652,1.8003011371732225,0.00026017902269989766,4.9943315961456305
fast_nominal_a1_to_2_p1500ps,x2.mn2,VDS,0.00012853869172925703,0.09132651512819645,5.017291883566199,0.03175651809270789
fast_nominal_a1_to_2_p1500ps,x2.mn2,VBS,0.0,0.0,5e-05,5e-05
fast_nominal_a1_to_2_p1500ps,x3.mp1,VGS,-1.8319066384068934,0.02968466939296177,5.036962870447627,10.077066341101172
fast_nominal_a1_to_2_p1500ps,x3.mp1,VGD,-1.82904928013093,1.8295842367620643,5.037962870447627,10.077066341101172
fast_nominal_a1_to_2_p1500ps,x3.mp1,VDS,-1.830285665081806,0.08371063632233633,10.16106634110113,5.07896287044764
fast_nominal_a1_to_2_p1500ps,x3.mp1,VBS,0.0,0.0,5e-05,5e-05
fast_nominal_a1_to_2_p1500ps,x3.mn1,VGS,-0.03190663840689342,1.8296846693929618,5.036962870447627,10.077066341101172
fast_nominal_a1_to_2_p1500ps,x3.mn1,VGD,-1.82904928013093,1.8295842367620643,5.037962870447627,10.077066341101172
fast_nominal_a1_to_2_p1500ps,x3.mn1,VDS,-0.03028566508180588,1.8837106363223364,10.16106634110113,5.07896287044764
fast_nominal_a1_to_2_p1500ps,x3.mn1,VBS,0.0,0.0,5e-05,5e-05
fast_nominal_a1_to_2_p1500ps,x3.mp2,VGS,-1.830285665081806,0.08371063632233633,10.16106634110113,5.07896287044764
fast_nominal_a1_to_2_p1500ps,x3.mp2,VGD,-1.8292647298158082,1.8811145767891317,10.16106634110113,5.07896287044764
fast_nominal_a1_to_2_p1500ps,x3.mp2,VDS,-1.8257698364863075,0.027355240866014263,5.106870646071324,10.203996302067614
fast_nominal_a1_to_2_p1500ps,x3.mp2,VBS,0.0,0.0,5e-05,5e-05
fast_nominal_a1_to_2_p1500ps,x3.mn2,VGS,-0.03028566508180588,1.8837106363223364,10.16106634110113,5.07896287044764
fast_nominal_a1_to_2_p1500ps,x3.mn2,VGD,-1.8292647298158082,1.8811145767891317,10.16106634110113,5.07896287044764
fast_nominal_a1_to_2_p1500ps,x3.mn2,VDS,-0.025769836486307443,1.8273552408660143,5.106870646071324,10.203996302067614
fast_nominal_a1_to_2_p1500ps,x3.mn2,VBS,0.0,0.0,5e-05,5e-05
fast_nominal_a1_to_2_p1500ps,x4.mp1,VGS,-1.8041922687468184,-0.9851294083512336,10.0061047473822,0.0036611447870281335
fast_nominal_a1_to_2_p1500ps,x4.mp1,VGD,-1.8038003157856226,0.015855921531817252,10.007104747382199,0.0004236642174155652
fast_nominal_a1_to_2_p1500ps,x4.mp1,VDS,-1.03364084235422,0.00046170394183775443,0.00020602795577447965,16.49454107620877
fast_nominal_a1_to_2_p1500ps,x4.mp1,VBS,0.0,0.0,5e-05,5e-05
fast_nominal_a1_to_2_p1500ps,x4.mn1,VGS,-0.004192268746818438,0.8148705916487664,10.0061047473822,0.0036611447870281335
fast_nominal_a1_to_2_p1500ps,x4.mn1,VGD,-1.8038003157856226,0.015855921531817252,10.007104747382199,0.0004236642174155652
fast_nominal_a1_to_2_p1500ps,x4.mn1,VDS,0.76635915764578,1.8004617039418378,0.00020602795577447965,16.49454107620877
fast_nominal_a1_to_2_p1500ps,x4.mn1,VBS,0.0,0.0,5e-05,5e-05
fast_nominal_a1_to_2_p1500ps,x4.mp2,VGS,-1.03364084235422,0.00046170394183775443,0.00020602795577447965,16.49454107620877
fast_nominal_a1_to_2_p1500ps,x4.mp2,VGD,0.7357884760101969,1.800300046536413,0.00026017902269989766,16.49454107620877
fast_nominal_a1_to_2_p1500ps,x4.mp2,VDS,-1.7998716617450237,-1.707971774254178,16.517328193761315,0.03175651809270789
fast_nominal_a1_to_2_p1500ps,x4.mp2,VBS,0.0,0.0,5e-05,5e-05
fast_nominal_a1_to_2_p1500ps,x4.mn2,VGS,0.76635915764578,1.8004617039418378,0.00020602795577447965,16.49454107620877
fast_nominal_a1_to_2_p1500ps,x4.mn2,VGD,0.7357884760101969,1.800300046536413,0.00026017902269989766,16.49454107620877
fast_nominal_a1_to_2_p1500ps,x4.mn2,VDS,0.00012833825497630022,0.09202822574582208,16.517328193761315,0.03175651809270789
fast_nominal_a1_to_2_p1500ps,x4.mn2,VBS,0.0,0.0,5e-05,5e-05
fast_nominal_a1_to_2_p1500ps,x5.mp1,VGS,-1.8317005540077698,0.030530708044070654,16.537738236592347,20.07677741666703
fast_nominal_a1_to_2_p1500ps,x5.mp1,VGD,-1.8288320218745466,1.830423333948888,16.538738236592348,20.07677741666703
fast_nominal_a1_to_2_p1500ps,x5.mp1,VDS,-1.8309841790236523,0.083085413468585,20.158777416667125,16.579657273388634
fast_nominal_a1_to_2_p1500ps,x5.mp1,VBS,0.0,0.0,5e-05,5e-05
fast_nominal_a1_to_2_p1500ps,x5.mn1,VGS,-0.03170055400776971,1.8305307080440707,16.537738236592347,20.07677741666703
fast_nominal_a1_to_2_p1500ps,x5.mn1,VGD,-1.8288320218745466,1.830423333948888,16.538738236592348,20.07677741666703
fast_nominal_a1_to_2_p1500ps,x5.mn1,VDS,-0.03098417902365224,1.883085413468585,20.158777416667125,16.579657273388634
fast_nominal_a1_to_2_p1500ps,x5.mn1,VBS,0.0,0.0,5e-05,5e-05
fast_nominal_a1_to_2_p1500ps,x5.mp2,VGS,-1.8309841790236523,0.083085413468585,20.158777416667125,16.579657273388634
fast_nominal_a1_to_2_p1500ps,x5.mp2,VGD,-1.8299350447381904,1.8805222734683376,20.158777416667125,16.579657273388634
fast_nominal_a1_to_2_p1500ps,x5.mp2,VDS,-1.82569285251713,0.02739842987823815,16.607657273388664,20.201563389651838
fast_nominal_a1_to_2_p1500ps,x5.mp2,VBS,0.0,0.0,5e-05,5e-05
fast_nominal_a1_to_2_p1500ps,x5.mn2,VGS,-0.03098417902365224,1.883085413468585,20.158777416667125,16.579657273388634
fast_nominal_a1_to_2_p1500ps,x5.mn2,VGD,-1.8299350447381904,1.8805222734683376,20.158777416667125,16.579657273388634
fast_nominal_a1_to_2_p1500ps,x5.mn2,VDS,-0.025692852517130056,1.8273984298782382,16.607657273388664,20.201563389651838
fast_nominal_a1_to_2_p1500ps,x5.mn2,VBS,0.0,0.0,5e-05,5e-05
fast_nominal_a1_to_3_p1500ps,x1.m1,VGS,0.0,0.0,5e-05,5e-05
fast_nominal_a1_to_3_p1500ps,x1.m1,VGD,1.0957561480891065,1.8716480003852234,0.0011436565101336192,5.014883662627647
fast_nominal_a1_to_3_p1500ps,x1.m1,VDS,-1.8716480003852234,-1.0957561480891065,5.014883662627647,0.0011436565101336192
fast_nominal_a1_to_3_p1500ps,x1.m1,VBS,0.0,0.0,5e-05,5e-05
fast_nominal_a1_to_3_p1500ps,x1.m2,VGS,1.8,1.8,5e-05,5e-05
fast_nominal_a1_to_3_p1500ps,x1.m2,VGD,1.0957561480891065,1.8716480003852234,0.0011436565101336192,5.014883662627647
fast_nominal_a1_to_3_p1500ps,x1.m2,VDS,-0.07164800038522345,0.7042438519108937,5.014883662627647,0.0011436565101336192
fast_nominal_a1_to_3_p1500ps,x1.m2,VBS,0.0,0.0,5e-05,5e-05
fast_nominal_a1_to_3_p1500ps,x1.m3,VGS,-1.8,0.0,5e-05,15.283557301213003
fast_nominal_a1_to_3_p1500ps,x1.m3,VGD,-1.860101948101857,1.8289095619714355,10.128066341101146,16.520958043704656
fast_nominal_a1_to_3_p1500ps,x1.m3,VDS,-1.8289095619714355,0.06010194810185698,16.520958043704656,10.128066341101146
fast_nominal_a1_to_3_p1500ps,x1.m3,VBS,0.0,0.0,5e-05,5e-05
fast_nominal_a1_to_3_p1500ps,x1.m4,VGS,0.0,1.8,5e-05,15.283557301213003
fast_nominal_a1_to_3_p1500ps,x1.m4,VGD,-1.860101948101857,1.8289095619714355,10.128066341101146,16.520958043704656
fast_nominal_a1_to_3_p1500ps,x1.m4,VDS,-0.028909561971435523,1.860101948101857,16.520958043704656,10.128066341101146
fast_nominal_a1_to_3_p1500ps,x1.m4,VBS,0.0,0.0,5e-05,5e-05
fast_nominal_a1_to_3_p1500ps,x1.m5,VGS,-1.8,0.0,5e-05,5.0125
fast_nominal_a1_to_3_p1500ps,x1.m5,VGD,-1.8011359535316895,-0.0635500175034216,15.239052100446743,9.987500000000002
fast_nominal_a1_to_3_p1500ps,x1.m5,VDS,-0.9977382685234532,0.07998016929426055,0.00020602795577447965,16.513217421535128
fast_nominal_a1_to_3_p1500ps,x1.m5,VBS,0.0,0.0,5e-05,5e-05
fast_nominal_a1_to_3_p1500ps,x1.m6,VGS,-1.006749833803871,0.7680832782596063,16.52295804370466,0.07275651809270792
fast_nominal_a1_to_3_p1500ps,x1.m6,VGD,-1.9076809538951063,0.06151667013865625,16.520958043704656,10.124066341101148
fast_nominal_a1_to_3_p1500ps,x1.m6,VDS,0.4240787616285251,0.9067025375106791,10.014922568233985,0.05875651809270797
fast_nominal_a1_to_3_p1500ps,x1.m6,VBS,-1.376862889891887,-0.22107066219386345,15.241052100446746,0.00010423113385130124
fast_nominal_a1_to_3_p1500ps,x1.m7,VGS,-1.2806241528699507,0.554137010840852,4.998331596145631,0.0011436565101336192
fast_nominal_a1_to_3_p1500ps,x1.m7,VGD,-1.3766592433454243,0.4492709292520852,15.241052100446746,0.000983652234927282
fast_nominal_a1_to_3_p1500ps,x1.m7,VDS,-0.27482392334159067,1.4329773485557205,16.498468243052372,10.009104747382198
fast_nominal_a1_to_3_p1500ps,x1.m7,VBS,-1.2880178453861493,0.08166723645203666,4.998331596145631,10.009104747382198
fast_nominal_a1_to_3_p1500ps,x1.m8,VGS,0.0,1.8,5e-05,5.0125
fast_nominal_a1_to_3_p1500ps,x1.m8,VGD,-1.1918231873300213,1.7999831436202112,15.272052100446782,6.344777098349086
fast_nominal_a1_to_3_p1500ps,x1.m8,VDS,-0.08166723645203666,1.2880178453861493,10.009104747382198,4.998331596145631
fast_nominal_a1_to_3_p1500ps,x1.m8,VBS,0.0,0.0,5e-05,5e-05
fast_nominal_a1_to_3_p1500ps,x1.m9,VGS,-0.9977382685234532,0.07998016929426055,0.00020602795577447965,16.513217421535128
fast_nominal_a1_to_3_p1500ps,x1.m9,VGD,0.012196098225947805,1.8798208750533327,0.0004236642174155652,16.600759500514528
fast_nominal_a1_to_3_p1500ps,x1.m9,VDS,-1.804239931968562,-0.9841080946075039,20.00602911292674,0.0007212233472530373
fast_nominal_a1_to_3_p1500ps,x1.m9,VBS,0.0,0.0,5e-05,5e-05
fast_nominal_a1_to_3_p1500ps,x1.m10,VGS,0.8022617314765469,1.8799801692942606,0.00020602795577447965,16.513217421535128
fast_nominal_a1_to_3_p1500ps,x1.m10,VGD,0.012196098225947805,1.8798208750533327,0.0004236642174155652,16.600759500514528
fast_nominal_a1_to_3_p1500ps,x1.m10,VDS,-0.004239931968561997,0.8158919053924961,20.00602911292674,0.0007212233472530373
fast_nominal_a1_to_3_p1500ps,x1.m10,VBS,0.0,0.0,5e-05,5e-05
fast_nominal_a1_to_3_p1500ps,x1.m11,VGS,-1.8,0.0,5e-05,5.0125
fast_nominal_a1_to_3_p1500ps,x1.m11,VGD,-1.8006675682862288,1.7999322027493574,15.239052100446743,6.3467770983490865
fast_nominal_a1_to_3_p1500ps,x1.m11,VDS,-1.8243921947863972,0.08382218396017427,10.001104747382202,5.014883662627647
fast_nominal_a1_to_3_p1500ps,x1.m11,VBS,0.0,0.0,5e-05,5e-05
fast_nominal_a1_to_3_p1500ps,x1.m12,VGS,-1.1800681478417312,1.840973497752443,25.0,10.007104747382199
fast_nominal_a1_to_3_p1500ps,x1.m12,VGD,-1.907704766261933,1.81815974425364,16.520958043704656,10.000104747382203
fast_nominal_a1_to_3_p1500ps,x1.m12,VDS,2.5472409771076787e-05,1.8901679071689412,6.353777098349088,19.995029112926726
fast_nominal_a1_to_3_p1500ps,x1.m12,VBS,-1.2519710982474321,0.07859768844823445,15.241052100446746,20.011029112926746
fast_nominal_a1_to_3_p1500ps,x1.m13,VGS,0.07211214484481639,1.8717630536799508,5e-05,10.012104747382196
fast_nominal_a1_to_3_p1500ps,x1.m13,VGD,0.020257912073888634,1.8734221290640938,5e-05,20.013590281210522
fast_nominal_a1_to_3_p1500ps,x1.m13,VDS,-0.16435394841977358,0.6014737116193644,15.328494854613172,5.012935238829286
fast_nominal_a1_to_3_p1500ps,x1.m13,VBS,-1.2880178453861493,0.08166723645203666,4.998331596145631,10.009104747382198
fast_nominal_a1_to_3_p1500ps,x1.m14,VGS,-1.8243921947863972,0.08382218396017427,10.001104747382202,5.014883662627647
fast_nominal_a1_to_3_p1500ps,x1.m14,VGD,-1.8201071632052694,1.8825288058887248,10.002104747382202,5.015562936697854
fast_nominal_a1_to_3_p1500ps,x1.m14,VDS,-1.8319066384068934,0.02968466939296177,5.036962870447627,10.077066341101172
fast_nominal_a1_to_3_p1500ps,x1.m14,VBS,0.0,0.0,5e-05,5e-05
fast_nominal_a1_to_3_p1500ps,x1.m15,VGS,-0.024392194786397148,1.8838221839601743,10.001104747382202,5.014883662627647
fast_nominal_a1_to_3_p1500ps,x1.m15,VGD,-1.8201071632052694,1.8825288058887248,10.002104747382202,5.015562936697854
fast_nominal_a1_to_3_p1500ps,x1.m15,VDS,-0.03190663840689342,1.8296846693929618,5.036962870447627,10.077066341101172
fast_nominal_a1_to_3_p1500ps,x1.m15,VBS,0.0,0.0,5e-05,5e-05
fast_nominal_a1_to_3_p1500ps,x1.m16,VGS,-1.8,0.0,5e-05,5.0125
fast_nominal_a1_to_3_p1500ps,x1.m16,VGD,-1.835769120932637,-0.057373413017474784,15.330494854613175,19.9875
fast_nominal_a1_to_3_p1500ps,x1.m16,VDS,-1.0095220780993213,0.08000905341250708,0.0001726078038779499,5.0449628704476295
fast_nominal_a1_to_3_p1500ps,x1.m16,VBS,0.0,0.0,5e-05,5e-05
fast_nominal_a1_to_3_p1500ps,x1.m17,VGS,-0.023909880189442893,0.8866038696564644,15.282052100446792,15.34349485461319
fast_nominal_a1_to_3_p1500ps,x1.m17,VGD,-1.8960292668996668,0.040129239025692875,5.017291883566199,15.393494854613246
fast_nominal_a1_to_3_p1500ps,x1.m17,VDS,0.4509045068964659,1.8898487335205978,25.0,5.015562936697854
fast_nominal_a1_to_3_p1500ps,x1.m17,VBS,-1.3490482084804443,0.010336787859553543,25.0,5.01639896836744
fast_nominal_a1_to_3_p1500ps,x1.m18,VGS,-1.2806241528699507,0.554137010840852,4.998331596145631,0.0011436565101336192
fast_nominal_a1_to_3_p1500ps,x1.m18,VGD,-1.3489902649867784,0.4860448967554244,25.0,0.0011436565101336192
fast_nominal_a1_to_3_p1500ps,x1.m18,VDS,-1.2834086352917824,1.401183901865173,4.998331596145631,20.009029112926743
fast_nominal_a1_to_3_p1500ps,x1.m18,VBS,-1.2880178453861493,0.08166723645203666,4.998331596145631,10.009104747382198
fast_nominal_a1_to_3_p1500ps,x1.m19,VGS,-1.0095220780993213,0.08000905341250708,0.0001726078038779499,5.0449628704476295
fast_nominal_a1_to_3_p1500ps,x1.m19,VGD,0.006579133772508294,1.8799508940415657,0.0004236642174155652,5.04596287044763
fast_nominal_a1_to_3_p1500ps,x1.m19,VDS,-1.8043828358174618,-0.9848806077125823,15.34249485461319,0.0036611447870281335
fast_nominal_a1_to_3_p1500ps,x1.m19,VBS,0.0,0.0,5e-05,5e-05
fast_nominal_a1_to_3_p1500ps,x1.m20,VGS,0.7904779219006789,1.8800090534125071,0.0001726078038779499,5.0449628704476295
fast_nominal_a1_to_3_p1500ps,x1.m20,VGD,0.006579133772508294,1.8799508940415657,0.0004236642174155652,5.04596287044763
fast_nominal_a1_to_3_p1500ps,x1.m20,VDS,-0.004382835817461905,0.8151193922874177,15.34249485461319,0.0036611447870281335
fast_nominal_a1_to_3_p1500ps,x1.m20,VBS,0.0,0.0,5e-05,5e-05
fast_nominal_a1_to_3_p1500ps,x1.m21,VGS,-1.8,0.0,5e-05,5.0125
fast_nominal_a1_to_3_p1500ps,x1.m21,VGD,-1.8444101651915128,1.799932153540646,15.345494854613191,17.468759500515514
fast_nominal_a1_to_3_p1500ps,x1.m21,VDS,-1.824282588113291,0.08490549438312511,20.001029112926734,16.51539871802134
fast_nominal_a1_to_3_p1500ps,x1.m21,VBS,0.0,0.0,5e-05,5e-05
fast_nominal_a1_to_3_p1500ps,x1.m22,VGS,-1.2015328494852224,1.8434277826499268,15.282052100446792,20.008029112926742
fast_nominal_a1_to_3_p1500ps,x1.m22,VGD,-1.89602121713471,1.8185209668410804,5.017291883566199,20.001029112926734
fast_nominal_a1_to_3_p1500ps,x1.m22,VDS,2.5469807770045483e-05,1.887538140896795,17.51075950051556,9.995104747382205
fast_nominal_a1_to_3_p1500ps,x1.m22,VBS,-1.5378399281766493,0.0787320341866632,15.382494854613235,10.011104747382197
fast_nominal_a1_to_3_p1500ps,x1.m23,VGS,0.07211214484481639,1.8717630536799508,5e-05,10.012104747382196
fast_nominal_a1_to_3_p1500ps,x1.m23,VGD,0.0892009286134941,1.8735262856362793,5e-05,10.013811899721095
fast_nominal_a1_to_3_p1500ps,x1.m23,VDS,-0.10803364584254926,0.6679770748386182,4.998331596145631,16.51205451104152
fast_nominal_a1_to_3_p1500ps,x1.m23,VBS,-1.2880178453861493,0.08166723645203666,4.998331596145631,10.009104747382198
fast_nominal_a1_to_3_p1500ps,x1.m24,VGS,-1.824282588113291,0.08490549438312511,20.001029112926734,16.51539871802134
fast_nominal_a1_to_3_p1500ps,x1.m24,VGD,-1.8200069585577052,1.883805583952561,20.002029112926735,16.516216946746233
fast_nominal_a1_to_3_p1500ps,x1.m24,VDS,-1.833401827963665,0.029648829619664196,16.537759500514458,20.077777416667033
fast_nominal_a1_to_3_p1500ps,x1.m24,VBS,0.0,0.0,5e-05,5e-05
fast_nominal_a1_to_3_p1500ps,x1.m25,VGS,-0.0242825881132909,1.8849054943831252,20.001029112926734,16.51539871802134
fast_nominal_a1_to_3_p1500ps,x1.m25,VGD,-1.8200069585577052,1.883805583952561,20.002029112926735,16.516216946746233
fast_nominal_a1_to_3_p1500ps,x1.m25,VDS,-0.03340182796366506,1.8296488296196642,16.537759500514458,20.077777416667033
fast_nominal_a1_to_3_p1500ps,x1.m25,VBS,0.0,0.0,5e-05,5e-05
fast_nominal_a1_to_3_p1500ps,x1.m26,VGS,-1.8716480003852234,-1.0957561480891065,5.014883662627647,0.0011436565101336192
fast_nominal_a1_to_3_p1500ps,x1.m26,VGD,-1.8207019698254887,0.35291120852182606,10.072066341101175,5.2955996206633255e-05
fast_nominal_a1_to_3_p1500ps,x1.m26,VDS,-1.6055542494133022,0.030607939135743445,5e-05,10.06206634110118
fast_nominal_a1_to_3_p1500ps,x1.m26,VBS,0.0,0.0,5e-05,5e-05
fast_nominal_a1_to_3_p1500ps,x1.m27,VGS,-0.07164800038522345,0.7042438519108937,5.014883662627647,0.0011436565101336192
fast_nominal_a1_to_3_p1500ps,x1.m27,VGD,-1.8207019698254887,0.35291120852182606,10.072066341101175,5.2955996206633255e-05
fast_nominal_a1_to_3_p1500ps,x1.m27,VDS,0.1944457505866978,1.8306079391357435,5e-05,10.06206634110118
fast_nominal_a1_to_3_p1500ps,x1.m27,VBS,0.0,0.0,5e-05,5e-05
fast_nominal_a1_to_3_p1500ps,x1.m28,VGS,-1.8289095619714355,0.06010194810185698,16.520958043704656,10.128066341101146
fast_nominal_a1_to_3_p1500ps,x1.m28,VGD,-1.813399871324126,1.8593734120367729,20.027334684779653,10.130066341101145
fast_nominal_a1_to_3_p1500ps,x1.m28,VDS,-1.823574138286418,0.01647890571717814,15.282052100446792,20.038074270139834
fast_nominal_a1_to_3_p1500ps,x1.m28,VBS,0.0,0.0,5e-05,5e-05
fast_nominal_a1_to_3_p1500ps,x1.m29,VGS,-0.028909561971435523,1.860101948101857,16.520958043704656,10.128066341101146
fast_nominal_a1_to_3_p1500ps,x1.m29,VGD,-1.813399871324126,1.8593734120367729,20.027334684779653,10.130066341101145
fast_nominal_a1_to_3_p1500ps,x1.m29,VDS,-0.0235741382864178,1.8164789057171782,15.282052100446792,20.038074270139834
fast_nominal_a1_to_3_p1500ps,x1.m29,VBS,0.0,0.0,5e-05,5e-05
fast_nominal_a1_to_3_p1500ps,x2.mp1,VGS,-1.804239931968562,-0.9841080946075039,20.00602911292674,0.0007212233472530373
fast_nominal_a1_to_3_p1500ps,x2.mp1,VGD,-1.8038440163874396,0.01952795903094151,20.00702911292674,0.0004236642174155652
fast_nominal_a1_to_3_p1500ps,x2.mp1,VDS,-1.033218794057244,0.00046296041681825884,0.00020602795577447965,4.9943315961456305
fast_nominal_a1_to_3_p1500ps,x2.mp1,VBS,0.0,0.0,5e-05,5e-05
fast_nominal_a1_to_3_p1500ps,x2.mn1,VGS,-0.004239931968561997,0.8158919053924961,20.00602911292674,0.0007212233472530373
fast_nominal_a1_to_3_p1500ps,x2.mn1,VGD,-1.8038440163874396,0.01952795903094151,20.00702911292674,0.0004236642174155652
fast_nominal_a1_to_3_p1500ps,x2.mn1,VDS,0.7667812059427561,1.8004629604168183,0.00020602795577447965,4.9943315961456305
fast_nominal_a1_to_3_p1500ps,x2.mn1,VBS,0.0,0.0,5e-05,5e-05
fast_nominal_a1_to_3_p1500ps,x2.mp2,VGS,-1.033218794057244,0.00046296041681825884,0.00020602795577447965,4.9943315961456305
fast_nominal_a1_to_3_p1500ps,x2.mp2,VGD,0.736235933376652,1.8003011371732225,0.00026017902269989766,4.9943315961456305
fast_nominal_a1_to_3_p1500ps,x2.mp2,VDS,-1.7998714613082707,-1.7086734848718037,5.017291883566199,0.03175651809270789
fast_nominal_a1_to_3_p1500ps,x2.mp2,VBS,0.0,0.0,5e-05,5e-05
fast_nominal_a1_to_3_p1500ps,x2.mn2,VGS,0.7667812059427561,1.8004629604168183,0.00020602795577447965,4.9943315961456305
fast_nominal_a1_to_3_p1500ps,x2.mn2,VGD,0.736235933376652,1.8003011371732225,0.00026017902269989766,4.9943315961456305
fast_nominal_a1_to_3_p1500ps,x2.mn2,VDS,0.00012853869172925703,0.09132651512819645,5.017291883566199,0.03175651809270789
fast_nominal_a1_to_3_p1500ps,x2.mn2,VBS,0.0,0.0,5e-05,5e-05
fast_nominal_a1_to_3_p1500ps,x3.mp1,VGS,-1.8319066384068934,0.02968466939296177,5.036962870447627,10.077066341101172
fast_nominal_a1_to_3_p1500ps,x3.mp1,VGD,-1.82904928013093,1.8295842367620643,5.037962870447627,10.077066341101172
fast_nominal_a1_to_3_p1500ps,x3.mp1,VDS,-1.830285665081806,0.08371063632233633,10.16106634110113,5.07896287044764
fast_nominal_a1_to_3_p1500ps,x3.mp1,VBS,0.0,0.0,5e-05,5e-05
fast_nominal_a1_to_3_p1500ps,x3.mn1,VGS,-0.03190663840689342,1.8296846693929618,5.036962870447627,10.077066341101172
fast_nominal_a1_to_3_p1500ps,x3.mn1,VGD,-1.82904928013093,1.8295842367620643,5.037962870447627,10.077066341101172
fast_nominal_a1_to_3_p1500ps,x3.mn1,VDS,-0.03028566508180588,1.8837106363223364,10.16106634110113,5.07896287044764
fast_nominal_a1_to_3_p1500ps,x3.mn1,VBS,0.0,0.0,5e-05,5e-05
fast_nominal_a1_to_3_p1500ps,x3.mp2,VGS,-1.830285665081806,0.08371063632233633,10.16106634110113,5.07896287044764
fast_nominal_a1_to_3_p1500ps,x3.mp2,VGD,-1.8292647298158082,1.8811145767891317,10.16106634110113,5.07896287044764
fast_nominal_a1_to_3_p1500ps,x3.mp2,VDS,-1.8257698364863075,0.027355240866014263,5.106870646071324,10.203996302067614
fast_nominal_a1_to_3_p1500ps,x3.mp2,VBS,0.0,0.0,5e-05,5e-05
fast_nominal_a1_to_3_p1500ps,x3.mn2,VGS,-0.03028566508180588,1.8837106363223364,10.16106634110113,5.07896287044764
fast_nominal_a1_to_3_p1500ps,x3.mn2,VGD,-1.8292647298158082,1.8811145767891317,10.16106634110113,5.07896287044764
fast_nominal_a1_to_3_p1500ps,x3.mn2,VDS,-0.025769836486307443,1.8273552408660143,5.106870646071324,10.203996302067614
fast_nominal_a1_to_3_p1500ps,x3.mn2,VBS,0.0,0.0,5e-05,5e-05
fast_nominal_a1_to_3_p1500ps,x4.mp1,VGS,-1.833401827963665,0.029648829619664196,16.537759500514458,20.077777416667033
fast_nominal_a1_to_3_p1500ps,x4.mp1,VGD,-1.8303745634327035,1.829545572302083,16.53875950051446,20.077777416667033
fast_nominal_a1_to_3_p1500ps,x4.mp1,VDS,-1.8310611757441746,0.08402310588449113,20.160777416667127,16.577759500514503
fast_nominal_a1_to_3_p1500ps,x4.mp1,VBS,0.0,0.0,5e-05,5e-05
fast_nominal_a1_to_3_p1500ps,x4.mn1,VGS,-0.03340182796366506,1.8296488296196642,16.537759500514458,20.077777416667033
fast_nominal_a1_to_3_p1500ps,x4.mn1,VGD,-1.8303745634327035,1.829545572302083,16.53875950051446,20.077777416667033
fast_nominal_a1_to_3_p1500ps,x4.mn1,VDS,-0.03106117574417454,1.8840231058844912,20.160777416667127,16.577759500514503
fast_nominal_a1_to_3_p1500ps,x4.mn1,VBS,0.0,0.0,5e-05,5e-05
fast_nominal_a1_to_3_p1500ps,x4.mp2,VGS,-1.8310611757441746,0.08402310588449113,20.160777416667127,16.577759500514503
fast_nominal_a1_to_3_p1500ps,x4.mp2,VGD,-1.8300102310597688,1.8813778886730341,20.160777416667127,16.577759500514503
fast_nominal_a1_to_3_p1500ps,x4.mp2,VDS,-1.8257602302759224,0.027390877087962506,16.605759500514534,20.203777416667176
fast_nominal_a1_to_3_p1500ps,x4.mp2,VBS,0.0,0.0,5e-05,5e-05
fast_nominal_a1_to_3_p1500ps,x4.mn2,VGS,-0.03106117574417454,1.8840231058844912,20.160777416667127,16.577759500514503
fast_nominal_a1_to_3_p1500ps,x4.mn2,VGD,-1.8300102310597688,1.8813778886730341,20.160777416667127,16.577759500514503
fast_nominal_a1_to_3_p1500ps,x4.mn2,VDS,-0.025760230275922332,1.8273908770879626,16.605759500514534,20.203777416667176
fast_nominal_a1_to_3_p1500ps,x4.mn2,VBS,0.0,0.0,5e-05,5e-05
fast_nominal_a1_to_3_p1500ps,x5.mp1,VGS,-1.8043828358174618,-0.9848806077125823,15.34249485461319,0.0036611447870281335
fast_nominal_a1_to_3_p1500ps,x5.mp1,VGD,-1.8038078322240911,0.01561636154556334,10.007104747382199,0.0004236642174155652
fast_nominal_a1_to_3_p1500ps,x5.mp1,VDS,-1.0336489326025444,0.000461966105908429,0.00020602795577447965,16.494468243052367
fast_nominal_a1_to_3_p1500ps,x5.mp1,VBS,0.0,0.0,5e-05,5e-05
fast_nominal_a1_to_3_p1500ps,x5.mn1,VGS,-0.004382835817461905,0.8151193922874177,15.34249485461319,0.0036611447870281335
fast_nominal_a1_to_3_p1500ps,x5.mn1,VGD,-1.8038078322240911,0.01561636154556334,10.007104747382199,0.0004236642174155652
fast_nominal_a1_to_3_p1500ps,x5.mn1,VDS,0.7663510673974555,1.8004619661059085,0.00020602795577447965,16.494468243052367
fast_nominal_a1_to_3_p1500ps,x5.mn1,VBS,0.0,0.0,5e-05,5e-05
fast_nominal_a1_to_3_p1500ps,x5.mp2,VGS,-1.0336489326025444,0.000461966105908429,0.00020602795577447965,16.494468243052367
fast_nominal_a1_to_3_p1500ps,x5.mp2,VGD,0.735776406720739,1.8003002579854699,0.00026017902269989766,16.494468243052367
fast_nominal_a1_to_3_p1500ps,x5.mp2,VDS,-1.7998792888340145,-1.70793377650665,15.339494854613186,0.03175651809270789
fast_nominal_a1_to_3_p1500ps,x5.mp2,VBS,0.0,0.0,5e-05,5e-05
fast_nominal_a1_to_3_p1500ps,x5.mn2,VGS,0.7663510673974555,1.8004619661059085,0.00020602795577447965,16.494468243052367
fast_nominal_a1_to_3_p1500ps,x5.mn2,VGD,0.735776406720739,1.8003002579854699,0.00026017902269989766,16.494468243052367
fast_nominal_a1_to_3_p1500ps,x5.mn2,VDS,0.00012071116598555011,0.09206622349334999,15.339494854613186,0.03175651809270789
fast_nominal_a1_to_3_p1500ps,x5.mn2,VBS,0.0,0.0,5e-05,5e-05
fast_nominal_a2_to_0_p1500ps,x1.m1,VGS,-1.8,-1.8,5e-05,5e-05
fast_nominal_a2_to_0_p1500ps,x1.m1,VGD,-1.9094399116057748,-0.5204066503822117,20.134777416667095,5e-05
fast_nominal_a2_to_0_p1500ps,x1.m1,VDS,-1.2795933496177883,0.10943991160577471,5e-05,20.134777416667095
fast_nominal_a2_to_0_p1500ps,x1.m1,VBS,0.0,0.0,5e-05,5e-05
fast_nominal_a2_to_0_p1500ps,x1.m2,VGS,0.0,0.0,5e-05,5e-05
fast_nominal_a2_to_0_p1500ps,x1.m2,VGD,-1.9094399116057748,-0.5204066503822117,20.134777416667095,5e-05
fast_nominal_a2_to_0_p1500ps,x1.m2,VDS,0.5204066503822117,1.9094399116057748,5e-05,20.134777416667095
fast_nominal_a2_to_0_p1500ps,x1.m2,VBS,0.0,0.0,5e-05,5e-05
fast_nominal_a2_to_0_p1500ps,x1.m3,VGS,-1.8,0.0,15.276729034467003,5e-05
fast_nominal_a2_to_0_p1500ps,x1.m3,VGD,-1.8607491135350496,1.8287365423698705,20.125777416667088,5.021575756282087
fast_nominal_a2_to_0_p1500ps,x1.m3,VDS,-1.8287365423698705,0.060749113535049526,5.021575756282087,20.125777416667088
fast_nominal_a2_to_0_p1500ps,x1.m3,VBS,0.0,0.0,5e-05,5e-05
fast_nominal_a2_to_0_p1500ps,x1.m4,VGS,0.0,1.8,15.276729034467003,5e-05
fast_nominal_a2_to_0_p1500ps,x1.m4,VGD,-1.8607491135350496,1.8287365423698705,20.125777416667088,5.021575756282087
fast_nominal_a2_to_0_p1500ps,x1.m4,VDS,-0.02873654236987054,1.8607491135350496,5.021575756282087,20.125777416667088
fast_nominal_a2_to_0_p1500ps,x1.m4,VBS,0.0,0.0,5e-05,5e-05
fast_nominal_a2_to_0_p1500ps,x1.m5,VGS,-1.8,0.0,5e-05,5.0125
fast_nominal_a2_to_0_p1500ps,x1.m5,VGD,-1.8173801719572635,1.799932291647882,15.33093585237632,17.709645458553283
fast_nominal_a2_to_0_p1500ps,x1.m5,VDS,-1.8245378833375248,0.08572829759234368,20.000817676575185,16.515578553108746
fast_nominal_a2_to_0_p1500ps,x1.m5,VBS,0.0,0.0,5e-05,5e-05
fast_nominal_a2_to_0_p1500ps,x1.m6,VGS,-1.2048590402152017,1.8419432099939452,15.248487406205468,20.007817676575193
fast_nominal_a2_to_0_p1500ps,x1.m6,VGD,-1.907548947769712,1.8182070148218454,5.021575756282087,19.999817676575184
fast_nominal_a2_to_0_p1500ps,x1.m6,VDS,2.5433172505025183e-05,1.8876597322088264,17.65264545855322,9.996074607776967
fast_nominal_a2_to_0_p1500ps,x1.m6,VBS,-1.4920208273207525,0.08107942201786694,15.527935852376546,10.012074607776958
fast_nominal_a2_to_0_p1500ps,x1.m7,VGS,0.40363882038488186,1.863852923260297,5e-05,20.009817676575196
fast_nominal_a2_to_0_p1500ps,x1.m7,VGD,0.2657621098587001,1.863969135977055,5e-05,10.013298117341483
fast_nominal_a2_to_0_p1500ps,x1.m7,VDS,-0.10730249575810658,0.659331662058449,4.99874782100733,16.511980182264562
fast_nominal_a2_to_0_p1500ps,x1.m7,VBS,-1.28810530005621,0.08335991065097344,4.99874782100733,20.008817676575195
fast_nominal_a2_to_0_p1500ps,x1.m8,VGS,0.0,1.8,5e-05,5.0125
fast_nominal_a2_to_0_p1500ps,x1.m8,VGD,-1.1935136552520333,1.7999831397743096,15.34693585237634,6.664153908428767
fast_nominal_a2_to_0_p1500ps,x1.m8,VDS,-0.08335991065097344,1.28810530005621,20.008817676575195,4.99874782100733
fast_nominal_a2_to_0_p1500ps,x1.m8,VBS,0.0,0.0,5e-05,5e-05
fast_nominal_a2_to_0_p1500ps,x1.m9,VGS,-1.8245378833375248,0.08572829759234368,20.000817676575185,16.515578553108746
fast_nominal_a2_to_0_p1500ps,x1.m9,VGD,-1.820180775635273,1.8842498468837798,20.001817676575186,16.51642812229767
fast_nominal_a2_to_0_p1500ps,x1.m9,VDS,-1.8309077359352546,0.030577335382567572,16.537645458551953,20.07577741666703
fast_nominal_a2_to_0_p1500ps,x1.m9,VBS,0.0,0.0,5e-05,5e-05
fast_nominal_a2_to_0_p1500ps,x1.m10,VGS,-0.024537883337524644,1.8857282975923437,20.000817676575185,16.515578553108746
fast_nominal_a2_to_0_p1500ps,x1.m10,VGD,-1.820180775635273,1.8842498468837798,20.001817676575186,16.51642812229767
fast_nominal_a2_to_0_p1500ps,x1.m10,VDS,-0.030907735935254442,1.8305773353825676,16.537645458551953,20.07577741666703
fast_nominal_a2_to_0_p1500ps,x1.m10,VBS,0.0,0.0,5e-05,5e-05
fast_nominal_a2_to_0_p1500ps,x1.m11,VGS,-1.8,0.0,5e-05,5.0125
fast_nominal_a2_to_0_p1500ps,x1.m11,VGD,-1.8189518895498764,-0.055900011974773234,15.31993585237631,19.9875
fast_nominal_a2_to_0_p1500ps,x1.m11,VDS,-0.9942039813345008,0.07997902431940784,0.000192405760128096,5.013058543411947
fast_nominal_a2_to_0_p1500ps,x1.m11,VBS,0.0,0.0,5e-05,5e-05
fast_nominal_a2_to_0_p1500ps,x1.m12,VGS,-0.02647654112879261,0.739213608130364,15.248487406205468,15.440935852376446
fast_nominal_a2_to_0_p1500ps,x1.m12,VGD,-1.9074716573187733,0.06291473066216025,5.021575756282087,20.11977741666708
fast_nominal_a2_to_0_p1500ps,x1.m12,VDS,0.45117808759954636,1.8847423036154252,25.0,5.0140441534464095
fast_nominal_a2_to_0_p1500ps,x1.m12,VBS,-1.348774241553984,0.005318440643568384,25.0,5.016620780633147
fast_nominal_a2_to_0_p1500ps,x1.m13,VGS,-1.285522776381855,0.5453982782110761,4.99874782100733,0.017499999999999998
fast_nominal_a2_to_0_p1500ps,x1.m13,VGD,-1.3486284238441935,0.5577914759572298,25.0,0.020499999999999997
fast_nominal_a2_to_0_p1500ps,x1.m13,VDS,-1.2850519979303545,1.4001271899236771,4.99874782100733,20.009817676575196
fast_nominal_a2_to_0_p1500ps,x1.m13,VBS,-1.28810530005621,0.08335991065097344,4.99874782100733,20.008817676575195
fast_nominal_a2_to_0_p1500ps,x1.m14,VGS,-0.9942039813345008,0.07997902431940784,0.000192405760128096,5.013058543411947
fast_nominal_a2_to_0_p1500ps,x1.m14,VGD,0.015142929952144613,1.879817685276796,0.0005027885930611369,5.102153908428288
fast_nominal_a2_to_0_p1500ps,x1.m14,VDS,-1.804208539582085,-0.9819549675950919,10.006074607776961,0.0007070099436865562
fast_nominal_a2_to_0_p1500ps,x1.m14,VBS,0.0,0.0,5e-05,5e-05
fast_nominal_a2_to_0_p1500ps,x1.m15,VGS,0.8057960186654992,1.8799790243194079,0.000192405760128096,5.013058543411947
fast_nominal_a2_to_0_p1500ps,x1.m15,VGD,0.015142929952144613,1.879817685276796,0.0005027885930611369,5.102153908428288
fast_nominal_a2_to_0_p1500ps,x1.m15,VDS,-0.004208539582084921,0.8180450324049081,10.006074607776961,0.0007070099436865562
fast_nominal_a2_to_0_p1500ps,x1.m15,VBS,0.0,0.0,5e-05,5e-05
fast_nominal_a2_to_0_p1500ps,x1.m16,VGS,-1.8,0.0,5e-05,5.0125
fast_nominal_a2_to_0_p1500ps,x1.m16,VGD,-1.8012258430048769,1.7999321891863995,15.287935852376274,6.618153908428752
fast_nominal_a2_to_0_p1500ps,x1.m16,VDS,-1.8244166753745432,0.083347656376078,10.001074607776964,5.015013106933867
fast_nominal_a2_to_0_p1500ps,x1.m16,VBS,0.0,0.0,5e-05,5e-05
fast_nominal_a2_to_0_p1500ps,x1.m17,VGS,-1.1806679041097827,1.8444672174841705,25.0,10.00807460777696
fast_nominal_a2_to_0_p1500ps,x1.m17,VGD,-1.8960152959274301,1.8185866520229743,16.517288034146887,10.001074607776964
fast_nominal_a2_to_0_p1500ps,x1.m17,VDS,2.5475745918324133e-05,1.8902324246685527,6.5391539084287285,19.99581767657518
fast_nominal_a2_to_0_p1500ps,x1.m17,VBS,-1.2608257370751375,0.0811972606367558,15.308935852376296,20.0118176765752
fast_nominal_a2_to_0_p1500ps,x1.m18,VGS,0.40363882038488186,1.863852923260297,5e-05,20.009817676575196
fast_nominal_a2_to_0_p1500ps,x1.m18,VGD,0.3107882641131403,1.8640057473118645,0.05050000000000006,20.013422709925297
fast_nominal_a2_to_0_p1500ps,x1.m18,VDS,-0.20680545584399102,0.5847393757538313,15.38293585237638,5.0127999999999995
fast_nominal_a2_to_0_p1500ps,x1.m18,VBS,-1.28810530005621,0.08335991065097344,4.99874782100733,20.008817676575195
fast_nominal_a2_to_0_p1500ps,x1.m19,VGS,-1.8244166753745432,0.083347656376078,10.001074607776964,5.015013106933867
fast_nominal_a2_to_0_p1500ps,x1.m19,VGD,-1.820123618513724,1.8820033817173072,10.002074607776963,5.015700308053428
fast_nominal_a2_to_0_p1500ps,x1.m19,VDS,-1.831919309436084,0.03054272342306663,5.037153908428268,10.076485683496978
fast_nominal_a2_to_0_p1500ps,x1.m19,VBS,0.0,0.0,5e-05,5e-05
fast_nominal_a2_to_0_p1500ps,x1.m20,VGS,-0.024416675374543173,1.883347656376078,10.001074607776964,5.015013106933867
fast_nominal_a2_to_0_p1500ps,x1.m20,VGD,-1.820123618513724,1.8820033817173072,10.002074607776963,5.015700308053428
fast_nominal_a2_to_0_p1500ps,x1.m20,VDS,-0.03191930943608391,1.8305427234230667,5.037153908428268,10.076485683496978
fast_nominal_a2_to_0_p1500ps,x1.m20,VBS,0.0,0.0,5e-05,5e-05
fast_nominal_a2_to_0_p1500ps,x1.m21,VGS,-1.8,0.0,5e-05,5.0125
fast_nominal_a2_to_0_p1500ps,x1.m21,VGD,-1.801695624767014,-0.06354070880769402,15.289935852376274,9.987500000000002
fast_nominal_a2_to_0_p1500ps,x1.m21,VDS,-1.0086766783842327,0.0800140859503935,0.000192405760128096,16.545645458551963
fast_nominal_a2_to_0_p1500ps,x1.m21,VBS,0.0,0.0,5e-05,5e-05
fast_nominal_a2_to_0_p1500ps,x1.m22,VGS,-1.0039442439618416,0.9238100654187767,16.518288034146888,0.03950000000000003
fast_nominal_a2_to_0_p1500ps,x1.m22,VGD,-1.8960184293023414,0.448327906298295,16.517288034146887,0.05050000000000006
fast_nominal_a2_to_0_p1500ps,x1.m22,VDS,0.4180766891636418,0.8938868877779326,15.308935852376296,16.513634291165097
fast_nominal_a2_to_0_p1500ps,x1.m22,VBS,-1.383343896242313,-0.10515538740093083,15.306935852376295,5e-05
fast_nominal_a2_to_0_p1500ps,x1.m23,VGS,-1.285522776381855,0.5453982782110761,4.99874782100733,0.017499999999999998
fast_nominal_a2_to_0_p1500ps,x1.m23,VGD,-1.3827808191417648,0.4578240496920216,15.306935852376295,0.014499999999999999
fast_nominal_a2_to_0_p1500ps,x1.m23,VDS,-0.2742491917749026,1.4373357444394201,16.49902428784318,10.010074607776959
fast_nominal_a2_to_0_p1500ps,x1.m23,VBS,-1.28810530005621,0.08335991065097344,4.99874782100733,20.008817676575195
fast_nominal_a2_to_0_p1500ps,x1.m24,VGS,-1.0086766783842327,0.0800140859503935,0.000192405760128096,16.545645458551963
fast_nominal_a2_to_0_p1500ps,x1.m24,VGD,0.0075954149898087575,1.8799558858830718,0.0005027885930611369,16.546645458551964
fast_nominal_a2_to_0_p1500ps,x1.m24,VDS,-1.804232544727775,-0.9860618646859788,20.00581767657519,0.003320437646783645
fast_nominal_a2_to_0_p1500ps,x1.m24,VBS,0.0,0.0,5e-05,5e-05
fast_nominal_a2_to_0_p1500ps,x1.m25,VGS,0.7913233216157672,1.8800140859503935,0.000192405760128096,16.545645458551963
fast_nominal_a2_to_0_p1500ps,x1.m25,VGD,0.0075954149898087575,1.8799558858830718,0.0005027885930611369,16.546645458551964
fast_nominal_a2_to_0_p1500ps,x1.m25,VDS,-0.004232544727774983,0.8139381353140213,20.00581767657519,0.003320437646783645
fast_nominal_a2_to_0_p1500ps,x1.m25,VBS,0.0,0.0,5e-05,5e-05
fast_nominal_a2_to_0_p1500ps,x1.m26,VGS,-1.2795933496177883,0.10943991160577471,5e-05,20.134777416667095
fast_nominal_a2_to_0_p1500ps,x1.m26,VGD,0.07303497760708322,1.9081804629002888,0.013499999999999998,20.136777416667098
fast_nominal_a2_to_0_p1500ps,x1.m26,VDS,-1.8357992702518717,-1.0182518058260832,5.010747821007334,0.0185
fast_nominal_a2_to_0_p1500ps,x1.m26,VBS,0.0,0.0,5e-05,5e-05
fast_nominal_a2_to_0_p1500ps,x1.m27,VGS,0.5204066503822117,1.9094399116057748,5e-05,20.134777416667095
fast_nominal_a2_to_0_p1500ps,x1.m27,VGD,0.07303497760708322,1.9081804629002888,0.013499999999999998,20.136777416667098
fast_nominal_a2_to_0_p1500ps,x1.m27,VDS,-0.03579927025187161,0.7817481941739168,5.010747821007334,0.0185
fast_nominal_a2_to_0_p1500ps,x1.m27,VBS,0.0,0.0,5e-05,5e-05
fast_nominal_a2_to_0_p1500ps,x1.m28,VGS,-1.8287365423698705,0.060749113535049526,5.021575756282087,20.125777416667088
fast_nominal_a2_to_0_p1500ps,x1.m28,VGD,-1.824595719730009,1.8599953431646976,15.25048740620547,20.12677741666709
fast_nominal_a2_to_0_p1500ps,x1.m28,VDS,-1.8166424168180277,0.05681736252267222,16.517288034146887,15.306935852376295
fast_nominal_a2_to_0_p1500ps,x1.m28,VBS,0.0,0.0,5e-05,5e-05
fast_nominal_a2_to_0_p1500ps,x1.m29,VGS,-0.02873654236987054,1.8607491135350496,5.021575756282087,20.125777416667088
fast_nominal_a2_to_0_p1500ps,x1.m29,VGD,-1.824595719730009,1.8599953431646976,15.25048740620547,20.12677741666709
fast_nominal_a2_to_0_p1500ps,x1.m29,VDS,-0.016642416818027694,1.8568173625226723,16.517288034146887,15.306935852376295
fast_nominal_a2_to_0_p1500ps,x1.m29,VBS,0.0,0.0,5e-05,5e-05
fast_nominal_a2_to_0_p1500ps,x2.mp1,VGS,-1.8309077359352546,0.030577335382567572,16.537645458551953,20.07577741666703
fast_nominal_a2_to_0_p1500ps,x2.mp1,VGD,-1.8280901193602876,1.830471945089257,16.538645458551954,20.07677741666703
fast_nominal_a2_to_0_p1500ps,x2.mp1,VDS,-1.8301541247955595,0.08279821374145557,20.159777416667126,16.580645458552002
fast_nominal_a2_to_0_p1500ps,x2.mp1,VBS,0.0,0.0,5e-05,5e-05
fast_nominal_a2_to_0_p1500ps,x2.mn1,VGS,-0.030907735935254442,1.8305773353825676,16.537645458551953,20.07577741666703
fast_nominal_a2_to_0_p1500ps,x2.mn1,VGD,-1.8280901193602876,1.830471945089257,16.538645458551954,20.07677741666703
fast_nominal_a2_to_0_p1500ps,x2.mn1,VDS,-0.030154124795559473,1.8827982137414556,20.159777416667126,16.580645458552002
fast_nominal_a2_to_0_p1500ps,x2.mn1,VBS,0.0,0.0,5e-05,5e-05
fast_nominal_a2_to_0_p1500ps,x2.mp2,VGS,-1.8301541247955595,0.08279821374145557,20.159777416667126,16.580645458552002
fast_nominal_a2_to_0_p1500ps,x2.mp2,VGD,-1.8291413300033736,1.8802356005418241,20.159777416667126,16.580645458552002
fast_nominal_a2_to_0_p1500ps,x2.mp2,VDS,-1.8256616864104094,0.0273597654194484,16.608645458552036,20.202777416667175
fast_nominal_a2_to_0_p1500ps,x2.mp2,VBS,0.0,0.0,5e-05,5e-05
fast_nominal_a2_to_0_p1500ps,x2.mn2,VGS,-0.030154124795559473,1.8827982137414556,20.159777416667126,16.580645458552002
fast_nominal_a2_to_0_p1500ps,x2.mn2,VGD,-1.8291413300033736,1.8802356005418241,20.159777416667126,16.580645458552002
fast_nominal_a2_to_0_p1500ps,x2.mn2,VDS,-0.02566168641040937,1.8273597654194484,16.608645458552036,20.202777416667175
fast_nominal_a2_to_0_p1500ps,x2.mn2,VBS,0.0,0.0,5e-05,5e-05
fast_nominal_a2_to_0_p1500ps,x3.mp1,VGS,-1.804208539582085,-0.9819549675950919,10.006074607776961,0.0007070099436865562
fast_nominal_a2_to_0_p1500ps,x3.mp1,VGD,-1.8038135961502173,0.021915256893633495,10.00707460777696,0.00040942697154022523
fast_nominal_a2_to_0_p1500ps,x3.mp1,VDS,-1.0326599282198452,0.00046285294692594015,0.00024476606336425763,16.494024287843175
fast_nominal_a2_to_0_p1500ps,x3.mp1,VBS,0.0,0.0,5e-05,5e-05
fast_nominal_a2_to_0_p1500ps,x3.mn1,VGS,-0.004208539582084921,0.8180450324049081,10.006074607776961,0.0007070099436865562
fast_nominal_a2_to_0_p1500ps,x3.mn1,VGD,-1.8038135961502173,0.021915256893633495,10.00707460777696,0.00040942697154022523
fast_nominal_a2_to_0_p1500ps,x3.mn1,VDS,0.7673400717801547,1.800462852946926,0.00024476606336425763,16.494024287843175
fast_nominal_a2_to_0_p1500ps,x3.mn1,VBS,0.0,0.0,5e-05,5e-05
fast_nominal_a2_to_0_p1500ps,x3.mp2,VGS,-1.0326599282198452,0.00046285294692594015,0.00024476606336425763,16.494024287843175
fast_nominal_a2_to_0_p1500ps,x3.mp2,VGD,0.7365112749558475,1.8003008736334267,0.00024476606336425763,16.494024287843175
fast_nominal_a2_to_0_p1500ps,x3.mp2,VDS,-1.7998716543472268,-1.7085550594824774,16.517288034146887,0.0315
fast_nominal_a2_to_0_p1500ps,x3.mp2,VBS,0.0,0.0,5e-05,5e-05
fast_nominal_a2_to_0_p1500ps,x3.mn2,VGS,0.7673400717801547,1.800462852946926,0.00024476606336425763,16.494024287843175
fast_nominal_a2_to_0_p1500ps,x3.mn2,VGD,0.7365112749558475,1.8003008736334267,0.00024476606336425763,16.494024287843175
fast_nominal_a2_to_0_p1500ps,x3.mn2,VDS,0.00012834565277329677,0.09144494051752262,16.517288034146887,0.0315
fast_nominal_a2_to_0_p1500ps,x3.mn2,VBS,0.0,0.0,5e-05,5e-05
fast_nominal_a2_to_0_p1500ps,x4.mp1,VGS,-1.804232544727775,-0.9860618646859788,20.00581767657519,0.003320437646783645
fast_nominal_a2_to_0_p1500ps,x4.mp1,VGD,-1.8038382622721298,0.016664405990235442,20.006817676575192,0.00040942697154022523
fast_nominal_a2_to_0_p1500ps,x4.mp1,VDS,-1.033207726489447,0.00046255201047462613,0.00024476606336425763,4.99374782100733
fast_nominal_a2_to_0_p1500ps,x4.mp1,VBS,0.0,0.0,5e-05,5e-05
fast_nominal_a2_to_0_p1500ps,x4.mn1,VGS,-0.004232544727774983,0.8139381353140213,20.00581767657519,0.003320437646783645
fast_nominal_a2_to_0_p1500ps,x4.mn1,VGD,-1.8038382622721298,0.016664405990235442,20.006817676575192,0.00040942697154022523
fast_nominal_a2_to_0_p1500ps,x4.mn1,VDS,0.766792273510553,1.8004625520104747,0.00024476606336425763,4.99374782100733
fast_nominal_a2_to_0_p1500ps,x4.mn1,VBS,0.0,0.0,5e-05,5e-05
fast_nominal_a2_to_0_p1500ps,x4.mp2,VGS,-1.033207726489447,0.00046255201047462613,0.00024476606336425763,4.99374782100733
fast_nominal_a2_to_0_p1500ps,x4.mp2,VGD,0.7359736259000824,1.8003004578156288,0.00024476606336425763,4.99374782100733
fast_nominal_a2_to_0_p1500ps,x4.mp2,VDS,-1.7998714757190304,-1.70788176898593,5.017575756282086,0.0315
fast_nominal_a2_to_0_p1500ps,x4.mp2,VBS,0.0,0.0,5e-05,5e-05
fast_nominal_a2_to_0_p1500ps,x4.mn2,VGS,0.766792273510553,1.8004625520104747,0.00024476606336425763,4.99374782100733
fast_nominal_a2_to_0_p1500ps,x4.mn2,VGD,0.7359736259000824,1.8003004578156288,0.00024476606336425763,4.99374782100733
fast_nominal_a2_to_0_p1500ps,x4.mn2,VDS,0.0001285242809697522,0.09211823101407009,5.017575756282086,0.0315
fast_nominal_a2_to_0_p1500ps,x4.mn2,VBS,0.0,0.0,5e-05,5e-05
fast_nominal_a2_to_0_p1500ps,x5.mp1,VGS,-1.831919309436084,0.03054272342306663,5.037153908428268,10.076485683496978
fast_nominal_a2_to_0_p1500ps,x5.mp1,VGD,-1.8290261011228937,1.8304339724608614,5.038153908428268,10.077485683496977
fast_nominal_a2_to_0_p1500ps,x5.mp1,VDS,-1.8309906679423755,0.08313208063617572,10.159485683496934,5.07915390842828
fast_nominal_a2_to_0_p1500ps,x5.mp1,VBS,0.0,0.0,5e-05,5e-05
fast_nominal_a2_to_0_p1500ps,x5.mn1,VGS,-0.03191930943608391,1.8305427234230667,5.037153908428268,10.076485683496978
fast_nominal_a2_to_0_p1500ps,x5.mn1,VGD,-1.8290261011228937,1.8304339724608614,5.038153908428268,10.077485683496977
fast_nominal_a2_to_0_p1500ps,x5.mn1,VDS,-0.030990667942375563,1.8831320806361758,10.159485683496934,5.07915390842828
fast_nominal_a2_to_0_p1500ps,x5.mn1,VBS,0.0,0.0,5e-05,5e-05
fast_nominal_a2_to_0_p1500ps,x5.mp2,VGS,-1.8309906679423755,0.08313208063617572,10.159485683496934,5.07915390842828
fast_nominal_a2_to_0_p1500ps,x5.mp2,VGD,-1.829945871211516,1.8805601939719756,10.159485683496934,5.07915390842828
fast_nominal_a2_to_0_p1500ps,x5.mp2,VDS,-1.8256886783432882,0.02739548203658848,5.107153908428289,10.201485683496912
fast_nominal_a2_to_0_p1500ps,x5.mp2,VBS,0.0,0.0,5e-05,5e-05
fast_nominal_a2_to_0_p1500ps,x5.mn2,VGS,-0.030990667942375563,1.8831320806361758,10.159485683496934,5.07915390842828
fast_nominal_a2_to_0_p1500ps,x5.mn2,VGD,-1.829945871211516,1.8805601939719756,10.159485683496934,5.07915390842828
fast_nominal_a2_to_0_p1500ps,x5.mn2,VDS,-0.02568867834328804,1.8273954820365885,5.107153908428289,10.201485683496912
fast_nominal_a2_to_0_p1500ps,x5.mn2,VBS,0.0,0.0,5e-05,5e-05
fast_nominal_a2_to_1_p1500ps,x1.m1,VGS,-1.8,0.0,5e-05,15.283557301213003
fast_nominal_a2_to_1_p1500ps,x1.m1,VGD,-1.9078731383831857,1.8696033049367922,10.133485683496948,16.515023138591765
fast_nominal_a2_to_1_p1500ps,x1.m1,VDS,-1.8696033049367922,0.10787313838318568,16.515023138591765,10.133485683496948
fast_nominal_a2_to_1_p1500ps,x1.m1,VBS,0.0,0.0,5e-05,5e-05
fast_nominal_a2_to_1_p1500ps,x1.m2,VGS,0.0,1.8,5e-05,15.283557301213003
fast_nominal_a2_to_1_p1500ps,x1.m2,VGD,-1.9078731383831857,1.8696033049367922,10.133485683496948,16.515023138591765
fast_nominal_a2_to_1_p1500ps,x1.m2,VDS,-0.06960330493679222,1.9078731383831857,16.515023138591765,10.133485683496948
fast_nominal_a2_to_1_p1500ps,x1.m2,VBS,0.0,0.0,5e-05,5e-05
fast_nominal_a2_to_1_p1500ps,x1.m3,VGS,-1.8,0.0,15.276729034467003,5e-05
fast_nominal_a2_to_1_p1500ps,x1.m3,VGD,-1.860140361734249,1.8287365423698705,20.12877741666709,5.021575756282087
fast_nominal_a2_to_1_p1500ps,x1.m3,VDS,-1.8287365423698705,0.06014036173424886,5.021575756282087,20.12877741666709
fast_nominal_a2_to_1_p1500ps,x1.m3,VBS,0.0,0.0,5e-05,5e-05
fast_nominal_a2_to_1_p1500ps,x1.m4,VGS,0.0,1.8,15.276729034467003,5e-05
fast_nominal_a2_to_1_p1500ps,x1.m4,VGD,-1.860140361734249,1.8287365423698705,20.12877741666709,5.021575756282087
fast_nominal_a2_to_1_p1500ps,x1.m4,VDS,-0.02873654236987054,1.860140361734249,5.021575756282087,20.12877741666709
fast_nominal_a2_to_1_p1500ps,x1.m4,VBS,0.0,0.0,5e-05,5e-05
fast_nominal_a2_to_1_p1500ps,x1.m5,VGS,-1.8,0.0,5e-05,5.0125
fast_nominal_a2_to_1_p1500ps,x1.m5,VGD,-1.8177506335758107,-0.05823266870571642,15.334725543100992,19.9875
fast_nominal_a2_to_1_p1500ps,x1.m5,VDS,-0.9948787756196498,0.08027094458637118,0.000192405760128096,5.149153908428302
fast_nominal_a2_to_1_p1500ps,x1.m5,VBS,0.0,0.0,5e-05,5e-05
fast_nominal_a2_to_1_p1500ps,x1.m6,VGS,-1.2126817099361802,0.5951311312299796,15.245674574039706,15.681725543101384
fast_nominal_a2_to_1_p1500ps,x1.m6,VGD,-1.907548947769712,0.06199518164810325,5.021575756282087,20.123777416667085
fast_nominal_a2_to_1_p1500ps,x1.m6,VDS,0.44996451476717225,1.8876597322088264,25.0,9.996074607776967
fast_nominal_a2_to_1_p1500ps,x1.m6,VBS,-1.349989198841546,0.08107942201786694,25.0,10.012074607776958
fast_nominal_a2_to_1_p1500ps,x1.m7,VGS,-1.2441536296050575,1.8638023092039084,16.49836729509491,10.010074607776959
fast_nominal_a2_to_1_p1500ps,x1.m7,VGD,-1.3499314575047412,1.863969135977055,25.0,10.013298117341483
fast_nominal_a2_to_1_p1500ps,x1.m7,VDS,-0.12207104632778609,1.4001801698646945,15.338725543100995,20.009029091093375
fast_nominal_a2_to_1_p1500ps,x1.m7,VBS,-1.28810530005621,0.0833233153678593,4.99874782100733,10.00907460777696
fast_nominal_a2_to_1_p1500ps,x1.m8,VGS,0.0,1.8,5e-05,5.0125
fast_nominal_a2_to_1_p1500ps,x1.m8,VGD,-1.198254970412946,1.7999831433163764,15.2406745740397,17.612165666079882
fast_nominal_a2_to_1_p1500ps,x1.m8,VDS,-0.0833233153678593,1.28810530005621,10.00907460777696,4.99874782100733
fast_nominal_a2_to_1_p1500ps,x1.m8,VBS,0.0,0.0,5e-05,5e-05
fast_nominal_a2_to_1_p1500ps,x1.m9,VGS,-0.9948787756196498,0.08027094458637118,0.000192405760128096,5.149153908428302
fast_nominal_a2_to_1_p1500ps,x1.m9,VGD,0.014569345258993005,1.8802141019579883,0.0005027885930611369,5.150153908428302
fast_nominal_a2_to_1_p1500ps,x1.m9,VDS,-1.8041989195905344,-0.9823728479564311,10.006074607776961,0.0007070099436865562
fast_nominal_a2_to_1_p1500ps,x1.m9,VBS,0.0,0.0,5e-05,5e-05
fast_nominal_a2_to_1_p1500ps,x1.m10,VGS,0.8051212243803503,1.8802709445863712,0.000192405760128096,5.149153908428302
fast_nominal_a2_to_1_p1500ps,x1.m10,VGD,0.014569345258993005,1.8802141019579883,0.0005027885930611369,5.150153908428302
fast_nominal_a2_to_1_p1500ps,x1.m10,VDS,-0.004198919590534325,0.817627152043569,10.006074607776961,0.0007070099436865562
fast_nominal_a2_to_1_p1500ps,x1.m10,VBS,0.0,0.0,5e-05,5e-05
fast_nominal_a2_to_1_p1500ps,x1.m11,VGS,-1.8,0.0,5e-05,5.0125
fast_nominal_a2_to_1_p1500ps,x1.m11,VGD,-1.8183171342902689,1.7999322925187027,15.320725543100975,17.61016566607988
fast_nominal_a2_to_1_p1500ps,x1.m11,VDS,-1.8243954798635769,0.08219906287938161,20.001029091093365,16.514496968567563
fast_nominal_a2_to_1_p1500ps,x1.m11,VBS,0.0,0.0,5e-05,5e-05
fast_nominal_a2_to_1_p1500ps,x1.m12,VGS,-0.02616190905835211,1.8410012542980436,15.24867457403971,20.007029091093372
fast_nominal_a2_to_1_p1500ps,x1.m12,VGD,-1.9074716573187733,1.8181788302593769,5.021575756282087,20.000029091093364
fast_nominal_a2_to_1_p1500ps,x1.m12,VDS,2.5442063263741987e-05,1.8847423036154252,17.617165666079888,5.0140441534464095
fast_nominal_a2_to_1_p1500ps,x1.m12,VBS,-1.2409644737378625,0.04706461106749521,25.0,20.007029091093372
fast_nominal_a2_to_1_p1500ps,x1.m13,VGS,-1.285522776381855,1.8717470060926942,4.99874782100733,20.01202909109338
fast_nominal_a2_to_1_p1500ps,x1.m13,VGD,-0.07054233180786666,1.8339367590786861,15.292725543100945,20.008029091093373
fast_nominal_a2_to_1_p1500ps,x1.m13,VDS,-1.2850519979303545,0.5612345714860636,4.99874782100733,16.512800000000002
fast_nominal_a2_to_1_p1500ps,x1.m13,VBS,-1.28810530005621,0.0833233153678593,4.99874782100733,10.00907460777696
fast_nominal_a2_to_1_p1500ps,x1.m14,VGS,-1.8243954798635769,0.08219906287938161,20.001029091093365,16.514496968567563
fast_nominal_a2_to_1_p1500ps,x1.m14,VGD,-1.8200971546919271,1.880785068344532,20.002029091093366,16.515023138591765
fast_nominal_a2_to_1_p1500ps,x1.m14,VDS,-1.8319278669971575,0.02967239252764875,16.537165666078664,20.07677741666703
fast_nominal_a2_to_1_p1500ps,x1.m14,VBS,0.0,0.0,5e-05,5e-05
fast_nominal_a2_to_1_p1500ps,x1.m15,VGS,-0.02439547986357679,1.8821990628793817,20.001029091093365,16.514496968567563
fast_nominal_a2_to_1_p1500ps,x1.m15,VGD,-1.8200971546919271,1.880785068344532,20.002029091093366,16.515023138591765
fast_nominal_a2_to_1_p1500ps,x1.m15,VDS,-0.03192786699715751,1.8296723925276488,16.537165666078664,20.07677741666703
fast_nominal_a2_to_1_p1500ps,x1.m15,VBS,0.0,0.0,5e-05,5e-05
fast_nominal_a2_to_1_p1500ps,x1.m16,VGS,-1.8,0.0,5e-05,5.0125
fast_nominal_a2_to_1_p1500ps,x1.m16,VGD,-1.8017714215118072,1.7999321891863995,15.282844515924166,6.618153908428752
fast_nominal_a2_to_1_p1500ps,x1.m16,VDS,-1.8244166753745432,0.083347656376078,10.001074607776964,5.015013106933867
fast_nominal_a2_to_1_p1500ps,x1.m16,VBS,0.0,0.0,5e-05,5e-05
fast_nominal_a2_to_1_p1500ps,x1.m17,VGS,-0.6220796144368184,1.8444672174841705,20.00502909109337,10.00807460777696
fast_nominal_a2_to_1_p1500ps,x1.m17,VGD,-1.8952878186546442,1.8185866520229743,16.516637091560465,10.001074607776964
fast_nominal_a2_to_1_p1500ps,x1.m17,VDS,2.5475745918324133e-05,1.2758643978915472,6.5391539084287285,16.51571253495466
fast_nominal_a2_to_1_p1500ps,x1.m17,VBS,-1.253520071012109,0.04779612755033208,5.007747821007333,10.00707460777696
fast_nominal_a2_to_1_p1500ps,x1.m18,VGS,-1.2441536296050575,1.8638023092039084,16.49836729509491,10.010074607776959
fast_nominal_a2_to_1_p1500ps,x1.m18,VGD,-0.7545995079551546,1.8281717460495164,15.343725543101002,10.006074607776961
fast_nominal_a2_to_1_p1500ps,x1.m18,VDS,-0.6309060725849989,0.7025503084047711,16.49836729509491,20.009029091093375
fast_nominal_a2_to_1_p1500ps,x1.m18,VBS,-1.28810530005621,0.0833233153678593,4.99874782100733,10.00907460777696
fast_nominal_a2_to_1_p1500ps,x1.m19,VGS,-1.8244166753745432,0.083347656376078,10.001074607776964,5.015013106933867
fast_nominal_a2_to_1_p1500ps,x1.m19,VGD,-1.820123618513724,1.8820033817173072,10.002074607776963,5.015700308053428
fast_nominal_a2_to_1_p1500ps,x1.m19,VDS,-1.831919309436084,0.03054272342306663,5.037153908428268,10.076485683496978
fast_nominal_a2_to_1_p1500ps,x1.m19,VBS,0.0,0.0,5e-05,5e-05
fast_nominal_a2_to_1_p1500ps,x1.m20,VGS,-0.024416675374543173,1.883347656376078,10.001074607776964,5.015013106933867
fast_nominal_a2_to_1_p1500ps,x1.m20,VGD,-1.820123618513724,1.8820033817173072,10.002074607776963,5.015700308053428
fast_nominal_a2_to_1_p1500ps,x1.m20,VDS,-0.03191930943608391,1.8305427234230667,5.037153908428268,10.076485683496978
fast_nominal_a2_to_1_p1500ps,x1.m20,VBS,0.0,0.0,5e-05,5e-05
fast_nominal_a2_to_1_p1500ps,x1.m21,VGS,-1.8,0.0,5e-05,5.0125
fast_nominal_a2_to_1_p1500ps,x1.m21,VGD,-1.8015557989614308,-0.06354070880769402,15.289725543100941,9.987500000000002
fast_nominal_a2_to_1_p1500ps,x1.m21,VDS,-1.0086766783842327,0.08031807061473262,0.000192405760128096,16.643165666078783
fast_nominal_a2_to_1_p1500ps,x1.m21,VBS,0.0,0.0,5e-05,5e-05
fast_nominal_a2_to_1_p1500ps,x1.m22,VGS,-1.3202422379425172,0.9238100654187767,15.401725543101067,0.03950000000000003
fast_nominal_a2_to_1_p1500ps,x1.m22,VGD,-1.895281644674325,0.448327906298295,16.516637091560465,0.05050000000000006
fast_nominal_a2_to_1_p1500ps,x1.m22,VDS,0.14900094295109745,1.8901325846503716,15.347725543101006,19.995029091093357
fast_nominal_a2_to_1_p1500ps,x1.m22,VBS,-1.63925287100319,0.0786916653377617,15.346725543101005,20.011029091093377
fast_nominal_a2_to_1_p1500ps,x1.m23,VGS,-1.285522776381855,1.8717470060926942,4.99874782100733,20.01202909109338
fast_nominal_a2_to_1_p1500ps,x1.m23,VGD,-1.3982846105568372,1.8735000354854479,15.285217490598258,20.013590214679898
fast_nominal_a2_to_1_p1500ps,x1.m23,VDS,-0.10411036498569848,1.4373357444394201,16.49836729509491,10.010074607776959
fast_nominal_a2_to_1_p1500ps,x1.m23,VBS,-1.28810530005621,0.0833233153678593,4.99874782100733,10.00907460777696
fast_nominal_a2_to_1_p1500ps,x1.m24,VGS,-1.0086766783842327,0.08031807061473262,0.000192405760128096,16.643165666078783
fast_nominal_a2_to_1_p1500ps,x1.m24,VGD,0.0075954149898087575,1.880261263405279,0.0005027885930611369,16.644165666078784
fast_nominal_a2_to_1_p1500ps,x1.m24,VDS,-1.8042234349837292,-0.9860618646859788,20.00602909109337,0.003320437646783645
fast_nominal_a2_to_1_p1500ps,x1.m24,VBS,0.0,0.0,5e-05,5e-05
fast_nominal_a2_to_1_p1500ps,x1.m25,VGS,0.7913233216157672,1.8803180706147327,0.000192405760128096,16.643165666078783
fast_nominal_a2_to_1_p1500ps,x1.m25,VGD,0.0075954149898087575,1.880261263405279,0.0005027885930611369,16.644165666078784
fast_nominal_a2_to_1_p1500ps,x1.m25,VDS,-0.004223434983729172,0.8139381353140213,20.00602909109337,0.003320437646783645
fast_nominal_a2_to_1_p1500ps,x1.m25,VBS,0.0,0.0,5e-05,5e-05
fast_nominal_a2_to_1_p1500ps,x1.m26,VGS,-1.8696033049367922,0.10787313838318568,16.515023138591765,10.133485683496948
fast_nominal_a2_to_1_p1500ps,x1.m26,VGD,-1.8205805213249677,1.9066317689291707,20.072777416667027,10.135485683496947
fast_nominal_a2_to_1_p1500ps,x1.m26,VDS,-1.8357992702518717,0.03059657887823053,5.010747821007334,20.062777416667014
fast_nominal_a2_to_1_p1500ps,x1.m26,VBS,0.0,0.0,5e-05,5e-05
fast_nominal_a2_to_1_p1500ps,x1.m27,VGS,-0.06960330493679222,1.9078731383831857,16.515023138591765,10.133485683496948
fast_nominal_a2_to_1_p1500ps,x1.m27,VGD,-1.8205805213249677,1.9066317689291707,20.072777416667027,10.135485683496947
fast_nominal_a2_to_1_p1500ps,x1.m27,VDS,-0.03579927025187161,1.8305965788782306,5.010747821007334,20.062777416667014
fast_nominal_a2_to_1_p1500ps,x1.m27,VBS,0.0,0.0,5e-05,5e-05
fast_nominal_a2_to_1_p1500ps,x1.m28,VGS,-1.8287365423698705,0.06014036173424886,5.021575756282087,20.12877741666709
fast_nominal_a2_to_1_p1500ps,x1.m28,VGD,-1.8243600525149977,1.8594122366738626,15.250674574039712,20.130777416667094
fast_nominal_a2_to_1_p1500ps,x1.m28,VDS,-1.8158524821176758,0.054499420835605994,16.516637091560465,15.310725543100965
fast_nominal_a2_to_1_p1500ps,x1.m28,VBS,0.0,0.0,5e-05,5e-05
fast_nominal_a2_to_1_p1500ps,x1.m29,VGS,-0.02873654236987054,1.860140361734249,5.021575756282087,20.12877741666709
fast_nominal_a2_to_1_p1500ps,x1.m29,VGD,-1.8243600525149977,1.8594122366738626,15.250674574039712,20.130777416667094
fast_nominal_a2_to_1_p1500ps,x1.m29,VDS,-0.01585248211767576,1.854499420835606,16.516637091560465,15.310725543100965
fast_nominal_a2_to_1_p1500ps,x1.m29,VBS,0.0,0.0,5e-05,5e-05
fast_nominal_a2_to_1_p1500ps,x2.mp1,VGS,-1.8041989195905344,-0.9823728479564311,10.006074607776961,0.0007070099436865562
fast_nominal_a2_to_1_p1500ps,x2.mp1,VGD,-1.803805846574533,0.021544221006321584,10.00707460777696,0.00040942697154022523
fast_nominal_a2_to_1_p1500ps,x2.mp1,VDS,-1.032681758426923,0.00046280186651093125,0.00024476606336425763,16.494367295094904
fast_nominal_a2_to_1_p1500ps,x2.mp1,VBS,0.0,0.0,5e-05,5e-05
fast_nominal_a2_to_1_p1500ps,x2.mn1,VGS,-0.004198919590534325,0.817627152043569,10.006074607776961,0.0007070099436865562
fast_nominal_a2_to_1_p1500ps,x2.mn1,VGD,-1.803805846574533,0.021544221006321584,10.00707460777696,0.00040942697154022523
fast_nominal_a2_to_1_p1500ps,x2.mn1,VDS,0.767318241573077,1.800462801866511,0.00024476606336425763,16.494367295094904
fast_nominal_a2_to_1_p1500ps,x2.mn1,VBS,0.0,0.0,5e-05,5e-05
fast_nominal_a2_to_1_p1500ps,x2.mp2,VGS,-1.032681758426923,0.00046280186651093125,0.00024476606336425763,16.494367295094904
fast_nominal_a2_to_1_p1500ps,x2.mp2,VGD,0.7364897480715445,1.8003010033316051,0.00024476606336425763,16.494367295094904
fast_nominal_a2_to_1_p1500ps,x2.mp2,VDS,-1.799871421740389,-1.7085014191228336,16.517614766423684,0.0315
fast_nominal_a2_to_1_p1500ps,x2.mp2,VBS,0.0,0.0,5e-05,5e-05
fast_nominal_a2_to_1_p1500ps,x2.mn2,VGS,0.767318241573077,1.800462801866511,0.00024476606336425763,16.494367295094904
fast_nominal_a2_to_1_p1500ps,x2.mn2,VGD,0.7364897480715445,1.8003010033316051,0.00024476606336425763,16.494367295094904
fast_nominal_a2_to_1_p1500ps,x2.mn2,VDS,0.00012857825961097512,0.09149858087716636,16.517614766423684,0.0315
fast_nominal_a2_to_1_p1500ps,x2.mn2,VBS,0.0,0.0,5e-05,5e-05
fast_nominal_a2_to_1_p1500ps,x3.mp1,VGS,-1.8319278669971575,0.02967239252764875,16.537165666078664,20.07677741666703
fast_nominal_a2_to_1_p1500ps,x3.mp1,VGD,-1.8290444620422728,1.829574569982907,16.537165666078664,20.077777416667033
fast_nominal_a2_to_1_p1500ps,x3.mp1,VDS,-1.830255002929707,0.08372577362112876,20.160777416667127,16.57816566607871
fast_nominal_a2_to_1_p1500ps,x3.mp1,VBS,0.0,0.0,5e-05,5e-05
fast_nominal_a2_to_1_p1500ps,x3.mn1,VGS,-0.03192786699715751,1.8296723925276488,16.537165666078664,20.07677741666703
fast_nominal_a2_to_1_p1500ps,x3.mn1,VGD,-1.8290444620422728,1.829574569982907,16.537165666078664,20.077777416667033
fast_nominal_a2_to_1_p1500ps,x3.mn1,VDS,-0.030255002929706995,1.8837257736211288,20.160777416667127,16.57816566607871
fast_nominal_a2_to_1_p1500ps,x3.mn1,VBS,0.0,0.0,5e-05,5e-05
fast_nominal_a2_to_1_p1500ps,x3.mp2,VGS,-1.830255002929707,0.08372577362112876,20.160777416667127,16.57816566607871
fast_nominal_a2_to_1_p1500ps,x3.mp2,VGD,-1.8292395316096404,1.8811151062183376,20.161777416667128,16.57816566607871
fast_nominal_a2_to_1_p1500ps,x3.mp2,VDS,-1.8257648760725507,0.02734627455033478,16.60616566607874,20.204777416667177
fast_nominal_a2_to_1_p1500ps,x3.mp2,VBS,0.0,0.0,5e-05,5e-05
fast_nominal_a2_to_1_p1500ps,x3.mn2,VGS,-0.030255002929706995,1.8837257736211288,20.160777416667127,16.57816566607871
fast_nominal_a2_to_1_p1500ps,x3.mn2,VGD,-1.8292395316096404,1.8811151062183376,20.161777416667128,16.57816566607871
fast_nominal_a2_to_1_p1500ps,x3.mn2,VDS,-0.02576487607255062,1.8273462745503348,16.60616566607874,20.204777416667177
fast_nominal_a2_to_1_p1500ps,x3.mn2,VBS,0.0,0.0,5e-05,5e-05
fast_nominal_a2_to_1_p1500ps,x4.mp1,VGS,-1.8042234349837292,-0.9860618646859788,20.00602909109337,0.003320437646783645
fast_nominal_a2_to_1_p1500ps,x4.mp1,VGD,-1.8038304616008822,0.016664405990235442,20.007029091093372,0.00040942697154022523
fast_nominal_a2_to_1_p1500ps,x4.mp1,VDS,-1.033207726489447,0.00046255201047462613,0.00024476606336425763,4.99374782100733
fast_nominal_a2_to_1_p1500ps,x4.mp1,VBS,0.0,0.0,5e-05,5e-05
fast_nominal_a2_to_1_p1500ps,x4.mn1,VGS,-0.004223434983729172,0.8139381353140213,20.00602909109337,0.003320437646783645
fast_nominal_a2_to_1_p1500ps,x4.mn1,VGD,-1.8038304616008822,0.016664405990235442,20.007029091093372,0.00040942697154022523
fast_nominal_a2_to_1_p1500ps,x4.mn1,VDS,0.766792273510553,1.8004625520104747,0.00024476606336425763,4.99374782100733
fast_nominal_a2_to_1_p1500ps,x4.mn1,VBS,0.0,0.0,5e-05,5e-05
fast_nominal_a2_to_1_p1500ps,x4.mp2,VGS,-1.033207726489447,0.00046255201047462613,0.00024476606336425763,4.99374782100733
fast_nominal_a2_to_1_p1500ps,x4.mp2,VGD,0.7359736259000824,1.8003004578156288,0.00024476606336425763,4.99374782100733
fast_nominal_a2_to_1_p1500ps,x4.mp2,VDS,-1.7998714757190304,-1.70788176898593,5.017575756282086,0.0315
fast_nominal_a2_to_1_p1500ps,x4.mp2,VBS,0.0,0.0,5e-05,5e-05
fast_nominal_a2_to_1_p1500ps,x4.mn2,VGS,0.766792273510553,1.8004625520104747,0.00024476606336425763,4.99374782100733
fast_nominal_a2_to_1_p1500ps,x4.mn2,VGD,0.7359736259000824,1.8003004578156288,0.00024476606336425763,4.99374782100733
fast_nominal_a2_to_1_p1500ps,x4.mn2,VDS,0.0001285242809697522,0.09211823101407009,5.017575756282086,0.0315
fast_nominal_a2_to_1_p1500ps,x4.mn2,VBS,0.0,0.0,5e-05,5e-05
fast_nominal_a2_to_1_p1500ps,x5.mp1,VGS,-1.831919309436084,0.03054272342306663,5.037153908428268,10.076485683496978
fast_nominal_a2_to_1_p1500ps,x5.mp1,VGD,-1.8290261011228937,1.8304339724608614,5.038153908428268,10.077485683496977
fast_nominal_a2_to_1_p1500ps,x5.mp1,VDS,-1.8309906679423755,0.08313208063617572,10.159485683496934,5.07915390842828
fast_nominal_a2_to_1_p1500ps,x5.mp1,VBS,0.0,0.0,5e-05,5e-05
fast_nominal_a2_to_1_p1500ps,x5.mn1,VGS,-0.03191930943608391,1.8305427234230667,5.037153908428268,10.076485683496978
fast_nominal_a2_to_1_p1500ps,x5.mn1,VGD,-1.8290261011228937,1.8304339724608614,5.038153908428268,10.077485683496977
fast_nominal_a2_to_1_p1500ps,x5.mn1,VDS,-0.030990667942375563,1.8831320806361758,10.159485683496934,5.07915390842828
fast_nominal_a2_to_1_p1500ps,x5.mn1,VBS,0.0,0.0,5e-05,5e-05
fast_nominal_a2_to_1_p1500ps,x5.mp2,VGS,-1.8309906679423755,0.08313208063617572,10.159485683496934,5.07915390842828
fast_nominal_a2_to_1_p1500ps,x5.mp2,VGD,-1.829945871211516,1.8805601939719756,10.159485683496934,5.07915390842828
fast_nominal_a2_to_1_p1500ps,x5.mp2,VDS,-1.8256886783432882,0.02739548203658848,5.107153908428289,10.201485683496912
fast_nominal_a2_to_1_p1500ps,x5.mp2,VBS,0.0,0.0,5e-05,5e-05
fast_nominal_a2_to_1_p1500ps,x5.mn2,VGS,-0.030990667942375563,1.8831320806361758,10.159485683496934,5.07915390842828
fast_nominal_a2_to_1_p1500ps,x5.mn2,VGD,-1.829945871211516,1.8805601939719756,10.159485683496934,5.07915390842828
fast_nominal_a2_to_1_p1500ps,x5.mn2,VDS,-0.02568867834328804,1.8273954820365885,5.107153908428289,10.201485683496912
fast_nominal_a2_to_1_p1500ps,x5.mn2,VBS,0.0,0.0,5e-05,5e-05
fast_nominal_a2_to_3_p1500ps,x1.m1,VGS,-1.8,0.0,5e-05,15.283557301213003
fast_nominal_a2_to_3_p1500ps,x1.m1,VGD,-1.9078731383831857,1.8686056005806577,10.133485683496948,16.51482240015683
fast_nominal_a2_to_3_p1500ps,x1.m1,VDS,-1.8686056005806577,0.10787313838318568,16.51482240015683,10.133485683496948
fast_nominal_a2_to_3_p1500ps,x1.m1,VBS,0.0,0.0,5e-05,5e-05
fast_nominal_a2_to_3_p1500ps,x1.m2,VGS,0.0,1.8,5e-05,15.283557301213003
fast_nominal_a2_to_3_p1500ps,x1.m2,VGD,-1.9078731383831857,1.8686056005806577,10.133485683496948,16.51482240015683
fast_nominal_a2_to_3_p1500ps,x1.m2,VDS,-0.06860560058065775,1.9078731383831857,16.51482240015683,10.133485683496948
fast_nominal_a2_to_3_p1500ps,x1.m2,VBS,0.0,0.0,5e-05,5e-05
fast_nominal_a2_to_3_p1500ps,x1.m3,VGS,0.0,0.0,5e-05,5e-05
fast_nominal_a2_to_3_p1500ps,x1.m3,VGD,1.0318770853360237,1.8287365423698705,0.001113993852769311,5.021575756282087
fast_nominal_a2_to_3_p1500ps,x1.m3,VDS,-1.8287365423698705,-1.0318770853360237,5.021575756282087,0.001113993852769311
fast_nominal_a2_to_3_p1500ps,x1.m3,VBS,0.0,0.0,5e-05,5e-05
fast_nominal_a2_to_3_p1500ps,x1.m4,VGS,1.8,1.8,5e-05,5e-05
fast_nominal_a2_to_3_p1500ps,x1.m4,VGD,1.0318770853360237,1.8287365423698705,0.001113993852769311,5.021575756282087
fast_nominal_a2_to_3_p1500ps,x1.m4,VDS,-0.02873654236987054,0.7681229146639763,5.021575756282087,0.001113993852769311
fast_nominal_a2_to_3_p1500ps,x1.m4,VBS,0.0,0.0,5e-05,5e-05
fast_nominal_a2_to_3_p1500ps,x1.m5,VGS,-1.8,0.0,5e-05,5.0125
fast_nominal_a2_to_3_p1500ps,x1.m5,VGD,-1.8004214425165268,-0.07107468205818401,15.34449369149593,9.987500000000002
fast_nominal_a2_to_3_p1500ps,x1.m5,VDS,-0.9948787756196498,0.08027094458637118,0.000192405760128096,5.149153908428302
fast_nominal_a2_to_3_p1500ps,x1.m5,VBS,0.0,0.0,5e-05,5e-05
fast_nominal_a2_to_3_p1500ps,x1.m6,VGS,-1.1926615234853675,0.5122512367744758,15.241052829510426,0.0009634794717370069
fast_nominal_a2_to_3_p1500ps,x1.m6,VGD,-1.907548947769712,-0.07669553005013485,5.021575756282087,0.0005981282853034989
fast_nominal_a2_to_3_p1500ps,x1.m6,VDS,0.5626789555613338,1.8876597322088264,5e-05,9.996074607776967
fast_nominal_a2_to_3_p1500ps,x1.m6,VBS,-1.1928940133985826,0.08107942201786694,15.241052829510426,10.012074607776958
fast_nominal_a2_to_3_p1500ps,x1.m7,VGS,-1.2236475202275228,1.8638023092039084,16.49826874968104,10.010074607776959
fast_nominal_a2_to_3_p1500ps,x1.m7,VGD,-0.8531530054376201,1.863969135977055,16.514336748295978,10.013298117341483
fast_nominal_a2_to_3_p1500ps,x1.m7,VDS,-0.42884656887287287,0.8829382039304376,16.49826874968104,20.008738516820724
fast_nominal_a2_to_3_p1500ps,x1.m7,VBS,-1.28810530005621,0.0833233153678593,4.99874782100733,10.00907460777696
fast_nominal_a2_to_3_p1500ps,x1.m8,VGS,0.0,1.8,5e-05,5.0125
fast_nominal_a2_to_3_p1500ps,x1.m8,VGD,-1.1985038661819507,1.7999831397743096,15.241052829510426,6.664153908428767
fast_nominal_a2_to_3_p1500ps,x1.m8,VDS,-0.0833233153678593,1.28810530005621,10.00907460777696,4.99874782100733
fast_nominal_a2_to_3_p1500ps,x1.m8,VBS,0.0,0.0,5e-05,5e-05
fast_nominal_a2_to_3_p1500ps,x1.m9,VGS,-0.9948787756196498,0.08027094458637118,0.000192405760128096,5.149153908428302
fast_nominal_a2_to_3_p1500ps,x1.m9,VGD,0.014569345258993005,1.8802141019579883,0.0005027885930611369,5.150153908428302
fast_nominal_a2_to_3_p1500ps,x1.m9,VDS,-1.8042383524859702,-0.9823728479564311,20.00573851682072,0.0007070099436865562
fast_nominal_a2_to_3_p1500ps,x1.m9,VBS,0.0,0.0,5e-05,5e-05
fast_nominal_a2_to_3_p1500ps,x1.m10,VGS,0.8051212243803503,1.8802709445863712,0.000192405760128096,5.149153908428302
fast_nominal_a2_to_3_p1500ps,x1.m10,VGD,0.014569345258993005,1.8802141019579883,0.0005027885930611369,5.150153908428302
fast_nominal_a2_to_3_p1500ps,x1.m10,VDS,-0.004238352485970206,0.817627152043569,20.00573851682072,0.0007070099436865562
fast_nominal_a2_to_3_p1500ps,x1.m10,VBS,0.0,0.0,5e-05,5e-05
fast_nominal_a2_to_3_p1500ps,x1.m11,VGS,-1.8,0.0,5e-05,5.0125
fast_nominal_a2_to_3_p1500ps,x1.m11,VGD,-1.8001283495030096,-0.07064657724352652,15.346493691495933,9.987500000000002
fast_nominal_a2_to_3_p1500ps,x1.m11,VDS,-0.9942039813345008,0.0802839612738846,0.000192405760128096,16.64569779349792
fast_nominal_a2_to_3_p1500ps,x1.m11,VBS,0.0,0.0,5e-05,5e-05
fast_nominal_a2_to_3_p1500ps,x1.m12,VGS,-1.180068202964403,0.5554232828229247,25.0,0.001113993852769311
fast_nominal_a2_to_3_p1500ps,x1.m12,VGD,-1.9074716573187733,-0.07770784012577947,5.021575756282087,0.0005981282853034989
fast_nominal_a2_to_3_p1500ps,x1.m12,VDS,0.6138434390974792,1.8901820300800642,0.00024476606336425763,19.99573851682071
fast_nominal_a2_to_3_p1500ps,x1.m12,VBS,-1.1801150154893958,0.07859579040083767,25.0,20.011738516820728
fast_nominal_a2_to_3_p1500ps,x1.m13,VGS,-1.285522776381855,1.8716254707276958,4.99874782100733,20.011738516820728
fast_nominal_a2_to_3_p1500ps,x1.m13,VGD,-0.0323322171560078,1.873426030528224,5.010747821007334,20.01378794621036
fast_nominal_a2_to_3_p1500ps,x1.m13,VDS,-1.2850519979303545,0.45696462405431293,4.99874782100733,16.512268749681052
fast_nominal_a2_to_3_p1500ps,x1.m13,VBS,-1.28810530005621,0.0833233153678593,4.99874782100733,10.00907460777696
fast_nominal_a2_to_3_p1500ps,x1.m14,VGS,-0.9942039813345008,0.0802839612738846,0.000192405760128096,16.64569779349792
fast_nominal_a2_to_3_p1500ps,x1.m14,VGD,0.015142929952144613,1.8802271191113802,0.0005027885930611369,16.64669779349792
fast_nominal_a2_to_3_p1500ps,x1.m14,VDS,-1.8042287732322018,-0.9819549675950919,20.00573851682072,0.0007070099436865562
fast_nominal_a2_to_3_p1500ps,x1.m14,VBS,0.0,0.0,5e-05,5e-05
fast_nominal_a2_to_3_p1500ps,x1.m15,VGS,0.8057960186654992,1.8802839612738846,0.000192405760128096,16.64569779349792
fast_nominal_a2_to_3_p1500ps,x1.m15,VGD,0.015142929952144613,1.8802271191113802,0.0005027885930611369,16.64669779349792
fast_nominal_a2_to_3_p1500ps,x1.m15,VDS,-0.0042287732322016285,0.8180450324049081,20.00573851682072,0.0007070099436865562
fast_nominal_a2_to_3_p1500ps,x1.m15,VBS,0.0,0.0,5e-05,5e-05
fast_nominal_a2_to_3_p1500ps,x1.m16,VGS,-1.8,0.0,5e-05,5.0125
fast_nominal_a2_to_3_p1500ps,x1.m16,VGD,-1.800205191733768,1.7999321891863995,15.282052829510473,6.618153908428752
fast_nominal_a2_to_3_p1500ps,x1.m16,VDS,-1.8244166753745432,0.083347656376078,10.001074607776964,5.015013106933867
fast_nominal_a2_to_3_p1500ps,x1.m16,VBS,0.0,0.0,5e-05,5e-05
fast_nominal_a2_to_3_p1500ps,x1.m17,VGS,0.0894179307500173,1.8444672174841705,5e-05,10.00807460777696
fast_nominal_a2_to_3_p1500ps,x1.m17,VGD,-0.5339933048472976,1.8185866520229743,5e-05,10.001074607776964
fast_nominal_a2_to_3_p1500ps,x1.m17,VDS,2.5475745918324133e-05,1.1968978625788773,6.5391539084287285,5.022575756282087
fast_nominal_a2_to_3_p1500ps,x1.m17,VBS,-1.349172788750741,0.04779612755033208,25.0,10.00707460777696
fast_nominal_a2_to_3_p1500ps,x1.m18,VGS,-1.2236475202275228,1.8638023092039084,16.49826874968104,10.010074607776959
fast_nominal_a2_to_3_p1500ps,x1.m18,VGD,-1.3491148543323432,1.8281717460495164,25.0,10.006074607776961
fast_nominal_a2_to_3_p1500ps,x1.m18,VDS,-0.06695098925553022,1.4014838518838169,15.333493691495917,20.009738516820725
fast_nominal_a2_to_3_p1500ps,x1.m18,VBS,-1.28810530005621,0.0833233153678593,4.99874782100733,10.00907460777696
fast_nominal_a2_to_3_p1500ps,x1.m19,VGS,-1.8244166753745432,0.083347656376078,10.001074607776964,5.015013106933867
fast_nominal_a2_to_3_p1500ps,x1.m19,VGD,-1.820123618513724,1.8820033817173072,10.002074607776963,5.015700308053428
fast_nominal_a2_to_3_p1500ps,x1.m19,VDS,-1.831919309436084,0.03054272342306663,5.037153908428268,10.076485683496978
fast_nominal_a2_to_3_p1500ps,x1.m19,VBS,0.0,0.0,5e-05,5e-05
fast_nominal_a2_to_3_p1500ps,x1.m20,VGS,-0.024416675374543173,1.883347656376078,10.001074607776964,5.015013106933867
fast_nominal_a2_to_3_p1500ps,x1.m20,VGD,-1.820123618513724,1.8820033817173072,10.002074607776963,5.015700308053428
fast_nominal_a2_to_3_p1500ps,x1.m20,VDS,-0.03191930943608391,1.8305427234230667,5.037153908428268,10.076485683496978
fast_nominal_a2_to_3_p1500ps,x1.m20,VBS,0.0,0.0,5e-05,5e-05
fast_nominal_a2_to_3_p1500ps,x1.m21,VGS,-1.8,0.0,5e-05,5.0125
fast_nominal_a2_to_3_p1500ps,x1.m21,VGD,-1.8003542081264636,1.799932164958412,15.547493691496161,17.471697793498855
fast_nominal_a2_to_3_p1500ps,x1.m21,VDS,-1.8243335438743395,0.08094112217203975,20.000738516820714,16.513914312657366
fast_nominal_a2_to_3_p1500ps,x1.m21,VBS,0.0,0.0,5e-05,5e-05
fast_nominal_a2_to_3_p1500ps,x1.m22,VGS,0.04932410684659572,1.8434570860826627,15.364493691495953,20.007738516820723
fast_nominal_a2_to_3_p1500ps,x1.m22,VGD,-0.534024150404908,1.818544319557438,5e-05,20.000738516820714
fast_nominal_a2_to_3_p1500ps,x1.m22,VDS,2.5469989047177677e-05,1.1930375603896881,17.513697793498903,16.521164045256818
fast_nominal_a2_to_3_p1500ps,x1.m22,VBS,-1.7522503962829126,0.046803926361645265,15.364493691495953,20.00673851682072
fast_nominal_a2_to_3_p1500ps,x1.m23,VGS,-1.285522776381855,1.8716254707276958,4.99874782100733,20.011738516820728
fast_nominal_a2_to_3_p1500ps,x1.m23,VGD,-1.3880146996787663,1.8336532583471095,15.284553429820136,20.007738516820723
fast_nominal_a2_to_3_p1500ps,x1.m23,VDS,-0.03608105028182296,1.4373357444394201,16.49826874968104,10.010074607776959
fast_nominal_a2_to_3_p1500ps,x1.m23,VBS,-1.28810530005621,0.0833233153678593,4.99874782100733,10.00907460777696
fast_nominal_a2_to_3_p1500ps,x1.m24,VGS,-1.8243335438743395,0.08094112217203975,20.000738516820714,16.513914312657366
fast_nominal_a2_to_3_p1500ps,x1.m24,VGD,-1.8200039805026462,1.8795072416197214,20.001738516820716,16.514336748295978
fast_nominal_a2_to_3_p1500ps,x1.m24,VDS,-1.8331468894510359,0.029649126667328884,16.536697793497794,20.077777416667033
fast_nominal_a2_to_3_p1500ps,x1.m24,VBS,0.0,0.0,5e-05,5e-05
fast_nominal_a2_to_3_p1500ps,x1.m25,VGS,-0.02433354387433939,1.8809411221720398,20.000738516820714,16.513914312657366
fast_nominal_a2_to_3_p1500ps,x1.m25,VGD,-1.8200039805026462,1.8795072416197214,20.001738516820716,16.514336748295978
fast_nominal_a2_to_3_p1500ps,x1.m25,VDS,-0.03314688945103586,1.829649126667329,16.536697793497794,20.077777416667033
fast_nominal_a2_to_3_p1500ps,x1.m25,VBS,0.0,0.0,5e-05,5e-05
fast_nominal_a2_to_3_p1500ps,x1.m26,VGS,-1.8686056005806577,0.10787313838318568,16.51482240015683,10.133485683496948
fast_nominal_a2_to_3_p1500ps,x1.m26,VGD,-1.8204381466130966,1.9066317689291707,20.072777416667027,10.135485683496947
fast_nominal_a2_to_3_p1500ps,x1.m26,VDS,-1.8357992702518717,0.030225219806117032,5.010747821007334,20.062777416667014
fast_nominal_a2_to_3_p1500ps,x1.m26,VBS,0.0,0.0,5e-05,5e-05
fast_nominal_a2_to_3_p1500ps,x1.m27,VGS,-0.06860560058065775,1.9078731383831857,16.51482240015683,10.133485683496948
fast_nominal_a2_to_3_p1500ps,x1.m27,VGD,-1.8204381466130966,1.9066317689291707,20.072777416667027,10.135485683496947
fast_nominal_a2_to_3_p1500ps,x1.m27,VDS,-0.03579927025187161,1.830225219806117,5.010747821007334,20.062777416667014
fast_nominal_a2_to_3_p1500ps,x1.m27,VBS,0.0,0.0,5e-05,5e-05
fast_nominal_a2_to_3_p1500ps,x1.m28,VGS,-1.8287365423698705,-1.0318770853360237,5.021575756282087,0.001113993852769311
fast_nominal_a2_to_3_p1500ps,x1.m28,VGD,-1.813400826182009,0.31806450761560867,20.027300326565033,5.088168885939515e-05
fast_nominal_a2_to_3_p1500ps,x1.m28,VDS,-1.5293158897462487,0.016806618823973496,5e-05,10.043485683496995
fast_nominal_a2_to_3_p1500ps,x1.m28,VBS,0.0,0.0,5e-05,5e-05
fast_nominal_a2_to_3_p1500ps,x1.m29,VGS,-0.02873654236987054,0.7681229146639763,5.021575756282087,0.001113993852769311
fast_nominal_a2_to_3_p1500ps,x1.m29,VGD,-1.813400826182009,0.31806450761560867,20.027300326565033,5.088168885939515e-05
fast_nominal_a2_to_3_p1500ps,x1.m29,VDS,0.2706841102537515,1.8168066188239735,5e-05,10.043485683496995
fast_nominal_a2_to_3_p1500ps,x1.m29,VBS,0.0,0.0,5e-05,5e-05
fast_nominal_a2_to_3_p1500ps,x2.mp1,VGS,-1.8042383524859702,-0.9823728479564311,20.00573851682072,0.0007070099436865562
fast_nominal_a2_to_3_p1500ps,x2.mp1,VGD,-1.803843262738115,0.021544221006321584,20.00673851682072,0.00040942697154022523
fast_nominal_a2_to_3_p1500ps,x2.mp1,VDS,-1.032681758426923,0.0004625450238959772,0.00024476606336425763,16.494268749681034
fast_nominal_a2_to_3_p1500ps,x2.mp1,VBS,0.0,0.0,5e-05,5e-05
fast_nominal_a2_to_3_p1500ps,x2.mn1,VGS,-0.004238352485970206,0.817627152043569,20.00573851682072,0.0007070099436865562
fast_nominal_a2_to_3_p1500ps,x2.mn1,VGD,-1.803843262738115,0.021544221006321584,20.00673851682072,0.00040942697154022523
fast_nominal_a2_to_3_p1500ps,x2.mn1,VDS,0.767318241573077,1.800462545023896,0.00024476606336425763,16.494268749681034
fast_nominal_a2_to_3_p1500ps,x2.mn1,VBS,0.0,0.0,5e-05,5e-05
fast_nominal_a2_to_3_p1500ps,x2.mp2,VGS,-1.032681758426923,0.0004625450238959772,0.00024476606336425763,16.494268749681034
fast_nominal_a2_to_3_p1500ps,x2.mp2,VGD,0.7364897480715445,1.8003007069553756,0.00024476606336425763,16.494268749681034
fast_nominal_a2_to_3_p1500ps,x2.mp2,VDS,-1.7998706903201416,-1.7085014191228336,5.017575756282086,0.0315
fast_nominal_a2_to_3_p1500ps,x2.mp2,VBS,0.0,0.0,5e-05,5e-05
fast_nominal_a2_to_3_p1500ps,x2.mn2,VGS,0.767318241573077,1.800462545023896,0.00024476606336425763,16.494268749681034
fast_nominal_a2_to_3_p1500ps,x2.mn2,VGD,0.7364897480715445,1.8003007069553756,0.00024476606336425763,16.494268749681034
fast_nominal_a2_to_3_p1500ps,x2.mn2,VDS,0.0001293096798585503,0.09149858087716636,5.017575756282086,0.0315
fast_nominal_a2_to_3_p1500ps,x2.mn2,VBS,0.0,0.0,5e-05,5e-05
fast_nominal_a2_to_3_p1500ps,x3.mp1,VGS,-1.8042287732322018,-0.9819549675950919,20.00573851682072,0.0007070099436865562
fast_nominal_a2_to_3_p1500ps,x3.mp1,VGD,-1.8038353179669178,0.021915256893633495,20.00673851682072,0.00040942697154022523
fast_nominal_a2_to_3_p1500ps,x3.mp1,VDS,-1.0326599282198452,0.00046254618403285264,0.00024476606336425763,16.494268749681034
fast_nominal_a2_to_3_p1500ps,x3.mp1,VBS,0.0,0.0,5e-05,5e-05
fast_nominal_a2_to_3_p1500ps,x3.mn1,VGS,-0.0042287732322016285,0.8180450324049081,20.00573851682072,0.0007070099436865562
fast_nominal_a2_to_3_p1500ps,x3.mn1,VGD,-1.8038353179669178,0.021915256893633495,20.00673851682072,0.00040942697154022523
fast_nominal_a2_to_3_p1500ps,x3.mn1,VDS,0.7673400717801547,1.800462546184033,0.00024476606336425763,16.494268749681034
fast_nominal_a2_to_3_p1500ps,x3.mn1,VBS,0.0,0.0,5e-05,5e-05
fast_nominal_a2_to_3_p1500ps,x3.mp2,VGS,-1.0326599282198452,0.00046254618403285264,0.00024476606336425763,16.494268749681034
fast_nominal_a2_to_3_p1500ps,x3.mp2,VGD,0.7365112749558475,1.800300708057788,0.00024476606336425763,16.494268749681034
fast_nominal_a2_to_3_p1500ps,x3.mp2,VDS,-1.7998707418728843,-1.7085550594824774,5.017575756282086,0.0315
fast_nominal_a2_to_3_p1500ps,x3.mp2,VBS,0.0,0.0,5e-05,5e-05
fast_nominal_a2_to_3_p1500ps,x3.mn2,VGS,0.7673400717801547,1.800462546184033,0.00024476606336425763,16.494268749681034
fast_nominal_a2_to_3_p1500ps,x3.mn2,VGD,0.7365112749558475,1.800300708057788,0.00024476606336425763,16.494268749681034
fast_nominal_a2_to_3_p1500ps,x3.mn2,VDS,0.0001292581271157198,0.09144494051752262,5.017575756282086,0.0315
fast_nominal_a2_to_3_p1500ps,x3.mn2,VBS,0.0,0.0,5e-05,5e-05
fast_nominal_a2_to_3_p1500ps,x4.mp1,VGS,-1.8331468894510359,0.029649126667328884,16.536697793497794,20.077777416667033
fast_nominal_a2_to_3_p1500ps,x4.mp1,VGD,-1.8301403307528288,1.8295458770222455,16.537697793497795,20.077777416667033
fast_nominal_a2_to_3_p1500ps,x4.mp1,VDS,-1.8310612778261373,0.0840798828743139,20.160777416667127,16.57669779349784
fast_nominal_a2_to_3_p1500ps,x4.mp1,VBS,0.0,0.0,5e-05,5e-05
fast_nominal_a2_to_3_p1500ps,x4.mn1,VGS,-0.03314688945103586,1.829649126667329,16.536697793497794,20.077777416667033
fast_nominal_a2_to_3_p1500ps,x4.mn1,VGD,-1.8301403307528288,1.8295458770222455,16.537697793497795,20.077777416667033
fast_nominal_a2_to_3_p1500ps,x4.mn1,VDS,-0.03106127782613719,1.884079882874314,20.160777416667127,16.57669779349784
fast_nominal_a2_to_3_p1500ps,x4.mn1,VBS,0.0,0.0,5e-05,5e-05
fast_nominal_a2_to_3_p1500ps,x4.mp2,VGS,-1.8310612778261373,0.0840798828743139,20.160777416667127,16.57669779349784
fast_nominal_a2_to_3_p1500ps,x4.mp2,VGD,-1.8300103344287644,1.8814453329667433,20.160777416667127,16.57669779349784
fast_nominal_a2_to_3_p1500ps,x4.mp2,VDS,-1.8257754834958018,0.02739079151060153,16.604697793497873,20.203777416667176
fast_nominal_a2_to_3_p1500ps,x4.mp2,VBS,0.0,0.0,5e-05,5e-05
fast_nominal_a2_to_3_p1500ps,x4.mn2,VGS,-0.03106127782613719,1.884079882874314,20.160777416667127,16.57669779349784
fast_nominal_a2_to_3_p1500ps,x4.mn2,VGD,-1.8300103344287644,1.8814453329667433,20.160777416667127,16.57669779349784
fast_nominal_a2_to_3_p1500ps,x4.mn2,VDS,-0.025775483495801773,1.8273907915106016,16.604697793497873,20.203777416667176
fast_nominal_a2_to_3_p1500ps,x4.mn2,VBS,0.0,0.0,5e-05,5e-05
fast_nominal_a2_to_3_p1500ps,x5.mp1,VGS,-1.831919309436084,0.03054272342306663,5.037153908428268,10.076485683496978
fast_nominal_a2_to_3_p1500ps,x5.mp1,VGD,-1.8290261011228937,1.8304339724608614,5.038153908428268,10.077485683496977
fast_nominal_a2_to_3_p1500ps,x5.mp1,VDS,-1.8309906679423755,0.08313208063617572,10.159485683496934,5.07915390842828
fast_nominal_a2_to_3_p1500ps,x5.mp1,VBS,0.0,0.0,5e-05,5e-05
fast_nominal_a2_to_3_p1500ps,x5.mn1,VGS,-0.03191930943608391,1.8305427234230667,5.037153908428268,10.076485683496978
fast_nominal_a2_to_3_p1500ps,x5.mn1,VGD,-1.8290261011228937,1.8304339724608614,5.038153908428268,10.077485683496977
fast_nominal_a2_to_3_p1500ps,x5.mn1,VDS,-0.030990667942375563,1.8831320806361758,10.159485683496934,5.07915390842828
fast_nominal_a2_to_3_p1500ps,x5.mn1,VBS,0.0,0.0,5e-05,5e-05
fast_nominal_a2_to_3_p1500ps,x5.mp2,VGS,-1.8309906679423755,0.08313208063617572,10.159485683496934,5.07915390842828
fast_nominal_a2_to_3_p1500ps,x5.mp2,VGD,-1.829945871211516,1.8805601939719756,10.159485683496934,5.07915390842828
fast_nominal_a2_to_3_p1500ps,x5.mp2,VDS,-1.8256886783432882,0.02739548203658848,5.107153908428289,10.201485683496912
fast_nominal_a2_to_3_p1500ps,x5.mp2,VBS,0.0,0.0,5e-05,5e-05
fast_nominal_a2_to_3_p1500ps,x5.mn2,VGS,-0.030990667942375563,1.8831320806361758,10.159485683496934,5.07915390842828
fast_nominal_a2_to_3_p1500ps,x5.mn2,VGD,-1.829945871211516,1.8805601939719756,10.159485683496934,5.07915390842828
fast_nominal_a2_to_3_p1500ps,x5.mn2,VDS,-0.02568867834328804,1.8273954820365885,5.107153908428289,10.201485683496912
fast_nominal_a2_to_3_p1500ps,x5.mn2,VBS,0.0,0.0,5e-05,5e-05
fast_nominal_a3_to_0_p1500ps,x1.m1,VGS,-1.8,0.0,15.276729034467003,5e-05
fast_nominal_a3_to_0_p1500ps,x1.m1,VGD,-1.9094409824437801,1.8718285347599612,20.134777416667095,5.015006010262342
fast_nominal_a3_to_0_p1500ps,x1.m1,VDS,-1.8718285347599612,0.10944098244378009,5.015006010262342,20.134777416667095
fast_nominal_a3_to_0_p1500ps,x1.m1,VBS,0.0,0.0,5e-05,5e-05
fast_nominal_a3_to_0_p1500ps,x1.m2,VGS,0.0,1.8,15.276729034467003,5e-05
fast_nominal_a3_to_0_p1500ps,x1.m2,VGD,-1.9094409824437801,1.8718285347599612,20.134777416667095,5.015006010262342
fast_nominal_a3_to_0_p1500ps,x1.m2,VDS,-0.0718285347599612,1.9094409824437801,5.015006010262342,20.134777416667095
fast_nominal_a3_to_0_p1500ps,x1.m2,VBS,0.0,0.0,5e-05,5e-05
fast_nominal_a3_to_0_p1500ps,x1.m3,VGS,-1.8,0.0,15.276729034467003,5e-05
fast_nominal_a3_to_0_p1500ps,x1.m3,VGD,-1.8607261724059672,1.8286651157120803,20.125777416667088,5.020549390287637
fast_nominal_a3_to_0_p1500ps,x1.m3,VDS,-1.8286651157120803,0.060726172405967116,5.020549390287637,20.125777416667088
fast_nominal_a3_to_0_p1500ps,x1.m3,VBS,0.0,0.0,5e-05,5e-05
fast_nominal_a3_to_0_p1500ps,x1.m4,VGS,0.0,1.8,15.276729034467003,5e-05
fast_nominal_a3_to_0_p1500ps,x1.m4,VGD,-1.8607261724059672,1.8286651157120803,20.125777416667088,5.020549390287637
fast_nominal_a3_to_0_p1500ps,x1.m4,VDS,-0.028665115712080313,1.8607261724059672,5.020549390287637,20.125777416667088
fast_nominal_a3_to_0_p1500ps,x1.m4,VBS,0.0,0.0,5e-05,5e-05
fast_nominal_a3_to_0_p1500ps,x1.m5,VGS,-1.8,0.0,5e-05,5.0125
fast_nominal_a3_to_0_p1500ps,x1.m5,VGD,-1.8189869548959174,1.7999322753226918,15.32892357332224,17.747159617259037
fast_nominal_a3_to_0_p1500ps,x1.m5,VDS,-1.8245395219060037,0.0831498419172867,20.000817901012212,16.51452066526816
fast_nominal_a3_to_0_p1500ps,x1.m5,VBS,0.0,0.0,5e-05,5e-05
fast_nominal_a3_to_0_p1500ps,x1.m6,VGS,-0.020840283097235252,1.8419305531649655,15.24848555720831,20.00781790101222
fast_nominal_a3_to_0_p1500ps,x1.m6,VGD,-1.9074227833354784,1.8182007226555073,5.020549390287637,19.99981790101221
fast_nominal_a3_to_0_p1500ps,x1.m6,VDS,2.544476446229301e-05,1.892807075969598,17.69015961725897,5.016617268683286
fast_nominal_a3_to_0_p1500ps,x1.m6,VBS,-1.2411341074770035,0.04811750846010493,25.0,20.00681790101222
fast_nominal_a3_to_0_p1500ps,x1.m7,VGS,-1.2817307107753484,1.8638559444079263,4.9989858998548735,20.009817901012223
fast_nominal_a3_to_0_p1500ps,x1.m7,VGD,-0.0592154890950244,1.8283810245911676,5.014503600492653,20.005817901012218
fast_nominal_a3_to_0_p1500ps,x1.m7,VDS,-1.2864101389033826,0.5719042453141652,4.9989858998548735,16.512803211468093
fast_nominal_a3_to_0_p1500ps,x1.m7,VBS,-1.300470156278428,0.08336429026137838,15.325923573322237,20.008817901012222
fast_nominal_a3_to_0_p1500ps,x1.m8,VGS,0.0,1.8,5e-05,5.0125
fast_nominal_a3_to_0_p1500ps,x1.m8,VGD,-1.300470156278428,1.7999831414699792,15.325923573322237,6.209491927055762
fast_nominal_a3_to_0_p1500ps,x1.m8,VDS,-0.08336429026137838,1.300470156278428,20.008817901012222,15.325923573322237
fast_nominal_a3_to_0_p1500ps,x1.m8,VBS,0.0,0.0,5e-05,5e-05
fast_nominal_a3_to_0_p1500ps,x1.m9,VGS,-1.8245395219060037,0.0831498419172867,20.000817901012212,16.51452066526816
fast_nominal_a3_to_0_p1500ps,x1.m9,VGD,-1.8201822177372597,1.881849980874935,20.001817901012213,16.515071885501417
fast_nominal_a3_to_0_p1500ps,x1.m9,VDS,-1.830657648619526,0.03057824721002822,16.537162919616847,20.07577741666703
fast_nominal_a3_to_0_p1500ps,x1.m9,VBS,0.0,0.0,5e-05,5e-05
fast_nominal_a3_to_0_p1500ps,x1.m10,VGS,-0.024539521906003628,1.8831498419172867,20.000817901012212,16.51452066526816
fast_nominal_a3_to_0_p1500ps,x1.m10,VGD,-1.8201822177372597,1.881849980874935,20.001817901012213,16.515071885501417
fast_nominal_a3_to_0_p1500ps,x1.m10,VDS,-0.030657648619526114,1.8305782472100283,16.537162919616847,20.07577741666703
fast_nominal_a3_to_0_p1500ps,x1.m10,VBS,0.0,0.0,5e-05,5e-05
fast_nominal_a3_to_0_p1500ps,x1.m11,VGS,-1.8,0.0,5e-05,5.0125
fast_nominal_a3_to_0_p1500ps,x1.m11,VGD,-1.8174769560144053,-0.05828002101134855,15.329804183459594,19.9875
fast_nominal_a3_to_0_p1500ps,x1.m11,VDS,-0.9941553773632458,0.08028352918245796,0.000195871724171289,5.146491927055436
fast_nominal_a3_to_0_p1500ps,x1.m11,VBS,0.0,0.0,5e-05,5e-05
fast_nominal_a3_to_0_p1500ps,x1.m12,VGS,-1.2042278083124358,0.596745536279484,15.249485557208311,15.67071603557677
fast_nominal_a3_to_0_p1500ps,x1.m12,VGD,-1.9074740578266192,0.06270301898090058,5.021549390287637,20.12077741666708
fast_nominal_a3_to_0_p1500ps,x1.m12,VDS,0.44991281559013374,1.8875959080715545,25.0,9.995202616100219
fast_nominal_a3_to_0_p1500ps,x1.m12,VBS,-1.3500409560440585,0.07865214714263057,25.0,10.01120261610021
fast_nominal_a3_to_0_p1500ps,x1.m13,VGS,-1.2841608229361796,1.8716383767676363,16.498377622286814,10.01220261610021
fast_nominal_a3_to_0_p1500ps,x1.m13,VGD,-1.3498951559398433,1.8734525786387077,25.0,10.013658519810383
fast_nominal_a3_to_0_p1500ps,x1.m13,VDS,-0.10762752456502689,1.4029093163714432,4.9989858998548735,20.009817901012223
fast_nominal_a3_to_0_p1500ps,x1.m13,VBS,-1.300470156278428,0.08336429026137838,15.325923573322237,20.008817901012222
fast_nominal_a3_to_0_p1500ps,x1.m14,VGS,-0.9941553773632458,0.08028352918245796,0.000195871724171289,5.146491927055436
fast_nominal_a3_to_0_p1500ps,x1.m14,VGD,0.015207669706747251,1.8802266872219486,0.000505611232367586,5.1474919270554365
fast_nominal_a3_to_0_p1500ps,x1.m14,VDS,-1.8041992449605246,-0.9819433428109752,10.006202616100213,0.0007123043065117737
fast_nominal_a3_to_0_p1500ps,x1.m14,VBS,0.0,0.0,5e-05,5e-05
fast_nominal_a3_to_0_p1500ps,x1.m15,VGS,0.8058446226367543,1.880283529182458,0.000195871724171289,5.146491927055436
fast_nominal_a3_to_0_p1500ps,x1.m15,VGD,0.015207669706747251,1.8802266872219486,0.000505611232367586,5.1474919270554365
fast_nominal_a3_to_0_p1500ps,x1.m15,VDS,-0.004199244960524496,0.8180566571890249,10.006202616100213,0.0007123043065117737
fast_nominal_a3_to_0_p1500ps,x1.m15,VBS,0.0,0.0,5e-05,5e-05
fast_nominal_a3_to_0_p1500ps,x1.m16,VGS,-1.8,0.0,5e-05,5.0125
fast_nominal_a3_to_0_p1500ps,x1.m16,VGD,-1.8014072178164466,-0.06353510342184832,15.285923573322192,9.987500000000002
fast_nominal_a3_to_0_p1500ps,x1.m16,VDS,-1.0089580027341367,0.08030142625405023,0.000195871724171289,16.646159617257787
fast_nominal_a3_to_0_p1500ps,x1.m16,VBS,0.0,0.0,5e-05,5e-05
fast_nominal_a3_to_0_p1500ps,x1.m17,VGS,-1.3634519316207496,0.9104366960381579,15.602716035576695,0.03531260796432105
fast_nominal_a3_to_0_p1500ps,x1.m17,VGD,-1.896796759735361,0.4460293220541607,16.517721356939813,0.0503126079643211
fast_nominal_a3_to_0_p1500ps,x1.m17,VDS,0.2738903545841269,1.890233159419631,15.331716035576386,19.995817901012206
fast_nominal_a3_to_0_p1500ps,x1.m17,VBS,-1.523161837544575,0.08120146817659969,15.329804183459594,20.011817901012225
fast_nominal_a3_to_0_p1500ps,x1.m18,VGS,-1.2817307107753484,1.8638559444079263,4.9989858998548735,20.009817901012223
fast_nominal_a3_to_0_p1500ps,x1.m18,VGD,-1.3901922875829007,1.8640085223015703,15.249485557208311,20.013422592618326
fast_nominal_a3_to_0_p1500ps,x1.m18,VDS,-0.01618266644155708,1.4346488841072877,20.108777416667067,10.009202616100211
fast_nominal_a3_to_0_p1500ps,x1.m18,VBS,-1.300470156278428,0.08336429026137838,15.325923573322237,20.008817901012222
fast_nominal_a3_to_0_p1500ps,x1.m19,VGS,-1.0089580027341367,0.08030142625405023,0.000195871724171289,16.646159617257787
fast_nominal_a3_to_0_p1500ps,x1.m19,VGD,0.007300638862637099,1.8802446150733543,0.000505611232367586,16.64715961725779
fast_nominal_a3_to_0_p1500ps,x1.m19,VDS,-1.8042215059356979,-0.9856275533827729,20.005817901012218,0.0036237377984681992
fast_nominal_a3_to_0_p1500ps,x1.m19,VBS,0.0,0.0,5e-05,5e-05
fast_nominal_a3_to_0_p1500ps,x1.m20,VGS,0.7910419972658632,1.8803014262540503,0.000195871724171289,16.646159617257787
fast_nominal_a3_to_0_p1500ps,x1.m20,VGD,0.007300638862637099,1.8802446150733543,0.000505611232367586,16.64715961725779
fast_nominal_a3_to_0_p1500ps,x1.m20,VDS,-0.004221505935697777,0.8143724466172272,20.005817901012218,0.0036237377984681992
fast_nominal_a3_to_0_p1500ps,x1.m20,VBS,0.0,0.0,5e-05,5e-05
fast_nominal_a3_to_0_p1500ps,x1.m21,VGS,-1.8,0.0,5e-05,5.0125
fast_nominal_a3_to_0_p1500ps,x1.m21,VGD,-1.8012178017218061,1.799932191119706,15.287923573322194,6.242491927055772
fast_nominal_a3_to_0_p1500ps,x1.m21,VDS,-1.8243150487413649,0.08331523399583185,10.000202616100216,5.015006010262342
fast_nominal_a3_to_0_p1500ps,x1.m21,VBS,0.0,0.0,5e-05,5e-05
fast_nominal_a3_to_0_p1500ps,x1.m22,VGS,-0.5286269145726623,1.8433801621828612,16.517721356939813,10.008202616100212
fast_nominal_a3_to_0_p1500ps,x1.m22,VGD,-1.896803213927965,1.8184812903402725,16.517721356939813,10.001202616100215
fast_nominal_a3_to_0_p1500ps,x1.m22,VDS,2.5475683125331106e-05,1.369973559592019,6.290491927055787,16.513699994943916
fast_nominal_a3_to_0_p1500ps,x1.m22,VBS,-1.2780272920564504,0.04679285963278837,15.304923573322213,10.006202616100213
fast_nominal_a3_to_0_p1500ps,x1.m23,VGS,-1.2841608229361796,1.8716383767676363,16.498377622286814,10.01220261610021
fast_nominal_a3_to_0_p1500ps,x1.m23,VGD,-0.5467053160357125,1.8336350829876062,16.51037762228683,10.008202616100212
fast_nominal_a3_to_0_p1500ps,x1.m23,VDS,-0.7684063146329554,0.6039828042691664,16.498377622286814,20.009817901012223
fast_nominal_a3_to_0_p1500ps,x1.m23,VBS,-1.300470156278428,0.08336429026137838,15.325923573322237,20.008817901012222
fast_nominal_a3_to_0_p1500ps,x1.m24,VGS,-1.8243150487413649,0.08331523399583185,10.000202616100216,5.015006010262342
fast_nominal_a3_to_0_p1500ps,x1.m24,VGD,-1.8200059161675388,1.8820530628655823,10.002202616100215,5.0157113852586095
fast_nominal_a3_to_0_p1500ps,x1.m24,VDS,-1.8332114789474776,0.0296597887369765,5.037688855947138,10.07799052866109
fast_nominal_a3_to_0_p1500ps,x1.m24,VBS,0.0,0.0,5e-05,5e-05
fast_nominal_a3_to_0_p1500ps,x1.m25,VGS,-0.024315048741364725,1.883315233995832,10.000202616100216,5.015006010262342
fast_nominal_a3_to_0_p1500ps,x1.m25,VGD,-1.8200059161675388,1.8820530628655823,10.002202616100215,5.0157113852586095
fast_nominal_a3_to_0_p1500ps,x1.m25,VDS,-0.03321147894747764,1.8296597887369765,5.037688855947138,10.07799052866109
fast_nominal_a3_to_0_p1500ps,x1.m25,VBS,0.0,0.0,5e-05,5e-05
fast_nominal_a3_to_0_p1500ps,x1.m26,VGS,-1.8718285347599612,0.10944098244378009,5.015006010262342,20.134777416667095
fast_nominal_a3_to_0_p1500ps,x1.m26,VGD,-1.8246470548541778,1.9081828926044333,15.250485557208313,20.136777416667098
fast_nominal_a3_to_0_p1500ps,x1.m26,VDS,-1.8358407411904372,0.06337224118152918,16.51137762228683,15.306923573322216
fast_nominal_a3_to_0_p1500ps,x1.m26,VBS,0.0,0.0,5e-05,5e-05
fast_nominal_a3_to_0_p1500ps,x1.m27,VGS,-0.0718285347599612,1.9094409824437801,5.015006010262342,20.134777416667095
fast_nominal_a3_to_0_p1500ps,x1.m27,VGD,-1.8246470548541778,1.9081828926044333,15.250485557208313,20.136777416667098
fast_nominal_a3_to_0_p1500ps,x1.m27,VDS,-0.0358407411904372,1.8633722411815292,16.51137762228683,15.306923573322216
fast_nominal_a3_to_0_p1500ps,x1.m27,VBS,0.0,0.0,5e-05,5e-05
fast_nominal_a3_to_0_p1500ps,x1.m28,VGS,-1.8286651157120803,0.060726172405967116,5.020549390287637,20.125777416667088
fast_nominal_a3_to_0_p1500ps,x1.m28,VGD,-1.8246343762224981,1.8599720896051348,15.250485557208313,20.12677741666709
fast_nominal_a3_to_0_p1500ps,x1.m28,VDS,-1.8174760304678876,0.05969189562294819,16.517721356939813,15.305923573322215
fast_nominal_a3_to_0_p1500ps,x1.m28,VBS,0.0,0.0,5e-05,5e-05
fast_nominal_a3_to_0_p1500ps,x1.m29,VGS,-0.028665115712080313,1.8607261724059672,5.020549390287637,20.125777416667088
fast_nominal_a3_to_0_p1500ps,x1.m29,VGD,-1.8246343762224981,1.8599720896051348,15.250485557208313,20.12677741666709
fast_nominal_a3_to_0_p1500ps,x1.m29,VDS,-0.017476030467887593,1.8596918956229482,16.517721356939813,15.305923573322215
fast_nominal_a3_to_0_p1500ps,x1.m29,VBS,0.0,0.0,5e-05,5e-05
fast_nominal_a3_to_0_p1500ps,x2.mp1,VGS,-1.830657648619526,0.03057824721002822,16.537162919616847,20.07577741666703
fast_nominal_a3_to_0_p1500ps,x2.mp1,VGD,-1.8278928417016247,1.8304728421575247,16.53816291961685,20.07677741666703
fast_nominal_a3_to_0_p1500ps,x2.mp1,VDS,-1.8301545960387582,0.08277802810522883,20.159777416667126,16.580162919616896
fast_nominal_a3_to_0_p1500ps,x2.mp1,VBS,0.0,0.0,5e-05,5e-05
fast_nominal_a3_to_0_p1500ps,x2.mn1,VGS,-0.030657648619526114,1.8305782472100283,16.537162919616847,20.07577741666703
fast_nominal_a3_to_0_p1500ps,x2.mn1,VGD,-1.8278928417016247,1.8304728421575247,16.53816291961685,20.07677741666703
fast_nominal_a3_to_0_p1500ps,x2.mn1,VDS,-0.03015459603875825,1.8827780281052289,20.159777416667126,16.580162919616896
fast_nominal_a3_to_0_p1500ps,x2.mn1,VBS,0.0,0.0,5e-05,5e-05
fast_nominal_a3_to_0_p1500ps,x2.mp2,VGS,-1.8301545960387582,0.08277802810522883,20.159777416667126,16.580162919616896
fast_nominal_a3_to_0_p1500ps,x2.mp2,VGD,-1.8291417983362879,1.8802130442726448,20.159777416667126,16.580162919616896
fast_nominal_a3_to_0_p1500ps,x2.mp2,VDS,-1.8256662688657062,0.027359748524483196,16.609162919616928,20.202777416667175
fast_nominal_a3_to_0_p1500ps,x2.mp2,VBS,0.0,0.0,5e-05,5e-05
fast_nominal_a3_to_0_p1500ps,x2.mn2,VGS,-0.03015459603875825,1.8827780281052289,20.159777416667126,16.580162919616896
fast_nominal_a3_to_0_p1500ps,x2.mn2,VGD,-1.8291417983362879,1.8802130442726448,20.159777416667126,16.580162919616896
fast_nominal_a3_to_0_p1500ps,x2.mn2,VDS,-0.025666268865706054,1.8273597485244832,16.609162919616928,20.202777416667175
fast_nominal_a3_to_0_p1500ps,x2.mn2,VBS,0.0,0.0,5e-05,5e-05
fast_nominal_a3_to_0_p1500ps,x3.mp1,VGS,-1.8041992449605246,-0.9819433428109752,10.006202616100213,0.0007123043065117737
fast_nominal_a3_to_0_p1500ps,x3.mp1,VGD,-1.8038060852083078,0.02187235271571697,10.007202616100212,0.0004114614201660281
fast_nominal_a3_to_0_p1500ps,x3.mp1,VDS,-1.0327661065166265,0.0004627322401398182,0.000195871724171289,4.993985899854872
fast_nominal_a3_to_0_p1500ps,x3.mp1,VBS,0.0,0.0,5e-05,5e-05
fast_nominal_a3_to_0_p1500ps,x3.mn1,VGS,-0.004199244960524496,0.8180566571890249,10.006202616100213,0.0007123043065117737
fast_nominal_a3_to_0_p1500ps,x3.mn1,VGD,-1.8038060852083078,0.02187235271571697,10.007202616100212,0.0004114614201660281
fast_nominal_a3_to_0_p1500ps,x3.mn1,VDS,0.7672338934833736,1.8004627322401399,0.000195871724171289,4.993985899854872
fast_nominal_a3_to_0_p1500ps,x3.mn1,VBS,0.0,0.0,5e-05,5e-05
fast_nominal_a3_to_0_p1500ps,x3.mp2,VGS,-1.0327661065166265,0.0004627322401398182,0.000195871724171289,4.993985899854872
fast_nominal_a3_to_0_p1500ps,x3.mp2,VGD,0.7365120861319822,1.8003007630981958,0.00024600841005304787,16.49437762228681
fast_nominal_a3_to_0_p1500ps,x3.mp2,VDS,-1.7998714793417614,-1.7085635122284835,16.517721356939813,0.03231260796432104
fast_nominal_a3_to_0_p1500ps,x3.mp2,VBS,0.0,0.0,5e-05,5e-05
fast_nominal_a3_to_0_p1500ps,x3.mn2,VGS,0.7672338934833736,1.8004627322401399,0.000195871724171289,4.993985899854872
fast_nominal_a3_to_0_p1500ps,x3.mn2,VGD,0.7365120861319822,1.8003007630981958,0.00024600841005304787,16.49437762228681
fast_nominal_a3_to_0_p1500ps,x3.mn2,VDS,0.00012852065823859782,0.09143648777151661,16.517721356939813,0.03231260796432104
fast_nominal_a3_to_0_p1500ps,x3.mn2,VBS,0.0,0.0,5e-05,5e-05
fast_nominal_a3_to_0_p1500ps,x4.mp1,VGS,-1.8332114789474776,0.0296597887369765,5.037688855947138,10.07799052866109
fast_nominal_a3_to_0_p1500ps,x4.mp1,VGD,-1.830194106235371,1.8295589613941639,5.038688855947139,10.07799052866109
fast_nominal_a3_to_0_p1500ps,x4.mp1,VDS,-1.831069610701199,0.08410382401579453,10.160990528661047,5.077688855947151
fast_nominal_a3_to_0_p1500ps,x4.mp1,VBS,0.0,0.0,5e-05,5e-05
fast_nominal_a3_to_0_p1500ps,x4.mn1,VGS,-0.03321147894747764,1.8296597887369765,5.037688855947138,10.07799052866109
fast_nominal_a3_to_0_p1500ps,x4.mn1,VGD,-1.830194106235371,1.8295589613941639,5.038688855947139,10.07799052866109
fast_nominal_a3_to_0_p1500ps,x4.mn1,VDS,-0.031069610701198857,1.8841038240157946,10.160990528661047,5.077688855947151
fast_nominal_a3_to_0_p1500ps,x4.mn1,VBS,0.0,0.0,5e-05,5e-05
fast_nominal_a3_to_0_p1500ps,x4.mp2,VGS,-1.831069610701199,0.08410382401579453,10.160990528661047,5.077688855947151
fast_nominal_a3_to_0_p1500ps,x4.mp2,VGD,-1.8300198286963067,1.8814776977272867,10.160990528661047,5.077688855947151
fast_nominal_a3_to_0_p1500ps,x4.mp2,VDS,-1.825783231920229,0.027385469434964227,5.105688855947159,10.202990528661024
fast_nominal_a3_to_0_p1500ps,x4.mp2,VBS,0.0,0.0,5e-05,5e-05
fast_nominal_a3_to_0_p1500ps,x4.mn2,VGS,-0.031069610701198857,1.8841038240157946,10.160990528661047,5.077688855947151
fast_nominal_a3_to_0_p1500ps,x4.mn2,VGD,-1.8300198286963067,1.8814776977272867,10.160990528661047,5.077688855947151
fast_nominal_a3_to_0_p1500ps,x4.mn2,VDS,-0.025783231920229,1.8273854694349643,5.105688855947159,10.202990528661024
fast_nominal_a3_to_0_p1500ps,x4.mn2,VBS,0.0,0.0,5e-05,5e-05
fast_nominal_a3_to_0_p1500ps,x5.mp1,VGS,-1.8042215059356979,-0.9856275533827729,20.005817901012218,0.0036237377984681992
fast_nominal_a3_to_0_p1500ps,x5.mp1,VGD,-1.8038289862943238,0.0163997342749006,20.00681790101222,0.0004114614201660281
fast_nominal_a3_to_0_p1500ps,x5.mp1,VDS,-1.0332613959413077,0.0004633877822082244,0.000195871724171289,4.993985899854872
fast_nominal_a3_to_0_p1500ps,x5.mp1,VBS,0.0,0.0,5e-05,5e-05
fast_nominal_a3_to_0_p1500ps,x5.mn1,VGS,-0.004221505935697777,0.8143724466172272,20.005817901012218,0.0036237377984681992
fast_nominal_a3_to_0_p1500ps,x5.mn1,VGD,-1.8038289862943238,0.0163997342749006,20.00681790101222,0.0004114614201660281
fast_nominal_a3_to_0_p1500ps,x5.mn1,VDS,0.7667386040586923,1.8004633877822083,0.000195871724171289,4.993985899854872
fast_nominal_a3_to_0_p1500ps,x5.mn1,VBS,0.0,0.0,5e-05,5e-05
fast_nominal_a3_to_0_p1500ps,x5.mp2,VGS,-1.0332613959413077,0.0004633877822082244,0.000195871724171289,4.993985899854872
fast_nominal_a3_to_0_p1500ps,x5.mp2,VGD,0.7359630732987003,1.800301371970357,0.00024600841005304787,4.993985899854872
fast_nominal_a3_to_0_p1500ps,x5.mp2,VDS,-1.79987152748675,-1.7078503617572218,5.017549390287636,0.03131260796432104
fast_nominal_a3_to_0_p1500ps,x5.mp2,VBS,0.0,0.0,5e-05,5e-05
fast_nominal_a3_to_0_p1500ps,x5.mn2,VGS,0.7667386040586923,1.8004633877822083,0.000195871724171289,4.993985899854872
fast_nominal_a3_to_0_p1500ps,x5.mn2,VGD,0.7359630732987003,1.800301371970357,0.00024600841005304787,4.993985899854872
fast_nominal_a3_to_0_p1500ps,x5.mn2,VDS,0.0001284725132499349,0.09214963824277816,5.017549390287636,0.03131260796432104
fast_nominal_a3_to_0_p1500ps,x5.mn2,VBS,0.0,0.0,5e-05,5e-05
fast_nominal_a3_to_1_p1500ps,x1.m1,VGS,0.0,0.0,5e-05,5e-05
fast_nominal_a3_to_1_p1500ps,x1.m1,VGD,1.0949447154685092,1.8718285347599612,0.001132953904719577,5.015006010262342
fast_nominal_a3_to_1_p1500ps,x1.m1,VDS,-1.8718285347599612,-1.0949447154685092,5.015006010262342,0.001132953904719577
fast_nominal_a3_to_1_p1500ps,x1.m1,VBS,0.0,0.0,5e-05,5e-05
fast_nominal_a3_to_1_p1500ps,x1.m2,VGS,1.8,1.8,5e-05,5e-05
fast_nominal_a3_to_1_p1500ps,x1.m2,VGD,1.0949447154685092,1.8718285347599612,0.001132953904719577,5.015006010262342
fast_nominal_a3_to_1_p1500ps,x1.m2,VDS,-0.0718285347599612,0.7050552845314908,5.015006010262342,0.001132953904719577
fast_nominal_a3_to_1_p1500ps,x1.m2,VBS,0.0,0.0,5e-05,5e-05
fast_nominal_a3_to_1_p1500ps,x1.m3,VGS,-1.8,0.0,15.276729034467003,5e-05
fast_nominal_a3_to_1_p1500ps,x1.m3,VGD,-1.8601626149733497,1.8286651157120803,20.12877741666709,5.020549390287637
fast_nominal_a3_to_1_p1500ps,x1.m3,VDS,-1.8286651157120803,0.060162614973349626,5.020549390287637,20.12877741666709
fast_nominal_a3_to_1_p1500ps,x1.m3,VBS,0.0,0.0,5e-05,5e-05
fast_nominal_a3_to_1_p1500ps,x1.m4,VGS,0.0,1.8,15.276729034467003,5e-05
fast_nominal_a3_to_1_p1500ps,x1.m4,VGD,-1.8601626149733497,1.8286651157120803,20.12877741666709,5.020549390287637
fast_nominal_a3_to_1_p1500ps,x1.m4,VDS,-0.028665115712080313,1.8601626149733497,5.020549390287637,20.12877741666709
fast_nominal_a3_to_1_p1500ps,x1.m4,VBS,0.0,0.0,5e-05,5e-05
fast_nominal_a3_to_1_p1500ps,x1.m5,VGS,-1.8,0.0,5e-05,5.0125
fast_nominal_a3_to_1_p1500ps,x1.m5,VGD,-1.818937727196042,-0.05588451163092745,15.319936673967582,19.9875
fast_nominal_a3_to_1_p1500ps,x1.m5,VDS,-0.9949132740236493,0.08001220624946392,0.000195871724171289,5.013322984827396
fast_nominal_a3_to_1_p1500ps,x1.m5,VBS,0.0,0.0,5e-05,5e-05
fast_nominal_a3_to_1_p1500ps,x1.m6,VGS,-0.025029571595315995,0.7391028386950778,15.248487400165315,15.44093667396772
fast_nominal_a3_to_1_p1500ps,x1.m6,VGD,-1.9074227833354784,0.062192577788727554,5.020549390287637,20.122777416667084
fast_nominal_a3_to_1_p1500ps,x1.m6,VDS,0.45121114315441035,1.892807075969598,25.0,5.016617268683286
fast_nominal_a3_to_1_p1500ps,x1.m6,VBS,-1.3487411477811264,0.013839431432279045,25.0,5.017549390287636
fast_nominal_a3_to_1_p1500ps,x1.m7,VGS,-1.2817307107753484,0.554750023596517,4.9989858998548735,0.001132953904719577
fast_nominal_a3_to_1_p1500ps,x1.m7,VGD,-1.3486833110787482,0.43722699411275584,25.0,0.001132953904719577
fast_nominal_a3_to_1_p1500ps,x1.m7,VDS,-1.2864101389033826,1.397443614040855,4.9989858998548735,20.009029081271496
fast_nominal_a3_to_1_p1500ps,x1.m7,VBS,-1.288691887456186,0.08164560279450543,4.9989858998548735,20.009029081271496
fast_nominal_a3_to_1_p1500ps,x1.m8,VGS,0.0,1.8,5e-05,5.0125
fast_nominal_a3_to_1_p1500ps,x1.m8,VGD,-1.1927664097590098,1.7999831414699792,15.346936673967614,6.209491927055762
fast_nominal_a3_to_1_p1500ps,x1.m8,VDS,-0.08164560279450543,1.288691887456186,20.009029081271496,4.9989858998548735
fast_nominal_a3_to_1_p1500ps,x1.m8,VBS,0.0,0.0,5e-05,5e-05
fast_nominal_a3_to_1_p1500ps,x1.m9,VGS,-0.9949132740236493,0.08001220624946392,0.000195871724171289,5.013322984827396
fast_nominal_a3_to_1_p1500ps,x1.m9,VGD,0.014522925651044405,1.879820237664997,0.000505611232367586,5.1006888559471575
fast_nominal_a3_to_1_p1500ps,x1.m9,VDS,-1.8042079600526058,-0.9824463319076054,10.006202616100213,0.0007123043065117737
fast_nominal_a3_to_1_p1500ps,x1.m9,VBS,0.0,0.0,5e-05,5e-05
fast_nominal_a3_to_1_p1500ps,x1.m10,VGS,0.8050867259763508,1.880012206249464,0.000195871724171289,5.013322984827396
fast_nominal_a3_to_1_p1500ps,x1.m10,VGD,0.014522925651044405,1.879820237664997,0.000505611232367586,5.1006888559471575
fast_nominal_a3_to_1_p1500ps,x1.m10,VDS,-0.004207960052605746,0.8175536680923946,10.006202616100213,0.0007123043065117737
fast_nominal_a3_to_1_p1500ps,x1.m10,VBS,0.0,0.0,5e-05,5e-05
fast_nominal_a3_to_1_p1500ps,x1.m11,VGS,-1.8,0.0,5e-05,5.0125
fast_nominal_a3_to_1_p1500ps,x1.m11,VGD,-1.817379852338925,1.7999323248221186,15.330936673967596,17.57722633974144
fast_nominal_a3_to_1_p1500ps,x1.m11,VDS,-1.8243941601081888,0.08568900446276073,20.001029081271486,16.515741087180594
fast_nominal_a3_to_1_p1500ps,x1.m11,VBS,0.0,0.0,5e-05,5e-05
fast_nominal_a3_to_1_p1500ps,x1.m12,VGS,-1.2046948375735254,1.8410130695199434,15.248487400165315,20.007029081271494
fast_nominal_a3_to_1_p1500ps,x1.m12,VGD,-1.9074740578266192,1.8181852545123915,5.021549390287637,20.000029081271485
fast_nominal_a3_to_1_p1500ps,x1.m12,VDS,2.5429316239750088e-05,1.8875959080715545,17.583226339741447,9.995202616100219
fast_nominal_a3_to_1_p1500ps,x1.m12,VBS,-1.4905040645215504,0.07865214714263057,15.527936673967819,10.01120261610021
fast_nominal_a3_to_1_p1500ps,x1.m13,VGS,0.07244882634252911,1.8717445933856407,5e-05,20.012029081271496
fast_nominal_a3_to_1_p1500ps,x1.m13,VGD,0.014181816378090462,1.8734525786387077,5e-05,10.013658519810383
fast_nominal_a3_to_1_p1500ps,x1.m13,VDS,-0.10762752456502689,0.6745545742969878,4.9989858998548735,16.511814487874265
fast_nominal_a3_to_1_p1500ps,x1.m13,VBS,-1.288691887456186,0.08164560279450543,4.9989858998548735,20.009029081271496
fast_nominal_a3_to_1_p1500ps,x1.m14,VGS,-1.8243941601081888,0.08568900446276073,20.001029081271486,16.515741087180594
fast_nominal_a3_to_1_p1500ps,x1.m14,VGD,-1.820096015070202,1.8842642925082416,20.002029081271488,16.515741087180594
fast_nominal_a3_to_1_p1500ps,x1.m14,VDS,-1.8320145059375628,0.029671665156352445,16.538226339740262,20.07677741666703
fast_nominal_a3_to_1_p1500ps,x1.m14,VBS,0.0,0.0,5e-05,5e-05
fast_nominal_a3_to_1_p1500ps,x1.m15,VGS,-0.024394160108188817,1.8856890044627608,20.001029081271486,16.515741087180594
fast_nominal_a3_to_1_p1500ps,x1.m15,VGD,-1.820096015070202,1.8842642925082416,20.002029081271488,16.515741087180594
fast_nominal_a3_to_1_p1500ps,x1.m15,VDS,-0.03201450593756279,1.8296716651563525,16.538226339740262,20.07677741666703
fast_nominal_a3_to_1_p1500ps,x1.m15,VBS,0.0,0.0,5e-05,5e-05
fast_nominal_a3_to_1_p1500ps,x1.m16,VGS,-1.8,0.0,5e-05,5.0125
fast_nominal_a3_to_1_p1500ps,x1.m16,VGD,-1.8016932027641468,-0.06353510342184832,15.28993667396755,9.987500000000002
fast_nominal_a3_to_1_p1500ps,x1.m16,VDS,-1.0089580027341367,0.08000775302903218,0.000195871724171289,16.545226339740267
fast_nominal_a3_to_1_p1500ps,x1.m16,VBS,0.0,0.0,5e-05,5e-05
fast_nominal_a3_to_1_p1500ps,x1.m17,VGS,-0.9978591666473221,0.9104366960381579,20.006029081271492,0.03531260796432105
fast_nominal_a3_to_1_p1500ps,x1.m17,VGD,-1.896055986929728,0.4460293220541607,16.517469754774815,0.0503126079643211
fast_nominal_a3_to_1_p1500ps,x1.m17,VDS,0.4178119183933444,0.9016500946381253,15.30893667396757,16.515741087180594
fast_nominal_a3_to_1_p1500ps,x1.m17,VBS,-1.3836025510996586,-0.17857355456187854,15.306936673967568,7.208885996651058e-05
fast_nominal_a3_to_1_p1500ps,x1.m18,VGS,-1.2817307107753484,0.554750023596517,4.9989858998548735,0.001132953904719577
fast_nominal_a3_to_1_p1500ps,x1.m18,VGD,-1.3817299871800968,0.4835387340891177,15.306936673967568,0.001132953904719577
fast_nominal_a3_to_1_p1500ps,x1.m18,VDS,-0.2737212955698516,1.4346488841072877,16.49902264489725,10.009202616100211
fast_nominal_a3_to_1_p1500ps,x1.m18,VBS,-1.288691887456186,0.08164560279450543,4.9989858998548735,20.009029081271496
fast_nominal_a3_to_1_p1500ps,x1.m19,VGS,-1.0089580027341367,0.08000775302903218,0.000195871724171289,16.545226339740267
fast_nominal_a3_to_1_p1500ps,x1.m19,VGD,0.007300638862637099,1.879949679124223,0.000505611232367586,16.54722633974027
fast_nominal_a3_to_1_p1500ps,x1.m19,VDS,-1.8042336063509459,-0.9856275533827729,20.006029081271492,0.0036237377984681992
fast_nominal_a3_to_1_p1500ps,x1.m19,VBS,0.0,0.0,5e-05,5e-05
fast_nominal_a3_to_1_p1500ps,x1.m20,VGS,0.7910419972658632,1.8800077530290322,0.000195871724171289,16.545226339740267
fast_nominal_a3_to_1_p1500ps,x1.m20,VGD,0.007300638862637099,1.879949679124223,0.000505611232367586,16.54722633974027
fast_nominal_a3_to_1_p1500ps,x1.m20,VDS,-0.004233606350945742,0.8143724466172272,20.006029081271492,0.0036237377984681992
fast_nominal_a3_to_1_p1500ps,x1.m20,VBS,0.0,0.0,5e-05,5e-05
fast_nominal_a3_to_1_p1500ps,x1.m21,VGS,-1.8,0.0,5e-05,5.0125
fast_nominal_a3_to_1_p1500ps,x1.m21,VGD,-1.8012276267382568,1.799932191119706,15.287936673967547,6.242491927055772
fast_nominal_a3_to_1_p1500ps,x1.m21,VDS,-1.8243150487413649,0.08331523399583185,10.000202616100216,5.015006010262342
fast_nominal_a3_to_1_p1500ps,x1.m21,VBS,0.0,0.0,5e-05,5e-05
fast_nominal_a3_to_1_p1500ps,x1.m22,VGS,-1.180387467473367,1.8433801621828612,25.0,10.008202616100212
fast_nominal_a3_to_1_p1500ps,x1.m22,VGD,-1.896053456512075,1.8184812903402725,16.517469754774815,10.001202616100215
fast_nominal_a3_to_1_p1500ps,x1.m22,VDS,2.5475683125331106e-05,1.8901300226901945,6.290491927055787,19.99502908127148
fast_nominal_a3_to_1_p1500ps,x1.m22,VBS,-1.2601076455651996,0.07868829214522946,15.30793667396757,20.011029081271495
fast_nominal_a3_to_1_p1500ps,x1.m23,VGS,0.07244882634252911,1.8717445933856407,5e-05,20.012029081271496
fast_nominal_a3_to_1_p1500ps,x1.m23,VGD,0.08838425588594215,1.8734978281224421,5e-05,20.013590221688105
fast_nominal_a3_to_1_p1500ps,x1.m23,VDS,-0.20459469316735923,0.6002862022030576,15.382936673967654,5.012754503907013
fast_nominal_a3_to_1_p1500ps,x1.m23,VBS,-1.288691887456186,0.08164560279450543,4.9989858998548735,20.009029081271496
fast_nominal_a3_to_1_p1500ps,x1.m24,VGS,-1.8243150487413649,0.08331523399583185,10.000202616100216,5.015006010262342
fast_nominal_a3_to_1_p1500ps,x1.m24,VGD,-1.8200059161675388,1.8820530628655823,10.002202616100215,5.0157113852586095
fast_nominal_a3_to_1_p1500ps,x1.m24,VDS,-1.8332114789474776,0.0296597887369765,5.037688855947138,10.07799052866109
fast_nominal_a3_to_1_p1500ps,x1.m24,VBS,0.0,0.0,5e-05,5e-05
fast_nominal_a3_to_1_p1500ps,x1.m25,VGS,-0.024315048741364725,1.883315233995832,10.000202616100216,5.015006010262342
fast_nominal_a3_to_1_p1500ps,x1.m25,VGD,-1.8200059161675388,1.8820530628655823,10.002202616100215,5.0157113852586095
fast_nominal_a3_to_1_p1500ps,x1.m25,VDS,-0.03321147894747764,1.8296597887369765,5.037688855947138,10.07799052866109
fast_nominal_a3_to_1_p1500ps,x1.m25,VBS,0.0,0.0,5e-05,5e-05
fast_nominal_a3_to_1_p1500ps,x1.m26,VGS,-1.8718285347599612,-1.0949447154685092,5.015006010262342,0.001132953904719577
fast_nominal_a3_to_1_p1500ps,x1.m26,VGD,-1.8205758821217768,0.35267807273792157,20.072777416667027,5.2655708093183924e-05
fast_nominal_a3_to_1_p1500ps,x1.m26,VDS,-1.6050955468429318,0.030595914275885594,5e-05,20.062777416667014
fast_nominal_a3_to_1_p1500ps,x1.m26,VBS,0.0,0.0,5e-05,5e-05
fast_nominal_a3_to_1_p1500ps,x1.m27,VGS,-0.0718285347599612,0.7050552845314908,5.015006010262342,0.001132953904719577
fast_nominal_a3_to_1_p1500ps,x1.m27,VGD,-1.8205758821217768,0.35267807273792157,20.072777416667027,5.2655708093183924e-05
fast_nominal_a3_to_1_p1500ps,x1.m27,VDS,0.19490445315706825,1.8305959142758856,5e-05,20.062777416667014
fast_nominal_a3_to_1_p1500ps,x1.m27,VBS,0.0,0.0,5e-05,5e-05
fast_nominal_a3_to_1_p1500ps,x1.m28,VGS,-1.8286651157120803,0.060162614973349626,5.020549390287637,20.12877741666709
fast_nominal_a3_to_1_p1500ps,x1.m28,VGD,-1.8245958547058914,1.8594347610736723,15.250487400165317,20.130777416667094
fast_nominal_a3_to_1_p1500ps,x1.m28,VDS,-1.8166874713164165,0.05679675365503667,16.517469754774815,15.306936673967568
fast_nominal_a3_to_1_p1500ps,x1.m28,VBS,0.0,0.0,5e-05,5e-05
fast_nominal_a3_to_1_p1500ps,x1.m29,VGS,-0.028665115712080313,1.8601626149733497,5.020549390287637,20.12877741666709
fast_nominal_a3_to_1_p1500ps,x1.m29,VGD,-1.8245958547058914,1.8594347610736723,15.250487400165317,20.130777416667094
fast_nominal_a3_to_1_p1500ps,x1.m29,VDS,-0.016687471316416458,1.8567967536550367,16.517469754774815,15.306936673967568
fast_nominal_a3_to_1_p1500ps,x1.m29,VBS,0.0,0.0,5e-05,5e-05
fast_nominal_a3_to_1_p1500ps,x2.mp1,VGS,-1.8042079600526058,-0.9824463319076054,10.006202616100213,0.0007123043065117737
fast_nominal_a3_to_1_p1500ps,x2.mp1,VGD,-1.8038128416234713,0.021437333835001127,10.007202616100212,0.0004114614201660281
fast_nominal_a3_to_1_p1500ps,x2.mp1,VDS,-1.0327835913990475,0.0004627773678269609,0.000195871724171289,4.993985899854872
fast_nominal_a3_to_1_p1500ps,x2.mp1,VBS,0.0,0.0,5e-05,5e-05
fast_nominal_a3_to_1_p1500ps,x2.mn1,VGS,-0.004207960052605746,0.8175536680923946,10.006202616100213,0.0007123043065117737
fast_nominal_a3_to_1_p1500ps,x2.mn1,VGD,-1.8038128416234713,0.021437333835001127,10.007202616100212,0.0004114614201660281
fast_nominal_a3_to_1_p1500ps,x2.mn1,VDS,0.7672164086009525,1.800462777367827,0.000195871724171289,4.993985899854872
fast_nominal_a3_to_1_p1500ps,x2.mn1,VBS,0.0,0.0,5e-05,5e-05
fast_nominal_a3_to_1_p1500ps,x2.mp2,VGS,-1.0327835913990475,0.0004627773678269609,0.000195871724171289,4.993985899854872
fast_nominal_a3_to_1_p1500ps,x2.mp2,VGD,0.7364881031098114,1.8003007840932097,0.00024600841005304787,4.993985899854872
fast_nominal_a3_to_1_p1500ps,x2.mp2,VDS,-1.7998716788147584,-1.7085143441198052,16.517469754774815,0.03231260796432104
fast_nominal_a3_to_1_p1500ps,x2.mp2,VBS,0.0,0.0,5e-05,5e-05
fast_nominal_a3_to_1_p1500ps,x2.mn2,VGS,0.7672164086009525,1.800462777367827,0.000195871724171289,4.993985899854872
fast_nominal_a3_to_1_p1500ps,x2.mn2,VGD,0.7364881031098114,1.8003007840932097,0.00024600841005304787,4.993985899854872
fast_nominal_a3_to_1_p1500ps,x2.mn2,VDS,0.00012832118524157222,0.09148565588019486,16.517469754774815,0.03231260796432104
fast_nominal_a3_to_1_p1500ps,x2.mn2,VBS,0.0,0.0,5e-05,5e-05
fast_nominal_a3_to_1_p1500ps,x3.mp1,VGS,-1.8320145059375628,0.029671665156352445,16.538226339740262,20.07677741666703
fast_nominal_a3_to_1_p1500ps,x3.mp1,VGD,-1.8291315281195186,1.8295738534356332,16.538226339740262,20.077777416667033
fast_nominal_a3_to_1_p1500ps,x3.mp1,VDS,-1.8302548633005502,0.08370392154845407,20.161777416667128,16.57922633974031
fast_nominal_a3_to_1_p1500ps,x3.mp1,VBS,0.0,0.0,5e-05,5e-05
fast_nominal_a3_to_1_p1500ps,x3.mn1,VGS,-0.03201450593756279,1.8296716651563525,16.538226339740262,20.07677741666703
fast_nominal_a3_to_1_p1500ps,x3.mn1,VGD,-1.8291315281195186,1.8295738534356332,16.538226339740262,20.077777416667033
fast_nominal_a3_to_1_p1500ps,x3.mn1,VDS,-0.030254863300550175,1.8837039215484541,20.161777416667128,16.57922633974031
fast_nominal_a3_to_1_p1500ps,x3.mn1,VBS,0.0,0.0,5e-05,5e-05
fast_nominal_a3_to_1_p1500ps,x3.mp2,VGS,-1.8302548633005502,0.08370392154845407,20.161777416667128,16.57922633974031
fast_nominal_a3_to_1_p1500ps,x3.mp2,VGD,-1.8292393932359017,1.8810911729102366,20.161777416667128,16.57922633974031
fast_nominal_a3_to_1_p1500ps,x3.mp2,VDS,-1.82576070283246,0.02734651575246283,16.60722633974034,20.204777416667177
fast_nominal_a3_to_1_p1500ps,x3.mp2,VBS,0.0,0.0,5e-05,5e-05
fast_nominal_a3_to_1_p1500ps,x3.mn2,VGS,-0.030254863300550175,1.8837039215484541,20.161777416667128,16.57922633974031
fast_nominal_a3_to_1_p1500ps,x3.mn2,VGD,-1.8292393932359017,1.8810911729102366,20.161777416667128,16.57922633974031
fast_nominal_a3_to_1_p1500ps,x3.mn2,VDS,-0.025760702832460035,1.8273465157524629,16.60722633974034,20.204777416667177
fast_nominal_a3_to_1_p1500ps,x3.mn2,VBS,0.0,0.0,5e-05,5e-05
fast_nominal_a3_to_1_p1500ps,x4.mp1,VGS,-1.8332114789474776,0.0296597887369765,5.037688855947138,10.07799052866109
fast_nominal_a3_to_1_p1500ps,x4.mp1,VGD,-1.830194106235371,1.8295589613941639,5.038688855947139,10.07799052866109
fast_nominal_a3_to_1_p1500ps,x4.mp1,VDS,-1.831069610701199,0.08410382401579453,10.160990528661047,5.077688855947151
fast_nominal_a3_to_1_p1500ps,x4.mp1,VBS,0.0,0.0,5e-05,5e-05
fast_nominal_a3_to_1_p1500ps,x4.mn1,VGS,-0.03321147894747764,1.8296597887369765,5.037688855947138,10.07799052866109
fast_nominal_a3_to_1_p1500ps,x4.mn1,VGD,-1.830194106235371,1.8295589613941639,5.038688855947139,10.07799052866109
fast_nominal_a3_to_1_p1500ps,x4.mn1,VDS,-0.031069610701198857,1.8841038240157946,10.160990528661047,5.077688855947151
fast_nominal_a3_to_1_p1500ps,x4.mn1,VBS,0.0,0.0,5e-05,5e-05
fast_nominal_a3_to_1_p1500ps,x4.mp2,VGS,-1.831069610701199,0.08410382401579453,10.160990528661047,5.077688855947151
fast_nominal_a3_to_1_p1500ps,x4.mp2,VGD,-1.8300198286963067,1.8814776977272867,10.160990528661047,5.077688855947151
fast_nominal_a3_to_1_p1500ps,x4.mp2,VDS,-1.825783231920229,0.027385469434964227,5.105688855947159,10.202990528661024
fast_nominal_a3_to_1_p1500ps,x4.mp2,VBS,0.0,0.0,5e-05,5e-05
fast_nominal_a3_to_1_p1500ps,x4.mn2,VGS,-0.031069610701198857,1.8841038240157946,10.160990528661047,5.077688855947151
fast_nominal_a3_to_1_p1500ps,x4.mn2,VGD,-1.8300198286963067,1.8814776977272867,10.160990528661047,5.077688855947151
fast_nominal_a3_to_1_p1500ps,x4.mn2,VDS,-0.025783231920229,1.8273854694349643,5.105688855947159,10.202990528661024
fast_nominal_a3_to_1_p1500ps,x4.mn2,VBS,0.0,0.0,5e-05,5e-05
fast_nominal_a3_to_1_p1500ps,x5.mp1,VGS,-1.8042336063509459,-0.9856275533827729,20.006029081271492,0.0036237377984681992
fast_nominal_a3_to_1_p1500ps,x5.mp1,VGD,-1.803838723308181,0.0163997342749006,20.007029081271494,0.0004114614201660281
fast_nominal_a3_to_1_p1500ps,x5.mp1,VDS,-1.0332613959413077,0.0004633877822082244,0.000195871724171289,4.993985899854872
fast_nominal_a3_to_1_p1500ps,x5.mp1,VBS,0.0,0.0,5e-05,5e-05
fast_nominal_a3_to_1_p1500ps,x5.mn1,VGS,-0.004233606350945742,0.8143724466172272,20.006029081271492,0.0036237377984681992
fast_nominal_a3_to_1_p1500ps,x5.mn1,VGD,-1.803838723308181,0.0163997342749006,20.007029081271494,0.0004114614201660281
fast_nominal_a3_to_1_p1500ps,x5.mn1,VDS,0.7667386040586923,1.8004633877822083,0.000195871724171289,4.993985899854872
fast_nominal_a3_to_1_p1500ps,x5.mn1,VBS,0.0,0.0,5e-05,5e-05
fast_nominal_a3_to_1_p1500ps,x5.mp2,VGS,-1.0332613959413077,0.0004633877822082244,0.000195871724171289,4.993985899854872
fast_nominal_a3_to_1_p1500ps,x5.mp2,VGD,0.7359630732987003,1.800301371970357,0.00024600841005304787,4.993985899854872
fast_nominal_a3_to_1_p1500ps,x5.mp2,VDS,-1.79987152748675,-1.7078503617572218,5.017549390287636,0.03131260796432104
fast_nominal_a3_to_1_p1500ps,x5.mp2,VBS,0.0,0.0,5e-05,5e-05
fast_nominal_a3_to_1_p1500ps,x5.mn2,VGS,0.7667386040586923,1.8004633877822083,0.000195871724171289,4.993985899854872
fast_nominal_a3_to_1_p1500ps,x5.mn2,VGD,0.7359630732987003,1.800301371970357,0.00024600841005304787,4.993985899854872
fast_nominal_a3_to_1_p1500ps,x5.mn2,VDS,0.0001284725132499349,0.09214963824277816,5.017549390287636,0.03131260796432104
fast_nominal_a3_to_1_p1500ps,x5.mn2,VBS,0.0,0.0,5e-05,5e-05
fast_nominal_a3_to_2_p1500ps,x1.m1,VGS,-1.8,0.0,15.276729034467003,5e-05
fast_nominal_a3_to_2_p1500ps,x1.m1,VGD,-1.9078634097016731,1.8718285347599612,20.133777416667098,5.015006010262342
fast_nominal_a3_to_2_p1500ps,x1.m1,VDS,-1.8718285347599612,0.10786340970167307,5.015006010262342,20.133777416667098
fast_nominal_a3_to_2_p1500ps,x1.m1,VBS,0.0,0.0,5e-05,5e-05
fast_nominal_a3_to_2_p1500ps,x1.m2,VGS,0.0,1.8,15.276729034467003,5e-05
fast_nominal_a3_to_2_p1500ps,x1.m2,VGD,-1.9078634097016731,1.8718285347599612,20.133777416667098,5.015006010262342
fast_nominal_a3_to_2_p1500ps,x1.m2,VDS,-0.0718285347599612,1.9078634097016731,5.015006010262342,20.133777416667098
fast_nominal_a3_to_2_p1500ps,x1.m2,VBS,0.0,0.0,5e-05,5e-05
fast_nominal_a3_to_2_p1500ps,x1.m3,VGS,0.0,0.0,5e-05,5e-05
fast_nominal_a3_to_2_p1500ps,x1.m3,VGD,1.0306757677885272,1.8286651157120803,0.001132953904719577,5.020549390287637
fast_nominal_a3_to_2_p1500ps,x1.m3,VDS,-1.8286651157120803,-1.0306757677885272,5.020549390287637,0.001132953904719577
fast_nominal_a3_to_2_p1500ps,x1.m3,VBS,0.0,0.0,5e-05,5e-05
fast_nominal_a3_to_2_p1500ps,x1.m4,VGS,1.8,1.8,5e-05,5e-05
fast_nominal_a3_to_2_p1500ps,x1.m4,VGD,1.0306757677885272,1.8286651157120803,0.001132953904719577,5.020549390287637
fast_nominal_a3_to_2_p1500ps,x1.m4,VDS,-0.028665115712080313,0.7693242322114728,5.020549390287637,0.001132953904719577
fast_nominal_a3_to_2_p1500ps,x1.m4,VBS,0.0,0.0,5e-05,5e-05
fast_nominal_a3_to_2_p1500ps,x1.m5,VGS,-1.8,0.0,5e-05,5.0125
fast_nominal_a3_to_2_p1500ps,x1.m5,VGD,-1.8000181258271177,-0.07064249434068359,15.423909641021313,9.987500000000002
fast_nominal_a3_to_2_p1500ps,x1.m5,VDS,-0.9949132740236493,0.08027318391280369,0.000195871724171289,16.647079909270293
fast_nominal_a3_to_2_p1500ps,x1.m5,VBS,0.0,0.0,5e-05,5e-05
fast_nominal_a3_to_2_p1500ps,x1.m6,VGS,-1.1802828795701439,0.5014959417927378,25.0,0.001132953904719577
fast_nominal_a3_to_2_p1500ps,x1.m6,VGD,-1.9074227833354784,-0.07508387227063018,5.020549390287637,0.0006008817136660225
fast_nominal_a3_to_2_p1500ps,x1.m6,VDS,0.5562390174266187,1.892807075969598,5e-05,5.016617268683286
fast_nominal_a3_to_2_p1500ps,x1.m6,VBS,-1.1803296634017926,0.0810862801495321,25.0,20.011817409725953
fast_nominal_a3_to_2_p1500ps,x1.m7,VGS,-1.2817307107753484,1.8637761579850978,4.9989858998548735,20.00981740972595
fast_nominal_a3_to_2_p1500ps,x1.m7,VGD,-0.0592154890950244,1.8639409459667127,5.014503600492653,20.013231282267565
fast_nominal_a3_to_2_p1500ps,x1.m7,VDS,-1.2864101389033826,0.43402409144698817,4.9989858998548735,16.51211845398787
fast_nominal_a3_to_2_p1500ps,x1.m7,VBS,-1.3000770481210462,0.08324914087919945,15.3249096410212,20.00881740972595
fast_nominal_a3_to_2_p1500ps,x1.m8,VGS,0.0,1.8,5e-05,5.0125
fast_nominal_a3_to_2_p1500ps,x1.m8,VGD,-1.3000770481210462,1.7999831414699792,15.3249096410212,6.209491927055762
fast_nominal_a3_to_2_p1500ps,x1.m8,VDS,-0.08324914087919945,1.3000770481210462,20.00881740972595,15.3249096410212
fast_nominal_a3_to_2_p1500ps,x1.m8,VBS,0.0,0.0,5e-05,5e-05
fast_nominal_a3_to_2_p1500ps,x1.m9,VGS,-0.9949132740236493,0.08027318391280369,0.000195871724171289,16.647079909270293
fast_nominal_a3_to_2_p1500ps,x1.m9,VGD,0.014522925651044405,1.8802163402341299,0.000505611232367586,16.648079909270294
fast_nominal_a3_to_2_p1500ps,x1.m9,VDS,-1.8042290162710322,-0.9824463319076054,20.005817409725946,0.0007123043065117737
fast_nominal_a3_to_2_p1500ps,x1.m9,VBS,0.0,0.0,5e-05,5e-05
fast_nominal_a3_to_2_p1500ps,x1.m10,VGS,0.8050867259763508,1.8802731839128037,0.000195871724171289,16.647079909270293
fast_nominal_a3_to_2_p1500ps,x1.m10,VGD,0.014522925651044405,1.8802163402341299,0.000505611232367586,16.648079909270294
fast_nominal_a3_to_2_p1500ps,x1.m10,VDS,-0.004229016271032102,0.8175536680923946,20.005817409725946,0.0007123043065117737
fast_nominal_a3_to_2_p1500ps,x1.m10,VBS,0.0,0.0,5e-05,5e-05
fast_nominal_a3_to_2_p1500ps,x1.m11,VGS,-1.8,0.0,5e-05,5.0125
fast_nominal_a3_to_2_p1500ps,x1.m11,VGD,-1.8000967033280835,-0.07107509531929357,15.410909641021298,9.987500000000002
fast_nominal_a3_to_2_p1500ps,x1.m11,VDS,-0.9941553773632458,0.08028352918245796,0.000195871724171289,5.146491927055436
fast_nominal_a3_to_2_p1500ps,x1.m11,VBS,0.0,0.0,5e-05,5e-05
fast_nominal_a3_to_2_p1500ps,x1.m12,VGS,-1.1987232617858539,0.5532114967086883,15.308909641021183,0.001132953904719577
fast_nominal_a3_to_2_p1500ps,x1.m12,VGD,-1.9074740578266192,-0.07629939544362374,5.021549390287637,0.0006008817136660225
fast_nominal_a3_to_2_p1500ps,x1.m12,VDS,0.5993825190153041,1.8875959080715545,15.308909641021183,9.995202616100219
fast_nominal_a3_to_2_p1500ps,x1.m12,VBS,-1.2006573338903392,0.07865214714263057,15.308909641021183,10.01120261610021
fast_nominal_a3_to_2_p1500ps,x1.m13,VGS,-1.2205264535602434,1.8716383767676363,16.499118453987855,10.01220261610021
fast_nominal_a3_to_2_p1500ps,x1.m13,VGD,-0.8330379970453754,1.8734525786387077,16.510118453987868,10.013658519810383
fast_nominal_a3_to_2_p1500ps,x1.m13,VDS,-0.41580520835933155,0.8912234755686104,16.499118453987855,20.00981740972595
fast_nominal_a3_to_2_p1500ps,x1.m13,VBS,-1.3000770481210462,0.08324914087919945,15.3249096410212,20.00881740972595
fast_nominal_a3_to_2_p1500ps,x1.m14,VGS,-0.9941553773632458,0.08028352918245796,0.000195871724171289,5.146491927055436
fast_nominal_a3_to_2_p1500ps,x1.m14,VGD,0.015207669706747251,1.8802266872219486,0.000505611232367586,5.1474919270554365
fast_nominal_a3_to_2_p1500ps,x1.m14,VDS,-1.8042391770142534,-0.9819433428109752,20.005817409725946,0.0007123043065117737
fast_nominal_a3_to_2_p1500ps,x1.m14,VBS,0.0,0.0,5e-05,5e-05
fast_nominal_a3_to_2_p1500ps,x1.m15,VGS,0.8058446226367543,1.880283529182458,0.000195871724171289,5.146491927055436
fast_nominal_a3_to_2_p1500ps,x1.m15,VGD,0.015207669706747251,1.8802266872219486,0.000505611232367586,5.1474919270554365
fast_nominal_a3_to_2_p1500ps,x1.m15,VDS,-0.00423917701425334,0.8180566571890249,20.005817409725946,0.0007123043065117737
fast_nominal_a3_to_2_p1500ps,x1.m15,VBS,0.0,0.0,5e-05,5e-05
fast_nominal_a3_to_2_p1500ps,x1.m16,VGS,-1.8,0.0,5e-05,5.0125
fast_nominal_a3_to_2_p1500ps,x1.m16,VGD,-1.8003385929988023,1.7999321536872257,15.740909641021673,17.882079909271695
fast_nominal_a3_to_2_p1500ps,x1.m16,VDS,-1.8244397612249905,0.08069414253367224,20.00081740972594,16.513750346949845
fast_nominal_a3_to_2_p1500ps,x1.m16,VBS,0.0,0.0,5e-05,5e-05
fast_nominal_a3_to_2_p1500ps,x1.m17,VGS,0.08149717854742344,1.8444774582274195,15.49090964102139,20.00781740972595
fast_nominal_a3_to_2_p1500ps,x1.m17,VGD,-0.5335296588386402,1.818611387465458,5e-05,20.00081740972594
fast_nominal_a3_to_2_p1500ps,x1.m17,VDS,2.547128811733468e-05,1.1909867896511153,17.785079909271584,16.521730794207688
fast_nominal_a3_to_2_p1500ps,x1.m17,VBS,-1.719191055319988,0.04780452014175407,15.49090964102139,20.006817409725947
fast_nominal_a3_to_2_p1500ps,x1.m18,VGS,-1.2817307107753484,1.8637761579850978,4.9989858998548735,20.00981740972595
fast_nominal_a3_to_2_p1500ps,x1.m18,VGD,-1.3908128981921848,1.8281321023502708,15.248488398448346,20.005817409725946
fast_nominal_a3_to_2_p1500ps,x1.m18,VDS,-0.032130411331140696,1.4346488841072877,16.499118453987855,10.009202616100211
fast_nominal_a3_to_2_p1500ps,x1.m18,VBS,-1.3000770481210462,0.08324914087919945,15.3249096410212,20.00881740972595
fast_nominal_a3_to_2_p1500ps,x1.m19,VGS,-1.8244397612249905,0.08069414253367224,20.00081740972594,16.513750346949845
fast_nominal_a3_to_2_p1500ps,x1.m19,VGD,-1.8201019144918835,1.87917106054503,20.00181740972594,16.514114553590368
fast_nominal_a3_to_2_p1500ps,x1.m19,VDS,-1.832008473938646,0.030530314547897452,16.536322271802288,20.07677741666703
fast_nominal_a3_to_2_p1500ps,x1.m19,VBS,0.0,0.0,5e-05,5e-05
fast_nominal_a3_to_2_p1500ps,x1.m20,VGS,-0.02443976122499042,1.8806941425336723,20.00081740972594,16.513750346949845
fast_nominal_a3_to_2_p1500ps,x1.m20,VGD,-1.8201019144918835,1.87917106054503,20.00181740972594,16.514114553590368
fast_nominal_a3_to_2_p1500ps,x1.m20,VDS,-0.03200847393864592,1.8305303145478975,16.536322271802288,20.07677741666703
fast_nominal_a3_to_2_p1500ps,x1.m20,VBS,0.0,0.0,5e-05,5e-05
fast_nominal_a3_to_2_p1500ps,x1.m21,VGS,-1.8,0.0,5e-05,5.0125
fast_nominal_a3_to_2_p1500ps,x1.m21,VGD,-1.8004821978498562,1.799932191119706,15.357909641021239,6.242491927055772
fast_nominal_a3_to_2_p1500ps,x1.m21,VDS,-1.8243150487413649,0.08331523399583185,10.000202616100216,5.015006010262342
fast_nominal_a3_to_2_p1500ps,x1.m21,VBS,0.0,0.0,5e-05,5e-05
fast_nominal_a3_to_2_p1500ps,x1.m22,VGS,0.16464411462576933,1.8433801621828612,5e-05,10.008202616100212
fast_nominal_a3_to_2_p1500ps,x1.m22,VGD,-0.5335621099639303,1.8184812903402725,5e-05,10.001202616100215
fast_nominal_a3_to_2_p1500ps,x1.m22,VDS,2.5475683125331106e-05,1.1994717619371378,6.290491927055787,5.0225493902876375
fast_nominal_a3_to_2_p1500ps,x1.m22,VBS,-1.3489996066119128,0.04679285963278837,25.0,10.006202616100213
fast_nominal_a3_to_2_p1500ps,x1.m23,VGS,-1.2205264535602434,1.8716383767676363,16.499118453987855,10.01220261610021
fast_nominal_a3_to_2_p1500ps,x1.m23,VGD,-1.3488537680069217,1.8336350829876062,25.0,10.008202616100212
fast_nominal_a3_to_2_p1500ps,x1.m23,VDS,-0.0777515006654681,1.4037833289685622,15.357909641021239,20.00981740972595
fast_nominal_a3_to_2_p1500ps,x1.m23,VBS,-1.3000770481210462,0.08324914087919945,15.3249096410212,20.00881740972595
fast_nominal_a3_to_2_p1500ps,x1.m24,VGS,-1.8243150487413649,0.08331523399583185,10.000202616100216,5.015006010262342
fast_nominal_a3_to_2_p1500ps,x1.m24,VGD,-1.8200059161675388,1.8820530628655823,10.002202616100215,5.0157113852586095
fast_nominal_a3_to_2_p1500ps,x1.m24,VDS,-1.8332114789474776,0.0296597887369765,5.037688855947138,10.07799052866109
fast_nominal_a3_to_2_p1500ps,x1.m24,VBS,0.0,0.0,5e-05,5e-05
fast_nominal_a3_to_2_p1500ps,x1.m25,VGS,-0.024315048741364725,1.883315233995832,10.000202616100216,5.015006010262342
fast_nominal_a3_to_2_p1500ps,x1.m25,VGD,-1.8200059161675388,1.8820530628655823,10.002202616100215,5.0157113852586095
fast_nominal_a3_to_2_p1500ps,x1.m25,VDS,-0.03321147894747764,1.8296597887369765,5.037688855947138,10.07799052866109
fast_nominal_a3_to_2_p1500ps,x1.m25,VBS,0.0,0.0,5e-05,5e-05
fast_nominal_a3_to_2_p1500ps,x1.m26,VGS,-1.8718285347599612,0.10786340970167307,5.015006010262342,20.133777416667098
fast_nominal_a3_to_2_p1500ps,x1.m26,VGD,-1.8245912012232783,1.9066199284155974,15.250488398448349,20.134777416667095
fast_nominal_a3_to_2_p1500ps,x1.m26,VDS,-1.833998578473159,0.06045767307651517,16.51111845398787,15.30690964102118
fast_nominal_a3_to_2_p1500ps,x1.m26,VBS,0.0,0.0,5e-05,5e-05
fast_nominal_a3_to_2_p1500ps,x1.m27,VGS,-0.0718285347599612,1.9078634097016731,5.015006010262342,20.133777416667098
fast_nominal_a3_to_2_p1500ps,x1.m27,VGD,-1.8245912012232783,1.9066199284155974,15.250488398448349,20.134777416667095
fast_nominal_a3_to_2_p1500ps,x1.m27,VDS,-0.03399857847315894,1.8604576730765152,16.51111845398787,15.30690964102118
fast_nominal_a3_to_2_p1500ps,x1.m27,VBS,0.0,0.0,5e-05,5e-05
fast_nominal_a3_to_2_p1500ps,x1.m28,VGS,-1.8286651157120803,-1.0306757677885272,5.020549390287637,0.001132953904719577
fast_nominal_a3_to_2_p1500ps,x1.m28,VGD,-1.8133621192362959,0.3178569069090038,20.02776149113334,5.0885236031061305e-05
fast_nominal_a3_to_2_p1500ps,x1.m28,VDS,-1.5288356881031047,0.016825398046885764,5e-05,20.04250260914636
fast_nominal_a3_to_2_p1500ps,x1.m28,VBS,0.0,0.0,5e-05,5e-05
fast_nominal_a3_to_2_p1500ps,x1.m29,VGS,-0.028665115712080313,0.7693242322114728,5.020549390287637,0.001132953904719577
fast_nominal_a3_to_2_p1500ps,x1.m29,VGD,-1.8133621192362959,0.3178569069090038,20.02776149113334,5.0885236031061305e-05
fast_nominal_a3_to_2_p1500ps,x1.m29,VDS,0.27116431189689544,1.8168253980468858,5e-05,20.04250260914636
fast_nominal_a3_to_2_p1500ps,x1.m29,VBS,0.0,0.0,5e-05,5e-05
fast_nominal_a3_to_2_p1500ps,x2.mp1,VGS,-1.8042290162710322,-0.9824463319076054,20.005817409725946,0.0007123043065117737
fast_nominal_a3_to_2_p1500ps,x2.mp1,VGD,-1.8038353319387512,0.021437333835001127,20.006817409725947,0.0004114614201660281
fast_nominal_a3_to_2_p1500ps,x2.mp1,VDS,-1.0327835913990475,0.0004629071979389554,0.000195871724171289,16.49411845398785
fast_nominal_a3_to_2_p1500ps,x2.mp1,VBS,0.0,0.0,5e-05,5e-05
fast_nominal_a3_to_2_p1500ps,x2.mn1,VGS,-0.004229016271032102,0.8175536680923946,20.005817409725946,0.0007123043065117737
fast_nominal_a3_to_2_p1500ps,x2.mn1,VGD,-1.8038353319387512,0.021437333835001127,20.006817409725947,0.0004114614201660281
fast_nominal_a3_to_2_p1500ps,x2.mn1,VDS,0.7672164086009525,1.800462907197939,0.000195871724171289,16.49411845398785
fast_nominal_a3_to_2_p1500ps,x2.mn1,VBS,0.0,0.0,5e-05,5e-05
fast_nominal_a3_to_2_p1500ps,x2.mp2,VGS,-1.0327835913990475,0.0004629071979389554,0.000195871724171289,16.49411845398785
fast_nominal_a3_to_2_p1500ps,x2.mp2,VGD,0.7364881031098114,1.8003009748669832,0.00024600841005304787,16.49411845398785
fast_nominal_a3_to_2_p1500ps,x2.mp2,VDS,-1.7998707561222338,-1.7085143441198052,5.017549390287636,0.03231260796432104
fast_nominal_a3_to_2_p1500ps,x2.mp2,VBS,0.0,0.0,5e-05,5e-05
fast_nominal_a3_to_2_p1500ps,x2.mn2,VGS,0.7672164086009525,1.800462907197939,0.000195871724171289,16.49411845398785
fast_nominal_a3_to_2_p1500ps,x2.mn2,VGD,0.7364881031098114,1.8003009748669832,0.00024600841005304787,16.49411845398785
fast_nominal_a3_to_2_p1500ps,x2.mn2,VDS,0.0001292438777662028,0.09148565588019486,5.017549390287636,0.03231260796432104
fast_nominal_a3_to_2_p1500ps,x2.mn2,VBS,0.0,0.0,5e-05,5e-05
fast_nominal_a3_to_2_p1500ps,x3.mp1,VGS,-1.8042391770142534,-0.9819433428109752,20.005817409725946,0.0007123043065117737
fast_nominal_a3_to_2_p1500ps,x3.mp1,VGD,-1.8038438358346323,0.02187235271571697,20.006817409725947,0.0004114614201660281
fast_nominal_a3_to_2_p1500ps,x3.mp1,VDS,-1.0327661065166265,0.0004629054557727663,0.000195871724171289,16.49411845398785
fast_nominal_a3_to_2_p1500ps,x3.mp1,VBS,0.0,0.0,5e-05,5e-05
fast_nominal_a3_to_2_p1500ps,x3.mn1,VGS,-0.00423917701425334,0.8180566571890249,20.005817409725946,0.0007123043065117737
fast_nominal_a3_to_2_p1500ps,x3.mn1,VGD,-1.8038438358346323,0.02187235271571697,20.006817409725947,0.0004114614201660281
fast_nominal_a3_to_2_p1500ps,x3.mn1,VDS,0.7672338934833736,1.8004629054557728,0.000195871724171289,16.49411845398785
fast_nominal_a3_to_2_p1500ps,x3.mn1,VBS,0.0,0.0,5e-05,5e-05
fast_nominal_a3_to_2_p1500ps,x3.mp2,VGS,-1.0327661065166265,0.0004629054557727663,0.000195871724171289,16.49411845398785
fast_nominal_a3_to_2_p1500ps,x3.mp2,VGD,0.7365120861319822,1.800300973207461,0.00024600841005304787,16.49411845398785
fast_nominal_a3_to_2_p1500ps,x3.mp2,VDS,-1.7998707045516344,-1.7085635122284835,5.017549390287636,0.03231260796432104
fast_nominal_a3_to_2_p1500ps,x3.mp2,VBS,0.0,0.0,5e-05,5e-05
fast_nominal_a3_to_2_p1500ps,x3.mn2,VGS,0.7672338934833736,1.8004629054557728,0.000195871724171289,16.49411845398785
fast_nominal_a3_to_2_p1500ps,x3.mn2,VGD,0.7365120861319822,1.800300973207461,0.00024600841005304787,16.49411845398785
fast_nominal_a3_to_2_p1500ps,x3.mn2,VDS,0.00012929544836562547,0.09143648777151661,5.017549390287636,0.03231260796432104
fast_nominal_a3_to_2_p1500ps,x3.mn2,VBS,0.0,0.0,5e-05,5e-05
fast_nominal_a3_to_2_p1500ps,x4.mp1,VGS,-1.8332114789474776,0.0296597887369765,5.037688855947138,10.07799052866109
fast_nominal_a3_to_2_p1500ps,x4.mp1,VGD,-1.830194106235371,1.8295589613941639,5.038688855947139,10.07799052866109
fast_nominal_a3_to_2_p1500ps,x4.mp1,VDS,-1.831069610701199,0.08410382401579453,10.160990528661047,5.077688855947151
fast_nominal_a3_to_2_p1500ps,x4.mp1,VBS,0.0,0.0,5e-05,5e-05
fast_nominal_a3_to_2_p1500ps,x4.mn1,VGS,-0.03321147894747764,1.8296597887369765,5.037688855947138,10.07799052866109
fast_nominal_a3_to_2_p1500ps,x4.mn1,VGD,-1.830194106235371,1.8295589613941639,5.038688855947139,10.07799052866109
fast_nominal_a3_to_2_p1500ps,x4.mn1,VDS,-0.031069610701198857,1.8841038240157946,10.160990528661047,5.077688855947151
fast_nominal_a3_to_2_p1500ps,x4.mn1,VBS,0.0,0.0,5e-05,5e-05
fast_nominal_a3_to_2_p1500ps,x4.mp2,VGS,-1.831069610701199,0.08410382401579453,10.160990528661047,5.077688855947151
fast_nominal_a3_to_2_p1500ps,x4.mp2,VGD,-1.8300198286963067,1.8814776977272867,10.160990528661047,5.077688855947151
fast_nominal_a3_to_2_p1500ps,x4.mp2,VDS,-1.825783231920229,0.027385469434964227,5.105688855947159,10.202990528661024
fast_nominal_a3_to_2_p1500ps,x4.mp2,VBS,0.0,0.0,5e-05,5e-05
fast_nominal_a3_to_2_p1500ps,x4.mn2,VGS,-0.031069610701198857,1.8841038240157946,10.160990528661047,5.077688855947151
fast_nominal_a3_to_2_p1500ps,x4.mn2,VGD,-1.8300198286963067,1.8814776977272867,10.160990528661047,5.077688855947151
fast_nominal_a3_to_2_p1500ps,x4.mn2,VDS,-0.025783231920229,1.8273854694349643,5.105688855947159,10.202990528661024
fast_nominal_a3_to_2_p1500ps,x4.mn2,VBS,0.0,0.0,5e-05,5e-05
fast_nominal_a3_to_2_p1500ps,x5.mp1,VGS,-1.832008473938646,0.030530314547897452,16.536322271802288,20.07677741666703
fast_nominal_a3_to_2_p1500ps,x5.mp1,VGD,-1.82908653185349,1.8304229297761379,16.53732227180229,20.07677741666703
fast_nominal_a3_to_2_p1500ps,x5.mp1,VDS,-1.8309838730951709,0.0831580913434411,20.158777416667125,16.578122723416982
fast_nominal_a3_to_2_p1500ps,x5.mp1,VBS,0.0,0.0,5e-05,5e-05
fast_nominal_a3_to_2_p1500ps,x5.mn1,VGS,-0.03200847393864592,1.8305303145478975,16.536322271802288,20.07677741666703
fast_nominal_a3_to_2_p1500ps,x5.mn1,VGD,-1.82908653185349,1.8304229297761379,16.53732227180229,20.07677741666703
fast_nominal_a3_to_2_p1500ps,x5.mn1,VDS,-0.030983873095170773,1.8831580913434411,20.158777416667125,16.578122723416982
fast_nominal_a3_to_2_p1500ps,x5.mn1,VBS,0.0,0.0,5e-05,5e-05
fast_nominal_a3_to_2_p1500ps,x5.mp2,VGS,-1.8309838730951709,0.0831580913434411,20.158777416667125,16.578122723416982
fast_nominal_a3_to_2_p1500ps,x5.mp2,VGD,-1.829934744255024,1.8805935365341149,20.158777416667125,16.578122723416982
fast_nominal_a3_to_2_p1500ps,x5.mp2,VDS,-1.8256997219939504,0.027398321928837843,16.606079909270246,20.201562373809736
fast_nominal_a3_to_2_p1500ps,x5.mp2,VBS,0.0,0.0,5e-05,5e-05
fast_nominal_a3_to_2_p1500ps,x5.mn2,VGS,-0.030983873095170773,1.8831580913434411,20.158777416667125,16.578122723416982
fast_nominal_a3_to_2_p1500ps,x5.mn2,VGD,-1.829934744255024,1.8805935365341149,20.158777416667125,16.578122723416982
fast_nominal_a3_to_2_p1500ps,x5.mn2,VDS,-0.02569972199395033,1.8273983219288379,16.606079909270246,20.201562373809736
fast_nominal_a3_to_2_p1500ps,x5.mn2,VBS,0.0,0.0,5e-05,5e-05
fast_stress_a0_to_1_p1500ps,x1.m1,VGS,-1.8,0.0,5e-05,15.348222754591994
fast_stress_a0_to_1_p1500ps,x1.m1,VGD,-1.9094479231855235,1.8683156035006596,10.13485935779589,16.51505491333686
fast_stress_a0_to_1_p1500ps,x1.m1,VDS,-1.8683156035006596,0.10944792318552343,16.51505491333686,10.13485935779589
fast_stress_a0_to_1_p1500ps,x1.m1,VBS,0.0,0.0,5e-05,5e-05
fast_stress_a0_to_1_p1500ps,x1.m2,VGS,0.0,1.8,5e-05,15.348222754591994
fast_stress_a0_to_1_p1500ps,x1.m2,VGD,-1.9094479231855235,1.8683156035006596,10.13485935779589,16.51505491333686
fast_stress_a0_to_1_p1500ps,x1.m2,VDS,-0.06831560350065947,1.9094479231855235,16.51505491333686,10.13485935779589
fast_stress_a0_to_1_p1500ps,x1.m2,VBS,0.0,0.0,5e-05,5e-05
fast_stress_a0_to_1_p1500ps,x1.m3,VGS,-1.8,-1.8,5e-05,5e-05
fast_stress_a0_to_1_p1500ps,x1.m3,VGD,-1.8606878984143487,-0.5623435158565767,10.125859357795894,5e-05
fast_stress_a0_to_1_p1500ps,x1.m3,VDS,-1.2376564841434234,0.06068789841434863,5e-05,10.125859357795894
fast_stress_a0_to_1_p1500ps,x1.m3,VBS,0.0,0.0,5e-05,5e-05
fast_stress_a0_to_1_p1500ps,x1.m4,VGS,0.0,0.0,5e-05,5e-05
fast_stress_a0_to_1_p1500ps,x1.m4,VGD,-1.8606878984143487,-0.5623435158565767,10.125859357795894,5e-05
fast_stress_a0_to_1_p1500ps,x1.m4,VDS,0.5623435158565767,1.8606878984143487,5e-05,10.125859357795894
fast_stress_a0_to_1_p1500ps,x1.m4,VBS,0.0,0.0,5e-05,5e-05
fast_stress_a0_to_1_p1500ps,x1.m5,VGS,-1.8,0.0,5e-05,5.0125
fast_stress_a0_to_1_p1500ps,x1.m5,VGD,-1.7999531842412884,1.7999322027230542,25.0,6.49439098647515
fast_stress_a0_to_1_p1500ps,x1.m5,VDS,-1.824555965414619,0.0838629407941549,10.000859493059146,5.0147195031780285
fast_stress_a0_to_1_p1500ps,x1.m5,VBS,0.0,0.0,5e-05,5e-05
fast_stress_a0_to_1_p1500ps,x1.m6,VGS,0.31413002919217725,1.8418859498589994,5e-05,10.007859493059142
fast_stress_a0_to_1_p1500ps,x1.m6,VGD,-0.25390464594087025,1.8181877635820587,5e-05,9.999859493059146
fast_stress_a0_to_1_p1500ps,x1.m6,VDS,2.5472542716636974e-05,1.1952550909147364,6.4373909864751315,5.0219751396762815
fast_stress_a0_to_1_p1500ps,x1.m6,VBS,-1.3495204302170392,0.048141143428587344,25.0,10.006859493059142
fast_stress_a0_to_1_p1500ps,x1.m7,VGS,-1.2227990513894516,1.8638786825680702,16.498587473093178,10.00985949305914
fast_stress_a0_to_1_p1500ps,x1.m7,VGD,-1.3494626533318728,1.8284048361628698,25.0,10.005859493059143
fast_stress_a0_to_1_p1500ps,x1.m7,VDS,-0.06992599084992723,1.3991627047130637,15.37707345662273,20.009029086119597
fast_stress_a0_to_1_p1500ps,x1.m7,VBS,-1.287814757310616,0.08340235637611068,4.998400774062012,10.008859493059141
fast_stress_a0_to_1_p1500ps,x1.m8,VGS,0.0,1.8,5e-05,5.0125
fast_stress_a0_to_1_p1500ps,x1.m8,VGD,-1.197649645848763,1.7999831441691068,15.258599663347999,6.542390986475164
fast_stress_a0_to_1_p1500ps,x1.m8,VDS,-0.08340235637611068,1.287814757310616,10.008859493059141,4.998400774062012
fast_stress_a0_to_1_p1500ps,x1.m8,VBS,0.0,0.0,5e-05,5e-05
fast_stress_a0_to_1_p1500ps,x1.m9,VGS,-1.824555965414619,0.0838629407941549,10.000859493059146,5.0147195031780285
fast_stress_a0_to_1_p1500ps,x1.m9,VGD,-1.8202026067424986,1.8825687739995158,10.001859493059145,5.01530408943254
fast_stress_a0_to_1_p1500ps,x1.m9,VDS,-1.8308050552477744,0.030590133908707573,5.03666345286244,10.07585935779592
fast_stress_a0_to_1_p1500ps,x1.m9,VBS,0.0,0.0,5e-05,5e-05
fast_stress_a0_to_1_p1500ps,x1.m10,VGS,-0.024555965414618915,1.883862940794155,10.000859493059146,5.0147195031780285
fast_stress_a0_to_1_p1500ps,x1.m10,VGD,-1.8202026067424986,1.8825687739995158,10.001859493059145,5.01530408943254
fast_stress_a0_to_1_p1500ps,x1.m10,VDS,-0.030805055247774327,1.8305901339087076,5.03666345286244,10.07585935779592
fast_stress_a0_to_1_p1500ps,x1.m10,VBS,0.0,0.0,5e-05,5e-05
fast_stress_a0_to_1_p1500ps,x1.m11,VGS,-1.8,0.0,5e-05,5.0125
fast_stress_a0_to_1_p1500ps,x1.m11,VGD,-1.800334456643625,1.7999323001877576,15.606073456622989,17.596823449164155
fast_stress_a0_to_1_p1500ps,x1.m11,VDS,-1.8243949358976326,0.08133554906936724,20.001029086119587,16.514073308322153
fast_stress_a0_to_1_p1500ps,x1.m11,VBS,0.0,0.0,5e-05,5e-05
fast_stress_a0_to_1_p1500ps,x1.m12,VGS,0.05282711012720487,1.8410052420788265,15.408073456622764,20.007029086119594
fast_stress_a0_to_1_p1500ps,x1.m12,VGD,-0.2540293632462006,1.8181810833640435,5e-05,20.000029086119586
fast_stress_a0_to_1_p1500ps,x1.m12,VDS,2.543786445668994e-05,1.1914357763805197,17.602823449164163,16.521700210935393
fast_stress_a0_to_1_p1500ps,x1.m12,VBS,-1.7535195336610612,0.04706329455524681,15.408073456622764,20.007029086119594
fast_stress_a0_to_1_p1500ps,x1.m13,VGS,-1.2848724191435448,1.8717459520866309,4.998400774062012,20.0120290861196
fast_stress_a0_to_1_p1500ps,x1.m13,VGD,-1.3803706427926976,1.8339357324472498,15.315599663348063,20.008029086119596
fast_stress_a0_to_1_p1500ps,x1.m13,VDS,-0.03588974964965064,1.4356719187208657,16.498587473093178,10.00985949305914
fast_stress_a0_to_1_p1500ps,x1.m13,VBS,-1.287814757310616,0.08340235637611068,4.998400774062012,10.008859493059141
fast_stress_a0_to_1_p1500ps,x1.m14,VGS,-1.8243949358976326,0.08133554906936724,20.001029086119587,16.514073308322153
fast_stress_a0_to_1_p1500ps,x1.m14,VGD,-1.8200966852831457,1.879868533546903,20.002029086119588,16.514522241044734
fast_stress_a0_to_1_p1500ps,x1.m14,VDS,-1.8319300820349156,0.029672058146683167,16.536155108233284,20.07677741666703
fast_stress_a0_to_1_p1500ps,x1.m14,VBS,0.0,0.0,5e-05,5e-05
fast_stress_a0_to_1_p1500ps,x1.m15,VGS,-0.024394935897632586,1.8813355490693673,20.001029086119587,16.514073308322153
fast_stress_a0_to_1_p1500ps,x1.m15,VGD,-1.8200966852831457,1.879868533546903,20.002029086119588,16.514522241044734
fast_stress_a0_to_1_p1500ps,x1.m15,VDS,-0.031930082034915555,1.8296720581466832,16.536155108233284,20.07677741666703
fast_stress_a0_to_1_p1500ps,x1.m15,VBS,0.0,0.0,5e-05,5e-05
fast_stress_a0_to_1_p1500ps,x1.m16,VGS,-1.8,0.0,5e-05,5.0125
fast_stress_a0_to_1_p1500ps,x1.m16,VGD,-1.800137935070492,-0.07108077603053631,15.382073456622734,9.987500000000002
fast_stress_a0_to_1_p1500ps,x1.m16,VDS,-1.00954928233927,0.08030082284886286,0.00017277452043902114,5.146390986474736
fast_stress_a0_to_1_p1500ps,x1.m16,VBS,0.0,0.0,5e-05,5e-05
fast_stress_a0_to_1_p1500ps,x1.m17,VGS,-1.191338506476183,0.46417456673174934,15.258599663347999,0.012700620723186416
fast_stress_a0_to_1_p1500ps,x1.m17,VGD,-1.895949484825973,-0.24550060977551524,5.01697513967628,0.009700620723186415
fast_stress_a0_to_1_p1500ps,x1.m17,VDS,0.6061321937701476,1.887642010149927,0.00027078123677147845,9.995859493059148
fast_stress_a0_to_1_p1500ps,x1.m17,VBS,-1.1914826339457947,0.08122613787257915,15.258599663347999,10.01185949305914
fast_stress_a0_to_1_p1500ps,x1.m18,VGS,-1.2227990513894516,1.8638786825680702,16.498587473093178,10.00985949305914
fast_stress_a0_to_1_p1500ps,x1.m18,VGD,-0.8539640451024606,1.8640307066072268,16.514522241044734,10.013401337466851
fast_stress_a0_to_1_p1500ps,x1.m18,VDS,-0.4273483646357785,0.8847282232142835,16.498587473093178,20.009029086119597
fast_stress_a0_to_1_p1500ps,x1.m18,VBS,-1.287814757310616,0.08340235637611068,4.998400774062012,10.008859493059141
fast_stress_a0_to_1_p1500ps,x1.m19,VGS,-1.00954928233927,0.08030082284886286,0.00017277452043902114,5.146390986474736
fast_stress_a0_to_1_p1500ps,x1.m19,VGD,0.0061971112306825615,1.8802440112175256,0.0004426495615080546,5.147390986474736
fast_stress_a0_to_1_p1500ps,x1.m19,VDS,-1.804233624981278,-0.9849050921511728,20.006029086119593,0.0036075589114383964
fast_stress_a0_to_1_p1500ps,x1.m19,VBS,0.0,0.0,5e-05,5e-05
fast_stress_a0_to_1_p1500ps,x1.m20,VGS,0.7904507176607302,1.880300822848863,0.00017277452043902114,5.146390986474736
fast_stress_a0_to_1_p1500ps,x1.m20,VGD,0.0061971112306825615,1.8802440112175256,0.0004426495615080546,5.147390986474736
fast_stress_a0_to_1_p1500ps,x1.m20,VDS,-0.004233624981277937,0.8150949078488272,20.006029086119593,0.0036075589114383964
fast_stress_a0_to_1_p1500ps,x1.m20,VBS,0.0,0.0,5e-05,5e-05
fast_stress_a0_to_1_p1500ps,x1.m21,VGS,-1.8,0.0,5e-05,5.0125
fast_stress_a0_to_1_p1500ps,x1.m21,VGD,-1.8000003189269216,-0.07064919488408572,20.51577741666753,9.987500000000002
fast_stress_a0_to_1_p1500ps,x1.m21,VDS,-1.009262294058694,0.08031750996757947,0.00017277452043902114,16.642823449163075
fast_stress_a0_to_1_p1500ps,x1.m21,VBS,0.0,0.0,5e-05,5e-05
fast_stress_a0_to_1_p1500ps,x1.m22,VGS,-1.1803872864158633,0.47980000087872643,25.0,0.012700620723186416
fast_stress_a0_to_1_p1500ps,x1.m22,VGD,-1.8959363037285635,-0.24568916259175044,5.01697513967628,0.009700620723186415
fast_stress_a0_to_1_p1500ps,x1.m22,VDS,0.6194685963467439,1.890131175909853,25.0,19.99502908611958
fast_stress_a0_to_1_p1500ps,x1.m22,VBS,-1.1805312865279565,0.07869012625802546,25.0,20.0110290861196
fast_stress_a0_to_1_p1500ps,x1.m23,VGS,-1.2848724191435448,1.8717459520866309,4.998400774062012,20.0120290861196
fast_stress_a0_to_1_p1500ps,x1.m23,VGD,-0.030742258908403416,1.8734990679222387,5.011055122783432,20.013590218198914
fast_stress_a0_to_1_p1500ps,x1.m23,VDS,-1.286073521558244,0.45831120749365317,4.998400774062012,16.511668890061216
fast_stress_a0_to_1_p1500ps,x1.m23,VBS,-1.287814757310616,0.08340235637611068,4.998400774062012,10.008859493059141
fast_stress_a0_to_1_p1500ps,x1.m24,VGS,-1.009262294058694,0.08031750996757947,0.00017277452043902114,16.642823449163075
fast_stress_a0_to_1_p1500ps,x1.m24,VGD,0.006510377627394703,1.8802607021942401,0.0004426495615080546,16.643823449163076
fast_stress_a0_to_1_p1500ps,x1.m24,VDS,-1.804223421170127,-0.9850905295555835,20.006029086119593,0.0036075589114383964
fast_stress_a0_to_1_p1500ps,x1.m24,VBS,0.0,0.0,5e-05,5e-05
fast_stress_a0_to_1_p1500ps,x1.m25,VGS,0.7907377059413062,1.8803175099675795,0.00017277452043902114,16.642823449163075
fast_stress_a0_to_1_p1500ps,x1.m25,VGD,0.006510377627394703,1.8802607021942401,0.0004426495615080546,16.643823449163076
fast_stress_a0_to_1_p1500ps,x1.m25,VDS,-0.004223421170126758,0.8149094704444165,20.006029086119593,0.0036075589114383964
fast_stress_a0_to_1_p1500ps,x1.m25,VBS,0.0,0.0,5e-05,5e-05
fast_stress_a0_to_1_p1500ps,x1.m26,VGS,-1.8683156035006596,0.10944792318552343,16.51505491333686,10.13485935779589
fast_stress_a0_to_1_p1500ps,x1.m26,VGD,-1.820578406877641,1.9081911432553622,20.072777416667027,10.136859357795888
fast_stress_a0_to_1_p1500ps,x1.m26,VDS,-1.8358876145090082,0.030596237942390747,5.011055122783432,20.062777416667014
fast_stress_a0_to_1_p1500ps,x1.m26,VBS,0.0,0.0,5e-05,5e-05
fast_stress_a0_to_1_p1500ps,x1.m27,VGS,-0.06831560350065947,1.9094479231855235,16.51505491333686,10.13485935779589
fast_stress_a0_to_1_p1500ps,x1.m27,VGD,-1.820578406877641,1.9081911432553622,20.072777416667027,10.136859357795888
fast_stress_a0_to_1_p1500ps,x1.m27,VDS,-0.03588761450900809,1.8305962379423908,5.011055122783432,20.062777416667014
fast_stress_a0_to_1_p1500ps,x1.m27,VBS,0.0,0.0,5e-05,5e-05
fast_stress_a0_to_1_p1500ps,x1.m28,VGS,-1.2376564841434234,0.06068789841434863,5e-05,10.125859357795894
fast_stress_a0_to_1_p1500ps,x1.m28,VGD,0.11427401362666434,1.859932942753228,0.009700620723186415,10.126859357795894
fast_stress_a0_to_1_p1500ps,x1.m28,VDS,-1.8165709617357186,-1.0498789935547859,5.01697513967628,0.013700620723186415
fast_stress_a0_to_1_p1500ps,x1.m28,VBS,0.0,0.0,5e-05,5e-05
fast_stress_a0_to_1_p1500ps,x1.m29,VGS,0.5623435158565767,1.8606878984143487,5e-05,10.125859357795894
fast_stress_a0_to_1_p1500ps,x1.m29,VGD,0.11427401362666434,1.859932942753228,0.009700620723186415,10.126859357795894
fast_stress_a0_to_1_p1500ps,x1.m29,VDS,-0.01657096173571848,0.7501210064452142,5.01697513967628,0.013700620723186415
fast_stress_a0_to_1_p1500ps,x1.m29,VBS,0.0,0.0,5e-05,5e-05
fast_stress_a0_to_1_p1500ps,x2.mp1,VGS,-1.8308050552477744,0.030590133908707573,5.03666345286244,10.07585935779592
fast_stress_a0_to_1_p1500ps,x2.mp1,VGD,-1.8280337932920703,1.8304837569306232,5.03766345286244,10.07685935779592
fast_stress_a0_to_1_p1500ps,x2.mp1,VDS,-1.8301449908164742,0.08263654957990707,10.159859357795877,5.08061834137086
fast_stress_a0_to_1_p1500ps,x2.mp1,VBS,0.0,0.0,5e-05,5e-05
fast_stress_a0_to_1_p1500ps,x2.mn1,VGS,-0.030805055247774327,1.8305901339087076,5.03666345286244,10.07585935779592
fast_stress_a0_to_1_p1500ps,x2.mn1,VGD,-1.8280337932920703,1.8304837569306232,5.03766345286244,10.07685935779592
fast_stress_a0_to_1_p1500ps,x2.mn1,VDS,-0.03014499081647413,1.8826365495799071,10.159859357795877,5.08061834137086
fast_stress_a0_to_1_p1500ps,x2.mn1,VBS,0.0,0.0,5e-05,5e-05
fast_stress_a0_to_1_p1500ps,x2.mp2,VGS,-1.8301449908164742,0.08263654957990707,10.159859357795877,5.08061834137086
fast_stress_a0_to_1_p1500ps,x2.mp2,VGD,-1.8291332248550143,1.880117411662763,10.159859357795877,5.08061834137086
fast_stress_a0_to_1_p1500ps,x2.mp2,VDS,-1.8256895934050674,0.027356523030247715,5.108421069499234,10.202859357795854
fast_stress_a0_to_1_p1500ps,x2.mp2,VBS,0.0,0.0,5e-05,5e-05
fast_stress_a0_to_1_p1500ps,x2.mn2,VGS,-0.03014499081647413,1.8826365495799071,10.159859357795877,5.08061834137086
fast_stress_a0_to_1_p1500ps,x2.mn2,VGD,-1.8291332248550143,1.880117411662763,10.159859357795877,5.08061834137086
fast_stress_a0_to_1_p1500ps,x2.mn2,VDS,-0.02568959340506748,1.8273565230302478,5.108421069499234,10.202859357795854
fast_stress_a0_to_1_p1500ps,x2.mn2,VBS,0.0,0.0,5e-05,5e-05
fast_stress_a0_to_1_p1500ps,x3.mp1,VGS,-1.8319300820349156,0.029672058146683167,16.536155108233284,20.07677741666703
fast_stress_a0_to_1_p1500ps,x3.mp1,VGD,-1.8290595702315726,1.8295742408556621,16.537155108233286,20.077777416667033
fast_stress_a0_to_1_p1500ps,x3.mp1,VDS,-1.8302549426249322,0.08365536725809641,20.161777416667128,16.578155108233332
fast_stress_a0_to_1_p1500ps,x3.mp1,VBS,0.0,0.0,5e-05,5e-05
fast_stress_a0_to_1_p1500ps,x3.mn1,VGS,-0.031930082034915555,1.8296720581466832,16.536155108233284,20.07677741666703
fast_stress_a0_to_1_p1500ps,x3.mn1,VGD,-1.8290595702315726,1.8295742408556621,16.537155108233286,20.077777416667033
fast_stress_a0_to_1_p1500ps,x3.mn1,VDS,-0.030254942624932207,1.8836553672580965,20.161777416667128,16.578155108233332
fast_stress_a0_to_1_p1500ps,x3.mn1,VBS,0.0,0.0,5e-05,5e-05
fast_stress_a0_to_1_p1500ps,x3.mp2,VGS,-1.8302549426249322,0.08365536725809641,20.161777416667128,16.578155108233332
fast_stress_a0_to_1_p1500ps,x3.mp2,VGD,-1.8292394753690626,1.8810730035548626,20.161777416667128,16.578155108233332
fast_stress_a0_to_1_p1500ps,x3.mp2,VDS,-1.8257697938183632,0.0273463885664762,16.605901501617257,20.204777416667177
fast_stress_a0_to_1_p1500ps,x3.mp2,VBS,0.0,0.0,5e-05,5e-05
fast_stress_a0_to_1_p1500ps,x3.mn2,VGS,-0.030254942624932207,1.8836553672580965,20.161777416667128,16.578155108233332
fast_stress_a0_to_1_p1500ps,x3.mn2,VGD,-1.8292394753690626,1.8810730035548626,20.161777416667128,16.578155108233332
fast_stress_a0_to_1_p1500ps,x3.mn2,VDS,-0.02576979381836327,1.8273463885664762,16.605901501617257,20.204777416667177
fast_stress_a0_to_1_p1500ps,x3.mn2,VBS,0.0,0.0,5e-05,5e-05
fast_stress_a0_to_1_p1500ps,x4.mp1,VGS,-1.804223421170127,-0.9850905295555835,20.006029086119593,0.0036075589114383964
fast_stress_a0_to_1_p1500ps,x4.mp1,VGD,-1.8038304467654753,0.015560997526604892,20.007029086119594,0.0004426495615080546
fast_stress_a0_to_1_p1500ps,x4.mp1,VDS,-1.033757278962537,0.00046132087550754264,0.0002108847276450903,4.994400774062011
fast_stress_a0_to_1_p1500ps,x4.mp1,VBS,0.0,0.0,5e-05,5e-05
fast_stress_a0_to_1_p1500ps,x4.mn1,VGS,-0.004223421170126758,0.8149094704444165,20.006029086119593,0.0036075589114383964
fast_stress_a0_to_1_p1500ps,x4.mn1,VGD,-1.8038304467654753,0.015560997526604892,20.007029086119594,0.0004426495615080546
fast_stress_a0_to_1_p1500ps,x4.mn1,VDS,0.7662427210374628,1.8004613208755076,0.0002108847276450903,4.994400774062011
fast_stress_a0_to_1_p1500ps,x4.mn1,VBS,0.0,0.0,5e-05,5e-05
fast_stress_a0_to_1_p1500ps,x4.mp2,VGS,-1.033757278962537,0.00046132087550754264,0.0002108847276450903,4.994400774062011
fast_stress_a0_to_1_p1500ps,x4.mp2,VGD,0.735755877556837,1.8002995991741308,0.00027078123677147845,4.994400774062011
fast_stress_a0_to_1_p1500ps,x4.mp2,VDS,-1.7998702795583745,-1.7079748343214798,5.01697513967628,0.03170062072318642
fast_stress_a0_to_1_p1500ps,x4.mp2,VBS,0.0,0.0,5e-05,5e-05
fast_stress_a0_to_1_p1500ps,x4.mn2,VGS,0.7662427210374628,1.8004613208755076,0.0002108847276450903,4.994400774062011
fast_stress_a0_to_1_p1500ps,x4.mn2,VGD,0.735755877556837,1.8002995991741308,0.00027078123677147845,4.994400774062011
fast_stress_a0_to_1_p1500ps,x4.mn2,VDS,0.00012972044162543587,0.09202516567852016,5.01697513967628,0.03170062072318642
fast_stress_a0_to_1_p1500ps,x4.mn2,VBS,0.0,0.0,5e-05,5e-05
fast_stress_a0_to_1_p1500ps,x5.mp1,VGS,-1.804233624981278,-0.9849050921511728,20.006029086119593,0.0036075589114383964
fast_stress_a0_to_1_p1500ps,x5.mp1,VGD,-1.8038387422137983,0.015351731336347929,20.007029086119594,0.0004426495615080546
fast_stress_a0_to_1_p1500ps,x5.mp1,VDS,-1.0337650300024461,0.00046129543322703803,0.0002108847276450903,4.994400774062011
fast_stress_a0_to_1_p1500ps,x5.mp1,VBS,0.0,0.0,5e-05,5e-05
fast_stress_a0_to_1_p1500ps,x5.mn1,VGS,-0.004233624981277937,0.8150949078488272,20.006029086119593,0.0036075589114383964
fast_stress_a0_to_1_p1500ps,x5.mn1,VGD,-1.8038387422137983,0.015351731336347929,20.007029086119594,0.0004426495615080546
fast_stress_a0_to_1_p1500ps,x5.mn1,VDS,0.7662349699975539,1.800461295433227,0.0002108847276450903,4.994400774062011
fast_stress_a0_to_1_p1500ps,x5.mn1,VBS,0.0,0.0,5e-05,5e-05
fast_stress_a0_to_1_p1500ps,x5.mp2,VGS,-1.0337650300024461,0.00046129543322703803,0.0002108847276450903,4.994400774062011
fast_stress_a0_to_1_p1500ps,x5.mp2,VGD,0.7357442719319212,1.8002995746743862,0.00027078123677147845,4.994400774062011
fast_stress_a0_to_1_p1500ps,x5.mp2,VDS,-1.7998702478518938,-1.7079297915757536,5.01697513967628,0.03170062072318642
fast_stress_a0_to_1_p1500ps,x5.mp2,VBS,0.0,0.0,5e-05,5e-05
fast_stress_a0_to_1_p1500ps,x5.mn2,VGS,0.7662349699975539,1.800461295433227,0.0002108847276450903,4.994400774062011
fast_stress_a0_to_1_p1500ps,x5.mn2,VGD,0.7357442719319212,1.8002995746743862,0.00027078123677147845,4.994400774062011
fast_stress_a0_to_1_p1500ps,x5.mn2,VDS,0.00012975214810621153,0.09207020842424647,5.01697513967628,0.03170062072318642
fast_stress_a0_to_1_p1500ps,x5.mn2,VBS,0.0,0.0,5e-05,5e-05
fast_stress_a0_to_2_p1500ps,x1.m1,VGS,-1.8,-1.8,5e-05,5e-05
fast_stress_a0_to_2_p1500ps,x1.m1,VGD,-1.9094479231855235,-0.5201572793544444,10.13485935779589,5e-05
fast_stress_a0_to_2_p1500ps,x1.m1,VDS,-1.2798427206455556,0.10944792318552343,5e-05,10.13485935779589
fast_stress_a0_to_2_p1500ps,x1.m1,VBS,0.0,0.0,5e-05,5e-05
fast_stress_a0_to_2_p1500ps,x1.m2,VGS,0.0,0.0,5e-05,5e-05
fast_stress_a0_to_2_p1500ps,x1.m2,VGD,-1.9094479231855235,-0.5201572793544444,10.13485935779589,5e-05
fast_stress_a0_to_2_p1500ps,x1.m2,VDS,0.5201572793544444,1.9094479231855235,5e-05,10.13485935779589
fast_stress_a0_to_2_p1500ps,x1.m2,VBS,0.0,0.0,5e-05,5e-05
fast_stress_a0_to_2_p1500ps,x1.m3,VGS,-1.8,0.0,5e-05,15.348222754591994
fast_stress_a0_to_2_p1500ps,x1.m3,VGD,-1.8606878984143487,1.8289166880708245,10.125859357795894,16.521422003240982
fast_stress_a0_to_2_p1500ps,x1.m3,VDS,-1.8289166880708245,0.06068789841434863,16.521422003240982,10.125859357795894
fast_stress_a0_to_2_p1500ps,x1.m3,VBS,0.0,0.0,5e-05,5e-05
fast_stress_a0_to_2_p1500ps,x1.m4,VGS,0.0,1.8,5e-05,15.348222754591994
fast_stress_a0_to_2_p1500ps,x1.m4,VGD,-1.8606878984143487,1.8289166880708245,10.125859357795894,16.521422003240982
fast_stress_a0_to_2_p1500ps,x1.m4,VDS,-0.028916688070824554,1.8606878984143487,16.521422003240982,10.125859357795894
fast_stress_a0_to_2_p1500ps,x1.m4,VBS,0.0,0.0,5e-05,5e-05
fast_stress_a0_to_2_p1500ps,x1.m5,VGS,-1.8,0.0,5e-05,5.0125
fast_stress_a0_to_2_p1500ps,x1.m5,VGD,-1.8002107547663213,1.7999322027230542,15.251598349807248,6.49439098647515
fast_stress_a0_to_2_p1500ps,x1.m5,VDS,-1.824555965414619,0.0838629407941549,10.000859493059146,5.0147195031780285
fast_stress_a0_to_2_p1500ps,x1.m5,VBS,0.0,0.0,5e-05,5e-05
fast_stress_a0_to_2_p1500ps,x1.m6,VGS,-1.1802828306979416,1.8418859498589994,25.0,10.007859493059142
fast_stress_a0_to_2_p1500ps,x1.m6,VGD,-1.9077209119579495,1.8181877635820587,16.521422003240982,9.999859493059146
fast_stress_a0_to_2_p1500ps,x1.m6,VDS,2.5472542716636974e-05,1.8902680076961338,6.4373909864751315,19.9958173437212
fast_stress_a0_to_2_p1500ps,x1.m6,VBS,-1.253232955305673,0.08108484331004213,5.008055122783431,20.011817343721216
fast_stress_a0_to_2_p1500ps,x1.m7,VGS,0.4035135323898326,1.8638786825680702,5e-05,10.00985949305914
fast_stress_a0_to_2_p1500ps,x1.m7,VGD,0.271943792690045,1.863939978947652,5e-05,20.01323130862005
fast_stress_a0_to_2_p1500ps,x1.m7,VDS,-0.16638123992794296,0.5867924127454591,15.372076029258812,5.012903267195296
fast_stress_a0_to_2_p1500ps,x1.m7,VBS,-1.287814757310616,0.08340235637611068,4.998400774062012,10.008859493059141
fast_stress_a0_to_2_p1500ps,x1.m8,VGS,0.0,1.8,5e-05,5.0125
fast_stress_a0_to_2_p1500ps,x1.m8,VGD,-1.1925884812981868,1.7999831441691068,15.30659834980731,6.542390986475164
fast_stress_a0_to_2_p1500ps,x1.m8,VDS,-0.08340235637611068,1.287814757310616,10.008859493059141,4.998400774062012
fast_stress_a0_to_2_p1500ps,x1.m8,VBS,0.0,0.0,5e-05,5e-05
fast_stress_a0_to_2_p1500ps,x1.m9,VGS,-1.824555965414619,0.0838629407941549,10.000859493059146,5.0147195031780285
fast_stress_a0_to_2_p1500ps,x1.m9,VGD,-1.8202026067424986,1.8825687739995158,10.001859493059145,5.01530408943254
fast_stress_a0_to_2_p1500ps,x1.m9,VDS,-1.8308050552477744,0.030590133908707573,5.03666345286244,10.07585935779592
fast_stress_a0_to_2_p1500ps,x1.m9,VBS,0.0,0.0,5e-05,5e-05
fast_stress_a0_to_2_p1500ps,x1.m10,VGS,-0.024555965414618915,1.883862940794155,10.000859493059146,5.0147195031780285
fast_stress_a0_to_2_p1500ps,x1.m10,VGD,-1.8202026067424986,1.8825687739995158,10.001859493059145,5.01530408943254
fast_stress_a0_to_2_p1500ps,x1.m10,VDS,-0.030805055247774327,1.8305901339087076,5.03666345286244,10.07585935779592
fast_stress_a0_to_2_p1500ps,x1.m10,VBS,0.0,0.0,5e-05,5e-05
fast_stress_a0_to_2_p1500ps,x1.m11,VGS,-1.8,0.0,5e-05,5.0125
fast_stress_a0_to_2_p1500ps,x1.m11,VGD,-1.800722474003639,-0.06355441663321493,15.252598349807249,9.987500000000002
fast_stress_a0_to_2_p1500ps,x1.m11,VDS,-0.9969638800028825,0.07996538520524554,0.0002108847276450903,16.51309226030994
fast_stress_a0_to_2_p1500ps,x1.m11,VBS,0.0,0.0,5e-05,5e-05
fast_stress_a0_to_2_p1500ps,x1.m12,VGS,-1.0155922793594012,0.7763046990760261,16.522422003240983,0.0567006207231865
fast_stress_a0_to_2_p1500ps,x1.m12,VGD,-1.9076902250164105,0.062202177314172546,16.521422003240982,10.121859357795897
fast_stress_a0_to_2_p1500ps,x1.m12,VDS,0.42360798860867854,0.9310743516926709,10.014638283322277,0.05170062072318648
fast_stress_a0_to_2_p1500ps,x1.m12,VBS,-1.3753221818373793,-0.16292865473009294,15.258598349807254,7.468543587404898e-05
fast_stress_a0_to_2_p1500ps,x1.m13,VGS,-1.2848724191435448,0.5465334306362359,4.998400774062012,0.016700620723186416
fast_stress_a0_to_2_p1500ps,x1.m13,VGD,-1.3751755420274598,0.4579358825582808,15.258598349807254,0.016700620723186416
fast_stress_a0_to_2_p1500ps,x1.m13,VDS,-0.2744248273538554,1.4356719187208657,16.498599779600966,10.00985949305914
fast_stress_a0_to_2_p1500ps,x1.m13,VBS,-1.287814757310616,0.08340235637611068,4.998400774062012,10.008859493059141
fast_stress_a0_to_2_p1500ps,x1.m14,VGS,-0.9969638800028825,0.07996538520524554,0.0002108847276450903,16.51309226030994
fast_stress_a0_to_2_p1500ps,x1.m14,VGD,0.012356476543678108,1.8798213282614822,0.0004426495615080546,16.60274226152988
fast_stress_a0_to_2_p1500ps,x1.m14,VDS,-1.8042391676406153,-0.9836748877748873,20.005817343721212,0.000747886184577555
fast_stress_a0_to_2_p1500ps,x1.m14,VBS,0.0,0.0,5e-05,5e-05
fast_stress_a0_to_2_p1500ps,x1.m15,VGS,0.8030361199971175,1.8799653852052456,0.0002108847276450903,16.51309226030994
fast_stress_a0_to_2_p1500ps,x1.m15,VGD,0.012356476543678108,1.8798213282614822,0.0004426495615080546,16.60274226152988
fast_stress_a0_to_2_p1500ps,x1.m15,VDS,-0.004239167640615343,0.8163251122251127,20.005817343721212,0.000747886184577555
fast_stress_a0_to_2_p1500ps,x1.m15,VBS,0.0,0.0,5e-05,5e-05
fast_stress_a0_to_2_p1500ps,x1.m16,VGS,-1.8,0.0,5e-05,5.0125
fast_stress_a0_to_2_p1500ps,x1.m16,VGD,-1.84427214436228,1.7999321422044623,15.389076029258831,17.881566943999438
fast_stress_a0_to_2_p1500ps,x1.m16,VDS,-1.8244393455372647,0.0851262750411339,20.000817343721206,16.515760900400004
fast_stress_a0_to_2_p1500ps,x1.m16,VBS,0.0,0.0,5e-05,5e-05
fast_stress_a0_to_2_p1500ps,x1.m17,VGS,-1.1946655498545145,1.8444779255536978,15.31559834980732,20.007817343721214
fast_stress_a0_to_2_p1500ps,x1.m17,VGD,-1.895949484825973,1.8186117146665044,5.01697513967628,20.000817343721206
fast_stress_a0_to_2_p1500ps,x1.m17,VDS,2.547115226916863e-05,1.887642010149927,17.785566943999328,9.995859493059148
fast_stress_a0_to_2_p1500ps,x1.m17,VBS,-1.5392103156758674,0.08122613787257915,15.426076029258873,10.01185949305914
fast_stress_a0_to_2_p1500ps,x1.m18,VGS,0.4035135323898326,1.8638786825680702,5e-05,10.00985949305914
fast_stress_a0_to_2_p1500ps,x1.m18,VGD,0.2618251478514302,1.8640307066072268,15.426076029258873,10.013401337466851
fast_stress_a0_to_2_p1500ps,x1.m18,VDS,-0.10749521941371709,0.6560912049914783,4.998400774062012,16.511599779600978
fast_stress_a0_to_2_p1500ps,x1.m18,VBS,-1.287814757310616,0.08340235637611068,4.998400774062012,10.008859493059141
fast_stress_a0_to_2_p1500ps,x1.m19,VGS,-1.8244393455372647,0.0851262750411339,20.000817343721206,16.515760900400004
fast_stress_a0_to_2_p1500ps,x1.m19,VGD,-1.8201015479762086,1.883791477919338,20.001817343721207,16.515760900400004
fast_stress_a0_to_2_p1500ps,x1.m19,VDS,-1.8320903104365391,0.03053001143870926,16.53795870821524,20.07677741666703
fast_stress_a0_to_2_p1500ps,x1.m19,VBS,0.0,0.0,5e-05,5e-05
fast_stress_a0_to_2_p1500ps,x1.m20,VGS,-0.02443934553726465,1.885126275041134,20.000817343721206,16.515760900400004
fast_stress_a0_to_2_p1500ps,x1.m20,VGD,-1.8201015479762086,1.883791477919338,20.001817343721207,16.515760900400004
fast_stress_a0_to_2_p1500ps,x1.m20,VDS,-0.032090310436539045,1.8305300114387093,16.53795870821524,20.07677741666703
fast_stress_a0_to_2_p1500ps,x1.m20,VBS,0.0,0.0,5e-05,5e-05
fast_stress_a0_to_2_p1500ps,x1.m21,VGS,-1.8,0.0,5e-05,5.0125
fast_stress_a0_to_2_p1500ps,x1.m21,VGD,-1.8354678670893962,-0.057018646867171396,15.374076029258815,19.9875
fast_stress_a0_to_2_p1500ps,x1.m21,VDS,-1.009262294058694,0.0800079964507916,0.00017277452043902114,5.045663452862442
fast_stress_a0_to_2_p1500ps,x1.m21,VBS,0.0,0.0,5e-05,5e-05
fast_stress_a0_to_2_p1500ps,x1.m22,VGS,-0.014562144163087931,0.8871640777860655,15.31659834980732,15.387076029258829
fast_stress_a0_to_2_p1500ps,x1.m22,VGD,-1.8959363037285635,0.04039732048406797,5.01697513967628,15.437076029258886
fast_stress_a0_to_2_p1500ps,x1.m22,VDS,0.4507044537379552,1.885939552336218,20.01414779681447,5.013845583974967
fast_stress_a0_to_2_p1500ps,x1.m22,VBS,-1.3488576024413184,0.006115477365966708,25.0,5.014236265019694
fast_stress_a0_to_2_p1500ps,x1.m23,VGS,-1.2848724191435448,0.5465334306362359,4.998400774062012,0.016700620723186416
fast_stress_a0_to_2_p1500ps,x1.m23,VGD,-1.3487117619271756,0.509824794084147,25.0,0.019700620723186416
fast_stress_a0_to_2_p1500ps,x1.m23,VDS,-1.286073521558244,1.4034829160400843,4.998400774062012,20.009817343721217
fast_stress_a0_to_2_p1500ps,x1.m23,VBS,-1.287814757310616,0.08340235637611068,4.998400774062012,10.008859493059141
fast_stress_a0_to_2_p1500ps,x1.m24,VGS,-1.009262294058694,0.0800079964507916,0.00017277452043902114,5.045663452862442
fast_stress_a0_to_2_p1500ps,x1.m24,VGD,0.006510377627394703,1.879949788480368,0.0004426495615080546,5.047663452862443
fast_stress_a0_to_2_p1500ps,x1.m24,VDS,-1.8044047966547616,-0.9850905295555835,15.386076029258827,0.0036075589114383964
fast_stress_a0_to_2_p1500ps,x1.m24,VBS,0.0,0.0,5e-05,5e-05
fast_stress_a0_to_2_p1500ps,x1.m25,VGS,0.7907377059413062,1.8800079964507916,0.00017277452043902114,5.045663452862442
fast_stress_a0_to_2_p1500ps,x1.m25,VGD,0.006510377627394703,1.879949788480368,0.0004426495615080546,5.047663452862443
fast_stress_a0_to_2_p1500ps,x1.m25,VDS,-0.004404796654761671,0.8149094704444165,15.386076029258827,0.0036075589114383964
fast_stress_a0_to_2_p1500ps,x1.m25,VBS,0.0,0.0,5e-05,5e-05
fast_stress_a0_to_2_p1500ps,x1.m26,VGS,-1.2798427206455556,0.10944792318552343,5e-05,10.13485935779589
fast_stress_a0_to_2_p1500ps,x1.m26,VGD,0.07325483690726986,1.9081911432553622,0.013700620723186415,10.136859357795888
fast_stress_a0_to_2_p1500ps,x1.m26,VDS,-1.8358876145090082,-1.0199713202421543,5.011055122783432,0.017700620723186417
fast_stress_a0_to_2_p1500ps,x1.m26,VBS,0.0,0.0,5e-05,5e-05
fast_stress_a0_to_2_p1500ps,x1.m27,VGS,0.5201572793544444,1.9094479231855235,5e-05,10.13485935779589
fast_stress_a0_to_2_p1500ps,x1.m27,VGD,0.07325483690726986,1.9081911432553622,0.013700620723186415,10.136859357795888
fast_stress_a0_to_2_p1500ps,x1.m27,VDS,-0.03588761450900809,0.7800286797578457,5.011055122783432,0.017700620723186417
fast_stress_a0_to_2_p1500ps,x1.m27,VBS,0.0,0.0,5e-05,5e-05
fast_stress_a0_to_2_p1500ps,x1.m28,VGS,-1.8289166880708245,0.06068789841434863,16.521422003240982,10.125859357795894
fast_stress_a0_to_2_p1500ps,x1.m28,VGD,-1.8133629807432592,1.859932942753228,20.02777428326468,10.126859357795894
fast_stress_a0_to_2_p1500ps,x1.m28,VDS,-1.8165709617357186,0.016826135204165205,5.01697513967628,20.042524023341038
fast_stress_a0_to_2_p1500ps,x1.m28,VBS,0.0,0.0,5e-05,5e-05
fast_stress_a0_to_2_p1500ps,x1.m29,VGS,-0.028916688070824554,1.8606878984143487,16.521422003240982,10.125859357795894
fast_stress_a0_to_2_p1500ps,x1.m29,VGD,-1.8133629807432592,1.859932942753228,20.02777428326468,10.126859357795894
fast_stress_a0_to_2_p1500ps,x1.m29,VDS,-0.01657096173571848,1.8168261352041652,5.01697513967628,20.042524023341038
fast_stress_a0_to_2_p1500ps,x1.m29,VBS,0.0,0.0,5e-05,5e-05
fast_stress_a0_to_2_p1500ps,x2.mp1,VGS,-1.8308050552477744,0.030590133908707573,5.03666345286244,10.07585935779592
fast_stress_a0_to_2_p1500ps,x2.mp1,VGD,-1.8280337932920703,1.8304837569306232,5.03766345286244,10.07685935779592
fast_stress_a0_to_2_p1500ps,x2.mp1,VDS,-1.8301449908164742,0.08263654957990707,10.159859357795877,5.08061834137086
fast_stress_a0_to_2_p1500ps,x2.mp1,VBS,0.0,0.0,5e-05,5e-05
fast_stress_a0_to_2_p1500ps,x2.mn1,VGS,-0.030805055247774327,1.8305901339087076,5.03666345286244,10.07585935779592
fast_stress_a0_to_2_p1500ps,x2.mn1,VGD,-1.8280337932920703,1.8304837569306232,5.03766345286244,10.07685935779592
fast_stress_a0_to_2_p1500ps,x2.mn1,VDS,-0.03014499081647413,1.8826365495799071,10.159859357795877,5.08061834137086
fast_stress_a0_to_2_p1500ps,x2.mn1,VBS,0.0,0.0,5e-05,5e-05
fast_stress_a0_to_2_p1500ps,x2.mp2,VGS,-1.8301449908164742,0.08263654957990707,10.159859357795877,5.08061834137086
fast_stress_a0_to_2_p1500ps,x2.mp2,VGD,-1.8291332248550143,1.880117411662763,10.159859357795877,5.08061834137086
fast_stress_a0_to_2_p1500ps,x2.mp2,VDS,-1.8256895934050674,0.027356523030247715,5.108421069499234,10.202859357795854
fast_stress_a0_to_2_p1500ps,x2.mp2,VBS,0.0,0.0,5e-05,5e-05
fast_stress_a0_to_2_p1500ps,x2.mn2,VGS,-0.03014499081647413,1.8826365495799071,10.159859357795877,5.08061834137086
fast_stress_a0_to_2_p1500ps,x2.mn2,VGD,-1.8291332248550143,1.880117411662763,10.159859357795877,5.08061834137086
fast_stress_a0_to_2_p1500ps,x2.mn2,VDS,-0.02568959340506748,1.8273565230302478,5.108421069499234,10.202859357795854
fast_stress_a0_to_2_p1500ps,x2.mn2,VBS,0.0,0.0,5e-05,5e-05
fast_stress_a0_to_2_p1500ps,x3.mp1,VGS,-1.8042391676406153,-0.9836748877748873,20.005817343721212,0.000747886184577555
fast_stress_a0_to_2_p1500ps,x3.mp1,VGD,-1.8038438269925476,0.01960764957130401,20.006817343721213,0.0004426495615080546
fast_stress_a0_to_2_p1500ps,x3.mp1,VDS,-1.033312563821847,0.00046272132547575673,0.0002108847276450903,4.994400774062011
fast_stress_a0_to_2_p1500ps,x3.mp1,VBS,0.0,0.0,5e-05,5e-05
fast_stress_a0_to_2_p1500ps,x3.mn1,VGS,-0.004239167640615343,0.8163251122251127,20.005817343721212,0.000747886184577555
fast_stress_a0_to_2_p1500ps,x3.mn1,VGD,-1.8038438269925476,0.01960764957130401,20.006817343721213,0.0004426495615080546
fast_stress_a0_to_2_p1500ps,x3.mn1,VDS,0.766687436178153,1.8004627213254758,0.0002108847276450903,4.994400774062011
fast_stress_a0_to_2_p1500ps,x3.mn1,VBS,0.0,0.0,5e-05,5e-05
fast_stress_a0_to_2_p1500ps,x3.mp2,VGS,-1.033312563821847,0.00046272132547575673,0.0002108847276450903,4.994400774062011
fast_stress_a0_to_2_p1500ps,x3.mp2,VGD,0.7362333568175152,1.8003009454466854,0.00027078123677147845,4.994400774062011
fast_stress_a0_to_2_p1500ps,x3.mp2,VDS,-1.799871393238673,-1.7087162369765465,5.01697513967628,0.03170062072318642
fast_stress_a0_to_2_p1500ps,x3.mp2,VBS,0.0,0.0,5e-05,5e-05
fast_stress_a0_to_2_p1500ps,x3.mn2,VGS,0.766687436178153,1.8004627213254758,0.0002108847276450903,4.994400774062011
fast_stress_a0_to_2_p1500ps,x3.mn2,VGD,0.7362333568175152,1.8003009454466854,0.00027078123677147845,4.994400774062011
fast_stress_a0_to_2_p1500ps,x3.mn2,VDS,0.00012860676132705768,0.09128376302345356,5.01697513967628,0.03170062072318642
fast_stress_a0_to_2_p1500ps,x3.mn2,VBS,0.0,0.0,5e-05,5e-05
fast_stress_a0_to_2_p1500ps,x4.mp1,VGS,-1.8044047966547616,-0.9850905295555835,15.386076029258827,0.0036075589114383964
fast_stress_a0_to_2_p1500ps,x4.mp1,VGD,-1.8038079579514945,0.015560997526604892,10.006859493059142,0.0004426495615080546
fast_stress_a0_to_2_p1500ps,x4.mp1,VDS,-1.033757278962537,0.00046132087550754264,0.0002108847276450903,4.994400774062011
fast_stress_a0_to_2_p1500ps,x4.mp1,VBS,0.0,0.0,5e-05,5e-05
fast_stress_a0_to_2_p1500ps,x4.mn1,VGS,-0.004404796654761671,0.8149094704444165,15.386076029258827,0.0036075589114383964
fast_stress_a0_to_2_p1500ps,x4.mn1,VGD,-1.8038079579514945,0.015560997526604892,10.006859493059142,0.0004426495615080546
fast_stress_a0_to_2_p1500ps,x4.mn1,VDS,0.7662427210374628,1.8004613208755076,0.0002108847276450903,4.994400774062011
fast_stress_a0_to_2_p1500ps,x4.mn1,VBS,0.0,0.0,5e-05,5e-05
fast_stress_a0_to_2_p1500ps,x4.mp2,VGS,-1.033757278962537,0.00046132087550754264,0.0002108847276450903,4.994400774062011
fast_stress_a0_to_2_p1500ps,x4.mp2,VGD,0.735755877556837,1.8002996601166734,0.00027078123677147845,16.49459977960096
fast_stress_a0_to_2_p1500ps,x4.mp2,VDS,-1.79987926552173,-1.7079748343214798,15.383076029258826,0.03170062072318642
fast_stress_a0_to_2_p1500ps,x4.mp2,VBS,0.0,0.0,5e-05,5e-05
fast_stress_a0_to_2_p1500ps,x4.mn2,VGS,0.7662427210374628,1.8004613208755076,0.0002108847276450903,4.994400774062011
fast_stress_a0_to_2_p1500ps,x4.mn2,VGD,0.735755877556837,1.8002996601166734,0.00027078123677147845,16.49459977960096
fast_stress_a0_to_2_p1500ps,x4.mn2,VDS,0.0001207344782701498,0.09202516567852016,15.383076029258826,0.03170062072318642
fast_stress_a0_to_2_p1500ps,x4.mn2,VBS,0.0,0.0,5e-05,5e-05
fast_stress_a0_to_2_p1500ps,x5.mp1,VGS,-1.8320903104365391,0.03053001143870926,16.53795870821524,20.07677741666703
fast_stress_a0_to_2_p1500ps,x5.mp1,VGD,-1.8291753514551923,1.8304226177807954,16.53795870821524,20.07677741666703
fast_stress_a0_to_2_p1500ps,x5.mp1,VDS,-1.8309837365650363,0.08295417406498795,20.158777416667125,16.579927464588973
fast_stress_a0_to_2_p1500ps,x5.mp1,VBS,0.0,0.0,5e-05,5e-05
fast_stress_a0_to_2_p1500ps,x5.mn1,VGS,-0.032090310436539045,1.8305300114387093,16.53795870821524,20.07677741666703
fast_stress_a0_to_2_p1500ps,x5.mn1,VGD,-1.8291753514551923,1.8304226177807954,16.53795870821524,20.07677741666703
fast_stress_a0_to_2_p1500ps,x5.mn1,VDS,-0.030983736565036175,1.882954174064988,20.158777416667125,16.579927464588973
fast_stress_a0_to_2_p1500ps,x5.mn1,VBS,0.0,0.0,5e-05,5e-05
fast_stress_a0_to_2_p1500ps,x5.mp2,VGS,-1.8309837365650363,0.08295417406498795,20.158777416667125,16.579927464588973
fast_stress_a0_to_2_p1500ps,x5.mp2,VGD,-1.82993460797085,1.8804192935870991,20.158777416667125,16.579927464588973
fast_stress_a0_to_2_p1500ps,x5.mp2,VDS,-1.8257040184609918,0.027398245396374143,16.607742261529886,20.20156158969145
fast_stress_a0_to_2_p1500ps,x5.mp2,VBS,0.0,0.0,5e-05,5e-05
fast_stress_a0_to_2_p1500ps,x5.mn2,VGS,-0.030983736565036175,1.882954174064988,20.158777416667125,16.579927464588973
fast_stress_a0_to_2_p1500ps,x5.mn2,VGD,-1.82993460797085,1.8804192935870991,20.158777416667125,16.579927464588973
fast_stress_a0_to_2_p1500ps,x5.mn2,VDS,-0.025704018460991695,1.8273982453963742,16.607742261529886,20.20156158969145
fast_stress_a0_to_2_p1500ps,x5.mn2,VBS,0.0,0.0,5e-05,5e-05
fast_stress_a0_to_3_p1500ps,x1.m1,VGS,-1.8,0.0,5e-05,15.348222754591994
fast_stress_a0_to_3_p1500ps,x1.m1,VGD,-1.9094479231855235,1.8720567940512032,10.13485935779589,16.515007189429408
fast_stress_a0_to_3_p1500ps,x1.m1,VDS,-1.8720567940512032,0.10944792318552343,16.515007189429408,10.13485935779589
fast_stress_a0_to_3_p1500ps,x1.m1,VBS,0.0,0.0,5e-05,5e-05
fast_stress_a0_to_3_p1500ps,x1.m2,VGS,0.0,1.8,5e-05,15.348222754591994
fast_stress_a0_to_3_p1500ps,x1.m2,VGD,-1.9094479231855235,1.8720567940512032,10.13485935779589,16.515007189429408
fast_stress_a0_to_3_p1500ps,x1.m2,VDS,-0.0720567940512032,1.9094479231855235,16.515007189429408,10.13485935779589
fast_stress_a0_to_3_p1500ps,x1.m2,VBS,0.0,0.0,5e-05,5e-05
fast_stress_a0_to_3_p1500ps,x1.m3,VGS,-1.8,0.0,5e-05,15.348222754591994
fast_stress_a0_to_3_p1500ps,x1.m3,VGD,-1.8606878984143487,1.8304793875039522,10.125859357795894,16.521554062658023
fast_stress_a0_to_3_p1500ps,x1.m3,VDS,-1.8304793875039522,0.06068789841434863,16.521554062658023,10.125859357795894
fast_stress_a0_to_3_p1500ps,x1.m3,VBS,0.0,0.0,5e-05,5e-05
fast_stress_a0_to_3_p1500ps,x1.m4,VGS,0.0,1.8,5e-05,15.348222754591994
fast_stress_a0_to_3_p1500ps,x1.m4,VGD,-1.8606878984143487,1.8304793875039522,10.125859357795894,16.521554062658023
fast_stress_a0_to_3_p1500ps,x1.m4,VDS,-0.030479387503952144,1.8606878984143487,16.521554062658023,10.125859357795894
fast_stress_a0_to_3_p1500ps,x1.m4,VBS,0.0,0.0,5e-05,5e-05
fast_stress_a0_to_3_p1500ps,x1.m5,VGS,-1.8,0.0,5e-05,5.0125
fast_stress_a0_to_3_p1500ps,x1.m5,VGD,-1.8001906467839608,1.7999322027230542,15.25159841306561,6.49439098647515
fast_stress_a0_to_3_p1500ps,x1.m5,VDS,-1.824555965414619,0.0838629407941549,10.000859493059146,5.0147195031780285
fast_stress_a0_to_3_p1500ps,x1.m5,VBS,0.0,0.0,5e-05,5e-05
fast_stress_a0_to_3_p1500ps,x1.m6,VGS,-0.5301579262376542,1.8418859498589994,16.52326668633414,10.007859493059142
fast_stress_a0_to_3_p1500ps,x1.m6,VGD,-1.9091813303589087,1.8181877635820587,16.521554062658023,9.999859493059146
fast_stress_a0_to_3_p1500ps,x1.m6,VDS,2.5472542716636974e-05,1.3806220056817344,6.4373909864751315,16.517554062658018
fast_stress_a0_to_3_p1500ps,x1.m6,VBS,-1.2566053363987697,0.048141143428587344,15.257598413065617,10.006859493059142
fast_stress_a0_to_3_p1500ps,x1.m7,VGS,-1.2832460527323442,1.8638786825680702,16.498600321463496,10.00985949305914
fast_stress_a0_to_3_p1500ps,x1.m7,VGD,-0.571803549828983,1.8284048361628698,16.514047628151037,10.005859493059143
fast_stress_a0_to_3_p1500ps,x1.m7,VDS,-0.7737709468210197,0.5975616833764235,16.498600321463496,20.009029126295648
fast_stress_a0_to_3_p1500ps,x1.m7,VBS,-1.2906471089826799,0.08340235637611068,16.498600321463496,10.008859493059141
fast_stress_a0_to_3_p1500ps,x1.m8,VGS,0.0,1.8,5e-05,5.0125
fast_stress_a0_to_3_p1500ps,x1.m8,VGD,-1.197677007402973,1.7999831441691068,15.258598413065618,6.542390986475164
fast_stress_a0_to_3_p1500ps,x1.m8,VDS,-0.08340235637611068,1.2906471089826799,10.008859493059141,16.498600321463496
fast_stress_a0_to_3_p1500ps,x1.m8,VBS,0.0,0.0,5e-05,5e-05
fast_stress_a0_to_3_p1500ps,x1.m9,VGS,-1.824555965414619,0.0838629407941549,10.000859493059146,5.0147195031780285
fast_stress_a0_to_3_p1500ps,x1.m9,VGD,-1.8202026067424986,1.8825687739995158,10.001859493059145,5.01530408943254
fast_stress_a0_to_3_p1500ps,x1.m9,VDS,-1.8308050552477744,0.030590133908707573,5.03666345286244,10.07585935779592
fast_stress_a0_to_3_p1500ps,x1.m9,VBS,0.0,0.0,5e-05,5e-05
fast_stress_a0_to_3_p1500ps,x1.m10,VGS,-0.024555965414618915,1.883862940794155,10.000859493059146,5.0147195031780285
fast_stress_a0_to_3_p1500ps,x1.m10,VGD,-1.8202026067424986,1.8825687739995158,10.001859493059145,5.01530408943254
fast_stress_a0_to_3_p1500ps,x1.m10,VDS,-0.030805055247774327,1.8305901339087076,5.03666345286244,10.07585935779592
fast_stress_a0_to_3_p1500ps,x1.m10,VBS,0.0,0.0,5e-05,5e-05
fast_stress_a0_to_3_p1500ps,x1.m11,VGS,-1.8,0.0,5e-05,5.0125
fast_stress_a0_to_3_p1500ps,x1.m11,VGD,-1.80073029936402,-0.06355441663321493,15.252598413065611,9.987500000000002
fast_stress_a0_to_3_p1500ps,x1.m11,VDS,-0.9969638800028825,0.08028214569459213,0.0002108847276450903,16.64678005769044
fast_stress_a0_to_3_p1500ps,x1.m11,VBS,0.0,0.0,5e-05,5e-05
fast_stress_a0_to_3_p1500ps,x1.m12,VGS,-1.3648254523040357,0.7763046990760261,15.47907491842924,0.0567006207231865
fast_stress_a0_to_3_p1500ps,x1.m12,VGD,-1.9092043403069214,0.062202177314172546,16.521554062658023,10.121859357795897
fast_stress_a0_to_3_p1500ps,x1.m12,VDS,0.39142665137572763,1.8901700680928133,15.408074918429161,19.99502912629563
fast_stress_a0_to_3_p1500ps,x1.m12,VBS,-1.388143474754762,0.07860156890930686,15.411074918429165,20.01102912629565
fast_stress_a0_to_3_p1500ps,x1.m13,VGS,-1.2848724191435448,1.8716307960380971,4.998400774062012,20.01202912629565
fast_stress_a0_to_3_p1500ps,x1.m13,VGD,-1.3752203413589783,1.8734246271311614,15.261598413065622,20.013590271641487
fast_stress_a0_to_3_p1500ps,x1.m13,VDS,-0.02858614249110447,1.4356719187208657,16.498600321463496,10.00985949305914
fast_stress_a0_to_3_p1500ps,x1.m13,VBS,-1.2906471089826799,0.08340235637611068,16.498600321463496,10.008859493059141
fast_stress_a0_to_3_p1500ps,x1.m14,VGS,-0.9969638800028825,0.08028214569459213,0.0002108847276450903,16.64678005769044
fast_stress_a0_to_3_p1500ps,x1.m14,VGD,0.012356476543678108,1.880225302182633,0.0004426495615080546,16.64778005769044
fast_stress_a0_to_3_p1500ps,x1.m14,VDS,-1.8042306141697224,-0.9836748877748873,20.006029126295644,0.000747886184577555
fast_stress_a0_to_3_p1500ps,x1.m14,VBS,0.0,0.0,5e-05,5e-05
fast_stress_a0_to_3_p1500ps,x1.m15,VGS,0.8030361199971175,1.8802821456945922,0.0002108847276450903,16.64678005769044
fast_stress_a0_to_3_p1500ps,x1.m15,VGD,0.012356476543678108,1.880225302182633,0.0004426495615080546,16.64778005769044
fast_stress_a0_to_3_p1500ps,x1.m15,VDS,-0.0042306141697222585,0.8163251122251127,20.006029126295644,0.000747886184577555
fast_stress_a0_to_3_p1500ps,x1.m15,VBS,0.0,0.0,5e-05,5e-05
fast_stress_a0_to_3_p1500ps,x1.m16,VGS,-1.8,0.0,5e-05,5.0125
fast_stress_a0_to_3_p1500ps,x1.m16,VGD,-1.8449423979406772,-0.05912155252421014,15.38907491842914,19.9875
fast_stress_a0_to_3_p1500ps,x1.m16,VDS,-1.00954928233927,0.08030082284886286,0.00017277452043902114,5.146390986474736
fast_stress_a0_to_3_p1500ps,x1.m16,VBS,0.0,0.0,5e-05,5e-05
fast_stress_a0_to_3_p1500ps,x1.m17,VGS,-1.1913768592978164,0.6077061519309872,15.26059841306562,15.467074918429228
fast_stress_a0_to_3_p1500ps,x1.m17,VGD,-1.895949484825973,0.03522571067802116,5.01697513967628,20.022675102494574
fast_stress_a0_to_3_p1500ps,x1.m17,VDS,0.4498003371985049,1.887642010149927,25.0,9.995859493059148
fast_stress_a0_to_3_p1500ps,x1.m17,VBS,-1.3501536293892324,0.08122613787257915,25.0,10.01185949305914
fast_stress_a0_to_3_p1500ps,x1.m18,VGS,-1.2832460527323442,1.8638786825680702,16.498600321463496,10.00985949305914
fast_stress_a0_to_3_p1500ps,x1.m18,VGD,-1.3500957698319362,1.8640307066072268,25.0,10.013401337466851
fast_stress_a0_to_3_p1500ps,x1.m18,VDS,-0.10749521941371709,1.4034744339215128,4.998400774062012,20.009029126295648
fast_stress_a0_to_3_p1500ps,x1.m18,VBS,-1.2906471089826799,0.08340235637611068,16.498600321463496,10.008859493059141
fast_stress_a0_to_3_p1500ps,x1.m19,VGS,-1.00954928233927,0.08030082284886286,0.00017277452043902114,5.146390986474736
fast_stress_a0_to_3_p1500ps,x1.m19,VGD,0.0061971112306825615,1.8802440112175256,0.0004426495615080546,5.147390986474736
fast_stress_a0_to_3_p1500ps,x1.m19,VDS,-1.8041909789286399,-0.9849050921511728,10.005859493059143,0.0036075589114383964
fast_stress_a0_to_3_p1500ps,x1.m19,VBS,0.0,0.0,5e-05,5e-05
fast_stress_a0_to_3_p1500ps,x1.m20,VGS,0.7904507176607302,1.880300822848863,0.00017277452043902114,5.146390986474736
fast_stress_a0_to_3_p1500ps,x1.m20,VGD,0.0061971112306825615,1.8802440112175256,0.0004426495615080546,5.147390986474736
fast_stress_a0_to_3_p1500ps,x1.m20,VDS,-0.004190978928639804,0.8150949078488272,10.005859493059143,0.0036075589114383964
fast_stress_a0_to_3_p1500ps,x1.m20,VBS,0.0,0.0,5e-05,5e-05
fast_stress_a0_to_3_p1500ps,x1.m21,VGS,-1.8,0.0,5e-05,5.0125
fast_stress_a0_to_3_p1500ps,x1.m21,VGD,-1.8428475688062629,1.799932174894133,15.380074918429129,17.501780057691406
fast_stress_a0_to_3_p1500ps,x1.m21,VDS,-1.8242837714826754,0.0827701752440404,20.001029126295638,16.515007189429408
fast_stress_a0_to_3_p1500ps,x1.m21,VBS,0.0,0.0,5e-05,5e-05
fast_stress_a0_to_3_p1500ps,x1.m22,VGS,-0.012612319193872911,1.8434213204127627,15.315598413065683,20.008029126295646
fast_stress_a0_to_3_p1500ps,x1.m22,VGD,-1.8959363037285635,1.8185176049148422,5.01697513967628,20.001029126295638
fast_stress_a0_to_3_p1500ps,x1.m22,VDS,2.5471255120312897e-05,1.885939552336218,17.542780057691452,5.013845583974967
fast_stress_a0_to_3_p1500ps,x1.m22,VBS,-1.2405348199585626,0.046741651074892754,25.0,20.007029126295645
fast_stress_a0_to_3_p1500ps,x1.m23,VGS,-1.2848724191435448,1.8716307960380971,4.998400774062012,20.01202912629565
fast_stress_a0_to_3_p1500ps,x1.m23,VGD,-0.030742258908403416,1.833642848807252,5.011055122783432,20.008029126295646
fast_stress_a0_to_3_p1500ps,x1.m23,VDS,-1.286073521558244,0.5887538611468892,4.998400774062012,16.513007470536675
fast_stress_a0_to_3_p1500ps,x1.m23,VBS,-1.2906471089826799,0.08340235637611068,16.498600321463496,10.008859493059141
fast_stress_a0_to_3_p1500ps,x1.m24,VGS,-1.8242837714826754,0.0827701752440404,20.001029126295638,16.515007189429408
fast_stress_a0_to_3_p1500ps,x1.m24,VGD,-1.8200079804337388,1.881464589347845,20.00202912629564,16.515007189429408
fast_stress_a0_to_3_p1500ps,x1.m24,VDS,-1.833049022414247,0.029648578217870147,16.537301291091204,20.077369347490478
fast_stress_a0_to_3_p1500ps,x1.m24,VBS,0.0,0.0,5e-05,5e-05
fast_stress_a0_to_3_p1500ps,x1.m25,VGS,-0.024283771482675326,1.8827701752440404,20.001029126295638,16.515007189429408
fast_stress_a0_to_3_p1500ps,x1.m25,VGD,-1.8200079804337388,1.881464589347845,20.00202912629564,16.515007189429408
fast_stress_a0_to_3_p1500ps,x1.m25,VDS,-0.033049022414246954,1.8296485782178702,16.537301291091204,20.077369347490478
fast_stress_a0_to_3_p1500ps,x1.m25,VBS,0.0,0.0,5e-05,5e-05
fast_stress_a0_to_3_p1500ps,x1.m26,VGS,-1.8720567940512032,0.10944792318552343,16.515007189429408,10.13485935779589
fast_stress_a0_to_3_p1500ps,x1.m26,VGD,-1.820441479356681,1.9081911432553622,20.073369347490473,10.136859357795888
fast_stress_a0_to_3_p1500ps,x1.m26,VDS,-1.8358876145090082,0.030225639760127043,5.011055122783432,20.062369347490463
fast_stress_a0_to_3_p1500ps,x1.m26,VBS,0.0,0.0,5e-05,5e-05
fast_stress_a0_to_3_p1500ps,x1.m27,VGS,-0.0720567940512032,1.9094479231855235,16.515007189429408,10.13485935779589
fast_stress_a0_to_3_p1500ps,x1.m27,VGD,-1.820441479356681,1.9081911432553622,20.073369347490473,10.136859357795888
fast_stress_a0_to_3_p1500ps,x1.m27,VDS,-0.03588761450900809,1.830225639760127,5.011055122783432,20.062369347490463
fast_stress_a0_to_3_p1500ps,x1.m27,VBS,0.0,0.0,5e-05,5e-05
fast_stress_a0_to_3_p1500ps,x1.m28,VGS,-1.8304793875039522,0.06068789841434863,16.521554062658023,10.125859357795894
fast_stress_a0_to_3_p1500ps,x1.m28,VGD,-1.813394915998455,1.859932942753228,20.02667510249458,10.126859357795894
fast_stress_a0_to_3_p1500ps,x1.m28,VDS,-1.8165709617357186,0.016471346560070543,5.01697513967628,20.038259804879516
fast_stress_a0_to_3_p1500ps,x1.m28,VBS,0.0,0.0,5e-05,5e-05
fast_stress_a0_to_3_p1500ps,x1.m29,VGS,-0.030479387503952144,1.8606878984143487,16.521554062658023,10.125859357795894
fast_stress_a0_to_3_p1500ps,x1.m29,VGD,-1.813394915998455,1.859932942753228,20.02667510249458,10.126859357795894
fast_stress_a0_to_3_p1500ps,x1.m29,VDS,-0.01657096173571848,1.8164713465600706,5.01697513967628,20.038259804879516
fast_stress_a0_to_3_p1500ps,x1.m29,VBS,0.0,0.0,5e-05,5e-05
fast_stress_a0_to_3_p1500ps,x2.mp1,VGS,-1.8308050552477744,0.030590133908707573,5.03666345286244,10.07585935779592
fast_stress_a0_to_3_p1500ps,x2.mp1,VGD,-1.8280337932920703,1.8304837569306232,5.03766345286244,10.07685935779592
fast_stress_a0_to_3_p1500ps,x2.mp1,VDS,-1.8301449908164742,0.08263654957990707,10.159859357795877,5.08061834137086
fast_stress_a0_to_3_p1500ps,x2.mp1,VBS,0.0,0.0,5e-05,5e-05
fast_stress_a0_to_3_p1500ps,x2.mn1,VGS,-0.030805055247774327,1.8305901339087076,5.03666345286244,10.07585935779592
fast_stress_a0_to_3_p1500ps,x2.mn1,VGD,-1.8280337932920703,1.8304837569306232,5.03766345286244,10.07685935779592
fast_stress_a0_to_3_p1500ps,x2.mn1,VDS,-0.03014499081647413,1.8826365495799071,10.159859357795877,5.08061834137086
fast_stress_a0_to_3_p1500ps,x2.mn1,VBS,0.0,0.0,5e-05,5e-05
fast_stress_a0_to_3_p1500ps,x2.mp2,VGS,-1.8301449908164742,0.08263654957990707,10.159859357795877,5.08061834137086
fast_stress_a0_to_3_p1500ps,x2.mp2,VGD,-1.8291332248550143,1.880117411662763,10.159859357795877,5.08061834137086
fast_stress_a0_to_3_p1500ps,x2.mp2,VDS,-1.8256895934050674,0.027356523030247715,5.108421069499234,10.202859357795854
fast_stress_a0_to_3_p1500ps,x2.mp2,VBS,0.0,0.0,5e-05,5e-05
fast_stress_a0_to_3_p1500ps,x2.mn2,VGS,-0.03014499081647413,1.8826365495799071,10.159859357795877,5.08061834137086
fast_stress_a0_to_3_p1500ps,x2.mn2,VGD,-1.8291332248550143,1.880117411662763,10.159859357795877,5.08061834137086
fast_stress_a0_to_3_p1500ps,x2.mn2,VDS,-0.02568959340506748,1.8273565230302478,5.108421069499234,10.202859357795854
fast_stress_a0_to_3_p1500ps,x2.mn2,VBS,0.0,0.0,5e-05,5e-05
fast_stress_a0_to_3_p1500ps,x3.mp1,VGS,-1.8042306141697224,-0.9836748877748873,20.006029126295644,0.000747886184577555
fast_stress_a0_to_3_p1500ps,x3.mp1,VGD,-1.8038365019124138,0.01960764957130401,20.007029126295645,0.0004426495615080546
fast_stress_a0_to_3_p1500ps,x3.mp1,VDS,-1.033312563821847,0.00046272132547575673,0.0002108847276450903,4.994400774062011
fast_stress_a0_to_3_p1500ps,x3.mp1,VBS,0.0,0.0,5e-05,5e-05
fast_stress_a0_to_3_p1500ps,x3.mn1,VGS,-0.0042306141697222585,0.8163251122251127,20.006029126295644,0.000747886184577555
fast_stress_a0_to_3_p1500ps,x3.mn1,VGD,-1.8038365019124138,0.01960764957130401,20.007029126295645,0.0004426495615080546
fast_stress_a0_to_3_p1500ps,x3.mn1,VDS,0.766687436178153,1.8004627213254758,0.0002108847276450903,4.994400774062011
fast_stress_a0_to_3_p1500ps,x3.mn1,VBS,0.0,0.0,5e-05,5e-05
fast_stress_a0_to_3_p1500ps,x3.mp2,VGS,-1.033312563821847,0.00046272132547575673,0.0002108847276450903,4.994400774062011
fast_stress_a0_to_3_p1500ps,x3.mp2,VGD,0.7362333568175152,1.8003009454466854,0.00027078123677147845,4.994400774062011
fast_stress_a0_to_3_p1500ps,x3.mp2,VDS,-1.799871393238673,-1.7087162369765465,5.01697513967628,0.03170062072318642
fast_stress_a0_to_3_p1500ps,x3.mp2,VBS,0.0,0.0,5e-05,5e-05
fast_stress_a0_to_3_p1500ps,x3.mn2,VGS,0.766687436178153,1.8004627213254758,0.0002108847276450903,4.994400774062011
fast_stress_a0_to_3_p1500ps,x3.mn2,VGD,0.7362333568175152,1.8003009454466854,0.00027078123677147845,4.994400774062011
fast_stress_a0_to_3_p1500ps,x3.mn2,VDS,0.00012860676132705768,0.09128376302345356,5.01697513967628,0.03170062072318642
fast_stress_a0_to_3_p1500ps,x3.mn2,VBS,0.0,0.0,5e-05,5e-05
fast_stress_a0_to_3_p1500ps,x4.mp1,VGS,-1.833049022414247,0.029648578217870147,16.537301291091204,20.077369347490478
fast_stress_a0_to_3_p1500ps,x4.mp1,VGD,-1.8300923203597073,1.8295482703874408,16.538301291091205,20.07836934749048
fast_stress_a0_to_3_p1500ps,x4.mp1,VDS,-1.8310486475910586,0.08383236481404577,20.161369347490574,16.578226637545797
fast_stress_a0_to_3_p1500ps,x4.mp1,VBS,0.0,0.0,5e-05,5e-05
fast_stress_a0_to_3_p1500ps,x4.mn1,VGS,-0.033049022414246954,1.8296485782178702,16.537301291091204,20.077369347490478
fast_stress_a0_to_3_p1500ps,x4.mn1,VGD,-1.8300923203597073,1.8295482703874408,16.538301291091205,20.07836934749048
fast_stress_a0_to_3_p1500ps,x4.mn1,VDS,-0.03104864759105842,1.8838323648140458,20.161369347490574,16.578226637545797
fast_stress_a0_to_3_p1500ps,x4.mn1,VBS,0.0,0.0,5e-05,5e-05
fast_stress_a0_to_3_p1500ps,x4.mp2,VGS,-1.8310486475910586,0.08383236481404577,20.161369347490574,16.578226637545797
fast_stress_a0_to_3_p1500ps,x4.mp2,VGD,-1.830001915653796,1.8812544106215148,20.161369347490574,16.578226637545797
fast_stress_a0_to_3_p1500ps,x4.mp2,VDS,-1.8257797755708618,0.027408397635343862,16.606180502104124,20.203322998587346
fast_stress_a0_to_3_p1500ps,x4.mp2,VBS,0.0,0.0,5e-05,5e-05
fast_stress_a0_to_3_p1500ps,x4.mn2,VGS,-0.03104864759105842,1.8838323648140458,20.161369347490574,16.578226637545797
fast_stress_a0_to_3_p1500ps,x4.mn2,VGD,-1.830001915653796,1.8812544106215148,20.161369347490574,16.578226637545797
fast_stress_a0_to_3_p1500ps,x4.mn2,VDS,-0.02577977557086174,1.827408397635344,16.606180502104124,20.203322998587346
fast_stress_a0_to_3_p1500ps,x4.mn2,VBS,0.0,0.0,5e-05,5e-05
fast_stress_a0_to_3_p1500ps,x5.mp1,VGS,-1.8041909789286399,-0.9849050921511728,10.005859493059143,0.0036075589114383964
fast_stress_a0_to_3_p1500ps,x5.mp1,VGD,-1.8037993942580897,0.015351731336347929,10.006859493059142,0.0004426495615080546
fast_stress_a0_to_3_p1500ps,x5.mp1,VDS,-1.0337650300024461,0.00046129543322703803,0.0002108847276450903,4.994400774062011
fast_stress_a0_to_3_p1500ps,x5.mp1,VBS,0.0,0.0,5e-05,5e-05
fast_stress_a0_to_3_p1500ps,x5.mn1,VGS,-0.004190978928639804,0.8150949078488272,10.005859493059143,0.0036075589114383964
fast_stress_a0_to_3_p1500ps,x5.mn1,VGD,-1.8037993942580897,0.015351731336347929,10.006859493059142,0.0004426495615080546
fast_stress_a0_to_3_p1500ps,x5.mn1,VDS,0.7662349699975539,1.800461295433227,0.0002108847276450903,4.994400774062011
fast_stress_a0_to_3_p1500ps,x5.mn1,VBS,0.0,0.0,5e-05,5e-05
fast_stress_a0_to_3_p1500ps,x5.mp2,VGS,-1.0337650300024461,0.00046129543322703803,0.0002108847276450903,4.994400774062011
fast_stress_a0_to_3_p1500ps,x5.mp2,VGD,0.7357442719319212,1.8002995746743862,0.00027078123677147845,4.994400774062011
fast_stress_a0_to_3_p1500ps,x5.mp2,VDS,-1.7998715917571413,-1.7079297915757536,16.517554062658018,0.03170062072318642
fast_stress_a0_to_3_p1500ps,x5.mp2,VBS,0.0,0.0,5e-05,5e-05
fast_stress_a0_to_3_p1500ps,x5.mn2,VGS,0.7662349699975539,1.800461295433227,0.0002108847276450903,4.994400774062011
fast_stress_a0_to_3_p1500ps,x5.mn2,VGD,0.7357442719319212,1.8002995746743862,0.00027078123677147845,4.994400774062011
fast_stress_a0_to_3_p1500ps,x5.mn2,VDS,0.00012840824285873371,0.09207020842424647,16.517554062658018,0.03170062072318642
fast_stress_a0_to_3_p1500ps,x5.mn2,VBS,0.0,0.0,5e-05,5e-05
fast_stress_a1_to_0_p1500ps,x1.m1,VGS,-1.8,0.0,15.316433257040998,5e-05
fast_stress_a1_to_0_p1500ps,x1.m1,VGD,-1.9094400116020942,1.8716480003852234,20.134777416667095,5.014883662627647
fast_stress_a1_to_0_p1500ps,x1.m1,VDS,-1.8716480003852234,0.10944001160209416,5.014883662627647,20.134777416667095
fast_stress_a1_to_0_p1500ps,x1.m1,VBS,0.0,0.0,5e-05,5e-05
fast_stress_a1_to_0_p1500ps,x1.m2,VGS,0.0,1.8,15.316433257040998,5e-05
fast_stress_a1_to_0_p1500ps,x1.m2,VGD,-1.9094400116020942,1.8716480003852234,20.134777416667095,5.014883662627647
fast_stress_a1_to_0_p1500ps,x1.m2,VDS,-0.07164800038522345,1.9094400116020942,5.014883662627647,20.134777416667095
fast_stress_a1_to_0_p1500ps,x1.m2,VBS,0.0,0.0,5e-05,5e-05
fast_stress_a1_to_0_p1500ps,x1.m3,VGS,-1.8,-1.8,5e-05,5e-05
fast_stress_a1_to_0_p1500ps,x1.m3,VGD,-1.860736610016832,-0.5626157009869686,20.125777416667088,5e-05
fast_stress_a1_to_0_p1500ps,x1.m3,VDS,-1.2373842990130315,0.06073661001683206,5e-05,20.125777416667088
fast_stress_a1_to_0_p1500ps,x1.m3,VBS,0.0,0.0,5e-05,5e-05
fast_stress_a1_to_0_p1500ps,x1.m4,VGS,0.0,0.0,5e-05,5e-05
fast_stress_a1_to_0_p1500ps,x1.m4,VGD,-1.860736610016832,-0.5626157009869686,20.125777416667088,5e-05
fast_stress_a1_to_0_p1500ps,x1.m4,VDS,0.5626157009869686,1.860736610016832,5e-05,20.125777416667088
fast_stress_a1_to_0_p1500ps,x1.m4,VBS,0.0,0.0,5e-05,5e-05
fast_stress_a1_to_0_p1500ps,x1.m5,VGS,-1.8,0.0,5e-05,5.0125
fast_stress_a1_to_0_p1500ps,x1.m5,VGD,-1.8003251605218116,1.7999322790174468,15.784410838433352,17.726013336501243
fast_stress_a1_to_0_p1500ps,x1.m5,VDS,-1.8245386316620322,0.08117031341802017,20.000817763767973,16.513556318983362
fast_stress_a1_to_0_p1500ps,x1.m5,VBS,0.0,0.0,5e-05,5e-05
fast_stress_a1_to_0_p1500ps,x1.m6,VGS,0.08386155162543774,1.8419362096696608,15.519410838433052,20.00781776376798
fast_stress_a1_to_0_p1500ps,x1.m6,VGD,-0.25363387986128727,1.8182035987887428,5e-05,19.99981776376797
fast_stress_a1_to_0_p1500ps,x1.m6,VDS,2.543961221813983e-05,1.1890014805453581,17.669013336501177,16.52193564677443
fast_stress_a1_to_0_p1500ps,x1.m6,VBS,-1.720394854303897,0.0481154554626055,15.519410838433052,20.00681776376798
fast_stress_a1_to_0_p1500ps,x1.m7,VGS,-1.2806241528699507,1.863854206697858,4.998331596145631,20.009817763767984
fast_stress_a1_to_0_p1500ps,x1.m7,VGD,-1.383780376346234,1.828379774410065,15.25949076795349,20.00581776376798
fast_stress_a1_to_0_p1500ps,x1.m7,VDS,-0.06799804773364437,1.4329773485557205,0.0377565180927079,10.009104747382198
fast_stress_a1_to_0_p1500ps,x1.m7,VBS,-1.3007585902294008,0.0833617511957849,15.353497729720182,20.008817763767983
fast_stress_a1_to_0_p1500ps,x1.m8,VGS,0.0,1.8,5e-05,5.0125
fast_stress_a1_to_0_p1500ps,x1.m8,VGD,-1.3007585902294008,1.7999831436202112,15.353497729720182,6.344777098349086
fast_stress_a1_to_0_p1500ps,x1.m8,VDS,-0.0833617511957849,1.3007585902294008,20.008817763767983,15.353497729720182
fast_stress_a1_to_0_p1500ps,x1.m8,VBS,0.0,0.0,5e-05,5e-05
fast_stress_a1_to_0_p1500ps,x1.m9,VGS,-1.8245386316620322,0.08117031341802017,20.000817763767973,16.513556318983362
fast_stress_a1_to_0_p1500ps,x1.m9,VGD,-1.8201814327923553,1.8796327763692575,20.001817763767974,16.51432241908125
fast_stress_a1_to_0_p1500ps,x1.m9,VDS,-1.8309622194429196,0.030577715291503216,16.53643255966902,20.07577741666703
fast_stress_a1_to_0_p1500ps,x1.m9,VBS,0.0,0.0,5e-05,5e-05
fast_stress_a1_to_0_p1500ps,x1.m10,VGS,-0.024538631662032198,1.8811703134180202,20.000817763767973,16.513556318983362
fast_stress_a1_to_0_p1500ps,x1.m10,VGD,-1.8201814327923553,1.8796327763692575,20.001817763767974,16.51432241908125
fast_stress_a1_to_0_p1500ps,x1.m10,VDS,-0.03096221944291961,1.8305777152915033,16.53643255966902,20.07577741666703
fast_stress_a1_to_0_p1500ps,x1.m10,VBS,0.0,0.0,5e-05,5e-05
fast_stress_a1_to_0_p1500ps,x1.m11,VGS,-1.8,0.0,5e-05,5.0125
fast_stress_a1_to_0_p1500ps,x1.m11,VGD,-1.8004058100742,1.7999322027493574,15.3854108384329,6.3467770983490865
fast_stress_a1_to_0_p1500ps,x1.m11,VDS,-1.8243921947863972,0.08382218396017427,10.001104747382202,5.014883662627647
fast_stress_a1_to_0_p1500ps,x1.m11,VBS,0.0,0.0,5e-05,5e-05
fast_stress_a1_to_0_p1500ps,x1.m12,VGS,0.3884278624741594,1.840973497752443,5e-05,10.007104747382199
fast_stress_a1_to_0_p1500ps,x1.m12,VGD,-0.25376602181189667,1.81815974425364,5e-05,10.000104747382203
fast_stress_a1_to_0_p1500ps,x1.m12,VDS,2.5472409771076787e-05,1.1978740564351034,6.353777098349088,5.022291883566201
fast_stress_a1_to_0_p1500ps,x1.m12,VBS,-1.3494226726137208,0.04706195743549063,25.0,10.007104747382199
fast_stress_a1_to_0_p1500ps,x1.m13,VGS,-1.2195017296455082,1.8717630536799508,16.499215206442557,10.012104747382196
fast_stress_a1_to_0_p1500ps,x1.m13,VGD,-1.3492768639502246,1.8339470918255156,25.0,10.008104747382198
fast_stress_a1_to_0_p1500ps,x1.m13,VDS,-0.07809117098246143,1.4015628092497912,15.3864108384329,20.009817763767984
fast_stress_a1_to_0_p1500ps,x1.m13,VBS,-1.3007585902294008,0.0833617511957849,15.353497729720182,20.008817763767983
fast_stress_a1_to_0_p1500ps,x1.m14,VGS,-1.8243921947863972,0.08382218396017427,10.001104747382202,5.014883662627647
fast_stress_a1_to_0_p1500ps,x1.m14,VGD,-1.8201071632052694,1.8825288058887248,10.002104747382202,5.015562936697854
fast_stress_a1_to_0_p1500ps,x1.m14,VDS,-1.8319066384068934,0.02968466939296177,5.036962870447627,10.077066341101172
fast_stress_a1_to_0_p1500ps,x1.m14,VBS,0.0,0.0,5e-05,5e-05
fast_stress_a1_to_0_p1500ps,x1.m15,VGS,-0.024392194786397148,1.8838221839601743,10.001104747382202,5.014883662627647
fast_stress_a1_to_0_p1500ps,x1.m15,VGD,-1.8201071632052694,1.8825288058887248,10.002104747382202,5.015562936697854
fast_stress_a1_to_0_p1500ps,x1.m15,VDS,-0.03190663840689342,1.8296846693929618,5.036962870447627,10.077066341101172
fast_stress_a1_to_0_p1500ps,x1.m15,VBS,0.0,0.0,5e-05,5e-05
fast_stress_a1_to_0_p1500ps,x1.m16,VGS,-1.8,0.0,5e-05,5.0125
fast_stress_a1_to_0_p1500ps,x1.m16,VGD,-1.8000054134050636,-0.07065743224757104,15.25849076795349,9.987500000000002
fast_stress_a1_to_0_p1500ps,x1.m16,VDS,-1.0095220780993213,0.08030585462894546,0.0001726078038779499,16.645013336500018
fast_stress_a1_to_0_p1500ps,x1.m16,VBS,0.0,0.0,5e-05,5e-05
fast_stress_a1_to_0_p1500ps,x1.m17,VGS,-1.1806677329878896,0.53192298113322,25.0,0.015756518092707877
fast_stress_a1_to_0_p1500ps,x1.m17,VGD,-1.8960292668996668,-0.25083970193417826,5.017291883566199,0.00975651809270788
fast_stress_a1_to_0_p1500ps,x1.m17,VDS,0.5929412828944864,1.8902334506127105,0.00026017902269989766,19.995817763767967
fast_stress_a1_to_0_p1500ps,x1.m17,VBS,-1.1808117261598805,0.08119904308664375,25.0,20.011817763767986
fast_stress_a1_to_0_p1500ps,x1.m18,VGS,-1.2806241528699507,1.863854206697858,4.998331596145631,20.009817763767984
fast_stress_a1_to_0_p1500ps,x1.m18,VGD,-0.061593478861342546,1.8640069292670245,5.014413139567241,20.013422664327354
fast_stress_a1_to_0_p1500ps,x1.m18,VDS,-1.2834086352917824,0.4338244444539695,4.998331596145631,16.512011629885702
fast_stress_a1_to_0_p1500ps,x1.m18,VBS,-1.3007585902294008,0.0833617511957849,15.353497729720182,20.008817763767983
fast_stress_a1_to_0_p1500ps,x1.m19,VGS,-1.0095220780993213,0.08030585462894546,0.0001726078038779499,16.645013336500018
fast_stress_a1_to_0_p1500ps,x1.m19,VGD,0.006579133772508294,1.8802490453852359,0.0004236642174155652,16.64601333650002
fast_stress_a1_to_0_p1500ps,x1.m19,VDS,-1.8042215156914687,-0.9848806077125823,20.00581776376798,0.0036611447870281335
fast_stress_a1_to_0_p1500ps,x1.m19,VBS,0.0,0.0,5e-05,5e-05
fast_stress_a1_to_0_p1500ps,x1.m20,VGS,0.7904779219006789,1.8803058546289455,0.0001726078038779499,16.645013336500018
fast_stress_a1_to_0_p1500ps,x1.m20,VGD,0.006579133772508294,1.8802490453852359,0.0004236642174155652,16.64601333650002
fast_stress_a1_to_0_p1500ps,x1.m20,VDS,-0.004221515691468707,0.8151193922874177,20.00581776376798,0.0036611447870281335
fast_stress_a1_to_0_p1500ps,x1.m20,VBS,0.0,0.0,5e-05,5e-05
fast_stress_a1_to_0_p1500ps,x1.m21,VGS,-1.8,0.0,5e-05,5.0125
fast_stress_a1_to_0_p1500ps,x1.m21,VGD,-1.8000450130590318,-0.0710818428151232,15.423410838432943,9.987500000000002
fast_stress_a1_to_0_p1500ps,x1.m21,VDS,-1.009209243470006,0.08031542938432068,0.0001726078038779499,5.143777098348718
fast_stress_a1_to_0_p1500ps,x1.m21,VBS,0.0,0.0,5e-05,5e-05
fast_stress_a1_to_0_p1500ps,x1.m22,VGS,-1.200267955873905,0.47492572560077634,15.337497729720164,0.01075651809270788
fast_stress_a1_to_0_p1500ps,x1.m22,VGD,-1.89602121713471,-0.25027604710121987,5.017291883566199,0.00975651809270788
fast_stress_a1_to_0_p1500ps,x1.m22,VDS,0.5991735250978518,1.887538140896795,15.337497729720164,9.995104747382205
fast_stress_a1_to_0_p1500ps,x1.m22,VBS,-1.200832217359642,0.0787320341866632,15.337497729720164,10.011104747382197
fast_stress_a1_to_0_p1500ps,x1.m23,VGS,-1.2195017296455082,1.8717630536799508,16.499215206442557,10.012104747382196
fast_stress_a1_to_0_p1500ps,x1.m23,VGD,-0.8332525672233588,1.8735262856362793,16.511050845245204,10.013811899721095
fast_stress_a1_to_0_p1500ps,x1.m23,VDS,-0.41464160069198686,0.8929103169745747,16.498215206442556,20.009817763767984
fast_stress_a1_to_0_p1500ps,x1.m23,VBS,-1.3007585902294008,0.0833617511957849,15.353497729720182,20.008817763767983
fast_stress_a1_to_0_p1500ps,x1.m24,VGS,-1.009209243470006,0.08031542938432068,0.0001726078038779499,5.143777098348718
fast_stress_a1_to_0_p1500ps,x1.m24,VGD,0.006939952047822828,1.8802586206035492,0.0004236642174155652,5.144777098348717
fast_stress_a1_to_0_p1500ps,x1.m24,VDS,-1.8042325585239265,-0.9851294083512336,20.00581776376798,0.0036611447870281335
fast_stress_a1_to_0_p1500ps,x1.m24,VBS,0.0,0.0,5e-05,5e-05
fast_stress_a1_to_0_p1500ps,x1.m25,VGS,0.7907907565299941,1.8803154293843207,0.0001726078038779499,5.143777098348718
fast_stress_a1_to_0_p1500ps,x1.m25,VGD,0.006939952047822828,1.8802586206035492,0.0004236642174155652,5.144777098348717
fast_stress_a1_to_0_p1500ps,x1.m25,VDS,-0.00423255852392651,0.8148705916487664,20.00581776376798,0.0036611447870281335
fast_stress_a1_to_0_p1500ps,x1.m25,VBS,0.0,0.0,5e-05,5e-05
fast_stress_a1_to_0_p1500ps,x1.m26,VGS,-1.8716480003852234,0.10944001160209416,5.014883662627647,20.134777416667095
fast_stress_a1_to_0_p1500ps,x1.m26,VGD,-1.8207019698254887,1.9081806587106047,10.072066341101175,20.136777416667098
fast_stress_a1_to_0_p1500ps,x1.m26,VDS,-1.8339215756400296,0.059339487273220026,16.511050845245204,15.335497729720162
fast_stress_a1_to_0_p1500ps,x1.m26,VBS,0.0,0.0,5e-05,5e-05
fast_stress_a1_to_0_p1500ps,x1.m27,VGS,-0.07164800038522345,1.9094400116020942,5.014883662627647,20.134777416667095
fast_stress_a1_to_0_p1500ps,x1.m27,VGD,-1.8207019698254887,1.9081806587106047,10.072066341101175,20.136777416667098
fast_stress_a1_to_0_p1500ps,x1.m27,VDS,-0.03392157564002952,1.85933948727322,16.511050845245204,15.335497729720162
fast_stress_a1_to_0_p1500ps,x1.m27,VBS,0.0,0.0,5e-05,5e-05
fast_stress_a1_to_0_p1500ps,x1.m28,VGS,-1.2373842990130315,0.06073661001683206,5e-05,20.125777416667088
fast_stress_a1_to_0_p1500ps,x1.m28,VGD,0.11526782866516982,1.8599827809939382,0.00975651809270788,20.12677741666709
fast_stress_a1_to_0_p1500ps,x1.m28,VDS,-1.8166526213173033,-1.0520443543382898,5.017291883566199,0.013756518092707878
fast_stress_a1_to_0_p1500ps,x1.m28,VBS,0.0,0.0,5e-05,5e-05
fast_stress_a1_to_0_p1500ps,x1.m29,VGS,0.5626157009869686,1.860736610016832,5e-05,20.125777416667088
fast_stress_a1_to_0_p1500ps,x1.m29,VGD,0.11526782866516982,1.8599827809939382,0.00975651809270788,20.12677741666709
fast_stress_a1_to_0_p1500ps,x1.m29,VDS,-0.016652621317303162,0.7479556456617104,5.017291883566199,0.013756518092707878
fast_stress_a1_to_0_p1500ps,x1.m29,VBS,0.0,0.0,5e-05,5e-05
fast_stress_a1_to_0_p1500ps,x2.mp1,VGS,-1.8309622194429196,0.030577715291503216,16.53643255966902,20.07577741666703
fast_stress_a1_to_0_p1500ps,x2.mp1,VGD,-1.8281566265875087,1.8304723192492243,16.53643255966902,20.07677741666703
fast_stress_a1_to_0_p1500ps,x2.mp1,VDS,-1.830154237630734,0.08266251503997535,20.159777416667126,16.57943255966907
fast_stress_a1_to_0_p1500ps,x2.mp1,VBS,0.0,0.0,5e-05,5e-05
fast_stress_a1_to_0_p1500ps,x2.mn1,VGS,-0.03096221944291961,1.8305777152915033,16.53643255966902,20.07577741666703
fast_stress_a1_to_0_p1500ps,x2.mn1,VGD,-1.8281566265875087,1.8304723192492243,16.53643255966902,20.07677741666703
fast_stress_a1_to_0_p1500ps,x2.mn1,VDS,-0.03015423763073398,1.8826625150399754,20.159777416667126,16.57943255966907
fast_stress_a1_to_0_p1500ps,x2.mn1,VBS,0.0,0.0,5e-05,5e-05
fast_stress_a1_to_0_p1500ps,x2.mp2,VGS,-1.830154237630734,0.08266251503997535,20.159777416667126,16.57943255966907
fast_stress_a1_to_0_p1500ps,x2.mp2,VGD,-1.8291414447081185,1.8801440195261216,20.159777416667126,16.57943255966907
fast_stress_a1_to_0_p1500ps,x2.mp2,VDS,-1.8256996583795178,0.0273597590694854,16.60733354687082,20.202777416667175
fast_stress_a1_to_0_p1500ps,x2.mp2,VBS,0.0,0.0,5e-05,5e-05
fast_stress_a1_to_0_p1500ps,x2.mn2,VGS,-0.03015423763073398,1.8826625150399754,20.159777416667126,16.57943255966907
fast_stress_a1_to_0_p1500ps,x2.mn2,VGD,-1.8291414447081185,1.8801440195261216,20.159777416667126,16.57943255966907
fast_stress_a1_to_0_p1500ps,x2.mn2,VDS,-0.025699658379517692,1.8273597590694854,16.60733354687082,20.202777416667175
fast_stress_a1_to_0_p1500ps,x2.mn2,VBS,0.0,0.0,5e-05,5e-05
fast_stress_a1_to_0_p1500ps,x3.mp1,VGS,-1.8319066384068934,0.02968466939296177,5.036962870447627,10.077066341101172
fast_stress_a1_to_0_p1500ps,x3.mp1,VGD,-1.82904928013093,1.8295842367620643,5.037962870447627,10.077066341101172
fast_stress_a1_to_0_p1500ps,x3.mp1,VDS,-1.830285665081806,0.08371063632233633,10.16106634110113,5.07896287044764
fast_stress_a1_to_0_p1500ps,x3.mp1,VBS,0.0,0.0,5e-05,5e-05
fast_stress_a1_to_0_p1500ps,x3.mn1,VGS,-0.03190663840689342,1.8296846693929618,5.036962870447627,10.077066341101172
fast_stress_a1_to_0_p1500ps,x3.mn1,VGD,-1.82904928013093,1.8295842367620643,5.037962870447627,10.077066341101172
fast_stress_a1_to_0_p1500ps,x3.mn1,VDS,-0.03028566508180588,1.8837106363223364,10.16106634110113,5.07896287044764
fast_stress_a1_to_0_p1500ps,x3.mn1,VBS,0.0,0.0,5e-05,5e-05
fast_stress_a1_to_0_p1500ps,x3.mp2,VGS,-1.830285665081806,0.08371063632233633,10.16106634110113,5.07896287044764
fast_stress_a1_to_0_p1500ps,x3.mp2,VGD,-1.8292647298158082,1.8811145767891317,10.16106634110113,5.07896287044764
fast_stress_a1_to_0_p1500ps,x3.mp2,VDS,-1.8257698364863075,0.027355240866014263,5.106870646071324,10.203996302067614
fast_stress_a1_to_0_p1500ps,x3.mp2,VBS,0.0,0.0,5e-05,5e-05
fast_stress_a1_to_0_p1500ps,x3.mn2,VGS,-0.03028566508180588,1.8837106363223364,10.16106634110113,5.07896287044764
fast_stress_a1_to_0_p1500ps,x3.mn2,VGD,-1.8292647298158082,1.8811145767891317,10.16106634110113,5.07896287044764
fast_stress_a1_to_0_p1500ps,x3.mn2,VDS,-0.025769836486307443,1.8273552408660143,5.106870646071324,10.203996302067614
fast_stress_a1_to_0_p1500ps,x3.mn2,VBS,0.0,0.0,5e-05,5e-05
fast_stress_a1_to_0_p1500ps,x4.mp1,VGS,-1.8042325585239265,-0.9851294083512336,20.00581776376798,0.0036611447870281335
fast_stress_a1_to_0_p1500ps,x4.mp1,VGD,-1.8038382769312011,0.015855921531817252,20.00681776376798,0.0004236642174155652
fast_stress_a1_to_0_p1500ps,x4.mp1,VDS,-1.03364084235422,0.0004617339894961159,0.00020602795577447965,16.49421520644255
fast_stress_a1_to_0_p1500ps,x4.mp1,VBS,0.0,0.0,5e-05,5e-05
fast_stress_a1_to_0_p1500ps,x4.mn1,VGS,-0.00423255852392651,0.8148705916487664,20.00581776376798,0.0036611447870281335
fast_stress_a1_to_0_p1500ps,x4.mn1,VGD,-1.8038382769312011,0.015855921531817252,20.00681776376798,0.0004236642174155652
fast_stress_a1_to_0_p1500ps,x4.mn1,VDS,0.76635915764578,1.8004617339894962,0.00020602795577447965,16.49421520644255
fast_stress_a1_to_0_p1500ps,x4.mn1,VBS,0.0,0.0,5e-05,5e-05
fast_stress_a1_to_0_p1500ps,x4.mp2,VGS,-1.03364084235422,0.0004617339894961159,0.00020602795577447965,16.49421520644255
fast_stress_a1_to_0_p1500ps,x4.mp2,VGD,0.7357884760101969,1.8002998981109044,0.00026017902269989766,16.49421520644255
fast_stress_a1_to_0_p1500ps,x4.mp2,VDS,-1.7998702771184338,-1.707971774254178,5.017291883566199,0.03175651809270789
fast_stress_a1_to_0_p1500ps,x4.mp2,VBS,0.0,0.0,5e-05,5e-05
fast_stress_a1_to_0_p1500ps,x4.mn2,VGS,0.76635915764578,1.8004617339894962,0.00020602795577447965,16.49421520644255
fast_stress_a1_to_0_p1500ps,x4.mn2,VGD,0.7357884760101969,1.8002998981109044,0.00026017902269989766,16.49421520644255
fast_stress_a1_to_0_p1500ps,x4.mn2,VDS,0.0001297228815661448,0.09202822574582208,5.017291883566199,0.03175651809270789
fast_stress_a1_to_0_p1500ps,x4.mn2,VBS,0.0,0.0,5e-05,5e-05
fast_stress_a1_to_0_p1500ps,x5.mp1,VGS,-1.8042215156914687,-0.9848806077125823,20.00581776376798,0.0036611447870281335
fast_stress_a1_to_0_p1500ps,x5.mp1,VGD,-1.803828994162407,0.01561636154556334,20.00681776376798,0.0004236642174155652
fast_stress_a1_to_0_p1500ps,x5.mp1,VDS,-1.0336489326025444,0.000461735967282495,0.00020602795577447965,16.49421520644255
fast_stress_a1_to_0_p1500ps,x5.mp1,VBS,0.0,0.0,5e-05,5e-05
fast_stress_a1_to_0_p1500ps,x5.mn1,VGS,-0.004221515691468707,0.8151193922874177,20.00581776376798,0.0036611447870281335
fast_stress_a1_to_0_p1500ps,x5.mn1,VGD,-1.803828994162407,0.01561636154556334,20.00681776376798,0.0004236642174155652
fast_stress_a1_to_0_p1500ps,x5.mn1,VDS,0.7663510673974555,1.8004617359672825,0.00020602795577447965,16.49421520644255
fast_stress_a1_to_0_p1500ps,x5.mn1,VBS,0.0,0.0,5e-05,5e-05
fast_stress_a1_to_0_p1500ps,x5.mp2,VGS,-1.0336489326025444,0.000461735967282495,0.00020602795577447965,16.49421520644255
fast_stress_a1_to_0_p1500ps,x5.mp2,VGD,0.735776406720739,1.8002998999972495,0.00026017902269989766,16.49421520644255
fast_stress_a1_to_0_p1500ps,x5.mp2,VDS,-1.7998703075827613,-1.70793377650665,5.017291883566199,0.03175651809270789
fast_stress_a1_to_0_p1500ps,x5.mp2,VBS,0.0,0.0,5e-05,5e-05
fast_stress_a1_to_0_p1500ps,x5.mn2,VGS,0.7663510673974555,1.8004617359672825,0.00020602795577447965,16.49421520644255
fast_stress_a1_to_0_p1500ps,x5.mn2,VGD,0.735776406720739,1.8002998999972495,0.00026017902269989766,16.49421520644255
fast_stress_a1_to_0_p1500ps,x5.mn2,VDS,0.0001296924172387755,0.09206622349334999,5.017291883566199,0.03175651809270789
fast_stress_a1_to_0_p1500ps,x5.mn2,VBS,0.0,0.0,5e-05,5e-05
fast_stress_a1_to_2_p1500ps,x1.m1,VGS,-1.8,0.0,15.316433257040998,5e-05
fast_stress_a1_to_2_p1500ps,x1.m1,VGD,-1.9078640200257715,1.8716480003852234,20.133777416667098,5.014883662627647
fast_stress_a1_to_2_p1500ps,x1.m1,VDS,-1.8716480003852234,0.10786402002577145,5.014883662627647,20.133777416667098
fast_stress_a1_to_2_p1500ps,x1.m1,VBS,0.0,0.0,5e-05,5e-05
fast_stress_a1_to_2_p1500ps,x1.m2,VGS,0.0,1.8,15.316433257040998,5e-05
fast_stress_a1_to_2_p1500ps,x1.m2,VGD,-1.9078640200257715,1.8716480003852234,20.133777416667098,5.014883662627647
fast_stress_a1_to_2_p1500ps,x1.m2,VDS,-0.07164800038522345,1.9078640200257715,5.014883662627647,20.133777416667098
fast_stress_a1_to_2_p1500ps,x1.m2,VBS,0.0,0.0,5e-05,5e-05
fast_stress_a1_to_2_p1500ps,x1.m3,VGS,-1.8,0.0,5e-05,15.348222754591994
fast_stress_a1_to_2_p1500ps,x1.m3,VGD,-1.860101948101857,1.8317548063060636,10.128066341101146,16.52106594788063
fast_stress_a1_to_2_p1500ps,x1.m3,VDS,-1.8317548063060636,0.06010194810185698,16.52106594788063,10.128066341101146
fast_stress_a1_to_2_p1500ps,x1.m3,VBS,0.0,0.0,5e-05,5e-05
fast_stress_a1_to_2_p1500ps,x1.m4,VGS,0.0,1.8,5e-05,15.348222754591994
fast_stress_a1_to_2_p1500ps,x1.m4,VGD,-1.860101948101857,1.8317548063060636,10.128066341101146,16.52106594788063
fast_stress_a1_to_2_p1500ps,x1.m4,VDS,-0.03175480630606348,1.860101948101857,16.52106594788063,10.128066341101146
fast_stress_a1_to_2_p1500ps,x1.m4,VBS,0.0,0.0,5e-05,5e-05
fast_stress_a1_to_2_p1500ps,x1.m5,VGS,-1.8,0.0,5e-05,5.0125
fast_stress_a1_to_2_p1500ps,x1.m5,VGD,-1.8007385362395483,-0.0635500175034216,15.252806432930036,9.987500000000002
fast_stress_a1_to_2_p1500ps,x1.m5,VDS,-0.9977382685234532,0.08027101458245411,0.00020602795577447965,16.64961251524808
fast_stress_a1_to_2_p1500ps,x1.m5,VBS,0.0,0.0,5e-05,5e-05
fast_stress_a1_to_2_p1500ps,x1.m6,VGS,-1.3651113471687821,0.7680832782596063,15.656147630421431,0.07275651809270792
fast_stress_a1_to_2_p1500ps,x1.m6,VGD,-1.9104139509882123,0.06151667013865625,16.52106594788063,10.124066341101148
fast_stress_a1_to_2_p1500ps,x1.m6,VDS,0.4240787616285251,1.8902712051116242,10.014922568233985,19.99581753463025
fast_stress_a1_to_2_p1500ps,x1.m6,VBS,-1.3721332093535166,0.08108879510187597,15.230907137231867,20.011817534630268
fast_stress_a1_to_2_p1500ps,x1.m7,VGS,-1.2806241528699507,1.8637778968141376,4.998331596145631,20.009817534630265
fast_stress_a1_to_2_p1500ps,x1.m7,VGD,-1.3900961200504507,1.8639426023205623,15.258806432930042,20.013231232281736
fast_stress_a1_to_2_p1500ps,x1.m7,VDS,-0.06799804773364437,1.4329773485557205,0.0377565180927079,10.009104747382198
fast_stress_a1_to_2_p1500ps,x1.m7,VBS,-1.30229876088926,0.08325163802613128,16.49843738735389,20.008817534630264
fast_stress_a1_to_2_p1500ps,x1.m8,VGS,0.0,1.8,5e-05,5.0125
fast_stress_a1_to_2_p1500ps,x1.m8,VGD,-1.2961319859956846,1.7999831436202112,15.352147630421086,6.344777098349086
fast_stress_a1_to_2_p1500ps,x1.m8,VDS,-0.08325163802613128,1.30229876088926,20.008817534630264,16.49843738735389
fast_stress_a1_to_2_p1500ps,x1.m8,VBS,0.0,0.0,5e-05,5e-05
fast_stress_a1_to_2_p1500ps,x1.m9,VGS,-0.9977382685234532,0.08027101458245411,0.00020602795577447965,16.64961251524808
fast_stress_a1_to_2_p1500ps,x1.m9,VGD,0.012196098225947805,1.8802141711548181,0.0004236642174155652,16.65061251524808
fast_stress_a1_to_2_p1500ps,x1.m9,VDS,-1.8042290486492503,-0.9841080946075039,20.00581753463026,0.0007212233472530373
fast_stress_a1_to_2_p1500ps,x1.m9,VBS,0.0,0.0,5e-05,5e-05
fast_stress_a1_to_2_p1500ps,x1.m10,VGS,0.8022617314765469,1.8802710145824542,0.00020602795577447965,16.64961251524808
fast_stress_a1_to_2_p1500ps,x1.m10,VGD,0.012196098225947805,1.8802141711548181,0.0004236642174155652,16.65061251524808
fast_stress_a1_to_2_p1500ps,x1.m10,VDS,-0.004229048649250302,0.8158919053924961,20.00581753463026,0.0007212233472530373
fast_stress_a1_to_2_p1500ps,x1.m10,VBS,0.0,0.0,5e-05,5e-05
fast_stress_a1_to_2_p1500ps,x1.m11,VGS,-1.8,0.0,5e-05,5.0125
fast_stress_a1_to_2_p1500ps,x1.m11,VGD,-1.800205164269998,1.7999322027493574,15.250806432930034,6.3467770983490865
fast_stress_a1_to_2_p1500ps,x1.m11,VDS,-1.8243921947863972,0.08382218396017427,10.001104747382202,5.014883662627647
fast_stress_a1_to_2_p1500ps,x1.m11,VBS,0.0,0.0,5e-05,5e-05
fast_stress_a1_to_2_p1500ps,x1.m12,VGS,-0.6010522006495597,1.840973497752443,15.379147630421118,10.007104747382199
fast_stress_a1_to_2_p1500ps,x1.m12,VGD,-1.9103968006191483,1.81815974425364,16.52106594788063,10.000104747382203
fast_stress_a1_to_2_p1500ps,x1.m12,VDS,2.5472409771076787e-05,1.3337377162137154,6.353777098349088,16.51430951945027
fast_stress_a1_to_2_p1500ps,x1.m12,VBS,-1.2502663600250428,0.04706195743549063,15.260806432930044,10.007104747382199
fast_stress_a1_to_2_p1500ps,x1.m13,VGS,-1.2993379953866742,1.8717630536799508,16.49843738735389,10.012104747382196
fast_stress_a1_to_2_p1500ps,x1.m13,VGD,-0.583849300452122,1.8339470918255156,16.51129921689877,10.008104747382198
fast_stress_a1_to_2_p1500ps,x1.m13,VDS,-0.7470198361873104,0.6393654854567785,16.49843738735389,20.009817534630265
fast_stress_a1_to_2_p1500ps,x1.m13,VBS,-1.30229876088926,0.08325163802613128,16.49843738735389,20.008817534630264
fast_stress_a1_to_2_p1500ps,x1.m14,VGS,-1.8243921947863972,0.08382218396017427,10.001104747382202,5.014883662627647
fast_stress_a1_to_2_p1500ps,x1.m14,VGD,-1.8201071632052694,1.8825288058887248,10.002104747382202,5.015562936697854
fast_stress_a1_to_2_p1500ps,x1.m14,VDS,-1.8319066384068934,0.02968466939296177,5.036962870447627,10.077066341101172
fast_stress_a1_to_2_p1500ps,x1.m14,VBS,0.0,0.0,5e-05,5e-05
fast_stress_a1_to_2_p1500ps,x1.m15,VGS,-0.024392194786397148,1.8838221839601743,10.001104747382202,5.014883662627647
fast_stress_a1_to_2_p1500ps,x1.m15,VGD,-1.8201071632052694,1.8825288058887248,10.002104747382202,5.015562936697854
fast_stress_a1_to_2_p1500ps,x1.m15,VDS,-0.03190663840689342,1.8296846693929618,5.036962870447627,10.077066341101172
fast_stress_a1_to_2_p1500ps,x1.m15,VBS,0.0,0.0,5e-05,5e-05
fast_stress_a1_to_2_p1500ps,x1.m16,VGS,-1.8,0.0,5e-05,5.0125
fast_stress_a1_to_2_p1500ps,x1.m16,VGD,-1.842545376986582,1.7999321638419086,15.379147630421118,17.916612515249515
fast_stress_a1_to_2_p1500ps,x1.m16,VDS,-1.8244408039600146,0.08329675664893332,20.000817534630254,16.515414755705777
fast_stress_a1_to_2_p1500ps,x1.m16,VBS,0.0,0.0,5e-05,5e-05
fast_stress_a1_to_2_p1500ps,x1.m17,VGS,-0.09986133649981374,1.8444691086926464,15.339196933453477,20.007817534630263
fast_stress_a1_to_2_p1500ps,x1.m17,VGD,-1.8960292668996668,1.8186070493159066,5.017291883566199,20.000817534630254
fast_stress_a1_to_2_p1500ps,x1.m17,VDS,2.5472423305639147e-05,1.8898487335205978,17.820612515249408,5.015562936697854
fast_stress_a1_to_2_p1500ps,x1.m17,VBS,-1.2545765021333972,0.04780680195362405,16.507299216898765,20.00681753463026
fast_stress_a1_to_2_p1500ps,x1.m18,VGS,-1.2806241528699507,1.8637778968141376,4.998331596145631,20.009817534630265
fast_stress_a1_to_2_p1500ps,x1.m18,VGD,-0.061593478861342546,1.8281334865543926,5.014413139567241,20.00581753463026
fast_stress_a1_to_2_p1500ps,x1.m18,VDS,-1.2834086352917824,0.5902067792069338,4.998331596145631,16.512913116915236
fast_stress_a1_to_2_p1500ps,x1.m18,VBS,-1.30229876088926,0.08325163802613128,16.49843738735389,20.008817534630264
fast_stress_a1_to_2_p1500ps,x1.m19,VGS,-1.8244408039600146,0.08329675664893332,20.000817534630254,16.515414755705777
fast_stress_a1_to_2_p1500ps,x1.m19,VGD,-1.8201028313237437,1.8821367182901703,20.001817534630256,16.515414755705777
fast_stress_a1_to_2_p1500ps,x1.m19,VDS,-1.8316852521400084,0.030530752803016092,16.53780111912071,20.07677741666703
fast_stress_a1_to_2_p1500ps,x1.m19,VBS,0.0,0.0,5e-05,5e-05
fast_stress_a1_to_2_p1500ps,x1.m20,VGS,-0.024440803960014662,1.8832967566489334,20.000817534630254,16.515414755705777
fast_stress_a1_to_2_p1500ps,x1.m20,VGD,-1.8201028313237437,1.8821367182901703,20.001817534630256,16.515414755705777
fast_stress_a1_to_2_p1500ps,x1.m20,VDS,-0.031685252140008335,1.8305307528030161,16.53780111912071,20.07677741666703
fast_stress_a1_to_2_p1500ps,x1.m20,VBS,0.0,0.0,5e-05,5e-05
fast_stress_a1_to_2_p1500ps,x1.m21,VGS,-1.8,0.0,5e-05,5.0125
fast_stress_a1_to_2_p1500ps,x1.m21,VGD,-1.8440047654920062,-0.05927649158189441,15.390147630421131,19.9875
fast_stress_a1_to_2_p1500ps,x1.m21,VDS,-1.009209243470006,0.08031542938432068,0.0001726078038779499,5.143777098348718
fast_stress_a1_to_2_p1500ps,x1.m21,VBS,0.0,0.0,5e-05,5e-05
fast_stress_a1_to_2_p1500ps,x1.m22,VGS,-1.2068188886376217,0.6039920962220728,15.322196933453458,15.465147630421216
fast_stress_a1_to_2_p1500ps,x1.m22,VGD,-1.89602121713471,0.034911422912033085,5.017291883566199,20.022966165153676
fast_stress_a1_to_2_p1500ps,x1.m22,VDS,0.4494246080356896,1.887538140896795,20.014690756439464,9.995104747382205
fast_stress_a1_to_2_p1500ps,x1.m22,VBS,-1.3502623586185996,0.0787320341866632,25.0,10.011104747382197
fast_stress_a1_to_2_p1500ps,x1.m23,VGS,-1.2993379953866742,1.8717630536799508,16.49843738735389,10.012104747382196
fast_stress_a1_to_2_p1500ps,x1.m23,VGD,-1.350116537560636,1.8735262856362793,25.0,10.013811899721095
fast_stress_a1_to_2_p1500ps,x1.m23,VDS,-0.10803364584254926,1.4063999372221092,4.998331596145631,20.009817534630265
fast_stress_a1_to_2_p1500ps,x1.m23,VBS,-1.30229876088926,0.08325163802613128,16.49843738735389,20.008817534630264
fast_stress_a1_to_2_p1500ps,x1.m24,VGS,-1.009209243470006,0.08031542938432068,0.0001726078038779499,5.143777098348718
fast_stress_a1_to_2_p1500ps,x1.m24,VGD,0.006939952047822828,1.8802586206035492,0.0004236642174155652,5.144777098348717
fast_stress_a1_to_2_p1500ps,x1.m24,VDS,-1.8041922687468184,-0.9851294083512336,10.0061047473822,0.0036611447870281335
fast_stress_a1_to_2_p1500ps,x1.m24,VBS,0.0,0.0,5e-05,5e-05
fast_stress_a1_to_2_p1500ps,x1.m25,VGS,0.7907907565299941,1.8803154293843207,0.0001726078038779499,5.143777098348718
fast_stress_a1_to_2_p1500ps,x1.m25,VGD,0.006939952047822828,1.8802586206035492,0.0004236642174155652,5.144777098348717
fast_stress_a1_to_2_p1500ps,x1.m25,VDS,-0.004192268746818438,0.8148705916487664,10.0061047473822,0.0036611447870281335
fast_stress_a1_to_2_p1500ps,x1.m25,VBS,0.0,0.0,5e-05,5e-05
fast_stress_a1_to_2_p1500ps,x1.m26,VGS,-1.8716480003852234,0.10786402002577145,5.014883662627647,20.133777416667098
fast_stress_a1_to_2_p1500ps,x1.m26,VGD,-1.8207019698254887,1.906621784010607,10.072066341101175,20.134777416667095
fast_stress_a1_to_2_p1500ps,x1.m26,VDS,-1.8363328795279343,0.05477494701167851,16.51129921689877,15.335196933453473
fast_stress_a1_to_2_p1500ps,x1.m26,VBS,0.0,0.0,5e-05,5e-05
fast_stress_a1_to_2_p1500ps,x1.m27,VGS,-0.07164800038522345,1.9078640200257715,5.014883662627647,20.133777416667098
fast_stress_a1_to_2_p1500ps,x1.m27,VGD,-1.8207019698254887,1.906621784010607,10.072066341101175,20.134777416667095
fast_stress_a1_to_2_p1500ps,x1.m27,VDS,-0.03633287952793419,1.8547749470116786,16.51129921689877,15.335196933453473
fast_stress_a1_to_2_p1500ps,x1.m27,VBS,0.0,0.0,5e-05,5e-05
fast_stress_a1_to_2_p1500ps,x1.m28,VGS,-1.8317548063060636,0.06010194810185698,16.52106594788063,10.128066341101146
fast_stress_a1_to_2_p1500ps,x1.m28,VGD,-1.8133522330934895,1.8593734120367729,20.02769012853354,10.130066341101145
fast_stress_a1_to_2_p1500ps,x1.m28,VDS,-1.8166526213173033,0.016816772685666503,5.017291883566199,20.043423614634488
fast_stress_a1_to_2_p1500ps,x1.m28,VBS,0.0,0.0,5e-05,5e-05
fast_stress_a1_to_2_p1500ps,x1.m29,VGS,-0.03175480630606348,1.860101948101857,16.52106594788063,10.128066341101146
fast_stress_a1_to_2_p1500ps,x1.m29,VGD,-1.8133522330934895,1.8593734120367729,20.02769012853354,10.130066341101145
fast_stress_a1_to_2_p1500ps,x1.m29,VDS,-0.016652621317303162,1.8168167726856665,5.017291883566199,20.043423614634488
fast_stress_a1_to_2_p1500ps,x1.m29,VBS,0.0,0.0,5e-05,5e-05
fast_stress_a1_to_2_p1500ps,x2.mp1,VGS,-1.8042290486492503,-0.9841080946075039,20.00581753463026,0.0007212233472530373
fast_stress_a1_to_2_p1500ps,x2.mp1,VGD,-1.8038353657568007,0.01952795903094151,20.00681753463026,0.0004236642174155652
fast_stress_a1_to_2_p1500ps,x2.mp1,VDS,-1.033218794057244,0.00046296041681825884,0.00020602795577447965,4.9943315961456305
fast_stress_a1_to_2_p1500ps,x2.mp1,VBS,0.0,0.0,5e-05,5e-05
fast_stress_a1_to_2_p1500ps,x2.mn1,VGS,-0.004229048649250302,0.8158919053924961,20.00581753463026,0.0007212233472530373
fast_stress_a1_to_2_p1500ps,x2.mn1,VGD,-1.8038353657568007,0.01952795903094151,20.00681753463026,0.0004236642174155652
fast_stress_a1_to_2_p1500ps,x2.mn1,VDS,0.7667812059427561,1.8004629604168183,0.00020602795577447965,4.9943315961456305
fast_stress_a1_to_2_p1500ps,x2.mn1,VBS,0.0,0.0,5e-05,5e-05
fast_stress_a1_to_2_p1500ps,x2.mp2,VGS,-1.033218794057244,0.00046296041681825884,0.00020602795577447965,4.9943315961456305
fast_stress_a1_to_2_p1500ps,x2.mp2,VGD,0.736235933376652,1.8003011371732225,0.00026017902269989766,4.9943315961456305
fast_stress_a1_to_2_p1500ps,x2.mp2,VDS,-1.7998714613082707,-1.7086734848718037,5.017291883566199,0.03175651809270789
fast_stress_a1_to_2_p1500ps,x2.mp2,VBS,0.0,0.0,5e-05,5e-05
fast_stress_a1_to_2_p1500ps,x2.mn2,VGS,0.7667812059427561,1.8004629604168183,0.00020602795577447965,4.9943315961456305
fast_stress_a1_to_2_p1500ps,x2.mn2,VGD,0.736235933376652,1.8003011371732225,0.00026017902269989766,4.9943315961456305
fast_stress_a1_to_2_p1500ps,x2.mn2,VDS,0.00012853869172925703,0.09132651512819645,5.017291883566199,0.03175651809270789
fast_stress_a1_to_2_p1500ps,x2.mn2,VBS,0.0,0.0,5e-05,5e-05
fast_stress_a1_to_2_p1500ps,x3.mp1,VGS,-1.8319066384068934,0.02968466939296177,5.036962870447627,10.077066341101172
fast_stress_a1_to_2_p1500ps,x3.mp1,VGD,-1.82904928013093,1.8295842367620643,5.037962870447627,10.077066341101172
fast_stress_a1_to_2_p1500ps,x3.mp1,VDS,-1.830285665081806,0.08371063632233633,10.16106634110113,5.07896287044764
fast_stress_a1_to_2_p1500ps,x3.mp1,VBS,0.0,0.0,5e-05,5e-05
fast_stress_a1_to_2_p1500ps,x3.mn1,VGS,-0.03190663840689342,1.8296846693929618,5.036962870447627,10.077066341101172
fast_stress_a1_to_2_p1500ps,x3.mn1,VGD,-1.82904928013093,1.8295842367620643,5.037962870447627,10.077066341101172
fast_stress_a1_to_2_p1500ps,x3.mn1,VDS,-0.03028566508180588,1.8837106363223364,10.16106634110113,5.07896287044764
fast_stress_a1_to_2_p1500ps,x3.mn1,VBS,0.0,0.0,5e-05,5e-05
fast_stress_a1_to_2_p1500ps,x3.mp2,VGS,-1.830285665081806,0.08371063632233633,10.16106634110113,5.07896287044764
fast_stress_a1_to_2_p1500ps,x3.mp2,VGD,-1.8292647298158082,1.8811145767891317,10.16106634110113,5.07896287044764
fast_stress_a1_to_2_p1500ps,x3.mp2,VDS,-1.8257698364863075,0.027355240866014263,5.106870646071324,10.203996302067614
fast_stress_a1_to_2_p1500ps,x3.mp2,VBS,0.0,0.0,5e-05,5e-05
fast_stress_a1_to_2_p1500ps,x3.mn2,VGS,-0.03028566508180588,1.8837106363223364,10.16106634110113,5.07896287044764
fast_stress_a1_to_2_p1500ps,x3.mn2,VGD,-1.8292647298158082,1.8811145767891317,10.16106634110113,5.07896287044764
fast_stress_a1_to_2_p1500ps,x3.mn2,VDS,-0.025769836486307443,1.8273552408660143,5.106870646071324,10.203996302067614
fast_stress_a1_to_2_p1500ps,x3.mn2,VBS,0.0,0.0,5e-05,5e-05
fast_stress_a1_to_2_p1500ps,x4.mp1,VGS,-1.8041922687468184,-0.9851294083512336,10.0061047473822,0.0036611447870281335
fast_stress_a1_to_2_p1500ps,x4.mp1,VGD,-1.8038003157856226,0.015855921531817252,10.007104747382199,0.0004236642174155652
fast_stress_a1_to_2_p1500ps,x4.mp1,VDS,-1.03364084235422,0.0004622450746680773,0.00020602795577447965,16.494437387353884
fast_stress_a1_to_2_p1500ps,x4.mp1,VBS,0.0,0.0,5e-05,5e-05
fast_stress_a1_to_2_p1500ps,x4.mn1,VGS,-0.004192268746818438,0.8148705916487664,10.0061047473822,0.0036611447870281335
fast_stress_a1_to_2_p1500ps,x4.mn1,VGD,-1.8038003157856226,0.015855921531817252,10.007104747382199,0.0004236642174155652
fast_stress_a1_to_2_p1500ps,x4.mn1,VDS,0.76635915764578,1.8004622450746681,0.00020602795577447965,16.494437387353884
fast_stress_a1_to_2_p1500ps,x4.mn1,VBS,0.0,0.0,5e-05,5e-05
fast_stress_a1_to_2_p1500ps,x4.mp2,VGS,-1.03364084235422,0.0004622450746680773,0.00020602795577447965,16.494437387353884
fast_stress_a1_to_2_p1500ps,x4.mp2,VGD,0.7357884760101969,1.8003005082772774,0.00026017902269989766,16.494437387353884
fast_stress_a1_to_2_p1500ps,x4.mp2,VDS,-1.799871671506248,-1.707971774254178,16.51707525204048,0.03175651809270789
fast_stress_a1_to_2_p1500ps,x4.mp2,VBS,0.0,0.0,5e-05,5e-05
fast_stress_a1_to_2_p1500ps,x4.mn2,VGS,0.76635915764578,1.8004622450746681,0.00020602795577447965,16.494437387353884
fast_stress_a1_to_2_p1500ps,x4.mn2,VGD,0.7357884760101969,1.8003005082772774,0.00026017902269989766,16.494437387353884
fast_stress_a1_to_2_p1500ps,x4.mn2,VDS,0.00012832849375212361,0.09202822574582208,16.51707525204048,0.03175651809270789
fast_stress_a1_to_2_p1500ps,x4.mn2,VBS,0.0,0.0,5e-05,5e-05
fast_stress_a1_to_2_p1500ps,x5.mp1,VGS,-1.8316852521400084,0.030530752803016092,16.53780111912071,20.07677741666703
fast_stress_a1_to_2_p1500ps,x5.mp1,VGD,-1.8288155913481123,1.8304233801318341,16.538801119120713,20.07677741666703
fast_stress_a1_to_2_p1500ps,x5.mp1,VDS,-1.8309842830472625,0.08309296913221131,20.158777416667125,16.579612515248
fast_stress_a1_to_2_p1500ps,x5.mp1,VBS,0.0,0.0,5e-05,5e-05
fast_stress_a1_to_2_p1500ps,x5.mn1,VGS,-0.031685252140008335,1.8305307528030161,16.53780111912071,20.07677741666703
fast_stress_a1_to_2_p1500ps,x5.mn1,VGD,-1.8288155913481123,1.8304233801318341,16.538801119120713,20.07677741666703
fast_stress_a1_to_2_p1500ps,x5.mn1,VDS,-0.030984283047262334,1.8830929691322114,20.158777416667125,16.579612515248
fast_stress_a1_to_2_p1500ps,x5.mn1,VBS,0.0,0.0,5e-05,5e-05
fast_stress_a1_to_2_p1500ps,x5.mp2,VGS,-1.8309842830472625,0.08309296913221131,20.158777416667125,16.579612515248
fast_stress_a1_to_2_p1500ps,x5.mp2,VGD,-1.8299351457171924,1.8805256165919133,20.158777416667125,16.579612515248
fast_stress_a1_to_2_p1500ps,x5.mp2,VDS,-1.8256884823054889,0.027398449725181573,16.607612515248032,20.20156356800588
fast_stress_a1_to_2_p1500ps,x5.mp2,VBS,0.0,0.0,5e-05,5e-05
fast_stress_a1_to_2_p1500ps,x5.mn2,VGS,-0.030984283047262334,1.8830929691322114,20.158777416667125,16.579612515248
fast_stress_a1_to_2_p1500ps,x5.mn2,VGD,-1.8299351457171924,1.8805256165919133,20.158777416667125,16.579612515248
fast_stress_a1_to_2_p1500ps,x5.mn2,VDS,-0.025688482305488893,1.8273984497251816,16.607612515248032,20.20156356800588
fast_stress_a1_to_2_p1500ps,x5.mn2,VBS,0.0,0.0,5e-05,5e-05
fast_stress_a1_to_3_p1500ps,x1.m1,VGS,0.0,0.0,5e-05,5e-05
fast_stress_a1_to_3_p1500ps,x1.m1,VGD,1.0957561480891065,1.8716480003852234,0.0011436565101336192,5.014883662627647
fast_stress_a1_to_3_p1500ps,x1.m1,VDS,-1.8716480003852234,-1.0957561480891065,5.014883662627647,0.0011436565101336192
fast_stress_a1_to_3_p1500ps,x1.m1,VBS,0.0,0.0,5e-05,5e-05
fast_stress_a1_to_3_p1500ps,x1.m2,VGS,1.8,1.8,5e-05,5e-05
fast_stress_a1_to_3_p1500ps,x1.m2,VGD,1.0957561480891065,1.8716480003852234,0.0011436565101336192,5.014883662627647
fast_stress_a1_to_3_p1500ps,x1.m2,VDS,-0.07164800038522345,0.7042438519108937,5.014883662627647,0.0011436565101336192
fast_stress_a1_to_3_p1500ps,x1.m2,VBS,0.0,0.0,5e-05,5e-05
fast_stress_a1_to_3_p1500ps,x1.m3,VGS,-1.8,0.0,5e-05,15.348222754591994
fast_stress_a1_to_3_p1500ps,x1.m3,VGD,-1.860101948101857,1.8289145710363433,10.128066341101146,16.521060134021916
fast_stress_a1_to_3_p1500ps,x1.m3,VDS,-1.8289145710363433,0.06010194810185698,16.521060134021916,10.128066341101146
fast_stress_a1_to_3_p1500ps,x1.m3,VBS,0.0,0.0,5e-05,5e-05
fast_stress_a1_to_3_p1500ps,x1.m4,VGS,0.0,1.8,5e-05,15.348222754591994
fast_stress_a1_to_3_p1500ps,x1.m4,VGD,-1.860101948101857,1.8289145710363433,10.128066341101146,16.521060134021916
fast_stress_a1_to_3_p1500ps,x1.m4,VDS,-0.02891457103634316,1.860101948101857,16.521060134021916,10.128066341101146
fast_stress_a1_to_3_p1500ps,x1.m4,VBS,0.0,0.0,5e-05,5e-05
fast_stress_a1_to_3_p1500ps,x1.m5,VGS,-1.8,0.0,5e-05,5.0125
fast_stress_a1_to_3_p1500ps,x1.m5,VGD,-1.8007223526754321,-0.0635500175034216,15.252598337710493,9.987500000000002
fast_stress_a1_to_3_p1500ps,x1.m5,VDS,-0.9977382685234532,0.07997864988040426,0.00020602795577447965,16.51324387852718
fast_stress_a1_to_3_p1500ps,x1.m5,VBS,0.0,0.0,5e-05,5e-05
fast_stress_a1_to_3_p1500ps,x1.m6,VGS,-1.0068473715181405,0.7680832782596063,16.523060134021918,0.07275651809270792
fast_stress_a1_to_3_p1500ps,x1.m6,VGD,-1.907685205566354,0.06151667013865625,16.521060134021916,10.124066341101148
fast_stress_a1_to_3_p1500ps,x1.m6,VDS,0.4240787616285251,0.9067025375106791,10.014922568233985,0.05875651809270797
fast_stress_a1_to_3_p1500ps,x1.m6,VBS,-1.3753115438570136,-0.22107066219386345,15.258598337710499,0.00010423113385130124
fast_stress_a1_to_3_p1500ps,x1.m7,VGS,-1.2806241528699507,0.554137010840852,4.998331596145631,0.0011436565101336192
fast_stress_a1_to_3_p1500ps,x1.m7,VGD,-1.3751931385456033,0.4492709292520852,15.258598337710499,0.000983652234927282
fast_stress_a1_to_3_p1500ps,x1.m7,VDS,-0.27389366688583805,1.4329773485557205,16.498599682357426,10.009104747382198
fast_stress_a1_to_3_p1500ps,x1.m7,VBS,-1.2880178453861493,0.08166723645203666,4.998331596145631,10.009104747382198
fast_stress_a1_to_3_p1500ps,x1.m8,VGS,0.0,1.8,5e-05,5.0125
fast_stress_a1_to_3_p1500ps,x1.m8,VGD,-1.192402705239604,1.7999831436202112,15.306598337710554,6.344777098349086
fast_stress_a1_to_3_p1500ps,x1.m8,VDS,-0.08166723645203666,1.2880178453861493,10.009104747382198,4.998331596145631
fast_stress_a1_to_3_p1500ps,x1.m8,VBS,0.0,0.0,5e-05,5e-05
fast_stress_a1_to_3_p1500ps,x1.m9,VGS,-0.9977382685234532,0.07997864988040426,0.00020602795577447965,16.51324387852718
fast_stress_a1_to_3_p1500ps,x1.m9,VGD,0.012196098225947805,1.8798200571814805,0.0004236642174155652,16.60095109322622
fast_stress_a1_to_3_p1500ps,x1.m9,VDS,-1.8042399223674719,-0.9841080946075039,20.00602911308728,0.0007212233472530373
fast_stress_a1_to_3_p1500ps,x1.m9,VBS,0.0,0.0,5e-05,5e-05
fast_stress_a1_to_3_p1500ps,x1.m10,VGS,0.8022617314765469,1.8799786498804043,0.00020602795577447965,16.51324387852718
fast_stress_a1_to_3_p1500ps,x1.m10,VGD,0.012196098225947805,1.8798200571814805,0.0004236642174155652,16.60095109322622
fast_stress_a1_to_3_p1500ps,x1.m10,VDS,-0.0042399223674718,0.8158919053924961,20.00602911308728,0.0007212233472530373
fast_stress_a1_to_3_p1500ps,x1.m10,VBS,0.0,0.0,5e-05,5e-05
fast_stress_a1_to_3_p1500ps,x1.m11,VGS,-1.8,0.0,5e-05,5.0125
fast_stress_a1_to_3_p1500ps,x1.m11,VGD,-1.8002088040615019,1.7999322027493574,15.251598337710492,6.3467770983490865
fast_stress_a1_to_3_p1500ps,x1.m11,VDS,-1.8243921947863972,0.08382218396017427,10.001104747382202,5.014883662627647
fast_stress_a1_to_3_p1500ps,x1.m11,VBS,0.0,0.0,5e-05,5e-05
fast_stress_a1_to_3_p1500ps,x1.m12,VGS,-1.1800681561062876,1.840973497752443,25.0,10.007104747382199
fast_stress_a1_to_3_p1500ps,x1.m12,VGD,-1.907710019265341,1.81815974425364,16.521060134021916,10.000104747382203
fast_stress_a1_to_3_p1500ps,x1.m12,VDS,2.5472409771076787e-05,1.8901671326257357,6.353777098349088,19.995029113087266
fast_stress_a1_to_3_p1500ps,x1.m12,VBS,-1.2505628411682304,0.07859757422897112,15.258598337710499,20.011029113087286
fast_stress_a1_to_3_p1500ps,x1.m13,VGS,0.07211214484481639,1.8717630536799508,5e-05,10.012104747382196
fast_stress_a1_to_3_p1500ps,x1.m13,VGD,0.020257912073888634,1.873422035594482,5e-05,20.013590281111103
fast_stress_a1_to_3_p1500ps,x1.m13,VDS,-0.16374320519352126,0.6014737116193644,15.372076056153627,5.012935238829286
fast_stress_a1_to_3_p1500ps,x1.m13,VBS,-1.2880178453861493,0.08166723645203666,4.998331596145631,10.009104747382198
fast_stress_a1_to_3_p1500ps,x1.m14,VGS,-1.8243921947863972,0.08382218396017427,10.001104747382202,5.014883662627647
fast_stress_a1_to_3_p1500ps,x1.m14,VGD,-1.8201071632052694,1.8825288058887248,10.002104747382202,5.015562936697854
fast_stress_a1_to_3_p1500ps,x1.m14,VDS,-1.8319066384068934,0.02968466939296177,5.036962870447627,10.077066341101172
fast_stress_a1_to_3_p1500ps,x1.m14,VBS,0.0,0.0,5e-05,5e-05
fast_stress_a1_to_3_p1500ps,x1.m15,VGS,-0.024392194786397148,1.8838221839601743,10.001104747382202,5.014883662627647
fast_stress_a1_to_3_p1500ps,x1.m15,VGD,-1.8201071632052694,1.8825288058887248,10.002104747382202,5.015562936697854
fast_stress_a1_to_3_p1500ps,x1.m15,VDS,-0.03190663840689342,1.8296846693929618,5.036962870447627,10.077066341101172
fast_stress_a1_to_3_p1500ps,x1.m15,VBS,0.0,0.0,5e-05,5e-05
fast_stress_a1_to_3_p1500ps,x1.m16,VGS,-1.8,0.0,5e-05,5.0125
fast_stress_a1_to_3_p1500ps,x1.m16,VGD,-1.8355818940514261,-0.05699917257273457,15.37407605615363,19.9875
fast_stress_a1_to_3_p1500ps,x1.m16,VDS,-1.0095220780993213,0.08000905341250708,0.0001726078038779499,5.0449628704476295
fast_stress_a1_to_3_p1500ps,x1.m16,VBS,0.0,0.0,5e-05,5e-05
fast_stress_a1_to_3_p1500ps,x1.m17,VGS,-0.016442159503679287,0.8864838957192929,15.315598337710565,15.387076056153644
fast_stress_a1_to_3_p1500ps,x1.m17,VGD,-1.8960292668996668,0.04015004511714926,5.017291883566199,15.437076056153701
fast_stress_a1_to_3_p1500ps,x1.m17,VDS,0.4511080759161774,1.8898487335205978,25.0,5.015562936697854
fast_stress_a1_to_3_p1500ps,x1.m17,VBS,-1.348844405135921,0.010336787859553543,25.0,5.01639896836744
fast_stress_a1_to_3_p1500ps,x1.m18,VGS,-1.2806241528699507,0.554137010840852,4.998331596145631,0.0011436565101336192
fast_stress_a1_to_3_p1500ps,x1.m18,VGD,-1.3487864457855556,0.4860448967554244,25.0,0.0011436565101336192
fast_stress_a1_to_3_p1500ps,x1.m18,VDS,-1.2834086352917824,1.4007555021279623,4.998331596145631,20.009029113087283
fast_stress_a1_to_3_p1500ps,x1.m18,VBS,-1.2880178453861493,0.08166723645203666,4.998331596145631,10.009104747382198
fast_stress_a1_to_3_p1500ps,x1.m19,VGS,-1.0095220780993213,0.08000905341250708,0.0001726078038779499,5.0449628704476295
fast_stress_a1_to_3_p1500ps,x1.m19,VGD,0.006579133772508294,1.8799508940415657,0.0004236642174155652,5.04596287044763
fast_stress_a1_to_3_p1500ps,x1.m19,VDS,-1.804376814382565,-0.9848806077125823,15.386076056153643,0.0036611447870281335
fast_stress_a1_to_3_p1500ps,x1.m19,VBS,0.0,0.0,5e-05,5e-05
fast_stress_a1_to_3_p1500ps,x1.m20,VGS,0.7904779219006789,1.8800090534125071,0.0001726078038779499,5.0449628704476295
fast_stress_a1_to_3_p1500ps,x1.m20,VGD,0.006579133772508294,1.8799508940415657,0.0004236642174155652,5.04596287044763
fast_stress_a1_to_3_p1500ps,x1.m20,VDS,-0.004376814382564868,0.8151193922874177,15.386076056153643,0.0036611447870281335
fast_stress_a1_to_3_p1500ps,x1.m20,VBS,0.0,0.0,5e-05,5e-05
fast_stress_a1_to_3_p1500ps,x1.m21,VGS,-1.8,0.0,5e-05,5.0125
fast_stress_a1_to_3_p1500ps,x1.m21,VGD,-1.8442667140295288,1.7999321550859269,15.389076056153646,17.4619510932272
fast_stress_a1_to_3_p1500ps,x1.m21,VDS,-1.8242824785781504,0.08498136975229142,20.001029113087274,16.51546907967343
fast_stress_a1_to_3_p1500ps,x1.m21,VBS,0.0,0.0,5e-05,5e-05
fast_stress_a1_to_3_p1500ps,x1.m22,VGS,-1.194932357963843,1.8434294970270955,15.316598337710566,20.008029113087282
fast_stress_a1_to_3_p1500ps,x1.m22,VGD,-1.89602121713471,1.8185218270172157,5.017291883566199,20.001029113087274
fast_stress_a1_to_3_p1500ps,x1.m22,VDS,2.5469480500112107e-05,1.887538140896795,17.50495109322725,9.995104747382205
fast_stress_a1_to_3_p1500ps,x1.m22,VBS,-1.5382863326705514,0.0787320341866632,15.42707605615369,10.011104747382197
fast_stress_a1_to_3_p1500ps,x1.m23,VGS,0.07211214484481639,1.8717630536799508,5e-05,10.012104747382196
fast_stress_a1_to_3_p1500ps,x1.m23,VGD,0.0892009286134941,1.8735262856362793,5e-05,10.013811899721095
fast_stress_a1_to_3_p1500ps,x1.m23,VDS,-0.10803364584254926,0.6721254683551656,4.998331596145631,16.51200331609509
fast_stress_a1_to_3_p1500ps,x1.m23,VBS,-1.2880178453861493,0.08166723645203666,4.998331596145631,10.009104747382198
fast_stress_a1_to_3_p1500ps,x1.m24,VGS,-1.8242824785781504,0.08498136975229142,20.001029113087274,16.51546907967343
fast_stress_a1_to_3_p1500ps,x1.m24,VGD,-1.8200068636946931,1.883849242169041,20.002029113087275,16.516309631053712
fast_stress_a1_to_3_p1500ps,x1.m24,VDS,-1.8334096558459971,0.02964882211476505,16.538224261718966,20.077777416667033
fast_stress_a1_to_3_p1500ps,x1.m24,VBS,0.0,0.0,5e-05,5e-05
fast_stress_a1_to_3_p1500ps,x1.m25,VGS,-0.024282478578150413,1.8849813697522915,20.001029113087274,16.51546907967343
fast_stress_a1_to_3_p1500ps,x1.m25,VGD,-1.8200068636946931,1.883849242169041,20.002029113087275,16.516309631053712
fast_stress_a1_to_3_p1500ps,x1.m25,VDS,-0.03340965584599713,1.829648822114765,16.538224261718966,20.077777416667033
fast_stress_a1_to_3_p1500ps,x1.m25,VBS,0.0,0.0,5e-05,5e-05
fast_stress_a1_to_3_p1500ps,x1.m26,VGS,-1.8716480003852234,-1.0957561480891065,5.014883662627647,0.0011436565101336192
fast_stress_a1_to_3_p1500ps,x1.m26,VGD,-1.8207019698254887,0.35291120852182606,10.072066341101175,5.2955996206633255e-05
fast_stress_a1_to_3_p1500ps,x1.m26,VDS,-1.6055542494133022,0.030607939135743445,5e-05,10.06206634110118
fast_stress_a1_to_3_p1500ps,x1.m26,VBS,0.0,0.0,5e-05,5e-05
fast_stress_a1_to_3_p1500ps,x1.m27,VGS,-0.07164800038522345,0.7042438519108937,5.014883662627647,0.0011436565101336192
fast_stress_a1_to_3_p1500ps,x1.m27,VGD,-1.8207019698254887,0.35291120852182606,10.072066341101175,5.2955996206633255e-05
fast_stress_a1_to_3_p1500ps,x1.m27,VDS,0.1944457505866978,1.8306079391357435,5e-05,10.06206634110118
fast_stress_a1_to_3_p1500ps,x1.m27,VBS,0.0,0.0,5e-05,5e-05
fast_stress_a1_to_3_p1500ps,x1.m28,VGS,-1.8289145710363433,0.06010194810185698,16.521060134021916,10.128066341101146
fast_stress_a1_to_3_p1500ps,x1.m28,VGD,-1.8134018103626395,1.8593734120367729,20.027314427265356,10.130066341101145
fast_stress_a1_to_3_p1500ps,x1.m28,VDS,-1.8166526213173033,0.016480752659455478,5.017291883566199,20.03806310796342
fast_stress_a1_to_3_p1500ps,x1.m28,VBS,0.0,0.0,5e-05,5e-05
fast_stress_a1_to_3_p1500ps,x1.m29,VGS,-0.02891457103634316,1.860101948101857,16.521060134021916,10.128066341101146
fast_stress_a1_to_3_p1500ps,x1.m29,VGD,-1.8134018103626395,1.8593734120367729,20.027314427265356,10.130066341101145
fast_stress_a1_to_3_p1500ps,x1.m29,VDS,-0.016652621317303162,1.8164807526594555,5.017291883566199,20.03806310796342
fast_stress_a1_to_3_p1500ps,x1.m29,VBS,0.0,0.0,5e-05,5e-05
fast_stress_a1_to_3_p1500ps,x2.mp1,VGS,-1.8042399223674719,-0.9841080946075039,20.00602911308728,0.0007212233472530373
fast_stress_a1_to_3_p1500ps,x2.mp1,VGD,-1.8038440067111676,0.01952795903094151,20.00702911308728,0.0004236642174155652
fast_stress_a1_to_3_p1500ps,x2.mp1,VDS,-1.033218794057244,0.00046296041681825884,0.00020602795577447965,4.9943315961456305
fast_stress_a1_to_3_p1500ps,x2.mp1,VBS,0.0,0.0,5e-05,5e-05
fast_stress_a1_to_3_p1500ps,x2.mn1,VGS,-0.0042399223674718,0.8158919053924961,20.00602911308728,0.0007212233472530373
fast_stress_a1_to_3_p1500ps,x2.mn1,VGD,-1.8038440067111676,0.01952795903094151,20.00702911308728,0.0004236642174155652
fast_stress_a1_to_3_p1500ps,x2.mn1,VDS,0.7667812059427561,1.8004629604168183,0.00020602795577447965,4.9943315961456305
fast_stress_a1_to_3_p1500ps,x2.mn1,VBS,0.0,0.0,5e-05,5e-05
fast_stress_a1_to_3_p1500ps,x2.mp2,VGS,-1.033218794057244,0.00046296041681825884,0.00020602795577447965,4.9943315961456305
fast_stress_a1_to_3_p1500ps,x2.mp2,VGD,0.736235933376652,1.8003011371732225,0.00026017902269989766,4.9943315961456305
fast_stress_a1_to_3_p1500ps,x2.mp2,VDS,-1.7998714613082707,-1.7086734848718037,5.017291883566199,0.03175651809270789
fast_stress_a1_to_3_p1500ps,x2.mp2,VBS,0.0,0.0,5e-05,5e-05
fast_stress_a1_to_3_p1500ps,x2.mn2,VGS,0.7667812059427561,1.8004629604168183,0.00020602795577447965,4.9943315961456305
fast_stress_a1_to_3_p1500ps,x2.mn2,VGD,0.736235933376652,1.8003011371732225,0.00026017902269989766,4.9943315961456305
fast_stress_a1_to_3_p1500ps,x2.mn2,VDS,0.00012853869172925703,0.09132651512819645,5.017291883566199,0.03175651809270789
fast_stress_a1_to_3_p1500ps,x2.mn2,VBS,0.0,0.0,5e-05,5e-05
fast_stress_a1_to_3_p1500ps,x3.mp1,VGS,-1.8319066384068934,0.02968466939296177,5.036962870447627,10.077066341101172
fast_stress_a1_to_3_p1500ps,x3.mp1,VGD,-1.82904928013093,1.8295842367620643,5.037962870447627,10.077066341101172
fast_stress_a1_to_3_p1500ps,x3.mp1,VDS,-1.830285665081806,0.08371063632233633,10.16106634110113,5.07896287044764
fast_stress_a1_to_3_p1500ps,x3.mp1,VBS,0.0,0.0,5e-05,5e-05
fast_stress_a1_to_3_p1500ps,x3.mn1,VGS,-0.03190663840689342,1.8296846693929618,5.036962870447627,10.077066341101172
fast_stress_a1_to_3_p1500ps,x3.mn1,VGD,-1.82904928013093,1.8295842367620643,5.037962870447627,10.077066341101172
fast_stress_a1_to_3_p1500ps,x3.mn1,VDS,-0.03028566508180588,1.8837106363223364,10.16106634110113,5.07896287044764
fast_stress_a1_to_3_p1500ps,x3.mn1,VBS,0.0,0.0,5e-05,5e-05
fast_stress_a1_to_3_p1500ps,x3.mp2,VGS,-1.830285665081806,0.08371063632233633,10.16106634110113,5.07896287044764
fast_stress_a1_to_3_p1500ps,x3.mp2,VGD,-1.8292647298158082,1.8811145767891317,10.16106634110113,5.07896287044764
fast_stress_a1_to_3_p1500ps,x3.mp2,VDS,-1.8257698364863075,0.027355240866014263,5.106870646071324,10.203996302067614
fast_stress_a1_to_3_p1500ps,x3.mp2,VBS,0.0,0.0,5e-05,5e-05
fast_stress_a1_to_3_p1500ps,x3.mn2,VGS,-0.03028566508180588,1.8837106363223364,10.16106634110113,5.07896287044764
fast_stress_a1_to_3_p1500ps,x3.mn2,VGD,-1.8292647298158082,1.8811145767891317,10.16106634110113,5.07896287044764
fast_stress_a1_to_3_p1500ps,x3.mn2,VDS,-0.025769836486307443,1.8273552408660143,5.106870646071324,10.203996302067614
fast_stress_a1_to_3_p1500ps,x3.mn2,VBS,0.0,0.0,5e-05,5e-05
fast_stress_a1_to_3_p1500ps,x4.mp1,VGS,-1.8334096558459971,0.02964882211476505,16.538224261718966,20.077777416667033
fast_stress_a1_to_3_p1500ps,x4.mp1,VGD,-1.8303749337090434,1.829545564658921,16.538224261718966,20.077777416667033
fast_stress_a1_to_3_p1500ps,x4.mp1,VDS,-1.8310611714162484,0.08408217608579394,20.160777416667127,16.57822426171901
fast_stress_a1_to_3_p1500ps,x4.mp1,VBS,0.0,0.0,5e-05,5e-05
fast_stress_a1_to_3_p1500ps,x4.mn1,VGS,-0.03340965584599713,1.829648822114765,16.538224261718966,20.077777416667033
fast_stress_a1_to_3_p1500ps,x4.mn1,VGD,-1.8303749337090434,1.829545564658921,16.538224261718966,20.077777416667033
fast_stress_a1_to_3_p1500ps,x4.mn1,VDS,-0.031061171416248364,1.884082176085794,20.160777416667127,16.57822426171901
fast_stress_a1_to_3_p1500ps,x4.mn1,VBS,0.0,0.0,5e-05,5e-05
fast_stress_a1_to_3_p1500ps,x4.mp2,VGS,-1.8310611714162484,0.08408217608579394,20.160777416667127,16.57822426171901
fast_stress_a1_to_3_p1500ps,x4.mp2,VGD,-1.8300102268091092,1.8814708575493233,20.160777416667127,16.57822426171901
fast_stress_a1_to_3_p1500ps,x4.mp2,VDS,-1.8257778857485603,0.027390878085570947,16.605951093226228,20.203777416667176
fast_stress_a1_to_3_p1500ps,x4.mp2,VBS,0.0,0.0,5e-05,5e-05
fast_stress_a1_to_3_p1500ps,x4.mn2,VGS,-0.031061171416248364,1.884082176085794,20.160777416667127,16.57822426171901
fast_stress_a1_to_3_p1500ps,x4.mn2,VGD,-1.8300102268091092,1.8814708575493233,20.160777416667127,16.57822426171901
fast_stress_a1_to_3_p1500ps,x4.mn2,VDS,-0.025777885748560235,1.827390878085571,16.605951093226228,20.203777416667176
fast_stress_a1_to_3_p1500ps,x4.mn2,VBS,0.0,0.0,5e-05,5e-05
fast_stress_a1_to_3_p1500ps,x5.mp1,VGS,-1.804376814382565,-0.9848806077125823,15.386076056153643,0.0036611447870281335
fast_stress_a1_to_3_p1500ps,x5.mp1,VGD,-1.8038078322240911,0.01561636154556334,10.007104747382199,0.0004236642174155652
fast_stress_a1_to_3_p1500ps,x5.mp1,VDS,-1.0336489326025444,0.00046161720013904173,0.00020602795577447965,4.9943315961456305
fast_stress_a1_to_3_p1500ps,x5.mp1,VBS,0.0,0.0,5e-05,5e-05
fast_stress_a1_to_3_p1500ps,x5.mn1,VGS,-0.004376814382564868,0.8151193922874177,15.386076056153643,0.0036611447870281335
fast_stress_a1_to_3_p1500ps,x5.mn1,VGD,-1.8038078322240911,0.01561636154556334,10.007104747382199,0.0004236642174155652
fast_stress_a1_to_3_p1500ps,x5.mn1,VDS,0.7663510673974555,1.800461617200139,0.00020602795577447965,4.9943315961456305
fast_stress_a1_to_3_p1500ps,x5.mn1,VBS,0.0,0.0,5e-05,5e-05
fast_stress_a1_to_3_p1500ps,x5.mp2,VGS,-1.0336489326025444,0.00046161720013904173,0.00020602795577447965,4.9943315961456305
fast_stress_a1_to_3_p1500ps,x5.mp2,VGD,0.735776406720739,1.8002998458352897,0.00026017902269989766,4.9943315961456305
fast_stress_a1_to_3_p1500ps,x5.mp2,VDS,-1.7998791552236948,-1.70793377650665,15.383076056153639,0.03175651809270789
fast_stress_a1_to_3_p1500ps,x5.mp2,VBS,0.0,0.0,5e-05,5e-05
fast_stress_a1_to_3_p1500ps,x5.mn2,VGS,0.7663510673974555,1.800461617200139,0.00020602795577447965,4.9943315961456305
fast_stress_a1_to_3_p1500ps,x5.mn2,VGD,0.735776406720739,1.8002998458352897,0.00026017902269989766,4.9943315961456305
fast_stress_a1_to_3_p1500ps,x5.mn2,VDS,0.00012084477630533833,0.09206622349334999,15.383076056153639,0.03175651809270789
fast_stress_a1_to_3_p1500ps,x5.mn2,VBS,0.0,0.0,5e-05,5e-05
fast_stress_a2_to_0_p1500ps,x1.m1,VGS,-1.8,-1.8,5e-05,5e-05
fast_stress_a2_to_0_p1500ps,x1.m1,VGD,-1.9094399554492958,-0.5204066503822117,20.134777416667095,5e-05
fast_stress_a2_to_0_p1500ps,x1.m1,VDS,-1.2795933496177883,0.10943995544929574,5e-05,20.134777416667095
fast_stress_a2_to_0_p1500ps,x1.m1,VBS,0.0,0.0,5e-05,5e-05
fast_stress_a2_to_0_p1500ps,x1.m2,VGS,0.0,0.0,5e-05,5e-05
fast_stress_a2_to_0_p1500ps,x1.m2,VGD,-1.9094399554492958,-0.5204066503822117,20.134777416667095,5e-05
fast_stress_a2_to_0_p1500ps,x1.m2,VDS,0.5204066503822117,1.9094399554492958,5e-05,20.134777416667095
fast_stress_a2_to_0_p1500ps,x1.m2,VBS,0.0,0.0,5e-05,5e-05
fast_stress_a2_to_0_p1500ps,x1.m3,VGS,-1.8,0.0,15.316433257040998,5e-05
fast_stress_a2_to_0_p1500ps,x1.m3,VGD,-1.860752154032763,1.8287365423698705,20.125777416667088,5.021575756282087
fast_stress_a2_to_0_p1500ps,x1.m3,VDS,-1.8287365423698705,0.060752154032762906,5.021575756282087,20.125777416667088
fast_stress_a2_to_0_p1500ps,x1.m3,VBS,0.0,0.0,5e-05,5e-05
fast_stress_a2_to_0_p1500ps,x1.m4,VGS,0.0,1.8,15.316433257040998,5e-05
fast_stress_a2_to_0_p1500ps,x1.m4,VGD,-1.860752154032763,1.8287365423698705,20.125777416667088,5.021575756282087
fast_stress_a2_to_0_p1500ps,x1.m4,VDS,-0.02873654236987054,1.860752154032763,5.021575756282087,20.125777416667088
fast_stress_a2_to_0_p1500ps,x1.m4,VBS,0.0,0.0,5e-05,5e-05
fast_stress_a2_to_0_p1500ps,x1.m5,VGS,-1.8,0.0,5e-05,5.0125
fast_stress_a2_to_0_p1500ps,x1.m5,VGD,-1.8171295075251956,1.7999322975097471,15.359275123548997,17.705850709823892
fast_stress_a2_to_0_p1500ps,x1.m5,VDS,-1.82453779047384,0.08568591143982629,20.000817672662983,16.51539943639873
fast_stress_a2_to_0_p1500ps,x1.m5,VBS,0.0,0.0,5e-05,5e-05
fast_stress_a2_to_0_p1500ps,x1.m6,VGS,-1.1979138225505792,1.8419449920985926,15.259494081046103,20.00781767266299
fast_stress_a2_to_0_p1500ps,x1.m6,VGD,-1.907548947769712,1.8182078380843292,5.021575756282087,19.99981767266298
fast_stress_a2_to_0_p1500ps,x1.m6,VDS,2.543162782036367e-05,1.8876597322088264,17.648850709823826,9.996074607776967
fast_stress_a2_to_0_p1500ps,x1.m6,VBS,-1.492400129437393,0.08107942201786694,15.55627512354922,10.012074607776958
fast_stress_a2_to_0_p1500ps,x1.m7,VGS,0.40363882038488186,1.8638528444650213,5e-05,20.009817672662994
fast_stress_a2_to_0_p1500ps,x1.m7,VGD,0.2657621098587001,1.863969135977055,5e-05,10.013298117341483
fast_stress_a2_to_0_p1500ps,x1.m7,VDS,-0.10730249575810658,0.6620500053458389,4.99874782100733,16.512022974509037
fast_stress_a2_to_0_p1500ps,x1.m7,VBS,-1.28810530005621,0.08335980120406852,4.99874782100733,20.008817672662992
fast_stress_a2_to_0_p1500ps,x1.m8,VGS,0.0,1.8,5e-05,5.0125
fast_stress_a2_to_0_p1500ps,x1.m8,VGD,-1.1938229405784773,1.7999831397743096,15.374275123549014,6.664153908428767
fast_stress_a2_to_0_p1500ps,x1.m8,VDS,-0.08335980120406852,1.28810530005621,20.008817672662992,4.99874782100733
fast_stress_a2_to_0_p1500ps,x1.m8,VBS,0.0,0.0,5e-05,5e-05
fast_stress_a2_to_0_p1500ps,x1.m9,VGS,-1.82453779047384,0.08568591143982629,20.000817672662983,16.51539943639873
fast_stress_a2_to_0_p1500ps,x1.m9,VGD,-1.820180694794242,1.884424412177539,20.001817672662984,16.516220198263127
fast_stress_a2_to_0_p1500ps,x1.m9,VDS,-1.830896480239261,0.030577318075853732,16.53792494217955,20.07577741666703
fast_stress_a2_to_0_p1500ps,x1.m9,VBS,0.0,0.0,5e-05,5e-05
fast_stress_a2_to_0_p1500ps,x1.m10,VGS,-0.024537790473839992,1.8856859114398263,20.000817672662983,16.51539943639873
fast_stress_a2_to_0_p1500ps,x1.m10,VGD,-1.820180694794242,1.884424412177539,20.001817672662984,16.516220198263127
fast_stress_a2_to_0_p1500ps,x1.m10,VDS,-0.030896480239261014,1.8305773180758538,16.53792494217955,20.07577741666703
fast_stress_a2_to_0_p1500ps,x1.m10,VBS,0.0,0.0,5e-05,5e-05
fast_stress_a2_to_0_p1500ps,x1.m11,VGS,-1.8,0.0,5e-05,5.0125
fast_stress_a2_to_0_p1500ps,x1.m11,VGD,-1.8186110682549703,-0.055594069185673556,15.34849775728469,19.9875
fast_stress_a2_to_0_p1500ps,x1.m11,VDS,-0.9942039813345008,0.07997902431940784,0.000192405760128096,5.013058543411947
fast_stress_a2_to_0_p1500ps,x1.m11,VBS,0.0,0.0,5e-05,5e-05
fast_stress_a2_to_0_p1500ps,x1.m12,VGS,-0.024280939419329673,0.739216574497275,5.021575756282087,15.469275123549123
fast_stress_a2_to_0_p1500ps,x1.m12,VGD,-1.9074716573187733,0.0629421443838929,5.021575756282087,20.11977741666708
fast_stress_a2_to_0_p1500ps,x1.m12,VDS,0.4513110835326801,1.8847423036154252,25.0,5.0140441534464095
fast_stress_a2_to_0_p1500ps,x1.m12,VBS,-1.3486410914333464,0.005318440643568384,25.0,5.016620780633147
fast_stress_a2_to_0_p1500ps,x1.m13,VGS,-1.285522776381855,0.5453982782110761,4.99874782100733,0.017499999999999998
fast_stress_a2_to_0_p1500ps,x1.m13,VGD,-1.3484952718286423,0.5577914759572298,25.0,0.020499999999999997
fast_stress_a2_to_0_p1500ps,x1.m13,VDS,-1.2850519979303545,1.399829464874368,4.99874782100733,20.009817672662994
fast_stress_a2_to_0_p1500ps,x1.m13,VBS,-1.28810530005621,0.08335980120406852,4.99874782100733,20.008817672662992
fast_stress_a2_to_0_p1500ps,x1.m14,VGS,-0.9942039813345008,0.07997902431940784,0.000192405760128096,5.013058543411947
fast_stress_a2_to_0_p1500ps,x1.m14,VGD,0.015142929952144613,1.879817685276796,0.0005027885930611369,5.102153908428288
fast_stress_a2_to_0_p1500ps,x1.m14,VDS,-1.804208539582085,-0.9819549675950919,10.006074607776961,0.0007070099436865562
fast_stress_a2_to_0_p1500ps,x1.m14,VBS,0.0,0.0,5e-05,5e-05
fast_stress_a2_to_0_p1500ps,x1.m15,VGS,0.8057960186654992,1.8799790243194079,0.000192405760128096,5.013058543411947
fast_stress_a2_to_0_p1500ps,x1.m15,VGD,0.015142929952144613,1.879817685276796,0.0005027885930611369,5.102153908428288
fast_stress_a2_to_0_p1500ps,x1.m15,VDS,-0.004208539582084921,0.8180450324049081,10.006074607776961,0.0007070099436865562
fast_stress_a2_to_0_p1500ps,x1.m15,VBS,0.0,0.0,5e-05,5e-05
fast_stress_a2_to_0_p1500ps,x1.m16,VGS,-1.8,0.0,5e-05,5.0125
fast_stress_a2_to_0_p1500ps,x1.m16,VGD,-1.801037267986814,1.7999321891863995,15.325497757284664,6.618153908428752
fast_stress_a2_to_0_p1500ps,x1.m16,VDS,-1.8244166753745432,0.083347656376078,10.001074607776964,5.015013106933867
fast_stress_a2_to_0_p1500ps,x1.m16,VBS,0.0,0.0,5e-05,5e-05
fast_stress_a2_to_0_p1500ps,x1.m17,VGS,-1.1806679530458786,1.8444672174841705,25.0,10.00807460777696
fast_stress_a2_to_0_p1500ps,x1.m17,VGD,-1.8959985388906535,1.8185866520229743,16.517101717982985,10.001074607776964
fast_stress_a2_to_0_p1500ps,x1.m17,VDS,2.5475745918324133e-05,1.8902323782471266,6.5391539084287285,19.995817672662977
fast_stress_a2_to_0_p1500ps,x1.m17,VBS,-1.2607572858841432,0.08119714480851271,15.337497757284678,20.011817672662996
fast_stress_a2_to_0_p1500ps,x1.m18,VGS,0.40363882038488186,1.8638528444650213,5e-05,20.009817672662994
fast_stress_a2_to_0_p1500ps,x1.m18,VGD,0.3107882641131403,1.8640056714616118,0.05050000000000006,20.013422711997688
fast_stress_a2_to_0_p1500ps,x1.m18,VDS,-0.2070409147614024,0.5847393757538313,15.411275123549055,5.0127999999999995
fast_stress_a2_to_0_p1500ps,x1.m18,VBS,-1.28810530005621,0.08335980120406852,4.99874782100733,20.008817672662992
fast_stress_a2_to_0_p1500ps,x1.m19,VGS,-1.8244166753745432,0.083347656376078,10.001074607776964,5.015013106933867
fast_stress_a2_to_0_p1500ps,x1.m19,VGD,-1.820123618513724,1.8820033817173072,10.002074607776963,5.015700308053428
fast_stress_a2_to_0_p1500ps,x1.m19,VDS,-1.831919309436084,0.03054272342306663,5.037153908428268,10.076485683496978
fast_stress_a2_to_0_p1500ps,x1.m19,VBS,0.0,0.0,5e-05,5e-05
fast_stress_a2_to_0_p1500ps,x1.m20,VGS,-0.024416675374543173,1.883347656376078,10.001074607776964,5.015013106933867
fast_stress_a2_to_0_p1500ps,x1.m20,VGD,-1.820123618513724,1.8820033817173072,10.002074607776963,5.015700308053428
fast_stress_a2_to_0_p1500ps,x1.m20,VDS,-0.03191930943608391,1.8305427234230667,5.037153908428268,10.076485683496978
fast_stress_a2_to_0_p1500ps,x1.m20,VBS,0.0,0.0,5e-05,5e-05
fast_stress_a2_to_0_p1500ps,x1.m21,VGS,-1.8,0.0,5e-05,5.0125
fast_stress_a2_to_0_p1500ps,x1.m21,VGD,-1.8015622225868757,-0.06354070880769402,15.326497757284665,9.987500000000002
fast_stress_a2_to_0_p1500ps,x1.m21,VDS,-1.0086766783842327,0.08001408158040912,0.000192405760128096,16.54592494217956
fast_stress_a2_to_0_p1500ps,x1.m21,VBS,0.0,0.0,5e-05,5e-05
fast_stress_a2_to_0_p1500ps,x1.m22,VGS,-1.0040285812658953,0.9238100654187767,16.518065057844332,0.03950000000000003
fast_stress_a2_to_0_p1500ps,x1.m22,VGD,-1.8960027126804033,0.448327906298295,16.517101717982985,0.05050000000000006
fast_stress_a2_to_0_p1500ps,x1.m22,VDS,0.4182384722238628,0.893812080664282,15.337497757284678,16.513896057431445
fast_stress_a2_to_0_p1500ps,x1.m22,VBS,-1.3831548443870747,-0.10515538740093083,15.336497757284677,5e-05
fast_stress_a2_to_0_p1500ps,x1.m23,VGS,-1.285522776381855,0.5453982782110761,4.99874782100733,0.017499999999999998
fast_stress_a2_to_0_p1500ps,x1.m23,VGD,-1.382587998718748,0.4578240496920216,15.336497757284677,0.014499999999999999
fast_stress_a2_to_0_p1500ps,x1.m23,VDS,-0.27346610425856244,1.4373357444394201,16.499070458690607,10.010074607776959
fast_stress_a2_to_0_p1500ps,x1.m23,VBS,-1.28810530005621,0.08335980120406852,4.99874782100733,20.008817672662992
fast_stress_a2_to_0_p1500ps,x1.m24,VGS,-1.0086766783842327,0.08001408158040912,0.000192405760128096,16.54592494217956
fast_stress_a2_to_0_p1500ps,x1.m24,VGD,0.0075954149898087575,1.8799559100487584,0.0005027885930611369,16.54692494217956
fast_stress_a2_to_0_p1500ps,x1.m24,VDS,-1.8042325436498332,-0.9860618646859788,20.00581767266299,0.003320437646783645
fast_stress_a2_to_0_p1500ps,x1.m24,VBS,0.0,0.0,5e-05,5e-05
fast_stress_a2_to_0_p1500ps,x1.m25,VGS,0.7913233216157672,1.8800140815804092,0.000192405760128096,16.54592494217956
fast_stress_a2_to_0_p1500ps,x1.m25,VGD,0.0075954149898087575,1.8799559100487584,0.0005027885930611369,16.54692494217956
fast_stress_a2_to_0_p1500ps,x1.m25,VDS,-0.004232543649833089,0.8139381353140213,20.00581767266299,0.003320437646783645
fast_stress_a2_to_0_p1500ps,x1.m25,VBS,0.0,0.0,5e-05,5e-05
fast_stress_a2_to_0_p1500ps,x1.m26,VGS,-1.2795933496177883,0.10943995544929574,5e-05,20.134777416667095
fast_stress_a2_to_0_p1500ps,x1.m26,VGD,0.07303497760708322,1.9081804897677075,0.013499999999999998,20.136777416667098
fast_stress_a2_to_0_p1500ps,x1.m26,VDS,-1.8357992702518717,-1.0182518058260832,5.010747821007334,0.0185
fast_stress_a2_to_0_p1500ps,x1.m26,VBS,0.0,0.0,5e-05,5e-05
fast_stress_a2_to_0_p1500ps,x1.m27,VGS,0.5204066503822117,1.9094399554492958,5e-05,20.134777416667095
fast_stress_a2_to_0_p1500ps,x1.m27,VGD,0.07303497760708322,1.9081804897677075,0.013499999999999998,20.136777416667098
fast_stress_a2_to_0_p1500ps,x1.m27,VDS,-0.03579927025187161,0.7817481941739168,5.010747821007334,0.0185
fast_stress_a2_to_0_p1500ps,x1.m27,VBS,0.0,0.0,5e-05,5e-05
fast_stress_a2_to_0_p1500ps,x1.m28,VGS,-1.8287365423698705,0.060752154032762906,5.021575756282087,20.125777416667088
fast_stress_a2_to_0_p1500ps,x1.m28,VGD,-1.8173318568267536,1.859998386616836,15.261494081046106,20.12677741666709
fast_stress_a2_to_0_p1500ps,x1.m28,VDS,-1.8166214347274217,0.05576728552658805,16.517101717982985,15.335497757284676
fast_stress_a2_to_0_p1500ps,x1.m28,VBS,0.0,0.0,5e-05,5e-05
fast_stress_a2_to_0_p1500ps,x1.m29,VGS,-0.02873654236987054,1.860752154032763,5.021575756282087,20.125777416667088
fast_stress_a2_to_0_p1500ps,x1.m29,VGD,-1.8173318568267536,1.859998386616836,15.261494081046106,20.12677741666709
fast_stress_a2_to_0_p1500ps,x1.m29,VDS,-0.016621434727421724,1.855767285526588,16.517101717982985,15.335497757284676
fast_stress_a2_to_0_p1500ps,x1.m29,VBS,0.0,0.0,5e-05,5e-05
fast_stress_a2_to_0_p1500ps,x2.mp1,VGS,-1.830896480239261,0.030577318075853732,16.53792494217955,20.07577741666703
fast_stress_a2_to_0_p1500ps,x2.mp1,VGD,-1.8281063206924029,1.8304719277123331,16.53792494217955,20.07677741666703
fast_stress_a2_to_0_p1500ps,x2.mp1,VDS,-1.8301540906317844,0.0827709117600095,20.159777416667126,16.5809249421796
fast_stress_a2_to_0_p1500ps,x2.mp1,VBS,0.0,0.0,5e-05,5e-05
fast_stress_a2_to_0_p1500ps,x2.mn1,VGS,-0.030896480239261014,1.8305773180758538,16.53792494217955,20.07577741666703
fast_stress_a2_to_0_p1500ps,x2.mn1,VGD,-1.8281063206924029,1.8304719277123331,16.53792494217955,20.07677741666703
fast_stress_a2_to_0_p1500ps,x2.mn1,VDS,-0.030154090631784324,1.8827709117600095,20.159777416667126,16.5809249421796
fast_stress_a2_to_0_p1500ps,x2.mn1,VBS,0.0,0.0,5e-05,5e-05
fast_stress_a2_to_0_p1500ps,x2.mp2,VGS,-1.8301540906317844,0.0827709117600095,20.159777416667126,16.5809249421796
fast_stress_a2_to_0_p1500ps,x2.mp2,VGD,-1.8291412970598953,1.8802300990600724,20.159777416667126,16.5809249421796
fast_stress_a2_to_0_p1500ps,x2.mp2,VDS,-1.8256825791878006,0.027359764509296003,16.608850709822647,20.202777416667175
fast_stress_a2_to_0_p1500ps,x2.mp2,VBS,0.0,0.0,5e-05,5e-05
fast_stress_a2_to_0_p1500ps,x2.mn2,VGS,-0.030154090631784324,1.8827709117600095,20.159777416667126,16.5809249421796
fast_stress_a2_to_0_p1500ps,x2.mn2,VGD,-1.8291412970598953,1.8802300990600724,20.159777416667126,16.5809249421796
fast_stress_a2_to_0_p1500ps,x2.mn2,VDS,-0.025682579187800616,1.827359764509296,16.608850709822647,20.202777416667175
fast_stress_a2_to_0_p1500ps,x2.mn2,VBS,0.0,0.0,5e-05,5e-05
fast_stress_a2_to_0_p1500ps,x3.mp1,VGS,-1.804208539582085,-0.9819549675950919,10.006074607776961,0.0007070099436865562
fast_stress_a2_to_0_p1500ps,x3.mp1,VGD,-1.8038135961502173,0.021915256893633495,10.00707460777696,0.00040942697154022523
fast_stress_a2_to_0_p1500ps,x3.mp1,VDS,-1.0326599282198452,0.00046290179522423536,0.00024476606336425763,16.4940704586906
fast_stress_a2_to_0_p1500ps,x3.mp1,VBS,0.0,0.0,5e-05,5e-05
fast_stress_a2_to_0_p1500ps,x3.mn1,VGS,-0.004208539582084921,0.8180450324049081,10.006074607776961,0.0007070099436865562
fast_stress_a2_to_0_p1500ps,x3.mn1,VGD,-1.8038135961502173,0.021915256893633495,10.00707460777696,0.00040942697154022523
fast_stress_a2_to_0_p1500ps,x3.mn1,VDS,0.7673400717801547,1.8004629017952243,0.00024476606336425763,16.4940704586906
fast_stress_a2_to_0_p1500ps,x3.mn1,VBS,0.0,0.0,5e-05,5e-05
fast_stress_a2_to_0_p1500ps,x3.mp2,VGS,-1.0326599282198452,0.00046290179522423536,0.00024476606336425763,16.4940704586906
fast_stress_a2_to_0_p1500ps,x3.mp2,VGD,0.7365112749558475,1.800300943019969,0.00024476606336425763,16.4940704586906
fast_stress_a2_to_0_p1500ps,x3.mp2,VDS,-1.7998716298740631,-1.7085550594824774,16.517101717982985,0.0315
fast_stress_a2_to_0_p1500ps,x3.mp2,VBS,0.0,0.0,5e-05,5e-05
fast_stress_a2_to_0_p1500ps,x3.mn2,VGS,0.7673400717801547,1.8004629017952243,0.00024476606336425763,16.4940704586906
fast_stress_a2_to_0_p1500ps,x3.mn2,VGD,0.7365112749558475,1.800300943019969,0.00024476606336425763,16.4940704586906
fast_stress_a2_to_0_p1500ps,x3.mn2,VDS,0.0001283701259368257,0.09144494051752262,16.517101717982985,0.0315
fast_stress_a2_to_0_p1500ps,x3.mn2,VBS,0.0,0.0,5e-05,5e-05
fast_stress_a2_to_0_p1500ps,x4.mp1,VGS,-1.8042325436498332,-0.9860618646859788,20.00581767266299,0.003320437646783645
fast_stress_a2_to_0_p1500ps,x4.mp1,VGD,-1.8038382608005465,0.016664405990235442,20.00681767266299,0.00040942697154022523
fast_stress_a2_to_0_p1500ps,x4.mp1,VDS,-1.033207726489447,0.00046255201047462613,0.00024476606336425763,4.99374782100733
fast_stress_a2_to_0_p1500ps,x4.mp1,VBS,0.0,0.0,5e-05,5e-05
fast_stress_a2_to_0_p1500ps,x4.mn1,VGS,-0.004232543649833089,0.8139381353140213,20.00581767266299,0.003320437646783645
fast_stress_a2_to_0_p1500ps,x4.mn1,VGD,-1.8038382608005465,0.016664405990235442,20.00681767266299,0.00040942697154022523
fast_stress_a2_to_0_p1500ps,x4.mn1,VDS,0.766792273510553,1.8004625520104747,0.00024476606336425763,4.99374782100733
fast_stress_a2_to_0_p1500ps,x4.mn1,VBS,0.0,0.0,5e-05,5e-05
fast_stress_a2_to_0_p1500ps,x4.mp2,VGS,-1.033207726489447,0.00046255201047462613,0.00024476606336425763,4.99374782100733
fast_stress_a2_to_0_p1500ps,x4.mp2,VGD,0.7359736259000824,1.8003004578156288,0.00024476606336425763,4.99374782100733
fast_stress_a2_to_0_p1500ps,x4.mp2,VDS,-1.7998714757190304,-1.70788176898593,5.017575756282086,0.0315
fast_stress_a2_to_0_p1500ps,x4.mp2,VBS,0.0,0.0,5e-05,5e-05
fast_stress_a2_to_0_p1500ps,x4.mn2,VGS,0.766792273510553,1.8004625520104747,0.00024476606336425763,4.99374782100733
fast_stress_a2_to_0_p1500ps,x4.mn2,VGD,0.7359736259000824,1.8003004578156288,0.00024476606336425763,4.99374782100733
fast_stress_a2_to_0_p1500ps,x4.mn2,VDS,0.0001285242809697522,0.09211823101407009,5.017575756282086,0.0315
fast_stress_a2_to_0_p1500ps,x4.mn2,VBS,0.0,0.0,5e-05,5e-05
fast_stress_a2_to_0_p1500ps,x5.mp1,VGS,-1.831919309436084,0.03054272342306663,5.037153908428268,10.076485683496978
fast_stress_a2_to_0_p1500ps,x5.mp1,VGD,-1.8290261011228937,1.8304339724608614,5.038153908428268,10.077485683496977
fast_stress_a2_to_0_p1500ps,x5.mp1,VDS,-1.8309906679423755,0.08313208063617572,10.159485683496934,5.07915390842828
fast_stress_a2_to_0_p1500ps,x5.mp1,VBS,0.0,0.0,5e-05,5e-05
fast_stress_a2_to_0_p1500ps,x5.mn1,VGS,-0.03191930943608391,1.8305427234230667,5.037153908428268,10.076485683496978
fast_stress_a2_to_0_p1500ps,x5.mn1,VGD,-1.8290261011228937,1.8304339724608614,5.038153908428268,10.077485683496977
fast_stress_a2_to_0_p1500ps,x5.mn1,VDS,-0.030990667942375563,1.8831320806361758,10.159485683496934,5.07915390842828
fast_stress_a2_to_0_p1500ps,x5.mn1,VBS,0.0,0.0,5e-05,5e-05
fast_stress_a2_to_0_p1500ps,x5.mp2,VGS,-1.8309906679423755,0.08313208063617572,10.159485683496934,5.07915390842828
fast_stress_a2_to_0_p1500ps,x5.mp2,VGD,-1.829945871211516,1.8805601939719756,10.159485683496934,5.07915390842828
fast_stress_a2_to_0_p1500ps,x5.mp2,VDS,-1.8256886783432882,0.02739548203658848,5.107153908428289,10.201485683496912
fast_stress_a2_to_0_p1500ps,x5.mp2,VBS,0.0,0.0,5e-05,5e-05
fast_stress_a2_to_0_p1500ps,x5.mn2,VGS,-0.030990667942375563,1.8831320806361758,10.159485683496934,5.07915390842828
fast_stress_a2_to_0_p1500ps,x5.mn2,VGD,-1.829945871211516,1.8805601939719756,10.159485683496934,5.07915390842828
fast_stress_a2_to_0_p1500ps,x5.mn2,VDS,-0.02568867834328804,1.8273954820365885,5.107153908428289,10.201485683496912
fast_stress_a2_to_0_p1500ps,x5.mn2,VBS,0.0,0.0,5e-05,5e-05
fast_stress_a2_to_1_p1500ps,x1.m1,VGS,-1.8,0.0,5e-05,15.348222754591994
fast_stress_a2_to_1_p1500ps,x1.m1,VGD,-1.9078731383831857,1.8698238518439763,10.133485683496948,16.51502406061566
fast_stress_a2_to_1_p1500ps,x1.m1,VDS,-1.8698238518439763,0.10787313838318568,16.51502406061566,10.133485683496948
fast_stress_a2_to_1_p1500ps,x1.m1,VBS,0.0,0.0,5e-05,5e-05
fast_stress_a2_to_1_p1500ps,x1.m2,VGS,0.0,1.8,5e-05,15.348222754591994
fast_stress_a2_to_1_p1500ps,x1.m2,VGD,-1.9078731383831857,1.8698238518439763,10.133485683496948,16.51502406061566
fast_stress_a2_to_1_p1500ps,x1.m2,VDS,-0.06982385184397621,1.9078731383831857,16.51502406061566,10.133485683496948
fast_stress_a2_to_1_p1500ps,x1.m2,VBS,0.0,0.0,5e-05,5e-05
fast_stress_a2_to_1_p1500ps,x1.m3,VGS,-1.8,0.0,15.316433257040998,5e-05
fast_stress_a2_to_1_p1500ps,x1.m3,VGD,-1.8601423222891031,1.8287365423698705,20.12877741666709,5.021575756282087
fast_stress_a2_to_1_p1500ps,x1.m3,VDS,-1.8287365423698705,0.0601423222891031,5.021575756282087,20.12877741666709
fast_stress_a2_to_1_p1500ps,x1.m3,VBS,0.0,0.0,5e-05,5e-05
fast_stress_a2_to_1_p1500ps,x1.m4,VGS,0.0,1.8,15.316433257040998,5e-05
fast_stress_a2_to_1_p1500ps,x1.m4,VGD,-1.8601423222891031,1.8287365423698705,20.12877741666709,5.021575756282087
fast_stress_a2_to_1_p1500ps,x1.m4,VDS,-0.02873654236987054,1.8601423222891031,5.021575756282087,20.12877741666709
fast_stress_a2_to_1_p1500ps,x1.m4,VBS,0.0,0.0,5e-05,5e-05
fast_stress_a2_to_1_p1500ps,x1.m5,VGS,-1.8,0.0,5e-05,5.0125
fast_stress_a2_to_1_p1500ps,x1.m5,VGD,-1.8171962169733225,-0.05802742043518139,15.36313202546664,19.9875
fast_stress_a2_to_1_p1500ps,x1.m5,VDS,-0.9948787756196498,0.08027094458637118,0.000192405760128096,5.149153908428302
fast_stress_a2_to_1_p1500ps,x1.m5,VBS,0.0,0.0,5e-05,5e-05
fast_stress_a2_to_1_p1500ps,x1.m6,VGS,-1.205862371753968,0.5950010360127314,15.25979962612384,15.710132025467034
fast_stress_a2_to_1_p1500ps,x1.m6,VGD,-1.907548947769712,0.06201246691272355,5.021575756282087,20.123777416667085
fast_stress_a2_to_1_p1500ps,x1.m6,VDS,0.45008372727705415,1.8876597322088264,25.0,9.996074607776967
fast_stress_a2_to_1_p1500ps,x1.m6,VBS,-1.3498698521212553,0.08107942201786694,25.0,10.012074607776958
fast_stress_a2_to_1_p1500ps,x1.m7,VGS,-1.2480423121497415,1.8638023092039084,16.49849446115891,10.010074607776959
fast_stress_a2_to_1_p1500ps,x1.m7,VGD,-1.3498121017059517,1.863969135977055,25.0,10.013298117341483
fast_stress_a2_to_1_p1500ps,x1.m7,VDS,-0.10730249575810658,1.3999229225698258,4.99874782100733,20.00902909230961
fast_stress_a2_to_1_p1500ps,x1.m7,VBS,-1.28810530005621,0.0833233153678593,4.99874782100733,10.00907460777696
fast_stress_a2_to_1_p1500ps,x1.m8,VGS,0.0,1.8,5e-05,5.0125
fast_stress_a2_to_1_p1500ps,x1.m8,VGD,-1.1969834151804002,1.7999831466723417,15.25779962612384,17.609016662343933
fast_stress_a2_to_1_p1500ps,x1.m8,VDS,-0.0833233153678593,1.28810530005621,10.00907460777696,4.99874782100733
fast_stress_a2_to_1_p1500ps,x1.m8,VBS,0.0,0.0,5e-05,5e-05
fast_stress_a2_to_1_p1500ps,x1.m9,VGS,-0.9948787756196498,0.08027094458637118,0.000192405760128096,5.149153908428302
fast_stress_a2_to_1_p1500ps,x1.m9,VGD,0.014569345258993005,1.8802141019579883,0.0005027885930611369,5.150153908428302
fast_stress_a2_to_1_p1500ps,x1.m9,VDS,-1.8041989195905344,-0.9823728479564311,10.006074607776961,0.0007070099436865562
fast_stress_a2_to_1_p1500ps,x1.m9,VBS,0.0,0.0,5e-05,5e-05
fast_stress_a2_to_1_p1500ps,x1.m10,VGS,0.8051212243803503,1.8802709445863712,0.000192405760128096,5.149153908428302
fast_stress_a2_to_1_p1500ps,x1.m10,VGD,0.014569345258993005,1.8802141019579883,0.0005027885930611369,5.150153908428302
fast_stress_a2_to_1_p1500ps,x1.m10,VDS,-0.004198919590534325,0.817627152043569,10.006074607776961,0.0007070099436865562
fast_stress_a2_to_1_p1500ps,x1.m10,VBS,0.0,0.0,5e-05,5e-05
fast_stress_a2_to_1_p1500ps,x1.m11,VGS,-1.8,0.0,5e-05,5.0125
fast_stress_a2_to_1_p1500ps,x1.m11,VGD,-1.8184046269694423,1.7999322988456399,15.348422754591995,17.60701666234393
fast_stress_a2_to_1_p1500ps,x1.m11,VDS,-1.8243954729407665,0.08229168761721084,20.0010290923096,16.514497708405447
fast_stress_a2_to_1_p1500ps,x1.m11,VBS,0.0,0.0,5e-05,5e-05
fast_stress_a2_to_1_p1500ps,x1.m12,VGS,-0.024280939419329673,1.8410025400633598,5.021575756282087,20.007029092309608
fast_stress_a2_to_1_p1500ps,x1.m12,VGD,-1.9074716573187733,1.818179481685055,5.021575756282087,20.0000290923096
fast_stress_a2_to_1_p1500ps,x1.m12,VDS,2.544106620933073e-05,1.8847423036154252,17.61401666234394,5.0140441534464095
fast_stress_a2_to_1_p1500ps,x1.m12,VBS,-1.2409645716597453,0.04706464743869676,25.0,20.007029092309608
fast_stress_a2_to_1_p1500ps,x1.m13,VGS,-1.285522776381855,1.871747092390542,4.99874782100733,20.012029092309614
fast_stress_a2_to_1_p1500ps,x1.m13,VGD,-0.09924736774980643,1.8339367510908158,15.339203483986564,20.00802909230961
fast_stress_a2_to_1_p1500ps,x1.m13,VDS,-1.2850519979303545,0.5635761727944026,4.99874782100733,16.512800000000002
fast_stress_a2_to_1_p1500ps,x1.m13,VBS,-1.28810530005621,0.0833233153678593,4.99874782100733,10.00907460777696
fast_stress_a2_to_1_p1500ps,x1.m14,VGS,-1.8243954729407665,0.08229168761721084,20.0010290923096,16.514497708405447
fast_stress_a2_to_1_p1500ps,x1.m14,VGD,-1.820097148554463,1.880891988656435,20.002029092309602,16.51502406061566
fast_stress_a2_to_1_p1500ps,x1.m14,VDS,-1.8319277471241258,0.02967244026101401,16.53704721110884,20.07677741666703
fast_stress_a2_to_1_p1500ps,x1.m14,VBS,0.0,0.0,5e-05,5e-05
fast_stress_a2_to_1_p1500ps,x1.m15,VGS,-0.024395472940766466,1.8822916876172109,20.0010290923096,16.514497708405447
fast_stress_a2_to_1_p1500ps,x1.m15,VGD,-1.820097148554463,1.880891988656435,20.002029092309602,16.51502406061566
fast_stress_a2_to_1_p1500ps,x1.m15,VDS,-0.03192774712412565,1.829672440261014,16.53704721110884,20.07677741666703
fast_stress_a2_to_1_p1500ps,x1.m15,VBS,0.0,0.0,5e-05,5e-05
fast_stress_a2_to_1_p1500ps,x1.m16,VGS,-1.8,0.0,5e-05,5.0125
fast_stress_a2_to_1_p1500ps,x1.m16,VGD,-1.801232052562309,1.7999321891863995,15.319203483986541,6.618153908428752
fast_stress_a2_to_1_p1500ps,x1.m16,VDS,-1.8244166753745432,0.083347656376078,10.001074607776964,5.015013106933867
fast_stress_a2_to_1_p1500ps,x1.m16,VBS,0.0,0.0,5e-05,5e-05
fast_stress_a2_to_1_p1500ps,x1.m17,VGS,-0.5844747111707498,1.8444672174841705,20.005029092309606,10.00807460777696
fast_stress_a2_to_1_p1500ps,x1.m17,VGD,-1.8953712290547764,1.8185866520229743,16.516639547363916,10.001074607776964
fast_stress_a2_to_1_p1500ps,x1.m17,VDS,2.5475745918324133e-05,1.31336198501602,6.5391539084287285,16.515713805543637
fast_stress_a2_to_1_p1500ps,x1.m17,VBS,-1.253520071012109,0.04779612755033208,5.007747821007333,10.00707460777696
fast_stress_a2_to_1_p1500ps,x1.m18,VGS,-1.2480423121497415,1.8638023092039084,16.49849446115891,10.010074607776959
fast_stress_a2_to_1_p1500ps,x1.m18,VGD,-0.6362498758699484,1.8281717460495164,16.514497708405447,10.006074607776961
fast_stress_a2_to_1_p1500ps,x1.m18,VDS,-0.6723315462104884,0.6649413866857812,16.49849446115891,20.00902909230961
fast_stress_a2_to_1_p1500ps,x1.m18,VBS,-1.28810530005621,0.0833233153678593,4.99874782100733,10.00907460777696
fast_stress_a2_to_1_p1500ps,x1.m19,VGS,-1.8244166753745432,0.083347656376078,10.001074607776964,5.015013106933867
fast_stress_a2_to_1_p1500ps,x1.m19,VGD,-1.820123618513724,1.8820033817173072,10.002074607776963,5.015700308053428
fast_stress_a2_to_1_p1500ps,x1.m19,VDS,-1.831919309436084,0.03054272342306663,5.037153908428268,10.076485683496978
fast_stress_a2_to_1_p1500ps,x1.m19,VBS,0.0,0.0,5e-05,5e-05
fast_stress_a2_to_1_p1500ps,x1.m20,VGS,-0.024416675374543173,1.883347656376078,10.001074607776964,5.015013106933867
fast_stress_a2_to_1_p1500ps,x1.m20,VGD,-1.820123618513724,1.8820033817173072,10.002074607776963,5.015700308053428
fast_stress_a2_to_1_p1500ps,x1.m20,VDS,-0.03191930943608391,1.8305427234230667,5.037153908428268,10.076485683496978
fast_stress_a2_to_1_p1500ps,x1.m20,VBS,0.0,0.0,5e-05,5e-05
fast_stress_a2_to_1_p1500ps,x1.m21,VGS,-1.8,0.0,5e-05,5.0125
fast_stress_a2_to_1_p1500ps,x1.m21,VGD,-1.8014671270282774,-0.06354070880769402,15.326203483986548,9.987500000000002
fast_stress_a2_to_1_p1500ps,x1.m21,VDS,-1.0086766783842327,0.08031640845849197,0.000192405760128096,16.64401666234284
fast_stress_a2_to_1_p1500ps,x1.m21,VBS,0.0,0.0,5e-05,5e-05
fast_stress_a2_to_1_p1500ps,x1.m22,VGS,-1.3430947055699984,0.9238100654187767,15.437132025466724,0.03950000000000003
fast_stress_a2_to_1_p1500ps,x1.m22,VGD,-1.895364527517212,0.448327906298295,16.516639547363916,0.05050000000000006
fast_stress_a2_to_1_p1500ps,x1.m22,VDS,0.2358347436527437,1.8901313288307426,15.384132025466664,19.995029092309593
fast_stress_a2_to_1_p1500ps,x1.m22,VBS,-1.5452324768968433,0.07869185521713928,15.382132025466662,20.011029092309613
fast_stress_a2_to_1_p1500ps,x1.m23,VGS,-1.285522776381855,1.871747092390542,4.99874782100733,20.012029092309614
fast_stress_a2_to_1_p1500ps,x1.m23,VGD,-1.391329862830774,1.8735001260620843,15.322203483986545,20.013590213846733
fast_stress_a2_to_1_p1500ps,x1.m23,VDS,-0.10141329345645822,1.4373357444394201,16.49849446115891,10.010074607776959
fast_stress_a2_to_1_p1500ps,x1.m23,VBS,-1.28810530005621,0.0833233153678593,4.99874782100733,10.00907460777696
fast_stress_a2_to_1_p1500ps,x1.m24,VGS,-1.0086766783842327,0.08031640845849197,0.000192405760128096,16.64401666234284
fast_stress_a2_to_1_p1500ps,x1.m24,VGD,0.0075954149898087575,1.8802596012338997,0.0005027885930611369,16.64501666234284
fast_stress_a2_to_1_p1500ps,x1.m24,VDS,-1.804223419352033,-0.9860618646859788,20.006029092309607,0.003320437646783645
fast_stress_a2_to_1_p1500ps,x1.m24,VBS,0.0,0.0,5e-05,5e-05
fast_stress_a2_to_1_p1500ps,x1.m25,VGS,0.7913233216157672,1.880316408458492,0.000192405760128096,16.64401666234284
fast_stress_a2_to_1_p1500ps,x1.m25,VGD,0.0075954149898087575,1.8802596012338997,0.0005027885930611369,16.64501666234284
fast_stress_a2_to_1_p1500ps,x1.m25,VDS,-0.004223419352033051,0.8139381353140213,20.006029092309607,0.003320437646783645
fast_stress_a2_to_1_p1500ps,x1.m25,VBS,0.0,0.0,5e-05,5e-05
fast_stress_a2_to_1_p1500ps,x1.m26,VGS,-1.8698238518439763,0.10787313838318568,16.51502406061566,10.133485683496948
fast_stress_a2_to_1_p1500ps,x1.m26,VGD,-1.8205808016593654,1.9066317689291707,20.072777416667027,10.135485683496947
fast_stress_a2_to_1_p1500ps,x1.m26,VDS,-1.8357992702518717,0.030596668286875905,5.010747821007334,20.062777416667014
fast_stress_a2_to_1_p1500ps,x1.m26,VBS,0.0,0.0,5e-05,5e-05
fast_stress_a2_to_1_p1500ps,x1.m27,VGS,-0.06982385184397621,1.9078731383831857,16.51502406061566,10.133485683496948
fast_stress_a2_to_1_p1500ps,x1.m27,VGD,-1.8205808016593654,1.9066317689291707,20.072777416667027,10.135485683496947
fast_stress_a2_to_1_p1500ps,x1.m27,VDS,-0.03579927025187161,1.830596668286876,5.010747821007334,20.062777416667014
fast_stress_a2_to_1_p1500ps,x1.m27,VBS,0.0,0.0,5e-05,5e-05
fast_stress_a2_to_1_p1500ps,x1.m28,VGS,-1.8287365423698705,0.0601423222891031,5.021575756282087,20.12877741666709
fast_stress_a2_to_1_p1500ps,x1.m28,VGD,-1.8172644367918172,1.859414357602708,15.261799626123842,20.130777416667094
fast_stress_a2_to_1_p1500ps,x1.m28,VDS,-1.815942029327132,0.05204082072433702,16.516639547363916,15.33620348398656
fast_stress_a2_to_1_p1500ps,x1.m28,VBS,0.0,0.0,5e-05,5e-05
fast_stress_a2_to_1_p1500ps,x1.m29,VGS,-0.02873654236987054,1.8601423222891031,5.021575756282087,20.12877741666709
fast_stress_a2_to_1_p1500ps,x1.m29,VGD,-1.8172644367918172,1.859414357602708,15.261799626123842,20.130777416667094
fast_stress_a2_to_1_p1500ps,x1.m29,VDS,-0.015942029327132068,1.852040820724337,16.516639547363916,15.33620348398656
fast_stress_a2_to_1_p1500ps,x1.m29,VBS,0.0,0.0,5e-05,5e-05
fast_stress_a2_to_1_p1500ps,x2.mp1,VGS,-1.8041989195905344,-0.9823728479564311,10.006074607776961,0.0007070099436865562
fast_stress_a2_to_1_p1500ps,x2.mp1,VGD,-1.803805846574533,0.021544221006321584,10.00707460777696,0.00040942697154022523
fast_stress_a2_to_1_p1500ps,x2.mp1,VDS,-1.032681758426923,0.0004620418474863275,0.00024476606336425763,16.494494461158908
fast_stress_a2_to_1_p1500ps,x2.mp1,VBS,0.0,0.0,5e-05,5e-05
fast_stress_a2_to_1_p1500ps,x2.mn1,VGS,-0.004198919590534325,0.817627152043569,10.006074607776961,0.0007070099436865562
fast_stress_a2_to_1_p1500ps,x2.mn1,VGD,-1.803805846574533,0.021544221006321584,10.00707460777696,0.00040942697154022523
fast_stress_a2_to_1_p1500ps,x2.mn1,VDS,0.767318241573077,1.8004620418474864,0.00024476606336425763,16.494494461158908
fast_stress_a2_to_1_p1500ps,x2.mn1,VBS,0.0,0.0,5e-05,5e-05
fast_stress_a2_to_1_p1500ps,x2.mp2,VGS,-1.032681758426923,0.0004620418474863275,0.00024476606336425763,16.494494461158908
fast_stress_a2_to_1_p1500ps,x2.mp2,VGD,0.7364897480715445,1.8003003434084082,0.00024476606336425763,16.494494461158908
fast_stress_a2_to_1_p1500ps,x2.mp2,VDS,-1.7998714321022542,-1.7085014191228336,16.517619218710067,0.0315
fast_stress_a2_to_1_p1500ps,x2.mp2,VBS,0.0,0.0,5e-05,5e-05
fast_stress_a2_to_1_p1500ps,x2.mn2,VGS,0.767318241573077,1.8004620418474864,0.00024476606336425763,16.494494461158908
fast_stress_a2_to_1_p1500ps,x2.mn2,VGD,0.7364897480715445,1.8003003434084082,0.00024476606336425763,16.494494461158908
fast_stress_a2_to_1_p1500ps,x2.mn2,VDS,0.00012856789774577293,0.09149858087716636,16.517619218710067,0.0315
fast_stress_a2_to_1_p1500ps,x2.mn2,VBS,0.0,0.0,5e-05,5e-05
fast_stress_a2_to_1_p1500ps,x3.mp1,VGS,-1.8319277471241258,0.02967244026101401,16.53704721110884,20.07677741666703
fast_stress_a2_to_1_p1500ps,x3.mp1,VGD,-1.8290290158791263,1.8295746165418554,16.53804721110884,20.077777416667033
fast_stress_a2_to_1_p1500ps,x3.mp1,VDS,-1.8302550876016332,0.08364362757573796,20.160777416667127,16.578016662342762
fast_stress_a2_to_1_p1500ps,x3.mp1,VBS,0.0,0.0,5e-05,5e-05
fast_stress_a2_to_1_p1500ps,x3.mn1,VGS,-0.03192774712412565,1.829672440261014,16.53704721110884,20.07677741666703
fast_stress_a2_to_1_p1500ps,x3.mn1,VGD,-1.8290290158791263,1.8295746165418554,16.53804721110884,20.077777416667033
fast_stress_a2_to_1_p1500ps,x3.mn1,VDS,-0.030255087601633257,1.883643627575738,20.160777416667127,16.578016662342762
fast_stress_a2_to_1_p1500ps,x3.mn1,VBS,0.0,0.0,5e-05,5e-05
fast_stress_a2_to_1_p1500ps,x3.mp2,VGS,-1.8302550876016332,0.08364362757573796,20.160777416667127,16.578016662342762
fast_stress_a2_to_1_p1500ps,x3.mp2,VGD,-1.829239572302978,1.881019835149444,20.161777416667128,16.578016662342762
fast_stress_a2_to_1_p1500ps,x3.mp2,VDS,-1.8257439165915301,0.0273462515206071,16.606016662342796,20.204777416667177
fast_stress_a2_to_1_p1500ps,x3.mp2,VBS,0.0,0.0,5e-05,5e-05
fast_stress_a2_to_1_p1500ps,x3.mn2,VGS,-0.030255087601633257,1.883643627575738,20.160777416667127,16.578016662342762
fast_stress_a2_to_1_p1500ps,x3.mn2,VGD,-1.829239572302978,1.881019835149444,20.161777416667128,16.578016662342762
fast_stress_a2_to_1_p1500ps,x3.mn2,VDS,-0.025743916591530115,1.8273462515206071,16.606016662342796,20.204777416667177
fast_stress_a2_to_1_p1500ps,x3.mn2,VBS,0.0,0.0,5e-05,5e-05
fast_stress_a2_to_1_p1500ps,x4.mp1,VGS,-1.804223419352033,-0.9860618646859788,20.006029092309607,0.003320437646783645
fast_stress_a2_to_1_p1500ps,x4.mp1,VGD,-1.803830446259256,0.016664405990235442,20.007029092309608,0.00040942697154022523
fast_stress_a2_to_1_p1500ps,x4.mp1,VDS,-1.033207726489447,0.00046255201047462613,0.00024476606336425763,4.99374782100733
fast_stress_a2_to_1_p1500ps,x4.mp1,VBS,0.0,0.0,5e-05,5e-05
fast_stress_a2_to_1_p1500ps,x4.mn1,VGS,-0.004223419352033051,0.8139381353140213,20.006029092309607,0.003320437646783645
fast_stress_a2_to_1_p1500ps,x4.mn1,VGD,-1.803830446259256,0.016664405990235442,20.007029092309608,0.00040942697154022523
fast_stress_a2_to_1_p1500ps,x4.mn1,VDS,0.766792273510553,1.8004625520104747,0.00024476606336425763,4.99374782100733
fast_stress_a2_to_1_p1500ps,x4.mn1,VBS,0.0,0.0,5e-05,5e-05
fast_stress_a2_to_1_p1500ps,x4.mp2,VGS,-1.033207726489447,0.00046255201047462613,0.00024476606336425763,4.99374782100733
fast_stress_a2_to_1_p1500ps,x4.mp2,VGD,0.7359736259000824,1.8003004578156288,0.00024476606336425763,4.99374782100733
fast_stress_a2_to_1_p1500ps,x4.mp2,VDS,-1.7998714757190304,-1.70788176898593,5.017575756282086,0.0315
fast_stress_a2_to_1_p1500ps,x4.mp2,VBS,0.0,0.0,5e-05,5e-05
fast_stress_a2_to_1_p1500ps,x4.mn2,VGS,0.766792273510553,1.8004625520104747,0.00024476606336425763,4.99374782100733
fast_stress_a2_to_1_p1500ps,x4.mn2,VGD,0.7359736259000824,1.8003004578156288,0.00024476606336425763,4.99374782100733
fast_stress_a2_to_1_p1500ps,x4.mn2,VDS,0.0001285242809697522,0.09211823101407009,5.017575756282086,0.0315
fast_stress_a2_to_1_p1500ps,x4.mn2,VBS,0.0,0.0,5e-05,5e-05
fast_stress_a2_to_1_p1500ps,x5.mp1,VGS,-1.831919309436084,0.03054272342306663,5.037153908428268,10.076485683496978
fast_stress_a2_to_1_p1500ps,x5.mp1,VGD,-1.8290261011228937,1.8304339724608614,5.038153908428268,10.077485683496977
fast_stress_a2_to_1_p1500ps,x5.mp1,VDS,-1.8309906679423755,0.08313208063617572,10.159485683496934,5.07915390842828
fast_stress_a2_to_1_p1500ps,x5.mp1,VBS,0.0,0.0,5e-05,5e-05
fast_stress_a2_to_1_p1500ps,x5.mn1,VGS,-0.03191930943608391,1.8305427234230667,5.037153908428268,10.076485683496978
fast_stress_a2_to_1_p1500ps,x5.mn1,VGD,-1.8290261011228937,1.8304339724608614,5.038153908428268,10.077485683496977
fast_stress_a2_to_1_p1500ps,x5.mn1,VDS,-0.030990667942375563,1.8831320806361758,10.159485683496934,5.07915390842828
fast_stress_a2_to_1_p1500ps,x5.mn1,VBS,0.0,0.0,5e-05,5e-05
fast_stress_a2_to_1_p1500ps,x5.mp2,VGS,-1.8309906679423755,0.08313208063617572,10.159485683496934,5.07915390842828
fast_stress_a2_to_1_p1500ps,x5.mp2,VGD,-1.829945871211516,1.8805601939719756,10.159485683496934,5.07915390842828
fast_stress_a2_to_1_p1500ps,x5.mp2,VDS,-1.8256886783432882,0.02739548203658848,5.107153908428289,10.201485683496912
fast_stress_a2_to_1_p1500ps,x5.mp2,VBS,0.0,0.0,5e-05,5e-05
fast_stress_a2_to_1_p1500ps,x5.mn2,VGS,-0.030990667942375563,1.8831320806361758,10.159485683496934,5.07915390842828
fast_stress_a2_to_1_p1500ps,x5.mn2,VGD,-1.829945871211516,1.8805601939719756,10.159485683496934,5.07915390842828
fast_stress_a2_to_1_p1500ps,x5.mn2,VDS,-0.02568867834328804,1.8273954820365885,5.107153908428289,10.201485683496912
fast_stress_a2_to_1_p1500ps,x5.mn2,VBS,0.0,0.0,5e-05,5e-05
fast_stress_a2_to_3_p1500ps,x1.m1,VGS,-1.8,0.0,5e-05,15.348222754591994
fast_stress_a2_to_3_p1500ps,x1.m1,VGD,-1.9078731383831857,1.8685243354434788,10.133485683496948,16.514863811878293
fast_stress_a2_to_3_p1500ps,x1.m1,VDS,-1.8685243354434788,0.10787313838318568,16.514863811878293,10.133485683496948
fast_stress_a2_to_3_p1500ps,x1.m1,VBS,0.0,0.0,5e-05,5e-05
fast_stress_a2_to_3_p1500ps,x1.m2,VGS,0.0,1.8,5e-05,15.348222754591994
fast_stress_a2_to_3_p1500ps,x1.m2,VGD,-1.9078731383831857,1.8685243354434788,10.133485683496948,16.514863811878293
fast_stress_a2_to_3_p1500ps,x1.m2,VDS,-0.06852433544347872,1.9078731383831857,16.514863811878293,10.133485683496948
fast_stress_a2_to_3_p1500ps,x1.m2,VBS,0.0,0.0,5e-05,5e-05
fast_stress_a2_to_3_p1500ps,x1.m3,VGS,0.0,0.0,5e-05,5e-05
fast_stress_a2_to_3_p1500ps,x1.m3,VGD,1.0318770853360237,1.8287365423698705,0.001113993852769311,5.021575756282087
fast_stress_a2_to_3_p1500ps,x1.m3,VDS,-1.8287365423698705,-1.0318770853360237,5.021575756282087,0.001113993852769311
fast_stress_a2_to_3_p1500ps,x1.m3,VBS,0.0,0.0,5e-05,5e-05
fast_stress_a2_to_3_p1500ps,x1.m4,VGS,1.8,1.8,5e-05,5e-05
fast_stress_a2_to_3_p1500ps,x1.m4,VGD,1.0318770853360237,1.8287365423698705,0.001113993852769311,5.021575756282087
fast_stress_a2_to_3_p1500ps,x1.m4,VDS,-0.02873654236987054,0.7681229146639763,5.021575756282087,0.001113993852769311
fast_stress_a2_to_3_p1500ps,x1.m4,VBS,0.0,0.0,5e-05,5e-05
fast_stress_a2_to_3_p1500ps,x1.m5,VGS,-1.8,0.0,5e-05,5.0125
fast_stress_a2_to_3_p1500ps,x1.m5,VGD,-1.8004174763033756,-0.07107468205818401,15.38807342946025,9.987500000000002
fast_stress_a2_to_3_p1500ps,x1.m5,VDS,-0.9948787756196498,0.08027094458637118,0.000192405760128096,5.149153908428302
fast_stress_a2_to_3_p1500ps,x1.m5,VBS,0.0,0.0,5e-05,5e-05
fast_stress_a2_to_3_p1500ps,x1.m6,VGS,-1.190923278318803,0.5122512367744758,15.258599684150958,0.0009634794717370069
fast_stress_a2_to_3_p1500ps,x1.m6,VGD,-1.907548947769712,-0.07669553005013485,5.021575756282087,0.0005981282853034989
fast_stress_a2_to_3_p1500ps,x1.m6,VDS,0.5626789555613338,1.8876597322088264,5e-05,9.996074607776967
fast_stress_a2_to_3_p1500ps,x1.m6,VBS,-1.1910473838414988,0.08107942201786694,15.258599684150958,10.012074607776958
fast_stress_a2_to_3_p1500ps,x1.m7,VGS,-1.2227920809339359,1.8638023092039084,16.49858957186758,10.010074607776959
fast_stress_a2_to_3_p1500ps,x1.m7,VGD,-0.8534213427811328,1.863969135977055,16.51437238685276,10.013298117341483
fast_stress_a2_to_3_p1500ps,x1.m7,VDS,-0.4275157543312007,0.8833245303512888,16.49858957186758,20.009029118578816
fast_stress_a2_to_3_p1500ps,x1.m7,VBS,-1.28810530005621,0.0833233153678593,4.99874782100733,10.00907460777696
fast_stress_a2_to_3_p1500ps,x1.m8,VGS,0.0,1.8,5e-05,5.0125
fast_stress_a2_to_3_p1500ps,x1.m8,VGD,-1.1972034447340962,1.7999831397743096,15.258599684150958,6.664153908428767
fast_stress_a2_to_3_p1500ps,x1.m8,VDS,-0.0833233153678593,1.28810530005621,10.00907460777696,4.99874782100733
fast_stress_a2_to_3_p1500ps,x1.m8,VBS,0.0,0.0,5e-05,5e-05
fast_stress_a2_to_3_p1500ps,x1.m9,VGS,-0.9948787756196498,0.08027094458637118,0.000192405760128096,5.149153908428302
fast_stress_a2_to_3_p1500ps,x1.m9,VGD,0.014569345258993005,1.8802141019579883,0.0005027885930611369,5.150153908428302
fast_stress_a2_to_3_p1500ps,x1.m9,VDS,-1.8042399314841946,-0.9823728479564311,20.006029118578812,0.0007070099436865562
fast_stress_a2_to_3_p1500ps,x1.m9,VBS,0.0,0.0,5e-05,5e-05
fast_stress_a2_to_3_p1500ps,x1.m10,VGS,0.8051212243803503,1.8802709445863712,0.000192405760128096,5.149153908428302
fast_stress_a2_to_3_p1500ps,x1.m10,VGD,0.014569345258993005,1.8802141019579883,0.0005027885930611369,5.150153908428302
fast_stress_a2_to_3_p1500ps,x1.m10,VDS,-0.004239931484194444,0.817627152043569,20.006029118578812,0.0007070099436865562
fast_stress_a2_to_3_p1500ps,x1.m10,VBS,0.0,0.0,5e-05,5e-05
fast_stress_a2_to_3_p1500ps,x1.m11,VGS,-1.8,0.0,5e-05,5.0125
fast_stress_a2_to_3_p1500ps,x1.m11,VGD,-1.8001257816256868,-0.07064657724352652,15.390073429460253,9.987500000000002
fast_stress_a2_to_3_p1500ps,x1.m11,VDS,-0.9942039813345008,0.08028225768698105,0.000192405760128096,16.645558512911382
fast_stress_a2_to_3_p1500ps,x1.m11,VBS,0.0,0.0,5e-05,5e-05
fast_stress_a2_to_3_p1500ps,x1.m12,VGS,-1.1800682112422467,0.5554232828229247,25.0,0.001113993852769311
fast_stress_a2_to_3_p1500ps,x1.m12,VGD,-1.9074716573187733,-0.07770784012577947,5.021575756282087,0.0005981282853034989
fast_stress_a2_to_3_p1500ps,x1.m12,VDS,0.6138434390974792,1.8901673795623684,0.00024476606336425763,19.9950291185788
fast_stress_a2_to_3_p1500ps,x1.m12,VBS,-1.180115023748732,0.07859897650005282,25.0,20.01102911857882
fast_stress_a2_to_3_p1500ps,x1.m13,VGS,-1.285522776381855,1.8716290345835567,4.99874782100733,20.01202911857882
fast_stress_a2_to_3_p1500ps,x1.m13,VGD,-0.0323322171560078,1.8734229394416682,5.010747821007334,20.013590277208554
fast_stress_a2_to_3_p1500ps,x1.m13,VDS,-1.2850519979303545,0.455486120153765,4.99874782100733,16.512243607566827
fast_stress_a2_to_3_p1500ps,x1.m13,VBS,-1.28810530005621,0.0833233153678593,4.99874782100733,10.00907460777696
fast_stress_a2_to_3_p1500ps,x1.m14,VGS,-0.9942039813345008,0.08028225768698105,0.000192405760128096,16.645558512911382
fast_stress_a2_to_3_p1500ps,x1.m14,VGD,0.015142929952144613,1.8802254141731192,0.0005027885930611369,16.646558512911383
fast_stress_a2_to_3_p1500ps,x1.m14,VDS,-1.804230579720869,-0.9819549675950919,20.006029118578812,0.0007070099436865562
fast_stress_a2_to_3_p1500ps,x1.m14,VBS,0.0,0.0,5e-05,5e-05
fast_stress_a2_to_3_p1500ps,x1.m15,VGS,0.8057960186654992,1.880282257686981,0.000192405760128096,16.645558512911382
fast_stress_a2_to_3_p1500ps,x1.m15,VGD,0.015142929952144613,1.8802254141731192,0.0005027885930611369,16.646558512911383
fast_stress_a2_to_3_p1500ps,x1.m15,VDS,-0.004230579720869012,0.8180450324049081,20.006029118578812,0.0007070099436865562
fast_stress_a2_to_3_p1500ps,x1.m15,VBS,0.0,0.0,5e-05,5e-05
fast_stress_a2_to_3_p1500ps,x1.m16,VGS,-1.8,0.0,5e-05,5.0125
fast_stress_a2_to_3_p1500ps,x1.m16,VGD,-1.7999687076033821,1.7999321891863995,15.313599684151022,6.618153908428752
fast_stress_a2_to_3_p1500ps,x1.m16,VDS,-1.8244166753745432,0.083347656376078,10.001074607776964,5.015013106933867
fast_stress_a2_to_3_p1500ps,x1.m16,VBS,0.0,0.0,5e-05,5e-05
fast_stress_a2_to_3_p1500ps,x1.m17,VGS,0.0894179307500173,1.8444672174841705,5e-05,10.00807460777696
fast_stress_a2_to_3_p1500ps,x1.m17,VGD,-0.5339933048472976,1.8185866520229743,5e-05,10.001074607776964
fast_stress_a2_to_3_p1500ps,x1.m17,VDS,2.5475745918324133e-05,1.1968978625788773,6.5391539084287285,5.022575756282087
fast_stress_a2_to_3_p1500ps,x1.m17,VBS,-1.348970725941537,0.04779612755033208,25.0,10.00707460777696
fast_stress_a2_to_3_p1500ps,x1.m18,VGS,-1.2227920809339359,1.8638023092039084,16.49858957186758,10.010074607776959
fast_stress_a2_to_3_p1500ps,x1.m18,VGD,-1.3489127758478994,1.8281717460495164,25.0,10.006074607776961
fast_stress_a2_to_3_p1500ps,x1.m18,VDS,-0.06618547386581275,1.4010228148662718,15.37707342946024,20.009029118578816
fast_stress_a2_to_3_p1500ps,x1.m18,VBS,-1.28810530005621,0.0833233153678593,4.99874782100733,10.00907460777696
fast_stress_a2_to_3_p1500ps,x1.m19,VGS,-1.8244166753745432,0.083347656376078,10.001074607776964,5.015013106933867
fast_stress_a2_to_3_p1500ps,x1.m19,VGD,-1.820123618513724,1.8820033817173072,10.002074607776963,5.015700308053428
fast_stress_a2_to_3_p1500ps,x1.m19,VDS,-1.831919309436084,0.03054272342306663,5.037153908428268,10.076485683496978
fast_stress_a2_to_3_p1500ps,x1.m19,VBS,0.0,0.0,5e-05,5e-05
fast_stress_a2_to_3_p1500ps,x1.m20,VGS,-0.024416675374543173,1.883347656376078,10.001074607776964,5.015013106933867
fast_stress_a2_to_3_p1500ps,x1.m20,VGD,-1.820123618513724,1.8820033817173072,10.002074607776963,5.015700308053428
fast_stress_a2_to_3_p1500ps,x1.m20,VDS,-0.03191930943608391,1.8305427234230667,5.037153908428268,10.076485683496978
fast_stress_a2_to_3_p1500ps,x1.m20,VBS,0.0,0.0,5e-05,5e-05
fast_stress_a2_to_3_p1500ps,x1.m21,VGS,-1.8,0.0,5e-05,5.0125
fast_stress_a2_to_3_p1500ps,x1.m21,VGD,-1.8003529308979047,1.7999321664156964,15.592073429460482,17.464558512912312
fast_stress_a2_to_3_p1500ps,x1.m21,VDS,-1.8242828172363839,0.08089577379585045,20.001029118578806,16.51394076821353
fast_stress_a2_to_3_p1500ps,x1.m21,VBS,0.0,0.0,5e-05,5e-05
fast_stress_a2_to_3_p1500ps,x1.m22,VGS,0.04916028336433431,1.8434291281355073,15.409073429460275,20.008029118578815
fast_stress_a2_to_3_p1500ps,x1.m22,VGD,-0.534024150404908,1.8185215967748656,5e-05,20.001029118578806
fast_stress_a2_to_3_p1500ps,x1.m22,VDS,2.546967686578583e-05,1.193097863373732,17.507558512912357,16.52123708262456
fast_stress_a2_to_3_p1500ps,x1.m22,VBS,-1.752390162200241,0.04673938156728075,15.408073429460273,20.007029118578814
fast_stress_a2_to_3_p1500ps,x1.m23,VGS,-1.285522776381855,1.8716290345835567,4.99874782100733,20.01202911857882
fast_stress_a2_to_3_p1500ps,x1.m23,VGD,-1.3807697050087278,1.8336409922580974,15.316599684151026,20.008029118578815
fast_stress_a2_to_3_p1500ps,x1.m23,VDS,-0.03596115336427719,1.4373357444394201,16.49858957186758,10.010074607776959
fast_stress_a2_to_3_p1500ps,x1.m23,VBS,-1.28810530005621,0.0833233153678593,4.99874782100733,10.00907460777696
fast_stress_a2_to_3_p1500ps,x1.m24,VGS,-1.8242828172363839,0.08089577379585045,20.001029118578806,16.51394076821353
fast_stress_a2_to_3_p1500ps,x1.m24,VGD,-1.8200071561640039,1.8794656175147724,20.002029118578807,16.51437238685276
fast_stress_a2_to_3_p1500ps,x1.m24,VDS,-1.8331425828871717,0.029649124909456148,16.53655851291126,20.077777416667033
fast_stress_a2_to_3_p1500ps,x1.m24,VBS,0.0,0.0,5e-05,5e-05
fast_stress_a2_to_3_p1500ps,x1.m25,VGS,-0.024282817236383786,1.8808957737958505,20.001029118578806,16.51394076821353
fast_stress_a2_to_3_p1500ps,x1.m25,VGD,-1.8200071561640039,1.8794656175147724,20.002029118578807,16.51437238685276
fast_stress_a2_to_3_p1500ps,x1.m25,VDS,-0.033142582887171694,1.8296491249094562,16.53655851291126,20.077777416667033
fast_stress_a2_to_3_p1500ps,x1.m25,VBS,0.0,0.0,5e-05,5e-05
fast_stress_a2_to_3_p1500ps,x1.m26,VGS,-1.8685243354434788,0.10787313838318568,16.514863811878293,10.133485683496948
fast_stress_a2_to_3_p1500ps,x1.m26,VGD,-1.8204380572119307,1.9066317689291707,20.072777416667027,10.135485683496947
fast_stress_a2_to_3_p1500ps,x1.m26,VDS,-1.8357992702518717,0.030225182008242646,5.010747821007334,20.062777416667014
fast_stress_a2_to_3_p1500ps,x1.m26,VBS,0.0,0.0,5e-05,5e-05
fast_stress_a2_to_3_p1500ps,x1.m27,VGS,-0.06852433544347872,1.9078731383831857,16.514863811878293,10.133485683496948
fast_stress_a2_to_3_p1500ps,x1.m27,VGD,-1.8204380572119307,1.9066317689291707,20.072777416667027,10.135485683496947
fast_stress_a2_to_3_p1500ps,x1.m27,VDS,-0.03579927025187161,1.8302251820082427,5.010747821007334,20.062777416667014
fast_stress_a2_to_3_p1500ps,x1.m27,VBS,0.0,0.0,5e-05,5e-05
fast_stress_a2_to_3_p1500ps,x1.m28,VGS,-1.8287365423698705,-1.0318770853360237,5.021575756282087,0.001113993852769311
fast_stress_a2_to_3_p1500ps,x1.m28,VGD,-1.8134023067792322,0.31806450761560867,20.027322776278822,5.088168885939515e-05
fast_stress_a2_to_3_p1500ps,x1.m28,VDS,-1.5293158897462487,0.016806618823973496,5e-05,10.043485683496995
fast_stress_a2_to_3_p1500ps,x1.m28,VBS,0.0,0.0,5e-05,5e-05
fast_stress_a2_to_3_p1500ps,x1.m29,VGS,-0.02873654236987054,0.7681229146639763,5.021575756282087,0.001113993852769311
fast_stress_a2_to_3_p1500ps,x1.m29,VGD,-1.8134023067792322,0.31806450761560867,20.027322776278822,5.088168885939515e-05
fast_stress_a2_to_3_p1500ps,x1.m29,VDS,0.2706841102537515,1.8168066188239735,5e-05,10.043485683496995
fast_stress_a2_to_3_p1500ps,x1.m29,VBS,0.0,0.0,5e-05,5e-05
fast_stress_a2_to_3_p1500ps,x2.mp1,VGS,-1.8042399314841946,-0.9823728479564311,20.006029118578812,0.0007070099436865562
fast_stress_a2_to_3_p1500ps,x2.mp1,VGD,-1.8038440153695245,0.021544221006321584,20.007029118578814,0.00040942697154022523
fast_stress_a2_to_3_p1500ps,x2.mp1,VDS,-1.032681758426923,0.0004616956278846729,0.00024476606336425763,4.99374782100733
fast_stress_a2_to_3_p1500ps,x2.mp1,VBS,0.0,0.0,5e-05,5e-05
fast_stress_a2_to_3_p1500ps,x2.mn1,VGS,-0.004239931484194444,0.817627152043569,20.006029118578812,0.0007070099436865562
fast_stress_a2_to_3_p1500ps,x2.mn1,VGD,-1.8038440153695245,0.021544221006321584,20.007029118578814,0.00040942697154022523
fast_stress_a2_to_3_p1500ps,x2.mn1,VDS,0.767318241573077,1.8004616956278847,0.00024476606336425763,4.99374782100733
fast_stress_a2_to_3_p1500ps,x2.mn1,VBS,0.0,0.0,5e-05,5e-05
fast_stress_a2_to_3_p1500ps,x2.mp2,VGS,-1.032681758426923,0.0004616956278846729,0.00024476606336425763,4.99374782100733
fast_stress_a2_to_3_p1500ps,x2.mp2,VGD,0.7364897480715445,1.8002996332639551,0.00024476606336425763,4.99374782100733
fast_stress_a2_to_3_p1500ps,x2.mp2,VDS,-1.7998706903201416,-1.7085014191228336,5.017575756282086,0.0315
fast_stress_a2_to_3_p1500ps,x2.mp2,VBS,0.0,0.0,5e-05,5e-05
fast_stress_a2_to_3_p1500ps,x2.mn2,VGS,0.767318241573077,1.8004616956278847,0.00024476606336425763,4.99374782100733
fast_stress_a2_to_3_p1500ps,x2.mn2,VGD,0.7364897480715445,1.8002996332639551,0.00024476606336425763,4.99374782100733
fast_stress_a2_to_3_p1500ps,x2.mn2,VDS,0.0001293096798585503,0.09149858087716636,5.017575756282086,0.0315
fast_stress_a2_to_3_p1500ps,x2.mn2,VBS,0.0,0.0,5e-05,5e-05
fast_stress_a2_to_3_p1500ps,x3.mp1,VGS,-1.804230579720869,-0.9819549675950919,20.006029118578812,0.0007070099436865562
fast_stress_a2_to_3_p1500ps,x3.mp1,VGD,-1.8038364660045025,0.021915256893633495,20.007029118578814,0.00040942697154022523
fast_stress_a2_to_3_p1500ps,x3.mp1,VDS,-1.0326599282198452,0.00046176680045140195,0.00024476606336425763,4.99374782100733
fast_stress_a2_to_3_p1500ps,x3.mp1,VBS,0.0,0.0,5e-05,5e-05
fast_stress_a2_to_3_p1500ps,x3.mn1,VGS,-0.004230579720869012,0.8180450324049081,20.006029118578812,0.0007070099436865562
fast_stress_a2_to_3_p1500ps,x3.mn1,VGD,-1.8038364660045025,0.021915256893633495,20.007029118578814,0.00040942697154022523
fast_stress_a2_to_3_p1500ps,x3.mn1,VDS,0.7673400717801547,1.8004617668004514,0.00024476606336425763,4.99374782100733
fast_stress_a2_to_3_p1500ps,x3.mn1,VBS,0.0,0.0,5e-05,5e-05
fast_stress_a2_to_3_p1500ps,x3.mp2,VGS,-1.0326599282198452,0.00046176680045140195,0.00024476606336425763,4.99374782100733
fast_stress_a2_to_3_p1500ps,x3.mp2,VGD,0.7365112749558475,1.8002997017071487,0.00024476606336425763,4.99374782100733
fast_stress_a2_to_3_p1500ps,x3.mp2,VDS,-1.7998707418728843,-1.7085550594824774,5.017575756282086,0.0315
fast_stress_a2_to_3_p1500ps,x3.mp2,VBS,0.0,0.0,5e-05,5e-05
fast_stress_a2_to_3_p1500ps,x3.mn2,VGS,0.7673400717801547,1.8004617668004514,0.00024476606336425763,4.99374782100733
fast_stress_a2_to_3_p1500ps,x3.mn2,VGD,0.7365112749558475,1.8002997017071487,0.00024476606336425763,4.99374782100733
fast_stress_a2_to_3_p1500ps,x3.mn2,VDS,0.0001292581271157198,0.09144494051752262,5.017575756282086,0.0315
fast_stress_a2_to_3_p1500ps,x3.mn2,VBS,0.0,0.0,5e-05,5e-05
fast_stress_a2_to_3_p1500ps,x4.mp1,VGS,-1.8331425828871717,0.029649124909456148,16.53655851291126,20.077777416667033
fast_stress_a2_to_3_p1500ps,x4.mp1,VGD,-1.8301451251188126,1.8295458753839737,16.53755851291126,20.077777416667033
fast_stress_a2_to_3_p1500ps,x4.mp1,VDS,-1.831061274945126,0.08402713771065051,20.160777416667127,16.576558512911305
fast_stress_a2_to_3_p1500ps,x4.mp1,VBS,0.0,0.0,5e-05,5e-05
fast_stress_a2_to_3_p1500ps,x4.mn1,VGS,-0.033142582887171694,1.8296491249094562,16.53655851291126,20.077777416667033
fast_stress_a2_to_3_p1500ps,x4.mn1,VGD,-1.8301451251188126,1.8295458753839737,16.53755851291126,20.077777416667033
fast_stress_a2_to_3_p1500ps,x4.mn1,VDS,-0.031061274945125984,1.8840271377106506,20.160777416667127,16.576558512911305
fast_stress_a2_to_3_p1500ps,x4.mn1,VBS,0.0,0.0,5e-05,5e-05
fast_stress_a2_to_3_p1500ps,x4.mp2,VGS,-1.831061274945126,0.08402713771065051,20.160777416667127,16.576558512911305
fast_stress_a2_to_3_p1500ps,x4.mp2,VGD,-1.8300103319361032,1.8813848449764574,20.160777416667127,16.576558512911305
fast_stress_a2_to_3_p1500ps,x4.mp2,VDS,-1.8257637339943416,0.027390790331180304,16.604558512911336,20.203777416667176
fast_stress_a2_to_3_p1500ps,x4.mp2,VBS,0.0,0.0,5e-05,5e-05
fast_stress_a2_to_3_p1500ps,x4.mn2,VGS,-0.031061274945125984,1.8840271377106506,20.160777416667127,16.576558512911305
fast_stress_a2_to_3_p1500ps,x4.mn2,VGD,-1.8300103319361032,1.8813848449764574,20.160777416667127,16.576558512911305
fast_stress_a2_to_3_p1500ps,x4.mn2,VDS,-0.02576373399434154,1.8273907903311803,16.604558512911336,20.203777416667176
fast_stress_a2_to_3_p1500ps,x4.mn2,VBS,0.0,0.0,5e-05,5e-05
fast_stress_a2_to_3_p1500ps,x5.mp1,VGS,-1.831919309436084,0.03054272342306663,5.037153908428268,10.076485683496978
fast_stress_a2_to_3_p1500ps,x5.mp1,VGD,-1.8290261011228937,1.8304339724608614,5.038153908428268,10.077485683496977
fast_stress_a2_to_3_p1500ps,x5.mp1,VDS,-1.8309906679423755,0.08313208063617572,10.159485683496934,5.07915390842828
fast_stress_a2_to_3_p1500ps,x5.mp1,VBS,0.0,0.0,5e-05,5e-05
fast_stress_a2_to_3_p1500ps,x5.mn1,VGS,-0.03191930943608391,1.8305427234230667,5.037153908428268,10.076485683496978
fast_stress_a2_to_3_p1500ps,x5.mn1,VGD,-1.8290261011228937,1.8304339724608614,5.038153908428268,10.077485683496977
fast_stress_a2_to_3_p1500ps,x5.mn1,VDS,-0.030990667942375563,1.8831320806361758,10.159485683496934,5.07915390842828
fast_stress_a2_to_3_p1500ps,x5.mn1,VBS,0.0,0.0,5e-05,5e-05
fast_stress_a2_to_3_p1500ps,x5.mp2,VGS,-1.8309906679423755,0.08313208063617572,10.159485683496934,5.07915390842828
fast_stress_a2_to_3_p1500ps,x5.mp2,VGD,-1.829945871211516,1.8805601939719756,10.159485683496934,5.07915390842828
fast_stress_a2_to_3_p1500ps,x5.mp2,VDS,-1.8256886783432882,0.02739548203658848,5.107153908428289,10.201485683496912
fast_stress_a2_to_3_p1500ps,x5.mp2,VBS,0.0,0.0,5e-05,5e-05
fast_stress_a2_to_3_p1500ps,x5.mn2,VGS,-0.030990667942375563,1.8831320806361758,10.159485683496934,5.07915390842828
fast_stress_a2_to_3_p1500ps,x5.mn2,VGD,-1.829945871211516,1.8805601939719756,10.159485683496934,5.07915390842828
fast_stress_a2_to_3_p1500ps,x5.mn2,VDS,-0.02568867834328804,1.8273954820365885,5.107153908428289,10.201485683496912
fast_stress_a2_to_3_p1500ps,x5.mn2,VBS,0.0,0.0,5e-05,5e-05
fast_stress_a3_to_0_p1500ps,x1.m1,VGS,-1.8,0.0,15.316433257040998,5e-05
fast_stress_a3_to_0_p1500ps,x1.m1,VGD,-1.9094410070076095,1.8718285347599612,20.134777416667095,5.015006010262342
fast_stress_a3_to_0_p1500ps,x1.m1,VDS,-1.8718285347599612,0.1094410070076095,5.015006010262342,20.134777416667095
fast_stress_a3_to_0_p1500ps,x1.m1,VBS,0.0,0.0,5e-05,5e-05
fast_stress_a3_to_0_p1500ps,x1.m2,VGS,0.0,1.8,15.316433257040998,5e-05
fast_stress_a3_to_0_p1500ps,x1.m2,VGD,-1.9094410070076095,1.8718285347599612,20.134777416667095,5.015006010262342
fast_stress_a3_to_0_p1500ps,x1.m2,VDS,-0.0718285347599612,1.9094410070076095,5.015006010262342,20.134777416667095
fast_stress_a3_to_0_p1500ps,x1.m2,VBS,0.0,0.0,5e-05,5e-05
fast_stress_a3_to_0_p1500ps,x1.m3,VGS,-1.8,0.0,15.316433257040998,5e-05
fast_stress_a3_to_0_p1500ps,x1.m3,VGD,-1.8607281970537302,1.8286651157120803,20.125777416667088,5.020549390287637
fast_stress_a3_to_0_p1500ps,x1.m3,VDS,-1.8286651157120803,0.060728197053730115,5.020549390287637,20.125777416667088
fast_stress_a3_to_0_p1500ps,x1.m3,VBS,0.0,0.0,5e-05,5e-05
fast_stress_a3_to_0_p1500ps,x1.m4,VGS,0.0,1.8,15.316433257040998,5e-05
fast_stress_a3_to_0_p1500ps,x1.m4,VGD,-1.8607281970537302,1.8286651157120803,20.125777416667088,5.020549390287637
fast_stress_a3_to_0_p1500ps,x1.m4,VDS,-0.028665115712080313,1.8607281970537302,5.020549390287637,20.125777416667088
fast_stress_a3_to_0_p1500ps,x1.m4,VBS,0.0,0.0,5e-05,5e-05
fast_stress_a3_to_0_p1500ps,x1.m5,VGS,-1.8,0.0,5e-05,5.0125
fast_stress_a3_to_0_p1500ps,x1.m5,VGD,-1.818712676190496,1.7999322788038474,15.357424909807959,17.743612939520816
fast_stress_a3_to_0_p1500ps,x1.m5,VDS,-1.8245394565588544,0.08310103483946985,20.000817897543325,16.514963279015724
fast_stress_a3_to_0_p1500ps,x1.m5,VBS,0.0,0.0,5e-05,5e-05
fast_stress_a3_to_0_p1500ps,x1.m6,VGS,-0.015924936974762455,1.8419318157818678,5.0225493902876375,20.007817897543333
fast_stress_a3_to_0_p1500ps,x1.m6,VGD,-1.9074227833354784,1.8182013343121464,5.020549390287637,19.999817897543323
fast_stress_a3_to_0_p1500ps,x1.m6,VDS,2.5443855000099386e-05,1.892807075969598,17.68661293952075,5.016617268683286
fast_stress_a3_to_0_p1500ps,x1.m6,VBS,-1.2411341775193372,0.04811737810092627,25.0,20.006817897543332
fast_stress_a3_to_0_p1500ps,x1.m7,VGS,-1.2817307107753484,1.8638558886159347,4.9989858998548735,20.009817897543336
fast_stress_a3_to_0_p1500ps,x1.m7,VGD,-0.0592154890950244,1.8283809365833368,5.014503600492653,20.00581789754333
fast_stress_a3_to_0_p1500ps,x1.m7,VDS,-1.2864101389033826,0.5707749623193915,4.9989858998548735,16.512821456245245
fast_stress_a3_to_0_p1500ps,x1.m7,VBS,-1.3006864918636651,0.08336421258882941,15.354424909807955,20.008817897543334
fast_stress_a3_to_0_p1500ps,x1.m8,VGS,0.0,1.8,5e-05,5.0125
fast_stress_a3_to_0_p1500ps,x1.m8,VGD,-1.3006864918636651,1.7999831414699792,15.354424909807955,6.209491927055762
fast_stress_a3_to_0_p1500ps,x1.m8,VDS,-0.08336421258882941,1.3006864918636651,20.008817897543334,15.354424909807955
fast_stress_a3_to_0_p1500ps,x1.m8,VBS,0.0,0.0,5e-05,5e-05
fast_stress_a3_to_0_p1500ps,x1.m9,VGS,-1.8245394565588544,0.08310103483946985,20.000817897543325,16.514963279015724
fast_stress_a3_to_0_p1500ps,x1.m9,VGD,-1.8201821607962536,1.881782568522953,20.001817897543326,16.514963279015724
fast_stress_a3_to_0_p1500ps,x1.m9,VDS,-1.8306511051732242,0.03057823518471592,16.536975592967583,20.07577741666703
fast_stress_a3_to_0_p1500ps,x1.m9,VBS,0.0,0.0,5e-05,5e-05
fast_stress_a3_to_0_p1500ps,x1.m10,VGS,-0.02453945655885433,1.88310103483947,20.000817897543325,16.514963279015724
fast_stress_a3_to_0_p1500ps,x1.m10,VGD,-1.8201821607962536,1.881782568522953,20.001817897543326,16.514963279015724
fast_stress_a3_to_0_p1500ps,x1.m10,VDS,-0.030651105173224166,1.830578235184716,16.536975592967583,20.07577741666703
fast_stress_a3_to_0_p1500ps,x1.m10,VBS,0.0,0.0,5e-05,5e-05
fast_stress_a3_to_0_p1500ps,x1.m11,VGS,-1.8,0.0,5e-05,5.0125
fast_stress_a3_to_0_p1500ps,x1.m11,VGD,-1.817219768402903,-0.05807521406247762,15.358424909807958,19.9875
fast_stress_a3_to_0_p1500ps,x1.m11,VDS,-0.9941553773632458,0.08028352918245796,0.000195871724171289,5.146491927055436
fast_stress_a3_to_0_p1500ps,x1.m11,VBS,0.0,0.0,5e-05,5e-05
fast_stress_a3_to_0_p1500ps,x1.m12,VGS,-1.1976144375466922,0.5965669836339691,15.260496700529687,15.699424909808346
fast_stress_a3_to_0_p1500ps,x1.m12,VGD,-1.9074740578266192,0.06272113609754126,5.021549390287637,20.12077741666708
fast_stress_a3_to_0_p1500ps,x1.m12,VDS,0.4500342177297141,1.8875959080715545,25.0,9.995202616100219
fast_stress_a3_to_0_p1500ps,x1.m12,VBS,-1.349919417395176,0.07865214714263057,25.0,10.01120261610021
fast_stress_a3_to_0_p1500ps,x1.m13,VGS,-1.283258541416988,1.8716383767676363,16.499202424492108,10.01220261610021
fast_stress_a3_to_0_p1500ps,x1.m13,VGD,-1.3497736156108837,1.8734525786387077,25.0,10.013658519810383
fast_stress_a3_to_0_p1500ps,x1.m13,VDS,-0.10762752456502689,1.402646718518584,4.9989858998548735,20.009817897543336
fast_stress_a3_to_0_p1500ps,x1.m13,VBS,-1.3006864918636651,0.08336421258882941,15.354424909807955,20.008817897543334
fast_stress_a3_to_0_p1500ps,x1.m14,VGS,-0.9941553773632458,0.08028352918245796,0.000195871724171289,5.146491927055436
fast_stress_a3_to_0_p1500ps,x1.m14,VGD,0.015207669706747251,1.8802266872219486,0.000505611232367586,5.1474919270554365
fast_stress_a3_to_0_p1500ps,x1.m14,VDS,-1.8041992449605246,-0.9819433428109752,10.006202616100213,0.0007123043065117737
fast_stress_a3_to_0_p1500ps,x1.m14,VBS,0.0,0.0,5e-05,5e-05
fast_stress_a3_to_0_p1500ps,x1.m15,VGS,0.8058446226367543,1.880283529182458,0.000195871724171289,5.146491927055436
fast_stress_a3_to_0_p1500ps,x1.m15,VGD,0.015207669706747251,1.8802266872219486,0.000505611232367586,5.1474919270554365
fast_stress_a3_to_0_p1500ps,x1.m15,VDS,-0.004199244960524496,0.8180566571890249,10.006202616100213,0.0007123043065117737
fast_stress_a3_to_0_p1500ps,x1.m15,VBS,0.0,0.0,5e-05,5e-05
fast_stress_a3_to_0_p1500ps,x1.m16,VGS,-1.8,0.0,5e-05,5.0125
fast_stress_a3_to_0_p1500ps,x1.m16,VGD,-1.8012127546473589,-0.06353510342184832,15.32442490980792,9.987500000000002
fast_stress_a3_to_0_p1500ps,x1.m16,VDS,-1.0089580027341367,0.08030193125210028,0.000195871724171289,16.64661293951957
fast_stress_a3_to_0_p1500ps,x1.m16,VBS,0.0,0.0,5e-05,5e-05
fast_stress_a3_to_0_p1500ps,x1.m17,VGS,-1.3635470744031726,0.9104366960381579,15.631424909808269,0.03531260796432105
fast_stress_a3_to_0_p1500ps,x1.m17,VGD,-1.8968364641210653,0.4460293220541607,16.517537011695467,0.0503126079643211
fast_stress_a3_to_0_p1500ps,x1.m17,VDS,0.27389124144979027,1.890233569283409,15.35942490980796,19.99581789754332
fast_stress_a3_to_0_p1500ps,x1.m17,VBS,-1.5232078417454398,0.08120138687634576,15.357424909807959,20.011817897543338
fast_stress_a3_to_0_p1500ps,x1.m18,VGS,-1.2817307107753484,1.8638558886159347,4.9989858998548735,20.009817897543336
fast_stress_a3_to_0_p1500ps,x1.m18,VGD,-1.3834319243685633,1.864008468888009,15.260496700529687,20.013422594449626
fast_stress_a3_to_0_p1500ps,x1.m18,VDS,-0.01618290942007372,1.4346488841072877,20.108777416667067,10.009202616100211
fast_stress_a3_to_0_p1500ps,x1.m18,VBS,-1.3006864918636651,0.08336421258882941,15.354424909807955,20.008817897543334
fast_stress_a3_to_0_p1500ps,x1.m19,VGS,-1.0089580027341367,0.08030193125210028,0.000195871724171289,16.64661293951957
fast_stress_a3_to_0_p1500ps,x1.m19,VGD,0.007300638862637099,1.8802451208294266,0.000505611232367586,16.647612939519572
fast_stress_a3_to_0_p1500ps,x1.m19,VDS,-1.8042215106340997,-0.9856275533827729,20.00581789754333,0.0036237377984681992
fast_stress_a3_to_0_p1500ps,x1.m19,VBS,0.0,0.0,5e-05,5e-05
fast_stress_a3_to_0_p1500ps,x1.m20,VGS,0.7910419972658632,1.8803019312521003,0.000195871724171289,16.64661293951957
fast_stress_a3_to_0_p1500ps,x1.m20,VGD,0.007300638862637099,1.8802451208294266,0.000505611232367586,16.647612939519572
fast_stress_a3_to_0_p1500ps,x1.m20,VDS,-0.004221510634099731,0.8143724466172272,20.00581789754333,0.0036237377984681992
fast_stress_a3_to_0_p1500ps,x1.m20,VBS,0.0,0.0,5e-05,5e-05
fast_stress_a3_to_0_p1500ps,x1.m21,VGS,-1.8,0.0,5e-05,5.0125
fast_stress_a3_to_0_p1500ps,x1.m21,VGD,-1.8010415675126763,1.799932191119706,15.325424909807921,6.242491927055772
fast_stress_a3_to_0_p1500ps,x1.m21,VDS,-1.8243150487413649,0.08331523399583185,10.000202616100216,5.015006010262342
fast_stress_a3_to_0_p1500ps,x1.m21,VBS,0.0,0.0,5e-05,5e-05
fast_stress_a3_to_0_p1500ps,x1.m22,VGS,-0.5290143003045097,1.8433801621828612,16.518537011695468,10.008202616100212
fast_stress_a3_to_0_p1500ps,x1.m22,VGD,-1.8968439313854715,1.8184812903402725,16.517537011695467,10.001202616100215
fast_stress_a3_to_0_p1500ps,x1.m22,VDS,2.5475683125331106e-05,1.3695916182435883,6.290491927055787,16.5136518061934
fast_stress_a3_to_0_p1500ps,x1.m22,VBS,-1.2776706324870784,0.04679285963278837,15.333424909807931,10.006202616100213
fast_stress_a3_to_0_p1500ps,x1.m23,VGS,-1.283258541416988,1.8716383767676363,16.499202424492108,10.01220261610021
fast_stress_a3_to_0_p1500ps,x1.m23,VGD,-0.5470969011871872,1.8336350829876062,16.511183085070826,10.008202616100212
fast_stress_a3_to_0_p1500ps,x1.m23,VDS,-0.7668899339716706,0.6043597401769474,16.498202424492106,20.009817897543336
fast_stress_a3_to_0_p1500ps,x1.m23,VBS,-1.3006864918636651,0.08336421258882941,15.354424909807955,20.008817897543334
fast_stress_a3_to_0_p1500ps,x1.m24,VGS,-1.8243150487413649,0.08331523399583185,10.000202616100216,5.015006010262342
fast_stress_a3_to_0_p1500ps,x1.m24,VGD,-1.8200059161675388,1.8820530628655823,10.002202616100215,5.0157113852586095
fast_stress_a3_to_0_p1500ps,x1.m24,VDS,-1.8332114789474776,0.0296597887369765,5.037688855947138,10.07799052866109
fast_stress_a3_to_0_p1500ps,x1.m24,VBS,0.0,0.0,5e-05,5e-05
fast_stress_a3_to_0_p1500ps,x1.m25,VGS,-0.024315048741364725,1.883315233995832,10.000202616100216,5.015006010262342
fast_stress_a3_to_0_p1500ps,x1.m25,VGD,-1.8200059161675388,1.8820530628655823,10.002202616100215,5.0157113852586095
fast_stress_a3_to_0_p1500ps,x1.m25,VDS,-0.03321147894747764,1.8296597887369765,5.037688855947138,10.07799052866109
fast_stress_a3_to_0_p1500ps,x1.m25,VBS,0.0,0.0,5e-05,5e-05
fast_stress_a3_to_0_p1500ps,x1.m26,VGS,-1.8718285347599612,0.1094410070076095,5.015006010262342,20.134777416667095
fast_stress_a3_to_0_p1500ps,x1.m26,VGD,-1.8205576192822954,1.9081829027564663,10.071990528661093,20.136777416667098
fast_stress_a3_to_0_p1500ps,x1.m26,VDS,-1.8358419424523087,0.0622446086429731,16.511183085070826,15.335424909807934
fast_stress_a3_to_0_p1500ps,x1.m26,VBS,0.0,0.0,5e-05,5e-05
fast_stress_a3_to_0_p1500ps,x1.m27,VGS,-0.0718285347599612,1.9094410070076095,5.015006010262342,20.134777416667095
fast_stress_a3_to_0_p1500ps,x1.m27,VGD,-1.8205576192822954,1.9081829027564663,10.071990528661093,20.136777416667098
fast_stress_a3_to_0_p1500ps,x1.m27,VDS,-0.03584194245230874,1.8622446086429731,16.511183085070826,15.335424909807934
fast_stress_a3_to_0_p1500ps,x1.m27,VBS,0.0,0.0,5e-05,5e-05
fast_stress_a3_to_0_p1500ps,x1.m28,VGS,-1.8286651157120803,0.060728197053730115,5.020549390287637,20.125777416667088
fast_stress_a3_to_0_p1500ps,x1.m28,VGD,-1.8173565692705584,1.8599741167141735,15.261496700529689,20.12677741666709
fast_stress_a3_to_0_p1500ps,x1.m28,VDS,-1.817514692854012,0.0586137762034431,16.517537011695467,15.335424909807934
fast_stress_a3_to_0_p1500ps,x1.m28,VBS,0.0,0.0,5e-05,5e-05
fast_stress_a3_to_0_p1500ps,x1.m29,VGS,-0.028665115712080313,1.8607281970537302,5.020549390287637,20.125777416667088
fast_stress_a3_to_0_p1500ps,x1.m29,VGD,-1.8173565692705584,1.8599741167141735,15.261496700529689,20.12677741666709
fast_stress_a3_to_0_p1500ps,x1.m29,VDS,-0.01751469285401197,1.8586137762034431,16.517537011695467,15.335424909807934
fast_stress_a3_to_0_p1500ps,x1.m29,VBS,0.0,0.0,5e-05,5e-05
fast_stress_a3_to_0_p1500ps,x2.mp1,VGS,-1.8306511051732242,0.03057823518471592,16.536975592967583,20.07577741666703
fast_stress_a3_to_0_p1500ps,x2.mp1,VGD,-1.8278960360275378,1.8304728300536246,16.537975592967584,20.07677741666703
fast_stress_a3_to_0_p1500ps,x2.mp1,VDS,-1.8301545721054149,0.08269300881689134,20.159777416667126,16.57997559296763
fast_stress_a3_to_0_p1500ps,x2.mp1,VBS,0.0,0.0,5e-05,5e-05
fast_stress_a3_to_0_p1500ps,x2.mn1,VGS,-0.030651105173224166,1.830578235184716,16.536975592967583,20.07577741666703
fast_stress_a3_to_0_p1500ps,x2.mn1,VGD,-1.8278960360275378,1.8304728300536246,16.537975592967584,20.07677741666703
fast_stress_a3_to_0_p1500ps,x2.mn1,VDS,-0.030154572105414862,1.8826930088168914,20.159777416667126,16.57997559296763
fast_stress_a3_to_0_p1500ps,x2.mn1,VBS,0.0,0.0,5e-05,5e-05
fast_stress_a3_to_0_p1500ps,x2.mp2,VGS,-1.8301545721054149,0.08269300881689134,20.159777416667126,16.57997559296763
fast_stress_a3_to_0_p1500ps,x2.mp2,VGD,-1.8291417751924952,1.8801174679907755,20.159777416667126,16.57997559296763
fast_stress_a3_to_0_p1500ps,x2.mp2,VDS,-1.825684433118078,0.027359747909693644,16.608975592967663,20.202777416667175
fast_stress_a3_to_0_p1500ps,x2.mp2,VBS,0.0,0.0,5e-05,5e-05
fast_stress_a3_to_0_p1500ps,x2.mn2,VGS,-0.030154572105414862,1.8826930088168914,20.159777416667126,16.57997559296763
fast_stress_a3_to_0_p1500ps,x2.mn2,VGD,-1.8291417751924952,1.8801174679907755,20.159777416667126,16.57997559296763
fast_stress_a3_to_0_p1500ps,x2.mn2,VDS,-0.025684433118077787,1.8273597479096937,16.608975592967663,20.202777416667175
fast_stress_a3_to_0_p1500ps,x2.mn2,VBS,0.0,0.0,5e-05,5e-05
fast_stress_a3_to_0_p1500ps,x3.mp1,VGS,-1.8041992449605246,-0.9819433428109752,10.006202616100213,0.0007123043065117737
fast_stress_a3_to_0_p1500ps,x3.mp1,VGD,-1.8038060852083078,0.02187235271571697,10.007202616100212,0.0004114614201660281
fast_stress_a3_to_0_p1500ps,x3.mp1,VDS,-1.0327661065166265,0.00046307939821432775,0.000195871724171289,16.4942024244921
fast_stress_a3_to_0_p1500ps,x3.mp1,VBS,0.0,0.0,5e-05,5e-05
fast_stress_a3_to_0_p1500ps,x3.mn1,VGS,-0.004199244960524496,0.8180566571890249,10.006202616100213,0.0007123043065117737
fast_stress_a3_to_0_p1500ps,x3.mn1,VGD,-1.8038060852083078,0.02187235271571697,10.007202616100212,0.0004114614201660281
fast_stress_a3_to_0_p1500ps,x3.mn1,VDS,0.7672338934833736,1.8004630793982144,0.000195871724171289,16.4942024244921
fast_stress_a3_to_0_p1500ps,x3.mn1,VBS,0.0,0.0,5e-05,5e-05
fast_stress_a3_to_0_p1500ps,x3.mp2,VGS,-1.0327661065166265,0.00046307939821432775,0.000195871724171289,16.4942024244921
fast_stress_a3_to_0_p1500ps,x3.mp2,VGD,0.7365120861319822,1.8003011812777043,0.00024600841005304787,16.4942024244921
fast_stress_a3_to_0_p1500ps,x3.mp2,VDS,-1.7998715061299082,-1.7085635122284835,16.517537011695467,0.03231260796432104
fast_stress_a3_to_0_p1500ps,x3.mp2,VBS,0.0,0.0,5e-05,5e-05
fast_stress_a3_to_0_p1500ps,x3.mn2,VGS,0.7672338934833736,1.8004630793982144,0.000195871724171289,16.4942024244921
fast_stress_a3_to_0_p1500ps,x3.mn2,VGD,0.7365120861319822,1.8003011812777043,0.00024600841005304787,16.4942024244921
fast_stress_a3_to_0_p1500ps,x3.mn2,VDS,0.00012849387009177026,0.09143648777151661,16.517537011695467,0.03231260796432104
fast_stress_a3_to_0_p1500ps,x3.mn2,VBS,0.0,0.0,5e-05,5e-05
fast_stress_a3_to_0_p1500ps,x4.mp1,VGS,-1.8332114789474776,0.0296597887369765,5.037688855947138,10.07799052866109
fast_stress_a3_to_0_p1500ps,x4.mp1,VGD,-1.830194106235371,1.8295589613941639,5.038688855947139,10.07799052866109
fast_stress_a3_to_0_p1500ps,x4.mp1,VDS,-1.831069610701199,0.08410382401579453,10.160990528661047,5.077688855947151
fast_stress_a3_to_0_p1500ps,x4.mp1,VBS,0.0,0.0,5e-05,5e-05
fast_stress_a3_to_0_p1500ps,x4.mn1,VGS,-0.03321147894747764,1.8296597887369765,5.037688855947138,10.07799052866109
fast_stress_a3_to_0_p1500ps,x4.mn1,VGD,-1.830194106235371,1.8295589613941639,5.038688855947139,10.07799052866109
fast_stress_a3_to_0_p1500ps,x4.mn1,VDS,-0.031069610701198857,1.8841038240157946,10.160990528661047,5.077688855947151
fast_stress_a3_to_0_p1500ps,x4.mn1,VBS,0.0,0.0,5e-05,5e-05
fast_stress_a3_to_0_p1500ps,x4.mp2,VGS,-1.831069610701199,0.08410382401579453,10.160990528661047,5.077688855947151
fast_stress_a3_to_0_p1500ps,x4.mp2,VGD,-1.8300198286963067,1.8814776977272867,10.160990528661047,5.077688855947151
fast_stress_a3_to_0_p1500ps,x4.mp2,VDS,-1.825783231920229,0.027385469434964227,5.105688855947159,10.202990528661024
fast_stress_a3_to_0_p1500ps,x4.mp2,VBS,0.0,0.0,5e-05,5e-05
fast_stress_a3_to_0_p1500ps,x4.mn2,VGS,-0.031069610701198857,1.8841038240157946,10.160990528661047,5.077688855947151
fast_stress_a3_to_0_p1500ps,x4.mn2,VGD,-1.8300198286963067,1.8814776977272867,10.160990528661047,5.077688855947151
fast_stress_a3_to_0_p1500ps,x4.mn2,VDS,-0.025783231920229,1.8273854694349643,5.105688855947159,10.202990528661024
fast_stress_a3_to_0_p1500ps,x4.mn2,VBS,0.0,0.0,5e-05,5e-05
fast_stress_a3_to_0_p1500ps,x5.mp1,VGS,-1.8042215106340997,-0.9856275533827729,20.00581789754333,0.0036237377984681992
fast_stress_a3_to_0_p1500ps,x5.mp1,VGD,-1.8038289905255884,0.0163997342749006,20.006817897543332,0.0004114614201660281
fast_stress_a3_to_0_p1500ps,x5.mp1,VDS,-1.0332613959413077,0.0004633877822082244,0.000195871724171289,4.993985899854872
fast_stress_a3_to_0_p1500ps,x5.mp1,VBS,0.0,0.0,5e-05,5e-05
fast_stress_a3_to_0_p1500ps,x5.mn1,VGS,-0.004221510634099731,0.8143724466172272,20.00581789754333,0.0036237377984681992
fast_stress_a3_to_0_p1500ps,x5.mn1,VGD,-1.8038289905255884,0.0163997342749006,20.006817897543332,0.0004114614201660281
fast_stress_a3_to_0_p1500ps,x5.mn1,VDS,0.7667386040586923,1.8004633877822083,0.000195871724171289,4.993985899854872
fast_stress_a3_to_0_p1500ps,x5.mn1,VBS,0.0,0.0,5e-05,5e-05
fast_stress_a3_to_0_p1500ps,x5.mp2,VGS,-1.0332613959413077,0.0004633877822082244,0.000195871724171289,4.993985899854872
fast_stress_a3_to_0_p1500ps,x5.mp2,VGD,0.7359630732987003,1.800301371970357,0.00024600841005304787,4.993985899854872
fast_stress_a3_to_0_p1500ps,x5.mp2,VDS,-1.79987152748675,-1.7078503617572218,5.017549390287636,0.03131260796432104
fast_stress_a3_to_0_p1500ps,x5.mp2,VBS,0.0,0.0,5e-05,5e-05
fast_stress_a3_to_0_p1500ps,x5.mn2,VGS,0.7667386040586923,1.8004633877822083,0.000195871724171289,4.993985899854872
fast_stress_a3_to_0_p1500ps,x5.mn2,VGD,0.7359630732987003,1.800301371970357,0.00024600841005304787,4.993985899854872
fast_stress_a3_to_0_p1500ps,x5.mn2,VDS,0.0001284725132499349,0.09214963824277816,5.017549390287636,0.03131260796432104
fast_stress_a3_to_0_p1500ps,x5.mn2,VBS,0.0,0.0,5e-05,5e-05
fast_stress_a3_to_1_p1500ps,x1.m1,VGS,0.0,0.0,5e-05,5e-05
fast_stress_a3_to_1_p1500ps,x1.m1,VGD,1.0949447154685092,1.8718285347599612,0.001132953904719577,5.015006010262342
fast_stress_a3_to_1_p1500ps,x1.m1,VDS,-1.8718285347599612,-1.0949447154685092,5.015006010262342,0.001132953904719577
fast_stress_a3_to_1_p1500ps,x1.m1,VBS,0.0,0.0,5e-05,5e-05
fast_stress_a3_to_1_p1500ps,x1.m2,VGS,1.8,1.8,5e-05,5e-05
fast_stress_a3_to_1_p1500ps,x1.m2,VGD,1.0949447154685092,1.8718285347599612,0.001132953904719577,5.015006010262342
fast_stress_a3_to_1_p1500ps,x1.m2,VDS,-0.0718285347599612,0.7050552845314908,5.015006010262342,0.001132953904719577
fast_stress_a3_to_1_p1500ps,x1.m2,VBS,0.0,0.0,5e-05,5e-05
fast_stress_a3_to_1_p1500ps,x1.m3,VGS,-1.8,0.0,15.316433257040998,5e-05
fast_stress_a3_to_1_p1500ps,x1.m3,VGD,-1.8601655854258001,1.8286651157120803,20.12877741666709,5.020549390287637
fast_stress_a3_to_1_p1500ps,x1.m3,VDS,-1.8286651157120803,0.06016558542580008,5.020549390287637,20.12877741666709
fast_stress_a3_to_1_p1500ps,x1.m3,VBS,0.0,0.0,5e-05,5e-05
fast_stress_a3_to_1_p1500ps,x1.m4,VGS,0.0,1.8,15.316433257040998,5e-05
fast_stress_a3_to_1_p1500ps,x1.m4,VGD,-1.8601655854258001,1.8286651157120803,20.12877741666709,5.020549390287637
fast_stress_a3_to_1_p1500ps,x1.m4,VDS,-0.028665115712080313,1.8601655854258001,5.020549390287637,20.12877741666709
fast_stress_a3_to_1_p1500ps,x1.m4,VBS,0.0,0.0,5e-05,5e-05
fast_stress_a3_to_1_p1500ps,x1.m5,VGS,-1.8,0.0,5e-05,5.0125
fast_stress_a3_to_1_p1500ps,x1.m5,VGD,-1.818595625311298,-0.055579861477371706,15.348497757384726,19.9875
fast_stress_a3_to_1_p1500ps,x1.m5,VDS,-0.9949132740236493,0.08001220624946392,0.000195871724171289,5.013322984827396
fast_stress_a3_to_1_p1500ps,x1.m5,VBS,0.0,0.0,5e-05,5e-05
fast_stress_a3_to_1_p1500ps,x1.m6,VGS,-0.01760838927770788,0.7391062139055782,15.259494110789603,15.46927971136388
fast_stress_a3_to_1_p1500ps,x1.m6,VGD,-1.9074227833354784,0.062218337038666194,5.020549390287637,20.122777416667084
fast_stress_a3_to_1_p1500ps,x1.m6,VDS,0.4513442526333493,1.892807075969598,25.0,5.016617268683286
fast_stress_a3_to_1_p1500ps,x1.m6,VBS,-1.3486078838601507,0.013839431432279045,25.0,5.017549390287636
fast_stress_a3_to_1_p1500ps,x1.m7,VGS,-1.2817307107753484,0.554750023596517,4.9989858998548735,0.001132953904719577
fast_stress_a3_to_1_p1500ps,x1.m7,VGD,-1.3485500367221388,0.43722699411275584,25.0,0.001132953904719577
fast_stress_a3_to_1_p1500ps,x1.m7,VDS,-1.2864101389033826,1.3971173258840957,4.9989858998548735,20.009858215079646
fast_stress_a3_to_1_p1500ps,x1.m7,VBS,-1.288691887456186,0.08164577714564761,4.9989858998548735,20.008858215079645
fast_stress_a3_to_1_p1500ps,x1.m8,VGS,0.0,1.8,5e-05,5.0125
fast_stress_a3_to_1_p1500ps,x1.m8,VGD,-1.1930741235847238,1.7999831414699792,15.374279711363771,6.209491927055762
fast_stress_a3_to_1_p1500ps,x1.m8,VDS,-0.08164577714564761,1.288691887456186,20.008858215079645,4.9989858998548735
fast_stress_a3_to_1_p1500ps,x1.m8,VBS,0.0,0.0,5e-05,5e-05
fast_stress_a3_to_1_p1500ps,x1.m9,VGS,-0.9949132740236493,0.08001220624946392,0.000195871724171289,5.013322984827396
fast_stress_a3_to_1_p1500ps,x1.m9,VGD,0.014522925651044405,1.879820237664997,0.000505611232367586,5.1006888559471575
fast_stress_a3_to_1_p1500ps,x1.m9,VDS,-1.8042079600526058,-0.9824463319076054,10.006202616100213,0.0007123043065117737
fast_stress_a3_to_1_p1500ps,x1.m9,VBS,0.0,0.0,5e-05,5e-05
fast_stress_a3_to_1_p1500ps,x1.m10,VGS,0.8050867259763508,1.880012206249464,0.000195871724171289,5.013322984827396
fast_stress_a3_to_1_p1500ps,x1.m10,VGD,0.014522925651044405,1.879820237664997,0.000505611232367586,5.1006888559471575
fast_stress_a3_to_1_p1500ps,x1.m10,VDS,-0.004207960052605746,0.8175536680923946,10.006202616100213,0.0007123043065117737
fast_stress_a3_to_1_p1500ps,x1.m10,VBS,0.0,0.0,5e-05,5e-05
fast_stress_a3_to_1_p1500ps,x1.m11,VGS,-1.8,0.0,5e-05,5.0125
fast_stress_a3_to_1_p1500ps,x1.m11,VGD,-1.817129267623969,1.7999323323479193,15.360279711363756,17.572719154494706
fast_stress_a3_to_1_p1500ps,x1.m11,VDS,-1.824422705801379,0.08573140474584307,20.000858215079635,16.515789442376207
fast_stress_a3_to_1_p1500ps,x1.m11,VBS,0.0,0.0,5e-05,5e-05
fast_stress_a3_to_1_p1500ps,x1.m12,VGS,-1.1977408690260871,1.840989888980805,15.259494110789603,20.006858215079642
fast_stress_a3_to_1_p1500ps,x1.m12,VGD,-1.9074740578266192,1.8181638444298982,5.021549390287637,19.999858215079634
fast_stress_a3_to_1_p1500ps,x1.m12,VDS,2.5427571737512977e-05,1.8875959080715545,17.57971915449471,9.995202616100219
fast_stress_a3_to_1_p1500ps,x1.m12,VBS,-1.4908841201314282,0.07865214714263057,15.557279711363979,10.01120261610021
fast_stress_a3_to_1_p1500ps,x1.m13,VGS,0.07244882634252911,1.871741738398556,5e-05,20.01185821507965
fast_stress_a3_to_1_p1500ps,x1.m13,VGD,0.014181816378090462,1.8734525786387077,5e-05,10.013658519810383
fast_stress_a3_to_1_p1500ps,x1.m13,VDS,-0.10762752456502689,0.6761209298241039,4.9989858998548735,16.511611042496167
fast_stress_a3_to_1_p1500ps,x1.m13,VBS,-1.288691887456186,0.08164577714564761,4.9989858998548735,20.008858215079645
fast_stress_a3_to_1_p1500ps,x1.m14,VGS,-1.824422705801379,0.08573140474584307,20.000858215079635,16.515789442376207
fast_stress_a3_to_1_p1500ps,x1.m14,VGD,-1.8200931159118108,1.884318922891331,20.001858215079636,16.515789442376207
fast_stress_a3_to_1_p1500ps,x1.m14,VDS,-1.8320305545947464,0.029671662262384713,16.537999827207482,20.07677741666703
fast_stress_a3_to_1_p1500ps,x1.m14,VBS,0.0,0.0,5e-05,5e-05
fast_stress_a3_to_1_p1500ps,x1.m15,VGS,-0.02442270580137912,1.885731404745843,20.000858215079635,16.515789442376207
fast_stress_a3_to_1_p1500ps,x1.m15,VGD,-1.8200931159118108,1.884318922891331,20.001858215079636,16.515789442376207
fast_stress_a3_to_1_p1500ps,x1.m15,VDS,-0.032030554594746255,1.8296716622623848,16.537999827207482,20.07677741666703
fast_stress_a3_to_1_p1500ps,x1.m15,VBS,0.0,0.0,5e-05,5e-05
fast_stress_a3_to_1_p1500ps,x1.m16,VGS,-1.8,0.0,5e-05,5.0125
fast_stress_a3_to_1_p1500ps,x1.m16,VGD,-1.8015601881390872,-0.06353510342184832,15.3264977573847,9.987500000000002
fast_stress_a3_to_1_p1500ps,x1.m16,VDS,-1.0089580027341367,0.08000957935532349,0.000195871724171289,16.545999827207492
fast_stress_a3_to_1_p1500ps,x1.m16,VBS,0.0,0.0,5e-05,5e-05
fast_stress_a3_to_1_p1500ps,x1.m17,VGS,-0.9979324015097176,0.9104366960381579,20.00585821507964,0.03531260796432105
fast_stress_a3_to_1_p1500ps,x1.m17,VGD,-1.8960537581215178,0.4460293220541607,16.517461333647276,0.0503126079643211
fast_stress_a3_to_1_p1500ps,x1.m17,VDS,0.41797549635232634,0.9015686097484585,15.337497757384714,16.515789442376207
fast_stress_a3_to_1_p1500ps,x1.m17,VBS,-1.383413628724964,-0.17857355456187854,15.336497757384713,7.208885996651058e-05
fast_stress_a3_to_1_p1500ps,x1.m18,VGS,-1.2817307107753484,0.554750023596517,4.9989858998548735,0.001132953904719577
fast_stress_a3_to_1_p1500ps,x1.m18,VGD,-1.381545861336047,0.4835387340891177,15.335497757384712,0.001132953904719577
fast_stress_a3_to_1_p1500ps,x1.m18,VDS,-0.27296724433624076,1.4346488841072877,16.499057179857687,10.009202616100211
fast_stress_a3_to_1_p1500ps,x1.m18,VBS,-1.288691887456186,0.08164577714564761,4.9989858998548735,20.008858215079645
fast_stress_a3_to_1_p1500ps,x1.m19,VGS,-1.0089580027341367,0.08000957935532349,0.000195871724171289,16.545999827207492
fast_stress_a3_to_1_p1500ps,x1.m19,VGD,0.007300638862637099,1.8799514938321786,0.000505611232367586,16.546999827207493
fast_stress_a3_to_1_p1500ps,x1.m19,VDS,-1.804232766857103,-0.9856275533827729,20.00585821507964,0.0036237377984681992
fast_stress_a3_to_1_p1500ps,x1.m19,VBS,0.0,0.0,5e-05,5e-05
fast_stress_a3_to_1_p1500ps,x1.m20,VGS,0.7910419972658632,1.8800095793553235,0.000195871724171289,16.545999827207492
fast_stress_a3_to_1_p1500ps,x1.m20,VGD,0.007300638862637099,1.8799514938321786,0.000505611232367586,16.546999827207493
fast_stress_a3_to_1_p1500ps,x1.m20,VDS,-0.00423276685710296,0.8143724466172272,20.00585821507964,0.0036237377984681992
fast_stress_a3_to_1_p1500ps,x1.m20,VBS,0.0,0.0,5e-05,5e-05
fast_stress_a3_to_1_p1500ps,x1.m21,VGS,-1.8,0.0,5e-05,5.0125
fast_stress_a3_to_1_p1500ps,x1.m21,VGD,-1.801038854760202,1.799932191119706,15.3254977573847,6.242491927055772
fast_stress_a3_to_1_p1500ps,x1.m21,VDS,-1.8243150487413649,0.08331523399583185,10.000202616100216,5.015006010262342
fast_stress_a3_to_1_p1500ps,x1.m21,VBS,0.0,0.0,5e-05,5e-05
fast_stress_a3_to_1_p1500ps,x1.m22,VGS,-1.1803875114641786,1.8433801621828612,25.0,10.008202616100212
fast_stress_a3_to_1_p1500ps,x1.m22,VGD,-1.896051251075729,1.8184812903402725,16.517461333647276,10.001202616100215
fast_stress_a3_to_1_p1500ps,x1.m22,VDS,2.5475683125331106e-05,1.8901278737692626,6.290491927055787,19.99585821507963
fast_stress_a3_to_1_p1500ps,x1.m22,VBS,-1.2600617706710193,0.07868874268158255,15.337497757384714,20.01185821507965
fast_stress_a3_to_1_p1500ps,x1.m23,VGS,0.07244882634252911,1.871741738398556,5e-05,20.01185821507965
fast_stress_a3_to_1_p1500ps,x1.m23,VGD,0.08838425588594215,1.8735117029274775,5e-05,20.013691738021297
fast_stress_a3_to_1_p1500ps,x1.m23,VDS,-0.2048047794978236,0.6002862022030576,15.410279711363813,5.012754503907013
fast_stress_a3_to_1_p1500ps,x1.m23,VBS,-1.288691887456186,0.08164577714564761,4.9989858998548735,20.008858215079645
fast_stress_a3_to_1_p1500ps,x1.m24,VGS,-1.8243150487413649,0.08331523399583185,10.000202616100216,5.015006010262342
fast_stress_a3_to_1_p1500ps,x1.m24,VGD,-1.8200059161675388,1.8820530628655823,10.002202616100215,5.0157113852586095
fast_stress_a3_to_1_p1500ps,x1.m24,VDS,-1.8332114789474776,0.0296597887369765,5.037688855947138,10.07799052866109
fast_stress_a3_to_1_p1500ps,x1.m24,VBS,0.0,0.0,5e-05,5e-05
fast_stress_a3_to_1_p1500ps,x1.m25,VGS,-0.024315048741364725,1.883315233995832,10.000202616100216,5.015006010262342
fast_stress_a3_to_1_p1500ps,x1.m25,VGD,-1.8200059161675388,1.8820530628655823,10.002202616100215,5.0157113852586095
fast_stress_a3_to_1_p1500ps,x1.m25,VDS,-0.03321147894747764,1.8296597887369765,5.037688855947138,10.07799052866109
fast_stress_a3_to_1_p1500ps,x1.m25,VBS,0.0,0.0,5e-05,5e-05
fast_stress_a3_to_1_p1500ps,x1.m26,VGS,-1.8718285347599612,-1.0949447154685092,5.015006010262342,0.001132953904719577
fast_stress_a3_to_1_p1500ps,x1.m26,VGD,-1.8205757603838664,0.35267807273792157,20.072777416667027,5.2655708093183924e-05
fast_stress_a3_to_1_p1500ps,x1.m26,VDS,-1.6050955468429318,0.030595866514519177,5e-05,20.062777416667014
fast_stress_a3_to_1_p1500ps,x1.m26,VBS,0.0,0.0,5e-05,5e-05
fast_stress_a3_to_1_p1500ps,x1.m27,VGS,-0.0718285347599612,0.7050552845314908,5.015006010262342,0.001132953904719577
fast_stress_a3_to_1_p1500ps,x1.m27,VGD,-1.8205757603838664,0.35267807273792157,20.072777416667027,5.2655708093183924e-05
fast_stress_a3_to_1_p1500ps,x1.m27,VDS,0.19490445315706825,1.8305958665145192,5e-05,20.062777416667014
fast_stress_a3_to_1_p1500ps,x1.m27,VBS,0.0,0.0,5e-05,5e-05
fast_stress_a3_to_1_p1500ps,x1.m28,VGS,-1.8286651157120803,0.06016558542580008,5.020549390287637,20.12877741666709
fast_stress_a3_to_1_p1500ps,x1.m28,VGD,-1.8173317003655536,1.8594377141866836,15.261494110789606,20.130777416667094
fast_stress_a3_to_1_p1500ps,x1.m28,VDS,-1.8166828708174667,0.0557497268602436,16.517461333647276,15.335497757384712
fast_stress_a3_to_1_p1500ps,x1.m28,VBS,0.0,0.0,5e-05,5e-05
fast_stress_a3_to_1_p1500ps,x1.m29,VGS,-0.028665115712080313,1.8601655854258001,5.020549390287637,20.12877741666709
fast_stress_a3_to_1_p1500ps,x1.m29,VGD,-1.8173317003655536,1.8594377141866836,15.261494110789606,20.130777416667094
fast_stress_a3_to_1_p1500ps,x1.m29,VDS,-0.016682870817466777,1.8557497268602436,16.517461333647276,15.335497757384712
fast_stress_a3_to_1_p1500ps,x1.m29,VBS,0.0,0.0,5e-05,5e-05
fast_stress_a3_to_1_p1500ps,x2.mp1,VGS,-1.8042079600526058,-0.9824463319076054,10.006202616100213,0.0007123043065117737
fast_stress_a3_to_1_p1500ps,x2.mp1,VGD,-1.8038128416234713,0.021437333835001127,10.007202616100212,0.0004114614201660281
fast_stress_a3_to_1_p1500ps,x2.mp1,VDS,-1.0327835913990475,0.0004627773678269609,0.000195871724171289,4.993985899854872
fast_stress_a3_to_1_p1500ps,x2.mp1,VBS,0.0,0.0,5e-05,5e-05
fast_stress_a3_to_1_p1500ps,x2.mn1,VGS,-0.004207960052605746,0.8175536680923946,10.006202616100213,0.0007123043065117737
fast_stress_a3_to_1_p1500ps,x2.mn1,VGD,-1.8038128416234713,0.021437333835001127,10.007202616100212,0.0004114614201660281
fast_stress_a3_to_1_p1500ps,x2.mn1,VDS,0.7672164086009525,1.800462777367827,0.000195871724171289,4.993985899854872
fast_stress_a3_to_1_p1500ps,x2.mn1,VBS,0.0,0.0,5e-05,5e-05
fast_stress_a3_to_1_p1500ps,x2.mp2,VGS,-1.0327835913990475,0.0004627773678269609,0.000195871724171289,4.993985899854872
fast_stress_a3_to_1_p1500ps,x2.mp2,VGD,0.7364881031098114,1.800300802796813,0.00024600841005304787,16.49405717985768
fast_stress_a3_to_1_p1500ps,x2.mp2,VDS,-1.7998716740872904,-1.7085143441198052,16.517461333647276,0.03231260796432104
fast_stress_a3_to_1_p1500ps,x2.mp2,VBS,0.0,0.0,5e-05,5e-05
fast_stress_a3_to_1_p1500ps,x2.mn2,VGS,0.7672164086009525,1.800462777367827,0.000195871724171289,4.993985899854872
fast_stress_a3_to_1_p1500ps,x2.mn2,VGD,0.7364881031098114,1.800300802796813,0.00024600841005304787,16.49405717985768
fast_stress_a3_to_1_p1500ps,x2.mn2,VDS,0.00012832591270967164,0.09148565588019486,16.517461333647276,0.03231260796432104
fast_stress_a3_to_1_p1500ps,x2.mn2,VBS,0.0,0.0,5e-05,5e-05
fast_stress_a3_to_1_p1500ps,x3.mp1,VGS,-1.8320305545947464,0.029671662262384713,16.537999827207482,20.07677741666703
fast_stress_a3_to_1_p1500ps,x3.mp1,VGD,-1.8291207120703432,1.8295738499436942,16.537999827207482,20.077777416667033
fast_stress_a3_to_1_p1500ps,x3.mp1,VDS,-1.8302548288654343,0.08349758085758929,20.161777416667128,16.57892030042617
fast_stress_a3_to_1_p1500ps,x3.mp1,VBS,0.0,0.0,5e-05,5e-05
fast_stress_a3_to_1_p1500ps,x3.mn1,VGS,-0.032030554594746255,1.8296716622623848,16.537999827207482,20.07677741666703
fast_stress_a3_to_1_p1500ps,x3.mn1,VGD,-1.8291207120703432,1.8295738499436942,16.537999827207482,20.077777416667033
fast_stress_a3_to_1_p1500ps,x3.mn1,VDS,-0.030254828865434256,1.8834975808575893,20.161777416667128,16.57892030042617
fast_stress_a3_to_1_p1500ps,x3.mn1,VBS,0.0,0.0,5e-05,5e-05
fast_stress_a3_to_1_p1500ps,x3.mp2,VGS,-1.8302548288654343,0.08349758085758929,20.161777416667128,16.57892030042617
fast_stress_a3_to_1_p1500ps,x3.mp2,VGD,-1.8292393603147745,1.8808667956442677,20.161777416667128,16.57892030042617
fast_stress_a3_to_1_p1500ps,x3.mp2,VDS,-1.8257566761003579,0.0273465159310462,16.6079203004262,20.204777416667177
fast_stress_a3_to_1_p1500ps,x3.mp2,VBS,0.0,0.0,5e-05,5e-05
fast_stress_a3_to_1_p1500ps,x3.mn2,VGS,-0.030254828865434256,1.8834975808575893,20.161777416667128,16.57892030042617
fast_stress_a3_to_1_p1500ps,x3.mn2,VGD,-1.8292393603147745,1.8808667956442677,20.161777416667128,16.57892030042617
fast_stress_a3_to_1_p1500ps,x3.mn2,VDS,-0.02575667610035779,1.8273465159310462,16.6079203004262,20.204777416667177
fast_stress_a3_to_1_p1500ps,x3.mn2,VBS,0.0,0.0,5e-05,5e-05
fast_stress_a3_to_1_p1500ps,x4.mp1,VGS,-1.8332114789474776,0.0296597887369765,5.037688855947138,10.07799052866109
fast_stress_a3_to_1_p1500ps,x4.mp1,VGD,-1.830194106235371,1.8295589613941639,5.038688855947139,10.07799052866109
fast_stress_a3_to_1_p1500ps,x4.mp1,VDS,-1.831069610701199,0.08410382401579453,10.160990528661047,5.077688855947151
fast_stress_a3_to_1_p1500ps,x4.mp1,VBS,0.0,0.0,5e-05,5e-05
fast_stress_a3_to_1_p1500ps,x4.mn1,VGS,-0.03321147894747764,1.8296597887369765,5.037688855947138,10.07799052866109
fast_stress_a3_to_1_p1500ps,x4.mn1,VGD,-1.830194106235371,1.8295589613941639,5.038688855947139,10.07799052866109
fast_stress_a3_to_1_p1500ps,x4.mn1,VDS,-0.031069610701198857,1.8841038240157946,10.160990528661047,5.077688855947151
fast_stress_a3_to_1_p1500ps,x4.mn1,VBS,0.0,0.0,5e-05,5e-05
fast_stress_a3_to_1_p1500ps,x4.mp2,VGS,-1.831069610701199,0.08410382401579453,10.160990528661047,5.077688855947151
fast_stress_a3_to_1_p1500ps,x4.mp2,VGD,-1.8300198286963067,1.8814776977272867,10.160990528661047,5.077688855947151
fast_stress_a3_to_1_p1500ps,x4.mp2,VDS,-1.825783231920229,0.027385469434964227,5.105688855947159,10.202990528661024
fast_stress_a3_to_1_p1500ps,x4.mp2,VBS,0.0,0.0,5e-05,5e-05
fast_stress_a3_to_1_p1500ps,x4.mn2,VGS,-0.031069610701198857,1.8841038240157946,10.160990528661047,5.077688855947151
fast_stress_a3_to_1_p1500ps,x4.mn2,VGD,-1.8300198286963067,1.8814776977272867,10.160990528661047,5.077688855947151
fast_stress_a3_to_1_p1500ps,x4.mn2,VDS,-0.025783231920229,1.8273854694349643,5.105688855947159,10.202990528661024
fast_stress_a3_to_1_p1500ps,x4.mn2,VBS,0.0,0.0,5e-05,5e-05
fast_stress_a3_to_1_p1500ps,x5.mp1,VGS,-1.804232766857103,-0.9856275533827729,20.00585821507964,0.0036237377984681992
fast_stress_a3_to_1_p1500ps,x5.mp1,VGD,-1.8038383199254302,0.0163997342749006,20.006858215079642,0.0004114614201660281
fast_stress_a3_to_1_p1500ps,x5.mp1,VDS,-1.0332613959413077,0.0004633877822082244,0.000195871724171289,4.993985899854872
fast_stress_a3_to_1_p1500ps,x5.mp1,VBS,0.0,0.0,5e-05,5e-05
fast_stress_a3_to_1_p1500ps,x5.mn1,VGS,-0.00423276685710296,0.8143724466172272,20.00585821507964,0.0036237377984681992
fast_stress_a3_to_1_p1500ps,x5.mn1,VGD,-1.8038383199254302,0.0163997342749006,20.006858215079642,0.0004114614201660281
fast_stress_a3_to_1_p1500ps,x5.mn1,VDS,0.7667386040586923,1.8004633877822083,0.000195871724171289,4.993985899854872
fast_stress_a3_to_1_p1500ps,x5.mn1,VBS,0.0,0.0,5e-05,5e-05
fast_stress_a3_to_1_p1500ps,x5.mp2,VGS,-1.0332613959413077,0.0004633877822082244,0.000195871724171289,4.993985899854872
fast_stress_a3_to_1_p1500ps,x5.mp2,VGD,0.7359630732987003,1.800301371970357,0.00024600841005304787,4.993985899854872
fast_stress_a3_to_1_p1500ps,x5.mp2,VDS,-1.79987152748675,-1.7078503617572218,5.017549390287636,0.03131260796432104
fast_stress_a3_to_1_p1500ps,x5.mp2,VBS,0.0,0.0,5e-05,5e-05
fast_stress_a3_to_1_p1500ps,x5.mn2,VGS,0.7667386040586923,1.8004633877822083,0.000195871724171289,4.993985899854872
fast_stress_a3_to_1_p1500ps,x5.mn2,VGD,0.7359630732987003,1.800301371970357,0.00024600841005304787,4.993985899854872
fast_stress_a3_to_1_p1500ps,x5.mn2,VDS,0.0001284725132499349,0.09214963824277816,5.017549390287636,0.03131260796432104
fast_stress_a3_to_1_p1500ps,x5.mn2,VBS,0.0,0.0,5e-05,5e-05
fast_stress_a3_to_2_p1500ps,x1.m1,VGS,-1.8,0.0,15.316433257040998,5e-05
fast_stress_a3_to_2_p1500ps,x1.m1,VGD,-1.907863406268454,1.8718285347599612,20.133777416667098,5.015006010262342
fast_stress_a3_to_2_p1500ps,x1.m1,VDS,-1.8718285347599612,0.10786340626845403,5.015006010262342,20.133777416667098
fast_stress_a3_to_2_p1500ps,x1.m1,VBS,0.0,0.0,5e-05,5e-05
fast_stress_a3_to_2_p1500ps,x1.m2,VGS,0.0,1.8,15.316433257040998,5e-05
fast_stress_a3_to_2_p1500ps,x1.m2,VGD,-1.907863406268454,1.8718285347599612,20.133777416667098,5.015006010262342
fast_stress_a3_to_2_p1500ps,x1.m2,VDS,-0.0718285347599612,1.907863406268454,5.015006010262342,20.133777416667098
fast_stress_a3_to_2_p1500ps,x1.m2,VBS,0.0,0.0,5e-05,5e-05
fast_stress_a3_to_2_p1500ps,x1.m3,VGS,0.0,0.0,5e-05,5e-05
fast_stress_a3_to_2_p1500ps,x1.m3,VGD,1.0306757677885272,1.8286651157120803,0.001132953904719577,5.020549390287637
fast_stress_a3_to_2_p1500ps,x1.m3,VDS,-1.8286651157120803,-1.0306757677885272,5.020549390287637,0.001132953904719577
fast_stress_a3_to_2_p1500ps,x1.m3,VBS,0.0,0.0,5e-05,5e-05
fast_stress_a3_to_2_p1500ps,x1.m4,VGS,1.8,1.8,5e-05,5e-05
fast_stress_a3_to_2_p1500ps,x1.m4,VGD,1.0306757677885272,1.8286651157120803,0.001132953904719577,5.020549390287637
fast_stress_a3_to_2_p1500ps,x1.m4,VDS,-0.028665115712080313,0.7693242322114728,5.020549390287637,0.001132953904719577
fast_stress_a3_to_2_p1500ps,x1.m4,VBS,0.0,0.0,5e-05,5e-05
fast_stress_a3_to_2_p1500ps,x1.m5,VGS,-1.8,0.0,5e-05,5.0125
fast_stress_a3_to_2_p1500ps,x1.m5,VGD,-1.8000186328856354,-0.07064249434068359,15.451408946613236,9.987500000000002
fast_stress_a3_to_2_p1500ps,x1.m5,VDS,-0.9949132740236493,0.08027280608860132,0.000195871724171289,16.647825804172346
fast_stress_a3_to_2_p1500ps,x1.m5,VBS,0.0,0.0,5e-05,5e-05
fast_stress_a3_to_2_p1500ps,x1.m6,VGS,-1.1802828856272454,0.5014959417927378,25.0,0.001132953904719577
fast_stress_a3_to_2_p1500ps,x1.m6,VGD,-1.9074227833354784,-0.07508387227063018,5.020549390287637,0.0006008817136660225
fast_stress_a3_to_2_p1500ps,x1.m6,VDS,0.5562390174266187,1.892807075969598,5e-05,5.016617268683286
fast_stress_a3_to_2_p1500ps,x1.m6,VBS,-1.18032966944663,0.08108619380528692,25.0,20.01181740625442
fast_stress_a3_to_2_p1500ps,x1.m7,VGS,-1.2817307107753484,1.8637761016979324,4.9989858998548735,20.009817406254417
fast_stress_a3_to_2_p1500ps,x1.m7,VGD,-0.0592154890950244,1.8639408910359103,5.014503600492653,20.013231283666144
fast_stress_a3_to_2_p1500ps,x1.m7,VDS,-1.2864101389033826,0.4326540270998058,4.9989858998548735,16.511218907775643
fast_stress_a3_to_2_p1500ps,x1.m7,VBS,-1.3002737226678935,0.08324906266238351,15.353497729908089,20.008817406254416
fast_stress_a3_to_2_p1500ps,x1.m8,VGS,0.0,1.8,5e-05,5.0125
fast_stress_a3_to_2_p1500ps,x1.m8,VGD,-1.3002737226678935,1.7999831414699792,15.353497729908089,6.209491927055762
fast_stress_a3_to_2_p1500ps,x1.m8,VDS,-0.08324906266238351,1.3002737226678935,20.008817406254416,15.353497729908089
fast_stress_a3_to_2_p1500ps,x1.m8,VBS,0.0,0.0,5e-05,5e-05
fast_stress_a3_to_2_p1500ps,x1.m9,VGS,-0.9949132740236493,0.08027280608860132,0.000195871724171289,16.647825804172346
fast_stress_a3_to_2_p1500ps,x1.m9,VGD,0.014522925651044405,1.88021596341348,0.000505611232367586,16.648825804172347
fast_stress_a3_to_2_p1500ps,x1.m9,VDS,-1.8042290117218804,-0.9824463319076054,20.005817406254415,0.0007123043065117737
fast_stress_a3_to_2_p1500ps,x1.m9,VBS,0.0,0.0,5e-05,5e-05
fast_stress_a3_to_2_p1500ps,x1.m10,VGS,0.8050867259763508,1.8802728060886014,0.000195871724171289,16.647825804172346
fast_stress_a3_to_2_p1500ps,x1.m10,VGD,0.014522925651044405,1.88021596341348,0.000505611232367586,16.648825804172347
fast_stress_a3_to_2_p1500ps,x1.m10,VDS,-0.00422901172188047,0.8175536680923946,20.005817406254415,0.0007123043065117737
fast_stress_a3_to_2_p1500ps,x1.m10,VBS,0.0,0.0,5e-05,5e-05
fast_stress_a3_to_2_p1500ps,x1.m11,VGS,-1.8,0.0,5e-05,5.0125
fast_stress_a3_to_2_p1500ps,x1.m11,VGD,-1.8000968598740827,-0.07107509531929357,15.439408946613222,9.987500000000002
fast_stress_a3_to_2_p1500ps,x1.m11,VDS,-0.9941553773632458,0.08028352918245796,0.000195871724171289,5.146491927055436
fast_stress_a3_to_2_p1500ps,x1.m11,VBS,0.0,0.0,5e-05,5e-05
fast_stress_a3_to_2_p1500ps,x1.m12,VGS,-1.1987677124568556,0.5532114967086883,15.33749772990807,0.001132953904719577
fast_stress_a3_to_2_p1500ps,x1.m12,VGD,-1.9074740578266192,-0.07629939544362374,5.021549390287637,0.0006008817136660225
fast_stress_a3_to_2_p1500ps,x1.m12,VDS,0.5993413022106757,1.8875959080715545,15.33749772990807,9.995202616100219
fast_stress_a3_to_2_p1500ps,x1.m12,VBS,-1.2006993098856737,0.07865214714263057,15.33749772990807,10.01120261610021
fast_stress_a3_to_2_p1500ps,x1.m13,VGS,-1.2191655075089007,1.8716383767676363,16.499225761796176,10.01220261610021
fast_stress_a3_to_2_p1500ps,x1.m13,VGD,-0.833382544544716,1.8734525786387077,16.51021890777564,10.013658519810383
fast_stress_a3_to_2_p1500ps,x1.m13,VDS,-0.41447827285471517,0.8915444189092478,16.498225761796174,20.009817406254417
fast_stress_a3_to_2_p1500ps,x1.m13,VBS,-1.3002737226678935,0.08324906266238351,15.353497729908089,20.008817406254416
fast_stress_a3_to_2_p1500ps,x1.m14,VGS,-0.9941553773632458,0.08028352918245796,0.000195871724171289,5.146491927055436
fast_stress_a3_to_2_p1500ps,x1.m14,VGD,0.015207669706747251,1.8802266872219486,0.000505611232367586,5.1474919270554365
fast_stress_a3_to_2_p1500ps,x1.m14,VDS,-1.8042391726488398,-0.9819433428109752,20.005817406254415,0.0007123043065117737
fast_stress_a3_to_2_p1500ps,x1.m14,VBS,0.0,0.0,5e-05,5e-05
fast_stress_a3_to_2_p1500ps,x1.m15,VGS,0.8058446226367543,1.880283529182458,0.000195871724171289,5.146491927055436
fast_stress_a3_to_2_p1500ps,x1.m15,VGD,0.015207669706747251,1.8802266872219486,0.000505611232367586,5.1474919270554365
fast_stress_a3_to_2_p1500ps,x1.m15,VDS,-0.004239172648839693,0.8180566571890249,20.005817406254415,0.0007123043065117737
fast_stress_a3_to_2_p1500ps,x1.m15,VBS,0.0,0.0,5e-05,5e-05
fast_stress_a3_to_2_p1500ps,x1.m16,VGS,-1.8,0.0,5e-05,5.0125
fast_stress_a3_to_2_p1500ps,x1.m16,VGD,-1.8003377600184118,1.7999321541650815,15.769408946613597,17.878825804173744
fast_stress_a3_to_2_p1500ps,x1.m16,VDS,-1.824439690588709,0.0806643023998288,20.00081740625441,16.51361354864296
fast_stress_a3_to_2_p1500ps,x1.m16,VBS,0.0,0.0,5e-05,5e-05
fast_stress_a3_to_2_p1500ps,x1.m17,VGS,0.08138352621558842,1.8444785639921921,15.519408946613312,20.007817406254418
fast_stress_a3_to_2_p1500ps,x1.m17,VGD,-0.5335296588386402,1.8186119401608842,5e-05,20.00081740625441
fast_stress_a3_to_2_p1500ps,x1.m17,VDS,2.547114785494964e-05,1.1914164799032685,17.781825804173632,16.521355248229643
fast_stress_a3_to_2_p1500ps,x1.m17,VBS,-1.7192976587437252,0.047804386862065784,15.519408946613312,20.006817406254417
fast_stress_a3_to_2_p1500ps,x1.m18,VGS,-1.2817307107753484,1.8637761016979324,4.9989858998548735,20.009817406254417
fast_stress_a3_to_2_p1500ps,x1.m18,VGD,-1.3837101175569286,1.828132020394281,15.259490704768908,20.005817406254415
fast_stress_a3_to_2_p1500ps,x1.m18,VDS,-0.03163087855931779,1.4346488841072877,16.498225761796174,10.009202616100211
fast_stress_a3_to_2_p1500ps,x1.m18,VBS,-1.3002737226678935,0.08324906266238351,15.353497729908089,20.008817406254416
fast_stress_a3_to_2_p1500ps,x1.m19,VGS,-1.824439690588709,0.0806643023998288,20.00081740625441,16.51361354864296
fast_stress_a3_to_2_p1500ps,x1.m19,VGD,-1.8201018527804003,1.879167819897365,20.00181740625441,16.514404826509494
fast_stress_a3_to_2_p1500ps,x1.m19,VDS,-1.8319950350987286,0.030530308604125533,16.53582580417222,20.07677741666703
fast_stress_a3_to_2_p1500ps,x1.m19,VBS,0.0,0.0,5e-05,5e-05
fast_stress_a3_to_2_p1500ps,x1.m20,VGS,-0.024439690588708984,1.8806643023998288,20.00081740625441,16.51361354864296
fast_stress_a3_to_2_p1500ps,x1.m20,VGD,-1.8201018527804003,1.879167819897365,20.00181740625441,16.514404826509494
fast_stress_a3_to_2_p1500ps,x1.m20,VDS,-0.03199503509872857,1.8305303086041256,16.53582580417222,20.07677741666703
fast_stress_a3_to_2_p1500ps,x1.m20,VBS,0.0,0.0,5e-05,5e-05
fast_stress_a3_to_2_p1500ps,x1.m21,VGS,-1.8,0.0,5e-05,5.0125
fast_stress_a3_to_2_p1500ps,x1.m21,VGD,-1.8004854282266896,1.799932191119706,15.385408946613161,6.242491927055772
fast_stress_a3_to_2_p1500ps,x1.m21,VDS,-1.8243150487413649,0.08331523399583185,10.000202616100216,5.015006010262342
fast_stress_a3_to_2_p1500ps,x1.m21,VBS,0.0,0.0,5e-05,5e-05
fast_stress_a3_to_2_p1500ps,x1.m22,VGS,0.16464411462576933,1.8433801621828612,5e-05,10.008202616100212
fast_stress_a3_to_2_p1500ps,x1.m22,VGD,-0.5335621099639303,1.8184812903402725,5e-05,10.001202616100215
fast_stress_a3_to_2_p1500ps,x1.m22,VDS,2.5475683125331106e-05,1.1994717619371378,6.290491927055787,5.0225493902876375
fast_stress_a3_to_2_p1500ps,x1.m22,VBS,-1.348868240192089,0.04679285963278837,25.0,10.006202616100213
fast_stress_a3_to_2_p1500ps,x1.m23,VGS,-1.2191655075089007,1.8716383767676363,16.499225761796176,10.01220261610021
fast_stress_a3_to_2_p1500ps,x1.m23,VGD,-1.348722399727735,1.8336350829876062,25.0,10.008202616100212
fast_stress_a3_to_2_p1500ps,x1.m23,VDS,-0.07767440938056058,1.4035066117475579,15.386408946613162,20.009817406254417
fast_stress_a3_to_2_p1500ps,x1.m23,VBS,-1.3002737226678935,0.08324906266238351,15.353497729908089,20.008817406254416
fast_stress_a3_to_2_p1500ps,x1.m24,VGS,-1.8243150487413649,0.08331523399583185,10.000202616100216,5.015006010262342
fast_stress_a3_to_2_p1500ps,x1.m24,VGD,-1.8200059161675388,1.8820530628655823,10.002202616100215,5.0157113852586095
fast_stress_a3_to_2_p1500ps,x1.m24,VDS,-1.8332114789474776,0.0296597887369765,5.037688855947138,10.07799052866109
fast_stress_a3_to_2_p1500ps,x1.m24,VBS,0.0,0.0,5e-05,5e-05
fast_stress_a3_to_2_p1500ps,x1.m25,VGS,-0.024315048741364725,1.883315233995832,10.000202616100216,5.015006010262342
fast_stress_a3_to_2_p1500ps,x1.m25,VGD,-1.8200059161675388,1.8820530628655823,10.002202616100215,5.0157113852586095
fast_stress_a3_to_2_p1500ps,x1.m25,VDS,-0.03321147894747764,1.8296597887369765,5.037688855947138,10.07799052866109
fast_stress_a3_to_2_p1500ps,x1.m25,VBS,0.0,0.0,5e-05,5e-05
fast_stress_a3_to_2_p1500ps,x1.m26,VGS,-1.8718285347599612,0.10786340626845403,5.015006010262342,20.133777416667098
fast_stress_a3_to_2_p1500ps,x1.m26,VGD,-1.8205576192822954,1.9066199173187557,10.071990528661093,20.134777416667095
fast_stress_a3_to_2_p1500ps,x1.m26,VDS,-1.8339462251160759,0.059319034771566415,16.511218907775643,15.335497729908068
fast_stress_a3_to_2_p1500ps,x1.m26,VBS,0.0,0.0,5e-05,5e-05
fast_stress_a3_to_2_p1500ps,x1.m27,VGS,-0.0718285347599612,1.907863406268454,5.015006010262342,20.133777416667098
fast_stress_a3_to_2_p1500ps,x1.m27,VGD,-1.8205576192822954,1.9066199173187557,10.071990528661093,20.134777416667095
fast_stress_a3_to_2_p1500ps,x1.m27,VDS,-0.03394622511607588,1.8593190347715665,16.511218907775643,15.335497729908068
fast_stress_a3_to_2_p1500ps,x1.m27,VBS,0.0,0.0,5e-05,5e-05
fast_stress_a3_to_2_p1500ps,x1.m28,VGS,-1.8286651157120803,-1.0306757677885272,5.020549390287637,0.001132953904719577
fast_stress_a3_to_2_p1500ps,x1.m28,VGD,-1.8133634370086333,0.3178569069090038,20.02777370909954,5.0885236031061305e-05
fast_stress_a3_to_2_p1500ps,x1.m28,VDS,-1.5288356881031047,0.016826550599464474,5e-05,20.042523146627055
fast_stress_a3_to_2_p1500ps,x1.m28,VBS,0.0,0.0,5e-05,5e-05
fast_stress_a3_to_2_p1500ps,x1.m29,VGS,-0.028665115712080313,0.7693242322114728,5.020549390287637,0.001132953904719577
fast_stress_a3_to_2_p1500ps,x1.m29,VGD,-1.8133634370086333,0.3178569069090038,20.02777370909954,5.0885236031061305e-05
fast_stress_a3_to_2_p1500ps,x1.m29,VDS,0.27116431189689544,1.8168265505994645,5e-05,20.042523146627055
fast_stress_a3_to_2_p1500ps,x1.m29,VBS,0.0,0.0,5e-05,5e-05
fast_stress_a3_to_2_p1500ps,x2.mp1,VGS,-1.8042290117218804,-0.9824463319076054,20.005817406254415,0.0007123043065117737
fast_stress_a3_to_2_p1500ps,x2.mp1,VGD,-1.8038353272631094,0.021437333835001127,20.006817406254417,0.0004114614201660281
fast_stress_a3_to_2_p1500ps,x2.mp1,VDS,-1.0327835913990475,0.0004627773678269609,0.000195871724171289,4.993985899854872
fast_stress_a3_to_2_p1500ps,x2.mp1,VBS,0.0,0.0,5e-05,5e-05
fast_stress_a3_to_2_p1500ps,x2.mn1,VGS,-0.00422901172188047,0.8175536680923946,20.005817406254415,0.0007123043065117737
fast_stress_a3_to_2_p1500ps,x2.mn1,VGD,-1.8038353272631094,0.021437333835001127,20.006817406254417,0.0004114614201660281
fast_stress_a3_to_2_p1500ps,x2.mn1,VDS,0.7672164086009525,1.800462777367827,0.000195871724171289,4.993985899854872
fast_stress_a3_to_2_p1500ps,x2.mn1,VBS,0.0,0.0,5e-05,5e-05
fast_stress_a3_to_2_p1500ps,x2.mp2,VGS,-1.0327835913990475,0.0004627773678269609,0.000195871724171289,4.993985899854872
fast_stress_a3_to_2_p1500ps,x2.mp2,VGD,0.7364881031098114,1.8003007993611635,0.00024600841005304787,16.49422576179617
fast_stress_a3_to_2_p1500ps,x2.mp2,VDS,-1.7998707561222338,-1.7085143441198052,5.017549390287636,0.03231260796432104
fast_stress_a3_to_2_p1500ps,x2.mp2,VBS,0.0,0.0,5e-05,5e-05
fast_stress_a3_to_2_p1500ps,x2.mn2,VGS,0.7672164086009525,1.800462777367827,0.000195871724171289,4.993985899854872
fast_stress_a3_to_2_p1500ps,x2.mn2,VGD,0.7364881031098114,1.8003007993611635,0.00024600841005304787,16.49422576179617
fast_stress_a3_to_2_p1500ps,x2.mn2,VDS,0.0001292438777662028,0.09148565588019486,5.017549390287636,0.03231260796432104
fast_stress_a3_to_2_p1500ps,x2.mn2,VBS,0.0,0.0,5e-05,5e-05
fast_stress_a3_to_2_p1500ps,x3.mp1,VGS,-1.8042391726488398,-0.9819433428109752,20.005817406254415,0.0007123043065117737
fast_stress_a3_to_2_p1500ps,x3.mp1,VGD,-1.8038438313556502,0.02187235271571697,20.006817406254417,0.0004114614201660281
fast_stress_a3_to_2_p1500ps,x3.mp1,VDS,-1.0327661065166265,0.0004627322401398182,0.000195871724171289,4.993985899854872
fast_stress_a3_to_2_p1500ps,x3.mp1,VBS,0.0,0.0,5e-05,5e-05
fast_stress_a3_to_2_p1500ps,x3.mn1,VGS,-0.004239172648839693,0.8180566571890249,20.005817406254415,0.0007123043065117737
fast_stress_a3_to_2_p1500ps,x3.mn1,VGD,-1.8038438313556502,0.02187235271571697,20.006817406254417,0.0004114614201660281
fast_stress_a3_to_2_p1500ps,x3.mn1,VDS,0.7672338934833736,1.8004627322401399,0.000195871724171289,4.993985899854872
fast_stress_a3_to_2_p1500ps,x3.mn1,VBS,0.0,0.0,5e-05,5e-05
fast_stress_a3_to_2_p1500ps,x3.mp2,VGS,-1.0327661065166265,0.0004627322401398182,0.000195871724171289,4.993985899854872
fast_stress_a3_to_2_p1500ps,x3.mp2,VGD,0.7365120861319822,1.800300797694213,0.00024600841005304787,16.49422576179617
fast_stress_a3_to_2_p1500ps,x3.mp2,VDS,-1.7998707045516344,-1.7085635122284835,5.017549390287636,0.03231260796432104
fast_stress_a3_to_2_p1500ps,x3.mp2,VBS,0.0,0.0,5e-05,5e-05
fast_stress_a3_to_2_p1500ps,x3.mn2,VGS,0.7672338934833736,1.8004627322401399,0.000195871724171289,4.993985899854872
fast_stress_a3_to_2_p1500ps,x3.mn2,VGD,0.7365120861319822,1.800300797694213,0.00024600841005304787,16.49422576179617
fast_stress_a3_to_2_p1500ps,x3.mn2,VDS,0.00012929544836562547,0.09143648777151661,5.017549390287636,0.03231260796432104
fast_stress_a3_to_2_p1500ps,x3.mn2,VBS,0.0,0.0,5e-05,5e-05
fast_stress_a3_to_2_p1500ps,x4.mp1,VGS,-1.8332114789474776,0.0296597887369765,5.037688855947138,10.07799052866109
fast_stress_a3_to_2_p1500ps,x4.mp1,VGD,-1.830194106235371,1.8295589613941639,5.038688855947139,10.07799052866109
fast_stress_a3_to_2_p1500ps,x4.mp1,VDS,-1.831069610701199,0.08410382401579453,10.160990528661047,5.077688855947151
fast_stress_a3_to_2_p1500ps,x4.mp1,VBS,0.0,0.0,5e-05,5e-05
fast_stress_a3_to_2_p1500ps,x4.mn1,VGS,-0.03321147894747764,1.8296597887369765,5.037688855947138,10.07799052866109
fast_stress_a3_to_2_p1500ps,x4.mn1,VGD,-1.830194106235371,1.8295589613941639,5.038688855947139,10.07799052866109
fast_stress_a3_to_2_p1500ps,x4.mn1,VDS,-0.031069610701198857,1.8841038240157946,10.160990528661047,5.077688855947151
fast_stress_a3_to_2_p1500ps,x4.mn1,VBS,0.0,0.0,5e-05,5e-05
fast_stress_a3_to_2_p1500ps,x4.mp2,VGS,-1.831069610701199,0.08410382401579453,10.160990528661047,5.077688855947151
fast_stress_a3_to_2_p1500ps,x4.mp2,VGD,-1.8300198286963067,1.8814776977272867,10.160990528661047,5.077688855947151
fast_stress_a3_to_2_p1500ps,x4.mp2,VDS,-1.825783231920229,0.027385469434964227,5.105688855947159,10.202990528661024
fast_stress_a3_to_2_p1500ps,x4.mp2,VBS,0.0,0.0,5e-05,5e-05
fast_stress_a3_to_2_p1500ps,x4.mn2,VGS,-0.031069610701198857,1.8841038240157946,10.160990528661047,5.077688855947151
fast_stress_a3_to_2_p1500ps,x4.mn2,VGD,-1.8300198286963067,1.8814776977272867,10.160990528661047,5.077688855947151
fast_stress_a3_to_2_p1500ps,x4.mn2,VDS,-0.025783231920229,1.8273854694349643,5.105688855947159,10.202990528661024
fast_stress_a3_to_2_p1500ps,x4.mn2,VBS,0.0,0.0,5e-05,5e-05
fast_stress_a3_to_2_p1500ps,x5.mp1,VGS,-1.8319950350987286,0.030530308604125533,16.53582580417222,20.07677741666703
fast_stress_a3_to_2_p1500ps,x5.mp1,VGD,-1.8291034095593042,1.8304229238072727,16.53682580417222,20.07677741666703
fast_stress_a3_to_2_p1500ps,x5.mp1,VDS,-1.830983869400357,0.08315474404349277,20.158777416667125,16.577825804172267
fast_stress_a3_to_2_p1500ps,x5.mp1,VBS,0.0,0.0,5e-05,5e-05
fast_stress_a3_to_2_p1500ps,x5.mn1,VGS,-0.03199503509872857,1.8305303086041256,16.53582580417222,20.07677741666703
fast_stress_a3_to_2_p1500ps,x5.mn1,VGD,-1.8291034095593042,1.8304229238072727,16.53682580417222,20.07677741666703
fast_stress_a3_to_2_p1500ps,x5.mn1,VDS,-0.030983869400357068,1.8831547440434928,20.158777416667125,16.577825804172267
fast_stress_a3_to_2_p1500ps,x5.mn1,VBS,0.0,0.0,5e-05,5e-05
fast_stress_a3_to_2_p1500ps,x5.mp2,VGS,-1.830983869400357,0.08315474404349277,20.158777416667125,16.577825804172267
fast_stress_a3_to_2_p1500ps,x5.mp2,VGD,-1.8299347406612334,1.8805677674151131,20.158777416667125,16.577825804172267
fast_stress_a3_to_2_p1500ps,x5.mp2,VDS,-1.8256788851696044,0.027398321105411405,16.6068258041723,20.201562366876143
fast_stress_a3_to_2_p1500ps,x5.mp2,VBS,0.0,0.0,5e-05,5e-05
fast_stress_a3_to_2_p1500ps,x5.mn2,VGS,-0.030983869400357068,1.8831547440434928,20.158777416667125,16.577825804172267
fast_stress_a3_to_2_p1500ps,x5.mn2,VGD,-1.8299347406612334,1.8805677674151131,20.158777416667125,16.577825804172267
fast_stress_a3_to_2_p1500ps,x5.mn2,VDS,-0.02567888516960448,1.8273983211054114,16.6068258041723,20.201562366876143
fast_stress_a3_to_2_p1500ps,x5.mn2,VBS,0.0,0.0,5e-05,5e-05
