case,phase,output,metric,value,low,high,result,settling_allowance_only
fine_buffered2_ss_1.8_-40_25_0_3_gear,prime,DEC0,upper_excursion_v,1.7999999961769126,,1.9800000000000002,PASS,False
fine_buffered2_ss_1.8_-40_25_0_3_gear,prime,DEC0,lower_excursion_v,-0.09214705541645012,-0.18000000000000002,,PASS,False
fine_buffered2_ss_1.8_-40_25_0_3_gear,prime,DEC0,end_level_v,1.799999996170581,1.62,1.9800000000000002,PASS,False
fine_buffered2_ss_1.8_-40_25_0_3_gear,prime,DEC0,settled_min_v,1.7999995564839857,1.62,,PASS,False
fine_buffered2_ss_1.8_-40_25_0_3_gear,prime,DEC1,upper_excursion_v,0.002528423774405166,,1.9800000000000002,PASS,False
fine_buffered2_ss_1.8_-40_25_0_3_gear,prime,DEC1,lower_excursion_v,-0.00019942346196076197,-0.18000000000000002,,PASS,False
fine_buffered2_ss_1.8_-40_25_0_3_gear,prime,DEC1,end_level_v,-5.687161339432146e-07,-0.18000000000000002,0.18000000000000002,PASS,False
fine_buffered2_ss_1.8_-40_25_0_3_gear,prime,DEC1,unselected_max_v,0.002528423774405166,,0.18000000000000002,PASS,False
fine_buffered2_ss_1.8_-40_25_0_3_gear,prime,DEC2,upper_excursion_v,0.002521157235225689,,1.9800000000000002,PASS,False
fine_buffered2_ss_1.8_-40_25_0_3_gear,prime,DEC2,lower_excursion_v,-1.816277308608371e-05,-0.18000000000000002,,PASS,False
fine_buffered2_ss_1.8_-40_25_0_3_gear,prime,DEC2,end_level_v,1.0874160975021842e-09,-0.18000000000000002,0.18000000000000002,PASS,False
fine_buffered2_ss_1.8_-40_25_0_3_gear,prime,DEC2,unselected_max_v,0.002521157235225689,,0.18000000000000002,PASS,False
fine_buffered2_ss_1.8_-40_25_0_3_gear,prime,DEC3,upper_excursion_v,0.0025211573886857355,,1.9800000000000002,PASS,False
fine_buffered2_ss_1.8_-40_25_0_3_gear,prime,DEC3,lower_excursion_v,-1.702921657041422e-05,-0.18000000000000002,,PASS,False
fine_buffered2_ss_1.8_-40_25_0_3_gear,prime,DEC3,end_level_v,1.0874059572092283e-09,-0.18000000000000002,0.18000000000000002,PASS,False
fine_buffered2_ss_1.8_-40_25_0_3_gear,prime,DEC3,unselected_max_v,0.0025211573886857355,,0.18000000000000002,PASS,False
fine_buffered2_ss_1.8_-40_25_0_3_gear,prime,WL0,upper_excursion_v,1.7999999898435872,,1.9800000000000002,PASS,False
fine_buffered2_ss_1.8_-40_25_0_3_gear,prime,WL0,lower_excursion_v,-0.037664088697694886,-0.18000000000000002,,PASS,False
fine_buffered2_ss_1.8_-40_25_0_3_gear,prime,WL0,end_level_v,1.7999999898435872,1.62,1.9800000000000002,PASS,False
fine_buffered2_ss_1.8_-40_25_0_3_gear,prime,WL0,settled_min_v,1.797176371917068,1.62,,PASS,False
fine_buffered2_ss_1.8_-40_25_0_3_gear,prime,WL1,upper_excursion_v,5.88503052111726e-06,,1.9800000000000002,PASS,False
fine_buffered2_ss_1.8_-40_25_0_3_gear,prime,WL1,lower_excursion_v,-6.87573757641987e-06,-0.18000000000000002,,PASS,False
fine_buffered2_ss_1.8_-40_25_0_3_gear,prime,WL1,end_level_v,3.2398406111673585e-09,-0.18000000000000002,0.18000000000000002,PASS,False
fine_buffered2_ss_1.8_-40_25_0_3_gear,prime,WL1,unselected_max_v,5.88503052111726e-06,,0.18000000000000002,PASS,False
fine_buffered2_ss_1.8_-40_25_0_3_gear,prime,WL2,upper_excursion_v,5.8664951792798276e-06,,1.9800000000000002,PASS,False
fine_buffered2_ss_1.8_-40_25_0_3_gear,prime,WL2,lower_excursion_v,-6.3828819308293806e-06,-0.18000000000000002,,PASS,False
fine_buffered2_ss_1.8_-40_25_0_3_gear,prime,WL2,end_level_v,3.239899369128963e-09,-0.18000000000000002,0.18000000000000002,PASS,False
fine_buffered2_ss_1.8_-40_25_0_3_gear,prime,WL2,unselected_max_v,5.8664951792798276e-06,,0.18000000000000002,PASS,False
fine_buffered2_ss_1.8_-40_25_0_3_gear,prime,WL3,upper_excursion_v,5.866487662022254e-06,,1.9800000000000002,PASS,False
fine_buffered2_ss_1.8_-40_25_0_3_gear,prime,WL3,lower_excursion_v,-6.373870240197619e-06,-0.18000000000000002,,PASS,False
fine_buffered2_ss_1.8_-40_25_0_3_gear,prime,WL3,end_level_v,3.2398985174345336e-09,-0.18000000000000002,0.18000000000000002,PASS,False
fine_buffered2_ss_1.8_-40_25_0_3_gear,prime,WL3,unselected_max_v,5.866487662022254e-06,,0.18000000000000002,PASS,False
fine_buffered2_ss_1.8_-40_25_0_3_gear,test,DEC0,upper_excursion_v,0.002526375634913557,,1.9800000000000002,PASS,False
fine_buffered2_ss_1.8_-40_25_0_3_gear,test,DEC0,lower_excursion_v,-9.032622147342273e-05,-0.18000000000000002,,PASS,False
fine_buffered2_ss_1.8_-40_25_0_3_gear,test,DEC0,end_level_v,1.0874129523001136e-09,-0.18000000000000002,0.18000000000000002,PASS,False
fine_buffered2_ss_1.8_-40_25_0_3_gear,test,DEC0,unselected_max_v,0.002526375634913557,,0.18000000000000002,PASS,False
fine_buffered2_ss_1.8_-40_25_0_3_gear,test,DEC1,upper_excursion_v,0.0025263771685450137,,1.9800000000000002,PASS,False
fine_buffered2_ss_1.8_-40_25_0_3_gear,test,DEC1,lower_excursion_v,-9.11201947186232e-05,-0.18000000000000002,,PASS,False
fine_buffered2_ss_1.8_-40_25_0_3_gear,test,DEC1,end_level_v,1.0874171199493895e-09,-0.18000000000000002,0.18000000000000002,PASS,False
fine_buffered2_ss_1.8_-40_25_0_3_gear,test,DEC1,unselected_max_v,0.0025263771685450137,,0.18000000000000002,PASS,False
fine_buffered2_ss_1.8_-40_25_0_3_gear,test,DEC2,upper_excursion_v,0.0025242390457929165,,1.9800000000000002,PASS,False
fine_buffered2_ss_1.8_-40_25_0_3_gear,test,DEC2,lower_excursion_v,-0.00023000029978279685,-0.18000000000000002,,PASS,False
fine_buffered2_ss_1.8_-40_25_0_3_gear,test,DEC2,end_level_v,-7.617176600790984e-07,-0.18000000000000002,0.18000000000000002,PASS,False
fine_buffered2_ss_1.8_-40_25_0_3_gear,test,DEC2,unselected_max_v,0.0025242390457929165,,0.18000000000000002,PASS,False
fine_buffered2_ss_1.8_-40_25_0_3_gear,test,DEC3,upper_excursion_v,1.8000094816653098,,1.9800000000000002,PASS,False
fine_buffered2_ss_1.8_-40_25_0_3_gear,test,DEC3,lower_excursion_v,-0.10145790727443443,-0.18000000000000002,,PASS,False
fine_buffered2_ss_1.8_-40_25_0_3_gear,test,DEC3,end_level_v,1.7999999961685993,1.62,1.9800000000000002,PASS,False
fine_buffered2_ss_1.8_-40_25_0_3_gear,test,DEC3,settled_min_v,1.799999617387397,1.62,,PASS,False
fine_buffered2_ss_1.8_-40_25_0_3_gear,test,WL0,upper_excursion_v,5.878163895038254e-06,,1.9800000000000002,PASS,False
fine_buffered2_ss_1.8_-40_25_0_3_gear,test,WL0,lower_excursion_v,-6.490208906526502e-06,-0.18000000000000002,,PASS,False
fine_buffered2_ss_1.8_-40_25_0_3_gear,test,WL0,end_level_v,3.239898315841247e-09,-0.18000000000000002,0.18000000000000002,PASS,False
fine_buffered2_ss_1.8_-40_25_0_3_gear,test,WL0,unselected_max_v,5.878163895038254e-06,,0.18000000000000002,PASS,False
fine_buffered2_ss_1.8_-40_25_0_3_gear,test,WL1,upper_excursion_v,5.87819143523001e-06,,1.9800000000000002,PASS,False
fine_buffered2_ss_1.8_-40_25_0_3_gear,test,WL1,lower_excursion_v,-6.49995810149581e-06,-0.18000000000000002,,PASS,False
fine_buffered2_ss_1.8_-40_25_0_3_gear,test,WL1,end_level_v,3.2398984601320645e-09,-0.18000000000000002,0.18000000000000002,PASS,False
fine_buffered2_ss_1.8_-40_25_0_3_gear,test,WL1,unselected_max_v,5.87819143523001e-06,,0.18000000000000002,PASS,False
fine_buffered2_ss_1.8_-40_25_0_3_gear,test,WL2,upper_excursion_v,5.86344461057349e-06,,1.9800000000000002,PASS,False
fine_buffered2_ss_1.8_-40_25_0_3_gear,test,WL2,lower_excursion_v,-7.002753480852447e-06,-0.18000000000000002,,PASS,False
fine_buffered2_ss_1.8_-40_25_0_3_gear,test,WL2,end_level_v,3.2397635899511877e-09,-0.18000000000000002,0.18000000000000002,PASS,False
fine_buffered2_ss_1.8_-40_25_0_3_gear,test,WL2,unselected_max_v,5.86344461057349e-06,,0.18000000000000002,PASS,False
fine_buffered2_ss_1.8_-40_25_0_3_gear,test,WL3,upper_excursion_v,1.7999999898435868,,1.9800000000000002,PASS,False
fine_buffered2_ss_1.8_-40_25_0_3_gear,test,WL3,lower_excursion_v,-0.03768949133885336,-0.18000000000000002,,PASS,False
fine_buffered2_ss_1.8_-40_25_0_3_gear,test,WL3,end_level_v,1.7999999898435863,1.62,1.9800000000000002,PASS,False
fine_buffered2_ss_1.8_-40_25_0_3_gear,test,WL3,settled_min_v,1.7972714564065173,1.62,,PASS,False
fine_buffered2_ss_1.8_-40_25_0_3_gear,recovery,DEC0,end_level_v,1.1899689690849328e-09,-0.18000000000000002,0.18000000000000002,PASS,False
fine_buffered2_ss_1.8_-40_25_0_3_gear,recovery,DEC0,settled_max_v,0.00024815281894030014,,0.18000000000000002,PASS,False
fine_buffered2_ss_1.8_-40_25_0_3_gear,recovery,DEC1,end_level_v,1.1898452453392216e-09,-0.18000000000000002,0.18000000000000002,PASS,False
fine_buffered2_ss_1.8_-40_25_0_3_gear,recovery,DEC1,settled_max_v,0.00024529291216886045,,0.18000000000000002,PASS,False
fine_buffered2_ss_1.8_-40_25_0_3_gear,recovery,DEC2,end_level_v,9.07130843254278e-08,-0.18000000000000002,0.18000000000000002,PASS,False
fine_buffered2_ss_1.8_-40_25_0_3_gear,recovery,DEC2,settled_max_v,0.0008294957897025399,,0.18000000000000002,PASS,False
fine_buffered2_ss_1.8_-40_25_0_3_gear,recovery,DEC3,end_level_v,1.8514086955537246e-07,-0.18000000000000002,0.18000000000000002,PASS,False
fine_buffered2_ss_1.8_-40_25_0_3_gear,recovery,DEC3,settled_max_v,0.0009662994896141863,,0.18000000000000002,PASS,False
fine_buffered2_ss_1.8_-40_25_0_3_gear,recovery,WL0,end_level_v,3.239899014330903e-09,-0.18000000000000002,0.18000000000000002,PASS,False
fine_buffered2_ss_1.8_-40_25_0_3_gear,recovery,WL0,settled_max_v,9.33043946256911e-07,,0.18000000000000002,PASS,False
fine_buffered2_ss_1.8_-40_25_0_3_gear,recovery,WL1,end_level_v,3.239898974152777e-09,-0.18000000000000002,0.18000000000000002,PASS,False
fine_buffered2_ss_1.8_-40_25_0_3_gear,recovery,WL1,settled_max_v,9.009131095330808e-07,,0.18000000000000002,PASS,False
fine_buffered2_ss_1.8_-40_25_0_3_gear,recovery,WL2,end_level_v,3.2404528497959788e-09,-0.18000000000000002,0.18000000000000002,PASS,False
fine_buffered2_ss_1.8_-40_25_0_3_gear,recovery,WL2,settled_max_v,1.7141805113349022e-06,,0.18000000000000002,PASS,False
fine_buffered2_ss_1.8_-40_25_0_3_gear,recovery,WL3,end_level_v,3.241107092742451e-09,-0.18000000000000002,0.18000000000000002,PASS,False
fine_buffered2_ss_1.8_-40_25_0_3_gear,recovery,WL3,settled_max_v,2.288745948737902e-06,,0.18000000000000002,PASS,False
fine_buffered2_ss_1.8_-40_25_0_3_gear,recovery,N0,end_level_v,1.8000000083881371,1.62,1.9800000000000002,PASS,False
fine_buffered2_ss_1.8_-40_25_0_3_gear,recovery,N1,end_level_v,1.8000000086248173,1.62,1.9800000000000002,PASS,False
fine_buffered2_ss_1.8_-40_25_0_3_gear,recovery,N2,end_level_v,1.799756713132173,1.62,1.9800000000000002,PASS,False
fine_buffered2_ss_1.8_-40_25_0_3_gear,recovery,N3,end_level_v,1.7994533994573334,1.62,1.9800000000000002,PASS,False
fine_buffered2_ss_1.8_-40_25_0_3_gear,final_precharge,DEC0,settled_max_v,1.6966404681967891e-09,,0.18000000000000002,PASS,False
fine_buffered2_ss_1.8_-40_25_0_3_gear,final_precharge,DEC0,settled_min_v,1.205308692022698e-09,-0.18000000000000002,,PASS,False
fine_buffered2_ss_1.8_-40_25_0_3_gear,final_precharge,DEC1,settled_max_v,1.701786102777386e-09,,0.18000000000000002,PASS,False
fine_buffered2_ss_1.8_-40_25_0_3_gear,final_precharge,DEC1,settled_min_v,1.2053186989806725e-09,-0.18000000000000002,,PASS,False
fine_buffered2_ss_1.8_-40_25_0_3_gear,final_precharge,DEC2,settled_max_v,8.660874394579904e-09,,0.18000000000000002,PASS,False
fine_buffered2_ss_1.8_-40_25_0_3_gear,final_precharge,DEC2,settled_min_v,3.1857023859160914e-09,-0.18000000000000002,,PASS,False
fine_buffered2_ss_1.8_-40_25_0_3_gear,final_precharge,DEC3,settled_max_v,9.501467549737165e-06,,0.18000000000000002,PASS,False
fine_buffered2_ss_1.8_-40_25_0_3_gear,final_precharge,DEC3,settled_min_v,1.165717241971568e-07,-0.18000000000000002,,PASS,False
fine_buffered2_ss_1.8_-40_25_0_3_gear,final_precharge,WL0,settled_max_v,3.239959982645841e-09,,0.18000000000000002,PASS,False
fine_buffered2_ss_1.8_-40_25_0_3_gear,final_precharge,WL0,settled_min_v,3.2398985535810066e-09,-0.18000000000000002,,PASS,False
fine_buffered2_ss_1.8_-40_25_0_3_gear,final_precharge,WL1,settled_max_v,3.239961051668031e-09,,0.18000000000000002,PASS,False
fine_buffered2_ss_1.8_-40_25_0_3_gear,final_precharge,WL1,settled_min_v,3.2398984276252006e-09,-0.18000000000000002,,PASS,False
fine_buffered2_ss_1.8_-40_25_0_3_gear,final_precharge,WL2,settled_max_v,3.241916106655959e-09,,0.18000000000000002,PASS,False
fine_buffered2_ss_1.8_-40_25_0_3_gear,final_precharge,WL2,settled_min_v,3.2398992483874128e-09,-0.18000000000000002,,PASS,False
fine_buffered2_ss_1.8_-40_25_0_3_gear,final_precharge,WL3,settled_max_v,1.190119238621831e-08,,0.18000000000000002,PASS,False
fine_buffered2_ss_1.8_-40_25_0_3_gear,final_precharge,WL3,settled_min_v,3.2400376285245926e-09,-0.18000000000000002,,PASS,False
fine_buffered2_ss_1.8_-40_25_0_3_gear,final_precharge,N0,end_level_v,1.799999978366724,1.62,1.9800000000000002,PASS,False
fine_buffered2_ss_1.8_-40_25_0_3_gear,final_precharge,N1,end_level_v,1.7999999783376046,1.62,1.9800000000000002,PASS,False
fine_buffered2_ss_1.8_-40_25_0_3_gear,final_precharge,N2,end_level_v,1.7999662210344713,1.62,1.9800000000000002,PASS,False
fine_buffered2_ss_1.8_-40_25_0_3_gear,final_precharge,N3,end_level_v,1.7993283076458704,1.62,1.9800000000000002,PASS,False
fine_buffered2_ss_1.8_-40_25_0_3_trap,prime,DEC0,upper_excursion_v,1.7999999961769195,,1.9800000000000002,PASS,False
fine_buffered2_ss_1.8_-40_25_0_3_trap,prime,DEC0,lower_excursion_v,-0.09218212176837301,-0.18000000000000002,,PASS,False
fine_buffered2_ss_1.8_-40_25_0_3_trap,prime,DEC0,end_level_v,1.799999996170611,1.62,1.9800000000000002,PASS,False
fine_buffered2_ss_1.8_-40_25_0_3_trap,prime,DEC0,settled_min_v,1.799999556518625,1.62,,PASS,False
fine_buffered2_ss_1.8_-40_25_0_3_trap,prime,DEC1,upper_excursion_v,0.0025279935067581143,,1.9800000000000002,PASS,False
fine_buffered2_ss_1.8_-40_25_0_3_trap,prime,DEC1,lower_excursion_v,-0.00019767686552104105,-0.18000000000000002,,PASS,False
fine_buffered2_ss_1.8_-40_25_0_3_trap,prime,DEC1,end_level_v,-5.687167564834284e-07,-0.18000000000000002,0.18000000000000002,PASS,False
fine_buffered2_ss_1.8_-40_25_0_3_trap,prime,DEC1,unselected_max_v,0.0025279935067581143,,0.18000000000000002,PASS,False
fine_buffered2_ss_1.8_-40_25_0_3_trap,prime,DEC2,upper_excursion_v,0.002520733058779679,,1.9800000000000002,PASS,False
fine_buffered2_ss_1.8_-40_25_0_3_trap,prime,DEC2,lower_excursion_v,-1.539188382863917e-05,-0.18000000000000002,,PASS,False
fine_buffered2_ss_1.8_-40_25_0_3_trap,prime,DEC2,end_level_v,1.0874077202214336e-09,-0.18000000000000002,0.18000000000000002,PASS,False
fine_buffered2_ss_1.8_-40_25_0_3_trap,prime,DEC2,unselected_max_v,0.002520733058779679,,0.18000000000000002,PASS,False
fine_buffered2_ss_1.8_-40_25_0_3_trap,prime,DEC3,upper_excursion_v,0.0025207331833189102,,1.9800000000000002,PASS,False
fine_buffered2_ss_1.8_-40_25_0_3_trap,prime,DEC3,lower_excursion_v,-1.4358943817396972e-05,-0.18000000000000002,,PASS,False
fine_buffered2_ss_1.8_-40_25_0_3_trap,prime,DEC3,end_level_v,1.0873977776579028e-09,-0.18000000000000002,0.18000000000000002,PASS,False
fine_buffered2_ss_1.8_-40_25_0_3_trap,prime,DEC3,unselected_max_v,0.0025207331833189102,,0.18000000000000002,PASS,False
fine_buffered2_ss_1.8_-40_25_0_3_trap,prime,WL0,upper_excursion_v,1.7999999898436916,,1.9800000000000002,PASS,False
fine_buffered2_ss_1.8_-40_25_0_3_trap,prime,WL0,lower_excursion_v,-0.03767975901546332,-0.18000000000000002,,PASS,False
fine_buffered2_ss_1.8_-40_25_0_3_trap,prime,WL0,end_level_v,1.7999999898436916,1.62,1.9800000000000002,PASS,False
fine_buffered2_ss_1.8_-40_25_0_3_trap,prime,WL0,settled_min_v,1.7971763238370693,1.62,,PASS,False
fine_buffered2_ss_1.8_-40_25_0_3_trap,prime,WL1,upper_excursion_v,5.880239983850689e-06,,1.9800000000000002,PASS,False
fine_buffered2_ss_1.8_-40_25_0_3_trap,prime,WL1,lower_excursion_v,-6.8745087713971455e-06,-0.18000000000000002,,PASS,False
fine_buffered2_ss_1.8_-40_25_0_3_trap,prime,WL1,end_level_v,3.2398395547249265e-09,-0.18000000000000002,0.18000000000000002,PASS,False
fine_buffered2_ss_1.8_-40_25_0_3_trap,prime,WL1,unselected_max_v,5.880239983850689e-06,,0.18000000000000002,PASS,False
fine_buffered2_ss_1.8_-40_25_0_3_trap,prime,WL2,upper_excursion_v,5.8617890854298926e-06,,1.9800000000000002,PASS,False
fine_buffered2_ss_1.8_-40_25_0_3_trap,prime,WL2,lower_excursion_v,-6.386505734560769e-06,-0.18000000000000002,,PASS,False
fine_buffered2_ss_1.8_-40_25_0_3_trap,prime,WL2,end_level_v,3.2398989818643683e-09,-0.18000000000000002,0.18000000000000002,PASS,False
fine_buffered2_ss_1.8_-40_25_0_3_trap,prime,WL2,unselected_max_v,5.8617890854298926e-06,,0.18000000000000002,PASS,False
fine_buffered2_ss_1.8_-40_25_0_3_trap,prime,WL3,upper_excursion_v,5.8617811437600954e-06,,1.9800000000000002,PASS,False
fine_buffered2_ss_1.8_-40_25_0_3_trap,prime,WL3,lower_excursion_v,-6.377277833398358e-06,-0.18000000000000002,,PASS,False
fine_buffered2_ss_1.8_-40_25_0_3_trap,prime,WL3,end_level_v,3.239898465293343e-09,-0.18000000000000002,0.18000000000000002,PASS,False
fine_buffered2_ss_1.8_-40_25_0_3_trap,prime,WL3,unselected_max_v,5.8617811437600954e-06,,0.18000000000000002,PASS,False
fine_buffered2_ss_1.8_-40_25_0_3_trap,test,DEC0,upper_excursion_v,0.00252391549304512,,1.9800000000000002,PASS,False
fine_buffered2_ss_1.8_-40_25_0_3_trap,test,DEC0,lower_excursion_v,-8.893468544259405e-05,-0.18000000000000002,,PASS,False
fine_buffered2_ss_1.8_-40_25_0_3_trap,test,DEC0,end_level_v,1.0874052293073904e-09,-0.18000000000000002,0.18000000000000002,PASS,False
fine_buffered2_ss_1.8_-40_25_0_3_trap,test,DEC0,unselected_max_v,0.00252391549304512,,0.18000000000000002,PASS,False
fine_buffered2_ss_1.8_-40_25_0_3_trap,test,DEC1,upper_excursion_v,0.002523916674951015,,1.9800000000000002,PASS,False
fine_buffered2_ss_1.8_-40_25_0_3_trap,test,DEC1,lower_excursion_v,-8.966152367794253e-05,-0.18000000000000002,,PASS,False
fine_buffered2_ss_1.8_-40_25_0_3_trap,test,DEC1,end_level_v,1.0874093878466496e-09,-0.18000000000000002,0.18000000000000002,PASS,False
fine_buffered2_ss_1.8_-40_25_0_3_trap,test,DEC1,unselected_max_v,0.002523916674951015,,0.18000000000000002,PASS,False
fine_buffered2_ss_1.8_-40_25_0_3_trap,test,DEC2,upper_excursion_v,0.0025217741799503117,,1.9800000000000002,PASS,False
fine_buffered2_ss_1.8_-40_25_0_3_trap,test,DEC2,lower_excursion_v,-0.00022788620839048201,-0.18000000000000002,,PASS,False
fine_buffered2_ss_1.8_-40_25_0_3_trap,test,DEC2,end_level_v,-7.617219865314892e-07,-0.18000000000000002,0.18000000000000002,PASS,False
fine_buffered2_ss_1.8_-40_25_0_3_trap,test,DEC2,unselected_max_v,0.0025217741799503117,,0.18000000000000002,PASS,False
fine_buffered2_ss_1.8_-40_25_0_3_trap,test,DEC3,upper_excursion_v,1.8000095595518981,,1.9800000000000002,PASS,False
fine_buffered2_ss_1.8_-40_25_0_3_trap,test,DEC3,lower_excursion_v,-0.10156360760705772,-0.18000000000000002,,PASS,False
fine_buffered2_ss_1.8_-40_25_0_3_trap,test,DEC3,end_level_v,1.7999999961686008,1.62,1.9800000000000002,PASS,False
fine_buffered2_ss_1.8_-40_25_0_3_trap,test,DEC3,settled_min_v,1.799999617476568,1.62,,PASS,False
fine_buffered2_ss_1.8_-40_25_0_3_trap,test,WL0,upper_excursion_v,5.868403958287917e-06,,1.9800000000000002,PASS,False
fine_buffered2_ss_1.8_-40_25_0_3_trap,test,WL0,lower_excursion_v,-6.483072288666717e-06,-0.18000000000000002,,PASS,False
fine_buffered2_ss_1.8_-40_25_0_3_trap,test,WL0,end_level_v,3.2398993461386143e-09,-0.18000000000000002,0.18000000000000002,PASS,False
fine_buffered2_ss_1.8_-40_25_0_3_trap,test,WL0,unselected_max_v,5.868403958287917e-06,,0.18000000000000002,PASS,False
fine_buffered2_ss_1.8_-40_25_0_3_trap,test,WL1,upper_excursion_v,5.86842940687034e-06,,1.9800000000000002,PASS,False
fine_buffered2_ss_1.8_-40_25_0_3_trap,test,WL1,lower_excursion_v,-6.492986576874692e-06,-0.18000000000000002,,PASS,False
fine_buffered2_ss_1.8_-40_25_0_3_trap,test,WL1,end_level_v,3.2398987688337155e-09,-0.18000000000000002,0.18000000000000002,PASS,False
fine_buffered2_ss_1.8_-40_25_0_3_trap,test,WL1,unselected_max_v,5.86842940687034e-06,,0.18000000000000002,PASS,False
fine_buffered2_ss_1.8_-40_25_0_3_trap,test,WL2,upper_excursion_v,5.853716424050145e-06,,1.9800000000000002,PASS,False
fine_buffered2_ss_1.8_-40_25_0_3_trap,test,WL2,lower_excursion_v,-6.998369530837778e-06,-0.18000000000000002,,PASS,False
fine_buffered2_ss_1.8_-40_25_0_3_trap,test,WL2,end_level_v,3.2397647016519176e-09,-0.18000000000000002,0.18000000000000002,PASS,False
fine_buffered2_ss_1.8_-40_25_0_3_trap,test,WL2,unselected_max_v,5.853716424050145e-06,,0.18000000000000002,PASS,False
fine_buffered2_ss_1.8_-40_25_0_3_trap,test,WL3,upper_excursion_v,1.7999999898436916,,1.9800000000000002,PASS,False
fine_buffered2_ss_1.8_-40_25_0_3_trap,test,WL3,lower_excursion_v,-0.03770736086168202,-0.18000000000000002,,PASS,False
fine_buffered2_ss_1.8_-40_25_0_3_trap,test,WL3,end_level_v,1.7999999898436916,1.62,1.9800000000000002,PASS,False
fine_buffered2_ss_1.8_-40_25_0_3_trap,test,WL3,settled_min_v,1.7972714221642623,1.62,,PASS,False
fine_buffered2_ss_1.8_-40_25_0_3_trap,recovery,DEC0,end_level_v,1.1899689855382093e-09,-0.18000000000000002,0.18000000000000002,PASS,False
fine_buffered2_ss_1.8_-40_25_0_3_trap,recovery,DEC0,settled_max_v,0.0002480963019877173,,0.18000000000000002,PASS,False
fine_buffered2_ss_1.8_-40_25_0_3_trap,recovery,DEC1,end_level_v,1.189845466344623e-09,-0.18000000000000002,0.18000000000000002,PASS,False
fine_buffered2_ss_1.8_-40_25_0_3_trap,recovery,DEC1,settled_max_v,0.00024523582421912796,,0.18000000000000002,PASS,False
fine_buffered2_ss_1.8_-40_25_0_3_trap,recovery,DEC2,end_level_v,9.071489121340037e-08,-0.18000000000000002,0.18000000000000002,PASS,False
fine_buffered2_ss_1.8_-40_25_0_3_trap,recovery,DEC2,settled_max_v,0.0008294485129902995,,0.18000000000000002,PASS,False
fine_buffered2_ss_1.8_-40_25_0_3_trap,recovery,DEC3,end_level_v,1.8514276745734692e-07,-0.18000000000000002,0.18000000000000002,PASS,False
fine_buffered2_ss_1.8_-40_25_0_3_trap,recovery,DEC3,settled_max_v,0.0009664528382318932,,0.18000000000000002,PASS,False
fine_buffered2_ss_1.8_-40_25_0_3_trap,recovery,WL0,end_level_v,3.239898392101074e-09,-0.18000000000000002,0.18000000000000002,PASS,False
fine_buffered2_ss_1.8_-40_25_0_3_trap,recovery,WL0,settled_max_v,9.326560723974124e-07,,0.18000000000000002,PASS,False
fine_buffered2_ss_1.8_-40_25_0_3_trap,recovery,WL1,end_level_v,3.239898843978372e-09,-0.18000000000000002,0.18000000000000002,PASS,False
fine_buffered2_ss_1.8_-40_25_0_3_trap,recovery,WL1,settled_max_v,9.006776925943317e-07,,0.18000000000000002,PASS,False
fine_buffered2_ss_1.8_-40_25_0_3_trap,recovery,WL2,end_level_v,3.240452692659812e-09,-0.18000000000000002,0.18000000000000002,PASS,False
fine_buffered2_ss_1.8_-40_25_0_3_trap,recovery,WL2,settled_max_v,1.7138388401298854e-06,,0.18000000000000002,PASS,False
fine_buffered2_ss_1.8_-40_25_0_3_trap,recovery,WL3,end_level_v,3.2411068465462364e-09,-0.18000000000000002,0.18000000000000002,PASS,False
fine_buffered2_ss_1.8_-40_25_0_3_trap,recovery,WL3,settled_max_v,2.2869720385659856e-06,,0.18000000000000002,PASS,False
fine_buffered2_ss_1.8_-40_25_0_3_trap,recovery,N0,end_level_v,1.8000000083882917,1.62,1.9800000000000002,PASS,False
fine_buffered2_ss_1.8_-40_25_0_3_trap,recovery,N1,end_level_v,1.8000000086249652,1.62,1.9800000000000002,PASS,False
fine_buffered2_ss_1.8_-40_25_0_3_trap,recovery,N2,end_level_v,1.7997567105673467,1.62,1.9800000000000002,PASS,False
fine_buffered2_ss_1.8_-40_25_0_3_trap,recovery,N3,end_level_v,1.7994533971394364,1.62,1.9800000000000002,PASS,False
fine_buffered2_ss_1.8_-40_25_0_3_trap,final_precharge,DEC0,settled_max_v,1.6966570176957846e-09,,0.18000000000000002,PASS,False
fine_buffered2_ss_1.8_-40_25_0_3_trap,final_precharge,DEC0,settled_min_v,1.2053092158735643e-09,-0.18000000000000002,,PASS,False
fine_buffered2_ss_1.8_-40_25_0_3_trap,final_precharge,DEC1,settled_max_v,1.7018030875108991e-09,,0.18000000000000002,PASS,False
fine_buffered2_ss_1.8_-40_25_0_3_trap,final_precharge,DEC1,settled_min_v,1.2053167495649964e-09,-0.18000000000000002,,PASS,False
fine_buffered2_ss_1.8_-40_25_0_3_trap,final_precharge,DEC2,settled_max_v,8.661177383341922e-09,,0.18000000000000002,PASS,False
fine_buffered2_ss_1.8_-40_25_0_3_trap,final_precharge,DEC2,settled_min_v,3.185722782794722e-09,-0.18000000000000002,,PASS,False
fine_buffered2_ss_1.8_-40_25_0_3_trap,final_precharge,DEC3,settled_max_v,9.501734669972147e-06,,0.18000000000000002,PASS,False
fine_buffered2_ss_1.8_-40_25_0_3_trap,final_precharge,DEC3,settled_min_v,1.1657206859180849e-07,-0.18000000000000002,,PASS,False
fine_buffered2_ss_1.8_-40_25_0_3_trap,final_precharge,WL0,settled_max_v,3.239960151678197e-09,,0.18000000000000002,PASS,False
fine_buffered2_ss_1.8_-40_25_0_3_trap,final_precharge,WL0,settled_min_v,3.239898016474e-09,-0.18000000000000002,,PASS,False
fine_buffered2_ss_1.8_-40_25_0_3_trap,final_precharge,WL1,settled_max_v,3.2399613776791913e-09,,0.18000000000000002,PASS,False
fine_buffered2_ss_1.8_-40_25_0_3_trap,final_precharge,WL1,settled_min_v,3.2398980686680728e-09,-0.18000000000000002,,PASS,False
fine_buffered2_ss_1.8_-40_25_0_3_trap,final_precharge,WL2,settled_max_v,3.2419170155511074e-09,,0.18000000000000002,PASS,False
fine_buffered2_ss_1.8_-40_25_0_3_trap,final_precharge,WL2,settled_min_v,3.2398979732541453e-09,-0.18000000000000002,,PASS,False
fine_buffered2_ss_1.8_-40_25_0_3_trap,final_precharge,WL3,settled_max_v,1.1907688954776368e-08,,0.18000000000000002,PASS,False
fine_buffered2_ss_1.8_-40_25_0_3_trap,final_precharge,WL3,settled_min_v,3.2400377797402044e-09,-0.18000000000000002,,PASS,False
fine_buffered2_ss_1.8_-40_25_0_3_trap,final_precharge,N0,end_level_v,1.7999999783667118,1.62,1.9800000000000002,PASS,False
fine_buffered2_ss_1.8_-40_25_0_3_trap,final_precharge,N1,end_level_v,1.7999999783376022,1.62,1.9800000000000002,PASS,False
fine_buffered2_ss_1.8_-40_25_0_3_trap,final_precharge,N2,end_level_v,1.7999662208339733,1.62,1.9800000000000002,PASS,False
fine_buffered2_ss_1.8_-40_25_0_3_trap,final_precharge,N3,end_level_v,1.7993283065742047,1.62,1.9800000000000002,PASS,False
fine_buffered2_ss_1.8_-40_25_0_3_gear025,prime,DEC0,upper_excursion_v,1.7999999961769144,,1.9800000000000002,PASS,False
fine_buffered2_ss_1.8_-40_25_0_3_gear025,prime,DEC0,lower_excursion_v,-0.09222273111389372,-0.18000000000000002,,PASS,False
fine_buffered2_ss_1.8_-40_25_0_3_gear025,prime,DEC0,end_level_v,1.7999999961706004,1.62,1.9800000000000002,PASS,False
fine_buffered2_ss_1.8_-40_25_0_3_gear025,prime,DEC0,settled_min_v,1.7999995564647233,1.62,,PASS,False
fine_buffered2_ss_1.8_-40_25_0_3_gear025,prime,DEC1,upper_excursion_v,0.00252787324541471,,1.9800000000000002,PASS,False
fine_buffered2_ss_1.8_-40_25_0_3_gear025,prime,DEC1,lower_excursion_v,-0.00019802786714078965,-0.18000000000000002,,PASS,False
fine_buffered2_ss_1.8_-40_25_0_3_gear025,prime,DEC1,end_level_v,-5.687131629933396e-07,-0.18000000000000002,0.18000000000000002,PASS,False
fine_buffered2_ss_1.8_-40_25_0_3_gear025,prime,DEC1,unselected_max_v,0.00252787324541471,,0.18000000000000002,PASS,False
fine_buffered2_ss_1.8_-40_25_0_3_gear025,prime,DEC2,upper_excursion_v,0.002520611195463698,,1.9800000000000002,PASS,False
fine_buffered2_ss_1.8_-40_25_0_3_gear025,prime,DEC2,lower_excursion_v,-1.6015314854109312e-05,-0.18000000000000002,,PASS,False
fine_buffered2_ss_1.8_-40_25_0_3_gear025,prime,DEC2,end_level_v,1.0874058626784423e-09,-0.18000000000000002,0.18000000000000002,PASS,False
fine_buffered2_ss_1.8_-40_25_0_3_gear025,prime,DEC2,unselected_max_v,0.002520611195463698,,0.18000000000000002,PASS,False
fine_buffered2_ss_1.8_-40_25_0_3_gear025,prime,DEC3,upper_excursion_v,0.002520611332669076,,1.9800000000000002,PASS,False
fine_buffered2_ss_1.8_-40_25_0_3_gear025,prime,DEC3,lower_excursion_v,-1.5138598576006242e-05,-0.18000000000000002,,PASS,False
fine_buffered2_ss_1.8_-40_25_0_3_gear025,prime,DEC3,end_level_v,1.0873971856543093e-09,-0.18000000000000002,0.18000000000000002,PASS,False
fine_buffered2_ss_1.8_-40_25_0_3_gear025,prime,DEC3,unselected_max_v,0.002520611332669076,,0.18000000000000002,PASS,False
fine_buffered2_ss_1.8_-40_25_0_3_gear025,prime,WL0,upper_excursion_v,1.7999999898434627,,1.9800000000000002,PASS,False
fine_buffered2_ss_1.8_-40_25_0_3_gear025,prime,WL0,lower_excursion_v,-0.03768599338455351,-0.18000000000000002,,PASS,False
fine_buffered2_ss_1.8_-40_25_0_3_gear025,prime,WL0,end_level_v,1.7999999898434627,1.62,1.9800000000000002,PASS,False
fine_buffered2_ss_1.8_-40_25_0_3_gear025,prime,WL0,settled_min_v,1.7971762788044277,1.62,,PASS,False
fine_buffered2_ss_1.8_-40_25_0_3_gear025,prime,WL1,upper_excursion_v,5.880293142609753e-06,,1.9800000000000002,PASS,False
fine_buffered2_ss_1.8_-40_25_0_3_gear025,prime,WL1,lower_excursion_v,-6.874137995096825e-06,-0.18000000000000002,,PASS,False
fine_buffered2_ss_1.8_-40_25_0_3_gear025,prime,WL1,end_level_v,3.2398398048509595e-09,-0.18000000000000002,0.18000000000000002,PASS,False
fine_buffered2_ss_1.8_-40_25_0_3_gear025,prime,WL1,unselected_max_v,5.880293142609753e-06,,0.18000000000000002,PASS,False
fine_buffered2_ss_1.8_-40_25_0_3_gear025,prime,WL2,upper_excursion_v,5.86182815079629e-06,,1.9800000000000002,PASS,False
fine_buffered2_ss_1.8_-40_25_0_3_gear025,prime,WL2,lower_excursion_v,-6.381572826763811e-06,-0.18000000000000002,,PASS,False
fine_buffered2_ss_1.8_-40_25_0_3_gear025,prime,WL2,end_level_v,3.2398999766698356e-09,-0.18000000000000002,0.18000000000000002,PASS,False
fine_buffered2_ss_1.8_-40_25_0_3_gear025,prime,WL2,unselected_max_v,5.86182815079629e-06,,0.18000000000000002,PASS,False
fine_buffered2_ss_1.8_-40_25_0_3_gear025,prime,WL3,upper_excursion_v,5.861820229595534e-06,,1.9800000000000002,PASS,False
fine_buffered2_ss_1.8_-40_25_0_3_gear025,prime,WL3,lower_excursion_v,-6.372493620179778e-06,-0.18000000000000002,,PASS,False
fine_buffered2_ss_1.8_-40_25_0_3_gear025,prime,WL3,end_level_v,3.2398994153140924e-09,-0.18000000000000002,0.18000000000000002,PASS,False
fine_buffered2_ss_1.8_-40_25_0_3_gear025,prime,WL3,unselected_max_v,5.861820229595534e-06,,0.18000000000000002,PASS,False
fine_buffered2_ss_1.8_-40_25_0_3_gear025,test,DEC0,upper_excursion_v,0.0025246785471746786,,1.9800000000000002,PASS,False
fine_buffered2_ss_1.8_-40_25_0_3_gear025,test,DEC0,lower_excursion_v,-8.894182513343554e-05,-0.18000000000000002,,PASS,False
fine_buffered2_ss_1.8_-40_25_0_3_gear025,test,DEC0,end_level_v,1.0874059465811285e-09,-0.18000000000000002,0.18000000000000002,PASS,False
fine_buffered2_ss_1.8_-40_25_0_3_gear025,test,DEC0,unselected_max_v,0.0025246785471746786,,0.18000000000000002,PASS,False
fine_buffered2_ss_1.8_-40_25_0_3_gear025,test,DEC1,upper_excursion_v,0.002524679794205112,,1.9800000000000002,PASS,False
fine_buffered2_ss_1.8_-40_25_0_3_gear025,test,DEC1,lower_excursion_v,-8.970648222691931e-05,-0.18000000000000002,,PASS,False
fine_buffered2_ss_1.8_-40_25_0_3_gear025,test,DEC1,end_level_v,1.0874085802795421e-09,-0.18000000000000002,0.18000000000000002,PASS,False
fine_buffered2_ss_1.8_-40_25_0_3_gear025,test,DEC1,unselected_max_v,0.002524679794205112,,0.18000000000000002,PASS,False
fine_buffered2_ss_1.8_-40_25_0_3_gear025,test,DEC2,upper_excursion_v,0.0025225374860222806,,1.9800000000000002,PASS,False
fine_buffered2_ss_1.8_-40_25_0_3_gear025,test,DEC2,lower_excursion_v,-0.00022816858198912437,-0.18000000000000002,,PASS,False
fine_buffered2_ss_1.8_-40_25_0_3_gear025,test,DEC2,end_level_v,-7.617131542181363e-07,-0.18000000000000002,0.18000000000000002,PASS,False
fine_buffered2_ss_1.8_-40_25_0_3_gear025,test,DEC2,unselected_max_v,0.0025225374860222806,,0.18000000000000002,PASS,False
fine_buffered2_ss_1.8_-40_25_0_3_gear025,test,DEC3,upper_excursion_v,1.8000094804671896,,1.9800000000000002,PASS,False
fine_buffered2_ss_1.8_-40_25_0_3_gear025,test,DEC3,lower_excursion_v,-0.10160341817147579,-0.18000000000000002,,PASS,False
fine_buffered2_ss_1.8_-40_25_0_3_gear025,test,DEC3,end_level_v,1.7999999961686104,1.62,1.9800000000000002,PASS,False
fine_buffered2_ss_1.8_-40_25_0_3_gear025,test,DEC3,settled_min_v,1.7999996173781192,1.62,,PASS,False
fine_buffered2_ss_1.8_-40_25_0_3_gear025,test,WL0,upper_excursion_v,5.87073432403111e-06,,1.9800000000000002,PASS,False
fine_buffered2_ss_1.8_-40_25_0_3_gear025,test,WL0,lower_excursion_v,-6.486385893060767e-06,-0.18000000000000002,,PASS,False
fine_buffered2_ss_1.8_-40_25_0_3_gear025,test,WL0,end_level_v,3.2398986171026076e-09,-0.18000000000000002,0.18000000000000002,PASS,False
fine_buffered2_ss_1.8_-40_25_0_3_gear025,test,WL0,unselected_max_v,5.87073432403111e-06,,0.18000000000000002,PASS,False
fine_buffered2_ss_1.8_-40_25_0_3_gear025,test,WL1,upper_excursion_v,5.8707599222029456e-06,,1.9800000000000002,PASS,False
fine_buffered2_ss_1.8_-40_25_0_3_gear025,test,WL1,lower_excursion_v,-6.4962802718142605e-06,-0.18000000000000002,,PASS,False
fine_buffered2_ss_1.8_-40_25_0_3_gear025,test,WL1,end_level_v,3.239898635631695e-09,-0.18000000000000002,0.18000000000000002,PASS,False
fine_buffered2_ss_1.8_-40_25_0_3_gear025,test,WL1,unselected_max_v,5.8707599222029456e-06,,0.18000000000000002,PASS,False
fine_buffered2_ss_1.8_-40_25_0_3_gear025,test,WL2,upper_excursion_v,5.856043174509614e-06,,1.9800000000000002,PASS,False
fine_buffered2_ss_1.8_-40_25_0_3_gear025,test,WL2,lower_excursion_v,-6.999250201703561e-06,-0.18000000000000002,,PASS,False
fine_buffered2_ss_1.8_-40_25_0_3_gear025,test,WL2,end_level_v,3.2397633041006646e-09,-0.18000000000000002,0.18000000000000002,PASS,False
fine_buffered2_ss_1.8_-40_25_0_3_gear025,test,WL2,unselected_max_v,5.856043174509614e-06,,0.18000000000000002,PASS,False
fine_buffered2_ss_1.8_-40_25_0_3_gear025,test,WL3,upper_excursion_v,1.799999989843462,,1.9800000000000002,PASS,False
fine_buffered2_ss_1.8_-40_25_0_3_gear025,test,WL3,lower_excursion_v,-0.037714219467095834,-0.18000000000000002,,PASS,False
fine_buffered2_ss_1.8_-40_25_0_3_gear025,test,WL3,end_level_v,1.7999999898434618,1.62,1.9800000000000002,PASS,False
fine_buffered2_ss_1.8_-40_25_0_3_gear025,test,WL3,settled_min_v,1.7972713886476632,1.62,,PASS,False
fine_buffered2_ss_1.8_-40_25_0_3_gear025,recovery,DEC0,end_level_v,1.1899698777855102e-09,-0.18000000000000002,0.18000000000000002,PASS,False
fine_buffered2_ss_1.8_-40_25_0_3_gear025,recovery,DEC0,settled_max_v,0.0002481239792758393,,0.18000000000000002,PASS,False
fine_buffered2_ss_1.8_-40_25_0_3_gear025,recovery,DEC1,end_level_v,1.1898478855801729e-09,-0.18000000000000002,0.18000000000000002,PASS,False
fine_buffered2_ss_1.8_-40_25_0_3_gear025,recovery,DEC1,settled_max_v,0.00024524863043409316,,0.18000000000000002,PASS,False
fine_buffered2_ss_1.8_-40_25_0_3_gear025,recovery,DEC2,end_level_v,9.071211929181922e-08,-0.18000000000000002,0.18000000000000002,PASS,False
fine_buffered2_ss_1.8_-40_25_0_3_gear025,recovery,DEC2,settled_max_v,0.0008295084215397316,,0.18000000000000002,PASS,False
fine_buffered2_ss_1.8_-40_25_0_3_gear025,recovery,DEC3,end_level_v,1.8513938524963858e-07,-0.18000000000000002,0.18000000000000002,PASS,False
fine_buffered2_ss_1.8_-40_25_0_3_gear025,recovery,DEC3,settled_max_v,0.0009667373432644989,,0.18000000000000002,PASS,False
fine_buffered2_ss_1.8_-40_25_0_3_gear025,recovery,WL0,end_level_v,3.2398979814334854e-09,-0.18000000000000002,0.18000000000000002,PASS,False
fine_buffered2_ss_1.8_-40_25_0_3_gear025,recovery,WL0,settled_max_v,9.326215434043524e-07,,0.18000000000000002,PASS,False
fine_buffered2_ss_1.8_-40_25_0_3_gear025,recovery,WL1,end_level_v,3.239898598027856e-09,-0.18000000000000002,0.18000000000000002,PASS,False
fine_buffered2_ss_1.8_-40_25_0_3_gear025,recovery,WL1,settled_max_v,9.006002219142821e-07,,0.18000000000000002,PASS,False
fine_buffered2_ss_1.8_-40_25_0_3_gear025,recovery,WL2,end_level_v,3.240452652209804e-09,-0.18000000000000002,0.18000000000000002,PASS,False
fine_buffered2_ss_1.8_-40_25_0_3_gear025,recovery,WL2,settled_max_v,1.7138362190298772e-06,,0.18000000000000002,PASS,False
fine_buffered2_ss_1.8_-40_25_0_3_gear025,recovery,WL3,end_level_v,3.2411067751121223e-09,-0.18000000000000002,0.18000000000000002,PASS,False
fine_buffered2_ss_1.8_-40_25_0_3_gear025,recovery,WL3,settled_max_v,2.2870537130607075e-06,,0.18000000000000002,PASS,False
fine_buffered2_ss_1.8_-40_25_0_3_gear025,recovery,N0,end_level_v,1.8000000083869936,1.62,1.9800000000000002,PASS,False
fine_buffered2_ss_1.8_-40_25_0_3_gear025,recovery,N1,end_level_v,1.8000000086236596,1.62,1.9800000000000002,PASS,False
fine_buffered2_ss_1.8_-40_25_0_3_gear025,recovery,N2,end_level_v,1.7997567145172833,1.62,1.9800000000000002,PASS,False
fine_buffered2_ss_1.8_-40_25_0_3_gear025,recovery,N3,end_level_v,1.799453406052202,1.62,1.9800000000000002,PASS,False
fine_buffered2_ss_1.8_-40_25_0_3_gear025,final_precharge,DEC0,settled_max_v,1.6966588061820191e-09,,0.18000000000000002,PASS,False
fine_buffered2_ss_1.8_-40_25_0_3_gear025,final_precharge,DEC0,settled_min_v,1.2053111877334258e-09,-0.18000000000000002,,PASS,False
fine_buffered2_ss_1.8_-40_25_0_3_gear025,final_precharge,DEC1,settled_max_v,1.7018028310129489e-09,,0.18000000000000002,PASS,False
fine_buffered2_ss_1.8_-40_25_0_3_gear025,final_precharge,DEC1,settled_min_v,1.2053189835189183e-09,-0.18000000000000002,,PASS,False
fine_buffered2_ss_1.8_-40_25_0_3_gear025,final_precharge,DEC2,settled_max_v,8.661091470071509e-09,,0.18000000000000002,PASS,False
fine_buffered2_ss_1.8_-40_25_0_3_gear025,final_precharge,DEC2,settled_min_v,3.1856959431531016e-09,-0.18000000000000002,,PASS,False
fine_buffered2_ss_1.8_-40_25_0_3_gear025,final_precharge,DEC3,settled_max_v,9.501744187381651e-06,,0.18000000000000002,PASS,False
fine_buffered2_ss_1.8_-40_25_0_3_gear025,final_precharge,DEC3,settled_min_v,1.1657208404125577e-07,-0.18000000000000002,,PASS,False
fine_buffered2_ss_1.8_-40_25_0_3_gear025,final_precharge,WL0,settled_max_v,3.2399601151594786e-09,,0.18000000000000002,PASS,False
fine_buffered2_ss_1.8_-40_25_0_3_gear025,final_precharge,WL0,settled_min_v,3.2398978809589067e-09,-0.18000000000000002,,PASS,False
fine_buffered2_ss_1.8_-40_25_0_3_gear025,final_precharge,WL1,settled_max_v,3.239961795603904e-09,,0.18000000000000002,PASS,False
fine_buffered2_ss_1.8_-40_25_0_3_gear025,final_precharge,WL1,settled_min_v,3.2398977175087666e-09,-0.18000000000000002,,PASS,False
fine_buffered2_ss_1.8_-40_25_0_3_gear025,final_precharge,WL2,settled_max_v,3.2419163536345187e-09,,0.18000000000000002,PASS,False
fine_buffered2_ss_1.8_-40_25_0_3_gear025,final_precharge,WL2,settled_min_v,3.2398988750682507e-09,-0.18000000000000002,,PASS,False
fine_buffered2_ss_1.8_-40_25_0_3_gear025,final_precharge,WL3,settled_max_v,1.1907679398935043e-08,,0.18000000000000002,PASS,False
fine_buffered2_ss_1.8_-40_25_0_3_gear025,final_precharge,WL3,settled_min_v,3.2400375960710567e-09,-0.18000000000000002,,PASS,False
fine_buffered2_ss_1.8_-40_25_0_3_gear025,final_precharge,N0,end_level_v,1.7999999783666678,1.62,1.9800000000000002,PASS,False
fine_buffered2_ss_1.8_-40_25_0_3_gear025,final_precharge,N1,end_level_v,1.799999978337565,1.62,1.9800000000000002,PASS,False
fine_buffered2_ss_1.8_-40_25_0_3_gear025,final_precharge,N2,end_level_v,1.7999662210776735,1.62,1.9800000000000002,PASS,False
fine_buffered2_ss_1.8_-40_25_0_3_gear025,final_precharge,N3,end_level_v,1.7993283065311947,1.62,1.9800000000000002,PASS,False
fine_buffered2_ss_1.8_-40_25_3_0_gear,prime,DEC0,upper_excursion_v,0.0025253767064073924,,1.9800000000000002,PASS,False
fine_buffered2_ss_1.8_-40_25_3_0_gear,prime,DEC0,lower_excursion_v,-8.462926164325644e-05,-0.18000000000000002,,PASS,False
fine_buffered2_ss_1.8_-40_25_3_0_gear,prime,DEC0,end_level_v,1.0873995348980834e-09,-0.18000000000000002,0.18000000000000002,PASS,False
fine_buffered2_ss_1.8_-40_25_3_0_gear,prime,DEC0,unselected_max_v,0.0025253767064073924,,0.18000000000000002,PASS,False
fine_buffered2_ss_1.8_-40_25_3_0_gear,prime,DEC1,upper_excursion_v,0.002525368983721602,,1.9800000000000002,PASS,False
fine_buffered2_ss_1.8_-40_25_3_0_gear,prime,DEC1,lower_excursion_v,-8.496054930860644e-05,-0.18000000000000002,,PASS,False
fine_buffered2_ss_1.8_-40_25_3_0_gear,prime,DEC1,end_level_v,1.0874066134684178e-09,-0.18000000000000002,0.18000000000000002,PASS,False
fine_buffered2_ss_1.8_-40_25_3_0_gear,prime,DEC1,unselected_max_v,0.002525368983721602,,0.18000000000000002,PASS,False
fine_buffered2_ss_1.8_-40_25_3_0_gear,prime,DEC2,upper_excursion_v,0.002524030153325427,,1.9800000000000002,PASS,False
fine_buffered2_ss_1.8_-40_25_3_0_gear,prime,DEC2,lower_excursion_v,-0.00021601941208022196,-0.18000000000000002,,PASS,False
fine_buffered2_ss_1.8_-40_25_3_0_gear,prime,DEC2,end_level_v,-5.474942275339457e-07,-0.18000000000000002,0.18000000000000002,PASS,False
fine_buffered2_ss_1.8_-40_25_3_0_gear,prime,DEC2,unselected_max_v,0.002524030153325427,,0.18000000000000002,PASS,False
fine_buffered2_ss_1.8_-40_25_3_0_gear,prime,DEC3,upper_excursion_v,1.8000094814682803,,1.9800000000000002,PASS,False
fine_buffered2_ss_1.8_-40_25_3_0_gear,prime,DEC3,lower_excursion_v,-0.10154221942335584,-0.18000000000000002,,PASS,False
fine_buffered2_ss_1.8_-40_25_3_0_gear,prime,DEC3,end_level_v,1.7999999961676496,1.62,1.9800000000000002,PASS,False
fine_buffered2_ss_1.8_-40_25_3_0_gear,prime,DEC3,settled_min_v,1.7999996184613831,1.62,,PASS,False
fine_buffered2_ss_1.8_-40_25_3_0_gear,prime,WL0,upper_excursion_v,5.876205603968855e-06,,1.9800000000000002,PASS,False
fine_buffered2_ss_1.8_-40_25_3_0_gear,prime,WL0,lower_excursion_v,-6.4913641840206014e-06,-0.18000000000000002,,PASS,False
fine_buffered2_ss_1.8_-40_25_3_0_gear,prime,WL0,end_level_v,3.2398988059475266e-09,-0.18000000000000002,0.18000000000000002,PASS,False
fine_buffered2_ss_1.8_-40_25_3_0_gear,prime,WL0,unselected_max_v,5.876205603968855e-06,,0.18000000000000002,PASS,False
fine_buffered2_ss_1.8_-40_25_3_0_gear,prime,WL1,upper_excursion_v,5.876193863110363e-06,,1.9800000000000002,PASS,False
fine_buffered2_ss_1.8_-40_25_3_0_gear,prime,WL1,lower_excursion_v,-6.500419526223203e-06,-0.18000000000000002,,PASS,False
fine_buffered2_ss_1.8_-40_25_3_0_gear,prime,WL1,end_level_v,3.2398983790278917e-09,-0.18000000000000002,0.18000000000000002,PASS,False
fine_buffered2_ss_1.8_-40_25_3_0_gear,prime,WL1,unselected_max_v,5.876193863110363e-06,,0.18000000000000002,PASS,False
fine_buffered2_ss_1.8_-40_25_3_0_gear,prime,WL2,upper_excursion_v,5.864029900146614e-06,,1.9800000000000002,PASS,False
fine_buffered2_ss_1.8_-40_25_3_0_gear,prime,WL2,lower_excursion_v,-6.987900623762099e-06,-0.18000000000000002,,PASS,False
fine_buffered2_ss_1.8_-40_25_3_0_gear,prime,WL2,end_level_v,3.239847072495454e-09,-0.18000000000000002,0.18000000000000002,PASS,False
fine_buffered2_ss_1.8_-40_25_3_0_gear,prime,WL2,unselected_max_v,5.864029900146614e-06,,0.18000000000000002,PASS,False
fine_buffered2_ss_1.8_-40_25_3_0_gear,prime,WL3,upper_excursion_v,1.7999999898435868,,1.9800000000000002,PASS,False
fine_buffered2_ss_1.8_-40_25_3_0_gear,prime,WL3,lower_excursion_v,-0.03768922805453211,-0.18000000000000002,,PASS,False
fine_buffered2_ss_1.8_-40_25_3_0_gear,prime,WL3,end_level_v,1.7999999898435868,1.62,1.9800000000000002,PASS,False
fine_buffered2_ss_1.8_-40_25_3_0_gear,prime,WL3,settled_min_v,1.797279409911063,1.62,,PASS,False
fine_buffered2_ss_1.8_-40_25_3_0_gear,test,DEC0,upper_excursion_v,1.7999999962325413,,1.9800000000000002,PASS,False
fine_buffered2_ss_1.8_-40_25_3_0_gear,test,DEC0,lower_excursion_v,-0.09198442183504818,-0.18000000000000002,,PASS,False
fine_buffered2_ss_1.8_-40_25_3_0_gear,test,DEC0,end_level_v,1.7999999961777262,1.62,1.9800000000000002,PASS,False
fine_buffered2_ss_1.8_-40_25_3_0_gear,test,DEC0,settled_min_v,1.7999995544269225,1.62,,PASS,False
fine_buffered2_ss_1.8_-40_25_3_0_gear,test,DEC1,upper_excursion_v,0.0025280042451442863,,1.9800000000000002,PASS,False
fine_buffered2_ss_1.8_-40_25_3_0_gear,test,DEC1,lower_excursion_v,-0.00021217250158252557,-0.18000000000000002,,PASS,False
fine_buffered2_ss_1.8_-40_25_3_0_gear,test,DEC1,end_level_v,-8.252475314878003e-07,-0.18000000000000002,0.18000000000000002,PASS,False
fine_buffered2_ss_1.8_-40_25_3_0_gear,test,DEC1,unselected_max_v,0.0025280042451442863,,0.18000000000000002,PASS,False
fine_buffered2_ss_1.8_-40_25_3_0_gear,test,DEC2,upper_excursion_v,0.00252164865626834,,1.9800000000000002,PASS,False
fine_buffered2_ss_1.8_-40_25_3_0_gear,test,DEC2,lower_excursion_v,-2.2480995501864606e-05,-0.18000000000000002,,PASS,False
fine_buffered2_ss_1.8_-40_25_3_0_gear,test,DEC2,end_level_v,1.0874276961066082e-09,-0.18000000000000002,0.18000000000000002,PASS,False
fine_buffered2_ss_1.8_-40_25_3_0_gear,test,DEC2,unselected_max_v,0.00252164865626834,,0.18000000000000002,PASS,False
fine_buffered2_ss_1.8_-40_25_3_0_gear,test,DEC3,upper_excursion_v,0.002521639292748708,,1.9800000000000002,PASS,False
fine_buffered2_ss_1.8_-40_25_3_0_gear,test,DEC3,lower_excursion_v,-2.1241587267573217e-05,-0.18000000000000002,,PASS,False
fine_buffered2_ss_1.8_-40_25_3_0_gear,test,DEC3,end_level_v,1.0874249964782025e-09,-0.18000000000000002,0.18000000000000002,PASS,False
fine_buffered2_ss_1.8_-40_25_3_0_gear,test,DEC3,unselected_max_v,0.002521639292748708,,0.18000000000000002,PASS,False
fine_buffered2_ss_1.8_-40_25_3_0_gear,test,WL0,upper_excursion_v,1.7999999898435868,,1.9800000000000002,PASS,False
fine_buffered2_ss_1.8_-40_25_3_0_gear,test,WL0,lower_excursion_v,-0.03765654058952544,-0.18000000000000002,,PASS,False
fine_buffered2_ss_1.8_-40_25_3_0_gear,test,WL0,end_level_v,1.7999999898435866,1.62,1.9800000000000002,PASS,False
fine_buffered2_ss_1.8_-40_25_3_0_gear,test,WL0,settled_min_v,1.7971657128243812,1.62,,PASS,False
fine_buffered2_ss_1.8_-40_25_3_0_gear,test,WL1,upper_excursion_v,5.882700520383167e-06,,1.9800000000000002,PASS,False
fine_buffered2_ss_1.8_-40_25_3_0_gear,test,WL1,lower_excursion_v,-6.896476853850885e-06,-0.18000000000000002,,PASS,False
fine_buffered2_ss_1.8_-40_25_3_0_gear,test,WL1,end_level_v,3.239729204860255e-09,-0.18000000000000002,0.18000000000000002,PASS,False
fine_buffered2_ss_1.8_-40_25_3_0_gear,test,WL1,unselected_max_v,5.882700520383167e-06,,0.18000000000000002,PASS,False
fine_buffered2_ss_1.8_-40_25_3_0_gear,test,WL2,upper_excursion_v,5.867355588760878e-06,,1.9800000000000002,PASS,False
fine_buffered2_ss_1.8_-40_25_3_0_gear,test,WL2,lower_excursion_v,-6.388364845912005e-06,-0.18000000000000002,,PASS,False
fine_buffered2_ss_1.8_-40_25_3_0_gear,test,WL2,end_level_v,3.2398995211715734e-09,-0.18000000000000002,0.18000000000000002,PASS,False
fine_buffered2_ss_1.8_-40_25_3_0_gear,test,WL2,unselected_max_v,5.867355588760878e-06,,0.18000000000000002,PASS,False
fine_buffered2_ss_1.8_-40_25_3_0_gear,test,WL3,upper_excursion_v,5.867317151804181e-06,,1.9800000000000002,PASS,False
fine_buffered2_ss_1.8_-40_25_3_0_gear,test,WL3,lower_excursion_v,-6.378599669097543e-06,-0.18000000000000002,,PASS,False
fine_buffered2_ss_1.8_-40_25_3_0_gear,test,WL3,end_level_v,3.2398985323095423e-09,-0.18000000000000002,0.18000000000000002,PASS,False
fine_buffered2_ss_1.8_-40_25_3_0_gear,test,WL3,unselected_max_v,5.867317151804181e-06,,0.18000000000000002,PASS,False
fine_buffered2_ss_1.8_-40_25_3_0_gear,recovery,DEC0,end_level_v,2.469011741658419e-07,-0.18000000000000002,0.18000000000000002,PASS,False
fine_buffered2_ss_1.8_-40_25_3_0_gear,recovery,DEC0,settled_max_v,0.00022506440030585186,,0.18000000000000002,PASS,False
fine_buffered2_ss_1.8_-40_25_3_0_gear,recovery,DEC1,end_level_v,1.3266774096659661e-07,-0.18000000000000002,0.18000000000000002,PASS,False
fine_buffered2_ss_1.8_-40_25_3_0_gear,recovery,DEC1,settled_max_v,0.00022490565228422944,,0.18000000000000002,PASS,False
fine_buffered2_ss_1.8_-40_25_3_0_gear,recovery,DEC2,end_level_v,1.2006909241559976e-09,-0.18000000000000002,0.18000000000000002,PASS,False
fine_buffered2_ss_1.8_-40_25_3_0_gear,recovery,DEC2,settled_max_v,0.00042487232943977084,,0.18000000000000002,PASS,False
fine_buffered2_ss_1.8_-40_25_3_0_gear,recovery,DEC3,end_level_v,1.200859472228316e-09,-0.18000000000000002,0.18000000000000002,PASS,False
fine_buffered2_ss_1.8_-40_25_3_0_gear,recovery,DEC3,settled_max_v,0.0004322515539085442,,0.18000000000000002,PASS,False
fine_buffered2_ss_1.8_-40_25_3_0_gear,recovery,WL0,end_level_v,3.242305706618029e-09,-0.18000000000000002,0.18000000000000002,PASS,False
fine_buffered2_ss_1.8_-40_25_3_0_gear,recovery,WL0,settled_max_v,1.0440644403424826e-06,,0.18000000000000002,PASS,False
fine_buffered2_ss_1.8_-40_25_3_0_gear,recovery,WL1,end_level_v,3.2411179229059785e-09,-0.18000000000000002,0.18000000000000002,PASS,False
fine_buffered2_ss_1.8_-40_25_3_0_gear,recovery,WL1,settled_max_v,1.043426851411279e-06,,0.18000000000000002,PASS,False
fine_buffered2_ss_1.8_-40_25_3_0_gear,recovery,WL2,end_level_v,3.2398990215024273e-09,-0.18000000000000002,0.18000000000000002,PASS,False
fine_buffered2_ss_1.8_-40_25_3_0_gear,recovery,WL2,settled_max_v,2.7601882050673753e-06,,0.18000000000000002,PASS,False
fine_buffered2_ss_1.8_-40_25_3_0_gear,recovery,WL3,end_level_v,3.23989894038482e-09,-0.18000000000000002,0.18000000000000002,PASS,False
fine_buffered2_ss_1.8_-40_25_3_0_gear,recovery,WL3,settled_max_v,2.738348508890016e-06,,0.18000000000000002,PASS,False
fine_buffered2_ss_1.8_-40_25_3_0_gear,recovery,N0,end_level_v,1.7993812344157147,1.62,1.9800000000000002,PASS,False
fine_buffered2_ss_1.8_-40_25_3_0_gear,recovery,N1,end_level_v,1.7997032219980507,1.62,1.9800000000000002,PASS,False
fine_buffered2_ss_1.8_-40_25_3_0_gear,recovery,N2,end_level_v,1.7999999868456846,1.62,1.9800000000000002,PASS,False
fine_buffered2_ss_1.8_-40_25_3_0_gear,recovery,N3,end_level_v,1.7999999865695646,1.62,1.9800000000000002,PASS,False
fine_buffered2_ss_1.8_-40_25_3_0_gear,final_precharge,DEC0,settled_max_v,8.069579744635164e-06,,0.18000000000000002,PASS,False
fine_buffered2_ss_1.8_-40_25_3_0_gear,final_precharge,DEC0,settled_min_v,1.1181398278687444e-07,-0.18000000000000002,,PASS,False
fine_buffered2_ss_1.8_-40_25_3_0_gear,final_precharge,DEC1,settled_max_v,6.170334964713327e-08,,0.18000000000000002,PASS,False
fine_buffered2_ss_1.8_-40_25_3_0_gear,final_precharge,DEC1,settled_min_v,3.1509140192842476e-09,-0.18000000000000002,,PASS,False
fine_buffered2_ss_1.8_-40_25_3_0_gear,final_precharge,DEC2,settled_max_v,1.2106163891364188e-09,,0.18000000000000002,PASS,False
fine_buffered2_ss_1.8_-40_25_3_0_gear,final_precharge,DEC2,settled_min_v,9.9170794723008e-10,-0.18000000000000002,,PASS,False
fine_buffered2_ss_1.8_-40_25_3_0_gear,final_precharge,DEC3,settled_max_v,1.2099955237533838e-09,,0.18000000000000002,PASS,False
fine_buffered2_ss_1.8_-40_25_3_0_gear,final_precharge,DEC3,settled_min_v,9.836899329274113e-10,-0.18000000000000002,,PASS,False
fine_buffered2_ss_1.8_-40_25_3_0_gear,final_precharge,WL0,settled_max_v,1.2315810283011788e-08,,0.18000000000000002,PASS,False
fine_buffered2_ss_1.8_-40_25_3_0_gear,final_precharge,WL0,settled_min_v,3.2400274939741585e-09,-0.18000000000000002,,PASS,False
fine_buffered2_ss_1.8_-40_25_3_0_gear,final_precharge,WL1,settled_max_v,3.2666158546937834e-09,,0.18000000000000002,PASS,False
fine_buffered2_ss_1.8_-40_25_3_0_gear,final_precharge,WL1,settled_min_v,3.2398988362027754e-09,-0.18000000000000002,,PASS,False
fine_buffered2_ss_1.8_-40_25_3_0_gear,final_precharge,WL2,settled_max_v,3.2399000424639383e-09,,0.18000000000000002,PASS,False
fine_buffered2_ss_1.8_-40_25_3_0_gear,final_precharge,WL2,settled_min_v,3.239818629810811e-09,-0.18000000000000002,,PASS,False
fine_buffered2_ss_1.8_-40_25_3_0_gear,final_precharge,WL3,settled_max_v,3.239899755627052e-09,,0.18000000000000002,PASS,False
fine_buffered2_ss_1.8_-40_25_3_0_gear,final_precharge,WL3,settled_min_v,3.239819055266884e-09,-0.18000000000000002,,PASS,False
fine_buffered2_ss_1.8_-40_25_3_0_gear,final_precharge,N0,end_level_v,1.7993441453701655,1.62,1.9800000000000002,PASS,False
fine_buffered2_ss_1.8_-40_25_3_0_gear,final_precharge,N1,end_level_v,1.799966635773009,1.62,1.9800000000000002,PASS,False
fine_buffered2_ss_1.8_-40_25_3_0_gear,final_precharge,N2,end_level_v,1.7999999810459222,1.62,1.9800000000000002,PASS,False
fine_buffered2_ss_1.8_-40_25_3_0_gear,final_precharge,N3,end_level_v,1.799999981073762,1.62,1.9800000000000002,PASS,False
fine_buffered2_ss_1.8_-40_25_3_0_trap,prime,DEC0,upper_excursion_v,0.002524947942623327,,1.9800000000000002,PASS,False
fine_buffered2_ss_1.8_-40_25_3_0_trap,prime,DEC0,lower_excursion_v,-8.306625977918703e-05,-0.18000000000000002,,PASS,False
fine_buffered2_ss_1.8_-40_25_3_0_trap,prime,DEC0,end_level_v,1.0873916956472168e-09,-0.18000000000000002,0.18000000000000002,PASS,False
fine_buffered2_ss_1.8_-40_25_3_0_trap,prime,DEC0,unselected_max_v,0.002524947942623327,,0.18000000000000002,PASS,False
fine_buffered2_ss_1.8_-40_25_3_0_trap,prime,DEC1,upper_excursion_v,0.002524940128371292,,1.9800000000000002,PASS,False
fine_buffered2_ss_1.8_-40_25_3_0_trap,prime,DEC1,lower_excursion_v,-8.333108054175249e-05,-0.18000000000000002,,PASS,False
fine_buffered2_ss_1.8_-40_25_3_0_trap,prime,DEC1,end_level_v,1.0873997314349257e-09,-0.18000000000000002,0.18000000000000002,PASS,False
fine_buffered2_ss_1.8_-40_25_3_0_trap,prime,DEC1,unselected_max_v,0.002524940128371292,,0.18000000000000002,PASS,False
fine_buffered2_ss_1.8_-40_25_3_0_trap,prime,DEC2,upper_excursion_v,0.0025236016602856806,,1.9800000000000002,PASS,False
fine_buffered2_ss_1.8_-40_25_3_0_trap,prime,DEC2,lower_excursion_v,-0.000214027640377569,-0.18000000000000002,,PASS,False
fine_buffered2_ss_1.8_-40_25_3_0_trap,prime,DEC2,end_level_v,-5.47496214919896e-07,-0.18000000000000002,0.18000000000000002,PASS,False
fine_buffered2_ss_1.8_-40_25_3_0_trap,prime,DEC2,unselected_max_v,0.0025236016602856806,,0.18000000000000002,PASS,False
fine_buffered2_ss_1.8_-40_25_3_0_trap,prime,DEC3,upper_excursion_v,1.8000095319176517,,1.9800000000000002,PASS,False
fine_buffered2_ss_1.8_-40_25_3_0_trap,prime,DEC3,lower_excursion_v,-0.10162700426967439,-0.18000000000000002,,PASS,False
fine_buffered2_ss_1.8_-40_25_3_0_trap,prime,DEC3,end_level_v,1.7999999961676503,1.62,1.9800000000000002,PASS,False
fine_buffered2_ss_1.8_-40_25_3_0_trap,prime,DEC3,settled_min_v,1.7999996184220004,1.62,,PASS,False
fine_buffered2_ss_1.8_-40_25_3_0_trap,prime,WL0,upper_excursion_v,5.8714216175771346e-06,,1.9800000000000002,PASS,False
fine_buffered2_ss_1.8_-40_25_3_0_trap,prime,WL0,lower_excursion_v,-6.483814386211384e-06,-0.18000000000000002,,PASS,False
fine_buffered2_ss_1.8_-40_25_3_0_trap,prime,WL0,end_level_v,3.2398990190300076e-09,-0.18000000000000002,0.18000000000000002,PASS,False
fine_buffered2_ss_1.8_-40_25_3_0_trap,prime,WL0,unselected_max_v,5.8714216175771346e-06,,0.18000000000000002,PASS,False
fine_buffered2_ss_1.8_-40_25_3_0_trap,prime,WL1,upper_excursion_v,5.8714098423056325e-06,,1.9800000000000002,PASS,False
fine_buffered2_ss_1.8_-40_25_3_0_trap,prime,WL1,lower_excursion_v,-6.493145110226985e-06,-0.18000000000000002,,PASS,False
fine_buffered2_ss_1.8_-40_25_3_0_trap,prime,WL1,end_level_v,3.239899026279974e-09,-0.18000000000000002,0.18000000000000002,PASS,False
fine_buffered2_ss_1.8_-40_25_3_0_trap,prime,WL1,unselected_max_v,5.8714098423056325e-06,,0.18000000000000002,PASS,False
fine_buffered2_ss_1.8_-40_25_3_0_trap,prime,WL2,upper_excursion_v,5.859304255376271e-06,,1.9800000000000002,PASS,False
fine_buffered2_ss_1.8_-40_25_3_0_trap,prime,WL2,lower_excursion_v,-6.9824543664281086e-06,-0.18000000000000002,,PASS,False
fine_buffered2_ss_1.8_-40_25_3_0_trap,prime,WL2,end_level_v,3.2398464784177935e-09,-0.18000000000000002,0.18000000000000002,PASS,False
fine_buffered2_ss_1.8_-40_25_3_0_trap,prime,WL2,unselected_max_v,5.859304255376271e-06,,0.18000000000000002,PASS,False
fine_buffered2_ss_1.8_-40_25_3_0_trap,prime,WL3,upper_excursion_v,1.7999999898436916,,1.9800000000000002,PASS,False
fine_buffered2_ss_1.8_-40_25_3_0_trap,prime,WL3,lower_excursion_v,-0.03771403889505881,-0.18000000000000002,,PASS,False
fine_buffered2_ss_1.8_-40_25_3_0_trap,prime,WL3,end_level_v,1.799999989843691,1.62,1.9800000000000002,PASS,False
fine_buffered2_ss_1.8_-40_25_3_0_trap,prime,WL3,settled_min_v,1.7972793600917487,1.62,,PASS,False
fine_buffered2_ss_1.8_-40_25_3_0_trap,test,DEC0,upper_excursion_v,1.7999999962325561,,1.9800000000000002,PASS,False
fine_buffered2_ss_1.8_-40_25_3_0_trap,test,DEC0,lower_excursion_v,-0.09205144417741282,-0.18000000000000002,,PASS,False
fine_buffered2_ss_1.8_-40_25_3_0_trap,test,DEC0,end_level_v,1.7999999961777207,1.62,1.9800000000000002,PASS,False
fine_buffered2_ss_1.8_-40_25_3_0_trap,test,DEC0,settled_min_v,1.7999995544021727,1.62,,PASS,False
fine_buffered2_ss_1.8_-40_25_3_0_trap,test,DEC1,upper_excursion_v,0.0025261997636574066,,1.9800000000000002,PASS,False
fine_buffered2_ss_1.8_-40_25_3_0_trap,test,DEC1,lower_excursion_v,-0.00021038535195471234,-0.18000000000000002,,PASS,False
fine_buffered2_ss_1.8_-40_25_3_0_trap,test,DEC1,end_level_v,-8.252498806711482e-07,-0.18000000000000002,0.18000000000000002,PASS,False
fine_buffered2_ss_1.8_-40_25_3_0_trap,test,DEC1,unselected_max_v,0.0025261997636574066,,0.18000000000000002,PASS,False
fine_buffered2_ss_1.8_-40_25_3_0_trap,test,DEC2,upper_excursion_v,0.0025198516852633405,,1.9800000000000002,PASS,False
fine_buffered2_ss_1.8_-40_25_3_0_trap,test,DEC2,lower_excursion_v,-2.022634732404502e-05,-0.18000000000000002,,PASS,False
fine_buffered2_ss_1.8_-40_25_3_0_trap,test,DEC2,end_level_v,1.0874187353565903e-09,-0.18000000000000002,0.18000000000000002,PASS,False
fine_buffered2_ss_1.8_-40_25_3_0_trap,test,DEC2,unselected_max_v,0.0025198516852633405,,0.18000000000000002,PASS,False
fine_buffered2_ss_1.8_-40_25_3_0_trap,test,DEC3,upper_excursion_v,0.002519842727305353,,1.9800000000000002,PASS,False
fine_buffered2_ss_1.8_-40_25_3_0_trap,test,DEC3,lower_excursion_v,-1.8793479707610922e-05,-0.18000000000000002,,PASS,False
fine_buffered2_ss_1.8_-40_25_3_0_trap,test,DEC3,end_level_v,1.0874140317353631e-09,-0.18000000000000002,0.18000000000000002,PASS,False
fine_buffered2_ss_1.8_-40_25_3_0_trap,test,DEC3,unselected_max_v,0.002519842727305353,,0.18000000000000002,PASS,False
fine_buffered2_ss_1.8_-40_25_3_0_trap,test,WL0,upper_excursion_v,1.7999999898436916,,1.9800000000000002,PASS,False
fine_buffered2_ss_1.8_-40_25_3_0_trap,test,WL0,lower_excursion_v,-0.03767658978848441,-0.18000000000000002,,PASS,False
fine_buffered2_ss_1.8_-40_25_3_0_trap,test,WL0,end_level_v,1.7999999898436914,1.62,1.9800000000000002,PASS,False
fine_buffered2_ss_1.8_-40_25_3_0_trap,test,WL0,settled_min_v,1.7971656706721748,1.62,,PASS,False
fine_buffered2_ss_1.8_-40_25_3_0_trap,test,WL1,upper_excursion_v,5.874679646325478e-06,,1.9800000000000002,PASS,False
fine_buffered2_ss_1.8_-40_25_3_0_trap,test,WL1,lower_excursion_v,-6.891485729263829e-06,-0.18000000000000002,,PASS,False
fine_buffered2_ss_1.8_-40_25_3_0_trap,test,WL1,end_level_v,3.2397289705466515e-09,-0.18000000000000002,0.18000000000000002,PASS,False
fine_buffered2_ss_1.8_-40_25_3_0_trap,test,WL1,unselected_max_v,5.874679646325478e-06,,0.18000000000000002,PASS,False
fine_buffered2_ss_1.8_-40_25_3_0_trap,test,WL2,upper_excursion_v,5.859442459335622e-06,,1.9800000000000002,PASS,False
fine_buffered2_ss_1.8_-40_25_3_0_trap,test,WL2,lower_excursion_v,-6.387289795002295e-06,-0.18000000000000002,,PASS,False
fine_buffered2_ss_1.8_-40_25_3_0_trap,test,WL2,end_level_v,3.2398988742372865e-09,-0.18000000000000002,0.18000000000000002,PASS,False
fine_buffered2_ss_1.8_-40_25_3_0_trap,test,WL2,unselected_max_v,5.859442459335622e-06,,0.18000000000000002,PASS,False
fine_buffered2_ss_1.8_-40_25_3_0_trap,test,WL3,upper_excursion_v,5.8594056371716014e-06,,1.9800000000000002,PASS,False
fine_buffered2_ss_1.8_-40_25_3_0_trap,test,WL3,lower_excursion_v,-6.377536492110879e-06,-0.18000000000000002,,PASS,False
fine_buffered2_ss_1.8_-40_25_3_0_trap,test,WL3,end_level_v,3.2398989835999934e-09,-0.18000000000000002,0.18000000000000002,PASS,False
fine_buffered2_ss_1.8_-40_25_3_0_trap,test,WL3,unselected_max_v,5.8594056371716014e-06,,0.18000000000000002,PASS,False
fine_buffered2_ss_1.8_-40_25_3_0_trap,recovery,DEC0,end_level_v,2.4690307547130396e-07,-0.18000000000000002,0.18000000000000002,PASS,False
fine_buffered2_ss_1.8_-40_25_3_0_trap,recovery,DEC0,settled_max_v,0.00022462638829171086,,0.18000000000000002,PASS,False
fine_buffered2_ss_1.8_-40_25_3_0_trap,recovery,DEC1,end_level_v,1.326690858942381e-07,-0.18000000000000002,0.18000000000000002,PASS,False
fine_buffered2_ss_1.8_-40_25_3_0_trap,recovery,DEC1,settled_max_v,0.00022446866808946363,,0.18000000000000002,PASS,False
fine_buffered2_ss_1.8_-40_25_3_0_trap,recovery,DEC2,end_level_v,1.200691070896581e-09,-0.18000000000000002,0.18000000000000002,PASS,False
fine_buffered2_ss_1.8_-40_25_3_0_trap,recovery,DEC2,settled_max_v,0.00042466883861156995,,0.18000000000000002,PASS,False
fine_buffered2_ss_1.8_-40_25_3_0_trap,recovery,DEC3,end_level_v,1.2008575846591212e-09,-0.18000000000000002,0.18000000000000002,PASS,False
fine_buffered2_ss_1.8_-40_25_3_0_trap,recovery,DEC3,settled_max_v,0.0004320387152599935,,0.18000000000000002,PASS,False
fine_buffered2_ss_1.8_-40_25_3_0_trap,recovery,WL0,end_level_v,3.242306010185174e-09,-0.18000000000000002,0.18000000000000002,PASS,False
fine_buffered2_ss_1.8_-40_25_3_0_trap,recovery,WL0,settled_max_v,1.0412024796329141e-06,,0.18000000000000002,PASS,False
fine_buffered2_ss_1.8_-40_25_3_0_trap,recovery,WL1,end_level_v,3.2411180291502024e-09,-0.18000000000000002,0.18000000000000002,PASS,False
fine_buffered2_ss_1.8_-40_25_3_0_trap,recovery,WL1,settled_max_v,1.0405642575933331e-06,,0.18000000000000002,PASS,False
fine_buffered2_ss_1.8_-40_25_3_0_trap,recovery,WL2,end_level_v,3.2398993460004806e-09,-0.18000000000000002,0.18000000000000002,PASS,False
fine_buffered2_ss_1.8_-40_25_3_0_trap,recovery,WL2,settled_max_v,2.7593218912273833e-06,,0.18000000000000002,PASS,False
fine_buffered2_ss_1.8_-40_25_3_0_trap,recovery,WL3,end_level_v,3.239897713057439e-09,-0.18000000000000002,0.18000000000000002,PASS,False
fine_buffered2_ss_1.8_-40_25_3_0_trap,recovery,WL3,settled_max_v,2.7375250945304e-06,,0.18000000000000002,PASS,False
fine_buffered2_ss_1.8_-40_25_3_0_trap,recovery,N0,end_level_v,1.7993812325537006,1.62,1.9800000000000002,PASS,False
fine_buffered2_ss_1.8_-40_25_3_0_trap,recovery,N1,end_level_v,1.7997032204285335,1.62,1.9800000000000002,PASS,False
fine_buffered2_ss_1.8_-40_25_3_0_trap,recovery,N2,end_level_v,1.7999999868457195,1.62,1.9800000000000002,PASS,False
fine_buffered2_ss_1.8_-40_25_3_0_trap,recovery,N3,end_level_v,1.7999999865696032,1.62,1.9800000000000002,PASS,False
fine_buffered2_ss_1.8_-40_25_3_0_trap,final_precharge,DEC0,settled_max_v,8.06982707999642e-06,,0.18000000000000002,PASS,False
fine_buffered2_ss_1.8_-40_25_3_0_trap,final_precharge,DEC0,settled_min_v,1.1181432727429819e-07,-0.18000000000000002,,PASS,False
fine_buffered2_ss_1.8_-40_25_3_0_trap,final_precharge,DEC1,settled_max_v,6.170690948062116e-08,,0.18000000000000002,PASS,False
fine_buffered2_ss_1.8_-40_25_3_0_trap,final_precharge,DEC1,settled_min_v,3.150929361178669e-09,-0.18000000000000002,,PASS,False
fine_buffered2_ss_1.8_-40_25_3_0_trap,final_precharge,DEC2,settled_max_v,1.21061675060493e-09,,0.18000000000000002,PASS,False
fine_buffered2_ss_1.8_-40_25_3_0_trap,final_precharge,DEC2,settled_min_v,9.916908054799539e-10,-0.18000000000000002,,PASS,False
fine_buffered2_ss_1.8_-40_25_3_0_trap,final_precharge,DEC3,settled_max_v,1.2099958874057973e-09,,0.18000000000000002,PASS,False
fine_buffered2_ss_1.8_-40_25_3_0_trap,final_precharge,DEC3,settled_min_v,9.83678934317884e-10,-0.18000000000000002,,PASS,False
fine_buffered2_ss_1.8_-40_25_3_0_trap,final_precharge,WL0,settled_max_v,1.2322468636930453e-08,,0.18000000000000002,PASS,False
fine_buffered2_ss_1.8_-40_25_3_0_trap,final_precharge,WL0,settled_min_v,3.240027332045478e-09,-0.18000000000000002,,PASS,False
fine_buffered2_ss_1.8_-40_25_3_0_trap,final_precharge,WL1,settled_max_v,3.266616315819954e-09,,0.18000000000000002,PASS,False
fine_buffered2_ss_1.8_-40_25_3_0_trap,final_precharge,WL1,settled_min_v,3.239898244631229e-09,-0.18000000000000002,,PASS,False
fine_buffered2_ss_1.8_-40_25_3_0_trap,final_precharge,WL2,settled_max_v,3.239900020831891e-09,,0.18000000000000002,PASS,False
fine_buffered2_ss_1.8_-40_25_3_0_trap,final_precharge,WL2,settled_min_v,3.239819126459702e-09,-0.18000000000000002,,PASS,False
fine_buffered2_ss_1.8_-40_25_3_0_trap,final_precharge,WL3,settled_max_v,3.239899669920721e-09,,0.18000000000000002,PASS,False
fine_buffered2_ss_1.8_-40_25_3_0_trap,final_precharge,WL3,settled_min_v,3.239819472810345e-09,-0.18000000000000002,,PASS,False
fine_buffered2_ss_1.8_-40_25_3_0_trap,final_precharge,N0,end_level_v,1.7993441442839833,1.62,1.9800000000000002,PASS,False
fine_buffered2_ss_1.8_-40_25_3_0_trap,final_precharge,N1,end_level_v,1.7999666356438642,1.62,1.9800000000000002,PASS,False
fine_buffered2_ss_1.8_-40_25_3_0_trap,final_precharge,N2,end_level_v,1.7999999810459268,1.62,1.9800000000000002,PASS,False
fine_buffered2_ss_1.8_-40_25_3_0_trap,final_precharge,N3,end_level_v,1.799999981073768,1.62,1.9800000000000002,PASS,False
fine_buffered2_ff_1.8_125_25_0_3_gear,prime,DEC0,upper_excursion_v,1.7999991038199779,,1.9800000000000002,PASS,False
fine_buffered2_ff_1.8_125_25_0_3_gear,prime,DEC0,lower_excursion_v,-0.030797939651311952,-0.18000000000000002,,PASS,False
fine_buffered2_ff_1.8_125_25_0_3_gear,prime,DEC0,end_level_v,1.7999991038076382,1.62,1.9800000000000002,PASS,False
fine_buffered2_ff_1.8_125_25_0_3_gear,prime,DEC0,settled_min_v,1.7999990629558,1.62,,PASS,False
fine_buffered2_ff_1.8_125_25_0_3_gear,prime,DEC1,upper_excursion_v,0.00365973984004958,,1.9800000000000002,PASS,False
fine_buffered2_ff_1.8_125_25_0_3_gear,prime,DEC1,lower_excursion_v,-0.00013322035481074662,-0.18000000000000002,,PASS,False
fine_buffered2_ff_1.8_125_25_0_3_gear,prime,DEC1,end_level_v,6.611525952854302e-05,-0.18000000000000002,0.18000000000000002,PASS,False
fine_buffered2_ff_1.8_125_25_0_3_gear,prime,DEC1,unselected_max_v,0.00365973984004958,,0.18000000000000002,PASS,False
fine_buffered2_ff_1.8_125_25_0_3_gear,prime,DEC2,upper_excursion_v,0.0036480582225668617,,1.9800000000000002,PASS,False
fine_buffered2_ff_1.8_125_25_0_3_gear,prime,DEC2,lower_excursion_v,5.280001225838381e-05,-0.18000000000000002,,PASS,False
fine_buffered2_ff_1.8_125_25_0_3_gear,prime,DEC2,end_level_v,6.128029221454802e-05,-0.18000000000000002,0.18000000000000002,PASS,False
fine_buffered2_ff_1.8_125_25_0_3_gear,prime,DEC2,unselected_max_v,0.0036480582225668617,,0.18000000000000002,PASS,False
fine_buffered2_ff_1.8_125_25_0_3_gear,prime,DEC3,upper_excursion_v,0.003648607716817722,,1.9800000000000002,PASS,False
fine_buffered2_ff_1.8_125_25_0_3_gear,prime,DEC3,lower_excursion_v,5.180509203158306e-05,-0.18000000000000002,,PASS,False
fine_buffered2_ff_1.8_125_25_0_3_gear,prime,DEC3,end_level_v,6.160656907163504e-05,-0.18000000000000002,0.18000000000000002,PASS,False
fine_buffered2_ff_1.8_125_25_0_3_gear,prime,DEC3,unselected_max_v,0.003648607716817722,,0.18000000000000002,PASS,False
fine_buffered2_ff_1.8_125_25_0_3_gear,prime,WL0,upper_excursion_v,1.7999993201189923,,1.9800000000000002,PASS,False
fine_buffered2_ff_1.8_125_25_0_3_gear,prime,WL0,lower_excursion_v,-0.02575416838326125,-0.18000000000000002,,PASS,False
fine_buffered2_ff_1.8_125_25_0_3_gear,prime,WL0,end_level_v,1.7999993201189923,1.62,1.9800000000000002,PASS,False
fine_buffered2_ff_1.8_125_25_0_3_gear,prime,WL0,settled_min_v,1.7998615180521813,1.62,,PASS,False
fine_buffered2_ff_1.8_125_25_0_3_gear,prime,WL1,upper_excursion_v,0.00015420095871620634,,1.9800000000000002,PASS,False
fine_buffered2_ff_1.8_125_25_0_3_gear,prime,WL1,lower_excursion_v,0.00012863315168023227,-0.18000000000000002,,PASS,False
fine_buffered2_ff_1.8_125_25_0_3_gear,prime,WL1,end_level_v,0.00014468705436281964,-0.18000000000000002,0.18000000000000002,PASS,False
fine_buffered2_ff_1.8_125_25_0_3_gear,prime,WL1,unselected_max_v,0.00015420095871620634,,0.18000000000000002,PASS,False
fine_buffered2_ff_1.8_125_25_0_3_gear,prime,WL2,upper_excursion_v,0.00015416367812652753,,1.9800000000000002,PASS,False
fine_buffered2_ff_1.8_125_25_0_3_gear,prime,WL2,lower_excursion_v,0.00012980830270850835,-0.18000000000000002,,PASS,False
fine_buffered2_ff_1.8_125_25_0_3_gear,prime,WL2,end_level_v,0.00014468706062198254,-0.18000000000000002,0.18000000000000002,PASS,False
fine_buffered2_ff_1.8_125_25_0_3_gear,prime,WL2,unselected_max_v,0.00015416367812652753,,0.18000000000000002,PASS,False
fine_buffered2_ff_1.8_125_25_0_3_gear,prime,WL3,upper_excursion_v,0.00015416539858495408,,1.9800000000000002,PASS,False
fine_buffered2_ff_1.8_125_25_0_3_gear,prime,WL3,lower_excursion_v,0.0001297764637540401,-0.18000000000000002,,PASS,False
fine_buffered2_ff_1.8_125_25_0_3_gear,prime,WL3,end_level_v,0.000144687060665975,-0.18000000000000002,0.18000000000000002,PASS,False
fine_buffered2_ff_1.8_125_25_0_3_gear,prime,WL3,unselected_max_v,0.00015416539858495408,,0.18000000000000002,PASS,False
fine_buffered2_ff_1.8_125_25_0_3_gear,test,DEC0,upper_excursion_v,0.003653160790824308,,1.9800000000000002,PASS,False
fine_buffered2_ff_1.8_125_25_0_3_gear,test,DEC0,lower_excursion_v,7.516432931615181e-07,-0.18000000000000002,,PASS,False
fine_buffered2_ff_1.8_125_25_0_3_gear,test,DEC0,end_level_v,6.153287234476769e-05,-0.18000000000000002,0.18000000000000002,PASS,False
fine_buffered2_ff_1.8_125_25_0_3_gear,test,DEC0,unselected_max_v,0.003653160790824308,,0.18000000000000002,PASS,False
fine_buffered2_ff_1.8_125_25_0_3_gear,test,DEC1,upper_excursion_v,0.0036531283495219715,,1.9800000000000002,PASS,False
fine_buffered2_ff_1.8_125_25_0_3_gear,test,DEC1,lower_excursion_v,5.038627055403873e-06,-0.18000000000000002,,PASS,False
fine_buffered2_ff_1.8_125_25_0_3_gear,test,DEC1,end_level_v,6.128668742896025e-05,-0.18000000000000002,0.18000000000000002,PASS,False
fine_buffered2_ff_1.8_125_25_0_3_gear,test,DEC1,unselected_max_v,0.0036531283495219715,,0.18000000000000002,PASS,False
fine_buffered2_ff_1.8_125_25_0_3_gear,test,DEC2,upper_excursion_v,0.0036507922343871606,,1.9800000000000002,PASS,False
fine_buffered2_ff_1.8_125_25_0_3_gear,test,DEC2,lower_excursion_v,-0.00014824044527507463,-0.18000000000000002,,PASS,False
fine_buffered2_ff_1.8_125_25_0_3_gear,test,DEC2,end_level_v,6.980828781039809e-05,-0.18000000000000002,0.18000000000000002,PASS,False
fine_buffered2_ff_1.8_125_25_0_3_gear,test,DEC2,unselected_max_v,0.0036507922343871606,,0.18000000000000002,PASS,False
fine_buffered2_ff_1.8_125_25_0_3_gear,test,DEC3,upper_excursion_v,1.799999103815089,,1.9800000000000002,PASS,False
fine_buffered2_ff_1.8_125_25_0_3_gear,test,DEC3,lower_excursion_v,-0.03312096416176119,-0.18000000000000002,,PASS,False
fine_buffered2_ff_1.8_125_25_0_3_gear,test,DEC3,end_level_v,1.7999991038043528,1.62,1.9800000000000002,PASS,False
fine_buffered2_ff_1.8_125_25_0_3_gear,test,DEC3,settled_min_v,1.7999990754801707,1.62,,PASS,False
fine_buffered2_ff_1.8_125_25_0_3_gear,test,WL0,upper_excursion_v,0.0001541767988761172,,1.9800000000000002,PASS,False
fine_buffered2_ff_1.8_125_25_0_3_gear,test,WL0,lower_excursion_v,0.0001292732340769234,-0.18000000000000002,,PASS,False
fine_buffered2_ff_1.8_125_25_0_3_gear,test,WL0,end_level_v,0.0001446870608080492,-0.18000000000000002,0.18000000000000002,PASS,False
fine_buffered2_ff_1.8_125_25_0_3_gear,test,WL0,unselected_max_v,0.0001541767988761172,,0.18000000000000002,PASS,False
fine_buffered2_ff_1.8_125_25_0_3_gear,test,WL1,upper_excursion_v,0.00015417673259223274,,1.9800000000000002,PASS,False
fine_buffered2_ff_1.8_125_25_0_3_gear,test,WL1,lower_excursion_v,0.00012927628103843208,-0.18000000000000002,,PASS,False
fine_buffered2_ff_1.8_125_25_0_3_gear,test,WL1,end_level_v,0.00014468706062324395,-0.18000000000000002,0.18000000000000002,PASS,False
fine_buffered2_ff_1.8_125_25_0_3_gear,test,WL1,unselected_max_v,0.00015417673259223274,,0.18000000000000002,PASS,False
fine_buffered2_ff_1.8_125_25_0_3_gear,test,WL2,upper_excursion_v,0.00015415386863998736,,1.9800000000000002,PASS,False
fine_buffered2_ff_1.8_125_25_0_3_gear,test,WL2,lower_excursion_v,0.00012834992633454806,-0.18000000000000002,,PASS,False
fine_buffered2_ff_1.8_125_25_0_3_gear,test,WL2,end_level_v,0.00014468705151282269,-0.18000000000000002,0.18000000000000002,PASS,False
fine_buffered2_ff_1.8_125_25_0_3_gear,test,WL2,unselected_max_v,0.00015415386863998736,,0.18000000000000002,PASS,False
fine_buffered2_ff_1.8_125_25_0_3_gear,test,WL3,upper_excursion_v,1.7999993201189923,,1.9800000000000002,PASS,False
fine_buffered2_ff_1.8_125_25_0_3_gear,test,WL3,lower_excursion_v,-0.025847475685647166,-0.18000000000000002,,PASS,False
fine_buffered2_ff_1.8_125_25_0_3_gear,test,WL3,end_level_v,1.7999993201189923,1.62,1.9800000000000002,PASS,False
fine_buffered2_ff_1.8_125_25_0_3_gear,test,WL3,settled_min_v,1.7998654458094692,1.62,,PASS,False
fine_buffered2_ff_1.8_125_25_0_3_gear,recovery,DEC0,end_level_v,0.00014267216968192578,-0.18000000000000002,0.18000000000000002,PASS,False
fine_buffered2_ff_1.8_125_25_0_3_gear,recovery,DEC0,settled_max_v,0.0005513579963854558,,0.18000000000000002,PASS,False
fine_buffered2_ff_1.8_125_25_0_3_gear,recovery,DEC1,end_level_v,0.00014267216799047504,-0.18000000000000002,0.18000000000000002,PASS,False
fine_buffered2_ff_1.8_125_25_0_3_gear,recovery,DEC1,settled_max_v,0.0005413351021621689,,0.18000000000000002,PASS,False
fine_buffered2_ff_1.8_125_25_0_3_gear,recovery,DEC2,end_level_v,0.00014315626383684665,-0.18000000000000002,0.18000000000000002,PASS,False
fine_buffered2_ff_1.8_125_25_0_3_gear,recovery,DEC2,settled_max_v,0.0016138309653453541,,0.18000000000000002,PASS,False
fine_buffered2_ff_1.8_125_25_0_3_gear,recovery,DEC3,end_level_v,0.00014364646295251388,-0.18000000000000002,0.18000000000000002,PASS,False
fine_buffered2_ff_1.8_125_25_0_3_gear,recovery,DEC3,settled_max_v,0.001860665764852977,,0.18000000000000002,PASS,False
fine_buffered2_ff_1.8_125_25_0_3_gear,recovery,WL0,end_level_v,0.00014468707074375513,-0.18000000000000002,0.18000000000000002,PASS,False
fine_buffered2_ff_1.8_125_25_0_3_gear,recovery,WL0,settled_max_v,0.00014677349975591588,,0.18000000000000002,PASS,False
fine_buffered2_ff_1.8_125_25_0_3_gear,recovery,WL1,end_level_v,0.00014468707074330274,-0.18000000000000002,0.18000000000000002,PASS,False
fine_buffered2_ff_1.8_125_25_0_3_gear,recovery,WL1,settled_max_v,0.00014669219941940137,,0.18000000000000002,PASS,False
fine_buffered2_ff_1.8_125_25_0_3_gear,recovery,WL2,end_level_v,0.0001446870739991825,-0.18000000000000002,0.18000000000000002,PASS,False
fine_buffered2_ff_1.8_125_25_0_3_gear,recovery,WL2,settled_max_v,0.0001485617033080632,,0.18000000000000002,PASS,False
fine_buffered2_ff_1.8_125_25_0_3_gear,recovery,WL3,end_level_v,0.0001446870774064523,-0.18000000000000002,0.18000000000000002,PASS,False
fine_buffered2_ff_1.8_125_25_0_3_gear,recovery,WL3,settled_max_v,0.00014892539168148656,,0.18000000000000002,PASS,False
fine_buffered2_ff_1.8_125_25_0_3_gear,recovery,N0,end_level_v,1.7999999198518697,1.62,1.9800000000000002,PASS,False
fine_buffered2_ff_1.8_125_25_0_3_gear,recovery,N1,end_level_v,1.7999999205107282,1.62,1.9800000000000002,PASS,False
fine_buffered2_ff_1.8_125_25_0_3_gear,recovery,N2,end_level_v,1.7997745577813158,1.62,1.9800000000000002,PASS,False
fine_buffered2_ff_1.8_125_25_0_3_gear,recovery,N3,end_level_v,1.7995401894943446,1.62,1.9800000000000002,PASS,False
fine_buffered2_ff_1.8_125_25_0_3_gear,final_precharge,DEC0,settled_max_v,0.00014267316386522237,,0.18000000000000002,PASS,False
fine_buffered2_ff_1.8_125_25_0_3_gear,final_precharge,DEC0,settled_min_v,0.0001426722642456719,-0.18000000000000002,,PASS,False
fine_buffered2_ff_1.8_125_25_0_3_gear,final_precharge,DEC1,settled_max_v,0.00014267320436444508,,0.18000000000000002,PASS,False
fine_buffered2_ff_1.8_125_25_0_3_gear,final_precharge,DEC1,settled_min_v,0.00014267226553263905,-0.18000000000000002,,PASS,False
fine_buffered2_ff_1.8_125_25_0_3_gear,final_precharge,DEC2,settled_max_v,0.00014277028707211574,,0.18000000000000002,PASS,False
fine_buffered2_ff_1.8_125_25_0_3_gear,final_precharge,DEC2,settled_min_v,0.0001427351861946896,-0.18000000000000002,,PASS,False
fine_buffered2_ff_1.8_125_25_0_3_gear,final_precharge,DEC3,settled_max_v,0.00015855514991355496,,0.18000000000000002,PASS,False
fine_buffered2_ff_1.8_125_25_0_3_gear,final_precharge,DEC3,settled_min_v,0.0001437686884621439,-0.18000000000000002,,PASS,False
fine_buffered2_ff_1.8_125_25_0_3_gear,final_precharge,WL0,settled_max_v,0.00014468707088876717,,0.18000000000000002,PASS,False
fine_buffered2_ff_1.8_125_25_0_3_gear,final_precharge,WL0,settled_min_v,0.0001446870707431533,-0.18000000000000002,,PASS,False
fine_buffered2_ff_1.8_125_25_0_3_gear,final_precharge,WL1,settled_max_v,0.00014468707089318228,,0.18000000000000002,PASS,False
fine_buffered2_ff_1.8_125_25_0_3_gear,final_precharge,WL1,settled_min_v,0.00014468707074349326,-0.18000000000000002,,PASS,False
fine_buffered2_ff_1.8_125_25_0_3_gear,final_precharge,WL2,settled_max_v,0.00014468707125049021,,0.18000000000000002,PASS,False
fine_buffered2_ff_1.8_125_25_0_3_gear,final_precharge,WL2,settled_min_v,0.00014468707078403099,-0.18000000000000002,,PASS,False
fine_buffered2_ff_1.8_125_25_0_3_gear,final_precharge,WL3,settled_max_v,0.00014468819655677408,,0.18000000000000002,PASS,False
fine_buffered2_ff_1.8_125_25_0_3_gear,final_precharge,WL3,settled_min_v,0.00014468707323814857,-0.18000000000000002,,PASS,False
fine_buffered2_ff_1.8_125_25_0_3_gear,final_precharge,N0,end_level_v,1.7999998805090058,1.62,1.9800000000000002,PASS,False
fine_buffered2_ff_1.8_125_25_0_3_gear,final_precharge,N1,end_level_v,1.7999998798442856,1.62,1.9800000000000002,PASS,False
fine_buffered2_ff_1.8_125_25_0_3_gear,final_precharge,N2,end_level_v,1.7999637639552544,1.62,1.9800000000000002,PASS,False
fine_buffered2_ff_1.8_125_25_0_3_gear,final_precharge,N3,end_level_v,1.7994231451324902,1.62,1.9800000000000002,PASS,False
fine_buffered2_ff_1.8_125_25_0_3_trap,prime,DEC0,upper_excursion_v,1.7999991038199805,,1.9800000000000002,PASS,False
fine_buffered2_ff_1.8_125_25_0_3_trap,prime,DEC0,lower_excursion_v,-0.030795211059403586,-0.18000000000000002,,PASS,False
fine_buffered2_ff_1.8_125_25_0_3_trap,prime,DEC0,end_level_v,1.7999991038076542,1.62,1.9800000000000002,PASS,False
fine_buffered2_ff_1.8_125_25_0_3_trap,prime,DEC0,settled_min_v,1.7999990629453653,1.62,,PASS,False
fine_buffered2_ff_1.8_125_25_0_3_trap,prime,DEC1,upper_excursion_v,0.0036579286174501405,,1.9800000000000002,PASS,False
fine_buffered2_ff_1.8_125_25_0_3_trap,prime,DEC1,lower_excursion_v,-0.00012711684920969218,-0.18000000000000002,,PASS,False
fine_buffered2_ff_1.8_125_25_0_3_trap,prime,DEC1,end_level_v,6.61185096040122e-05,-0.18000000000000002,0.18000000000000002,PASS,False
fine_buffered2_ff_1.8_125_25_0_3_trap,prime,DEC1,unselected_max_v,0.0036579286174501405,,0.18000000000000002,PASS,False
fine_buffered2_ff_1.8_125_25_0_3_trap,prime,DEC2,upper_excursion_v,0.003646255079491179,,1.9800000000000002,PASS,False
fine_buffered2_ff_1.8_125_25_0_3_trap,prime,DEC2,lower_excursion_v,5.28122165602335e-05,-0.18000000000000002,,PASS,False
fine_buffered2_ff_1.8_125_25_0_3_trap,prime,DEC2,end_level_v,6.128325621491348e-05,-0.18000000000000002,0.18000000000000002,PASS,False
fine_buffered2_ff_1.8_125_25_0_3_trap,prime,DEC2,unselected_max_v,0.003646255079491179,,0.18000000000000002,PASS,False
fine_buffered2_ff_1.8_125_25_0_3_trap,prime,DEC3,upper_excursion_v,0.0036468086916043915,,1.9800000000000002,PASS,False
fine_buffered2_ff_1.8_125_25_0_3_trap,prime,DEC3,lower_excursion_v,5.1820561856728056e-05,-0.18000000000000002,,PASS,False
fine_buffered2_ff_1.8_125_25_0_3_trap,prime,DEC3,end_level_v,6.160951214997926e-05,-0.18000000000000002,0.18000000000000002,PASS,False
fine_buffered2_ff_1.8_125_25_0_3_trap,prime,DEC3,unselected_max_v,0.0036468086916043915,,0.18000000000000002,PASS,False
fine_buffered2_ff_1.8_125_25_0_3_trap,prime,WL0,upper_excursion_v,1.7999993201190965,,1.9800000000000002,PASS,False
fine_buffered2_ff_1.8_125_25_0_3_trap,prime,WL0,lower_excursion_v,-0.025772383935931814,-0.18000000000000002,,PASS,False
fine_buffered2_ff_1.8_125_25_0_3_trap,prime,WL0,end_level_v,1.7999993201190965,1.62,1.9800000000000002,PASS,False
fine_buffered2_ff_1.8_125_25_0_3_trap,prime,WL0,settled_min_v,1.7998615130763922,1.62,,PASS,False
fine_buffered2_ff_1.8_125_25_0_3_trap,prime,WL1,upper_excursion_v,0.00015418405396176423,,1.9800000000000002,PASS,False
fine_buffered2_ff_1.8_125_25_0_3_trap,prime,WL1,lower_excursion_v,0.00012867778053681764,-0.18000000000000002,,PASS,False
fine_buffered2_ff_1.8_125_25_0_3_trap,prime,WL1,end_level_v,0.0001446870543628941,-0.18000000000000002,0.18000000000000002,PASS,False
fine_buffered2_ff_1.8_125_25_0_3_trap,prime,WL1,unselected_max_v,0.00015418405396176423,,0.18000000000000002,PASS,False
fine_buffered2_ff_1.8_125_25_0_3_trap,prime,WL2,upper_excursion_v,0.00015414686129596377,,1.9800000000000002,PASS,False
fine_buffered2_ff_1.8_125_25_0_3_trap,prime,WL2,lower_excursion_v,0.0001298636601911704,-0.18000000000000002,,PASS,False
fine_buffered2_ff_1.8_125_25_0_3_trap,prime,WL2,end_level_v,0.0001446870606228237,-0.18000000000000002,0.18000000000000002,PASS,False
fine_buffered2_ff_1.8_125_25_0_3_trap,prime,WL2,unselected_max_v,0.00015414686129596377,,0.18000000000000002,PASS,False
fine_buffered2_ff_1.8_125_25_0_3_trap,prime,WL3,upper_excursion_v,0.00015414861376744683,,1.9800000000000002,PASS,False
fine_buffered2_ff_1.8_125_25_0_3_trap,prime,WL3,lower_excursion_v,0.00012983168860092943,-0.18000000000000002,,PASS,False
fine_buffered2_ff_1.8_125_25_0_3_trap,prime,WL3,end_level_v,0.0001446870606661697,-0.18000000000000002,0.18000000000000002,PASS,False
fine_buffered2_ff_1.8_125_25_0_3_trap,prime,WL3,unselected_max_v,0.00015414861376744683,,0.18000000000000002,PASS,False
fine_buffered2_ff_1.8_125_25_0_3_trap,test,DEC0,upper_excursion_v,0.0036513342352534743,,1.9800000000000002,PASS,False
fine_buffered2_ff_1.8_125_25_0_3_trap,test,DEC0,lower_excursion_v,5.9010968198913986e-06,-0.18000000000000002,,PASS,False
fine_buffered2_ff_1.8_125_25_0_3_trap,test,DEC0,end_level_v,6.153551883496506e-05,-0.18000000000000002,0.18000000000000002,PASS,False
fine_buffered2_ff_1.8_125_25_0_3_trap,test,DEC0,unselected_max_v,0.0036513342352534743,,0.18000000000000002,PASS,False
fine_buffered2_ff_1.8_125_25_0_3_trap,test,DEC1,upper_excursion_v,0.0036513019343587987,,1.9800000000000002,PASS,False
fine_buffered2_ff_1.8_125_25_0_3_trap,test,DEC1,lower_excursion_v,9.247313210755171e-06,-0.18000000000000002,,PASS,False
fine_buffered2_ff_1.8_125_25_0_3_trap,test,DEC1,end_level_v,6.128866752032019e-05,-0.18000000000000002,0.18000000000000002,PASS,False
fine_buffered2_ff_1.8_125_25_0_3_trap,test,DEC1,unselected_max_v,0.0036513019343587987,,0.18000000000000002,PASS,False
fine_buffered2_ff_1.8_125_25_0_3_trap,test,DEC2,upper_excursion_v,0.0036489516676638245,,1.9800000000000002,PASS,False
fine_buffered2_ff_1.8_125_25_0_3_trap,test,DEC2,lower_excursion_v,-0.00013877679571505652,-0.18000000000000002,,PASS,False
fine_buffered2_ff_1.8_125_25_0_3_trap,test,DEC2,end_level_v,6.981039628331519e-05,-0.18000000000000002,0.18000000000000002,PASS,False
fine_buffered2_ff_1.8_125_25_0_3_trap,test,DEC2,unselected_max_v,0.0036489516676638245,,0.18000000000000002,PASS,False
fine_buffered2_ff_1.8_125_25_0_3_trap,test,DEC3,upper_excursion_v,1.799999103815113,,1.9800000000000002,PASS,False
fine_buffered2_ff_1.8_125_25_0_3_trap,test,DEC3,lower_excursion_v,-0.03311719512802614,-0.18000000000000002,,PASS,False
fine_buffered2_ff_1.8_125_25_0_3_trap,test,DEC3,end_level_v,1.7999991038043581,1.62,1.9800000000000002,PASS,False
fine_buffered2_ff_1.8_125_25_0_3_trap,test,DEC3,settled_min_v,1.7999990755129347,1.62,,PASS,False
fine_buffered2_ff_1.8_125_25_0_3_trap,test,WL0,upper_excursion_v,0.00015416017244162522,,1.9800000000000002,PASS,False
fine_buffered2_ff_1.8_125_25_0_3_trap,test,WL0,lower_excursion_v,0.0001293291058630494,-0.18000000000000002,,PASS,False
fine_buffered2_ff_1.8_125_25_0_3_trap,test,WL0,end_level_v,0.0001446870608084633,-0.18000000000000002,0.18000000000000002,PASS,False
fine_buffered2_ff_1.8_125_25_0_3_trap,test,WL0,unselected_max_v,0.00015416017244162522,,0.18000000000000002,PASS,False
fine_buffered2_ff_1.8_125_25_0_3_trap,test,WL1,upper_excursion_v,0.00015416010276694494,,1.9800000000000002,PASS,False
fine_buffered2_ff_1.8_125_25_0_3_trap,test,WL1,lower_excursion_v,0.00012933334643682663,-0.18000000000000002,,PASS,False
fine_buffered2_ff_1.8_125_25_0_3_trap,test,WL1,end_level_v,0.00014468706062388176,-0.18000000000000002,0.18000000000000002,PASS,False
fine_buffered2_ff_1.8_125_25_0_3_trap,test,WL1,unselected_max_v,0.00015416010276694494,,0.18000000000000002,PASS,False
fine_buffered2_ff_1.8_125_25_0_3_trap,test,WL2,upper_excursion_v,0.0001541369023428818,,1.9800000000000002,PASS,False
fine_buffered2_ff_1.8_125_25_0_3_trap,test,WL2,lower_excursion_v,0.000128422013279098,-0.18000000000000002,,PASS,False
fine_buffered2_ff_1.8_125_25_0_3_trap,test,WL2,end_level_v,0.0001446870515126969,-0.18000000000000002,0.18000000000000002,PASS,False
fine_buffered2_ff_1.8_125_25_0_3_trap,test,WL2,unselected_max_v,0.0001541369023428818,,0.18000000000000002,PASS,False
fine_buffered2_ff_1.8_125_25_0_3_trap,test,WL3,upper_excursion_v,1.7999993201190967,,1.9800000000000002,PASS,False
fine_buffered2_ff_1.8_125_25_0_3_trap,test,WL3,lower_excursion_v,-0.025865850665562438,-0.18000000000000002,,PASS,False
fine_buffered2_ff_1.8_125_25_0_3_trap,test,WL3,end_level_v,1.7999993201190967,1.62,1.9800000000000002,PASS,False
fine_buffered2_ff_1.8_125_25_0_3_trap,test,WL3,settled_min_v,1.7998654417973028,1.62,,PASS,False
fine_buffered2_ff_1.8_125_25_0_3_trap,recovery,DEC0,end_level_v,0.00014267216968515774,-0.18000000000000002,0.18000000000000002,PASS,False
fine_buffered2_ff_1.8_125_25_0_3_trap,recovery,DEC0,settled_max_v,0.0005511139572721177,,0.18000000000000002,PASS,False
fine_buffered2_ff_1.8_125_25_0_3_trap,recovery,DEC1,end_level_v,0.00014267216799148305,-0.18000000000000002,0.18000000000000002,PASS,False
fine_buffered2_ff_1.8_125_25_0_3_trap,recovery,DEC1,settled_max_v,0.0005410790747177414,,0.18000000000000002,PASS,False
fine_buffered2_ff_1.8_125_25_0_3_trap,recovery,DEC2,end_level_v,0.00014315626774850931,-0.18000000000000002,0.18000000000000002,PASS,False
fine_buffered2_ff_1.8_125_25_0_3_trap,recovery,DEC2,settled_max_v,0.0016137244661889177,,0.18000000000000002,PASS,False
fine_buffered2_ff_1.8_125_25_0_3_trap,recovery,DEC3,end_level_v,0.00014364645585838304,-0.18000000000000002,0.18000000000000002,PASS,False
fine_buffered2_ff_1.8_125_25_0_3_trap,recovery,DEC3,settled_max_v,0.001860761888658767,,0.18000000000000002,PASS,False
fine_buffered2_ff_1.8_125_25_0_3_trap,recovery,WL0,end_level_v,0.0001446870707421294,-0.18000000000000002,0.18000000000000002,PASS,False
fine_buffered2_ff_1.8_125_25_0_3_trap,recovery,WL0,settled_max_v,0.00014677273099785563,,0.18000000000000002,PASS,False
fine_buffered2_ff_1.8_125_25_0_3_trap,recovery,WL1,end_level_v,0.0001446870707420495,-0.18000000000000002,0.18000000000000002,PASS,False
fine_buffered2_ff_1.8_125_25_0_3_trap,recovery,WL1,settled_max_v,0.0001466915504427219,,0.18000000000000002,PASS,False
fine_buffered2_ff_1.8_125_25_0_3_trap,recovery,WL2,end_level_v,0.0001446870739994382,-0.18000000000000002,0.18000000000000002,PASS,False
fine_buffered2_ff_1.8_125_25_0_3_trap,recovery,WL2,settled_max_v,0.00014855857462609844,,0.18000000000000002,PASS,False
fine_buffered2_ff_1.8_125_25_0_3_trap,recovery,WL3,end_level_v,0.0001446870774053062,-0.18000000000000002,0.18000000000000002,PASS,False
fine_buffered2_ff_1.8_125_25_0_3_trap,recovery,WL3,settled_max_v,0.00014892288222110117,,0.18000000000000002,PASS,False
fine_buffered2_ff_1.8_125_25_0_3_trap,recovery,N0,end_level_v,1.7999999198510346,1.62,1.9800000000000002,PASS,False
fine_buffered2_ff_1.8_125_25_0_3_trap,recovery,N1,end_level_v,1.7999999205098987,1.62,1.9800000000000002,PASS,False
fine_buffered2_ff_1.8_125_25_0_3_trap,recovery,N2,end_level_v,1.7997745562865215,1.62,1.9800000000000002,PASS,False
fine_buffered2_ff_1.8_125_25_0_3_trap,recovery,N3,end_level_v,1.7995401930432917,1.62,1.9800000000000002,PASS,False
fine_buffered2_ff_1.8_125_25_0_3_trap,final_precharge,DEC0,settled_max_v,0.0001426731638843808,,0.18000000000000002,PASS,False
fine_buffered2_ff_1.8_125_25_0_3_trap,final_precharge,DEC0,settled_min_v,0.0001426722642469691,-0.18000000000000002,,PASS,False
fine_buffered2_ff_1.8_125_25_0_3_trap,final_precharge,DEC1,settled_max_v,0.00014267320438549275,,0.18000000000000002,PASS,False
fine_buffered2_ff_1.8_125_25_0_3_trap,final_precharge,DEC1,settled_min_v,0.000142672265533447,-0.18000000000000002,,PASS,False
fine_buffered2_ff_1.8_125_25_0_3_trap,final_precharge,DEC2,settled_max_v,0.00014277028796835014,,0.18000000000000002,PASS,False
fine_buffered2_ff_1.8_125_25_0_3_trap,final_precharge,DEC2,settled_min_v,0.0001427351865644043,-0.18000000000000002,,PASS,False
fine_buffered2_ff_1.8_125_25_0_3_trap,final_precharge,DEC3,settled_max_v,0.00015855534763938533,,0.18000000000000002,PASS,False
fine_buffered2_ff_1.8_125_25_0_3_trap,final_precharge,DEC3,settled_min_v,0.0001437686900107385,-0.18000000000000002,,PASS,False
fine_buffered2_ff_1.8_125_25_0_3_trap,final_precharge,WL0,settled_max_v,0.0001446870708889033,,0.18000000000000002,PASS,False
fine_buffered2_ff_1.8_125_25_0_3_trap,final_precharge,WL0,settled_min_v,0.00014468707074155108,-0.18000000000000002,,PASS,False
fine_buffered2_ff_1.8_125_25_0_3_trap,final_precharge,WL1,settled_max_v,0.0001446870708937831,,0.18000000000000002,PASS,False
fine_buffered2_ff_1.8_125_25_0_3_trap,final_precharge,WL1,settled_min_v,0.00014468707074263048,-0.18000000000000002,,PASS,False
fine_buffered2_ff_1.8_125_25_0_3_trap,final_precharge,WL2,settled_max_v,0.00014468707125032192,,0.18000000000000002,PASS,False
fine_buffered2_ff_1.8_125_25_0_3_trap,final_precharge,WL2,settled_min_v,0.00014468707078371142,-0.18000000000000002,,PASS,False
fine_buffered2_ff_1.8_125_25_0_3_trap,final_precharge,WL3,settled_max_v,0.00014468819661479033,,0.18000000000000002,PASS,False
fine_buffered2_ff_1.8_125_25_0_3_trap,final_precharge,WL3,settled_min_v,0.00014468707323831654,-0.18000000000000002,,PASS,False
fine_buffered2_ff_1.8_125_25_0_3_trap,final_precharge,N0,end_level_v,1.7999998805089974,1.62,1.9800000000000002,PASS,False
fine_buffered2_ff_1.8_125_25_0_3_trap,final_precharge,N1,end_level_v,1.79999987984428,1.62,1.9800000000000002,PASS,False
fine_buffered2_ff_1.8_125_25_0_3_trap,final_precharge,N2,end_level_v,1.7999637637529315,1.62,1.9800000000000002,PASS,False
fine_buffered2_ff_1.8_125_25_0_3_trap,final_precharge,N3,end_level_v,1.7994231444073263,1.62,1.9800000000000002,PASS,False
fine_buffered2_ff_1.8_125_25_0_3_gear025,prime,DEC0,upper_excursion_v,1.7999991038199736,,1.9800000000000002,PASS,False
fine_buffered2_ff_1.8_125_25_0_3_gear025,prime,DEC0,lower_excursion_v,-0.03079740301463983,-0.18000000000000002,,PASS,False
fine_buffered2_ff_1.8_125_25_0_3_gear025,prime,DEC0,end_level_v,1.7999991038076497,1.62,1.9800000000000002,PASS,False
fine_buffered2_ff_1.8_125_25_0_3_gear025,prime,DEC0,settled_min_v,1.7999990629523703,1.62,,PASS,False
fine_buffered2_ff_1.8_125_25_0_3_gear025,prime,DEC1,upper_excursion_v,0.003657984969065176,,1.9800000000000002,PASS,False
fine_buffered2_ff_1.8_125_25_0_3_gear025,prime,DEC1,lower_excursion_v,-0.00012735719445142873,-0.18000000000000002,,PASS,False
fine_buffered2_ff_1.8_125_25_0_3_gear025,prime,DEC1,end_level_v,6.611891186121543e-05,-0.18000000000000002,0.18000000000000002,PASS,False
fine_buffered2_ff_1.8_125_25_0_3_gear025,prime,DEC1,unselected_max_v,0.003657984969065176,,0.18000000000000002,PASS,False
fine_buffered2_ff_1.8_125_25_0_3_gear025,prime,DEC2,upper_excursion_v,0.003646313171953295,,1.9800000000000002,PASS,False
fine_buffered2_ff_1.8_125_25_0_3_gear025,prime,DEC2,lower_excursion_v,5.280841389252434e-05,-0.18000000000000002,,PASS,False
fine_buffered2_ff_1.8_125_25_0_3_gear025,prime,DEC2,end_level_v,6.128365543095987e-05,-0.18000000000000002,0.18000000000000002,PASS,False
fine_buffered2_ff_1.8_125_25_0_3_gear025,prime,DEC2,unselected_max_v,0.003646313171953295,,0.18000000000000002,PASS,False
fine_buffered2_ff_1.8_125_25_0_3_gear025,prime,DEC3,upper_excursion_v,0.0036468664555573296,,1.9800000000000002,PASS,False
fine_buffered2_ff_1.8_125_25_0_3_gear025,prime,DEC3,lower_excursion_v,5.1821186607915356e-05,-0.18000000000000002,,PASS,False
fine_buffered2_ff_1.8_125_25_0_3_gear025,prime,DEC3,end_level_v,6.160995880692632e-05,-0.18000000000000002,0.18000000000000002,PASS,False
fine_buffered2_ff_1.8_125_25_0_3_gear025,prime,DEC3,unselected_max_v,0.0036468664555573296,,0.18000000000000002,PASS,False
fine_buffered2_ff_1.8_125_25_0_3_gear025,prime,WL0,upper_excursion_v,1.7999993201189568,,1.9800000000000002,PASS,False
fine_buffered2_ff_1.8_125_25_0_3_gear025,prime,WL0,lower_excursion_v,-0.025774826509190215,-0.18000000000000002,,PASS,False
fine_buffered2_ff_1.8_125_25_0_3_gear025,prime,WL0,end_level_v,1.7999993201189568,1.62,1.9800000000000002,PASS,False
fine_buffered2_ff_1.8_125_25_0_3_gear025,prime,WL0,settled_min_v,1.7998615113786103,1.62,,PASS,False
fine_buffered2_ff_1.8_125_25_0_3_gear025,prime,WL1,upper_excursion_v,0.0001541849381207219,,1.9800000000000002,PASS,False
fine_buffered2_ff_1.8_125_25_0_3_gear025,prime,WL1,lower_excursion_v,0.00012867340778269728,-0.18000000000000002,,PASS,False
fine_buffered2_ff_1.8_125_25_0_3_gear025,prime,WL1,end_level_v,0.00014468705436261663,-0.18000000000000002,0.18000000000000002,PASS,False
fine_buffered2_ff_1.8_125_25_0_3_gear025,prime,WL1,unselected_max_v,0.0001541849381207219,,0.18000000000000002,PASS,False
fine_buffered2_ff_1.8_125_25_0_3_gear025,prime,WL2,upper_excursion_v,0.00015414775348729026,,1.9800000000000002,PASS,False
fine_buffered2_ff_1.8_125_25_0_3_gear025,prime,WL2,lower_excursion_v,0.00012986068632708352,-0.18000000000000002,,PASS,False
fine_buffered2_ff_1.8_125_25_0_3_gear025,prime,WL2,end_level_v,0.0001446870606221364,-0.18000000000000002,0.18000000000000002,PASS,False
fine_buffered2_ff_1.8_125_25_0_3_gear025,prime,WL2,unselected_max_v,0.00015414775348729026,,0.18000000000000002,PASS,False
fine_buffered2_ff_1.8_125_25_0_3_gear025,prime,WL3,upper_excursion_v,0.00015414949931010348,,1.9800000000000002,PASS,False
fine_buffered2_ff_1.8_125_25_0_3_gear025,prime,WL3,lower_excursion_v,0.0001298288033834303,-0.18000000000000002,,PASS,False
fine_buffered2_ff_1.8_125_25_0_3_gear025,prime,WL3,end_level_v,0.00014468706066669875,-0.18000000000000002,0.18000000000000002,PASS,False
fine_buffered2_ff_1.8_125_25_0_3_gear025,prime,WL3,unselected_max_v,0.00015414949931010348,,0.18000000000000002,PASS,False
fine_buffered2_ff_1.8_125_25_0_3_gear025,test,DEC0,upper_excursion_v,0.0036514032890082215,,1.9800000000000002,PASS,False
fine_buffered2_ff_1.8_125_25_0_3_gear025,test,DEC0,lower_excursion_v,5.0221843576442345e-06,-0.18000000000000002,,PASS,False
fine_buffered2_ff_1.8_125_25_0_3_gear025,test,DEC0,end_level_v,6.1535746678757e-05,-0.18000000000000002,0.18000000000000002,PASS,False
fine_buffered2_ff_1.8_125_25_0_3_gear025,test,DEC0,unselected_max_v,0.0036514032890082215,,0.18000000000000002,PASS,False
fine_buffered2_ff_1.8_125_25_0_3_gear025,test,DEC1,upper_excursion_v,0.003651370631148097,,1.9800000000000002,PASS,False
fine_buffered2_ff_1.8_125_25_0_3_gear025,test,DEC1,lower_excursion_v,9.162850841573796e-06,-0.18000000000000002,,PASS,False
fine_buffered2_ff_1.8_125_25_0_3_gear025,test,DEC1,end_level_v,6.128916979862693e-05,-0.18000000000000002,0.18000000000000002,PASS,False
fine_buffered2_ff_1.8_125_25_0_3_gear025,test,DEC1,unselected_max_v,0.003651370631148097,,0.18000000000000002,PASS,False
fine_buffered2_ff_1.8_125_25_0_3_gear025,test,DEC2,upper_excursion_v,0.0036490195442828686,,1.9800000000000002,PASS,False
fine_buffered2_ff_1.8_125_25_0_3_gear025,test,DEC2,lower_excursion_v,-0.00014080557255993775,-0.18000000000000002,,PASS,False
fine_buffered2_ff_1.8_125_25_0_3_gear025,test,DEC2,end_level_v,6.981111176345213e-05,-0.18000000000000002,0.18000000000000002,PASS,False
fine_buffered2_ff_1.8_125_25_0_3_gear025,test,DEC2,unselected_max_v,0.0036490195442828686,,0.18000000000000002,PASS,False
fine_buffered2_ff_1.8_125_25_0_3_gear025,test,DEC3,upper_excursion_v,1.799999103815086,,1.9800000000000002,PASS,False
fine_buffered2_ff_1.8_125_25_0_3_gear025,test,DEC3,lower_excursion_v,-0.03311682566978293,-0.18000000000000002,,PASS,False
fine_buffered2_ff_1.8_125_25_0_3_gear025,test,DEC3,end_level_v,1.799999103804352,1.62,1.9800000000000002,PASS,False
fine_buffered2_ff_1.8_125_25_0_3_gear025,test,DEC3,settled_min_v,1.7999990754790485,1.62,,PASS,False
fine_buffered2_ff_1.8_125_25_0_3_gear025,test,WL0,upper_excursion_v,0.00015415961092424987,,1.9800000000000002,PASS,False
fine_buffered2_ff_1.8_125_25_0_3_gear025,test,WL0,lower_excursion_v,0.00012932388493402648,-0.18000000000000002,,PASS,False
fine_buffered2_ff_1.8_125_25_0_3_gear025,test,WL0,end_level_v,0.0001446870608086024,-0.18000000000000002,0.18000000000000002,PASS,False
fine_buffered2_ff_1.8_125_25_0_3_gear025,test,WL0,unselected_max_v,0.00015415961092424987,,0.18000000000000002,PASS,False
fine_buffered2_ff_1.8_125_25_0_3_gear025,test,WL1,upper_excursion_v,0.00015415954141173287,,1.9800000000000002,PASS,False
fine_buffered2_ff_1.8_125_25_0_3_gear025,test,WL1,lower_excursion_v,0.00012932734103632845,-0.18000000000000002,,PASS,False
fine_buffered2_ff_1.8_125_25_0_3_gear025,test,WL1,end_level_v,0.00014468706062412769,-0.18000000000000002,0.18000000000000002,PASS,False
fine_buffered2_ff_1.8_125_25_0_3_gear025,test,WL1,unselected_max_v,0.00015415954141173287,,0.18000000000000002,PASS,False
fine_buffered2_ff_1.8_125_25_0_3_gear025,test,WL2,upper_excursion_v,0.00015413647628246407,,1.9800000000000002,PASS,False
fine_buffered2_ff_1.8_125_25_0_3_gear025,test,WL2,lower_excursion_v,0.00012840654548227685,-0.18000000000000002,,PASS,False
fine_buffered2_ff_1.8_125_25_0_3_gear025,test,WL2,end_level_v,0.00014468705151197094,-0.18000000000000002,0.18000000000000002,PASS,False
fine_buffered2_ff_1.8_125_25_0_3_gear025,test,WL2,unselected_max_v,0.00015413647628246407,,0.18000000000000002,PASS,False
fine_buffered2_ff_1.8_125_25_0_3_gear025,test,WL3,upper_excursion_v,1.7999993201189568,,1.9800000000000002,PASS,False
fine_buffered2_ff_1.8_125_25_0_3_gear025,test,WL3,lower_excursion_v,-0.025866208050824294,-0.18000000000000002,,PASS,False
fine_buffered2_ff_1.8_125_25_0_3_gear025,test,WL3,end_level_v,1.7999993201189568,1.62,1.9800000000000002,PASS,False
fine_buffered2_ff_1.8_125_25_0_3_gear025,test,WL3,settled_min_v,1.7998654405003305,1.62,,PASS,False
fine_buffered2_ff_1.8_125_25_0_3_gear025,recovery,DEC0,end_level_v,0.0001426721696904855,-0.18000000000000002,0.18000000000000002,PASS,False
fine_buffered2_ff_1.8_125_25_0_3_gear025,recovery,DEC0,settled_max_v,0.0005511162315155476,,0.18000000000000002,PASS,False
fine_buffered2_ff_1.8_125_25_0_3_gear025,recovery,DEC1,end_level_v,0.00014267216799807722,-0.18000000000000002,0.18000000000000002,PASS,False
fine_buffered2_ff_1.8_125_25_0_3_gear025,recovery,DEC1,settled_max_v,0.0005410897094156575,,0.18000000000000002,PASS,False
fine_buffered2_ff_1.8_125_25_0_3_gear025,recovery,DEC2,end_level_v,0.0001431562613501483,-0.18000000000000002,0.18000000000000002,PASS,False
fine_buffered2_ff_1.8_125_25_0_3_gear025,recovery,DEC2,settled_max_v,0.001613716115624721,,0.18000000000000002,PASS,False
fine_buffered2_ff_1.8_125_25_0_3_gear025,recovery,DEC3,end_level_v,0.00014364644298982265,-0.18000000000000002,0.18000000000000002,PASS,False
fine_buffered2_ff_1.8_125_25_0_3_gear025,recovery,DEC3,settled_max_v,0.0018607390286063327,,0.18000000000000002,PASS,False
fine_buffered2_ff_1.8_125_25_0_3_gear025,recovery,WL0,end_level_v,0.00014468707074325146,-0.18000000000000002,0.18000000000000002,PASS,False
fine_buffered2_ff_1.8_125_25_0_3_gear025,recovery,WL0,settled_max_v,0.00014677291439077678,,0.18000000000000002,PASS,False
fine_buffered2_ff_1.8_125_25_0_3_gear025,recovery,WL1,end_level_v,0.00014468707074382904,-0.18000000000000002,0.18000000000000002,PASS,False
fine_buffered2_ff_1.8_125_25_0_3_gear025,recovery,WL1,settled_max_v,0.00014669161192668647,,0.18000000000000002,PASS,False
fine_buffered2_ff_1.8_125_25_0_3_gear025,recovery,WL2,end_level_v,0.00014468707399971776,-0.18000000000000002,0.18000000000000002,PASS,False
fine_buffered2_ff_1.8_125_25_0_3_gear025,recovery,WL2,settled_max_v,0.00014855888377478138,,0.18000000000000002,PASS,False
fine_buffered2_ff_1.8_125_25_0_3_gear025,recovery,WL3,end_level_v,0.0001446870774054736,-0.18000000000000002,0.18000000000000002,PASS,False
fine_buffered2_ff_1.8_125_25_0_3_gear025,recovery,WL3,settled_max_v,0.00014892273844126645,,0.18000000000000002,PASS,False
fine_buffered2_ff_1.8_125_25_0_3_gear025,recovery,N0,end_level_v,1.7999999198498304,1.62,1.9800000000000002,PASS,False
fine_buffered2_ff_1.8_125_25_0_3_gear025,recovery,N1,end_level_v,1.799999920508686,1.62,1.9800000000000002,PASS,False
fine_buffered2_ff_1.8_125_25_0_3_gear025,recovery,N2,end_level_v,1.799774558736494,1.62,1.9800000000000002,PASS,False
fine_buffered2_ff_1.8_125_25_0_3_gear025,recovery,N3,end_level_v,1.7995401989527773,1.62,1.9800000000000002,PASS,False
fine_buffered2_ff_1.8_125_25_0_3_gear025,final_precharge,DEC0,settled_max_v,0.00014267316388570907,,0.18000000000000002,PASS,False
fine_buffered2_ff_1.8_125_25_0_3_gear025,final_precharge,DEC0,settled_min_v,0.00014267226424556726,-0.18000000000000002,,PASS,False
fine_buffered2_ff_1.8_125_25_0_3_gear025,final_precharge,DEC1,settled_max_v,0.00014267320438508582,,0.18000000000000002,PASS,False
fine_buffered2_ff_1.8_125_25_0_3_gear025,final_precharge,DEC1,settled_min_v,0.00014267226553135474,-0.18000000000000002,,PASS,False
fine_buffered2_ff_1.8_125_25_0_3_gear025,final_precharge,DEC2,settled_max_v,0.00014277028681409287,,0.18000000000000002,PASS,False
fine_buffered2_ff_1.8_125_25_0_3_gear025,final_precharge,DEC2,settled_min_v,0.0001427351860612408,-0.18000000000000002,,PASS,False
fine_buffered2_ff_1.8_125_25_0_3_gear025,final_precharge,DEC3,settled_max_v,0.00015855534884444438,,0.18000000000000002,PASS,False
fine_buffered2_ff_1.8_125_25_0_3_gear025,final_precharge,DEC3,settled_min_v,0.00014376869004066595,-0.18000000000000002,,PASS,False
fine_buffered2_ff_1.8_125_25_0_3_gear025,final_precharge,WL0,settled_max_v,0.00014468707088885398,,0.18000000000000002,PASS,False
fine_buffered2_ff_1.8_125_25_0_3_gear025,final_precharge,WL0,settled_min_v,0.00014468707074348814,-0.18000000000000002,,PASS,False
fine_buffered2_ff_1.8_125_25_0_3_gear025,final_precharge,WL1,settled_max_v,0.00014468707089401357,,0.18000000000000002,PASS,False
fine_buffered2_ff_1.8_125_25_0_3_gear025,final_precharge,WL1,settled_min_v,0.0001446870707436325,-0.18000000000000002,,PASS,False
fine_buffered2_ff_1.8_125_25_0_3_gear025,final_precharge,WL2,settled_max_v,0.00014468707124974884,,0.18000000000000002,PASS,False
fine_buffered2_ff_1.8_125_25_0_3_gear025,final_precharge,WL2,settled_min_v,0.00014468707078402592,-0.18000000000000002,,PASS,False
fine_buffered2_ff_1.8_125_25_0_3_gear025,final_precharge,WL3,settled_max_v,0.00014468819661496129,,0.18000000000000002,PASS,False
fine_buffered2_ff_1.8_125_25_0_3_gear025,final_precharge,WL3,settled_min_v,0.0001446870732394323,-0.18000000000000002,,PASS,False
fine_buffered2_ff_1.8_125_25_0_3_gear025,final_precharge,N0,end_level_v,1.7999998805089727,1.62,1.9800000000000002,PASS,False
fine_buffered2_ff_1.8_125_25_0_3_gear025,final_precharge,N1,end_level_v,1.7999998798442323,1.62,1.9800000000000002,PASS,False
fine_buffered2_ff_1.8_125_25_0_3_gear025,final_precharge,N2,end_level_v,1.7999637640281758,1.62,1.9800000000000002,PASS,False
fine_buffered2_ff_1.8_125_25_0_3_gear025,final_precharge,N3,end_level_v,1.7994231443924698,1.62,1.9800000000000002,PASS,False
fine_buffered2_ff_1.8_125_25_3_0_gear,prime,DEC0,upper_excursion_v,0.0036540168345126833,,1.9800000000000002,PASS,False
fine_buffered2_ff_1.8_125_25_3_0_gear,prime,DEC0,lower_excursion_v,1.3662635095202247e-05,-0.18000000000000002,,PASS,False
fine_buffered2_ff_1.8_125_25_3_0_gear,prime,DEC0,end_level_v,6.161270893217595e-05,-0.18000000000000002,0.18000000000000002,PASS,False
fine_buffered2_ff_1.8_125_25_3_0_gear,prime,DEC0,unselected_max_v,0.0036540168345126833,,0.18000000000000002,PASS,False
fine_buffered2_ff_1.8_125_25_3_0_gear,prime,DEC1,upper_excursion_v,0.003653400238790318,,1.9800000000000002,PASS,False
fine_buffered2_ff_1.8_125_25_3_0_gear,prime,DEC1,lower_excursion_v,2.381094706404934e-05,-0.18000000000000002,,PASS,False
fine_buffered2_ff_1.8_125_25_3_0_gear,prime,DEC1,end_level_v,6.128601896015954e-05,-0.18000000000000002,0.18000000000000002,PASS,False
fine_buffered2_ff_1.8_125_25_3_0_gear,prime,DEC1,unselected_max_v,0.003653400238790318,,0.18000000000000002,PASS,False
fine_buffered2_ff_1.8_125_25_3_0_gear,prime,DEC2,upper_excursion_v,0.0036512151873704045,,1.9800000000000002,PASS,False
fine_buffered2_ff_1.8_125_25_3_0_gear,prime,DEC2,lower_excursion_v,-0.0001156378818975845,-0.18000000000000002,,PASS,False
fine_buffered2_ff_1.8_125_25_3_0_gear,prime,DEC2,end_level_v,6.615737591358223e-05,-0.18000000000000002,0.18000000000000002,PASS,False
fine_buffered2_ff_1.8_125_25_3_0_gear,prime,DEC2,unselected_max_v,0.0036512151873704045,,0.18000000000000002,PASS,False
fine_buffered2_ff_1.8_125_25_3_0_gear,prime,DEC3,upper_excursion_v,1.799999103805826,,1.9800000000000002,PASS,False
fine_buffered2_ff_1.8_125_25_3_0_gear,prime,DEC3,lower_excursion_v,-0.033200471314764037,-0.18000000000000002,,PASS,False
fine_buffered2_ff_1.8_125_25_3_0_gear,prime,DEC3,end_level_v,1.7999991038038103,1.62,1.9800000000000002,PASS,False
fine_buffered2_ff_1.8_125_25_3_0_gear,prime,DEC3,settled_min_v,1.7999990755902329,1.62,,PASS,False
fine_buffered2_ff_1.8_125_25_3_0_gear,prime,WL0,upper_excursion_v,0.00015418046128884552,,1.9800000000000002,PASS,False
fine_buffered2_ff_1.8_125_25_3_0_gear,prime,WL0,lower_excursion_v,0.0001293138380110666,-0.18000000000000002,,PASS,False
fine_buffered2_ff_1.8_125_25_3_0_gear,prime,WL0,end_level_v,0.0001446870606656354,-0.18000000000000002,0.18000000000000002,PASS,False
fine_buffered2_ff_1.8_125_25_3_0_gear,prime,WL0,unselected_max_v,0.00015418046128884552,,0.18000000000000002,PASS,False
fine_buffered2_ff_1.8_125_25_3_0_gear,prime,WL1,upper_excursion_v,0.00015417864190076582,,1.9800000000000002,PASS,False
fine_buffered2_ff_1.8_125_25_3_0_gear,prime,WL1,lower_excursion_v,0.00012936276187236774,-0.18000000000000002,,PASS,False
fine_buffered2_ff_1.8_125_25_3_0_gear,prime,WL1,end_level_v,0.00014468706062286456,-0.18000000000000002,0.18000000000000002,PASS,False
fine_buffered2_ff_1.8_125_25_3_0_gear,prime,WL1,unselected_max_v,0.00015417864190076582,,0.18000000000000002,PASS,False
fine_buffered2_ff_1.8_125_25_3_0_gear,prime,WL2,upper_excursion_v,0.00015415432590215543,,1.9800000000000002,PASS,False
fine_buffered2_ff_1.8_125_25_3_0_gear,prime,WL2,lower_excursion_v,0.00012848653983456545,-0.18000000000000002,,PASS,False
fine_buffered2_ff_1.8_125_25_3_0_gear,prime,WL2,end_level_v,0.00014468705455662753,-0.18000000000000002,0.18000000000000002,PASS,False
fine_buffered2_ff_1.8_125_25_3_0_gear,prime,WL2,unselected_max_v,0.00015415432590215543,,0.18000000000000002,PASS,False
fine_buffered2_ff_1.8_125_25_3_0_gear,prime,WL3,upper_excursion_v,1.7999993201189926,,1.9800000000000002,PASS,False
fine_buffered2_ff_1.8_125_25_3_0_gear,prime,WL3,lower_excursion_v,-0.02584736340979415,-0.18000000000000002,,PASS,False
fine_buffered2_ff_1.8_125_25_3_0_gear,prime,WL3,end_level_v,1.7999993201189926,1.62,1.9800000000000002,PASS,False
fine_buffered2_ff_1.8_125_25_3_0_gear,prime,WL3,settled_min_v,1.7998660818658174,1.62,,PASS,False
fine_buffered2_ff_1.8_125_25_3_0_gear,test,DEC0,upper_excursion_v,1.7999991039020835,,1.9800000000000002,PASS,False
fine_buffered2_ff_1.8_125_25_3_0_gear,test,DEC0,lower_excursion_v,-0.030627587685759832,-0.18000000000000002,,PASS,False
fine_buffered2_ff_1.8_125_25_3_0_gear,test,DEC0,end_level_v,1.7999991038148349,1.62,1.9800000000000002,PASS,False
fine_buffered2_ff_1.8_125_25_3_0_gear,test,DEC0,settled_min_v,1.799999062767914,1.62,,PASS,False
fine_buffered2_ff_1.8_125_25_3_0_gear,test,DEC1,upper_excursion_v,0.0036596164978072764,,1.9800000000000002,PASS,False
fine_buffered2_ff_1.8_125_25_3_0_gear,test,DEC1,lower_excursion_v,-0.00015435227830573606,-0.18000000000000002,,PASS,False
fine_buffered2_ff_1.8_125_25_3_0_gear,test,DEC1,end_level_v,7.019580751839448e-05,-0.18000000000000002,0.18000000000000002,PASS,False
fine_buffered2_ff_1.8_125_25_3_0_gear,test,DEC1,unselected_max_v,0.0036596164978072764,,0.18000000000000002,PASS,False
fine_buffered2_ff_1.8_125_25_3_0_gear,test,DEC2,upper_excursion_v,0.0036480923436054105,,1.9800000000000002,PASS,False
fine_buffered2_ff_1.8_125_25_3_0_gear,test,DEC2,lower_excursion_v,5.279397579660174e-05,-0.18000000000000002,,PASS,False
fine_buffered2_ff_1.8_125_25_3_0_gear,test,DEC2,end_level_v,6.128042632178222e-05,-0.18000000000000002,0.18000000000000002,PASS,False
fine_buffered2_ff_1.8_125_25_3_0_gear,test,DEC2,unselected_max_v,0.0036480923436054105,,0.18000000000000002,PASS,False
fine_buffered2_ff_1.8_125_25_3_0_gear,test,DEC3,upper_excursion_v,0.003648111548139102,,1.9800000000000002,PASS,False
fine_buffered2_ff_1.8_125_25_3_0_gear,test,DEC3,lower_excursion_v,5.194011960651086e-05,-0.18000000000000002,,PASS,False
fine_buffered2_ff_1.8_125_25_3_0_gear,test,DEC3,end_level_v,6.152718507423373e-05,-0.18000000000000002,0.18000000000000002,PASS,False
fine_buffered2_ff_1.8_125_25_3_0_gear,test,DEC3,unselected_max_v,0.003648111548139102,,0.18000000000000002,PASS,False
fine_buffered2_ff_1.8_125_25_3_0_gear,test,WL0,upper_excursion_v,1.7999993201189928,,1.9800000000000002,PASS,False
fine_buffered2_ff_1.8_125_25_3_0_gear,test,WL0,lower_excursion_v,-0.02575697679298696,-0.18000000000000002,,PASS,False
fine_buffered2_ff_1.8_125_25_3_0_gear,test,WL0,end_level_v,1.7999993201189928,1.62,1.9800000000000002,PASS,False
fine_buffered2_ff_1.8_125_25_3_0_gear,test,WL0,settled_min_v,1.7998607057151073,1.62,,PASS,False
fine_buffered2_ff_1.8_125_25_3_0_gear,test,WL1,upper_excursion_v,0.00015420066843663805,,1.9800000000000002,PASS,False
fine_buffered2_ff_1.8_125_25_3_0_gear,test,WL1,lower_excursion_v,0.00012853164599096196,-0.18000000000000002,,PASS,False
fine_buffered2_ff_1.8_125_25_3_0_gear,test,WL1,end_level_v,0.00014468705090021845,-0.18000000000000002,0.18000000000000002,PASS,False
fine_buffered2_ff_1.8_125_25_3_0_gear,test,WL1,unselected_max_v,0.00015420066843663805,,0.18000000000000002,PASS,False
fine_buffered2_ff_1.8_125_25_3_0_gear,test,WL2,upper_excursion_v,0.00015416335585202777,,1.9800000000000002,PASS,False
fine_buffered2_ff_1.8_125_25_3_0_gear,test,WL2,lower_excursion_v,0.00012975071875806924,-0.18000000000000002,,PASS,False
fine_buffered2_ff_1.8_125_25_3_0_gear,test,WL2,end_level_v,0.00014468706062209654,-0.18000000000000002,0.18000000000000002,PASS,False
fine_buffered2_ff_1.8_125_25_3_0_gear,test,WL2,unselected_max_v,0.00015416335585202777,,0.18000000000000002,PASS,False
fine_buffered2_ff_1.8_125_25_3_0_gear,test,WL3,upper_excursion_v,0.0001541633797050046,,1.9800000000000002,PASS,False
fine_buffered2_ff_1.8_125_25_3_0_gear,test,WL3,lower_excursion_v,0.0001297470882063746,-0.18000000000000002,,PASS,False
fine_buffered2_ff_1.8_125_25_3_0_gear,test,WL3,end_level_v,0.00014468706080751018,-0.18000000000000002,0.18000000000000002,PASS,False
fine_buffered2_ff_1.8_125_25_3_0_gear,test,WL3,unselected_max_v,0.0001541633797050046,,0.18000000000000002,PASS,False
fine_buffered2_ff_1.8_125_25_3_0_gear,recovery,DEC0,end_level_v,0.0001437353191652746,-0.18000000000000002,0.18000000000000002,PASS,False
fine_buffered2_ff_1.8_125_25_3_0_gear,recovery,DEC0,settled_max_v,0.0007327616045870897,,0.18000000000000002,PASS,False
fine_buffered2_ff_1.8_125_25_3_0_gear,recovery,DEC1,end_level_v,0.00014322054112952953,-0.18000000000000002,0.18000000000000002,PASS,False
fine_buffered2_ff_1.8_125_25_3_0_gear,recovery,DEC1,settled_max_v,0.0007111834028786185,,0.18000000000000002,PASS,False
fine_buffered2_ff_1.8_125_25_3_0_gear,recovery,DEC2,end_level_v,0.0001426722357409242,-0.18000000000000002,0.18000000000000002,PASS,False
fine_buffered2_ff_1.8_125_25_3_0_gear,recovery,DEC2,settled_max_v,0.0009469599413311927,,0.18000000000000002,PASS,False
fine_buffered2_ff_1.8_125_25_3_0_gear,recovery,DEC3,end_level_v,0.00014267223768708252,-0.18000000000000002,0.18000000000000002,PASS,False
fine_buffered2_ff_1.8_125_25_3_0_gear,recovery,DEC3,settled_max_v,0.0009663173969297081,,0.18000000000000002,PASS,False
fine_buffered2_ff_1.8_125_25_3_0_gear,recovery,WL0,end_level_v,0.00014468707935207762,-0.18000000000000002,0.18000000000000002,PASS,False
fine_buffered2_ff_1.8_125_25_3_0_gear,recovery,WL0,settled_max_v,0.00014719940779259105,,0.18000000000000002,PASS,False
fine_buffered2_ff_1.8_125_25_3_0_gear,recovery,WL1,end_level_v,0.00014468707511033752,-0.18000000000000002,0.18000000000000002,PASS,False
fine_buffered2_ff_1.8_125_25_3_0_gear,recovery,WL1,settled_max_v,0.00014711058622726296,,0.18000000000000002,PASS,False
fine_buffered2_ff_1.8_125_25_3_0_gear,recovery,WL2,end_level_v,0.000144687070743938,-0.18000000000000002,0.18000000000000002,PASS,False
fine_buffered2_ff_1.8_125_25_3_0_gear,recovery,WL2,settled_max_v,0.00015160109099620264,,0.18000000000000002,PASS,False
fine_buffered2_ff_1.8_125_25_3_0_gear,recovery,WL3,end_level_v,0.0001446870707439964,-0.18000000000000002,0.18000000000000002,PASS,False
fine_buffered2_ff_1.8_125_25_3_0_gear,recovery,WL3,settled_max_v,0.00015165319624863376,,0.18000000000000002,PASS,False
fine_buffered2_ff_1.8_125_25_3_0_gear,recovery,N0,end_level_v,1.799509050300216,1.62,1.9800000000000002,PASS,False
fine_buffered2_ff_1.8_125_25_3_0_gear,recovery,N1,end_level_v,1.7997505528233664,1.62,1.9800000000000002,PASS,False
fine_buffered2_ff_1.8_125_25_3_0_gear,recovery,N2,end_level_v,1.79999989257508,1.62,1.9800000000000002,PASS,False
fine_buffered2_ff_1.8_125_25_3_0_gear,recovery,N3,end_level_v,1.7999998917626956,1.62,1.9800000000000002,PASS,False
fine_buffered2_ff_1.8_125_25_3_0_gear,final_precharge,DEC0,settled_max_v,0.00015729444485599169,,0.18000000000000002,PASS,False
fine_buffered2_ff_1.8_125_25_3_0_gear,final_precharge,DEC0,settled_min_v,0.00014375354753752697,-0.18000000000000002,,PASS,False
fine_buffered2_ff_1.8_125_25_3_0_gear,final_precharge,DEC1,settled_max_v,0.00014278420975207147,,0.18000000000000002,PASS,False
fine_buffered2_ff_1.8_125_25_3_0_gear,final_precharge,DEC1,settled_min_v,0.00014273566678180832,-0.18000000000000002,,PASS,False
fine_buffered2_ff_1.8_125_25_3_0_gear,final_precharge,DEC2,settled_max_v,0.0001426723358714826,,0.18000000000000002,PASS,False
fine_buffered2_ff_1.8_125_25_3_0_gear,final_precharge,DEC2,settled_min_v,0.00014267225911389407,-0.18000000000000002,,PASS,False
fine_buffered2_ff_1.8_125_25_3_0_gear,final_precharge,DEC3,settled_max_v,0.0001426723076867745,,0.18000000000000002,PASS,False
fine_buffered2_ff_1.8_125_25_3_0_gear,final_precharge,DEC3,settled_min_v,0.00014267225784785038,-0.18000000000000002,,PASS,False
fine_buffered2_ff_1.8_125_25_3_0_gear,final_precharge,WL0,settled_max_v,0.00014468806977056025,,0.18000000000000002,PASS,False
fine_buffered2_ff_1.8_125_25_3_0_gear,final_precharge,WL0,settled_min_v,0.00014468707317010407,-0.18000000000000002,,PASS,False
fine_buffered2_ff_1.8_125_25_3_0_gear,final_precharge,WL1,settled_max_v,0.00014468707837945704,,0.18000000000000002,PASS,False
fine_buffered2_ff_1.8_125_25_3_0_gear,final_precharge,WL1,settled_min_v,0.0001446870707856937,-0.18000000000000002,,PASS,False
fine_buffered2_ff_1.8_125_25_3_0_gear,final_precharge,WL2,settled_max_v,0.00014468707074589935,,0.18000000000000002,PASS,False
fine_buffered2_ff_1.8_125_25_3_0_gear,final_precharge,WL2,settled_min_v,0.0001446870706826187,-0.18000000000000002,,PASS,False
fine_buffered2_ff_1.8_125_25_3_0_gear,final_precharge,WL3,settled_max_v,0.0001446870707455446,,0.18000000000000002,PASS,False
fine_buffered2_ff_1.8_125_25_3_0_gear,final_precharge,WL3,settled_min_v,0.00014468707067967455,-0.18000000000000002,,PASS,False
fine_buffered2_ff_1.8_125_25_3_0_gear,final_precharge,N0,end_level_v,1.799430349237239,1.62,1.9800000000000002,PASS,False
fine_buffered2_ff_1.8_125_25_3_0_gear,final_precharge,N1,end_level_v,1.7999635073915168,1.62,1.9800000000000002,PASS,False
fine_buffered2_ff_1.8_125_25_3_0_gear,final_precharge,N2,end_level_v,1.7999998828816648,1.62,1.9800000000000002,PASS,False
fine_buffered2_ff_1.8_125_25_3_0_gear,final_precharge,N3,end_level_v,1.7999998835365782,1.62,1.9800000000000002,PASS,False
fine_buffered2_ff_1.8_125_25_3_0_trap,prime,DEC0,upper_excursion_v,0.003652193364075681,,1.9800000000000002,PASS,False
fine_buffered2_ff_1.8_125_25_3_0_trap,prime,DEC0,lower_excursion_v,1.8457957629465502e-05,-0.18000000000000002,,PASS,False
fine_buffered2_ff_1.8_125_25_3_0_trap,prime,DEC0,end_level_v,6.161566392751293e-05,-0.18000000000000002,0.18000000000000002,PASS,False
fine_buffered2_ff_1.8_125_25_3_0_trap,prime,DEC0,unselected_max_v,0.003652193364075681,,0.18000000000000002,PASS,False
fine_buffered2_ff_1.8_125_25_3_0_trap,prime,DEC1,upper_excursion_v,0.0036515761518565327,,1.9800000000000002,PASS,False
fine_buffered2_ff_1.8_125_25_3_0_trap,prime,DEC1,lower_excursion_v,2.8555349308106623e-05,-0.18000000000000002,,PASS,False
fine_buffered2_ff_1.8_125_25_3_0_trap,prime,DEC1,end_level_v,6.128896346431453e-05,-0.18000000000000002,0.18000000000000002,PASS,False
fine_buffered2_ff_1.8_125_25_3_0_trap,prime,DEC1,unselected_max_v,0.0036515761518565327,,0.18000000000000002,PASS,False
fine_buffered2_ff_1.8_125_25_3_0_trap,prime,DEC2,upper_excursion_v,0.003649394357150112,,1.9800000000000002,PASS,False
fine_buffered2_ff_1.8_125_25_3_0_trap,prime,DEC2,lower_excursion_v,-0.00010743983323865947,-0.18000000000000002,,PASS,False
fine_buffered2_ff_1.8_125_25_3_0_trap,prime,DEC2,end_level_v,6.616061042919591e-05,-0.18000000000000002,0.18000000000000002,PASS,False
fine_buffered2_ff_1.8_125_25_3_0_trap,prime,DEC2,unselected_max_v,0.003649394357150112,,0.18000000000000002,PASS,False
fine_buffered2_ff_1.8_125_25_3_0_trap,prime,DEC3,upper_excursion_v,1.7999991038058227,,1.9800000000000002,PASS,False
fine_buffered2_ff_1.8_125_25_3_0_trap,prime,DEC3,lower_excursion_v,-0.033194538583404744,-0.18000000000000002,,PASS,False
fine_buffered2_ff_1.8_125_25_3_0_trap,prime,DEC3,end_level_v,1.7999991038038132,1.62,1.9800000000000002,PASS,False
fine_buffered2_ff_1.8_125_25_3_0_trap,prime,DEC3,settled_min_v,1.7999990755047142,1.62,,PASS,False
fine_buffered2_ff_1.8_125_25_3_0_trap,prime,WL0,upper_excursion_v,0.00015416346024021505,,1.9800000000000002,PASS,False
fine_buffered2_ff_1.8_125_25_3_0_trap,prime,WL0,lower_excursion_v,0.00012934986195984149,-0.18000000000000002,,PASS,False
fine_buffered2_ff_1.8_125_25_3_0_trap,prime,WL0,end_level_v,0.00014468706066631724,-0.18000000000000002,0.18000000000000002,PASS,False
fine_buffered2_ff_1.8_125_25_3_0_trap,prime,WL0,unselected_max_v,0.00015416346024021505,,0.18000000000000002,PASS,False
fine_buffered2_ff_1.8_125_25_3_0_trap,prime,WL1,upper_excursion_v,0.0001541616309389673,,1.9800000000000002,PASS,False
fine_buffered2_ff_1.8_125_25_3_0_trap,prime,WL1,lower_excursion_v,0.00012939999494065508,-0.18000000000000002,,PASS,False
fine_buffered2_ff_1.8_125_25_3_0_trap,prime,WL1,end_level_v,0.00014468706062376673,-0.18000000000000002,0.18000000000000002,PASS,False
fine_buffered2_ff_1.8_125_25_3_0_trap,prime,WL1,unselected_max_v,0.0001541616309389673,,0.18000000000000002,PASS,False
fine_buffered2_ff_1.8_125_25_3_0_trap,prime,WL2,upper_excursion_v,0.0001541374824217207,,1.9800000000000002,PASS,False
fine_buffered2_ff_1.8_125_25_3_0_trap,prime,WL2,lower_excursion_v,0.00012853848989306747,-0.18000000000000002,,PASS,False
fine_buffered2_ff_1.8_125_25_3_0_trap,prime,WL2,end_level_v,0.00014468705455656142,-0.18000000000000002,0.18000000000000002,PASS,False
fine_buffered2_ff_1.8_125_25_3_0_trap,prime,WL2,unselected_max_v,0.0001541374824217207,,0.18000000000000002,PASS,False
fine_buffered2_ff_1.8_125_25_3_0_trap,prime,WL3,upper_excursion_v,1.799999320119045,,1.9800000000000002,PASS,False
fine_buffered2_ff_1.8_125_25_3_0_trap,prime,WL3,lower_excursion_v,-0.025867030844670593,-0.18000000000000002,,PASS,False
fine_buffered2_ff_1.8_125_25_3_0_trap,prime,WL3,end_level_v,1.799999320119045,1.62,1.9800000000000002,PASS,False
fine_buffered2_ff_1.8_125_25_3_0_trap,prime,WL3,settled_min_v,1.799866077461939,1.62,,PASS,False
fine_buffered2_ff_1.8_125_25_3_0_trap,test,DEC0,upper_excursion_v,1.7999991039020964,,1.9800000000000002,PASS,False
fine_buffered2_ff_1.8_125_25_3_0_trap,test,DEC0,lower_excursion_v,-0.03061984455058727,-0.18000000000000002,,PASS,False
fine_buffered2_ff_1.8_125_25_3_0_trap,test,DEC0,end_level_v,1.799999103814823,1.62,1.9800000000000002,PASS,False
fine_buffered2_ff_1.8_125_25_3_0_trap,test,DEC0,settled_min_v,1.7999990627674975,1.62,,PASS,False
fine_buffered2_ff_1.8_125_25_3_0_trap,test,DEC1,upper_excursion_v,0.003657796309654081,,1.9800000000000002,PASS,False
fine_buffered2_ff_1.8_125_25_3_0_trap,test,DEC1,lower_excursion_v,-0.00014833908414404323,-0.18000000000000002,,PASS,False
fine_buffered2_ff_1.8_125_25_3_0_trap,test,DEC1,end_level_v,7.019835104362519e-05,-0.18000000000000002,0.18000000000000002,PASS,False
fine_buffered2_ff_1.8_125_25_3_0_trap,test,DEC1,unselected_max_v,0.003657796309654081,,0.18000000000000002,PASS,False
fine_buffered2_ff_1.8_125_25_3_0_trap,test,DEC2,upper_excursion_v,0.003646294914467173,,1.9800000000000002,PASS,False
fine_buffered2_ff_1.8_125_25_3_0_trap,test,DEC2,lower_excursion_v,5.281268414628475e-05,-0.18000000000000002,,PASS,False
fine_buffered2_ff_1.8_125_25_3_0_trap,test,DEC2,end_level_v,6.128316168608805e-05,-0.18000000000000002,0.18000000000000002,PASS,False
fine_buffered2_ff_1.8_125_25_3_0_trap,test,DEC2,unselected_max_v,0.003646294914467173,,0.18000000000000002,PASS,False
fine_buffered2_ff_1.8_125_25_3_0_trap,test,DEC3,upper_excursion_v,0.00364631414797093,,1.9800000000000002,PASS,False
fine_buffered2_ff_1.8_125_25_3_0_trap,test,DEC3,lower_excursion_v,5.195301197816196e-05,-0.18000000000000002,,PASS,False
fine_buffered2_ff_1.8_125_25_3_0_trap,test,DEC3,end_level_v,6.152991133714229e-05,-0.18000000000000002,0.18000000000000002,PASS,False
fine_buffered2_ff_1.8_125_25_3_0_trap,test,DEC3,unselected_max_v,0.00364631414797093,,0.18000000000000002,PASS,False
fine_buffered2_ff_1.8_125_25_3_0_trap,test,WL0,upper_excursion_v,1.7999993201190967,,1.9800000000000002,PASS,False
fine_buffered2_ff_1.8_125_25_3_0_trap,test,WL0,lower_excursion_v,-0.0257706862141407,-0.18000000000000002,,PASS,False
fine_buffered2_ff_1.8_125_25_3_0_trap,test,WL0,end_level_v,1.7999993201190967,1.62,1.9800000000000002,PASS,False
fine_buffered2_ff_1.8_125_25_3_0_trap,test,WL0,settled_min_v,1.7998607003458682,1.62,,PASS,False
fine_buffered2_ff_1.8_125_25_3_0_trap,test,WL1,upper_excursion_v,0.00015418399116473412,,1.9800000000000002,PASS,False
fine_buffered2_ff_1.8_125_25_3_0_trap,test,WL1,lower_excursion_v,0.0001286028678299747,-0.18000000000000002,,PASS,False
fine_buffered2_ff_1.8_125_25_3_0_trap,test,WL1,end_level_v,0.00014468705090023062,-0.18000000000000002,0.18000000000000002,PASS,False
fine_buffered2_ff_1.8_125_25_3_0_trap,test,WL1,unselected_max_v,0.00015418399116473412,,0.18000000000000002,PASS,False
fine_buffered2_ff_1.8_125_25_3_0_trap,test,WL2,upper_excursion_v,0.00015414724883158773,,1.9800000000000002,PASS,False
fine_buffered2_ff_1.8_125_25_3_0_trap,test,WL2,lower_excursion_v,0.0001297991625138523,-0.18000000000000002,,PASS,False
fine_buffered2_ff_1.8_125_25_3_0_trap,test,WL2,end_level_v,0.00014468706062346903,-0.18000000000000002,0.18000000000000002,PASS,False
fine_buffered2_ff_1.8_125_25_3_0_trap,test,WL2,unselected_max_v,0.00015414724883158773,,0.18000000000000002,PASS,False
fine_buffered2_ff_1.8_125_25_3_0_trap,test,WL3,upper_excursion_v,0.00015414727708876753,,1.9800000000000002,PASS,False
fine_buffered2_ff_1.8_125_25_3_0_trap,test,WL3,lower_excursion_v,0.0001297968478722154,-0.18000000000000002,,PASS,False
fine_buffered2_ff_1.8_125_25_3_0_trap,test,WL3,end_level_v,0.00014468706080808562,-0.18000000000000002,0.18000000000000002,PASS,False
fine_buffered2_ff_1.8_125_25_3_0_trap,test,WL3,unselected_max_v,0.00015414727708876753,,0.18000000000000002,PASS,False
fine_buffered2_ff_1.8_125_25_3_0_trap,recovery,DEC0,end_level_v,0.0001437353222405504,-0.18000000000000002,0.18000000000000002,PASS,False
fine_buffered2_ff_1.8_125_25_3_0_trap,recovery,DEC0,settled_max_v,0.0007315697361378258,,0.18000000000000002,PASS,False
fine_buffered2_ff_1.8_125_25_3_0_trap,recovery,DEC1,end_level_v,0.00014322054313623683,-0.18000000000000002,0.18000000000000002,PASS,False
fine_buffered2_ff_1.8_125_25_3_0_trap,recovery,DEC1,settled_max_v,0.0007099474577849632,,0.18000000000000002,PASS,False
fine_buffered2_ff_1.8_125_25_3_0_trap,recovery,DEC2,end_level_v,0.00014267223574275094,-0.18000000000000002,0.18000000000000002,PASS,False
fine_buffered2_ff_1.8_125_25_3_0_trap,recovery,DEC2,settled_max_v,0.0009464359915913535,,0.18000000000000002,PASS,False
fine_buffered2_ff_1.8_125_25_3_0_trap,recovery,DEC3,end_level_v,0.0001426722376882393,-0.18000000000000002,0.18000000000000002,PASS,False
fine_buffered2_ff_1.8_125_25_3_0_trap,recovery,DEC3,settled_max_v,0.000965871486673891,,0.18000000000000002,PASS,False
fine_buffered2_ff_1.8_125_25_3_0_trap,recovery,WL0,end_level_v,0.00014468707935251984,-0.18000000000000002,0.18000000000000002,PASS,False
fine_buffered2_ff_1.8_125_25_3_0_trap,recovery,WL0,settled_max_v,0.0001471993845111226,,0.18000000000000002,PASS,False
fine_buffered2_ff_1.8_125_25_3_0_trap,recovery,WL1,end_level_v,0.00014468707511003612,-0.18000000000000002,0.18000000000000002,PASS,False
fine_buffered2_ff_1.8_125_25_3_0_trap,recovery,WL1,settled_max_v,0.00014711126137012404,,0.18000000000000002,PASS,False
fine_buffered2_ff_1.8_125_25_3_0_trap,recovery,WL2,end_level_v,0.00014468707074243825,-0.18000000000000002,0.18000000000000002,PASS,False
fine_buffered2_ff_1.8_125_25_3_0_trap,recovery,WL2,settled_max_v,0.0001516012933910847,,0.18000000000000002,PASS,False
fine_buffered2_ff_1.8_125_25_3_0_trap,recovery,WL3,end_level_v,0.00014468707074426925,-0.18000000000000002,0.18000000000000002,PASS,False
fine_buffered2_ff_1.8_125_25_3_0_trap,recovery,WL3,settled_max_v,0.00015165058114973811,,0.18000000000000002,PASS,False
fine_buffered2_ff_1.8_125_25_3_0_trap,recovery,N0,end_level_v,1.7995090492239998,1.62,1.9800000000000002,PASS,False
fine_buffered2_ff_1.8_125_25_3_0_trap,recovery,N1,end_level_v,1.7997505520867476,1.62,1.9800000000000002,PASS,False
fine_buffered2_ff_1.8_125_25_3_0_trap,recovery,N2,end_level_v,1.799999892575125,1.62,1.9800000000000002,PASS,False
fine_buffered2_ff_1.8_125_25_3_0_trap,recovery,N3,end_level_v,1.7999998917627278,1.62,1.9800000000000002,PASS,False
fine_buffered2_ff_1.8_125_25_3_0_trap,final_precharge,DEC0,settled_max_v,0.00015729463976986403,,0.18000000000000002,PASS,False
fine_buffered2_ff_1.8_125_25_3_0_trap,final_precharge,DEC0,settled_min_v,0.00014375354918939965,-0.18000000000000002,,PASS,False
fine_buffered2_ff_1.8_125_25_3_0_trap,final_precharge,DEC1,settled_max_v,0.00014278421126738734,,0.18000000000000002,PASS,False
fine_buffered2_ff_1.8_125_25_3_0_trap,final_precharge,DEC1,settled_min_v,0.00014273566711377542,-0.18000000000000002,,PASS,False
fine_buffered2_ff_1.8_125_25_3_0_trap,final_precharge,DEC2,settled_max_v,0.00014267233587053128,,0.18000000000000002,PASS,False
fine_buffered2_ff_1.8_125_25_3_0_trap,final_precharge,DEC2,settled_min_v,0.00014267225911255874,-0.18000000000000002,,PASS,False
fine_buffered2_ff_1.8_125_25_3_0_trap,final_precharge,DEC3,settled_max_v,0.00014267230768514211,,0.18000000000000002,PASS,False
fine_buffered2_ff_1.8_125_25_3_0_trap,final_precharge,DEC3,settled_min_v,0.00014267225784957784,-0.18000000000000002,,PASS,False
fine_buffered2_ff_1.8_125_25_3_0_trap,final_precharge,WL0,settled_max_v,0.00014468806982940942,,0.18000000000000002,PASS,False
fine_buffered2_ff_1.8_125_25_3_0_trap,final_precharge,WL0,settled_min_v,0.00014468707317052604,-0.18000000000000002,,PASS,False
fine_buffered2_ff_1.8_125_25_3_0_trap,final_precharge,WL1,settled_max_v,0.00014468707838005584,,0.18000000000000002,PASS,False
fine_buffered2_ff_1.8_125_25_3_0_trap,final_precharge,WL1,settled_min_v,0.00014468707078375595,-0.18000000000000002,,PASS,False
fine_buffered2_ff_1.8_125_25_3_0_trap,final_precharge,WL2,settled_max_v,0.00014468707074713472,,0.18000000000000002,PASS,False
fine_buffered2_ff_1.8_125_25_3_0_trap,final_precharge,WL2,settled_min_v,0.0001446870706826382,-0.18000000000000002,,PASS,False
fine_buffered2_ff_1.8_125_25_3_0_trap,final_precharge,WL3,settled_max_v,0.0001446870707456835,,0.18000000000000002,PASS,False
fine_buffered2_ff_1.8_125_25_3_0_trap,final_precharge,WL3,settled_min_v,0.0001446870706787946,-0.18000000000000002,,PASS,False
fine_buffered2_ff_1.8_125_25_3_0_trap,final_precharge,N0,end_level_v,1.7994303484619798,1.62,1.9800000000000002,PASS,False
fine_buffered2_ff_1.8_125_25_3_0_trap,final_precharge,N1,end_level_v,1.7999635072107933,1.62,1.9800000000000002,PASS,False
fine_buffered2_ff_1.8_125_25_3_0_trap,final_precharge,N2,end_level_v,1.799999882881669,1.62,1.9800000000000002,PASS,False
fine_buffered2_ff_1.8_125_25_3_0_trap,final_precharge,N3,end_level_v,1.7999998835365887,1.62,1.9800000000000002,PASS,False
fine_buffered2_fs_1.8_-40_25_0_3_gear,prime,DEC0,upper_excursion_v,1.7999999967783227,,1.9800000000000002,PASS,False
fine_buffered2_fs_1.8_-40_25_0_3_gear,prime,DEC0,lower_excursion_v,-0.05174047278121086,-0.18000000000000002,,PASS,False
fine_buffered2_fs_1.8_-40_25_0_3_gear,prime,DEC0,end_level_v,1.799999996772927,1.62,1.9800000000000002,PASS,False
fine_buffered2_fs_1.8_-40_25_0_3_gear,prime,DEC0,settled_min_v,1.7999999461749854,1.62,,PASS,False
fine_buffered2_fs_1.8_-40_25_0_3_gear,prime,DEC1,upper_excursion_v,0.002506642860909756,,1.9800000000000002,PASS,False
fine_buffered2_fs_1.8_-40_25_0_3_gear,prime,DEC1,lower_excursion_v,-0.0001891927023192734,-0.18000000000000002,,PASS,False
fine_buffered2_fs_1.8_-40_25_0_3_gear,prime,DEC1,end_level_v,-5.819233963484661e-07,-0.18000000000000002,0.18000000000000002,PASS,False
fine_buffered2_fs_1.8_-40_25_0_3_gear,prime,DEC1,unselected_max_v,0.002506642860909756,,0.18000000000000002,PASS,False
fine_buffered2_fs_1.8_-40_25_0_3_gear,prime,DEC2,upper_excursion_v,0.0024997113920495304,,1.9800000000000002,PASS,False
fine_buffered2_fs_1.8_-40_25_0_3_gear,prime,DEC2,lower_excursion_v,-1.5478420353483687e-05,-0.18000000000000002,,PASS,False
fine_buffered2_fs_1.8_-40_25_0_3_gear,prime,DEC2,end_level_v,1.4598014201568522e-09,-0.18000000000000002,0.18000000000000002,PASS,False
fine_buffered2_fs_1.8_-40_25_0_3_gear,prime,DEC2,unselected_max_v,0.0024997113920495304,,0.18000000000000002,PASS,False
fine_buffered2_fs_1.8_-40_25_0_3_gear,prime,DEC3,upper_excursion_v,0.0024997121143990335,,1.9800000000000002,PASS,False
fine_buffered2_fs_1.8_-40_25_0_3_gear,prime,DEC3,lower_excursion_v,-1.4520104323641051e-05,-0.18000000000000002,,PASS,False
fine_buffered2_fs_1.8_-40_25_0_3_gear,prime,DEC3,end_level_v,1.4599741173963332e-09,-0.18000000000000002,0.18000000000000002,PASS,False
fine_buffered2_fs_1.8_-40_25_0_3_gear,prime,DEC3,unselected_max_v,0.0024997121143990335,,0.18000000000000002,PASS,False
fine_buffered2_fs_1.8_-40_25_0_3_gear,prime,WL0,upper_excursion_v,1.7999999917721035,,1.9800000000000002,PASS,False
fine_buffered2_fs_1.8_-40_25_0_3_gear,prime,WL0,lower_excursion_v,-0.03377120729315723,-0.18000000000000002,,PASS,False
fine_buffered2_fs_1.8_-40_25_0_3_gear,prime,WL0,end_level_v,1.7999999917721035,1.62,1.9800000000000002,PASS,False
fine_buffered2_fs_1.8_-40_25_0_3_gear,prime,WL0,settled_min_v,1.7997374176378742,1.62,,PASS,False
fine_buffered2_fs_1.8_-40_25_0_3_gear,prime,WL1,upper_excursion_v,5.102121779733123e-06,,1.9800000000000002,PASS,False
fine_buffered2_fs_1.8_-40_25_0_3_gear,prime,WL1,lower_excursion_v,-8.523406590715641e-06,-0.18000000000000002,,PASS,False
fine_buffered2_fs_1.8_-40_25_0_3_gear,prime,WL1,end_level_v,1.8627551864207605e-08,-0.18000000000000002,0.18000000000000002,PASS,False
fine_buffered2_fs_1.8_-40_25_0_3_gear,prime,WL1,unselected_max_v,5.102121779733123e-06,,0.18000000000000002,PASS,False
fine_buffered2_fs_1.8_-40_25_0_3_gear,prime,WL2,upper_excursion_v,5.087290321705156e-06,,1.9800000000000002,PASS,False
fine_buffered2_fs_1.8_-40_25_0_3_gear,prime,WL2,lower_excursion_v,-8.092952161775404e-06,-0.18000000000000002,,PASS,False
fine_buffered2_fs_1.8_-40_25_0_3_gear,prime,WL2,end_level_v,1.8627596539748482e-08,-0.18000000000000002,0.18000000000000002,PASS,False
fine_buffered2_fs_1.8_-40_25_0_3_gear,prime,WL2,unselected_max_v,5.087290321705156e-06,,0.18000000000000002,PASS,False
fine_buffered2_fs_1.8_-40_25_0_3_gear,prime,WL3,upper_excursion_v,5.087285050746039e-06,,1.9800000000000002,PASS,False
fine_buffered2_fs_1.8_-40_25_0_3_gear,prime,WL3,lower_excursion_v,-8.082844958088267e-06,-0.18000000000000002,,PASS,False
fine_buffered2_fs_1.8_-40_25_0_3_gear,prime,WL3,end_level_v,1.8627596471741722e-08,-0.18000000000000002,0.18000000000000002,PASS,False
fine_buffered2_fs_1.8_-40_25_0_3_gear,prime,WL3,unselected_max_v,5.087285050746039e-06,,0.18000000000000002,PASS,False
fine_buffered2_fs_1.8_-40_25_0_3_gear,test,DEC0,upper_excursion_v,0.0025033888898968342,,1.9800000000000002,PASS,False
fine_buffered2_fs_1.8_-40_25_0_3_gear,test,DEC0,lower_excursion_v,-8.802880021944223e-05,-0.18000000000000002,,PASS,False
fine_buffered2_fs_1.8_-40_25_0_3_gear,test,DEC0,end_level_v,1.4602069179873538e-09,-0.18000000000000002,0.18000000000000002,PASS,False
fine_buffered2_fs_1.8_-40_25_0_3_gear,test,DEC0,unselected_max_v,0.0025033888898968342,,0.18000000000000002,PASS,False
fine_buffered2_fs_1.8_-40_25_0_3_gear,test,DEC1,upper_excursion_v,0.002503392950642822,,1.9800000000000002,PASS,False
fine_buffered2_fs_1.8_-40_25_0_3_gear,test,DEC1,lower_excursion_v,-8.887618060519702e-05,-0.18000000000000002,,PASS,False
fine_buffered2_fs_1.8_-40_25_0_3_gear,test,DEC1,end_level_v,1.460021688456192e-09,-0.18000000000000002,0.18000000000000002,PASS,False
fine_buffered2_fs_1.8_-40_25_0_3_gear,test,DEC1,unselected_max_v,0.002503392950642822,,0.18000000000000002,PASS,False
fine_buffered2_fs_1.8_-40_25_0_3_gear,test,DEC2,upper_excursion_v,0.002501057873826533,,1.9800000000000002,PASS,False
fine_buffered2_fs_1.8_-40_25_0_3_gear,test,DEC2,lower_excursion_v,-0.000215779314082086,-0.18000000000000002,,PASS,False
fine_buffered2_fs_1.8_-40_25_0_3_gear,test,DEC2,end_level_v,-7.841997027996381e-07,-0.18000000000000002,0.18000000000000002,PASS,False
fine_buffered2_fs_1.8_-40_25_0_3_gear,test,DEC2,unselected_max_v,0.002501057873826533,,0.18000000000000002,PASS,False
fine_buffered2_fs_1.8_-40_25_0_3_gear,test,DEC3,upper_excursion_v,1.8000128263524366,,1.9800000000000002,PASS,False
fine_buffered2_fs_1.8_-40_25_0_3_gear,test,DEC3,lower_excursion_v,-0.059848132508595844,-0.18000000000000002,,PASS,False
fine_buffered2_fs_1.8_-40_25_0_3_gear,test,DEC3,end_level_v,1.799999996771789,1.62,1.9800000000000002,PASS,False
fine_buffered2_fs_1.8_-40_25_0_3_gear,test,DEC3,settled_min_v,1.7999999528429182,1.62,,PASS,False
fine_buffered2_fs_1.8_-40_25_0_3_gear,test,WL0,upper_excursion_v,5.092434736759584e-06,,1.9800000000000002,PASS,False
fine_buffered2_fs_1.8_-40_25_0_3_gear,test,WL0,lower_excursion_v,-8.19584370888712e-06,-0.18000000000000002,,PASS,False
fine_buffered2_fs_1.8_-40_25_0_3_gear,test,WL0,end_level_v,1.8627596550182882e-08,-0.18000000000000002,0.18000000000000002,PASS,False
fine_buffered2_fs_1.8_-40_25_0_3_gear,test,WL0,unselected_max_v,5.092434736759584e-06,,0.18000000000000002,PASS,False
fine_buffered2_fs_1.8_-40_25_0_3_gear,test,WL1,upper_excursion_v,5.092472166648561e-06,,1.9800000000000002,PASS,False
fine_buffered2_fs_1.8_-40_25_0_3_gear,test,WL1,lower_excursion_v,-8.20688509479584e-06,-0.18000000000000002,,PASS,False
fine_buffered2_fs_1.8_-40_25_0_3_gear,test,WL1,end_level_v,1.8627596276167036e-08,-0.18000000000000002,0.18000000000000002,PASS,False
fine_buffered2_fs_1.8_-40_25_0_3_gear,test,WL1,unselected_max_v,5.092472166648561e-06,,0.18000000000000002,PASS,False
fine_buffered2_fs_1.8_-40_25_0_3_gear,test,WL2,upper_excursion_v,5.0760723330077214e-06,,1.9800000000000002,PASS,False
fine_buffered2_fs_1.8_-40_25_0_3_gear,test,WL2,lower_excursion_v,-8.635961111015667e-06,-0.18000000000000002,,PASS,False
fine_buffered2_fs_1.8_-40_25_0_3_gear,test,WL2,end_level_v,1.8627491047871913e-08,-0.18000000000000002,0.18000000000000002,PASS,False
fine_buffered2_fs_1.8_-40_25_0_3_gear,test,WL2,unselected_max_v,5.0760723330077214e-06,,0.18000000000000002,PASS,False
fine_buffered2_fs_1.8_-40_25_0_3_gear,test,WL3,upper_excursion_v,1.7999999917720966,,1.9800000000000002,PASS,False
fine_buffered2_fs_1.8_-40_25_0_3_gear,test,WL3,lower_excursion_v,-0.03381754891785392,-0.18000000000000002,,PASS,False
fine_buffered2_fs_1.8_-40_25_0_3_gear,test,WL3,end_level_v,1.7999999917720966,1.62,1.9800000000000002,PASS,False
fine_buffered2_fs_1.8_-40_25_0_3_gear,test,WL3,settled_min_v,1.7997476651921407,1.62,,PASS,False
fine_buffered2_fs_1.8_-40_25_0_3_gear,recovery,DEC0,end_level_v,6.476151553069495e-09,-0.18000000000000002,0.18000000000000002,PASS,False
fine_buffered2_fs_1.8_-40_25_0_3_gear,recovery,DEC0,settled_max_v,0.0002552461861118829,,0.18000000000000002,PASS,False
fine_buffered2_fs_1.8_-40_25_0_3_gear,recovery,DEC1,end_level_v,6.476063692403696e-09,-0.18000000000000002,0.18000000000000002,PASS,False
fine_buffered2_fs_1.8_-40_25_0_3_gear,recovery,DEC1,settled_max_v,0.0002524481079885523,,0.18000000000000002,PASS,False
fine_buffered2_fs_1.8_-40_25_0_3_gear,recovery,DEC2,end_level_v,7.647597780741089e-08,-0.18000000000000002,0.18000000000000002,PASS,False
fine_buffered2_fs_1.8_-40_25_0_3_gear,recovery,DEC2,settled_max_v,0.0009137291868291722,,0.18000000000000002,PASS,False
fine_buffered2_fs_1.8_-40_25_0_3_gear,recovery,DEC3,end_level_v,1.396343620729823e-07,-0.18000000000000002,0.18000000000000002,PASS,False
fine_buffered2_fs_1.8_-40_25_0_3_gear,recovery,DEC3,settled_max_v,0.001085265994685558,,0.18000000000000002,PASS,False
fine_buffered2_fs_1.8_-40_25_0_3_gear,recovery,WL0,end_level_v,1.8627596761026443e-08,-0.18000000000000002,0.18000000000000002,PASS,False
fine_buffered2_fs_1.8_-40_25_0_3_gear,recovery,WL0,settled_max_v,1.0612506374093914e-06,,0.18000000000000002,PASS,False
fine_buffered2_fs_1.8_-40_25_0_3_gear,recovery,WL1,end_level_v,1.8627596025254367e-08,-0.18000000000000002,0.18000000000000002,PASS,False
fine_buffered2_fs_1.8_-40_25_0_3_gear,recovery,WL1,settled_max_v,1.0155996425785706e-06,,0.18000000000000002,PASS,False
fine_buffered2_fs_1.8_-40_25_0_3_gear,recovery,WL2,end_level_v,1.8627919981898225e-08,-0.18000000000000002,0.18000000000000002,PASS,False
fine_buffered2_fs_1.8_-40_25_0_3_gear,recovery,WL2,settled_max_v,1.7072725804403784e-06,,0.18000000000000002,PASS,False
fine_buffered2_fs_1.8_-40_25_0_3_gear,recovery,WL3,end_level_v,1.8628234165482903e-08,-0.18000000000000002,0.18000000000000002,PASS,False
fine_buffered2_fs_1.8_-40_25_0_3_gear,recovery,WL3,settled_max_v,2.9715670406990435e-06,,0.18000000000000002,PASS,False
fine_buffered2_fs_1.8_-40_25_0_3_gear,recovery,N0,end_level_v,1.800000002995208,1.62,1.9800000000000002,PASS,False
fine_buffered2_fs_1.8_-40_25_0_3_gear,recovery,N1,end_level_v,1.8000000031655141,1.62,1.9800000000000002,PASS,False
fine_buffered2_fs_1.8_-40_25_0_3_gear,recovery,N2,end_level_v,1.7998005116018962,1.62,1.9800000000000002,PASS,False
fine_buffered2_fs_1.8_-40_25_0_3_gear,recovery,N3,end_level_v,1.799577582912021,1.62,1.9800000000000002,PASS,False
fine_buffered2_fs_1.8_-40_25_0_3_gear,final_precharge,DEC0,settled_max_v,6.734085277687665e-09,,0.18000000000000002,PASS,False
fine_buffered2_fs_1.8_-40_25_0_3_gear,final_precharge,DEC0,settled_min_v,6.486122401421202e-09,-0.18000000000000002,,PASS,False
fine_buffered2_fs_1.8_-40_25_0_3_gear,final_precharge,DEC1,settled_max_v,6.73664128078025e-09,,0.18000000000000002,PASS,False
fine_buffered2_fs_1.8_-40_25_0_3_gear,final_precharge,DEC1,settled_min_v,6.4861281379146295e-09,-0.18000000000000002,,PASS,False
fine_buffered2_fs_1.8_-40_25_0_3_gear,final_precharge,DEC2,settled_max_v,1.0656659981862447e-08,,0.18000000000000002,PASS,False
fine_buffered2_fs_1.8_-40_25_0_3_gear,final_precharge,DEC2,settled_min_v,8.060058408893013e-09,-0.18000000000000002,,PASS,False
fine_buffered2_fs_1.8_-40_25_0_3_gear,final_precharge,DEC3,settled_max_v,4.95827402938474e-06,,0.18000000000000002,PASS,False
fine_buffered2_fs_1.8_-40_25_0_3_gear,final_precharge,DEC3,settled_min_v,9.092103277902355e-08,-0.18000000000000002,,PASS,False
fine_buffered2_fs_1.8_-40_25_0_3_gear,final_precharge,WL0,settled_max_v,1.8627619793997615e-08,,0.18000000000000002,PASS,False
fine_buffered2_fs_1.8_-40_25_0_3_gear,final_precharge,WL0,settled_min_v,1.862759547401436e-08,-0.18000000000000002,,PASS,False
fine_buffered2_fs_1.8_-40_25_0_3_gear,final_precharge,WL1,settled_max_v,1.8627619867740488e-08,,0.18000000000000002,PASS,False
fine_buffered2_fs_1.8_-40_25_0_3_gear,final_precharge,WL1,settled_min_v,1.86275956524974e-08,-0.18000000000000002,,PASS,False
fine_buffered2_fs_1.8_-40_25_0_3_gear,final_precharge,WL2,settled_max_v,1.8627720755198935e-08,,0.18000000000000002,PASS,False
fine_buffered2_fs_1.8_-40_25_0_3_gear,final_precharge,WL2,settled_min_v,1.8627595602851268e-08,-0.18000000000000002,,PASS,False
fine_buffered2_fs_1.8_-40_25_0_3_gear,final_precharge,WL3,settled_max_v,1.888789406672988e-08,,0.18000000000000002,PASS,False
fine_buffered2_fs_1.8_-40_25_0_3_gear,final_precharge,WL3,settled_min_v,1.8627670279424315e-08,-0.18000000000000002,,PASS,False
fine_buffered2_fs_1.8_-40_25_0_3_gear,final_precharge,N0,end_level_v,1.7999999831255278,1.62,1.9800000000000002,PASS,False
fine_buffered2_fs_1.8_-40_25_0_3_gear,final_precharge,N1,end_level_v,1.7999999831014732,1.62,1.9800000000000002,PASS,False
fine_buffered2_fs_1.8_-40_25_0_3_gear,final_precharge,N2,end_level_v,1.7999716969866657,1.62,1.9800000000000002,PASS,False
fine_buffered2_fs_1.8_-40_25_0_3_gear,final_precharge,N3,end_level_v,1.7994772411164854,1.62,1.9800000000000002,PASS,False
fine_buffered2_fs_1.8_-40_25_0_3_trap,prime,DEC0,upper_excursion_v,1.7999999967783513,,1.9800000000000002,PASS,False
fine_buffered2_fs_1.8_-40_25_0_3_trap,prime,DEC0,lower_excursion_v,-0.05175048676394096,-0.18000000000000002,,PASS,False
fine_buffered2_fs_1.8_-40_25_0_3_trap,prime,DEC0,end_level_v,1.7999999967729259,1.62,1.9800000000000002,PASS,False
fine_buffered2_fs_1.8_-40_25_0_3_trap,prime,DEC0,settled_min_v,1.7999999458238691,1.62,,PASS,False
fine_buffered2_fs_1.8_-40_25_0_3_trap,prime,DEC1,upper_excursion_v,0.0025059045334223694,,1.9800000000000002,PASS,False
fine_buffered2_fs_1.8_-40_25_0_3_trap,prime,DEC1,lower_excursion_v,-0.0001870062973318605,-0.18000000000000002,,PASS,False
fine_buffered2_fs_1.8_-40_25_0_3_trap,prime,DEC1,end_level_v,-5.819236920598382e-07,-0.18000000000000002,0.18000000000000002,PASS,False
fine_buffered2_fs_1.8_-40_25_0_3_trap,prime,DEC1,unselected_max_v,0.0025059045334223694,,0.18000000000000002,PASS,False
fine_buffered2_fs_1.8_-40_25_0_3_trap,prime,DEC2,upper_excursion_v,0.0024989814829674776,,1.9800000000000002,PASS,False
fine_buffered2_fs_1.8_-40_25_0_3_trap,prime,DEC2,lower_excursion_v,-1.2919017662886849e-05,-0.18000000000000002,,PASS,False
fine_buffered2_fs_1.8_-40_25_0_3_trap,prime,DEC2,end_level_v,1.4599469002268834e-09,-0.18000000000000002,0.18000000000000002,PASS,False
fine_buffered2_fs_1.8_-40_25_0_3_trap,prime,DEC2,unselected_max_v,0.0024989814829674776,,0.18000000000000002,PASS,False
fine_buffered2_fs_1.8_-40_25_0_3_trap,prime,DEC3,upper_excursion_v,0.0024989821935813552,,1.9800000000000002,PASS,False
fine_buffered2_fs_1.8_-40_25_0_3_trap,prime,DEC3,lower_excursion_v,-1.2031600553346494e-05,-0.18000000000000002,,PASS,False
fine_buffered2_fs_1.8_-40_25_0_3_trap,prime,DEC3,end_level_v,1.460118515298879e-09,-0.18000000000000002,0.18000000000000002,PASS,False
fine_buffered2_fs_1.8_-40_25_0_3_trap,prime,DEC3,unselected_max_v,0.0024989821935813552,,0.18000000000000002,PASS,False
fine_buffered2_fs_1.8_-40_25_0_3_trap,prime,WL0,upper_excursion_v,1.7999999917721714,,1.9800000000000002,PASS,False
fine_buffered2_fs_1.8_-40_25_0_3_trap,prime,WL0,lower_excursion_v,-0.033799962923840104,-0.18000000000000002,,PASS,False
fine_buffered2_fs_1.8_-40_25_0_3_trap,prime,WL0,end_level_v,1.7999999917721714,1.62,1.9800000000000002,PASS,False
fine_buffered2_fs_1.8_-40_25_0_3_trap,prime,WL0,settled_min_v,1.7997374065016079,1.62,,PASS,False
fine_buffered2_fs_1.8_-40_25_0_3_trap,prime,WL1,upper_excursion_v,5.098247899294921e-06,,1.9800000000000002,PASS,False
fine_buffered2_fs_1.8_-40_25_0_3_trap,prime,WL1,lower_excursion_v,-8.511325196880224e-06,-0.18000000000000002,,PASS,False
fine_buffered2_fs_1.8_-40_25_0_3_trap,prime,WL1,end_level_v,1.86275513115951e-08,-0.18000000000000002,0.18000000000000002,PASS,False
fine_buffered2_fs_1.8_-40_25_0_3_trap,prime,WL1,unselected_max_v,5.098247899294921e-06,,0.18000000000000002,PASS,False
fine_buffered2_fs_1.8_-40_25_0_3_trap,prime,WL2,upper_excursion_v,5.083593621787621e-06,,1.9800000000000002,PASS,False
fine_buffered2_fs_1.8_-40_25_0_3_trap,prime,WL2,lower_excursion_v,-8.083489442062356e-06,-0.18000000000000002,,PASS,False
fine_buffered2_fs_1.8_-40_25_0_3_trap,prime,WL2,end_level_v,1.8627596884934432e-08,-0.18000000000000002,0.18000000000000002,PASS,False
fine_buffered2_fs_1.8_-40_25_0_3_trap,prime,WL2,unselected_max_v,5.083593621787621e-06,,0.18000000000000002,PASS,False
fine_buffered2_fs_1.8_-40_25_0_3_trap,prime,WL3,upper_excursion_v,5.0835879160425606e-06,,1.9800000000000002,PASS,False
fine_buffered2_fs_1.8_-40_25_0_3_trap,prime,WL3,lower_excursion_v,-8.073462525381783e-06,-0.18000000000000002,,PASS,False
fine_buffered2_fs_1.8_-40_25_0_3_trap,prime,WL3,end_level_v,1.8627596051494716e-08,-0.18000000000000002,0.18000000000000002,PASS,False
fine_buffered2_fs_1.8_-40_25_0_3_trap,prime,WL3,unselected_max_v,5.0835879160425606e-06,,0.18000000000000002,PASS,False
fine_buffered2_fs_1.8_-40_25_0_3_trap,test,DEC0,upper_excursion_v,0.002502604253436314,,1.9800000000000002,PASS,False
fine_buffered2_fs_1.8_-40_25_0_3_trap,test,DEC0,lower_excursion_v,-8.619576082543253e-05,-0.18000000000000002,,PASS,False
fine_buffered2_fs_1.8_-40_25_0_3_trap,test,DEC0,end_level_v,1.4603573680435e-09,-0.18000000000000002,0.18000000000000002,PASS,False
fine_buffered2_fs_1.8_-40_25_0_3_trap,test,DEC0,unselected_max_v,0.002502604253436314,,0.18000000000000002,PASS,False
fine_buffered2_fs_1.8_-40_25_0_3_trap,test,DEC1,upper_excursion_v,0.002502607749317973,,1.9800000000000002,PASS,False
fine_buffered2_fs_1.8_-40_25_0_3_trap,test,DEC1,lower_excursion_v,-8.713697715300277e-05,-0.18000000000000002,,PASS,False
fine_buffered2_fs_1.8_-40_25_0_3_trap,test,DEC1,end_level_v,1.4601732070510533e-09,-0.18000000000000002,0.18000000000000002,PASS,False
fine_buffered2_fs_1.8_-40_25_0_3_trap,test,DEC1,unselected_max_v,0.002502607749317973,,0.18000000000000002,PASS,False
fine_buffered2_fs_1.8_-40_25_0_3_trap,test,DEC2,upper_excursion_v,0.002500272956777386,,1.9800000000000002,PASS,False
fine_buffered2_fs_1.8_-40_25_0_3_trap,test,DEC2,lower_excursion_v,-0.00021412968714789454,-0.18000000000000002,,PASS,False
fine_buffered2_fs_1.8_-40_25_0_3_trap,test,DEC2,end_level_v,-7.842036150104712e-07,-0.18000000000000002,0.18000000000000002,PASS,False
fine_buffered2_fs_1.8_-40_25_0_3_trap,test,DEC2,unselected_max_v,0.002500272956777386,,0.18000000000000002,PASS,False
fine_buffered2_fs_1.8_-40_25_0_3_trap,test,DEC3,upper_excursion_v,1.8000128174821535,,1.9800000000000002,PASS,False
fine_buffered2_fs_1.8_-40_25_0_3_trap,test,DEC3,lower_excursion_v,-0.0598603604788589,-0.18000000000000002,,PASS,False
fine_buffered2_fs_1.8_-40_25_0_3_trap,test,DEC3,end_level_v,1.7999999967718192,1.62,1.9800000000000002,PASS,False
fine_buffered2_fs_1.8_-40_25_0_3_trap,test,DEC3,settled_min_v,1.799999952783505,1.62,,PASS,False
fine_buffered2_fs_1.8_-40_25_0_3_trap,test,WL0,upper_excursion_v,5.089030064959022e-06,,1.9800000000000002,PASS,False
fine_buffered2_fs_1.8_-40_25_0_3_trap,test,WL0,lower_excursion_v,-8.185684589038207e-06,-0.18000000000000002,,PASS,False
fine_buffered2_fs_1.8_-40_25_0_3_trap,test,WL0,end_level_v,1.8627595792693368e-08,-0.18000000000000002,0.18000000000000002,PASS,False
fine_buffered2_fs_1.8_-40_25_0_3_trap,test,WL0,unselected_max_v,5.089030064959022e-06,,0.18000000000000002,PASS,False
fine_buffered2_fs_1.8_-40_25_0_3_trap,test,WL1,upper_excursion_v,5.089064695517802e-06,,1.9800000000000002,PASS,False
fine_buffered2_fs_1.8_-40_25_0_3_trap,test,WL1,lower_excursion_v,-8.196818368016476e-06,-0.18000000000000002,,PASS,False
fine_buffered2_fs_1.8_-40_25_0_3_trap,test,WL1,end_level_v,1.8627595850513564e-08,-0.18000000000000002,0.18000000000000002,PASS,False
fine_buffered2_fs_1.8_-40_25_0_3_trap,test,WL1,unselected_max_v,5.089064695517802e-06,,0.18000000000000002,PASS,False
fine_buffered2_fs_1.8_-40_25_0_3_trap,test,WL2,upper_excursion_v,5.072603150924786e-06,,1.9800000000000002,PASS,False
fine_buffered2_fs_1.8_-40_25_0_3_trap,test,WL2,lower_excursion_v,-8.621477781664744e-06,-0.18000000000000002,,PASS,False
fine_buffered2_fs_1.8_-40_25_0_3_trap,test,WL2,end_level_v,1.8627490905580906e-08,-0.18000000000000002,0.18000000000000002,PASS,False
fine_buffered2_fs_1.8_-40_25_0_3_trap,test,WL2,unselected_max_v,5.072603150924786e-06,,0.18000000000000002,PASS,False
fine_buffered2_fs_1.8_-40_25_0_3_trap,test,WL3,upper_excursion_v,1.7999999917721943,,1.9800000000000002,PASS,False
fine_buffered2_fs_1.8_-40_25_0_3_trap,test,WL3,lower_excursion_v,-0.03383746233643024,-0.18000000000000002,,PASS,False
fine_buffered2_fs_1.8_-40_25_0_3_trap,test,WL3,end_level_v,1.7999999917721943,1.62,1.9800000000000002,PASS,False
fine_buffered2_fs_1.8_-40_25_0_3_trap,test,WL3,settled_min_v,1.7997476568418531,1.62,,PASS,False
fine_buffered2_fs_1.8_-40_25_0_3_trap,recovery,DEC0,end_level_v,6.476151821048446e-09,-0.18000000000000002,0.18000000000000002,PASS,False
fine_buffered2_fs_1.8_-40_25_0_3_trap,recovery,DEC0,settled_max_v,0.00025509515497960884,,0.18000000000000002,PASS,False
fine_buffered2_fs_1.8_-40_25_0_3_trap,recovery,DEC1,end_level_v,6.476064683059206e-09,-0.18000000000000002,0.18000000000000002,PASS,False
fine_buffered2_fs_1.8_-40_25_0_3_trap,recovery,DEC1,settled_max_v,0.0002522755322432505,,0.18000000000000002,PASS,False
fine_buffered2_fs_1.8_-40_25_0_3_trap,recovery,DEC2,end_level_v,7.647746591565863e-08,-0.18000000000000002,0.18000000000000002,PASS,False
fine_buffered2_fs_1.8_-40_25_0_3_trap,recovery,DEC2,settled_max_v,0.000913610035403644,,0.18000000000000002,PASS,False
fine_buffered2_fs_1.8_-40_25_0_3_trap,recovery,DEC3,end_level_v,1.396353025602537e-07,-0.18000000000000002,0.18000000000000002,PASS,False
fine_buffered2_fs_1.8_-40_25_0_3_trap,recovery,DEC3,settled_max_v,0.0010860822543588451,,0.18000000000000002,PASS,False
fine_buffered2_fs_1.8_-40_25_0_3_trap,recovery,WL0,end_level_v,1.8627596730806408e-08,-0.18000000000000002,0.18000000000000002,PASS,False
fine_buffered2_fs_1.8_-40_25_0_3_trap,recovery,WL0,settled_max_v,1.060574074250059e-06,,0.18000000000000002,PASS,False
fine_buffered2_fs_1.8_-40_25_0_3_trap,recovery,WL1,end_level_v,1.8627596741041627e-08,-0.18000000000000002,0.18000000000000002,PASS,False
fine_buffered2_fs_1.8_-40_25_0_3_trap,recovery,WL1,settled_max_v,1.0149399974194507e-06,,0.18000000000000002,PASS,False
fine_buffered2_fs_1.8_-40_25_0_3_trap,recovery,WL2,end_level_v,1.8627919814061965e-08,-0.18000000000000002,0.18000000000000002,PASS,False
fine_buffered2_fs_1.8_-40_25_0_3_trap,recovery,WL2,settled_max_v,1.7065056922003593e-06,,0.18000000000000002,PASS,False
fine_buffered2_fs_1.8_-40_25_0_3_trap,recovery,WL3,end_level_v,1.8628234010709013e-08,-0.18000000000000002,0.18000000000000002,PASS,False
fine_buffered2_fs_1.8_-40_25_0_3_trap,recovery,WL3,settled_max_v,2.9686019846733034e-06,,0.18000000000000002,PASS,False
fine_buffered2_fs_1.8_-40_25_0_3_trap,recovery,N0,end_level_v,1.8000000029951688,1.62,1.9800000000000002,PASS,False
fine_buffered2_fs_1.8_-40_25_0_3_trap,recovery,N1,end_level_v,1.8000000031654613,1.62,1.9800000000000002,PASS,False
fine_buffered2_fs_1.8_-40_25_0_3_trap,recovery,N2,end_level_v,1.799800509407017,1.62,1.9800000000000002,PASS,False
fine_buffered2_fs_1.8_-40_25_0_3_trap,recovery,N3,end_level_v,1.7995775823592213,1.62,1.9800000000000002,PASS,False
fine_buffered2_fs_1.8_-40_25_0_3_trap,final_precharge,DEC0,settled_max_v,6.7340925821318464e-09,,0.18000000000000002,PASS,False
fine_buffered2_fs_1.8_-40_25_0_3_trap,final_precharge,DEC0,settled_min_v,6.486120626826508e-09,-0.18000000000000002,,PASS,False
fine_buffered2_fs_1.8_-40_25_0_3_trap,final_precharge,DEC1,settled_max_v,6.736648774902489e-09,,0.18000000000000002,PASS,False
fine_buffered2_fs_1.8_-40_25_0_3_trap,final_precharge,DEC1,settled_min_v,6.486129406220273e-09,-0.18000000000000002,,PASS,False
fine_buffered2_fs_1.8_-40_25_0_3_trap,final_precharge,DEC2,settled_max_v,1.0656754324199194e-08,,0.18000000000000002,PASS,False
fine_buffered2_fs_1.8_-40_25_0_3_trap,final_precharge,DEC2,settled_min_v,8.06007920822749e-09,-0.18000000000000002,,PASS,False
fine_buffered2_fs_1.8_-40_25_0_3_trap,final_precharge,DEC3,settled_max_v,4.958376985084676e-06,,0.18000000000000002,PASS,False
fine_buffered2_fs_1.8_-40_25_0_3_trap,final_precharge,DEC3,settled_min_v,9.09212872941825e-08,-0.18000000000000002,,PASS,False
fine_buffered2_fs_1.8_-40_25_0_3_trap,final_precharge,WL0,settled_max_v,1.8627620362243273e-08,,0.18000000000000002,PASS,False
fine_buffered2_fs_1.8_-40_25_0_3_trap,final_precharge,WL0,settled_min_v,1.8627595224653016e-08,-0.18000000000000002,,PASS,False
fine_buffered2_fs_1.8_-40_25_0_3_trap,final_precharge,WL1,settled_max_v,1.8627620328582852e-08,,0.18000000000000002,PASS,False
fine_buffered2_fs_1.8_-40_25_0_3_trap,final_precharge,WL1,settled_min_v,1.8627595339175107e-08,-0.18000000000000002,,PASS,False
fine_buffered2_fs_1.8_-40_25_0_3_trap,final_precharge,WL2,settled_max_v,1.8627720966067612e-08,,0.18000000000000002,PASS,False
fine_buffered2_fs_1.8_-40_25_0_3_trap,final_precharge,WL2,settled_min_v,1.8627596306375344e-08,-0.18000000000000002,,PASS,False
fine_buffered2_fs_1.8_-40_25_0_3_trap,final_precharge,WL3,settled_max_v,1.888791476970076e-08,,0.18000000000000002,PASS,False
fine_buffered2_fs_1.8_-40_25_0_3_trap,final_precharge,WL3,settled_min_v,1.862767011595854e-08,-0.18000000000000002,,PASS,False
fine_buffered2_fs_1.8_-40_25_0_3_trap,final_precharge,N0,end_level_v,1.7999999831255118,1.62,1.9800000000000002,PASS,False
fine_buffered2_fs_1.8_-40_25_0_3_trap,final_precharge,N1,end_level_v,1.7999999831014777,1.62,1.9800000000000002,PASS,False
fine_buffered2_fs_1.8_-40_25_0_3_trap,final_precharge,N2,end_level_v,1.7999716968044654,1.62,1.9800000000000002,PASS,False
fine_buffered2_fs_1.8_-40_25_0_3_trap,final_precharge,N3,end_level_v,1.7994772402844719,1.62,1.9800000000000002,PASS,False
fine_buffered2_fs_1.8_-40_25_0_3_gear025,prime,DEC0,upper_excursion_v,1.7999999967783125,,1.9800000000000002,PASS,False
fine_buffered2_fs_1.8_-40_25_0_3_gear025,prime,DEC0,lower_excursion_v,-0.05175303465817235,-0.18000000000000002,,PASS,False
fine_buffered2_fs_1.8_-40_25_0_3_gear025,prime,DEC0,end_level_v,1.7999999967729283,1.62,1.9800000000000002,PASS,False
fine_buffered2_fs_1.8_-40_25_0_3_gear025,prime,DEC0,settled_min_v,1.799999946171333,1.62,,PASS,False
fine_buffered2_fs_1.8_-40_25_0_3_gear025,prime,DEC1,upper_excursion_v,0.0025060178716812776,,1.9800000000000002,PASS,False
fine_buffered2_fs_1.8_-40_25_0_3_gear025,prime,DEC1,lower_excursion_v,-0.0001873090903022831,-0.18000000000000002,,PASS,False
fine_buffered2_fs_1.8_-40_25_0_3_gear025,prime,DEC1,end_level_v,-5.819212123975294e-07,-0.18000000000000002,0.18000000000000002,PASS,False
fine_buffered2_fs_1.8_-40_25_0_3_gear025,prime,DEC1,unselected_max_v,0.0025060178716812776,,0.18000000000000002,PASS,False
fine_buffered2_fs_1.8_-40_25_0_3_gear025,prime,DEC2,upper_excursion_v,0.002499099765236394,,1.9800000000000002,PASS,False
fine_buffered2_fs_1.8_-40_25_0_3_gear025,prime,DEC2,lower_excursion_v,-1.275366609205302e-05,-0.18000000000000002,,PASS,False
fine_buffered2_fs_1.8_-40_25_0_3_gear025,prime,DEC2,end_level_v,1.4599602515062893e-09,-0.18000000000000002,0.18000000000000002,PASS,False
fine_buffered2_fs_1.8_-40_25_0_3_gear025,prime,DEC2,unselected_max_v,0.002499099765236394,,0.18000000000000002,PASS,False
fine_buffered2_fs_1.8_-40_25_0_3_gear025,prime,DEC3,upper_excursion_v,0.0024991003980537867,,1.9800000000000002,PASS,False
fine_buffered2_fs_1.8_-40_25_0_3_gear025,prime,DEC3,lower_excursion_v,-1.2040721217929535e-05,-0.18000000000000002,,PASS,False
fine_buffered2_fs_1.8_-40_25_0_3_gear025,prime,DEC3,end_level_v,1.4601315119180613e-09,-0.18000000000000002,0.18000000000000002,PASS,False
fine_buffered2_fs_1.8_-40_25_0_3_gear025,prime,DEC3,unselected_max_v,0.0024991003980537867,,0.18000000000000002,PASS,False
fine_buffered2_fs_1.8_-40_25_0_3_gear025,prime,WL0,upper_excursion_v,1.7999999917720442,,1.9800000000000002,PASS,False
fine_buffered2_fs_1.8_-40_25_0_3_gear025,prime,WL0,lower_excursion_v,-0.03379974099532672,-0.18000000000000002,,PASS,False
fine_buffered2_fs_1.8_-40_25_0_3_gear025,prime,WL0,end_level_v,1.7999999917720442,1.62,1.9800000000000002,PASS,False
fine_buffered2_fs_1.8_-40_25_0_3_gear025,prime,WL0,settled_min_v,1.7997374023481956,1.62,,PASS,False
fine_buffered2_fs_1.8_-40_25_0_3_gear025,prime,WL1,upper_excursion_v,5.0973388020854676e-06,,1.9800000000000002,PASS,False
fine_buffered2_fs_1.8_-40_25_0_3_gear025,prime,WL1,lower_excursion_v,-8.511654497914121e-06,-0.18000000000000002,,PASS,False
fine_buffered2_fs_1.8_-40_25_0_3_gear025,prime,WL1,end_level_v,1.8627550989362996e-08,-0.18000000000000002,0.18000000000000002,PASS,False
fine_buffered2_fs_1.8_-40_25_0_3_gear025,prime,WL1,unselected_max_v,5.0973388020854676e-06,,0.18000000000000002,PASS,False
fine_buffered2_fs_1.8_-40_25_0_3_gear025,prime,WL2,upper_excursion_v,5.0827855362237945e-06,,1.9800000000000002,PASS,False
fine_buffered2_fs_1.8_-40_25_0_3_gear025,prime,WL2,lower_excursion_v,-8.084226624443565e-06,-0.18000000000000002,,PASS,False
fine_buffered2_fs_1.8_-40_25_0_3_gear025,prime,WL2,end_level_v,1.862759469925774e-08,-0.18000000000000002,0.18000000000000002,PASS,False
fine_buffered2_fs_1.8_-40_25_0_3_gear025,prime,WL2,unselected_max_v,5.0827855362237945e-06,,0.18000000000000002,PASS,False
fine_buffered2_fs_1.8_-40_25_0_3_gear025,prime,WL3,upper_excursion_v,5.082779585296756e-06,,1.9800000000000002,PASS,False
fine_buffered2_fs_1.8_-40_25_0_3_gear025,prime,WL3,lower_excursion_v,-8.073908549997293e-06,-0.18000000000000002,,PASS,False
fine_buffered2_fs_1.8_-40_25_0_3_gear025,prime,WL3,end_level_v,1.8627596406099574e-08,-0.18000000000000002,0.18000000000000002,PASS,False
fine_buffered2_fs_1.8_-40_25_0_3_gear025,prime,WL3,unselected_max_v,5.082779585296756e-06,,0.18000000000000002,PASS,False
fine_buffered2_fs_1.8_-40_25_0_3_gear025,test,DEC0,upper_excursion_v,0.002502747031155387,,1.9800000000000002,PASS,False
fine_buffered2_fs_1.8_-40_25_0_3_gear025,test,DEC0,lower_excursion_v,-8.637397551453332e-05,-0.18000000000000002,,PASS,False
fine_buffered2_fs_1.8_-40_25_0_3_gear025,test,DEC0,end_level_v,1.460370246232821e-09,-0.18000000000000002,0.18000000000000002,PASS,False
fine_buffered2_fs_1.8_-40_25_0_3_gear025,test,DEC0,unselected_max_v,0.002502747031155387,,0.18000000000000002,PASS,False
fine_buffered2_fs_1.8_-40_25_0_3_gear025,test,DEC1,upper_excursion_v,0.0025027506661291707,,1.9800000000000002,PASS,False
fine_buffered2_fs_1.8_-40_25_0_3_gear025,test,DEC1,lower_excursion_v,-8.721645599012488e-05,-0.18000000000000002,,PASS,False
fine_buffered2_fs_1.8_-40_25_0_3_gear025,test,DEC1,end_level_v,1.460186389595616e-09,-0.18000000000000002,0.18000000000000002,PASS,False
fine_buffered2_fs_1.8_-40_25_0_3_gear025,test,DEC1,unselected_max_v,0.0025027506661291707,,0.18000000000000002,PASS,False
fine_buffered2_fs_1.8_-40_25_0_3_gear025,test,DEC2,upper_excursion_v,0.0025004122840653164,,1.9800000000000002,PASS,False
fine_buffered2_fs_1.8_-40_25_0_3_gear025,test,DEC2,lower_excursion_v,-0.0002142285759634023,-0.18000000000000002,,PASS,False
fine_buffered2_fs_1.8_-40_25_0_3_gear025,test,DEC2,end_level_v,-7.841955063613024e-07,-0.18000000000000002,0.18000000000000002,PASS,False
fine_buffered2_fs_1.8_-40_25_0_3_gear025,test,DEC2,unselected_max_v,0.0025004122840653164,,0.18000000000000002,PASS,False
fine_buffered2_fs_1.8_-40_25_0_3_gear025,test,DEC3,upper_excursion_v,1.800012818843226,,1.9800000000000002,PASS,False
fine_buffered2_fs_1.8_-40_25_0_3_gear025,test,DEC3,lower_excursion_v,-0.05986953921855577,-0.18000000000000002,,PASS,False
fine_buffered2_fs_1.8_-40_25_0_3_gear025,test,DEC3,end_level_v,1.799999996771802,1.62,1.9800000000000002,PASS,False
fine_buffered2_fs_1.8_-40_25_0_3_gear025,test,DEC3,settled_min_v,1.799999952840861,1.62,,PASS,False
fine_buffered2_fs_1.8_-40_25_0_3_gear025,test,WL0,upper_excursion_v,5.0880630899725606e-06,,1.9800000000000002,PASS,False
fine_buffered2_fs_1.8_-40_25_0_3_gear025,test,WL0,lower_excursion_v,-8.18568744018847e-06,-0.18000000000000002,,PASS,False
fine_buffered2_fs_1.8_-40_25_0_3_gear025,test,WL0,end_level_v,1.862759595690589e-08,-0.18000000000000002,0.18000000000000002,PASS,False
fine_buffered2_fs_1.8_-40_25_0_3_gear025,test,WL0,unselected_max_v,5.0880630899725606e-06,,0.18000000000000002,PASS,False
fine_buffered2_fs_1.8_-40_25_0_3_gear025,test,WL1,upper_excursion_v,5.0880980899181115e-06,,1.9800000000000002,PASS,False
fine_buffered2_fs_1.8_-40_25_0_3_gear025,test,WL1,lower_excursion_v,-8.196681187210243e-06,-0.18000000000000002,,PASS,False
fine_buffered2_fs_1.8_-40_25_0_3_gear025,test,WL1,end_level_v,1.8627596907585662e-08,-0.18000000000000002,0.18000000000000002,PASS,False
fine_buffered2_fs_1.8_-40_25_0_3_gear025,test,WL1,unselected_max_v,5.0880980899181115e-06,,0.18000000000000002,PASS,False
fine_buffered2_fs_1.8_-40_25_0_3_gear025,test,WL2,upper_excursion_v,5.07161277999884e-06,,1.9800000000000002,PASS,False
fine_buffered2_fs_1.8_-40_25_0_3_gear025,test,WL2,lower_excursion_v,-8.625684809486024e-06,-0.18000000000000002,,PASS,False
fine_buffered2_fs_1.8_-40_25_0_3_gear025,test,WL2,end_level_v,1.8627491318304228e-08,-0.18000000000000002,0.18000000000000002,PASS,False
fine_buffered2_fs_1.8_-40_25_0_3_gear025,test,WL2,unselected_max_v,5.07161277999884e-06,,0.18000000000000002,PASS,False
fine_buffered2_fs_1.8_-40_25_0_3_gear025,test,WL3,upper_excursion_v,1.7999999917720713,,1.9800000000000002,PASS,False
fine_buffered2_fs_1.8_-40_25_0_3_gear025,test,WL3,lower_excursion_v,-0.03383846881794834,-0.18000000000000002,,PASS,False
fine_buffered2_fs_1.8_-40_25_0_3_gear025,test,WL3,end_level_v,1.7999999917720713,1.62,1.9800000000000002,PASS,False
fine_buffered2_fs_1.8_-40_25_0_3_gear025,test,WL3,settled_min_v,1.799747653409451,1.62,,PASS,False
fine_buffered2_fs_1.8_-40_25_0_3_gear025,recovery,DEC0,end_level_v,6.476151599149163e-09,-0.18000000000000002,0.18000000000000002,PASS,False
fine_buffered2_fs_1.8_-40_25_0_3_gear025,recovery,DEC0,settled_max_v,0.0002551291631580331,,0.18000000000000002,PASS,False
fine_buffered2_fs_1.8_-40_25_0_3_gear025,recovery,DEC1,end_level_v,6.476066942361197e-09,-0.18000000000000002,0.18000000000000002,PASS,False
fine_buffered2_fs_1.8_-40_25_0_3_gear025,recovery,DEC1,settled_max_v,0.0002523249113846821,,0.18000000000000002,PASS,False
fine_buffered2_fs_1.8_-40_25_0_3_gear025,recovery,DEC2,end_level_v,7.647533298293929e-08,-0.18000000000000002,0.18000000000000002,PASS,False
fine_buffered2_fs_1.8_-40_25_0_3_gear025,recovery,DEC2,settled_max_v,0.0009136922014965146,,0.18000000000000002,PASS,False
fine_buffered2_fs_1.8_-40_25_0_3_gear025,recovery,DEC3,end_level_v,1.3963168311870167e-07,-0.18000000000000002,0.18000000000000002,PASS,False
fine_buffered2_fs_1.8_-40_25_0_3_gear025,recovery,DEC3,settled_max_v,0.0010860600225726103,,0.18000000000000002,PASS,False
fine_buffered2_fs_1.8_-40_25_0_3_gear025,recovery,WL0,end_level_v,1.8627597118747207e-08,-0.18000000000000002,0.18000000000000002,PASS,False
fine_buffered2_fs_1.8_-40_25_0_3_gear025,recovery,WL0,settled_max_v,1.0606063927065457e-06,,0.18000000000000002,PASS,False
fine_buffered2_fs_1.8_-40_25_0_3_gear025,recovery,WL1,end_level_v,1.8627595410956043e-08,-0.18000000000000002,0.18000000000000002,PASS,False
fine_buffered2_fs_1.8_-40_25_0_3_gear025,recovery,WL1,settled_max_v,1.014987516662503e-06,,0.18000000000000002,PASS,False
fine_buffered2_fs_1.8_-40_25_0_3_gear025,recovery,WL2,end_level_v,1.8627920430466496e-08,-0.18000000000000002,0.18000000000000002,PASS,False
fine_buffered2_fs_1.8_-40_25_0_3_gear025,recovery,WL2,settled_max_v,1.706595445090424e-06,,0.18000000000000002,PASS,False
fine_buffered2_fs_1.8_-40_25_0_3_gear025,recovery,WL3,end_level_v,1.8628233976796037e-08,-0.18000000000000002,0.18000000000000002,PASS,False
fine_buffered2_fs_1.8_-40_25_0_3_gear025,recovery,WL3,settled_max_v,2.9686119017417037e-06,,0.18000000000000002,PASS,False
fine_buffered2_fs_1.8_-40_25_0_3_gear025,recovery,N0,end_level_v,1.8000000029940542,1.62,1.9800000000000002,PASS,False
fine_buffered2_fs_1.8_-40_25_0_3_gear025,recovery,N1,end_level_v,1.80000000316433,1.62,1.9800000000000002,PASS,False
fine_buffered2_fs_1.8_-40_25_0_3_gear025,recovery,N2,end_level_v,1.799800512565062,1.62,1.9800000000000002,PASS,False
fine_buffered2_fs_1.8_-40_25_0_3_gear025,recovery,N3,end_level_v,1.7995775921992707,1.62,1.9800000000000002,PASS,False
fine_buffered2_fs_1.8_-40_25_0_3_gear025,final_precharge,DEC0,settled_max_v,6.734092483820602e-09,,0.18000000000000002,PASS,False
fine_buffered2_fs_1.8_-40_25_0_3_gear025,final_precharge,DEC0,settled_min_v,6.486121865375575e-09,-0.18000000000000002,,PASS,False
fine_buffered2_fs_1.8_-40_25_0_3_gear025,final_precharge,DEC1,settled_max_v,6.7366487303550576e-09,,0.18000000000000002,PASS,False
fine_buffered2_fs_1.8_-40_25_0_3_gear025,final_precharge,DEC1,settled_min_v,6.486128907595853e-09,-0.18000000000000002,,PASS,False
fine_buffered2_fs_1.8_-40_25_0_3_gear025,final_precharge,DEC2,settled_max_v,1.065668694951441e-08,,0.18000000000000002,PASS,False
fine_buffered2_fs_1.8_-40_25_0_3_gear025,final_precharge,DEC2,settled_min_v,8.060057930109334e-09,-0.18000000000000002,,PASS,False
fine_buffered2_fs_1.8_-40_25_0_3_gear025,final_precharge,DEC3,settled_max_v,4.958378971659255e-06,,0.18000000000000002,PASS,False
fine_buffered2_fs_1.8_-40_25_0_3_gear025,final_precharge,DEC3,settled_min_v,9.092129591922763e-08,-0.18000000000000002,,PASS,False
fine_buffered2_fs_1.8_-40_25_0_3_gear025,final_precharge,WL0,settled_max_v,1.862761981870611e-08,,0.18000000000000002,PASS,False
fine_buffered2_fs_1.8_-40_25_0_3_gear025,final_precharge,WL0,settled_min_v,1.862759628743357e-08,-0.18000000000000002,,PASS,False
fine_buffered2_fs_1.8_-40_25_0_3_gear025,final_precharge,WL1,settled_max_v,1.862762011453071e-08,,0.18000000000000002,PASS,False
fine_buffered2_fs_1.8_-40_25_0_3_gear025,final_precharge,WL1,settled_min_v,1.8627595876052564e-08,-0.18000000000000002,,PASS,False
fine_buffered2_fs_1.8_-40_25_0_3_gear025,final_precharge,WL2,settled_max_v,1.8627720912007306e-08,,0.18000000000000002,PASS,False
fine_buffered2_fs_1.8_-40_25_0_3_gear025,final_precharge,WL2,settled_min_v,1.862759467994494e-08,-0.18000000000000002,,PASS,False
fine_buffered2_fs_1.8_-40_25_0_3_gear025,final_precharge,WL3,settled_max_v,1.888791429272754e-08,,0.18000000000000002,PASS,False
fine_buffered2_fs_1.8_-40_25_0_3_gear025,final_precharge,WL3,settled_min_v,1.8627670441263568e-08,-0.18000000000000002,,PASS,False
fine_buffered2_fs_1.8_-40_25_0_3_gear025,final_precharge,N0,end_level_v,1.79999998312549,1.62,1.9800000000000002,PASS,False
fine_buffered2_fs_1.8_-40_25_0_3_gear025,final_precharge,N1,end_level_v,1.7999999831014406,1.62,1.9800000000000002,PASS,False
fine_buffered2_fs_1.8_-40_25_0_3_gear025,final_precharge,N2,end_level_v,1.799971696996371,1.62,1.9800000000000002,PASS,False
fine_buffered2_fs_1.8_-40_25_0_3_gear025,final_precharge,N3,end_level_v,1.7994772402531203,1.62,1.9800000000000002,PASS,False
fine_buffered2_fs_1.8_-40_25_3_0_gear,prime,DEC0,upper_excursion_v,0.0025034868796462995,,1.9800000000000002,PASS,False
fine_buffered2_fs_1.8_-40_25_3_0_gear,prime,DEC0,lower_excursion_v,-8.139071555085276e-05,-0.18000000000000002,,PASS,False
fine_buffered2_fs_1.8_-40_25_3_0_gear,prime,DEC0,end_level_v,1.4601870255843646e-09,-0.18000000000000002,0.18000000000000002,PASS,False
fine_buffered2_fs_1.8_-40_25_3_0_gear,prime,DEC0,unselected_max_v,0.0025034868796462995,,0.18000000000000002,PASS,False
fine_buffered2_fs_1.8_-40_25_3_0_gear,prime,DEC1,upper_excursion_v,0.0025034789022625203,,1.9800000000000002,PASS,False
fine_buffered2_fs_1.8_-40_25_3_0_gear,prime,DEC1,lower_excursion_v,-8.199986279942449e-05,-0.18000000000000002,,PASS,False
fine_buffered2_fs_1.8_-40_25_3_0_gear,prime,DEC1,end_level_v,1.4600139757682817e-09,-0.18000000000000002,0.18000000000000002,PASS,False
fine_buffered2_fs_1.8_-40_25_3_0_gear,prime,DEC1,unselected_max_v,0.0025034789022625203,,0.18000000000000002,PASS,False
fine_buffered2_fs_1.8_-40_25_3_0_gear,prime,DEC2,upper_excursion_v,0.002501671454016359,,1.9800000000000002,PASS,False
fine_buffered2_fs_1.8_-40_25_3_0_gear,prime,DEC2,lower_excursion_v,-0.00020320236677480105,-0.18000000000000002,,PASS,False
fine_buffered2_fs_1.8_-40_25_3_0_gear,prime,DEC2,end_level_v,-5.661409865007073e-07,-0.18000000000000002,0.18000000000000002,PASS,False
fine_buffered2_fs_1.8_-40_25_3_0_gear,prime,DEC2,unselected_max_v,0.002501671454016359,,0.18000000000000002,PASS,False
fine_buffered2_fs_1.8_-40_25_3_0_gear,prime,DEC3,upper_excursion_v,1.800012829536308,,1.9800000000000002,PASS,False
fine_buffered2_fs_1.8_-40_25_3_0_gear,prime,DEC3,lower_excursion_v,-0.05987316611531138,-0.18000000000000002,,PASS,False
fine_buffered2_fs_1.8_-40_25_3_0_gear,prime,DEC3,end_level_v,1.7999999967711402,1.62,1.9800000000000002,PASS,False
fine_buffered2_fs_1.8_-40_25_3_0_gear,prime,DEC3,settled_min_v,1.799999952998706,1.62,,PASS,False
fine_buffered2_fs_1.8_-40_25_3_0_gear,prime,WL0,upper_excursion_v,5.09343525921454e-06,,1.9800000000000002,PASS,False
fine_buffered2_fs_1.8_-40_25_3_0_gear,prime,WL0,lower_excursion_v,-8.195373996321046e-06,-0.18000000000000002,,PASS,False
fine_buffered2_fs_1.8_-40_25_3_0_gear,prime,WL0,end_level_v,1.8627596629929393e-08,-0.18000000000000002,0.18000000000000002,PASS,False
fine_buffered2_fs_1.8_-40_25_3_0_gear,prime,WL0,unselected_max_v,5.09343525921454e-06,,0.18000000000000002,PASS,False
fine_buffered2_fs_1.8_-40_25_3_0_gear,prime,WL1,upper_excursion_v,5.093425524341059e-06,,1.9800000000000002,PASS,False
fine_buffered2_fs_1.8_-40_25_3_0_gear,prime,WL1,lower_excursion_v,-8.205608315018338e-06,-0.18000000000000002,,PASS,False
fine_buffered2_fs_1.8_-40_25_3_0_gear,prime,WL1,end_level_v,1.8627596116509835e-08,-0.18000000000000002,0.18000000000000002,PASS,False
fine_buffered2_fs_1.8_-40_25_3_0_gear,prime,WL1,unselected_max_v,5.093425524341059e-06,,0.18000000000000002,PASS,False
fine_buffered2_fs_1.8_-40_25_3_0_gear,prime,WL2,upper_excursion_v,5.078630482295704e-06,,1.9800000000000002,PASS,False
fine_buffered2_fs_1.8_-40_25_3_0_gear,prime,WL2,lower_excursion_v,-8.62869876255431e-06,-0.18000000000000002,,PASS,False
fine_buffered2_fs_1.8_-40_25_3_0_gear,prime,WL2,end_level_v,1.8627555262882704e-08,-0.18000000000000002,0.18000000000000002,PASS,False
fine_buffered2_fs_1.8_-40_25_3_0_gear,prime,WL2,unselected_max_v,5.078630482295704e-06,,0.18000000000000002,PASS,False
fine_buffered2_fs_1.8_-40_25_3_0_gear,prime,WL3,upper_excursion_v,1.7999999917720966,,1.9800000000000002,PASS,False
fine_buffered2_fs_1.8_-40_25_3_0_gear,prime,WL3,lower_excursion_v,-0.033818297245760895,-0.18000000000000002,,PASS,False
fine_buffered2_fs_1.8_-40_25_3_0_gear,prime,WL3,end_level_v,1.7999999917720966,1.62,1.9800000000000002,PASS,False
fine_buffered2_fs_1.8_-40_25_3_0_gear,prime,WL3,settled_min_v,1.7997486485180931,1.62,,PASS,False
fine_buffered2_fs_1.8_-40_25_3_0_gear,test,DEC0,upper_excursion_v,1.7999999968232274,,1.9800000000000002,PASS,False
fine_buffered2_fs_1.8_-40_25_3_0_gear,test,DEC0,lower_excursion_v,-0.05158112926956278,-0.18000000000000002,,PASS,False
fine_buffered2_fs_1.8_-40_25_3_0_gear,test,DEC0,end_level_v,1.7999999967770204,1.62,1.9800000000000002,PASS,False
fine_buffered2_fs_1.8_-40_25_3_0_gear,test,DEC0,settled_min_v,1.7999999459747487,1.62,,PASS,False
fine_buffered2_fs_1.8_-40_25_3_0_gear,test,DEC1,upper_excursion_v,0.002506110921721395,,1.9800000000000002,PASS,False
fine_buffered2_fs_1.8_-40_25_3_0_gear,test,DEC1,lower_excursion_v,-0.00020068703330901327,-0.18000000000000002,,PASS,False
fine_buffered2_fs_1.8_-40_25_3_0_gear,test,DEC1,end_level_v,-8.282175946554292e-07,-0.18000000000000002,0.18000000000000002,PASS,False
fine_buffered2_fs_1.8_-40_25_3_0_gear,test,DEC1,unselected_max_v,0.002506110921721395,,0.18000000000000002,PASS,False
fine_buffered2_fs_1.8_-40_25_3_0_gear,test,DEC2,upper_excursion_v,0.0024997038249857063,,1.9800000000000002,PASS,False
fine_buffered2_fs_1.8_-40_25_3_0_gear,test,DEC2,lower_excursion_v,-1.9817510145119253e-05,-0.18000000000000002,,PASS,False
fine_buffered2_fs_1.8_-40_25_3_0_gear,test,DEC2,end_level_v,1.459816259327284e-09,-0.18000000000000002,0.18000000000000002,PASS,False
fine_buffered2_fs_1.8_-40_25_3_0_gear,test,DEC2,unselected_max_v,0.0024997038249857063,,0.18000000000000002,PASS,False
fine_buffered2_fs_1.8_-40_25_3_0_gear,test,DEC3,upper_excursion_v,0.0024996938653228393,,1.9800000000000002,PASS,False
fine_buffered2_fs_1.8_-40_25_3_0_gear,test,DEC3,lower_excursion_v,-1.831430808234841e-05,-0.18000000000000002,,PASS,False
fine_buffered2_fs_1.8_-40_25_3_0_gear,test,DEC3,end_level_v,1.4600042503200923e-09,-0.18000000000000002,0.18000000000000002,PASS,False
fine_buffered2_fs_1.8_-40_25_3_0_gear,test,DEC3,unselected_max_v,0.0024996938653228393,,0.18000000000000002,PASS,False
fine_buffered2_fs_1.8_-40_25_3_0_gear,test,WL0,upper_excursion_v,1.7999999917720966,,1.9800000000000002,PASS,False
fine_buffered2_fs_1.8_-40_25_3_0_gear,test,WL0,lower_excursion_v,-0.033772786651412014,-0.18000000000000002,,PASS,False
fine_buffered2_fs_1.8_-40_25_3_0_gear,test,WL0,end_level_v,1.7999999917720966,1.62,1.9800000000000002,PASS,False
fine_buffered2_fs_1.8_-40_25_3_0_gear,test,WL0,settled_min_v,1.7997360547752947,1.62,,PASS,False
fine_buffered2_fs_1.8_-40_25_3_0_gear,test,WL1,upper_excursion_v,5.098955074427877e-06,,1.9800000000000002,PASS,False
fine_buffered2_fs_1.8_-40_25_3_0_gear,test,WL1,lower_excursion_v,-8.527113867535077e-06,-0.18000000000000002,,PASS,False
fine_buffered2_fs_1.8_-40_25_3_0_gear,test,WL1,end_level_v,1.8627473188106086e-08,-0.18000000000000002,0.18000000000000002,PASS,False
fine_buffered2_fs_1.8_-40_25_3_0_gear,test,WL1,unselected_max_v,5.098955074427877e-06,,0.18000000000000002,PASS,False
fine_buffered2_fs_1.8_-40_25_3_0_gear,test,WL2,upper_excursion_v,5.086186536194635e-06,,1.9800000000000002,PASS,False
fine_buffered2_fs_1.8_-40_25_3_0_gear,test,WL2,lower_excursion_v,-8.098336945642765e-06,-0.18000000000000002,,PASS,False
fine_buffered2_fs_1.8_-40_25_3_0_gear,test,WL2,end_level_v,1.8627596500232952e-08,-0.18000000000000002,0.18000000000000002,PASS,False
fine_buffered2_fs_1.8_-40_25_3_0_gear,test,WL2,unselected_max_v,5.086186536194635e-06,,0.18000000000000002,PASS,False
fine_buffered2_fs_1.8_-40_25_3_0_gear,test,WL3,upper_excursion_v,5.086162566183208e-06,,1.9800000000000002,PASS,False
fine_buffered2_fs_1.8_-40_25_3_0_gear,test,WL3,lower_excursion_v,-8.087612631129551e-06,-0.18000000000000002,,PASS,False
fine_buffered2_fs_1.8_-40_25_3_0_gear,test,WL3,end_level_v,1.862759632976962e-08,-0.18000000000000002,0.18000000000000002,PASS,False
fine_buffered2_fs_1.8_-40_25_3_0_gear,test,WL3,unselected_max_v,5.086162566183208e-06,,0.18000000000000002,PASS,False
fine_buffered2_fs_1.8_-40_25_3_0_gear,recovery,DEC0,end_level_v,1.6412366182790986e-07,-0.18000000000000002,0.18000000000000002,PASS,False
fine_buffered2_fs_1.8_-40_25_3_0_gear,recovery,DEC0,settled_max_v,0.0003306020916924175,,0.18000000000000002,PASS,False
fine_buffered2_fs_1.8_-40_25_3_0_gear,recovery,DEC1,end_level_v,9.57196059081511e-08,-0.18000000000000002,0.18000000000000002,PASS,False
fine_buffered2_fs_1.8_-40_25_3_0_gear,recovery,DEC1,settled_max_v,0.000330286087191278,,0.18000000000000002,PASS,False
fine_buffered2_fs_1.8_-40_25_3_0_gear,recovery,DEC2,end_level_v,6.48339413261691e-09,-0.18000000000000002,0.18000000000000002,PASS,False
fine_buffered2_fs_1.8_-40_25_3_0_gear,recovery,DEC2,settled_max_v,0.0005373179890907734,,0.18000000000000002,PASS,False
fine_buffered2_fs_1.8_-40_25_3_0_gear,recovery,DEC3,end_level_v,6.483502840006224e-09,-0.18000000000000002,0.18000000000000002,PASS,False
fine_buffered2_fs_1.8_-40_25_3_0_gear,recovery,DEC3,settled_max_v,0.0005461872162665082,,0.18000000000000002,PASS,False
fine_buffered2_fs_1.8_-40_25_3_0_gear,recovery,WL0,end_level_v,1.862856730990931e-08,-0.18000000000000002,0.18000000000000002,PASS,False
fine_buffered2_fs_1.8_-40_25_3_0_gear,recovery,WL0,settled_max_v,1.3100437152561993e-06,,0.18000000000000002,PASS,False
fine_buffered2_fs_1.8_-40_25_3_0_gear,recovery,WL1,end_level_v,1.862812909103495e-08,-0.18000000000000002,0.18000000000000002,PASS,False
fine_buffered2_fs_1.8_-40_25_3_0_gear,recovery,WL1,settled_max_v,1.3089112225558867e-06,,0.18000000000000002,PASS,False
fine_buffered2_fs_1.8_-40_25_3_0_gear,recovery,WL2,end_level_v,1.8627596466131184e-08,-0.18000000000000002,0.18000000000000002,PASS,False
fine_buffered2_fs_1.8_-40_25_3_0_gear,recovery,WL2,settled_max_v,3.886634732414104e-06,,0.18000000000000002,PASS,False
fine_buffered2_fs_1.8_-40_25_3_0_gear,recovery,WL3,end_level_v,1.8627596384909092e-08,-0.18000000000000002,0.18000000000000002,PASS,False
fine_buffered2_fs_1.8_-40_25_3_0_gear,recovery,WL3,settled_max_v,3.862386215404204e-06,,0.18000000000000002,PASS,False
fine_buffered2_fs_1.8_-40_25_3_0_gear,recovery,N0,end_level_v,1.7995484312240477,1.62,1.9800000000000002,PASS,False
fine_buffered2_fs_1.8_-40_25_3_0_gear,recovery,N1,end_level_v,1.7997741243076266,1.62,1.9800000000000002,PASS,False
fine_buffered2_fs_1.8_-40_25_3_0_gear,recovery,N2,end_level_v,1.7999999886993403,1.62,1.9800000000000002,PASS,False
fine_buffered2_fs_1.8_-40_25_3_0_gear,recovery,N3,end_level_v,1.7999999885130964,1.62,1.9800000000000002,PASS,False
fine_buffered2_fs_1.8_-40_25_3_0_gear,final_precharge,DEC0,settled_max_v,4.1906164872974444e-06,,0.18000000000000002,PASS,False
fine_buffered2_fs_1.8_-40_25_3_0_gear,final_precharge,DEC0,settled_min_v,8.789081171339805e-08,-0.18000000000000002,,PASS,False
fine_buffered2_fs_1.8_-40_25_3_0_gear,final_precharge,DEC1,settled_max_v,1.6029064907160482e-08,,0.18000000000000002,PASS,False
fine_buffered2_fs_1.8_-40_25_3_0_gear,final_precharge,DEC1,settled_min_v,8.026180810249974e-09,-0.18000000000000002,,PASS,False
fine_buffered2_fs_1.8_-40_25_3_0_gear,final_precharge,DEC2,settled_max_v,6.496226505841889e-09,,0.18000000000000002,PASS,False
fine_buffered2_fs_1.8_-40_25_3_0_gear,final_precharge,DEC2,settled_min_v,6.485524571948188e-09,-0.18000000000000002,,PASS,False
fine_buffered2_fs_1.8_-40_25_3_0_gear,final_precharge,DEC3,settled_max_v,6.495066313406261e-09,,0.18000000000000002,PASS,False
fine_buffered2_fs_1.8_-40_25_3_0_gear,final_precharge,DEC3,settled_min_v,6.485517002163753e-09,-0.18000000000000002,,PASS,False
fine_buffered2_fs_1.8_-40_25_3_0_gear,final_precharge,WL0,settled_max_v,1.8839086146447336e-08,,0.18000000000000002,PASS,False
fine_buffered2_fs_1.8_-40_25_3_0_gear,final_precharge,WL0,settled_min_v,1.862766604947102e-08,-0.18000000000000002,,PASS,False
fine_buffered2_fs_1.8_-40_25_3_0_gear,final_precharge,WL1,settled_max_v,1.863018558752952e-08,,0.18000000000000002,PASS,False
fine_buffered2_fs_1.8_-40_25_3_0_gear,final_precharge,WL1,settled_min_v,1.8627596055011762e-08,-0.18000000000000002,,PASS,False
fine_buffered2_fs_1.8_-40_25_3_0_gear,final_precharge,WL2,settled_max_v,1.8627596953220263e-08,,0.18000000000000002,PASS,False
fine_buffered2_fs_1.8_-40_25_3_0_gear,final_precharge,WL2,settled_min_v,1.862758129365751e-08,-0.18000000000000002,,PASS,False
fine_buffered2_fs_1.8_-40_25_3_0_gear,final_precharge,WL3,settled_max_v,1.8627596877954322e-08,,0.18000000000000002,PASS,False
fine_buffered2_fs_1.8_-40_25_3_0_gear,final_precharge,WL3,settled_min_v,1.8627580908014007e-08,-0.18000000000000002,,PASS,False
fine_buffered2_fs_1.8_-40_25_3_0_gear,final_precharge,N0,end_level_v,1.7994878097867517,1.62,1.9800000000000002,PASS,False
fine_buffered2_fs_1.8_-40_25_3_0_gear,final_precharge,N1,end_level_v,1.7999720715595906,1.62,1.9800000000000002,PASS,False
fine_buffered2_fs_1.8_-40_25_3_0_gear,final_precharge,N2,end_level_v,1.7999999851123398,1.62,1.9800000000000002,PASS,False
fine_buffered2_fs_1.8_-40_25_3_0_gear,final_precharge,N3,end_level_v,1.7999999851354653,1.62,1.9800000000000002,PASS,False
fine_buffered2_fs_1.8_-40_25_3_0_trap,prime,DEC0,upper_excursion_v,0.002502770280405884,,1.9800000000000002,PASS,False
fine_buffered2_fs_1.8_-40_25_3_0_trap,prime,DEC0,lower_excursion_v,-7.994012894604171e-05,-0.18000000000000002,,PASS,False
fine_buffered2_fs_1.8_-40_25_3_0_trap,prime,DEC0,end_level_v,1.4603549530118568e-09,-0.18000000000000002,0.18000000000000002,PASS,False
fine_buffered2_fs_1.8_-40_25_3_0_trap,prime,DEC0,unselected_max_v,0.002502770280405884,,0.18000000000000002,PASS,False
fine_buffered2_fs_1.8_-40_25_3_0_trap,prime,DEC1,upper_excursion_v,0.002502762199622198,,1.9800000000000002,PASS,False
fine_buffered2_fs_1.8_-40_25_3_0_trap,prime,DEC1,lower_excursion_v,-8.032722941935232e-05,-0.18000000000000002,,PASS,False
fine_buffered2_fs_1.8_-40_25_3_0_trap,prime,DEC1,end_level_v,1.4601856668160295e-09,-0.18000000000000002,0.18000000000000002,PASS,False
fine_buffered2_fs_1.8_-40_25_3_0_trap,prime,DEC1,unselected_max_v,0.002502762199622198,,0.18000000000000002,PASS,False
fine_buffered2_fs_1.8_-40_25_3_0_trap,prime,DEC2,upper_excursion_v,0.0025009567284518587,,1.9800000000000002,PASS,False
fine_buffered2_fs_1.8_-40_25_3_0_trap,prime,DEC2,lower_excursion_v,-0.0002004086875334911,-0.18000000000000002,,PASS,False
fine_buffered2_fs_1.8_-40_25_3_0_trap,prime,DEC2,end_level_v,-5.661423053346383e-07,-0.18000000000000002,0.18000000000000002,PASS,False
fine_buffered2_fs_1.8_-40_25_3_0_trap,prime,DEC2,unselected_max_v,0.0025009567284518587,,0.18000000000000002,PASS,False
fine_buffered2_fs_1.8_-40_25_3_0_trap,prime,DEC3,upper_excursion_v,1.8000136983776958,,1.9800000000000002,PASS,False
fine_buffered2_fs_1.8_-40_25_3_0_trap,prime,DEC3,lower_excursion_v,-0.05988488708600953,-0.18000000000000002,,PASS,False
fine_buffered2_fs_1.8_-40_25_3_0_trap,prime,DEC3,end_level_v,1.7999999967711484,1.62,1.9800000000000002,PASS,False
fine_buffered2_fs_1.8_-40_25_3_0_trap,prime,DEC3,settled_min_v,1.7999999527210713,1.62,,PASS,False
fine_buffered2_fs_1.8_-40_25_3_0_trap,prime,WL0,upper_excursion_v,5.089478756364428e-06,,1.9800000000000002,PASS,False
fine_buffered2_fs_1.8_-40_25_3_0_trap,prime,WL0,lower_excursion_v,-8.18704253005961e-06,-0.18000000000000002,,PASS,False
fine_buffered2_fs_1.8_-40_25_3_0_trap,prime,WL0,end_level_v,1.8627595365225787e-08,-0.18000000000000002,0.18000000000000002,PASS,False
fine_buffered2_fs_1.8_-40_25_3_0_trap,prime,WL0,unselected_max_v,5.089478756364428e-06,,0.18000000000000002,PASS,False
fine_buffered2_fs_1.8_-40_25_3_0_trap,prime,WL1,upper_excursion_v,5.089468946921086e-06,,1.9800000000000002,PASS,False
fine_buffered2_fs_1.8_-40_25_3_0_trap,prime,WL1,lower_excursion_v,-8.197514109841305e-06,-0.18000000000000002,,PASS,False
fine_buffered2_fs_1.8_-40_25_3_0_trap,prime,WL1,end_level_v,1.8627596374941205e-08,-0.18000000000000002,0.18000000000000002,PASS,False
fine_buffered2_fs_1.8_-40_25_3_0_trap,prime,WL1,unselected_max_v,5.089468946921086e-06,,0.18000000000000002,PASS,False
fine_buffered2_fs_1.8_-40_25_3_0_trap,prime,WL2,upper_excursion_v,5.074595241144564e-06,,1.9800000000000002,PASS,False
fine_buffered2_fs_1.8_-40_25_3_0_trap,prime,WL2,lower_excursion_v,-8.620774219139883e-06,-0.18000000000000002,,PASS,False
fine_buffered2_fs_1.8_-40_25_3_0_trap,prime,WL2,end_level_v,1.8627554977071818e-08,-0.18000000000000002,0.18000000000000002,PASS,False
fine_buffered2_fs_1.8_-40_25_3_0_trap,prime,WL2,unselected_max_v,5.074595241144564e-06,,0.18000000000000002,PASS,False
fine_buffered2_fs_1.8_-40_25_3_0_trap,prime,WL3,upper_excursion_v,1.7999999917721943,,1.9800000000000002,PASS,False
fine_buffered2_fs_1.8_-40_25_3_0_trap,prime,WL3,lower_excursion_v,-0.033839721343925495,-0.18000000000000002,,PASS,False
fine_buffered2_fs_1.8_-40_25_3_0_trap,prime,WL3,end_level_v,1.7999999917721938,1.62,1.9800000000000002,PASS,False
fine_buffered2_fs_1.8_-40_25_3_0_trap,prime,WL3,settled_min_v,1.7997486391707471,1.62,,PASS,False
fine_buffered2_fs_1.8_-40_25_3_0_trap,test,DEC0,upper_excursion_v,1.7999999968234697,,1.9800000000000002,PASS,False
fine_buffered2_fs_1.8_-40_25_3_0_trap,test,DEC0,lower_excursion_v,-0.051594357972787164,-0.18000000000000002,,PASS,False
fine_buffered2_fs_1.8_-40_25_3_0_trap,test,DEC0,end_level_v,1.799999996777006,1.62,1.9800000000000002,PASS,False
fine_buffered2_fs_1.8_-40_25_3_0_trap,test,DEC0,settled_min_v,1.799999945387493,1.62,,PASS,False
fine_buffered2_fs_1.8_-40_25_3_0_trap,test,DEC1,upper_excursion_v,0.0025053503222515405,,1.9800000000000002,PASS,False
fine_buffered2_fs_1.8_-40_25_3_0_trap,test,DEC1,lower_excursion_v,-0.00019863642283342656,-0.18000000000000002,,PASS,False
fine_buffered2_fs_1.8_-40_25_3_0_trap,test,DEC1,end_level_v,-8.282195810838121e-07,-0.18000000000000002,0.18000000000000002,PASS,False
fine_buffered2_fs_1.8_-40_25_3_0_trap,test,DEC1,unselected_max_v,0.0025053503222515405,,0.18000000000000002,PASS,False
fine_buffered2_fs_1.8_-40_25_3_0_trap,test,DEC2,upper_excursion_v,0.0024989281672250386,,1.9800000000000002,PASS,False
fine_buffered2_fs_1.8_-40_25_3_0_trap,test,DEC2,lower_excursion_v,-1.769894932744892e-05,-0.18000000000000002,,PASS,False
fine_buffered2_fs_1.8_-40_25_3_0_trap,test,DEC2,end_level_v,1.4599516844343496e-09,-0.18000000000000002,0.18000000000000002,PASS,False
fine_buffered2_fs_1.8_-40_25_3_0_trap,test,DEC2,unselected_max_v,0.0024989281672250386,,0.18000000000000002,PASS,False
fine_buffered2_fs_1.8_-40_25_3_0_trap,test,DEC3,upper_excursion_v,0.0024989192013367325,,1.9800000000000002,PASS,False
fine_buffered2_fs_1.8_-40_25_3_0_trap,test,DEC3,lower_excursion_v,-1.6414728833937127e-05,-0.18000000000000002,,PASS,False
fine_buffered2_fs_1.8_-40_25_3_0_trap,test,DEC3,end_level_v,1.4601345203714083e-09,-0.18000000000000002,0.18000000000000002,PASS,False
fine_buffered2_fs_1.8_-40_25_3_0_trap,test,DEC3,unselected_max_v,0.0024989192013367325,,0.18000000000000002,PASS,False
fine_buffered2_fs_1.8_-40_25_3_0_trap,test,WL0,upper_excursion_v,1.7999999917721685,,1.9800000000000002,PASS,False
fine_buffered2_fs_1.8_-40_25_3_0_trap,test,WL0,lower_excursion_v,-0.033800197055466066,-0.18000000000000002,,PASS,False
fine_buffered2_fs_1.8_-40_25_3_0_trap,test,WL0,end_level_v,1.7999999917721683,1.62,1.9800000000000002,PASS,False
fine_buffered2_fs_1.8_-40_25_3_0_trap,test,WL0,settled_min_v,1.7997360440953842,1.62,,PASS,False
fine_buffered2_fs_1.8_-40_25_3_0_trap,test,WL1,upper_excursion_v,5.0965640519874276e-06,,1.9800000000000002,PASS,False
fine_buffered2_fs_1.8_-40_25_3_0_trap,test,WL1,lower_excursion_v,-8.513909522417604e-06,-0.18000000000000002,,PASS,False
fine_buffered2_fs_1.8_-40_25_3_0_trap,test,WL1,end_level_v,1.8627473109975423e-08,-0.18000000000000002,0.18000000000000002,PASS,False
fine_buffered2_fs_1.8_-40_25_3_0_trap,test,WL1,unselected_max_v,5.0965640519874276e-06,,0.18000000000000002,PASS,False
fine_buffered2_fs_1.8_-40_25_3_0_trap,test,WL2,upper_excursion_v,5.083228259300351e-06,,1.9800000000000002,PASS,False
fine_buffered2_fs_1.8_-40_25_3_0_trap,test,WL2,lower_excursion_v,-8.088827988619656e-06,-0.18000000000000002,,PASS,False
fine_buffered2_fs_1.8_-40_25_3_0_trap,test,WL2,end_level_v,1.862759667690209e-08,-0.18000000000000002,0.18000000000000002,PASS,False
fine_buffered2_fs_1.8_-40_25_3_0_trap,test,WL2,unselected_max_v,5.083228259300351e-06,,0.18000000000000002,PASS,False
fine_buffered2_fs_1.8_-40_25_3_0_trap,test,WL3,upper_excursion_v,5.083202573169788e-06,,1.9800000000000002,PASS,False
fine_buffered2_fs_1.8_-40_25_3_0_trap,test,WL3,lower_excursion_v,-8.078141198492124e-06,-0.18000000000000002,,PASS,False
fine_buffered2_fs_1.8_-40_25_3_0_trap,test,WL3,end_level_v,1.862759542269562e-08,-0.18000000000000002,0.18000000000000002,PASS,False
fine_buffered2_fs_1.8_-40_25_3_0_trap,test,WL3,unselected_max_v,5.083202573169788e-06,,0.18000000000000002,PASS,False
fine_buffered2_fs_1.8_-40_25_3_0_trap,recovery,DEC0,end_level_v,1.6412442423115844e-07,-0.18000000000000002,0.18000000000000002,PASS,False
fine_buffered2_fs_1.8_-40_25_3_0_trap,recovery,DEC0,settled_max_v,0.0003298996863417478,,0.18000000000000002,PASS,False
fine_buffered2_fs_1.8_-40_25_3_0_trap,recovery,DEC1,end_level_v,9.57204746160345e-08,-0.18000000000000002,0.18000000000000002,PASS,False
fine_buffered2_fs_1.8_-40_25_3_0_trap,recovery,DEC1,settled_max_v,0.0003295823502987076,,0.18000000000000002,PASS,False
fine_buffered2_fs_1.8_-40_25_3_0_trap,recovery,DEC2,end_level_v,6.483395098100209e-09,-0.18000000000000002,0.18000000000000002,PASS,False
fine_buffered2_fs_1.8_-40_25_3_0_trap,recovery,DEC2,settled_max_v,0.0005369150112715854,,0.18000000000000002,PASS,False
fine_buffered2_fs_1.8_-40_25_3_0_trap,recovery,DEC3,end_level_v,6.483501208554775e-09,-0.18000000000000002,0.18000000000000002,PASS,False
fine_buffered2_fs_1.8_-40_25_3_0_trap,recovery,DEC3,settled_max_v,0.000545780241056218,,0.18000000000000002,PASS,False
fine_buffered2_fs_1.8_-40_25_3_0_trap,recovery,WL0,end_level_v,1.8628566988705274e-08,-0.18000000000000002,0.18000000000000002,PASS,False
fine_buffered2_fs_1.8_-40_25_3_0_trap,recovery,WL0,settled_max_v,1.3085020685360504e-06,,0.18000000000000002,PASS,False
fine_buffered2_fs_1.8_-40_25_3_0_trap,recovery,WL1,end_level_v,1.8628128985900552e-08,-0.18000000000000002,0.18000000000000002,PASS,False
fine_buffered2_fs_1.8_-40_25_3_0_trap,recovery,WL1,settled_max_v,1.3073687450994853e-06,,0.18000000000000002,PASS,False
fine_buffered2_fs_1.8_-40_25_3_0_trap,recovery,WL2,end_level_v,1.8627596936947688e-08,-0.18000000000000002,0.18000000000000002,PASS,False
fine_buffered2_fs_1.8_-40_25_3_0_trap,recovery,WL2,settled_max_v,3.885683686616057e-06,,0.18000000000000002,PASS,False
fine_buffered2_fs_1.8_-40_25_3_0_trap,recovery,WL3,end_level_v,1.8627596181591473e-08,-0.18000000000000002,0.18000000000000002,PASS,False
fine_buffered2_fs_1.8_-40_25_3_0_trap,recovery,WL3,settled_max_v,3.861444976317746e-06,,0.18000000000000002,PASS,False
fine_buffered2_fs_1.8_-40_25_3_0_trap,recovery,N0,end_level_v,1.7995484307784717,1.62,1.9800000000000002,PASS,False
fine_buffered2_fs_1.8_-40_25_3_0_trap,recovery,N1,end_level_v,1.7997741231795807,1.62,1.9800000000000002,PASS,False
fine_buffered2_fs_1.8_-40_25_3_0_trap,recovery,N2,end_level_v,1.7999999886993467,1.62,1.9800000000000002,PASS,False
fine_buffered2_fs_1.8_-40_25_3_0_trap,recovery,N3,end_level_v,1.79999998851309,1.62,1.9800000000000002,PASS,False
fine_buffered2_fs_1.8_-40_25_3_0_trap,final_precharge,DEC0,settled_max_v,4.190707801688706e-06,,0.18000000000000002,PASS,False
fine_buffered2_fs_1.8_-40_25_3_0_trap,final_precharge,DEC0,settled_min_v,8.78910763584973e-08,-0.18000000000000002,,PASS,False
fine_buffered2_fs_1.8_-40_25_3_0_trap,final_precharge,DEC1,settled_max_v,1.6029622531412166e-08,,0.18000000000000002,PASS,False
fine_buffered2_fs_1.8_-40_25_3_0_trap,final_precharge,DEC1,settled_min_v,8.026200964267318e-09,-0.18000000000000002,,PASS,False
fine_buffered2_fs_1.8_-40_25_3_0_trap,final_precharge,DEC2,settled_max_v,6.496226559578665e-09,,0.18000000000000002,PASS,False
fine_buffered2_fs_1.8_-40_25_3_0_trap,final_precharge,DEC2,settled_min_v,6.485524868710297e-09,-0.18000000000000002,,PASS,False
fine_buffered2_fs_1.8_-40_25_3_0_trap,final_precharge,DEC3,settled_max_v,6.495066509444235e-09,,0.18000000000000002,PASS,False
fine_buffered2_fs_1.8_-40_25_3_0_trap,final_precharge,DEC3,settled_min_v,6.4855166805441304e-09,-0.18000000000000002,,PASS,False
fine_buffered2_fs_1.8_-40_25_3_0_trap,final_precharge,WL0,settled_max_v,1.8839104876170362e-08,,0.18000000000000002,PASS,False
fine_buffered2_fs_1.8_-40_25_3_0_trap,final_precharge,WL0,settled_min_v,1.8627665849172217e-08,-0.18000000000000002,,PASS,False
fine_buffered2_fs_1.8_-40_25_3_0_trap,final_precharge,WL1,settled_max_v,1.863018535887317e-08,,0.18000000000000002,PASS,False
fine_buffered2_fs_1.8_-40_25_3_0_trap,final_precharge,WL1,settled_min_v,1.8627596005390375e-08,-0.18000000000000002,,PASS,False
fine_buffered2_fs_1.8_-40_25_3_0_trap,final_precharge,WL2,settled_max_v,1.8627597327523057e-08,,0.18000000000000002,PASS,False
fine_buffered2_fs_1.8_-40_25_3_0_trap,final_precharge,WL2,settled_min_v,1.862758171361482e-08,-0.18000000000000002,,PASS,False
fine_buffered2_fs_1.8_-40_25_3_0_trap,final_precharge,WL3,settled_max_v,1.8627597264771e-08,,0.18000000000000002,PASS,False
fine_buffered2_fs_1.8_-40_25_3_0_trap,final_precharge,WL3,settled_min_v,1.8627582343543777e-08,-0.18000000000000002,,PASS,False
fine_buffered2_fs_1.8_-40_25_3_0_trap,final_precharge,N0,end_level_v,1.7994878089042805,1.62,1.9800000000000002,PASS,False
fine_buffered2_fs_1.8_-40_25_3_0_trap,final_precharge,N1,end_level_v,1.7999720713758305,1.62,1.9800000000000002,PASS,False
fine_buffered2_fs_1.8_-40_25_3_0_trap,final_precharge,N2,end_level_v,1.7999999851123376,1.62,1.9800000000000002,PASS,False
fine_buffered2_fs_1.8_-40_25_3_0_trap,final_precharge,N3,end_level_v,1.7999999851354669,1.62,1.9800000000000002,PASS,False
