case,phase,output,metric,value,low,high,result,settling_allowance_only
tt_00_to_00,prime,DEC0,upper_excursion_v,1.8000009171266609,,1.9800000000000002,PASS,False
tt_00_to_00,prime,DEC0,lower_excursion_v,-0.024932927661242974,-0.18000000000000002,,PASS,False
tt_00_to_00,prime,DEC0,end_level_v,1.7999999534747073,1.62,1.9800000000000002,PASS,False
tt_00_to_00,prime,DEC0,settled_min_v,1.799999927226137,1.62,,PASS,False
tt_00_to_00,prime,DEC1,upper_excursion_v,0.019758159372580797,,1.9800000000000002,PASS,False
tt_00_to_00,prime,DEC1,lower_excursion_v,-6.8885656601680445e-06,-0.18000000000000002,,PASS,False
tt_00_to_00,prime,DEC1,end_level_v,-2.44074990629617e-06,-0.18000000000000002,0.18000000000000002,PASS,False
tt_00_to_00,prime,DEC1,unselected_max_v,0.019758159372580797,,0.18000000000000002,PASS,False
tt_00_to_00,prime,DEC2,upper_excursion_v,0.008927601978666766,,1.9800000000000002,PASS,False
tt_00_to_00,prime,DEC2,lower_excursion_v,-9.332560634402534e-08,-0.18000000000000002,,PASS,False
tt_00_to_00,prime,DEC2,end_level_v,5.448469780785983e-09,-0.18000000000000002,0.18000000000000002,PASS,False
tt_00_to_00,prime,DEC2,unselected_max_v,0.008927601978666766,,0.18000000000000002,PASS,False
tt_00_to_00,prime,DEC3,upper_excursion_v,0.035008133787545206,,1.9800000000000002,PASS,False
tt_00_to_00,prime,DEC3,lower_excursion_v,-8.542106108599175e-08,-0.18000000000000002,,PASS,False
tt_00_to_00,prime,DEC3,end_level_v,6.5214004305209615e-09,-0.18000000000000002,0.18000000000000002,PASS,False
tt_00_to_00,prime,DEC3,unselected_max_v,0.035008133787545206,,0.18000000000000002,PASS,False
tt_00_to_00,prime,WL0,upper_excursion_v,1.7999999899799095,,1.9800000000000002,PASS,False
tt_00_to_00,prime,WL0,lower_excursion_v,-0.025527732690291786,-0.18000000000000002,,PASS,False
tt_00_to_00,prime,WL0,end_level_v,1.799999989979909,1.62,1.9800000000000002,PASS,False
tt_00_to_00,prime,WL0,settled_min_v,1.7968998765525832,1.62,,PASS,False
tt_00_to_00,prime,WL1,upper_excursion_v,1.4747538380069551e-05,,1.9800000000000002,PASS,False
tt_00_to_00,prime,WL1,lower_excursion_v,-1.7306147357155378e-05,-0.18000000000000002,,PASS,False
tt_00_to_00,prime,WL1,end_level_v,2.914764769774521e-07,-0.18000000000000002,0.18000000000000002,PASS,False
tt_00_to_00,prime,WL1,unselected_max_v,1.4747538380069551e-05,,0.18000000000000002,PASS,False
tt_00_to_00,prime,WL2,upper_excursion_v,1.0579133179236995e-05,,1.9800000000000002,PASS,False
tt_00_to_00,prime,WL2,lower_excursion_v,-1.9896057671220214e-05,-0.18000000000000002,,PASS,False
tt_00_to_00,prime,WL2,end_level_v,2.914771243383861e-07,-0.18000000000000002,0.18000000000000002,PASS,False
tt_00_to_00,prime,WL2,unselected_max_v,1.0579133179236995e-05,,0.18000000000000002,PASS,False
tt_00_to_00,prime,WL3,upper_excursion_v,4.56362254542078e-05,,1.9800000000000002,PASS,False
tt_00_to_00,prime,WL3,lower_excursion_v,-7.998950856269111e-05,-0.18000000000000002,,PASS,False
tt_00_to_00,prime,WL3,end_level_v,2.9147712673903743e-07,-0.18000000000000002,0.18000000000000002,PASS,False
tt_00_to_00,prime,WL3,unselected_max_v,4.56362254542078e-05,,0.18000000000000002,PASS,False
tt_00_to_00,test,DEC0,upper_excursion_v,1.8000010362519467,,1.9800000000000002,PASS,False
tt_00_to_00,test,DEC0,lower_excursion_v,-0.024979187475601593,-0.18000000000000002,,PASS,False
tt_00_to_00,test,DEC0,end_level_v,1.7999999718677517,1.62,1.9800000000000002,PASS,False
tt_00_to_00,test,DEC0,settled_min_v,1.7999999692878943,1.62,,PASS,False
tt_00_to_00,test,DEC1,upper_excursion_v,0.019745312918614116,,1.9800000000000002,PASS,False
tt_00_to_00,test,DEC1,lower_excursion_v,-1.356819925746322e-06,-0.18000000000000002,,PASS,False
tt_00_to_00,test,DEC1,end_level_v,-1.0086715484802782e-06,-0.18000000000000002,0.18000000000000002,PASS,False
tt_00_to_00,test,DEC1,unselected_max_v,0.019745312918614116,,0.18000000000000002,PASS,False
tt_00_to_00,test,DEC2,upper_excursion_v,0.00892804265375086,,1.9800000000000002,PASS,False
tt_00_to_00,test,DEC2,lower_excursion_v,5.3957095618153354e-08,-0.18000000000000002,,PASS,False
tt_00_to_00,test,DEC2,end_level_v,6.337709997430995e-08,-0.18000000000000002,0.18000000000000002,PASS,False
tt_00_to_00,test,DEC2,unselected_max_v,0.00892804265375086,,0.18000000000000002,PASS,False
tt_00_to_00,test,DEC3,upper_excursion_v,0.035009477958265096,,1.9800000000000002,PASS,False
tt_00_to_00,test,DEC3,lower_excursion_v,4.923220942975714e-08,-0.18000000000000002,,PASS,False
tt_00_to_00,test,DEC3,end_level_v,5.778651798434355e-08,-0.18000000000000002,0.18000000000000002,PASS,False
tt_00_to_00,test,DEC3,unselected_max_v,0.035009477958265096,,0.18000000000000002,PASS,False
tt_00_to_00,test,WL0,upper_excursion_v,1.7999999899799215,,1.9800000000000002,PASS,False
tt_00_to_00,test,WL0,lower_excursion_v,-0.025431289257272005,-0.18000000000000002,,PASS,False
tt_00_to_00,test,WL0,end_level_v,1.7999999899799213,1.62,1.9800000000000002,PASS,False
tt_00_to_00,test,WL0,settled_min_v,1.796819678658627,1.62,,PASS,False
tt_00_to_00,test,WL1,upper_excursion_v,1.4690418535303457e-05,,1.9800000000000002,PASS,False
tt_00_to_00,test,WL1,lower_excursion_v,-1.7300284978114844e-05,-0.18000000000000002,,PASS,False
tt_00_to_00,test,WL1,end_level_v,2.914770914293128e-07,-0.18000000000000002,0.18000000000000002,PASS,False
tt_00_to_00,test,WL1,unselected_max_v,1.4690418535303457e-05,,0.18000000000000002,PASS,False
tt_00_to_00,test,WL2,upper_excursion_v,1.0586126555437721e-05,,1.9800000000000002,PASS,False
tt_00_to_00,test,WL2,lower_excursion_v,-1.9909936985113547e-05,-0.18000000000000002,,PASS,False
tt_00_to_00,test,WL2,end_level_v,2.914771489986713e-07,-0.18000000000000002,0.18000000000000002,PASS,False
tt_00_to_00,test,WL2,unselected_max_v,1.0586126555437721e-05,,0.18000000000000002,PASS,False
tt_00_to_00,test,WL3,upper_excursion_v,4.564283905671876e-05,,1.9800000000000002,PASS,False
tt_00_to_00,test,WL3,lower_excursion_v,-7.999405683648802e-05,-0.18000000000000002,,PASS,False
tt_00_to_00,test,WL3,end_level_v,2.91477148750491e-07,-0.18000000000000002,0.18000000000000002,PASS,False
tt_00_to_00,test,WL3,unselected_max_v,4.564283905671876e-05,,0.18000000000000002,PASS,False
tt_00_to_00,recovery,DEC0,end_level_v,1.1322053363643468e-06,-0.18000000000000002,0.18000000000000002,PASS,False
tt_00_to_00,recovery,DEC0,settled_max_v,6.292668551431786e-05,,0.18000000000000002,PASS,False
tt_00_to_00,recovery,DEC1,end_level_v,1.1585332606722097e-06,-0.18000000000000002,0.18000000000000002,PASS,False
tt_00_to_00,recovery,DEC1,settled_max_v,1.769314073360968e-05,,0.18000000000000002,PASS,False
tt_00_to_00,recovery,DEC2,end_level_v,1.2379698634930612e-06,-0.18000000000000002,0.18000000000000002,PASS,False
tt_00_to_00,recovery,DEC2,settled_max_v,1.8135690902250587e-05,,0.18000000000000002,PASS,False
tt_00_to_00,recovery,DEC3,end_level_v,1.1636564622664793e-06,-0.18000000000000002,0.18000000000000002,PASS,False
tt_00_to_00,recovery,DEC3,settled_max_v,1.7838927091781407e-05,,0.18000000000000002,PASS,False
tt_00_to_00,recovery,WL0,end_level_v,2.9147724058400704e-07,-0.18000000000000002,0.18000000000000002,PASS,False
tt_00_to_00,recovery,WL0,settled_max_v,3.3090785632952334e-07,,0.18000000000000002,PASS,False
tt_00_to_00,recovery,WL1,end_level_v,2.9147722888861847e-07,-0.18000000000000002,0.18000000000000002,PASS,False
tt_00_to_00,recovery,WL1,settled_max_v,2.928604478147902e-07,,0.18000000000000002,PASS,False
tt_00_to_00,recovery,WL2,end_level_v,2.9147723585705434e-07,-0.18000000000000002,0.18000000000000002,PASS,False
tt_00_to_00,recovery,WL2,settled_max_v,2.9315196312233673e-07,,0.18000000000000002,PASS,False
tt_00_to_00,recovery,WL3,end_level_v,2.914772290009807e-07,-0.18000000000000002,0.18000000000000002,PASS,False
tt_00_to_00,recovery,WL3,settled_max_v,2.933128840407011e-07,,0.18000000000000002,PASS,False
tt_00_to_00,recovery,N0,end_level_v,1.799505184491521,1.62,1.9800000000000002,PASS,False
tt_00_to_00,recovery,N1,end_level_v,1.7999857766868346,1.62,1.9800000000000002,PASS,False
tt_00_to_00,recovery,N2,end_level_v,1.800002890099437,1.62,1.9800000000000002,PASS,False
tt_00_to_00,recovery,N3,end_level_v,1.7999998977187532,1.62,1.9800000000000002,PASS,False
tt_00_to_00,final_precharge,DEC0,settled_max_v,6.294734453788132e-05,,0.18000000000000002,PASS,False
tt_00_to_00,final_precharge,DEC0,settled_min_v,2.320017278614949e-06,-0.18000000000000002,,PASS,False
tt_00_to_00,final_precharge,DEC1,settled_max_v,1.765411479711526e-05,,0.18000000000000002,PASS,False
tt_00_to_00,final_precharge,DEC1,settled_min_v,2.178487328585724e-06,-0.18000000000000002,,PASS,False
tt_00_to_00,final_precharge,DEC2,settled_max_v,1.8130602814997064e-05,,0.18000000000000002,PASS,False
tt_00_to_00,final_precharge,DEC2,settled_min_v,2.346489653511459e-06,-0.18000000000000002,,PASS,False
tt_00_to_00,final_precharge,DEC3,settled_max_v,1.7833657627479816e-05,,0.18000000000000002,PASS,False
tt_00_to_00,final_precharge,DEC3,settled_min_v,2.1845869503266922e-06,-0.18000000000000002,,PASS,False
tt_00_to_00,final_precharge,WL0,settled_max_v,3.3090960417244604e-07,,0.18000000000000002,PASS,False
tt_00_to_00,final_precharge,WL0,settled_min_v,2.914782534868581e-07,-0.18000000000000002,,PASS,False
tt_00_to_00,final_precharge,WL1,settled_max_v,2.9285786591519456e-07,,0.18000000000000002,PASS,False
tt_00_to_00,final_precharge,WL1,settled_min_v,2.914779154024122e-07,-0.18000000000000002,,PASS,False
tt_00_to_00,final_precharge,WL2,settled_max_v,2.931521239561663e-07,,0.18000000000000002,PASS,False
tt_00_to_00,final_precharge,WL2,settled_min_v,2.914779774209763e-07,-0.18000000000000002,,PASS,False
tt_00_to_00,final_precharge,WL3,settled_max_v,2.933130022200436e-07,,0.18000000000000002,PASS,False
tt_00_to_00,final_precharge,WL3,settled_min_v,2.914779188752064e-07,-0.18000000000000002,,PASS,False
tt_00_to_00,final_precharge,N0,end_level_v,1.798890975000384,1.62,1.9800000000000002,PASS,False
tt_00_to_00,final_precharge,N1,end_level_v,1.7999930479256687,1.62,1.9800000000000002,PASS,False
tt_00_to_00,final_precharge,N2,end_level_v,1.800006464970333,1.62,1.9800000000000002,PASS,False
tt_00_to_00,final_precharge,N3,end_level_v,1.7999998574555272,1.62,1.9800000000000002,PASS,False
tt_00_to_00,pex_recovery,N0.N0.t1,dynamic_segment_level_v,1.7995404019851249,1.62,1.9800000000000002,PASS,False
tt_00_to_00,pex_final_precharge,N0.N0.t1,dynamic_segment_level_v,1.7989699468571907,1.62,1.9800000000000002,PASS,False
tt_00_to_00,pex_recovery,N0.N0.n1,dynamic_segment_level_v,1.7995052269637704,1.62,1.9800000000000002,PASS,False
tt_00_to_00,pex_final_precharge,N0.N0.n1,dynamic_segment_level_v,1.7988911771111056,1.62,1.9800000000000002,PASS,False
tt_00_to_00,pex_recovery,N0.N0.t0,dynamic_segment_level_v,1.799496824711614,1.62,1.9800000000000002,PASS,False
tt_00_to_00,pex_final_precharge,N0.N0.t0,dynamic_segment_level_v,1.798872523704345,1.62,1.9800000000000002,PASS,False
tt_00_to_00,pex_recovery,N0.N0.n0,dynamic_segment_level_v,1.7995052271262166,1.62,1.9800000000000002,PASS,False
tt_00_to_00,pex_final_precharge,N0.N0.n0,dynamic_segment_level_v,1.7988911837198003,1.62,1.9800000000000002,PASS,False
tt_00_to_00,pex_recovery,N0.N0,dynamic_segment_level_v,1.799505184491521,1.62,1.9800000000000002,PASS,False
tt_00_to_00,pex_final_precharge,N0.N0,dynamic_segment_level_v,1.798890975000384,1.62,1.9800000000000002,PASS,False
tt_00_to_00,pex_recovery,N0.N0.t2,dynamic_segment_level_v,1.7995051786679523,1.62,1.9800000000000002,PASS,False
tt_00_to_00,pex_final_precharge,N0.N0.t2,dynamic_segment_level_v,1.7988909484819848,1.62,1.9800000000000002,PASS,False
tt_00_to_00,pex_recovery,N0.N0.t3,dynamic_segment_level_v,1.799505184491521,1.62,1.9800000000000002,PASS,False
tt_00_to_00,pex_final_precharge,N0.N0.t3,dynamic_segment_level_v,1.798890975000384,1.62,1.9800000000000002,PASS,False
tt_00_to_00,pex_recovery,N1.N1.t2,dynamic_segment_level_v,1.7999857762320712,1.62,1.9800000000000002,PASS,False
tt_00_to_00,pex_final_precharge,N1.N1.t2,dynamic_segment_level_v,1.7999930468032923,1.62,1.9800000000000002,PASS,False
tt_00_to_00,pex_recovery,N1.N1.t1,dynamic_segment_level_v,1.799986719384275,1.62,1.9800000000000002,PASS,False
tt_00_to_00,pex_final_precharge,N1.N1.t1,dynamic_segment_level_v,1.7999933945185236,1.62,1.9800000000000002,PASS,False
tt_00_to_00,pex_recovery,N1.N1,dynamic_segment_level_v,1.7999857766868346,1.62,1.9800000000000002,PASS,False
tt_00_to_00,pex_final_precharge,N1.N1,dynamic_segment_level_v,1.7999930479256687,1.62,1.9800000000000002,PASS,False
tt_00_to_00,pex_recovery,N1.N1.n0,dynamic_segment_level_v,1.7999857750215824,1.62,1.9800000000000002,PASS,False
tt_00_to_00,pex_final_precharge,N1.N1.n0,dynamic_segment_level_v,1.7999930440338756,1.62,1.9800000000000002,PASS,False
tt_00_to_00,pex_recovery,N1.N1.t0,dynamic_segment_level_v,1.7999855120449495,1.62,1.9800000000000002,PASS,False
tt_00_to_00,pex_final_precharge,N1.N1.t0,dynamic_segment_level_v,1.7999928929799194,1.62,1.9800000000000002,PASS,False
tt_00_to_00,pex_recovery,N1.N1.n1,dynamic_segment_level_v,1.7999857766164233,1.62,1.9800000000000002,PASS,False
tt_00_to_00,pex_final_precharge,N1.N1.n1,dynamic_segment_level_v,1.7999930470268195,1.62,1.9800000000000002,PASS,False
tt_00_to_00,pex_recovery,N1.N1.t3,dynamic_segment_level_v,1.7999857766868346,1.62,1.9800000000000002,PASS,False
tt_00_to_00,pex_final_precharge,N1.N1.t3,dynamic_segment_level_v,1.7999930479256687,1.62,1.9800000000000002,PASS,False
tt_00_to_00,pex_recovery,N2.N2.n1,dynamic_segment_level_v,1.8000028892500628,1.62,1.9800000000000002,PASS,False
tt_00_to_00,pex_final_precharge,N2.N2.n1,dynamic_segment_level_v,1.800006462348286,1.62,1.9800000000000002,PASS,False
tt_00_to_00,pex_recovery,N2.N2.t0,dynamic_segment_level_v,1.8000028861963109,1.62,1.9800000000000002,PASS,False
tt_00_to_00,pex_final_precharge,N2.N2.t0,dynamic_segment_level_v,1.8000064557791053,1.62,1.9800000000000002,PASS,False
tt_00_to_00,pex_recovery,N2.N2.t2,dynamic_segment_level_v,1.8000028894625508,1.62,1.9800000000000002,PASS,False
tt_00_to_00,pex_final_precharge,N2.N2.t2,dynamic_segment_level_v,1.8000064633263704,1.62,1.9800000000000002,PASS,False
tt_00_to_00,pex_recovery,N2.N2.n0,dynamic_segment_level_v,1.8000028862856972,1.62,1.9800000000000002,PASS,False
tt_00_to_00,pex_final_precharge,N2.N2.n0,dynamic_segment_level_v,1.8000064558209818,1.62,1.9800000000000002,PASS,False
tt_00_to_00,pex_recovery,N2.N2.t1,dynamic_segment_level_v,1.8000026131087656,1.62,1.9800000000000002,PASS,False
tt_00_to_00,pex_final_precharge,N2.N2.t1,dynamic_segment_level_v,1.8000058533620993,1.62,1.9800000000000002,PASS,False
tt_00_to_00,pex_recovery,N2.N2.t3,dynamic_segment_level_v,1.800002890099437,1.62,1.9800000000000002,PASS,False
tt_00_to_00,pex_final_precharge,N2.N2.t3,dynamic_segment_level_v,1.800006464970333,1.62,1.9800000000000002,PASS,False
tt_00_to_00,pex_recovery,N2.N2,dynamic_segment_level_v,1.800002890099437,1.62,1.9800000000000002,PASS,False
tt_00_to_00,pex_final_precharge,N2.N2,dynamic_segment_level_v,1.800006464970333,1.62,1.9800000000000002,PASS,False
tt_00_to_00,pex_recovery,N3.N3.t1,dynamic_segment_level_v,1.7999998360314635,1.62,1.9800000000000002,PASS,False
tt_00_to_00,pex_final_precharge,N3.N3.t1,dynamic_segment_level_v,1.7999997218992525,1.62,1.9800000000000002,PASS,False
tt_00_to_00,pex_recovery,N3.N3.t2,dynamic_segment_level_v,1.7999998974676439,1.62,1.9800000000000002,PASS,False
tt_00_to_00,pex_final_precharge,N3.N3.t2,dynamic_segment_level_v,1.7999998565847337,1.62,1.9800000000000002,PASS,False
tt_00_to_00,pex_recovery,N3.N3.t0,dynamic_segment_level_v,1.7999998967128215,1.62,1.9800000000000002,PASS,False
tt_00_to_00,pex_final_precharge,N3.N3.t0,dynamic_segment_level_v,1.7999998552208087,1.62,1.9800000000000002,PASS,False
tt_00_to_00,pex_recovery,N3.N3,dynamic_segment_level_v,1.7999998977187532,1.62,1.9800000000000002,PASS,False
tt_00_to_00,pex_final_precharge,N3.N3,dynamic_segment_level_v,1.7999998574555272,1.62,1.9800000000000002,PASS,False
tt_00_to_00,pex_recovery,N3.N3.n0,dynamic_segment_level_v,1.7999998968711912,1.62,1.9800000000000002,PASS,False
tt_00_to_00,pex_final_precharge,N3.N3.n0,dynamic_segment_level_v,1.799999855463348,1.62,1.9800000000000002,PASS,False
tt_00_to_00,pex_recovery,N3.N3.n1,dynamic_segment_level_v,1.7999998975387999,1.62,1.9800000000000002,PASS,False
tt_00_to_00,pex_final_precharge,N3.N3.n1,dynamic_segment_level_v,1.7999998569243867,1.62,1.9800000000000002,PASS,False
tt_00_to_00,pex_recovery,N3.N3.t3,dynamic_segment_level_v,1.7999998977187532,1.62,1.9800000000000002,PASS,False
tt_00_to_00,pex_final_precharge,N3.N3.t3,dynamic_segment_level_v,1.7999998574555272,1.62,1.9800000000000002,PASS,False
tt_00_to_01,prime,DEC0,upper_excursion_v,1.8000009171266609,,1.9800000000000002,PASS,False
tt_00_to_01,prime,DEC0,lower_excursion_v,-0.024932927661242974,-0.18000000000000002,,PASS,False
tt_00_to_01,prime,DEC0,end_level_v,1.7999999534747073,1.62,1.9800000000000002,PASS,False
tt_00_to_01,prime,DEC0,settled_min_v,1.799999927226137,1.62,,PASS,False
tt_00_to_01,prime,DEC1,upper_excursion_v,0.019758159372580797,,1.9800000000000002,PASS,False
tt_00_to_01,prime,DEC1,lower_excursion_v,-6.8885656601680445e-06,-0.18000000000000002,,PASS,False
tt_00_to_01,prime,DEC1,end_level_v,-2.44074990629617e-06,-0.18000000000000002,0.18000000000000002,PASS,False
tt_00_to_01,prime,DEC1,unselected_max_v,0.019758159372580797,,0.18000000000000002,PASS,False
tt_00_to_01,prime,DEC2,upper_excursion_v,0.008927601978666766,,1.9800000000000002,PASS,False
tt_00_to_01,prime,DEC2,lower_excursion_v,-9.332560634402534e-08,-0.18000000000000002,,PASS,False
tt_00_to_01,prime,DEC2,end_level_v,5.448469780785983e-09,-0.18000000000000002,0.18000000000000002,PASS,False
tt_00_to_01,prime,DEC2,unselected_max_v,0.008927601978666766,,0.18000000000000002,PASS,False
tt_00_to_01,prime,DEC3,upper_excursion_v,0.035008133787545206,,1.9800000000000002,PASS,False
tt_00_to_01,prime,DEC3,lower_excursion_v,-8.542106108599175e-08,-0.18000000000000002,,PASS,False
tt_00_to_01,prime,DEC3,end_level_v,6.5214004305209615e-09,-0.18000000000000002,0.18000000000000002,PASS,False
tt_00_to_01,prime,DEC3,unselected_max_v,0.035008133787545206,,0.18000000000000002,PASS,False
tt_00_to_01,prime,WL0,upper_excursion_v,1.7999999899799095,,1.9800000000000002,PASS,False
tt_00_to_01,prime,WL0,lower_excursion_v,-0.025527732690291786,-0.18000000000000002,,PASS,False
tt_00_to_01,prime,WL0,end_level_v,1.799999989979909,1.62,1.9800000000000002,PASS,False
tt_00_to_01,prime,WL0,settled_min_v,1.7968998765525832,1.62,,PASS,False
tt_00_to_01,prime,WL1,upper_excursion_v,1.4747538380069551e-05,,1.9800000000000002,PASS,False
tt_00_to_01,prime,WL1,lower_excursion_v,-1.7306147357155378e-05,-0.18000000000000002,,PASS,False
tt_00_to_01,prime,WL1,end_level_v,2.914764769774521e-07,-0.18000000000000002,0.18000000000000002,PASS,False
tt_00_to_01,prime,WL1,unselected_max_v,1.4747538380069551e-05,,0.18000000000000002,PASS,False
tt_00_to_01,prime,WL2,upper_excursion_v,1.0579133179236995e-05,,1.9800000000000002,PASS,False
tt_00_to_01,prime,WL2,lower_excursion_v,-1.9896057671220214e-05,-0.18000000000000002,,PASS,False
tt_00_to_01,prime,WL2,end_level_v,2.914771243383861e-07,-0.18000000000000002,0.18000000000000002,PASS,False
tt_00_to_01,prime,WL2,unselected_max_v,1.0579133179236995e-05,,0.18000000000000002,PASS,False
tt_00_to_01,prime,WL3,upper_excursion_v,4.56362254542078e-05,,1.9800000000000002,PASS,False
tt_00_to_01,prime,WL3,lower_excursion_v,-7.998950856269111e-05,-0.18000000000000002,,PASS,False
tt_00_to_01,prime,WL3,end_level_v,2.9147712673903743e-07,-0.18000000000000002,0.18000000000000002,PASS,False
tt_00_to_01,prime,WL3,unselected_max_v,4.56362254542078e-05,,0.18000000000000002,PASS,False
tt_00_to_01,test,DEC0,upper_excursion_v,0.0165461935564868,,1.9800000000000002,PASS,False
tt_00_to_01,test,DEC0,lower_excursion_v,-7.96694266817988e-06,-0.18000000000000002,,PASS,False
tt_00_to_01,test,DEC0,end_level_v,-2.2946315043869475e-06,-0.18000000000000002,0.18000000000000002,PASS,False
tt_00_to_01,test,DEC0,unselected_max_v,0.0165461935564868,,0.18000000000000002,PASS,False
tt_00_to_01,test,DEC1,upper_excursion_v,1.7999996351120886,,1.9800000000000002,PASS,False
tt_00_to_01,test,DEC1,lower_excursion_v,-0.02433401151550052,-0.18000000000000002,,PASS,False
tt_00_to_01,test,DEC1,end_level_v,1.7999996351120886,1.62,1.9800000000000002,PASS,False
tt_00_to_01,test,DEC1,settled_min_v,1.7999959471274793,1.62,,PASS,False
tt_00_to_01,test,DEC2,upper_excursion_v,0.023938930079814336,,1.9800000000000002,PASS,False
tt_00_to_01,test,DEC2,lower_excursion_v,-1.1513185288144524e-07,-0.18000000000000002,,PASS,False
tt_00_to_01,test,DEC2,end_level_v,9.690736738239505e-09,-0.18000000000000002,0.18000000000000002,PASS,False
tt_00_to_01,test,DEC2,unselected_max_v,0.023938930079814336,,0.18000000000000002,PASS,False
tt_00_to_01,test,DEC3,upper_excursion_v,0.03496948282432273,,1.9800000000000002,PASS,False
tt_00_to_01,test,DEC3,lower_excursion_v,-1.369882967528933e-07,-0.18000000000000002,,PASS,False
tt_00_to_01,test,DEC3,end_level_v,1.642314349597177e-08,-0.18000000000000002,0.18000000000000002,PASS,False
tt_00_to_01,test,DEC3,unselected_max_v,0.03496948282432273,,0.18000000000000002,PASS,False
tt_00_to_01,test,WL0,upper_excursion_v,1.1935859815558096e-05,,1.9800000000000002,PASS,False
tt_00_to_01,test,WL0,lower_excursion_v,-1.0985154220319557e-05,-0.18000000000000002,,PASS,False
tt_00_to_01,test,WL0,end_level_v,2.9147646185560803e-07,-0.18000000000000002,0.18000000000000002,PASS,False
tt_00_to_01,test,WL0,unselected_max_v,1.1935859815558096e-05,,0.18000000000000002,PASS,False
tt_00_to_01,test,WL1,upper_excursion_v,1.7999999899798134,,1.9800000000000002,PASS,False
tt_00_to_01,test,WL1,lower_excursion_v,-0.023658524931009665,-0.18000000000000002,,PASS,False
tt_00_to_01,test,WL1,end_level_v,1.7999999899798134,1.62,1.9800000000000002,PASS,False
tt_00_to_01,test,WL1,settled_min_v,1.7963590572233183,1.62,,PASS,False
tt_00_to_01,test,WL2,upper_excursion_v,1.6483861518640167e-05,,1.9800000000000002,PASS,False
tt_00_to_01,test,WL2,lower_excursion_v,-1.9836997836232713e-05,-0.18000000000000002,,PASS,False
tt_00_to_01,test,WL2,end_level_v,2.9147712772691046e-07,-0.18000000000000002,0.18000000000000002,PASS,False
tt_00_to_01,test,WL2,unselected_max_v,1.6483861518640167e-05,,0.18000000000000002,PASS,False
tt_00_to_01,test,WL3,upper_excursion_v,4.5624508461340525e-05,,1.9800000000000002,PASS,False
tt_00_to_01,test,WL3,lower_excursion_v,-8.064780454453326e-05,-0.18000000000000002,,PASS,False
tt_00_to_01,test,WL3,end_level_v,2.914771229721266e-07,-0.18000000000000002,0.18000000000000002,PASS,False
tt_00_to_01,test,WL3,unselected_max_v,4.5624508461340525e-05,,0.18000000000000002,PASS,False
tt_00_to_01,recovery,DEC0,end_level_v,2.691622525216902e-06,-0.18000000000000002,0.18000000000000002,PASS,False
tt_00_to_01,recovery,DEC0,settled_max_v,0.0014366442236212528,,0.18000000000000002,PASS,False
tt_00_to_01,recovery,DEC1,end_level_v,1.6324486328122523e-06,-0.18000000000000002,0.18000000000000002,PASS,False
tt_00_to_01,recovery,DEC1,settled_max_v,0.0012108656277728669,,0.18000000000000002,PASS,False
tt_00_to_01,recovery,DEC2,end_level_v,2.7484771861101575e-06,-0.18000000000000002,0.18000000000000002,PASS,False
tt_00_to_01,recovery,DEC2,settled_max_v,0.0015008782428417005,,0.18000000000000002,PASS,False
tt_00_to_01,recovery,DEC3,end_level_v,2.4950488360799743e-06,-0.18000000000000002,0.18000000000000002,PASS,False
tt_00_to_01,recovery,DEC3,settled_max_v,0.006115821320655755,,0.18000000000000002,PASS,False
tt_00_to_01,recovery,WL0,end_level_v,2.914913472225446e-07,-0.18000000000000002,0.18000000000000002,PASS,False
tt_00_to_01,recovery,WL0,settled_max_v,4.163184701457969e-06,,0.18000000000000002,PASS,False
tt_00_to_01,recovery,WL1,end_level_v,2.914931832100383e-07,-0.18000000000000002,0.18000000000000002,PASS,False
tt_00_to_01,recovery,WL1,settled_max_v,3.476970307558779e-06,,0.18000000000000002,PASS,False
tt_00_to_01,recovery,WL2,end_level_v,2.914893788853287e-07,-0.18000000000000002,0.18000000000000002,PASS,False
tt_00_to_01,recovery,WL2,settled_max_v,4.307818652074603e-06,,0.18000000000000002,PASS,False
tt_00_to_01,recovery,WL3,end_level_v,2.914882738238625e-07,-0.18000000000000002,0.18000000000000002,PASS,False
tt_00_to_01,recovery,WL3,settled_max_v,1.3257149150760267e-05,,0.18000000000000002,PASS,False
tt_00_to_01,recovery,N0,end_level_v,1.7995402069593662,1.62,1.9800000000000002,PASS,False
tt_00_to_01,recovery,N1,end_level_v,1.7997792697738673,1.62,1.9800000000000002,PASS,False
tt_00_to_01,recovery,N2,end_level_v,1.8000055136266635,1.62,1.9800000000000002,PASS,False
tt_00_to_01,recovery,N3,end_level_v,1.8000132941174016,1.62,1.9800000000000002,PASS,False
tt_00_to_01,final_precharge,DEC0,settled_max_v,1.610109247295032e-05,,0.18000000000000002,PASS,False
tt_00_to_01,final_precharge,DEC0,settled_min_v,1.999051165458841e-06,-0.18000000000000002,,PASS,False
tt_00_to_01,final_precharge,DEC1,settled_max_v,6.991713436770017e-05,,0.18000000000000002,PASS,False
tt_00_to_01,final_precharge,DEC1,settled_min_v,2.6587364918007104e-06,-0.18000000000000002,,PASS,False
tt_00_to_01,final_precharge,DEC2,settled_max_v,2.4333386829205036e-05,,0.18000000000000002,PASS,False
tt_00_to_01,final_precharge,DEC2,settled_min_v,2.488051866824474e-06,-0.18000000000000002,,PASS,False
tt_00_to_01,final_precharge,DEC3,settled_max_v,2.3238856822093626e-05,,0.18000000000000002,PASS,False
tt_00_to_01,final_precharge,DEC3,settled_min_v,2.347731140961161e-06,-0.18000000000000002,,PASS,False
tt_00_to_01,final_precharge,WL0,settled_max_v,2.920131324749527e-07,,0.18000000000000002,PASS,False
tt_00_to_01,final_precharge,WL0,settled_min_v,2.9147785607682183e-07,-0.18000000000000002,,PASS,False
tt_00_to_01,final_precharge,WL1,settled_max_v,3.4126280666274207e-07,,0.18000000000000002,PASS,False
tt_00_to_01,final_precharge,WL1,settled_min_v,2.914784641705073e-07,-0.18000000000000002,,PASS,False
tt_00_to_01,final_precharge,WL2,settled_max_v,2.9317383824090027e-07,,0.18000000000000002,PASS,False
tt_00_to_01,final_precharge,WL2,settled_min_v,2.9147808136506176e-07,-0.18000000000000002,,PASS,False
tt_00_to_01,final_precharge,WL3,settled_max_v,2.934942813322981e-07,,0.18000000000000002,PASS,False
tt_00_to_01,final_precharge,WL3,settled_min_v,2.914780229320961e-07,-0.18000000000000002,,PASS,False
tt_00_to_01,final_precharge,N0,end_level_v,1.7999680416728472,1.62,1.9800000000000002,PASS,False
tt_00_to_01,final_precharge,N1,end_level_v,1.7988603305102593,1.62,1.9800000000000002,PASS,False
tt_00_to_01,final_precharge,N2,end_level_v,1.8000002500990973,1.62,1.9800000000000002,PASS,False
tt_00_to_01,final_precharge,N3,end_level_v,1.8000035749544083,1.62,1.9800000000000002,PASS,False
tt_00_to_01,pex_recovery,N0.N0.t1,dynamic_segment_level_v,1.7995729827642724,1.62,1.9800000000000002,PASS,False
tt_00_to_01,pex_final_precharge,N0.N0.t1,dynamic_segment_level_v,1.7999701709038822,1.62,1.9800000000000002,PASS,False
tt_00_to_01,pex_recovery,N0.N0.n1,dynamic_segment_level_v,1.7995404461683238,1.62,1.9800000000000002,PASS,False
tt_00_to_01,pex_final_precharge,N0.N0.n1,dynamic_segment_level_v,1.799968042352068,1.62,1.9800000000000002,PASS,False
tt_00_to_01,pex_recovery,N0.N0.t0,dynamic_segment_level_v,1.799532708281937,1.62,1.9800000000000002,PASS,False
tt_00_to_01,pex_final_precharge,N0.N0.t0,dynamic_segment_level_v,1.799967485229021,1.62,1.9800000000000002,PASS,False
tt_00_to_01,pex_recovery,N0.N0.n0,dynamic_segment_level_v,1.7995404464594145,1.62,1.9800000000000002,PASS,False
tt_00_to_01,pex_final_precharge,N0.N0.n0,dynamic_segment_level_v,1.799968040285258,1.62,1.9800000000000002,PASS,False
tt_00_to_01,pex_recovery,N0.N0,dynamic_segment_level_v,1.7995402069593662,1.62,1.9800000000000002,PASS,False
tt_00_to_01,pex_final_precharge,N0.N0,dynamic_segment_level_v,1.7999680416728472,1.62,1.9800000000000002,PASS,False
tt_00_to_01,pex_recovery,N0.N0.t2,dynamic_segment_level_v,1.7995401752503593,1.62,1.9800000000000002,PASS,False
tt_00_to_01,pex_final_precharge,N0.N0.t2,dynamic_segment_level_v,1.799968040362082,1.62,1.9800000000000002,PASS,False
tt_00_to_01,pex_recovery,N0.N0.t3,dynamic_segment_level_v,1.7995402069593662,1.62,1.9800000000000002,PASS,False
tt_00_to_01,pex_final_precharge,N0.N0.t3,dynamic_segment_level_v,1.7999680416728472,1.62,1.9800000000000002,PASS,False
tt_00_to_01,pex_recovery,N1.N1.t2,dynamic_segment_level_v,1.7997793274551208,1.62,1.9800000000000002,PASS,False
tt_00_to_01,pex_final_precharge,N1.N1.t2,dynamic_segment_level_v,1.7988603016974212,1.62,1.9800000000000002,PASS,False
tt_00_to_01,pex_recovery,N1.N1.t1,dynamic_segment_level_v,1.7997946752467124,1.62,1.9800000000000002,PASS,False
tt_00_to_01,pex_final_precharge,N1.N1.t1,dynamic_segment_level_v,1.7989412821194695,1.62,1.9800000000000002,PASS,False
tt_00_to_01,pex_recovery,N1.N1,dynamic_segment_level_v,1.7997792697738673,1.62,1.9800000000000002,PASS,False
tt_00_to_01,pex_final_precharge,N1.N1,dynamic_segment_level_v,1.7988603305102593,1.62,1.9800000000000002,PASS,False
tt_00_to_01,pex_recovery,N1.N1.n0,dynamic_segment_level_v,1.7997788650720967,1.62,1.9800000000000002,PASS,False
tt_00_to_01,pex_final_precharge,N1.N1.n0,dynamic_segment_level_v,1.798860546488923,1.62,1.9800000000000002,PASS,False
tt_00_to_01,pex_recovery,N1.N1.t0,dynamic_segment_level_v,1.7997751098409864,1.62,1.9800000000000002,PASS,False
tt_00_to_01,pex_final_precharge,N1.N1.t0,dynamic_segment_level_v,1.7988412370372826,1.62,1.9800000000000002,PASS,False
tt_00_to_01,pex_recovery,N1.N1.n1,dynamic_segment_level_v,1.7997788601549425,1.62,1.9800000000000002,PASS,False
tt_00_to_01,pex_final_precharge,N1.N1.n1,dynamic_segment_level_v,1.7988605413803918,1.62,1.9800000000000002,PASS,False
tt_00_to_01,pex_recovery,N1.N1.t3,dynamic_segment_level_v,1.7997792697738673,1.62,1.9800000000000002,PASS,False
tt_00_to_01,pex_final_precharge,N1.N1.t3,dynamic_segment_level_v,1.7988603305102593,1.62,1.9800000000000002,PASS,False
tt_00_to_01,pex_recovery,N2.N2.n1,dynamic_segment_level_v,1.8000055089395735,1.62,1.9800000000000002,PASS,False
tt_00_to_01,pex_final_precharge,N2.N2.n1,dynamic_segment_level_v,1.800000249027772,1.62,1.9800000000000002,PASS,False
tt_00_to_01,pex_recovery,N2.N2.t0,dynamic_segment_level_v,1.80000550369254,1.62,1.9800000000000002,PASS,False
tt_00_to_01,pex_final_precharge,N2.N2.t0,dynamic_segment_level_v,1.8000002460656113,1.62,1.9800000000000002,PASS,False
tt_00_to_01,pex_recovery,N2.N2.t2,dynamic_segment_level_v,1.8000055135240873,1.62,1.9800000000000002,PASS,False
tt_00_to_01,pex_final_precharge,N2.N2.t2,dynamic_segment_level_v,1.8000002487121498,1.62,1.9800000000000002,PASS,False
tt_00_to_01,pex_recovery,N2.N2.n0,dynamic_segment_level_v,1.8000055034504683,1.62,1.9800000000000002,PASS,False
tt_00_to_01,pex_final_precharge,N2.N2.n0,dynamic_segment_level_v,1.8000002462055607,1.62,1.9800000000000002,PASS,False
tt_00_to_01,pex_recovery,N2.N2.t1,dynamic_segment_level_v,1.8000049939210636,1.62,1.9800000000000002,PASS,False
tt_00_to_01,pex_final_precharge,N2.N2.t1,dynamic_segment_level_v,1.7999999864550684,1.62,1.9800000000000002,PASS,False
tt_00_to_01,pex_recovery,N2.N2.t3,dynamic_segment_level_v,1.8000055136266635,1.62,1.9800000000000002,PASS,False
tt_00_to_01,pex_final_precharge,N2.N2.t3,dynamic_segment_level_v,1.8000002500990973,1.62,1.9800000000000002,PASS,False
tt_00_to_01,pex_recovery,N2.N2,dynamic_segment_level_v,1.8000055136266635,1.62,1.9800000000000002,PASS,False
tt_00_to_01,pex_final_precharge,N2.N2,dynamic_segment_level_v,1.8000002500990973,1.62,1.9800000000000002,PASS,False
tt_00_to_01,pex_recovery,N3.N3.t1,dynamic_segment_level_v,1.8000122146662525,1.62,1.9800000000000002,PASS,False
tt_00_to_01,pex_final_precharge,N3.N3.t1,dynamic_segment_level_v,1.800003072783767,1.62,1.9800000000000002,PASS,False
tt_00_to_01,pex_recovery,N3.N3.t2,dynamic_segment_level_v,1.8000132936008861,1.62,1.9800000000000002,PASS,False
tt_00_to_01,pex_final_precharge,N3.N3.t2,dynamic_segment_level_v,1.8000035731932897,1.62,1.9800000000000002,PASS,False
tt_00_to_01,pex_recovery,N3.N3.t0,dynamic_segment_level_v,1.8000132729435856,1.62,1.9800000000000002,PASS,False
tt_00_to_01,pex_final_precharge,N3.N3.t0,dynamic_segment_level_v,1.8000035673344659,1.62,1.9800000000000002,PASS,False
tt_00_to_01,pex_recovery,N3.N3,dynamic_segment_level_v,1.8000132941174016,1.62,1.9800000000000002,PASS,False
tt_00_to_01,pex_final_precharge,N3.N3,dynamic_segment_level_v,1.8000035749544083,1.62,1.9800000000000002,PASS,False
tt_00_to_01,pex_recovery,N3.N3.n0,dynamic_segment_level_v,1.8000132723992384,1.62,1.9800000000000002,PASS,False
tt_00_to_01,pex_final_precharge,N3.N3.n0,dynamic_segment_level_v,1.8000035674378836,1.62,1.9800000000000002,PASS,False
tt_00_to_01,pex_recovery,N3.N3.n1,dynamic_segment_level_v,1.8000132838167424,1.62,1.9800000000000002,PASS,False
tt_00_to_01,pex_final_precharge,N3.N3.n1,dynamic_segment_level_v,1.800003572810008,1.62,1.9800000000000002,PASS,False
tt_00_to_01,pex_recovery,N3.N3.t3,dynamic_segment_level_v,1.8000132941174016,1.62,1.9800000000000002,PASS,False
tt_00_to_01,pex_final_precharge,N3.N3.t3,dynamic_segment_level_v,1.8000035749544083,1.62,1.9800000000000002,PASS,False
tt_01_to_00,prime,DEC0,upper_excursion_v,0.016541746446452007,,1.9800000000000002,PASS,False
tt_01_to_00,prime,DEC0,lower_excursion_v,-4.3509765893264965e-06,-0.18000000000000002,,PASS,False
tt_01_to_00,prime,DEC0,end_level_v,-1.8793487903209415e-06,-0.18000000000000002,0.18000000000000002,PASS,False
tt_01_to_00,prime,DEC0,unselected_max_v,0.016541746446452007,,0.18000000000000002,PASS,False
tt_01_to_00,prime,DEC1,upper_excursion_v,1.7999996968234846,,1.9800000000000002,PASS,False
tt_01_to_00,prime,DEC1,lower_excursion_v,-0.02428111084500849,-0.18000000000000002,,PASS,False
tt_01_to_00,prime,DEC1,end_level_v,1.7999996968234846,1.62,1.9800000000000002,PASS,False
tt_01_to_00,prime,DEC1,settled_min_v,1.799996640414609,1.62,,PASS,False
tt_01_to_00,prime,DEC2,upper_excursion_v,0.023934708043998804,,1.9800000000000002,PASS,False
tt_01_to_00,prime,DEC2,lower_excursion_v,-3.719945633916721e-08,-0.18000000000000002,,PASS,False
tt_01_to_00,prime,DEC2,end_level_v,2.3704786402534264e-08,-0.18000000000000002,0.18000000000000002,PASS,False
tt_01_to_00,prime,DEC2,unselected_max_v,0.023934708043998804,,0.18000000000000002,PASS,False
tt_01_to_00,prime,DEC3,upper_excursion_v,0.0349677114486859,,1.9800000000000002,PASS,False
tt_01_to_00,prime,DEC3,lower_excursion_v,-4.08678842084894e-08,-0.18000000000000002,,PASS,False
tt_01_to_00,prime,DEC3,end_level_v,3.365580348809771e-08,-0.18000000000000002,0.18000000000000002,PASS,False
tt_01_to_00,prime,DEC3,unselected_max_v,0.0349677114486859,,0.18000000000000002,PASS,False
tt_01_to_00,prime,WL0,upper_excursion_v,1.1920849702604142e-05,,1.9800000000000002,PASS,False
tt_01_to_00,prime,WL0,lower_excursion_v,-1.0976579646856478e-05,-0.18000000000000002,,PASS,False
tt_01_to_00,prime,WL0,end_level_v,2.914767618337278e-07,-0.18000000000000002,0.18000000000000002,PASS,False
tt_01_to_00,prime,WL0,unselected_max_v,1.1920849702604142e-05,,0.18000000000000002,PASS,False
tt_01_to_00,prime,WL1,upper_excursion_v,1.7999999899798544,,1.9800000000000002,PASS,False
tt_01_to_00,prime,WL1,lower_excursion_v,-0.02355924138741551,-0.18000000000000002,,PASS,False
tt_01_to_00,prime,WL1,end_level_v,1.7999999899798544,1.62,1.9800000000000002,PASS,False
tt_01_to_00,prime,WL1,settled_min_v,1.7963738393214277,1.62,,PASS,False
tt_01_to_00,prime,WL2,upper_excursion_v,1.6501327117150997e-05,,1.9800000000000002,PASS,False
tt_01_to_00,prime,WL2,lower_excursion_v,-1.9907780633541025e-05,-0.18000000000000002,,PASS,False
tt_01_to_00,prime,WL2,end_level_v,2.9147713802513e-07,-0.18000000000000002,0.18000000000000002,PASS,False
tt_01_to_00,prime,WL2,unselected_max_v,1.6501327117150997e-05,,0.18000000000000002,PASS,False
tt_01_to_00,prime,WL3,upper_excursion_v,4.562595341852416e-05,,1.9800000000000002,PASS,False
tt_01_to_00,prime,WL3,lower_excursion_v,-8.067896635647099e-05,-0.18000000000000002,,PASS,False
tt_01_to_00,prime,WL3,end_level_v,2.9147713521326415e-07,-0.18000000000000002,0.18000000000000002,PASS,False
tt_01_to_00,prime,WL3,unselected_max_v,4.562595341852416e-05,,0.18000000000000002,PASS,False
tt_01_to_00,test,DEC0,upper_excursion_v,1.8000007924477757,,1.9800000000000002,PASS,False
tt_01_to_00,test,DEC0,lower_excursion_v,-0.02490446913701988,-0.18000000000000002,,PASS,False
tt_01_to_00,test,DEC0,end_level_v,1.7999999492516416,1.62,1.9800000000000002,PASS,False
tt_01_to_00,test,DEC0,settled_min_v,1.7999999082289042,1.62,,PASS,False
tt_01_to_00,test,DEC1,upper_excursion_v,0.019761308774142172,,1.9800000000000002,PASS,False
tt_01_to_00,test,DEC1,lower_excursion_v,-1.1144087481262943e-05,-0.18000000000000002,,PASS,False
tt_01_to_00,test,DEC1,end_level_v,-2.746323571473088e-06,-0.18000000000000002,0.18000000000000002,PASS,False
tt_01_to_00,test,DEC1,unselected_max_v,0.019761308774142172,,0.18000000000000002,PASS,False
tt_01_to_00,test,DEC2,upper_excursion_v,0.008936202990173054,,1.9800000000000002,PASS,False
tt_01_to_00,test,DEC2,lower_excursion_v,-1.650696355763538e-07,-0.18000000000000002,,PASS,False
tt_01_to_00,test,DEC2,end_level_v,-8.205332540457552e-09,-0.18000000000000002,0.18000000000000002,PASS,False
tt_01_to_00,test,DEC2,unselected_max_v,0.008936202990173054,,0.18000000000000002,PASS,False
tt_01_to_00,test,DEC3,upper_excursion_v,0.03501449308466165,,1.9800000000000002,PASS,False
tt_01_to_00,test,DEC3,lower_excursion_v,-1.5264906891320797e-07,-0.18000000000000002,,PASS,False
tt_01_to_00,test,DEC3,end_level_v,-4.653740184662196e-09,-0.18000000000000002,0.18000000000000002,PASS,False
tt_01_to_00,test,DEC3,unselected_max_v,0.03501449308466165,,0.18000000000000002,PASS,False
tt_01_to_00,test,WL0,upper_excursion_v,1.7999999899799013,,1.9800000000000002,PASS,False
tt_01_to_00,test,WL0,lower_excursion_v,-0.025621397556511546,-0.18000000000000002,,PASS,False
tt_01_to_00,test,WL0,end_level_v,1.7999999899799013,1.62,1.9800000000000002,PASS,False
tt_01_to_00,test,WL0,settled_min_v,1.797024244077029,1.62,,PASS,False
tt_01_to_00,test,WL1,upper_excursion_v,1.478704946022084e-05,,1.9800000000000002,PASS,False
tt_01_to_00,test,WL1,lower_excursion_v,-1.7329081972754976e-05,-0.18000000000000002,,PASS,False
tt_01_to_00,test,WL1,end_level_v,2.914761967096883e-07,-0.18000000000000002,0.18000000000000002,PASS,False
tt_01_to_00,test,WL1,unselected_max_v,1.478704946022084e-05,,0.18000000000000002,PASS,False
tt_01_to_00,test,WL2,upper_excursion_v,1.05631872211909e-05,,1.9800000000000002,PASS,False
tt_01_to_00,test,WL2,lower_excursion_v,-1.992224182344702e-05,-0.18000000000000002,,PASS,False
tt_01_to_00,test,WL2,end_level_v,2.914771133031381e-07,-0.18000000000000002,0.18000000000000002,PASS,False
tt_01_to_00,test,WL2,unselected_max_v,1.05631872211909e-05,,0.18000000000000002,PASS,False
tt_01_to_00,test,WL3,upper_excursion_v,4.5620833785584406e-05,,1.9800000000000002,PASS,False
tt_01_to_00,test,WL3,lower_excursion_v,-8.00395806480433e-05,-0.18000000000000002,,PASS,False
tt_01_to_00,test,WL3,end_level_v,2.914771165165143e-07,-0.18000000000000002,0.18000000000000002,PASS,False
tt_01_to_00,test,WL3,unselected_max_v,4.5620833785584406e-05,,0.18000000000000002,PASS,False
tt_01_to_00,recovery,DEC0,end_level_v,1.2093504627288858e-05,-0.18000000000000002,0.18000000000000002,PASS,False
tt_01_to_00,recovery,DEC0,settled_max_v,0.0008328851624922692,,0.18000000000000002,PASS,False
tt_01_to_00,recovery,DEC1,end_level_v,9.649279689868391e-06,-0.18000000000000002,0.18000000000000002,PASS,False
tt_01_to_00,recovery,DEC1,settled_max_v,0.000585393158212183,,0.18000000000000002,PASS,False
tt_01_to_00,recovery,DEC2,end_level_v,9.9650414031669e-06,-0.18000000000000002,0.18000000000000002,PASS,False
tt_01_to_00,recovery,DEC2,settled_max_v,0.0007488904984169706,,0.18000000000000002,PASS,False
tt_01_to_00,recovery,DEC3,end_level_v,9.227465918350359e-06,-0.18000000000000002,0.18000000000000002,PASS,False
tt_01_to_00,recovery,DEC3,settled_max_v,0.00041389162667679075,,0.18000000000000002,PASS,False
tt_01_to_00,recovery,WL0,end_level_v,2.910545931074561e-07,-0.18000000000000002,0.18000000000000002,PASS,False
tt_01_to_00,recovery,WL0,settled_max_v,6.325009788654184e-06,,0.18000000000000002,PASS,False
tt_01_to_00,recovery,WL1,end_level_v,2.91519853566946e-07,-0.18000000000000002,0.18000000000000002,PASS,False
tt_01_to_00,recovery,WL1,settled_max_v,5.1323758027188365e-06,,0.18000000000000002,PASS,False
tt_01_to_00,recovery,WL2,end_level_v,2.915232283676769e-07,-0.18000000000000002,0.18000000000000002,PASS,False
tt_01_to_00,recovery,WL2,settled_max_v,6.411070827578797e-06,,0.18000000000000002,PASS,False
tt_01_to_00,recovery,WL3,end_level_v,2.9150418083482355e-07,-0.18000000000000002,0.18000000000000002,PASS,False
tt_01_to_00,recovery,WL3,settled_max_v,1.7567371151345094e-05,,0.18000000000000002,PASS,False
tt_01_to_00,recovery,N0,end_level_v,1.7953750503289718,1.62,1.9800000000000002,PASS,False
tt_01_to_00,recovery,N1,end_level_v,1.79954078702163,1.62,1.9800000000000002,PASS,False
tt_01_to_00,recovery,N2,end_level_v,1.8000301335475424,1.62,1.9800000000000002,PASS,False
tt_01_to_00,recovery,N3,end_level_v,1.7999981453593326,1.62,1.9800000000000002,PASS,False
tt_01_to_00,final_precharge,DEC0,settled_max_v,6.289559360421136e-05,,0.18000000000000002,PASS,False
tt_01_to_00,final_precharge,DEC0,settled_min_v,2.3288961542512965e-06,-0.18000000000000002,,PASS,False
tt_01_to_00,final_precharge,DEC1,settled_max_v,1.767857792762265e-05,,0.18000000000000002,PASS,False
tt_01_to_00,final_precharge,DEC1,settled_min_v,2.189604862729014e-06,-0.18000000000000002,,PASS,False
tt_01_to_00,final_precharge,DEC2,settled_max_v,1.810540522107366e-05,,0.18000000000000002,PASS,False
tt_01_to_00,final_precharge,DEC2,settled_min_v,2.355762064671201e-06,-0.18000000000000002,,PASS,False
tt_01_to_00,final_precharge,DEC3,settled_max_v,1.78046558650891e-05,,0.18000000000000002,PASS,False
tt_01_to_00,final_precharge,DEC3,settled_min_v,2.193492267324776e-06,-0.18000000000000002,,PASS,False
tt_01_to_00,final_precharge,WL0,settled_max_v,3.309045238462365e-07,,0.18000000000000002,PASS,False
tt_01_to_00,final_precharge,WL0,settled_min_v,2.914782530695897e-07,-0.18000000000000002,,PASS,False
tt_01_to_00,final_precharge,WL1,settled_max_v,2.9286010195769276e-07,,0.18000000000000002,PASS,False
tt_01_to_00,final_precharge,WL1,settled_min_v,2.914779150754119e-07,-0.18000000000000002,,PASS,False
tt_01_to_00,final_precharge,WL2,settled_max_v,2.9315038447700927e-07,,0.18000000000000002,PASS,False
tt_01_to_00,final_precharge,WL2,settled_min_v,2.9147797643065747e-07,-0.18000000000000002,,PASS,False
tt_01_to_00,final_precharge,WL3,settled_max_v,2.9331097983194425e-07,,0.18000000000000002,PASS,False
tt_01_to_00,final_precharge,WL3,settled_min_v,2.914779174454988e-07,-0.18000000000000002,,PASS,False
tt_01_to_00,final_precharge,N0,end_level_v,1.7988914327485803,1.62,1.9800000000000002,PASS,False
tt_01_to_00,final_precharge,N1,end_level_v,1.7999817938985068,1.62,1.9800000000000002,PASS,False
tt_01_to_00,final_precharge,N2,end_level_v,1.8000064336083064,1.62,1.9800000000000002,PASS,False
tt_01_to_00,final_precharge,N3,end_level_v,1.7999998529345786,1.62,1.9800000000000002,PASS,False
tt_01_to_00,pex_recovery,N0.N0.t1,dynamic_segment_level_v,1.7957044329291771,1.62,1.9800000000000002,PASS,False
tt_01_to_00,pex_final_precharge,N0.N0.t1,dynamic_segment_level_v,1.7989703706357458,1.62,1.9800000000000002,PASS,False
tt_01_to_00,pex_recovery,N0.N0.n1,dynamic_segment_level_v,1.7953770847882575,1.62,1.9800000000000002,PASS,False
tt_01_to_00,pex_final_precharge,N0.N0.n1,dynamic_segment_level_v,1.7988916347979143,1.62,1.9800000000000002,PASS,False
tt_01_to_00,pex_recovery,N0.N0.t0,dynamic_segment_level_v,1.795301334325301,1.62,1.9800000000000002,PASS,False
tt_01_to_00,pex_final_precharge,N0.N0.t0,dynamic_segment_level_v,1.798872989411171,1.62,1.9800000000000002,PASS,False
tt_01_to_00,pex_recovery,N0.N0.n0,dynamic_segment_level_v,1.7953771800648528,1.62,1.9800000000000002,PASS,False
tt_01_to_00,pex_final_precharge,N0.N0.n0,dynamic_segment_level_v,1.7988916414031675,1.62,1.9800000000000002,PASS,False
tt_01_to_00,pex_recovery,N0.N0,dynamic_segment_level_v,1.7953750503289718,1.62,1.9800000000000002,PASS,False
tt_01_to_00,pex_final_precharge,N0.N0,dynamic_segment_level_v,1.7988914327485803,1.62,1.9800000000000002,PASS,False
tt_01_to_00,pex_recovery,N0.N0.t2,dynamic_segment_level_v,1.7953747877768202,1.62,1.9800000000000002,PASS,False
tt_01_to_00,pex_final_precharge,N0.N0.t2,dynamic_segment_level_v,1.798891406236312,1.62,1.9800000000000002,PASS,False
tt_01_to_00,pex_recovery,N0.N0.t3,dynamic_segment_level_v,1.7953750503289718,1.62,1.9800000000000002,PASS,False
tt_01_to_00,pex_final_precharge,N0.N0.t3,dynamic_segment_level_v,1.7988914327485803,1.62,1.9800000000000002,PASS,False
tt_01_to_00,pex_recovery,N1.N1.t2,dynamic_segment_level_v,1.7995407470135965,1.62,1.9800000000000002,PASS,False
tt_01_to_00,pex_final_precharge,N1.N1.t2,dynamic_segment_level_v,1.7999817926675514,1.62,1.9800000000000002,PASS,False
tt_01_to_00,pex_recovery,N1.N1.t1,dynamic_segment_level_v,1.7995728539985434,1.62,1.9800000000000002,PASS,False
tt_01_to_00,pex_final_precharge,N1.N1.t1,dynamic_segment_level_v,1.799982939362256,1.62,1.9800000000000002,PASS,False
tt_01_to_00,pex_recovery,N1.N1,dynamic_segment_level_v,1.79954078702163,1.62,1.9800000000000002,PASS,False
tt_01_to_00,pex_final_precharge,N1.N1,dynamic_segment_level_v,1.7999817938985068,1.62,1.9800000000000002,PASS,False
tt_01_to_00,pex_recovery,N1.N1.n0,dynamic_segment_level_v,1.799540970299844,1.62,1.9800000000000002,PASS,False
tt_01_to_00,pex_final_precharge,N1.N1.n0,dynamic_segment_level_v,1.7999817902604867,1.62,1.9800000000000002,PASS,False
tt_01_to_00,pex_recovery,N1.N1.t0,dynamic_segment_level_v,1.7995330079330514,1.62,1.9800000000000002,PASS,False
tt_01_to_00,pex_final_precharge,N1.N1.t0,dynamic_segment_level_v,1.7999814421918399,1.62,1.9800000000000002,PASS,False
tt_01_to_00,pex_recovery,N1.N1.n1,dynamic_segment_level_v,1.7995409841453367,1.62,1.9800000000000002,PASS,False
tt_01_to_00,pex_final_precharge,N1.N1.n1,dynamic_segment_level_v,1.7999817934634217,1.62,1.9800000000000002,PASS,False
tt_01_to_00,pex_recovery,N1.N1.t3,dynamic_segment_level_v,1.79954078702163,1.62,1.9800000000000002,PASS,False
tt_01_to_00,pex_final_precharge,N1.N1.t3,dynamic_segment_level_v,1.7999817938985068,1.62,1.9800000000000002,PASS,False
tt_01_to_00,pex_recovery,N2.N2.n1,dynamic_segment_level_v,1.8000300904892435,1.62,1.9800000000000002,PASS,False
tt_01_to_00,pex_final_precharge,N2.N2.n1,dynamic_segment_level_v,1.8000064309864865,1.62,1.9800000000000002,PASS,False
tt_01_to_00,pex_recovery,N2.N2.t0,dynamic_segment_level_v,1.8000300617138174,1.62,1.9800000000000002,PASS,False
tt_01_to_00,pex_final_precharge,N2.N2.t0,dynamic_segment_level_v,1.800006424416395,1.62,1.9800000000000002,PASS,False
tt_01_to_00,pex_recovery,N2.N2.t2,dynamic_segment_level_v,1.800030122707922,1.62,1.9800000000000002,PASS,False
tt_01_to_00,pex_final_precharge,N2.N2.t2,dynamic_segment_level_v,1.8000064319628863,1.62,1.9800000000000002,PASS,False
tt_01_to_00,pex_recovery,N2.N2.n0,dynamic_segment_level_v,1.8000300602477128,1.62,1.9800000000000002,PASS,False
tt_01_to_00,pex_final_precharge,N2.N2.n0,dynamic_segment_level_v,1.8000064244585068,1.62,1.9800000000000002,PASS,False
tt_01_to_00,pex_recovery,N2.N2.t1,dynamic_segment_level_v,1.8000272477486507,1.62,1.9800000000000002,PASS,False
tt_01_to_00,pex_final_precharge,N2.N2.t1,dynamic_segment_level_v,1.8000058219390898,1.62,1.9800000000000002,PASS,False
tt_01_to_00,pex_recovery,N2.N2.t3,dynamic_segment_level_v,1.8000301335475424,1.62,1.9800000000000002,PASS,False
tt_01_to_00,pex_final_precharge,N2.N2.t3,dynamic_segment_level_v,1.8000064336083064,1.62,1.9800000000000002,PASS,False
tt_01_to_00,pex_recovery,N2.N2,dynamic_segment_level_v,1.8000301335475424,1.62,1.9800000000000002,PASS,False
tt_01_to_00,pex_final_precharge,N2.N2,dynamic_segment_level_v,1.8000064336083064,1.62,1.9800000000000002,PASS,False
tt_01_to_00,pex_recovery,N3.N3.t1,dynamic_segment_level_v,1.799997579418949,1.62,1.9800000000000002,PASS,False
tt_01_to_00,pex_final_precharge,N3.N3.t1,dynamic_segment_level_v,1.7999997153933238,1.62,1.9800000000000002,PASS,False
tt_01_to_00,pex_recovery,N3.N3.t2,dynamic_segment_level_v,1.7999981347988692,1.62,1.9800000000000002,PASS,False
tt_01_to_00,pex_final_precharge,N3.N3.t2,dynamic_segment_level_v,1.7999998520601719,1.62,1.9800000000000002,PASS,False
tt_01_to_00,pex_recovery,N3.N3.t0,dynamic_segment_level_v,1.7999981316532976,1.62,1.9800000000000002,PASS,False
tt_01_to_00,pex_final_precharge,N3.N3.t0,dynamic_segment_level_v,1.799999850773176,1.62,1.9800000000000002,PASS,False
tt_01_to_00,pex_recovery,N3.N3,dynamic_segment_level_v,1.7999981453593326,1.62,1.9800000000000002,PASS,False
tt_01_to_00,pex_final_precharge,N3.N3,dynamic_segment_level_v,1.7999998529345786,1.62,1.9800000000000002,PASS,False
tt_01_to_00,pex_recovery,N3.N3.n0,dynamic_segment_level_v,1.7999981333549133,1.62,1.9800000000000002,PASS,False
tt_01_to_00,pex_final_precharge,N3.N3.n0,dynamic_segment_level_v,1.7999998509176143,1.62,1.9800000000000002,PASS,False
tt_01_to_00,pex_recovery,N3.N3.n1,dynamic_segment_level_v,1.7999981394406601,1.62,1.9800000000000002,PASS,False
tt_01_to_00,pex_final_precharge,N3.N3.n1,dynamic_segment_level_v,1.7999998523955612,1.62,1.9800000000000002,PASS,False
tt_01_to_00,pex_recovery,N3.N3.t3,dynamic_segment_level_v,1.7999981453593326,1.62,1.9800000000000002,PASS,False
tt_01_to_00,pex_final_precharge,N3.N3.t3,dynamic_segment_level_v,1.7999998529345786,1.62,1.9800000000000002,PASS,False
tt_00_to_10,prime,DEC0,upper_excursion_v,1.8000009171266609,,1.9800000000000002,PASS,False
tt_00_to_10,prime,DEC0,lower_excursion_v,-0.024932927661242974,-0.18000000000000002,,PASS,False
tt_00_to_10,prime,DEC0,end_level_v,1.7999999534747073,1.62,1.9800000000000002,PASS,False
tt_00_to_10,prime,DEC0,settled_min_v,1.799999927226137,1.62,,PASS,False
tt_00_to_10,prime,DEC1,upper_excursion_v,0.019758159372580797,,1.9800000000000002,PASS,False
tt_00_to_10,prime,DEC1,lower_excursion_v,-6.8885656601680445e-06,-0.18000000000000002,,PASS,False
tt_00_to_10,prime,DEC1,end_level_v,-2.44074990629617e-06,-0.18000000000000002,0.18000000000000002,PASS,False
tt_00_to_10,prime,DEC1,unselected_max_v,0.019758159372580797,,0.18000000000000002,PASS,False
tt_00_to_10,prime,DEC2,upper_excursion_v,0.008927601978666766,,1.9800000000000002,PASS,False
tt_00_to_10,prime,DEC2,lower_excursion_v,-9.332560634402534e-08,-0.18000000000000002,,PASS,False
tt_00_to_10,prime,DEC2,end_level_v,5.448469780785983e-09,-0.18000000000000002,0.18000000000000002,PASS,False
tt_00_to_10,prime,DEC2,unselected_max_v,0.008927601978666766,,0.18000000000000002,PASS,False
tt_00_to_10,prime,DEC3,upper_excursion_v,0.035008133787545206,,1.9800000000000002,PASS,False
tt_00_to_10,prime,DEC3,lower_excursion_v,-8.542106108599175e-08,-0.18000000000000002,,PASS,False
tt_00_to_10,prime,DEC3,end_level_v,6.5214004305209615e-09,-0.18000000000000002,0.18000000000000002,PASS,False
tt_00_to_10,prime,DEC3,unselected_max_v,0.035008133787545206,,0.18000000000000002,PASS,False
tt_00_to_10,prime,WL0,upper_excursion_v,1.7999999899799095,,1.9800000000000002,PASS,False
tt_00_to_10,prime,WL0,lower_excursion_v,-0.025527732690291786,-0.18000000000000002,,PASS,False
tt_00_to_10,prime,WL0,end_level_v,1.799999989979909,1.62,1.9800000000000002,PASS,False
tt_00_to_10,prime,WL0,settled_min_v,1.7968998765525832,1.62,,PASS,False
tt_00_to_10,prime,WL1,upper_excursion_v,1.4747538380069551e-05,,1.9800000000000002,PASS,False
tt_00_to_10,prime,WL1,lower_excursion_v,-1.7306147357155378e-05,-0.18000000000000002,,PASS,False
tt_00_to_10,prime,WL1,end_level_v,2.914764769774521e-07,-0.18000000000000002,0.18000000000000002,PASS,False
tt_00_to_10,prime,WL1,unselected_max_v,1.4747538380069551e-05,,0.18000000000000002,PASS,False
tt_00_to_10,prime,WL2,upper_excursion_v,1.0579133179236995e-05,,1.9800000000000002,PASS,False
tt_00_to_10,prime,WL2,lower_excursion_v,-1.9896057671220214e-05,-0.18000000000000002,,PASS,False
tt_00_to_10,prime,WL2,end_level_v,2.914771243383861e-07,-0.18000000000000002,0.18000000000000002,PASS,False
tt_00_to_10,prime,WL2,unselected_max_v,1.0579133179236995e-05,,0.18000000000000002,PASS,False
tt_00_to_10,prime,WL3,upper_excursion_v,4.56362254542078e-05,,1.9800000000000002,PASS,False
tt_00_to_10,prime,WL3,lower_excursion_v,-7.998950856269111e-05,-0.18000000000000002,,PASS,False
tt_00_to_10,prime,WL3,end_level_v,2.9147712673903743e-07,-0.18000000000000002,0.18000000000000002,PASS,False
tt_00_to_10,prime,WL3,unselected_max_v,4.56362254542078e-05,,0.18000000000000002,PASS,False
tt_00_to_10,test,DEC0,upper_excursion_v,0.004832466705667758,,1.9800000000000002,PASS,False
tt_00_to_10,test,DEC0,lower_excursion_v,1.2461934749147949e-07,-0.18000000000000002,,PASS,False
tt_00_to_10,test,DEC0,end_level_v,1.2461934749147949e-07,-0.18000000000000002,0.18000000000000002,PASS,False
tt_00_to_10,test,DEC0,unselected_max_v,0.004832466705667758,,0.18000000000000002,PASS,False
tt_00_to_10,test,DEC1,upper_excursion_v,0.02094800458154858,,1.9800000000000002,PASS,False
tt_00_to_10,test,DEC1,lower_excursion_v,1.1299697172395542e-07,-0.18000000000000002,,PASS,False
tt_00_to_10,test,DEC1,end_level_v,1.1299697172395542e-07,-0.18000000000000002,0.18000000000000002,PASS,False
tt_00_to_10,test,DEC1,unselected_max_v,0.02094800458154858,,0.18000000000000002,PASS,False
tt_00_to_10,test,DEC2,upper_excursion_v,1.7999998941443358,,1.9800000000000002,PASS,False
tt_00_to_10,test,DEC2,lower_excursion_v,-0.02392002062525155,-0.18000000000000002,,PASS,False
tt_00_to_10,test,DEC2,end_level_v,1.7999998941443358,1.62,1.9800000000000002,PASS,False
tt_00_to_10,test,DEC2,settled_min_v,1.7999981564516803,1.62,,PASS,False
tt_00_to_10,test,DEC3,upper_excursion_v,0.035002796468061974,,1.9800000000000002,PASS,False
tt_00_to_10,test,DEC3,lower_excursion_v,-1.252040192558485e-05,-0.18000000000000002,,PASS,False
tt_00_to_10,test,DEC3,end_level_v,-3.009155213966896e-06,-0.18000000000000002,0.18000000000000002,PASS,False
tt_00_to_10,test,DEC3,unselected_max_v,0.035002796468061974,,0.18000000000000002,PASS,False
tt_00_to_10,test,WL0,upper_excursion_v,6.288175598195122e-06,,1.9800000000000002,PASS,False
tt_00_to_10,test,WL0,lower_excursion_v,-1.0606858865601455e-05,-0.18000000000000002,,PASS,False
tt_00_to_10,test,WL0,end_level_v,2.914771607435178e-07,-0.18000000000000002,0.18000000000000002,PASS,False
tt_00_to_10,test,WL0,unselected_max_v,6.288175598195122e-06,,0.18000000000000002,PASS,False
tt_00_to_10,test,WL1,upper_excursion_v,1.3919296683528729e-05,,1.9800000000000002,PASS,False
tt_00_to_10,test,WL1,lower_excursion_v,-1.022154611262952e-05,-0.18000000000000002,,PASS,False
tt_00_to_10,test,WL1,end_level_v,2.9147716285006727e-07,-0.18000000000000002,0.18000000000000002,PASS,False
tt_00_to_10,test,WL1,unselected_max_v,1.3919296683528729e-05,,0.18000000000000002,PASS,False
tt_00_to_10,test,WL2,upper_excursion_v,1.7999999899798969,,1.9800000000000002,PASS,False
tt_00_to_10,test,WL2,lower_excursion_v,-0.022616999710433332,-0.18000000000000002,,PASS,False
tt_00_to_10,test,WL2,end_level_v,1.7999999899798966,1.62,1.9800000000000002,PASS,False
tt_00_to_10,test,WL2,settled_min_v,1.795574608361822,1.62,,PASS,False
tt_00_to_10,test,WL3,upper_excursion_v,4.5626189051707774e-05,,1.9800000000000002,PASS,False
tt_00_to_10,test,WL3,lower_excursion_v,-7.996838466137448e-05,-0.18000000000000002,,PASS,False
tt_00_to_10,test,WL3,end_level_v,2.9147616273561224e-07,-0.18000000000000002,0.18000000000000002,PASS,False
tt_00_to_10,test,WL3,unselected_max_v,4.5626189051707774e-05,,0.18000000000000002,PASS,False
tt_00_to_10,recovery,DEC0,end_level_v,1.3263765867003356e-06,-0.18000000000000002,0.18000000000000002,PASS,False
tt_00_to_10,recovery,DEC0,settled_max_v,0.0018009005927977658,,0.18000000000000002,PASS,False
tt_00_to_10,recovery,DEC1,end_level_v,1.504290121314704e-06,-0.18000000000000002,0.18000000000000002,PASS,False
tt_00_to_10,recovery,DEC1,settled_max_v,0.0014472207445850593,,0.18000000000000002,PASS,False
tt_00_to_10,recovery,DEC2,end_level_v,1.5933697512824968e-06,-0.18000000000000002,0.18000000000000002,PASS,False
tt_00_to_10,recovery,DEC2,settled_max_v,0.001734447079892775,,0.18000000000000002,PASS,False
tt_00_to_10,recovery,DEC3,end_level_v,2.4184963953108187e-06,-0.18000000000000002,0.18000000000000002,PASS,False
tt_00_to_10,recovery,DEC3,settled_max_v,0.00845953373089127,,0.18000000000000002,PASS,False
tt_00_to_10,recovery,WL0,end_level_v,2.914758132227236e-07,-0.18000000000000002,0.18000000000000002,PASS,False
tt_00_to_10,recovery,WL0,settled_max_v,5.2035269402001794e-06,,0.18000000000000002,PASS,False
tt_00_to_10,recovery,WL1,end_level_v,2.9147814539926963e-07,-0.18000000000000002,0.18000000000000002,PASS,False
tt_00_to_10,recovery,WL1,settled_max_v,4.047463322220367e-06,,0.18000000000000002,PASS,False
tt_00_to_10,recovery,WL2,end_level_v,2.9147885971305627e-07,-0.18000000000000002,0.18000000000000002,PASS,False
tt_00_to_10,recovery,WL2,settled_max_v,4.842324662639158e-06,,0.18000000000000002,PASS,False
tt_00_to_10,recovery,WL3,end_level_v,2.9149003837267883e-07,-0.18000000000000002,0.18000000000000002,PASS,False
tt_00_to_10,recovery,WL3,settled_max_v,1.70308499990845e-05,,0.18000000000000002,PASS,False
tt_00_to_10,recovery,N0,end_level_v,1.8000043652204039,1.62,1.9800000000000002,PASS,False
tt_00_to_10,recovery,N1,end_level_v,1.7999991498159638,1.62,1.9800000000000002,PASS,False
tt_00_to_10,recovery,N2,end_level_v,1.7997942636295274,1.62,1.9800000000000002,PASS,False
tt_00_to_10,recovery,N3,end_level_v,1.7994081166824072,1.62,1.9800000000000002,PASS,False
tt_00_to_10,final_precharge,DEC0,settled_max_v,1.435553892671214e-05,,0.18000000000000002,PASS,False
tt_00_to_10,final_precharge,DEC0,settled_min_v,1.9642689825621617e-06,-0.18000000000000002,,PASS,False
tt_00_to_10,final_precharge,DEC1,settled_max_v,1.88369382701156e-05,,0.18000000000000002,PASS,False
tt_00_to_10,final_precharge,DEC1,settled_min_v,2.1959276462202334e-06,-0.18000000000000002,,PASS,False
tt_00_to_10,final_precharge,DEC2,settled_max_v,7.60179881967378e-05,,0.18000000000000002,PASS,False
tt_00_to_10,final_precharge,DEC2,settled_min_v,2.785163380563538e-06,-0.18000000000000002,,PASS,False
tt_00_to_10,final_precharge,DEC3,settled_max_v,2.3200245152328733e-05,,0.18000000000000002,PASS,False
tt_00_to_10,final_precharge,DEC3,settled_min_v,2.241384960129893e-06,-0.18000000000000002,,PASS,False
tt_00_to_10,final_precharge,WL0,settled_max_v,2.924071339444858e-07,,0.18000000000000002,PASS,False
tt_00_to_10,final_precharge,WL0,settled_min_v,2.91477829698048e-07,-0.18000000000000002,,PASS,False
tt_00_to_10,final_precharge,WL1,settled_max_v,2.9248008366086264e-07,,0.18000000000000002,PASS,False
tt_00_to_10,final_precharge,WL1,settled_min_v,2.9147793062979067e-07,-0.18000000000000002,,PASS,False
tt_00_to_10,final_precharge,WL2,settled_max_v,3.583378276033712e-07,,0.18000000000000002,PASS,False
tt_00_to_10,final_precharge,WL2,settled_min_v,2.9147850028362763e-07,-0.18000000000000002,,PASS,False
tt_00_to_10,final_precharge,WL3,settled_max_v,2.93314636380119e-07,,0.18000000000000002,PASS,False
tt_00_to_10,final_precharge,WL3,settled_min_v,2.9147796912056154e-07,-0.18000000000000002,,PASS,False
tt_00_to_10,final_precharge,N0,end_level_v,1.8000048773686843,1.62,1.9800000000000002,PASS,False
tt_00_to_10,final_precharge,N1,end_level_v,1.8000002206399257,1.62,1.9800000000000002,PASS,False
tt_00_to_10,final_precharge,N2,end_level_v,1.798873740584892,1.62,1.9800000000000002,PASS,False
tt_00_to_10,final_precharge,N3,end_level_v,1.7999727788375641,1.62,1.9800000000000002,PASS,False
tt_00_to_10,pex_recovery,N0.N0.t1,dynamic_segment_level_v,1.8000039459576322,1.62,1.9800000000000002,PASS,False
tt_00_to_10,pex_final_precharge,N0.N0.t1,dynamic_segment_level_v,1.800004375176342,1.62,1.9800000000000002,PASS,False
tt_00_to_10,pex_recovery,N0.N0.n1,dynamic_segment_level_v,1.800004362191578,1.62,1.9800000000000002,PASS,False
tt_00_to_10,pex_final_precharge,N0.N0.n1,dynamic_segment_level_v,1.800004875048959,1.62,1.9800000000000002,PASS,False
tt_00_to_10,pex_recovery,N0.N0.t0,dynamic_segment_level_v,1.8000043577177671,1.62,1.9800000000000002,PASS,False
tt_00_to_10,pex_final_precharge,N0.N0.t0,dynamic_segment_level_v,1.8000048696138453,1.62,1.9800000000000002,PASS,False
tt_00_to_10,pex_recovery,N0.N0.n0,dynamic_segment_level_v,1.8000043577494773,1.62,1.9800000000000002,PASS,False
tt_00_to_10,pex_final_precharge,N0.N0.n0,dynamic_segment_level_v,1.8000048697046462,1.62,1.9800000000000002,PASS,False
tt_00_to_10,pex_recovery,N0.N0,dynamic_segment_level_v,1.8000043652204039,1.62,1.9800000000000002,PASS,False
tt_00_to_10,pex_final_precharge,N0.N0,dynamic_segment_level_v,1.8000048773686843,1.62,1.9800000000000002,PASS,False
tt_00_to_10,pex_recovery,N0.N0.t2,dynamic_segment_level_v,1.8000043637990755,1.62,1.9800000000000002,PASS,False
tt_00_to_10,pex_final_precharge,N0.N0.t2,dynamic_segment_level_v,1.8000048757900344,1.62,1.9800000000000002,PASS,False
tt_00_to_10,pex_recovery,N0.N0.t3,dynamic_segment_level_v,1.8000043652204039,1.62,1.9800000000000002,PASS,False
tt_00_to_10,pex_final_precharge,N0.N0.t3,dynamic_segment_level_v,1.8000048773686843,1.62,1.9800000000000002,PASS,False
tt_00_to_10,pex_recovery,N1.N1.t2,dynamic_segment_level_v,1.799999148125168,1.62,1.9800000000000002,PASS,False
tt_00_to_10,pex_final_precharge,N1.N1.t2,dynamic_segment_level_v,1.800000219140108,1.62,1.9800000000000002,PASS,False
tt_00_to_10,pex_recovery,N1.N1.t1,dynamic_segment_level_v,1.7999990398411412,1.62,1.9800000000000002,PASS,False
tt_00_to_10,pex_final_precharge,N1.N1.t1,dynamic_segment_level_v,1.7999999557759276,1.62,1.9800000000000002,PASS,False
tt_00_to_10,pex_recovery,N1.N1,dynamic_segment_level_v,1.7999991498159638,1.62,1.9800000000000002,PASS,False
tt_00_to_10,pex_final_precharge,N1.N1,dynamic_segment_level_v,1.8000002206399257,1.62,1.9800000000000002,PASS,False
tt_00_to_10,pex_recovery,N1.N1.n0,dynamic_segment_level_v,1.799999149405577,1.62,1.9800000000000002,PASS,False
tt_00_to_10,pex_final_precharge,N1.N1.n0,dynamic_segment_level_v,1.8000002165857927,1.62,1.9800000000000002,PASS,False
tt_00_to_10,pex_recovery,N1.N1.t0,dynamic_segment_level_v,1.799999149041608,1.62,1.9800000000000002,PASS,False
tt_00_to_10,pex_final_precharge,N1.N1.t0,dynamic_segment_level_v,1.8000002164233337,1.62,1.9800000000000002,PASS,False
tt_00_to_10,pex_recovery,N1.N1.n1,dynamic_segment_level_v,1.7999991506197477,1.62,1.9800000000000002,PASS,False
tt_00_to_10,pex_final_precharge,N1.N1.n1,dynamic_segment_level_v,1.8000002194166176,1.62,1.9800000000000002,PASS,False
tt_00_to_10,pex_recovery,N1.N1.t3,dynamic_segment_level_v,1.7999991498159638,1.62,1.9800000000000002,PASS,False
tt_00_to_10,pex_final_precharge,N1.N1.t3,dynamic_segment_level_v,1.8000002206399257,1.62,1.9800000000000002,PASS,False
tt_00_to_10,pex_recovery,N2.N2.n1,dynamic_segment_level_v,1.7997941937034583,1.62,1.9800000000000002,PASS,False
tt_00_to_10,pex_final_precharge,N2.N2.n1,dynamic_segment_level_v,1.7988739475931055,1.62,1.9800000000000002,PASS,False
tt_00_to_10,pex_recovery,N2.N2.t0,dynamic_segment_level_v,1.7997907225438514,1.62,1.9800000000000002,PASS,False
tt_00_to_10,pex_final_precharge,N2.N2.t0,dynamic_segment_level_v,1.7988547803891342,1.62,1.9800000000000002,PASS,False
tt_00_to_10,pex_recovery,N2.N2.t2,dynamic_segment_level_v,1.799794271702121,1.62,1.9800000000000002,PASS,False
tt_00_to_10,pex_final_precharge,N2.N2.t2,dynamic_segment_level_v,1.7988737113996185,1.62,1.9800000000000002,PASS,False
tt_00_to_10,pex_recovery,N2.N2.n0,dynamic_segment_level_v,1.7997941951109009,1.62,1.9800000000000002,PASS,False
tt_00_to_10,pex_final_precharge,N2.N2.n0,dynamic_segment_level_v,1.7988739524105648,1.62,1.9800000000000002,PASS,False
tt_00_to_10,pex_recovery,N2.N2.t1,dynamic_segment_level_v,1.7998085981135854,1.62,1.9800000000000002,PASS,False
tt_00_to_10,pex_final_precharge,N2.N2.t1,dynamic_segment_level_v,1.7989534985338218,1.62,1.9800000000000002,PASS,False
tt_00_to_10,pex_recovery,N2.N2.t3,dynamic_segment_level_v,1.7997942636295274,1.62,1.9800000000000002,PASS,False
tt_00_to_10,pex_final_precharge,N2.N2.t3,dynamic_segment_level_v,1.798873740584892,1.62,1.9800000000000002,PASS,False
tt_00_to_10,pex_recovery,N2.N2,dynamic_segment_level_v,1.7997942636295274,1.62,1.9800000000000002,PASS,False
tt_00_to_10,pex_final_precharge,N2.N2,dynamic_segment_level_v,1.798873740584892,1.62,1.9800000000000002,PASS,False
tt_00_to_10,pex_recovery,N3.N3.t1,dynamic_segment_level_v,1.799449989472387,1.62,1.9800000000000002,PASS,False
tt_00_to_10,pex_final_precharge,N3.N3.t1,dynamic_segment_level_v,1.7999743320551411,1.62,1.9800000000000002,PASS,False
tt_00_to_10,pex_recovery,N3.N3.t2,dynamic_segment_level_v,1.7994080662882646,1.62,1.9800000000000002,PASS,False
tt_00_to_10,pex_final_precharge,N3.N3.t2,dynamic_segment_level_v,1.7999727771182168,1.62,1.9800000000000002,PASS,False
tt_00_to_10,pex_recovery,N3.N3.t0,dynamic_segment_level_v,1.7993985044784764,1.62,1.9800000000000002,PASS,False
tt_00_to_10,pex_final_precharge,N3.N3.t0,dynamic_segment_level_v,1.7999723532681933,1.62,1.9800000000000002,PASS,False
tt_00_to_10,pex_recovery,N3.N3,dynamic_segment_level_v,1.7994081166824072,1.62,1.9800000000000002,PASS,False
tt_00_to_10,pex_final_precharge,N3.N3,dynamic_segment_level_v,1.7999727788375641,1.62,1.9800000000000002,PASS,False
tt_00_to_10,pex_recovery,N3.N3.n0,dynamic_segment_level_v,1.799408470966326,1.62,1.9800000000000002,PASS,False
tt_00_to_10,pex_final_precharge,N3.N3.n0,dynamic_segment_level_v,1.7999727772102923,1.62,1.9800000000000002,PASS,False
tt_00_to_10,pex_recovery,N3.N3.n1,dynamic_segment_level_v,1.799408464473618,1.62,1.9800000000000002,PASS,False
tt_00_to_10,pex_final_precharge,N3.N3.n1,dynamic_segment_level_v,1.7999727791641393,1.62,1.9800000000000002,PASS,False
tt_00_to_10,pex_recovery,N3.N3.t3,dynamic_segment_level_v,1.7994081166824072,1.62,1.9800000000000002,PASS,False
tt_00_to_10,pex_final_precharge,N3.N3.t3,dynamic_segment_level_v,1.7999727788375641,1.62,1.9800000000000002,PASS,False
tt_10_to_00,prime,DEC0,upper_excursion_v,0.00483047584994066,,1.9800000000000002,PASS,False
tt_10_to_00,prime,DEC0,lower_excursion_v,1.1828977869465276e-07,-0.18000000000000002,,PASS,False
tt_10_to_00,prime,DEC0,end_level_v,1.1828977869465276e-07,-0.18000000000000002,0.18000000000000002,PASS,False
tt_10_to_00,prime,DEC0,unselected_max_v,0.00483047584994066,,0.18000000000000002,PASS,False
tt_10_to_00,prime,DEC1,upper_excursion_v,0.020946082390673026,,1.9800000000000002,PASS,False
tt_10_to_00,prime,DEC1,lower_excursion_v,1.054792401200544e-07,-0.18000000000000002,,PASS,False
tt_10_to_00,prime,DEC1,end_level_v,1.054792401200544e-07,-0.18000000000000002,0.18000000000000002,PASS,False
tt_10_to_00,prime,DEC1,unselected_max_v,0.020946082390673026,,0.18000000000000002,PASS,False
tt_10_to_00,prime,DEC2,upper_excursion_v,1.7999999080317663,,1.9800000000000002,PASS,False
tt_10_to_00,prime,DEC2,lower_excursion_v,-0.02385326290596799,-0.18000000000000002,,PASS,False
tt_10_to_00,prime,DEC2,end_level_v,1.7999999080317663,1.62,1.9800000000000002,PASS,False
tt_10_to_00,prime,DEC2,settled_min_v,1.7999983493222684,1.62,,PASS,False
tt_10_to_00,prime,DEC3,upper_excursion_v,0.03500068343206809,,1.9800000000000002,PASS,False
tt_10_to_00,prime,DEC3,lower_excursion_v,-6.4743029119731935e-06,-0.18000000000000002,,PASS,False
tt_10_to_00,prime,DEC3,end_level_v,-2.5446116211861472e-06,-0.18000000000000002,0.18000000000000002,PASS,False
tt_10_to_00,prime,DEC3,unselected_max_v,0.03500068343206809,,0.18000000000000002,PASS,False
tt_10_to_00,prime,WL0,upper_excursion_v,6.284105366429755e-06,,1.9800000000000002,PASS,False
tt_10_to_00,prime,WL0,lower_excursion_v,-1.0565842284368067e-05,-0.18000000000000002,,PASS,False
tt_10_to_00,prime,WL0,end_level_v,2.914771571459676e-07,-0.18000000000000002,0.18000000000000002,PASS,False
tt_10_to_00,prime,WL0,unselected_max_v,6.284105366429755e-06,,0.18000000000000002,PASS,False
tt_10_to_00,prime,WL1,upper_excursion_v,1.3906091407487728e-05,,1.9800000000000002,PASS,False
tt_10_to_00,prime,WL1,lower_excursion_v,-1.024600600279986e-05,-0.18000000000000002,,PASS,False
tt_10_to_00,prime,WL1,end_level_v,2.914771587907826e-07,-0.18000000000000002,0.18000000000000002,PASS,False
tt_10_to_00,prime,WL1,unselected_max_v,1.3906091407487728e-05,,0.18000000000000002,PASS,False
tt_10_to_00,prime,WL2,upper_excursion_v,1.7999999899799055,,1.9800000000000002,PASS,False
tt_10_to_00,prime,WL2,lower_excursion_v,-0.02231110337202423,-0.18000000000000002,,PASS,False
tt_10_to_00,prime,WL2,end_level_v,1.799999989979905,1.62,1.9800000000000002,PASS,False
tt_10_to_00,prime,WL2,settled_min_v,1.7957007845094375,1.62,,PASS,False
tt_10_to_00,prime,WL3,upper_excursion_v,4.561978363369885e-05,,1.9800000000000002,PASS,False
tt_10_to_00,prime,WL3,lower_excursion_v,-8.002352417067743e-05,-0.18000000000000002,,PASS,False
tt_10_to_00,prime,WL3,end_level_v,2.914765509266206e-07,-0.18000000000000002,0.18000000000000002,PASS,False
tt_10_to_00,prime,WL3,unselected_max_v,4.561978363369885e-05,,0.18000000000000002,PASS,False
tt_10_to_00,test,DEC0,upper_excursion_v,1.8000008199012965,,1.9800000000000002,PASS,False
tt_10_to_00,test,DEC0,lower_excursion_v,-0.02503268873914105,-0.18000000000000002,,PASS,False
tt_10_to_00,test,DEC0,end_level_v,1.7999999475068922,1.62,1.9800000000000002,PASS,False
tt_10_to_00,test,DEC0,settled_min_v,1.7999999002862903,1.62,,PASS,False
tt_10_to_00,test,DEC1,upper_excursion_v,0.019756907759541253,,1.9800000000000002,PASS,False
tt_10_to_00,test,DEC1,lower_excursion_v,-1.380583157500892e-05,-0.18000000000000002,,PASS,False
tt_10_to_00,test,DEC1,end_level_v,-2.8468927816271993e-06,-0.18000000000000002,0.18000000000000002,PASS,False
tt_10_to_00,test,DEC1,unselected_max_v,0.019756907759541253,,0.18000000000000002,PASS,False
tt_10_to_00,test,DEC2,upper_excursion_v,0.00893451159192351,,1.9800000000000002,PASS,False
tt_10_to_00,test,DEC2,lower_excursion_v,-1.9339190447736573e-07,-0.18000000000000002,,PASS,False
tt_10_to_00,test,DEC2,end_level_v,-1.0119731496223981e-08,-0.18000000000000002,0.18000000000000002,PASS,False
tt_10_to_00,test,DEC2,unselected_max_v,0.00893451159192351,,0.18000000000000002,PASS,False
tt_10_to_00,test,DEC3,upper_excursion_v,0.03501527614017345,,1.9800000000000002,PASS,False
tt_10_to_00,test,DEC3,lower_excursion_v,-1.8177897006491518e-07,-0.18000000000000002,,PASS,False
tt_10_to_00,test,DEC3,end_level_v,-7.686035943550103e-09,-0.18000000000000002,0.18000000000000002,PASS,False
tt_10_to_00,test,DEC3,unselected_max_v,0.03501527614017345,,0.18000000000000002,PASS,False
tt_10_to_00,test,WL0,upper_excursion_v,1.7999999899799008,,1.9800000000000002,PASS,False
tt_10_to_00,test,WL0,lower_excursion_v,-0.025374417090775876,-0.18000000000000002,,PASS,False
tt_10_to_00,test,WL0,end_level_v,1.7999999899799006,1.62,1.9800000000000002,PASS,False
tt_10_to_00,test,WL0,settled_min_v,1.7968123755670324,1.62,,PASS,False
tt_10_to_00,test,WL1,upper_excursion_v,1.4687872869374351e-05,,1.9800000000000002,PASS,False
tt_10_to_00,test,WL1,lower_excursion_v,-1.7318887073678414e-05,-0.18000000000000002,,PASS,False
tt_10_to_00,test,WL1,end_level_v,2.9147607820374374e-07,-0.18000000000000002,0.18000000000000002,PASS,False
tt_10_to_00,test,WL1,unselected_max_v,1.4687872869374351e-05,,0.18000000000000002,PASS,False
tt_10_to_00,test,WL2,upper_excursion_v,1.0582752601982817e-05,,1.9800000000000002,PASS,False
tt_10_to_00,test,WL2,lower_excursion_v,-1.986352337579766e-05,-0.18000000000000002,,PASS,False
tt_10_to_00,test,WL2,end_level_v,2.914771087351348e-07,-0.18000000000000002,0.18000000000000002,PASS,False
tt_10_to_00,test,WL2,unselected_max_v,1.0582752601982817e-05,,0.18000000000000002,PASS,False
tt_10_to_00,test,WL3,upper_excursion_v,4.5640080184841416e-05,,1.9800000000000002,PASS,False
tt_10_to_00,test,WL3,lower_excursion_v,-7.995610991508604e-05,-0.18000000000000002,,PASS,False
tt_10_to_00,test,WL3,end_level_v,2.9147711204017463e-07,-0.18000000000000002,0.18000000000000002,PASS,False
tt_10_to_00,test,WL3,unselected_max_v,4.5640080184841416e-05,,0.18000000000000002,PASS,False
tt_10_to_00,recovery,DEC0,end_level_v,1.5093619345299407e-06,-0.18000000000000002,0.18000000000000002,PASS,False
tt_10_to_00,recovery,DEC0,settled_max_v,0.0013364447739077612,,0.18000000000000002,PASS,False
tt_10_to_00,recovery,DEC1,end_level_v,3.2225964685795304e-06,-0.18000000000000002,0.18000000000000002,PASS,False
tt_10_to_00,recovery,DEC1,settled_max_v,0.0009843001639660565,,0.18000000000000002,PASS,False
tt_10_to_00,recovery,DEC2,end_level_v,2.1975413738253927e-06,-0.18000000000000002,0.18000000000000002,PASS,False
tt_10_to_00,recovery,DEC2,settled_max_v,0.0008846221230210619,,0.18000000000000002,PASS,False
tt_10_to_00,recovery,DEC3,end_level_v,2.1098687025955693e-06,-0.18000000000000002,0.18000000000000002,PASS,False
tt_10_to_00,recovery,DEC3,settled_max_v,0.0009823771989349228,,0.18000000000000002,PASS,False
tt_10_to_00,recovery,WL0,end_level_v,2.914852184622682e-07,-0.18000000000000002,0.18000000000000002,PASS,False
tt_10_to_00,recovery,WL0,settled_max_v,8.412502429322398e-06,,0.18000000000000002,PASS,False
tt_10_to_00,recovery,WL1,end_level_v,2.9151808171877557e-07,-0.18000000000000002,0.18000000000000002,PASS,False
tt_10_to_00,recovery,WL1,settled_max_v,6.036751762226447e-06,,0.18000000000000002,PASS,False
tt_10_to_00,recovery,WL2,end_level_v,2.9148899393619695e-07,-0.18000000000000002,0.18000000000000002,PASS,False
tt_10_to_00,recovery,WL2,settled_max_v,7.0061410086419386e-06,,0.18000000000000002,PASS,False
tt_10_to_00,recovery,WL3,end_level_v,2.9149015026292897e-07,-0.18000000000000002,0.18000000000000002,PASS,False
tt_10_to_00,recovery,WL3,settled_max_v,2.2508817371857767e-05,,0.18000000000000002,PASS,False
tt_10_to_00,recovery,N0,end_level_v,1.7998779150762274,1.62,1.9800000000000002,PASS,False
tt_10_to_00,recovery,N1,end_level_v,1.7992109016763789,1.62,1.9800000000000002,PASS,False
tt_10_to_00,recovery,N2,end_level_v,1.800007926277897,1.62,1.9800000000000002,PASS,False
tt_10_to_00,recovery,N3,end_level_v,1.7999983700668212,1.62,1.9800000000000002,PASS,False
tt_10_to_00,final_precharge,DEC0,settled_max_v,6.287948870084691e-05,,0.18000000000000002,PASS,False
tt_10_to_00,final_precharge,DEC0,settled_min_v,2.329120639119274e-06,-0.18000000000000002,,PASS,False
tt_10_to_00,final_precharge,DEC1,settled_max_v,1.767373474142334e-05,,0.18000000000000002,PASS,False
tt_10_to_00,final_precharge,DEC1,settled_min_v,2.189857921330865e-06,-0.18000000000000002,,PASS,False
tt_10_to_00,final_precharge,DEC2,settled_max_v,1.8095320549435918e-05,,0.18000000000000002,PASS,False
tt_10_to_00,final_precharge,DEC2,settled_min_v,2.355696656258045e-06,-0.18000000000000002,,PASS,False
tt_10_to_00,final_precharge,DEC3,settled_max_v,1.7793632894580403e-05,,0.18000000000000002,PASS,False
tt_10_to_00,final_precharge,DEC3,settled_min_v,2.1933384581405484e-06,-0.18000000000000002,,PASS,False
tt_10_to_00,final_precharge,WL0,settled_max_v,3.309006928700916e-07,,0.18000000000000002,PASS,False
tt_10_to_00,final_precharge,WL0,settled_min_v,2.9147825305180917e-07,-0.18000000000000002,,PASS,False
tt_10_to_00,final_precharge,WL1,settled_max_v,2.928600018256927e-07,,0.18000000000000002,PASS,False
tt_10_to_00,final_precharge,WL1,settled_min_v,2.914779145477858e-07,-0.18000000000000002,,PASS,False
tt_10_to_00,final_precharge,WL2,settled_max_v,2.931497527123268e-07,,0.18000000000000002,PASS,False
tt_10_to_00,final_precharge,WL2,settled_min_v,2.914779760325116e-07,-0.18000000000000002,,PASS,False
tt_10_to_00,final_precharge,WL3,settled_max_v,2.933102628966687e-07,,0.18000000000000002,PASS,False
tt_10_to_00,final_precharge,WL3,settled_min_v,2.9147791716479553e-07,-0.18000000000000002,,PASS,False
tt_10_to_00,final_precharge,N0,end_level_v,1.7988914883758598,1.62,1.9800000000000002,PASS,False
tt_10_to_00,final_precharge,N1,end_level_v,1.7999810952361686,1.62,1.9800000000000002,PASS,False
tt_10_to_00,final_precharge,N2,end_level_v,1.8000064315764586,1.62,1.9800000000000002,PASS,False
tt_10_to_00,final_precharge,N3,end_level_v,1.7999998563949267,1.62,1.9800000000000002,PASS,False
tt_10_to_00,pex_recovery,N0.N0.t1,dynamic_segment_level_v,1.799886462533793,1.62,1.9800000000000002,PASS,False
tt_10_to_00,pex_final_precharge,N0.N0.t1,dynamic_segment_level_v,1.7989704222164091,1.62,1.9800000000000002,PASS,False
tt_10_to_00,pex_recovery,N0.N0.n1,dynamic_segment_level_v,1.7998778237334714,1.62,1.9800000000000002,PASS,False
tt_10_to_00,pex_final_precharge,N0.N0.n1,dynamic_segment_level_v,1.7988916904131484,1.62,1.9800000000000002,PASS,False
tt_10_to_00,pex_recovery,N0.N0.t0,dynamic_segment_level_v,1.7998759018301564,1.62,1.9800000000000002,PASS,False
tt_10_to_00,pex_final_precharge,N0.N0.t0,dynamic_segment_level_v,1.7988730459757645,1.62,1.9800000000000002,PASS,False
tt_10_to_00,pex_recovery,N0.N0.n0,dynamic_segment_level_v,1.799877830511047,1.62,1.9800000000000002,PASS,False
tt_10_to_00,pex_final_precharge,N0.N0.n0,dynamic_segment_level_v,1.798891697017814,1.62,1.9800000000000002,PASS,False
tt_10_to_00,pex_recovery,N0.N0,dynamic_segment_level_v,1.7998779150762274,1.62,1.9800000000000002,PASS,False
tt_10_to_00,pex_final_precharge,N0.N0,dynamic_segment_level_v,1.7988914883758598,1.62,1.9800000000000002,PASS,False
tt_10_to_00,pex_recovery,N0.N0.t2,dynamic_segment_level_v,1.799877926600977,1.62,1.9800000000000002,PASS,False
tt_10_to_00,pex_final_precharge,N0.N0.t2,dynamic_segment_level_v,1.7988914618650496,1.62,1.9800000000000002,PASS,False
tt_10_to_00,pex_recovery,N0.N0.t3,dynamic_segment_level_v,1.7998779150762274,1.62,1.9800000000000002,PASS,False
tt_10_to_00,pex_final_precharge,N0.N0.t3,dynamic_segment_level_v,1.7988914883758598,1.62,1.9800000000000002,PASS,False
tt_10_to_00,pex_recovery,N1.N1.t2,dynamic_segment_level_v,1.7992108150073411,1.62,1.9800000000000002,PASS,False
tt_10_to_00,pex_final_precharge,N1.N1.t2,dynamic_segment_level_v,1.799981093997372,1.62,1.9800000000000002,PASS,False
tt_10_to_00,pex_recovery,N1.N1.t1,dynamic_segment_level_v,1.7992671860628058,1.62,1.9800000000000002,PASS,False
tt_10_to_00,pex_final_precharge,N1.N1.t1,dynamic_segment_level_v,1.7999822903038827,1.62,1.9800000000000002,PASS,False
tt_10_to_00,pex_recovery,N1.N1,dynamic_segment_level_v,1.7992109016763789,1.62,1.9800000000000002,PASS,False
tt_10_to_00,pex_final_precharge,N1.N1,dynamic_segment_level_v,1.7999810952361686,1.62,1.9800000000000002,PASS,False
tt_10_to_00,pex_recovery,N1.N1.n0,dynamic_segment_level_v,1.7992115557955013,1.62,1.9800000000000002,PASS,False
tt_10_to_00,pex_final_precharge,N1.N1.n0,dynamic_segment_level_v,1.7999810916239338,1.62,1.9800000000000002,PASS,False
tt_10_to_00,pex_recovery,N1.N1.t0,dynamic_segment_level_v,1.7991986430945466,1.62,1.9800000000000002,PASS,False
tt_10_to_00,pex_final_precharge,N1.N1.t0,dynamic_segment_level_v,1.7999807313397573,1.62,1.9800000000000002,PASS,False
tt_10_to_00,pex_recovery,N1.N1.n1,dynamic_segment_level_v,1.7992115375999502,1.62,1.9800000000000002,PASS,False
tt_10_to_00,pex_final_precharge,N1.N1.n1,dynamic_segment_level_v,1.7999810948392807,1.62,1.9800000000000002,PASS,False
tt_10_to_00,pex_recovery,N1.N1.t3,dynamic_segment_level_v,1.7992109016763789,1.62,1.9800000000000002,PASS,False
tt_10_to_00,pex_final_precharge,N1.N1.t3,dynamic_segment_level_v,1.7999810952361686,1.62,1.9800000000000002,PASS,False
tt_10_to_00,pex_recovery,N2.N2.n1,dynamic_segment_level_v,1.800007919300152,1.62,1.9800000000000002,PASS,False
tt_10_to_00,pex_final_precharge,N2.N2.n1,dynamic_segment_level_v,1.8000064289547106,1.62,1.9800000000000002,PASS,False
tt_10_to_00,pex_recovery,N2.N2.t0,dynamic_segment_level_v,1.8000079112258793,1.62,1.9800000000000002,PASS,False
tt_10_to_00,pex_final_precharge,N2.N2.t0,dynamic_segment_level_v,1.8000064223846666,1.62,1.9800000000000002,PASS,False
tt_10_to_00,pex_recovery,N2.N2.t2,dynamic_segment_level_v,1.800007922953419,1.62,1.9800000000000002,PASS,False
tt_10_to_00,pex_final_precharge,N2.N2.t2,dynamic_segment_level_v,1.8000064299310732,1.62,1.9800000000000002,PASS,False
tt_10_to_00,pex_recovery,N2.N2.n0,dynamic_segment_level_v,1.800007911246854,1.62,1.9800000000000002,PASS,False
tt_10_to_00,pex_final_precharge,N2.N2.n0,dynamic_segment_level_v,1.8000064224268055,1.62,1.9800000000000002,PASS,False
tt_10_to_00,pex_recovery,N2.N2.t1,dynamic_segment_level_v,1.800007166480731,1.62,1.9800000000000002,PASS,False
tt_10_to_00,pex_final_precharge,N2.N2.t1,dynamic_segment_level_v,1.8000058199144822,1.62,1.9800000000000002,PASS,False
tt_10_to_00,pex_recovery,N2.N2.t3,dynamic_segment_level_v,1.800007926277897,1.62,1.9800000000000002,PASS,False
tt_10_to_00,pex_final_precharge,N2.N2.t3,dynamic_segment_level_v,1.8000064315764586,1.62,1.9800000000000002,PASS,False
tt_10_to_00,pex_recovery,N2.N2,dynamic_segment_level_v,1.800007926277897,1.62,1.9800000000000002,PASS,False
tt_10_to_00,pex_final_precharge,N2.N2,dynamic_segment_level_v,1.8000064315764586,1.62,1.9800000000000002,PASS,False
tt_10_to_00,pex_recovery,N3.N3.t1,dynamic_segment_level_v,1.79999830105909,1.62,1.9800000000000002,PASS,False
tt_10_to_00,pex_final_precharge,N3.N3.t1,dynamic_segment_level_v,1.7999997184662444,1.62,1.9800000000000002,PASS,False
tt_10_to_00,pex_recovery,N3.N3.t2,dynamic_segment_level_v,1.7999983671798165,1.62,1.9800000000000002,PASS,False
tt_10_to_00,pex_final_precharge,N3.N3.t2,dynamic_segment_level_v,1.7999998555199475,1.62,1.9800000000000002,PASS,False
tt_10_to_00,pex_recovery,N3.N3.t0,dynamic_segment_level_v,1.7999983694265986,1.62,1.9800000000000002,PASS,False
tt_10_to_00,pex_final_precharge,N3.N3.t0,dynamic_segment_level_v,1.7999998542279654,1.62,1.9800000000000002,PASS,False
tt_10_to_00,pex_recovery,N3.N3,dynamic_segment_level_v,1.7999983700668212,1.62,1.9800000000000002,PASS,False
tt_10_to_00,pex_final_precharge,N3.N3,dynamic_segment_level_v,1.7999998563949267,1.62,1.9800000000000002,PASS,False
tt_10_to_00,pex_recovery,N3.N3.n0,dynamic_segment_level_v,1.7999983699720672,1.62,1.9800000000000002,PASS,False
tt_10_to_00,pex_final_precharge,N3.N3.n0,dynamic_segment_level_v,1.7999998543721494,1.62,1.9800000000000002,PASS,False
tt_10_to_00,pex_recovery,N3.N3.n1,dynamic_segment_level_v,1.7999983707554394,1.62,1.9800000000000002,PASS,False
tt_10_to_00,pex_final_precharge,N3.N3.n1,dynamic_segment_level_v,1.7999998558542243,1.62,1.9800000000000002,PASS,False
tt_10_to_00,pex_recovery,N3.N3.t3,dynamic_segment_level_v,1.7999983700668212,1.62,1.9800000000000002,PASS,False
tt_10_to_00,pex_final_precharge,N3.N3.t3,dynamic_segment_level_v,1.7999998563949267,1.62,1.9800000000000002,PASS,False
tt_00_to_11,prime,DEC0,upper_excursion_v,1.8000009171266609,,1.9800000000000002,PASS,False
tt_00_to_11,prime,DEC0,lower_excursion_v,-0.024932927661242974,-0.18000000000000002,,PASS,False
tt_00_to_11,prime,DEC0,end_level_v,1.7999999534747073,1.62,1.9800000000000002,PASS,False
tt_00_to_11,prime,DEC0,settled_min_v,1.799999927226137,1.62,,PASS,False
tt_00_to_11,prime,DEC1,upper_excursion_v,0.019758159372580797,,1.9800000000000002,PASS,False
tt_00_to_11,prime,DEC1,lower_excursion_v,-6.8885656601680445e-06,-0.18000000000000002,,PASS,False
tt_00_to_11,prime,DEC1,end_level_v,-2.44074990629617e-06,-0.18000000000000002,0.18000000000000002,PASS,False
tt_00_to_11,prime,DEC1,unselected_max_v,0.019758159372580797,,0.18000000000000002,PASS,False
tt_00_to_11,prime,DEC2,upper_excursion_v,0.008927601978666766,,1.9800000000000002,PASS,False
tt_00_to_11,prime,DEC2,lower_excursion_v,-9.332560634402534e-08,-0.18000000000000002,,PASS,False
tt_00_to_11,prime,DEC2,end_level_v,5.448469780785983e-09,-0.18000000000000002,0.18000000000000002,PASS,False
tt_00_to_11,prime,DEC2,unselected_max_v,0.008927601978666766,,0.18000000000000002,PASS,False
tt_00_to_11,prime,DEC3,upper_excursion_v,0.035008133787545206,,1.9800000000000002,PASS,False
tt_00_to_11,prime,DEC3,lower_excursion_v,-8.542106108599175e-08,-0.18000000000000002,,PASS,False
tt_00_to_11,prime,DEC3,end_level_v,6.5214004305209615e-09,-0.18000000000000002,0.18000000000000002,PASS,False
tt_00_to_11,prime,DEC3,unselected_max_v,0.035008133787545206,,0.18000000000000002,PASS,False
tt_00_to_11,prime,WL0,upper_excursion_v,1.7999999899799095,,1.9800000000000002,PASS,False
tt_00_to_11,prime,WL0,lower_excursion_v,-0.025527732690291786,-0.18000000000000002,,PASS,False
tt_00_to_11,prime,WL0,end_level_v,1.799999989979909,1.62,1.9800000000000002,PASS,False
tt_00_to_11,prime,WL0,settled_min_v,1.7968998765525832,1.62,,PASS,False
tt_00_to_11,prime,WL1,upper_excursion_v,1.4747538380069551e-05,,1.9800000000000002,PASS,False
tt_00_to_11,prime,WL1,lower_excursion_v,-1.7306147357155378e-05,-0.18000000000000002,,PASS,False
tt_00_to_11,prime,WL1,end_level_v,2.914764769774521e-07,-0.18000000000000002,0.18000000000000002,PASS,False
tt_00_to_11,prime,WL1,unselected_max_v,1.4747538380069551e-05,,0.18000000000000002,PASS,False
tt_00_to_11,prime,WL2,upper_excursion_v,1.0579133179236995e-05,,1.9800000000000002,PASS,False
tt_00_to_11,prime,WL2,lower_excursion_v,-1.9896057671220214e-05,-0.18000000000000002,,PASS,False
tt_00_to_11,prime,WL2,end_level_v,2.914771243383861e-07,-0.18000000000000002,0.18000000000000002,PASS,False
tt_00_to_11,prime,WL2,unselected_max_v,1.0579133179236995e-05,,0.18000000000000002,PASS,False
tt_00_to_11,prime,WL3,upper_excursion_v,4.56362254542078e-05,,1.9800000000000002,PASS,False
tt_00_to_11,prime,WL3,lower_excursion_v,-7.998950856269111e-05,-0.18000000000000002,,PASS,False
tt_00_to_11,prime,WL3,end_level_v,2.9147712673903743e-07,-0.18000000000000002,0.18000000000000002,PASS,False
tt_00_to_11,prime,WL3,unselected_max_v,4.56362254542078e-05,,0.18000000000000002,PASS,False
tt_00_to_11,test,DEC0,upper_excursion_v,0.004828773259771601,,1.9800000000000002,PASS,False
tt_00_to_11,test,DEC0,lower_excursion_v,1.0412130973603066e-07,-0.18000000000000002,,PASS,False
tt_00_to_11,test,DEC0,end_level_v,1.0412130973603066e-07,-0.18000000000000002,0.18000000000000002,PASS,False
tt_00_to_11,test,DEC0,unselected_max_v,0.004828773259771601,,0.18000000000000002,PASS,False
tt_00_to_11,test,DEC1,upper_excursion_v,0.0065410995500380376,,1.9800000000000002,PASS,False
tt_00_to_11,test,DEC1,lower_excursion_v,1.3041451479844926e-07,-0.18000000000000002,,PASS,False
tt_00_to_11,test,DEC1,end_level_v,1.3041451479844926e-07,-0.18000000000000002,0.18000000000000002,PASS,False
tt_00_to_11,test,DEC1,unselected_max_v,0.0065410995500380376,,0.18000000000000002,PASS,False
tt_00_to_11,test,DEC2,upper_excursion_v,0.029344308140516317,,1.9800000000000002,PASS,False
tt_00_to_11,test,DEC2,lower_excursion_v,-1.5467172916223677e-05,-0.18000000000000002,,PASS,False
tt_00_to_11,test,DEC2,end_level_v,-2.8346301374493365e-06,-0.18000000000000002,0.18000000000000002,PASS,False
tt_00_to_11,test,DEC2,unselected_max_v,0.029344308140516317,,0.18000000000000002,PASS,False
tt_00_to_11,test,DEC3,upper_excursion_v,1.7999994648650397,,1.9800000000000002,PASS,False
tt_00_to_11,test,DEC3,lower_excursion_v,-0.02456241726902944,-0.18000000000000002,,PASS,False
tt_00_to_11,test,DEC3,end_level_v,1.7999994648650397,1.62,1.9800000000000002,PASS,False
tt_00_to_11,test,DEC3,settled_min_v,1.7999955911643872,1.62,,PASS,False
tt_00_to_11,test,WL0,upper_excursion_v,6.272743420592524e-06,,1.9800000000000002,PASS,False
tt_00_to_11,test,WL0,lower_excursion_v,-1.018322796816606e-05,-0.18000000000000002,,PASS,False
tt_00_to_11,test,WL0,end_level_v,2.9147716006011333e-07,-0.18000000000000002,0.18000000000000002,PASS,False
tt_00_to_11,test,WL0,unselected_max_v,6.272743420592524e-06,,0.18000000000000002,PASS,False
tt_00_to_11,test,WL1,upper_excursion_v,7.479576020679599e-06,,1.9800000000000002,PASS,False
tt_00_to_11,test,WL1,lower_excursion_v,-1.0393129174827902e-05,-0.18000000000000002,,PASS,False
tt_00_to_11,test,WL1,end_level_v,2.914771640455991e-07,-0.18000000000000002,0.18000000000000002,PASS,False
tt_00_to_11,test,WL1,unselected_max_v,7.479576020679599e-06,,0.18000000000000002,PASS,False
tt_00_to_11,test,WL2,upper_excursion_v,1.969220010407031e-05,,1.9800000000000002,PASS,False
tt_00_to_11,test,WL2,lower_excursion_v,-1.989502349618283e-05,-0.18000000000000002,,PASS,False
tt_00_to_11,test,WL2,end_level_v,2.914762298933439e-07,-0.18000000000000002,0.18000000000000002,PASS,False
tt_00_to_11,test,WL2,unselected_max_v,1.969220010407031e-05,,0.18000000000000002,PASS,False
tt_00_to_11,test,WL3,upper_excursion_v,1.7999999899797494,,1.9800000000000002,PASS,False
tt_00_to_11,test,WL3,lower_excursion_v,-0.02274164674572418,-0.18000000000000002,,PASS,False
tt_00_to_11,test,WL3,end_level_v,1.7999999899797494,1.62,1.9800000000000002,PASS,False
tt_00_to_11,test,WL3,settled_min_v,1.7956393244336206,1.62,,PASS,False
tt_00_to_11,recovery,DEC0,end_level_v,1.4249590976600768e-06,-0.18000000000000002,0.18000000000000002,PASS,False
tt_00_to_11,recovery,DEC0,settled_max_v,0.003239968472099802,,0.18000000000000002,PASS,False
tt_00_to_11,recovery,DEC1,end_level_v,1.807797321131405e-06,-0.18000000000000002,0.18000000000000002,PASS,False
tt_00_to_11,recovery,DEC1,settled_max_v,0.00266050175358451,,0.18000000000000002,PASS,False
tt_00_to_11,recovery,DEC2,end_level_v,2.806645355161298e-06,-0.18000000000000002,0.18000000000000002,PASS,False
tt_00_to_11,recovery,DEC2,settled_max_v,0.003233031430016191,,0.18000000000000002,PASS,False
tt_00_to_11,recovery,DEC3,end_level_v,2.7848242381506254e-06,-0.18000000000000002,0.18000000000000002,PASS,False
tt_00_to_11,recovery,DEC3,settled_max_v,0.014572123105835888,,0.18000000000000002,PASS,False
tt_00_to_11,recovery,WL0,end_level_v,2.914805565944475e-07,-0.18000000000000002,0.18000000000000002,PASS,False
tt_00_to_11,recovery,WL0,settled_max_v,9.079153374900756e-06,,0.18000000000000002,PASS,False
tt_00_to_11,recovery,WL1,end_level_v,2.914820834041131e-07,-0.18000000000000002,0.18000000000000002,PASS,False
tt_00_to_11,recovery,WL1,settled_max_v,7.235216665636944e-06,,0.18000000000000002,PASS,False
tt_00_to_11,recovery,WL2,end_level_v,2.9149068741469635e-07,-0.18000000000000002,0.18000000000000002,PASS,False
tt_00_to_11,recovery,WL2,settled_max_v,8.862725249868542e-06,,0.18000000000000002,PASS,False
tt_00_to_11,recovery,WL3,end_level_v,2.914931219624232e-07,-0.18000000000000002,0.18000000000000002,PASS,False
tt_00_to_11,recovery,WL3,settled_max_v,3.00169832061821e-05,,0.18000000000000002,PASS,False
tt_00_to_11,recovery,N0,end_level_v,1.7999988206147022,1.62,1.9800000000000002,PASS,False
tt_00_to_11,recovery,N1,end_level_v,1.7999915391965078,1.62,1.9800000000000002,PASS,False
tt_00_to_11,recovery,N2,end_level_v,1.7994649625864494,1.62,1.9800000000000002,PASS,False
tt_00_to_11,recovery,N3,end_level_v,1.799475550966784,1.62,1.9800000000000002,PASS,False
tt_00_to_11,final_precharge,DEC0,settled_max_v,1.897229879588593e-05,,0.18000000000000002,PASS,False
tt_00_to_11,final_precharge,DEC0,settled_min_v,1.9982898902070195e-06,-0.18000000000000002,,PASS,False
tt_00_to_11,final_precharge,DEC1,settled_max_v,2.2203148223908832e-05,,0.18000000000000002,PASS,False
tt_00_to_11,final_precharge,DEC1,settled_min_v,2.2610941091683075e-06,-0.18000000000000002,,PASS,False
tt_00_to_11,final_precharge,DEC2,settled_max_v,2.5040338929204358e-05,,0.18000000000000002,PASS,False
tt_00_to_11,final_precharge,DEC2,settled_min_v,2.4868032130742477e-06,-0.18000000000000002,,PASS,False
tt_00_to_11,final_precharge,DEC3,settled_max_v,7.586810439294288e-05,,0.18000000000000002,PASS,False
tt_00_to_11,final_precharge,DEC3,settled_min_v,2.76928057817146e-06,-0.18000000000000002,,PASS,False
tt_00_to_11,final_precharge,WL0,settled_max_v,2.9254035246570624e-07,,0.18000000000000002,PASS,False
tt_00_to_11,final_precharge,WL0,settled_min_v,2.9147787410030366e-07,-0.18000000000000002,,PASS,False
tt_00_to_11,final_precharge,WL1,settled_max_v,2.9284559141310456e-07,,0.18000000000000002,PASS,False
tt_00_to_11,final_precharge,WL1,settled_min_v,2.914779860552811e-07,-0.18000000000000002,,PASS,False
tt_00_to_11,final_precharge,WL2,settled_max_v,2.926928902833311e-07,,0.18000000000000002,PASS,False
tt_00_to_11,final_precharge,WL2,settled_min_v,2.9147808613509737e-07,-0.18000000000000002,,PASS,False
tt_00_to_11,final_precharge,WL3,settled_max_v,3.473299714978647e-07,,0.18000000000000002,PASS,False
tt_00_to_11,final_precharge,WL3,settled_min_v,2.914785607019881e-07,-0.18000000000000002,,PASS,False
tt_00_to_11,final_precharge,N0,end_level_v,1.7999998402260045,1.62,1.9800000000000002,PASS,False
tt_00_to_11,final_precharge,N1,end_level_v,1.8000054324348616,1.62,1.9800000000000002,PASS,False
tt_00_to_11,final_precharge,N2,end_level_v,1.7999764914171332,1.62,1.9800000000000002,PASS,False
tt_00_to_11,final_precharge,N3,end_level_v,1.7988456518107734,1.62,1.9800000000000002,PASS,False
tt_00_to_11,pex_recovery,N0.N0.t1,dynamic_segment_level_v,1.7999987813095815,1.62,1.9800000000000002,PASS,False
tt_00_to_11,pex_final_precharge,N0.N0.t1,dynamic_segment_level_v,1.799999703997819,1.62,1.9800000000000002,PASS,False
tt_00_to_11,pex_recovery,N0.N0.n1,dynamic_segment_level_v,1.7999988204065491,1.62,1.9800000000000002,PASS,False
tt_00_to_11,pex_final_precharge,N0.N0.n1,dynamic_segment_level_v,1.7999998395244587,1.62,1.9800000000000002,PASS,False
tt_00_to_11,pex_recovery,N0.N0.t0,dynamic_segment_level_v,1.7999988197823642,1.62,1.9800000000000002,PASS,False
tt_00_to_11,pex_final_precharge,N0.N0.t0,dynamic_segment_level_v,1.7999998379006807,1.62,1.9800000000000002,PASS,False
tt_00_to_11,pex_recovery,N0.N0.n0,dynamic_segment_level_v,1.7999988199729726,1.62,1.9800000000000002,PASS,False
tt_00_to_11,pex_final_precharge,N0.N0.n0,dynamic_segment_level_v,1.7999998380672557,1.62,1.9800000000000002,PASS,False
tt_00_to_11,pex_recovery,N0.N0,dynamic_segment_level_v,1.7999988206147022,1.62,1.9800000000000002,PASS,False
tt_00_to_11,pex_final_precharge,N0.N0,dynamic_segment_level_v,1.7999998402260045,1.62,1.9800000000000002,PASS,False
tt_00_to_11,pex_recovery,N0.N0.t2,dynamic_segment_level_v,1.799998818759418,1.62,1.9800000000000002,PASS,False
tt_00_to_11,pex_final_precharge,N0.N0.t2,dynamic_segment_level_v,1.7999998392189525,1.62,1.9800000000000002,PASS,False
tt_00_to_11,pex_recovery,N0.N0.t3,dynamic_segment_level_v,1.7999988206147022,1.62,1.9800000000000002,PASS,False
tt_00_to_11,pex_final_precharge,N0.N0.t3,dynamic_segment_level_v,1.7999998402260045,1.62,1.9800000000000002,PASS,False
tt_00_to_11,pex_recovery,N1.N1.t2,dynamic_segment_level_v,1.7999915371879507,1.62,1.9800000000000002,PASS,False
tt_00_to_11,pex_final_precharge,N1.N1.t2,dynamic_segment_level_v,1.8000054303094073,1.62,1.9800000000000002,PASS,False
tt_00_to_11,pex_recovery,N1.N1.t1,dynamic_segment_level_v,1.7999919332287115,1.62,1.9800000000000002,PASS,False
tt_00_to_11,pex_final_precharge,N1.N1.t1,dynamic_segment_level_v,1.8000047922258338,1.62,1.9800000000000002,PASS,False
tt_00_to_11,pex_recovery,N1.N1,dynamic_segment_level_v,1.7999915391965078,1.62,1.9800000000000002,PASS,False
tt_00_to_11,pex_final_precharge,N1.N1,dynamic_segment_level_v,1.8000054324348616,1.62,1.9800000000000002,PASS,False
tt_00_to_11,pex_recovery,N1.N1.n0,dynamic_segment_level_v,1.7999915448663746,1.62,1.9800000000000002,PASS,False
tt_00_to_11,pex_final_precharge,N1.N1.n0,dynamic_segment_level_v,1.80000542267819,1.62,1.9800000000000002,PASS,False
tt_00_to_11,pex_recovery,N1.N1.t0,dynamic_segment_level_v,1.7999915445269332,1.62,1.9800000000000002,PASS,False
tt_00_to_11,pex_final_precharge,N1.N1.t0,dynamic_segment_level_v,1.800005422590775,1.62,1.9800000000000002,PASS,False
tt_00_to_11,pex_recovery,N1.N1.n1,dynamic_segment_level_v,1.7999915406916813,1.62,1.9800000000000002,PASS,False
tt_00_to_11,pex_final_precharge,N1.N1.n1,dynamic_segment_level_v,1.8000054295016659,1.62,1.9800000000000002,PASS,False
tt_00_to_11,pex_recovery,N1.N1.t3,dynamic_segment_level_v,1.7999915391965078,1.62,1.9800000000000002,PASS,False
tt_00_to_11,pex_final_precharge,N1.N1.t3,dynamic_segment_level_v,1.8000054324348616,1.62,1.9800000000000002,PASS,False
tt_00_to_11,pex_recovery,N2.N2.n1,dynamic_segment_level_v,1.7994652553673178,1.62,1.9800000000000002,PASS,False
tt_00_to_11,pex_final_precharge,N2.N2.n1,dynamic_segment_level_v,1.7999764909265779,1.62,1.9800000000000002,PASS,False
tt_00_to_11,pex_recovery,N2.N2.t0,dynamic_segment_level_v,1.7994562911680971,1.62,1.9800000000000002,PASS,False
tt_00_to_11,pex_final_precharge,N2.N2.t0,dynamic_segment_level_v,1.79997610029004,1.62,1.9800000000000002,PASS,False
tt_00_to_11,pex_recovery,N2.N2.t2,dynamic_segment_level_v,1.7994649189402172,1.62,1.9800000000000002,PASS,False
tt_00_to_11,pex_final_precharge,N2.N2.t2,dynamic_segment_level_v,1.7999764892963588,1.62,1.9800000000000002,PASS,False
tt_00_to_11,pex_recovery,N2.N2.n0,dynamic_segment_level_v,1.7994652600923522,1.62,1.9800000000000002,PASS,False
tt_00_to_11,pex_final_precharge,N2.N2.n0,dynamic_segment_level_v,1.7999764876384727,1.62,1.9800000000000002,PASS,False
tt_00_to_11,pex_recovery,N2.N2.t1,dynamic_segment_level_v,1.7995028012632386,1.62,1.9800000000000002,PASS,False
tt_00_to_11,pex_final_precharge,N2.N2.t1,dynamic_segment_level_v,1.7999777809534747,1.62,1.9800000000000002,PASS,False
tt_00_to_11,pex_recovery,N2.N2.t3,dynamic_segment_level_v,1.7994649625864494,1.62,1.9800000000000002,PASS,False
tt_00_to_11,pex_final_precharge,N2.N2.t3,dynamic_segment_level_v,1.7999764914171332,1.62,1.9800000000000002,PASS,False
tt_00_to_11,pex_recovery,N2.N2,dynamic_segment_level_v,1.7994649625864494,1.62,1.9800000000000002,PASS,False
tt_00_to_11,pex_final_precharge,N2.N2,dynamic_segment_level_v,1.7999764914171332,1.62,1.9800000000000002,PASS,False
tt_00_to_11,pex_recovery,N3.N3.t1,dynamic_segment_level_v,1.799512519906264,1.62,1.9800000000000002,PASS,False
tt_00_to_11,pex_final_precharge,N3.N3.t1,dynamic_segment_level_v,1.7989272014560882,1.62,1.9800000000000002,PASS,False
tt_00_to_11,pex_recovery,N3.N3.t2,dynamic_segment_level_v,1.7994755133214468,1.62,1.9800000000000002,PASS,False
tt_00_to_11,pex_final_precharge,N3.N3.t2,dynamic_segment_level_v,1.798845621027083,1.62,1.9800000000000002,PASS,False
tt_00_to_11,pex_recovery,N3.N3.t0,dynamic_segment_level_v,1.7994669300054724,1.62,1.9800000000000002,PASS,False
tt_00_to_11,pex_final_precharge,N3.N3.t0,dynamic_segment_level_v,1.798826150656599,1.62,1.9800000000000002,PASS,False
tt_00_to_11,pex_recovery,N3.N3,dynamic_segment_level_v,1.799475550966784,1.62,1.9800000000000002,PASS,False
tt_00_to_11,pex_final_precharge,N3.N3,dynamic_segment_level_v,1.7988456518107734,1.62,1.9800000000000002,PASS,False
tt_00_to_11,pex_recovery,N3.N3.n0,dynamic_segment_level_v,1.7994757980206828,1.62,1.9800000000000002,PASS,False
tt_00_to_11,pex_final_precharge,N3.N3.n0,dynamic_segment_level_v,1.7988458725849887,1.62,1.9800000000000002,PASS,False
tt_00_to_11,pex_recovery,N3.N3.n1,dynamic_segment_level_v,1.7994757943309392,1.62,1.9800000000000002,PASS,False
tt_00_to_11,pex_final_precharge,N3.N3.n1,dynamic_segment_level_v,1.798845866483569,1.62,1.9800000000000002,PASS,False
tt_00_to_11,pex_recovery,N3.N3.t3,dynamic_segment_level_v,1.799475550966784,1.62,1.9800000000000002,PASS,False
tt_00_to_11,pex_final_precharge,N3.N3.t3,dynamic_segment_level_v,1.7988456518107734,1.62,1.9800000000000002,PASS,False
tt_11_to_00,prime,DEC0,upper_excursion_v,0.004822617927550137,,1.9800000000000002,PASS,False
tt_11_to_00,prime,DEC0,lower_excursion_v,9.90673588021707e-08,-0.18000000000000002,,PASS,False
tt_11_to_00,prime,DEC0,end_level_v,9.90673588021707e-08,-0.18000000000000002,0.18000000000000002,PASS,False
tt_11_to_00,prime,DEC0,unselected_max_v,0.004822617927550137,,0.18000000000000002,PASS,False
tt_11_to_00,prime,DEC1,upper_excursion_v,0.006534116444453564,,1.9800000000000002,PASS,False
tt_11_to_00,prime,DEC1,lower_excursion_v,1.191573880399144e-07,-0.18000000000000002,,PASS,False
tt_11_to_00,prime,DEC1,end_level_v,1.191573880399144e-07,-0.18000000000000002,0.18000000000000002,PASS,False
tt_11_to_00,prime,DEC1,unselected_max_v,0.006534116444453564,,0.18000000000000002,PASS,False
tt_11_to_00,prime,DEC2,upper_excursion_v,0.02933687682569866,,1.9800000000000002,PASS,False
tt_11_to_00,prime,DEC2,lower_excursion_v,-8.135911525400545e-06,-0.18000000000000002,,PASS,False
tt_11_to_00,prime,DEC2,end_level_v,-2.4365592032741024e-06,-0.18000000000000002,0.18000000000000002,PASS,False
tt_11_to_00,prime,DEC2,unselected_max_v,0.02933687682569866,,0.18000000000000002,PASS,False
tt_11_to_00,prime,DEC3,upper_excursion_v,1.7999995376355595,,1.9800000000000002,PASS,False
tt_11_to_00,prime,DEC3,lower_excursion_v,-0.024844162869333126,-0.18000000000000002,,PASS,False
tt_11_to_00,prime,DEC3,end_level_v,1.7999995376355595,1.62,1.9800000000000002,PASS,False
tt_11_to_00,prime,DEC3,settled_min_v,1.7999967995124049,1.62,,PASS,False
tt_11_to_00,prime,WL0,upper_excursion_v,6.263331952564086e-06,,1.9800000000000002,PASS,False
tt_11_to_00,prime,WL0,lower_excursion_v,-1.0034386805536412e-05,-0.18000000000000002,,PASS,False
tt_11_to_00,prime,WL0,end_level_v,2.914771568705208e-07,-0.18000000000000002,0.18000000000000002,PASS,False
tt_11_to_00,prime,WL0,unselected_max_v,6.263331952564086e-06,,0.18000000000000002,PASS,False
tt_11_to_00,prime,WL1,upper_excursion_v,7.463659558643888e-06,,1.9800000000000002,PASS,False
tt_11_to_00,prime,WL1,lower_excursion_v,-1.0335095433716375e-05,-0.18000000000000002,,PASS,False
tt_11_to_00,prime,WL1,end_level_v,2.914771590763067e-07,-0.18000000000000002,0.18000000000000002,PASS,False
tt_11_to_00,prime,WL1,unselected_max_v,7.463659558643888e-06,,0.18000000000000002,PASS,False
tt_11_to_00,prime,WL2,upper_excursion_v,1.966513277451041e-05,,1.9800000000000002,PASS,False
tt_11_to_00,prime,WL2,lower_excursion_v,-1.9907624200358804e-05,-0.18000000000000002,,PASS,False
tt_11_to_00,prime,WL2,end_level_v,2.9147656219309586e-07,-0.18000000000000002,0.18000000000000002,PASS,False
tt_11_to_00,prime,WL2,unselected_max_v,1.966513277451041e-05,,0.18000000000000002,PASS,False
tt_11_to_00,prime,WL3,upper_excursion_v,1.7999999899798151,,1.9800000000000002,PASS,False
tt_11_to_00,prime,WL3,lower_excursion_v,-0.022529017718932537,-0.18000000000000002,,PASS,False
tt_11_to_00,prime,WL3,end_level_v,1.7999999899798151,1.62,1.9800000000000002,PASS,False
tt_11_to_00,prime,WL3,settled_min_v,1.7959047912177755,1.62,,PASS,False
tt_11_to_00,test,DEC0,upper_excursion_v,1.8000008644813916,,1.9800000000000002,PASS,False
tt_11_to_00,test,DEC0,lower_excursion_v,-0.024823082620475227,-0.18000000000000002,,PASS,False
tt_11_to_00,test,DEC0,end_level_v,1.7999999478558222,1.62,1.9800000000000002,PASS,False
tt_11_to_00,test,DEC0,settled_min_v,1.799999902499607,1.62,,PASS,False
tt_11_to_00,test,DEC1,upper_excursion_v,0.01975463527228255,,1.9800000000000002,PASS,False
tt_11_to_00,test,DEC1,lower_excursion_v,-1.3049071193399486e-05,-0.18000000000000002,,PASS,False
tt_11_to_00,test,DEC1,end_level_v,-2.824820595187518e-06,-0.18000000000000002,0.18000000000000002,PASS,False
tt_11_to_00,test,DEC1,unselected_max_v,0.01975463527228255,,0.18000000000000002,PASS,False
tt_11_to_00,test,DEC2,upper_excursion_v,0.00892828487918088,,1.9800000000000002,PASS,False
tt_11_to_00,test,DEC2,lower_excursion_v,-1.8233488747886495e-07,-0.18000000000000002,,PASS,False
tt_11_to_00,test,DEC2,end_level_v,-6.467622704189749e-09,-0.18000000000000002,0.18000000000000002,PASS,False
tt_11_to_00,test,DEC2,unselected_max_v,0.00892828487918088,,0.18000000000000002,PASS,False
tt_11_to_00,test,DEC3,upper_excursion_v,0.03500989697492328,,1.9800000000000002,PASS,False
tt_11_to_00,test,DEC3,lower_excursion_v,-1.7361965876658628e-07,-0.18000000000000002,,PASS,False
tt_11_to_00,test,DEC3,end_level_v,-6.921231253051519e-09,-0.18000000000000002,0.18000000000000002,PASS,False
tt_11_to_00,test,DEC3,unselected_max_v,0.03500989697492328,,0.18000000000000002,PASS,False
tt_11_to_00,test,WL0,upper_excursion_v,1.7999999899799013,,1.9800000000000002,PASS,False
tt_11_to_00,test,WL0,lower_excursion_v,-0.025490723667325632,-0.18000000000000002,,PASS,False
tt_11_to_00,test,WL0,end_level_v,1.7999999899799013,1.62,1.9800000000000002,PASS,False
tt_11_to_00,test,WL0,settled_min_v,1.796828591687133,1.62,,PASS,False
tt_11_to_00,test,WL1,upper_excursion_v,1.4718861916325342e-05,,1.9800000000000002,PASS,False
tt_11_to_00,test,WL1,lower_excursion_v,-1.731742354367035e-05,-0.18000000000000002,,PASS,False
tt_11_to_00,test,WL1,end_level_v,2.914761060427926e-07,-0.18000000000000002,0.18000000000000002,PASS,False
tt_11_to_00,test,WL1,unselected_max_v,1.4718861916325342e-05,,0.18000000000000002,PASS,False
tt_11_to_00,test,WL2,upper_excursion_v,1.0579842674082863e-05,,1.9800000000000002,PASS,False
tt_11_to_00,test,WL2,lower_excursion_v,-1.9877044077763442e-05,-0.18000000000000002,,PASS,False
tt_11_to_00,test,WL2,end_level_v,2.914771097474679e-07,-0.18000000000000002,0.18000000000000002,PASS,False
tt_11_to_00,test,WL2,unselected_max_v,1.0579842674082863e-05,,0.18000000000000002,PASS,False
tt_11_to_00,test,WL3,upper_excursion_v,4.5635390083315814e-05,,1.9800000000000002,PASS,False
tt_11_to_00,test,WL3,lower_excursion_v,-7.994320787428407e-05,-0.18000000000000002,,PASS,False
tt_11_to_00,test,WL3,end_level_v,2.9147711321188563e-07,-0.18000000000000002,0.18000000000000002,PASS,False
tt_11_to_00,test,WL3,unselected_max_v,4.5635390083315814e-05,,0.18000000000000002,PASS,False
tt_11_to_00,recovery,DEC0,end_level_v,5.118577163071574e-06,-0.18000000000000002,0.18000000000000002,PASS,False
tt_11_to_00,recovery,DEC0,settled_max_v,0.002143253729081365,,0.18000000000000002,PASS,False
tt_11_to_00,recovery,DEC1,end_level_v,5.216137494309183e-06,-0.18000000000000002,0.18000000000000002,PASS,False
tt_11_to_00,recovery,DEC1,settled_max_v,0.0012682832267204847,,0.18000000000000002,PASS,False
tt_11_to_00,recovery,DEC2,end_level_v,4.361503722043035e-06,-0.18000000000000002,0.18000000000000002,PASS,False
tt_11_to_00,recovery,DEC2,settled_max_v,0.001399933049449067,,0.18000000000000002,PASS,False
tt_11_to_00,recovery,DEC3,end_level_v,3.7199952405803714e-06,-0.18000000000000002,0.18000000000000002,PASS,False
tt_11_to_00,recovery,DEC3,settled_max_v,0.0010181937203860227,,0.18000000000000002,PASS,False
tt_11_to_00,recovery,WL0,end_level_v,2.9155088396113846e-07,-0.18000000000000002,0.18000000000000002,PASS,False
tt_11_to_00,recovery,WL0,settled_max_v,1.4425369170936806e-05,,0.18000000000000002,PASS,False
tt_11_to_00,recovery,WL1,end_level_v,2.915524058207551e-07,-0.18000000000000002,0.18000000000000002,PASS,False
tt_11_to_00,recovery,WL1,settled_max_v,1.0803991512855663e-05,,0.18000000000000002,PASS,False
tt_11_to_00,recovery,WL2,end_level_v,2.9153730777149857e-07,-0.18000000000000002,0.18000000000000002,PASS,False
tt_11_to_00,recovery,WL2,settled_max_v,1.3114999343418832e-05,,0.18000000000000002,PASS,False
tt_11_to_00,recovery,WL3,end_level_v,2.9152542666754613e-07,-0.18000000000000002,0.18000000000000002,PASS,False
tt_11_to_00,recovery,WL3,settled_max_v,3.977108311300325e-05,,0.18000000000000002,PASS,False
tt_11_to_00,recovery,N0,end_level_v,1.7988020444760207,1.62,1.9800000000000002,PASS,False
tt_11_to_00,recovery,N1,end_level_v,1.7993157263535364,1.62,1.9800000000000002,PASS,False
tt_11_to_00,recovery,N2,end_level_v,1.79996829893894,1.62,1.9800000000000002,PASS,False
tt_11_to_00,recovery,N3,end_level_v,1.8000013365407797,1.62,1.9800000000000002,PASS,False
tt_11_to_00,final_precharge,DEC0,settled_max_v,6.288791332490034e-05,,0.18000000000000002,PASS,False
tt_11_to_00,final_precharge,DEC0,settled_min_v,2.3295069655458522e-06,-0.18000000000000002,,PASS,False
tt_11_to_00,final_precharge,DEC1,settled_max_v,1.7680789574613197e-05,,0.18000000000000002,PASS,False
tt_11_to_00,final_precharge,DEC1,settled_min_v,2.190444440219877e-06,-0.18000000000000002,,PASS,False
tt_11_to_00,final_precharge,DEC2,settled_max_v,1.810617928976526e-05,,0.18000000000000002,PASS,False
tt_11_to_00,final_precharge,DEC2,settled_min_v,2.3566370708276008e-06,-0.18000000000000002,,PASS,False
tt_11_to_00,final_precharge,DEC3,settled_max_v,1.7805897728574238e-05,,0.18000000000000002,PASS,False
tt_11_to_00,final_precharge,DEC3,settled_min_v,2.194401993995341e-06,-0.18000000000000002,,PASS,False
tt_11_to_00,final_precharge,WL0,settled_max_v,3.309009514520262e-07,,0.18000000000000002,PASS,False
tt_11_to_00,final_precharge,WL0,settled_min_v,2.9147825319671316e-07,-0.18000000000000002,,PASS,False
tt_11_to_00,final_precharge,WL1,settled_max_v,2.92860262441802e-07,,0.18000000000000002,PASS,False
tt_11_to_00,final_precharge,WL1,settled_min_v,2.914779154944167e-07,-0.18000000000000002,,PASS,False
tt_11_to_00,final_precharge,WL2,settled_max_v,2.931502866408206e-07,,0.18000000000000002,PASS,False
tt_11_to_00,final_precharge,WL2,settled_min_v,2.914779764936082e-07,-0.18000000000000002,,PASS,False
tt_11_to_00,final_precharge,WL3,settled_max_v,2.933108706760934e-07,,0.18000000000000002,PASS,False
tt_11_to_00,final_precharge,WL3,settled_min_v,2.9147791797222783e-07,-0.18000000000000002,,PASS,False
tt_11_to_00,final_precharge,N0,end_level_v,1.7988914625428576,1.62,1.9800000000000002,PASS,False
tt_11_to_00,final_precharge,N1,end_level_v,1.7999812557451225,1.62,1.9800000000000002,PASS,False
tt_11_to_00,final_precharge,N2,end_level_v,1.8000064320004805,1.62,1.9800000000000002,PASS,False
tt_11_to_00,final_precharge,N3,end_level_v,1.79999984914211,1.62,1.9800000000000002,PASS,False
tt_11_to_00,pex_recovery,N0.N0.t1,dynamic_segment_level_v,1.7988873808942796,1.62,1.9800000000000002,PASS,False
tt_11_to_00,pex_final_precharge,N0.N0.t1,dynamic_segment_level_v,1.7989703982413316,1.62,1.9800000000000002,PASS,False
tt_11_to_00,pex_recovery,N0.N0.n1,dynamic_segment_level_v,1.7988025076548357,1.62,1.9800000000000002,PASS,False
tt_11_to_00,pex_final_precharge,N0.N0.n1,dynamic_segment_level_v,1.7988916645854274,1.62,1.9800000000000002,PASS,False
tt_11_to_00,pex_recovery,N0.N0.t0,dynamic_segment_level_v,1.7987826675907086,1.62,1.9800000000000002,PASS,False
tt_11_to_00,pex_final_precharge,N0.N0.t0,dynamic_segment_level_v,1.7988730197121006,1.62,1.9800000000000002,PASS,False
tt_11_to_00,pex_recovery,N0.N0.n0,dynamic_segment_level_v,1.7988025242250523,1.62,1.9800000000000002,PASS,False
tt_11_to_00,pex_final_precharge,N0.N0.n0,dynamic_segment_level_v,1.798891671190364,1.62,1.9800000000000002,PASS,False
tt_11_to_00,pex_recovery,N0.N0,dynamic_segment_level_v,1.7988020444760207,1.62,1.9800000000000002,PASS,False
tt_11_to_00,pex_final_precharge,N0.N0,dynamic_segment_level_v,1.7988914625428576,1.62,1.9800000000000002,PASS,False
tt_11_to_00,pex_recovery,N0.N0.t2,dynamic_segment_level_v,1.7988019805704083,1.62,1.9800000000000002,PASS,False
tt_11_to_00,pex_final_precharge,N0.N0.t2,dynamic_segment_level_v,1.7988914360313164,1.62,1.9800000000000002,PASS,False
tt_11_to_00,pex_recovery,N0.N0.t3,dynamic_segment_level_v,1.7988020444760207,1.62,1.9800000000000002,PASS,False
tt_11_to_00,pex_final_precharge,N0.N0.t3,dynamic_segment_level_v,1.7988914625428576,1.62,1.9800000000000002,PASS,False
tt_11_to_00,pex_recovery,N1.N1.t2,dynamic_segment_level_v,1.7993156529373522,1.62,1.9800000000000002,PASS,False
tt_11_to_00,pex_final_precharge,N1.N1.t2,dynamic_segment_level_v,1.7999812545080163,1.62,1.9800000000000002,PASS,False
tt_11_to_00,pex_recovery,N1.N1.t1,dynamic_segment_level_v,1.7993643603429383,1.62,1.9800000000000002,PASS,False
tt_11_to_00,pex_final_precharge,N1.N1.t1,dynamic_segment_level_v,1.7999824394137491,1.62,1.9800000000000002,PASS,False
tt_11_to_00,pex_recovery,N1.N1,dynamic_segment_level_v,1.7993157263535364,1.62,1.9800000000000002,PASS,False
tt_11_to_00,pex_final_precharge,N1.N1,dynamic_segment_level_v,1.7999812557451225,1.62,1.9800000000000002,PASS,False
tt_11_to_00,pex_recovery,N1.N1.n0,dynamic_segment_level_v,1.7993162349880312,1.62,1.9800000000000002,PASS,False
tt_11_to_00,pex_final_precharge,N1.N1.n0,dynamic_segment_level_v,1.7999812521268657,1.62,1.9800000000000002,PASS,False
tt_11_to_00,pex_recovery,N1.N1.t0,dynamic_segment_level_v,1.7993048079679825,1.62,1.9800000000000002,PASS,False
tt_11_to_00,pex_final_precharge,N1.N1.t0,dynamic_segment_level_v,1.7999808946495905,1.62,1.9800000000000002,PASS,False
tt_11_to_00,pex_recovery,N1.N1.n1,dynamic_segment_level_v,1.7993162305048784,1.62,1.9800000000000002,PASS,False
tt_11_to_00,pex_final_precharge,N1.N1.n1,dynamic_segment_level_v,1.7999812553393697,1.62,1.9800000000000002,PASS,False
tt_11_to_00,pex_recovery,N1.N1.t3,dynamic_segment_level_v,1.7993157263535364,1.62,1.9800000000000002,PASS,False
tt_11_to_00,pex_final_precharge,N1.N1.t3,dynamic_segment_level_v,1.7999812557451225,1.62,1.9800000000000002,PASS,False
tt_11_to_00,pex_recovery,N2.N2.n1,dynamic_segment_level_v,1.799968315130729,1.62,1.9800000000000002,PASS,False
tt_11_to_00,pex_final_precharge,N2.N2.n1,dynamic_segment_level_v,1.8000064293787281,1.62,1.9800000000000002,PASS,False
tt_11_to_00,pex_recovery,N2.N2.t0,dynamic_segment_level_v,1.7999683347719786,1.62,1.9800000000000002,PASS,False
tt_11_to_00,pex_final_precharge,N2.N2.t0,dynamic_segment_level_v,1.800006422808675,1.62,1.9800000000000002,PASS,False
tt_11_to_00,pex_recovery,N2.N2.t2,dynamic_segment_level_v,1.7999682963225543,1.62,1.9800000000000002,PASS,False
tt_11_to_00,pex_final_precharge,N2.N2.t2,dynamic_segment_level_v,1.8000064303548902,1.62,1.9800000000000002,PASS,False
tt_11_to_00,pex_recovery,N2.N2.n0,dynamic_segment_level_v,1.7999683360248673,1.62,1.9800000000000002,PASS,False
tt_11_to_00,pex_final_precharge,N2.N2.n0,dynamic_segment_level_v,1.8000064228507975,1.62,1.9800000000000002,PASS,False
tt_11_to_00,pex_recovery,N2.N2.t1,dynamic_segment_level_v,1.7999702756750549,1.62,1.9800000000000002,PASS,False
tt_11_to_00,pex_final_precharge,N2.N2.t1,dynamic_segment_level_v,1.8000058203360072,1.62,1.9800000000000002,PASS,False
tt_11_to_00,pex_recovery,N2.N2.t3,dynamic_segment_level_v,1.79996829893894,1.62,1.9800000000000002,PASS,False
tt_11_to_00,pex_final_precharge,N2.N2.t3,dynamic_segment_level_v,1.8000064320004805,1.62,1.9800000000000002,PASS,False
tt_11_to_00,pex_recovery,N2.N2,dynamic_segment_level_v,1.79996829893894,1.62,1.9800000000000002,PASS,False
tt_11_to_00,pex_final_precharge,N2.N2,dynamic_segment_level_v,1.8000064320004805,1.62,1.9800000000000002,PASS,False
tt_11_to_00,pex_recovery,N3.N3.t1,dynamic_segment_level_v,1.8000009302540403,1.62,1.9800000000000002,PASS,False
tt_11_to_00,pex_final_precharge,N3.N3.t1,dynamic_segment_level_v,1.7999997117625877,1.62,1.9800000000000002,PASS,False
tt_11_to_00,pex_recovery,N3.N3.t2,dynamic_segment_level_v,1.8000013315906163,1.62,1.9800000000000002,PASS,False
tt_11_to_00,pex_final_precharge,N3.N3.t2,dynamic_segment_level_v,1.7999998482677648,1.62,1.9800000000000002,PASS,False
tt_11_to_00,pex_recovery,N3.N3.t0,dynamic_segment_level_v,1.8000013285442558,1.62,1.9800000000000002,PASS,False
tt_11_to_00,pex_final_precharge,N3.N3.t0,dynamic_segment_level_v,1.7999998469829372,1.62,1.9800000000000002,PASS,False
tt_11_to_00,pex_recovery,N3.N3,dynamic_segment_level_v,1.8000013365407797,1.62,1.9800000000000002,PASS,False
tt_11_to_00,pex_final_precharge,N3.N3,dynamic_segment_level_v,1.79999984914211,1.62,1.9800000000000002,PASS,False
tt_11_to_00,pex_recovery,N3.N3.n0,dynamic_segment_level_v,1.8000013288660335,1.62,1.9800000000000002,PASS,False
tt_11_to_00,pex_final_precharge,N3.N3.n0,dynamic_segment_level_v,1.799999847127677,1.62,1.9800000000000002,PASS,False
tt_11_to_00,pex_recovery,N3.N3.n1,dynamic_segment_level_v,1.800001333205539,1.62,1.9800000000000002,PASS,False
tt_11_to_00,pex_final_precharge,N3.N3.n1,dynamic_segment_level_v,1.7999998486039117,1.62,1.9800000000000002,PASS,False
tt_11_to_00,pex_recovery,N3.N3.t3,dynamic_segment_level_v,1.8000013365407797,1.62,1.9800000000000002,PASS,False
tt_11_to_00,pex_final_precharge,N3.N3.t3,dynamic_segment_level_v,1.79999984914211,1.62,1.9800000000000002,PASS,False
tt_01_to_10,prime,DEC0,upper_excursion_v,0.016541746446452007,,1.9800000000000002,PASS,False
tt_01_to_10,prime,DEC0,lower_excursion_v,-4.3509765893264965e-06,-0.18000000000000002,,PASS,False
tt_01_to_10,prime,DEC0,end_level_v,-1.8793487903209415e-06,-0.18000000000000002,0.18000000000000002,PASS,False
tt_01_to_10,prime,DEC0,unselected_max_v,0.016541746446452007,,0.18000000000000002,PASS,False
tt_01_to_10,prime,DEC1,upper_excursion_v,1.7999996968234846,,1.9800000000000002,PASS,False
tt_01_to_10,prime,DEC1,lower_excursion_v,-0.02428111084500849,-0.18000000000000002,,PASS,False
tt_01_to_10,prime,DEC1,end_level_v,1.7999996968234846,1.62,1.9800000000000002,PASS,False
tt_01_to_10,prime,DEC1,settled_min_v,1.799996640414609,1.62,,PASS,False
tt_01_to_10,prime,DEC2,upper_excursion_v,0.023934708043998804,,1.9800000000000002,PASS,False
tt_01_to_10,prime,DEC2,lower_excursion_v,-3.719945633916721e-08,-0.18000000000000002,,PASS,False
tt_01_to_10,prime,DEC2,end_level_v,2.3704786402534264e-08,-0.18000000000000002,0.18000000000000002,PASS,False
tt_01_to_10,prime,DEC2,unselected_max_v,0.023934708043998804,,0.18000000000000002,PASS,False
tt_01_to_10,prime,DEC3,upper_excursion_v,0.0349677114486859,,1.9800000000000002,PASS,False
tt_01_to_10,prime,DEC3,lower_excursion_v,-4.08678842084894e-08,-0.18000000000000002,,PASS,False
tt_01_to_10,prime,DEC3,end_level_v,3.365580348809771e-08,-0.18000000000000002,0.18000000000000002,PASS,False
tt_01_to_10,prime,DEC3,unselected_max_v,0.0349677114486859,,0.18000000000000002,PASS,False
tt_01_to_10,prime,WL0,upper_excursion_v,1.1920849702604142e-05,,1.9800000000000002,PASS,False
tt_01_to_10,prime,WL0,lower_excursion_v,-1.0976579646856478e-05,-0.18000000000000002,,PASS,False
tt_01_to_10,prime,WL0,end_level_v,2.914767618337278e-07,-0.18000000000000002,0.18000000000000002,PASS,False
tt_01_to_10,prime,WL0,unselected_max_v,1.1920849702604142e-05,,0.18000000000000002,PASS,False
tt_01_to_10,prime,WL1,upper_excursion_v,1.7999999899798544,,1.9800000000000002,PASS,False
tt_01_to_10,prime,WL1,lower_excursion_v,-0.02355924138741551,-0.18000000000000002,,PASS,False
tt_01_to_10,prime,WL1,end_level_v,1.7999999899798544,1.62,1.9800000000000002,PASS,False
tt_01_to_10,prime,WL1,settled_min_v,1.7963738393214277,1.62,,PASS,False
tt_01_to_10,prime,WL2,upper_excursion_v,1.6501327117150997e-05,,1.9800000000000002,PASS,False
tt_01_to_10,prime,WL2,lower_excursion_v,-1.9907780633541025e-05,-0.18000000000000002,,PASS,False
tt_01_to_10,prime,WL2,end_level_v,2.9147713802513e-07,-0.18000000000000002,0.18000000000000002,PASS,False
tt_01_to_10,prime,WL2,unselected_max_v,1.6501327117150997e-05,,0.18000000000000002,PASS,False
tt_01_to_10,prime,WL3,upper_excursion_v,4.562595341852416e-05,,1.9800000000000002,PASS,False
tt_01_to_10,prime,WL3,lower_excursion_v,-8.067896635647099e-05,-0.18000000000000002,,PASS,False
tt_01_to_10,prime,WL3,end_level_v,2.9147713521326415e-07,-0.18000000000000002,0.18000000000000002,PASS,False
tt_01_to_10,prime,WL3,unselected_max_v,4.562595341852416e-05,,0.18000000000000002,PASS,False
tt_01_to_10,test,DEC0,upper_excursion_v,0.004836931206109565,,1.9800000000000002,PASS,False
tt_01_to_10,test,DEC0,lower_excursion_v,1.2636036879419123e-07,-0.18000000000000002,,PASS,False
tt_01_to_10,test,DEC0,end_level_v,1.2636036879419123e-07,-0.18000000000000002,0.18000000000000002,PASS,False
tt_01_to_10,test,DEC0,unselected_max_v,0.004836931206109565,,0.18000000000000002,PASS,False
tt_01_to_10,test,DEC1,upper_excursion_v,0.02094121529760093,,1.9800000000000002,PASS,False
tt_01_to_10,test,DEC1,lower_excursion_v,1.1256184589969467e-07,-0.18000000000000002,,PASS,False
tt_01_to_10,test,DEC1,end_level_v,1.1256184589969467e-07,-0.18000000000000002,0.18000000000000002,PASS,False
tt_01_to_10,test,DEC1,unselected_max_v,0.02094121529760093,,0.18000000000000002,PASS,False
tt_01_to_10,test,DEC2,upper_excursion_v,1.7999998945358122,,1.9800000000000002,PASS,False
tt_01_to_10,test,DEC2,lower_excursion_v,-0.023660920138599162,-0.18000000000000002,,PASS,False
tt_01_to_10,test,DEC2,end_level_v,1.7999998945358122,1.62,1.9800000000000002,PASS,False
tt_01_to_10,test,DEC2,settled_min_v,1.7999981802544944,1.62,,PASS,False
tt_01_to_10,test,DEC3,upper_excursion_v,0.03500545514252554,,1.9800000000000002,PASS,False
tt_01_to_10,test,DEC3,lower_excursion_v,-1.221611836256032e-05,-0.18000000000000002,,PASS,False
tt_01_to_10,test,DEC3,end_level_v,-2.997103078544209e-06,-0.18000000000000002,0.18000000000000002,PASS,False
tt_01_to_10,test,DEC3,unselected_max_v,0.03500545514252554,,0.18000000000000002,PASS,False
tt_01_to_10,test,WL0,upper_excursion_v,6.287967736033016e-06,,1.9800000000000002,PASS,False
tt_01_to_10,test,WL0,lower_excursion_v,-1.0564756737401646e-05,-0.18000000000000002,,PASS,False
tt_01_to_10,test,WL0,end_level_v,2.9147716076528795e-07,-0.18000000000000002,0.18000000000000002,PASS,False
tt_01_to_10,test,WL0,unselected_max_v,6.287967736033016e-06,,0.18000000000000002,PASS,False
tt_01_to_10,test,WL1,upper_excursion_v,1.3946252115014912e-05,,1.9800000000000002,PASS,False
tt_01_to_10,test,WL1,lower_excursion_v,-1.0230985330675494e-05,-0.18000000000000002,,PASS,False
tt_01_to_10,test,WL1,end_level_v,2.914771629420569e-07,-0.18000000000000002,0.18000000000000002,PASS,False
tt_01_to_10,test,WL1,unselected_max_v,1.3946252115014912e-05,,0.18000000000000002,PASS,False
tt_01_to_10,test,WL2,upper_excursion_v,1.7999999899798969,,1.9800000000000002,PASS,False
tt_01_to_10,test,WL2,lower_excursion_v,-0.022592181476210907,-0.18000000000000002,,PASS,False
tt_01_to_10,test,WL2,end_level_v,1.7999999899798969,1.62,1.9800000000000002,PASS,False
tt_01_to_10,test,WL2,settled_min_v,1.7956096361738074,1.62,,PASS,False
tt_01_to_10,test,WL3,upper_excursion_v,4.561885386252165e-05,,1.9800000000000002,PASS,False
tt_01_to_10,test,WL3,lower_excursion_v,-7.993177844743664e-05,-0.18000000000000002,,PASS,False
tt_01_to_10,test,WL3,end_level_v,2.91476175335047e-07,-0.18000000000000002,0.18000000000000002,PASS,False
tt_01_to_10,test,WL3,unselected_max_v,4.561885386252165e-05,,0.18000000000000002,PASS,False
tt_01_to_10,recovery,DEC0,end_level_v,4.299373338816375e-06,-0.18000000000000002,0.18000000000000002,PASS,False
tt_01_to_10,recovery,DEC0,settled_max_v,0.0018994554228831972,,0.18000000000000002,PASS,False
tt_01_to_10,recovery,DEC1,end_level_v,4.718247745296567e-06,-0.18000000000000002,0.18000000000000002,PASS,False
tt_01_to_10,recovery,DEC1,settled_max_v,0.0017059135233950806,,0.18000000000000002,PASS,False
tt_01_to_10,recovery,DEC2,end_level_v,5.8120351037731085e-06,-0.18000000000000002,0.18000000000000002,PASS,False
tt_01_to_10,recovery,DEC2,settled_max_v,0.0019412500702165028,,0.18000000000000002,PASS,False
tt_01_to_10,recovery,DEC3,end_level_v,5.657453271192378e-06,-0.18000000000000002,0.18000000000000002,PASS,False
tt_01_to_10,recovery,DEC3,settled_max_v,0.00222785062006108,,0.18000000000000002,PASS,False
tt_01_to_10,recovery,WL0,end_level_v,2.9153365536988265e-07,-0.18000000000000002,0.18000000000000002,PASS,False
tt_01_to_10,recovery,WL0,settled_max_v,2.024985720890893e-06,,0.18000000000000002,PASS,False
tt_01_to_10,recovery,WL1,end_level_v,2.915155133636581e-07,-0.18000000000000002,0.18000000000000002,PASS,False
tt_01_to_10,recovery,WL1,settled_max_v,8.880104350906561e-07,,0.18000000000000002,PASS,False
tt_01_to_10,recovery,WL2,end_level_v,2.915154826887461e-07,-0.18000000000000002,0.18000000000000002,PASS,False
tt_01_to_10,recovery,WL2,settled_max_v,1.6561920480870054e-06,,0.18000000000000002,PASS,False
tt_01_to_10,recovery,WL3,end_level_v,2.91525046608329e-07,-0.18000000000000002,0.18000000000000002,PASS,False
tt_01_to_10,recovery,WL3,settled_max_v,4.055736504476631e-06,,0.18000000000000002,PASS,False
tt_01_to_10,recovery,N0,end_level_v,1.7999624712536404,1.62,1.9800000000000002,PASS,False
tt_01_to_10,recovery,N1,end_level_v,1.8000104073446115,1.62,1.9800000000000002,PASS,False
tt_01_to_10,recovery,N2,end_level_v,1.7989595844395214,1.62,1.9800000000000002,PASS,False
tt_01_to_10,recovery,N3,end_level_v,1.7994214335904886,1.62,1.9800000000000002,PASS,False
tt_01_to_10,final_precharge,DEC0,settled_max_v,1.4359920136621435e-05,,0.18000000000000002,PASS,False
tt_01_to_10,final_precharge,DEC0,settled_min_v,1.964636144208734e-06,-0.18000000000000002,,PASS,False
tt_01_to_10,final_precharge,DEC1,settled_max_v,1.8842587488999953e-05,,0.18000000000000002,PASS,False
tt_01_to_10,final_precharge,DEC1,settled_min_v,2.1963711001882243e-06,-0.18000000000000002,,PASS,False
tt_01_to_10,final_precharge,DEC2,settled_max_v,7.602452721725811e-05,,0.18000000000000002,PASS,False
tt_01_to_10,final_precharge,DEC2,settled_min_v,2.7855713734683824e-06,-0.18000000000000002,,PASS,False
tt_01_to_10,final_precharge,DEC3,settled_max_v,2.3205592384965377e-05,,0.18000000000000002,PASS,False
tt_01_to_10,final_precharge,DEC3,settled_min_v,2.241761539591054e-06,-0.18000000000000002,,PASS,False
tt_01_to_10,final_precharge,WL0,settled_max_v,2.924073621843145e-07,,0.18000000000000002,PASS,False
tt_01_to_10,final_precharge,WL0,settled_min_v,2.9147782959892294e-07,-0.18000000000000002,,PASS,False
tt_01_to_10,final_precharge,WL1,settled_max_v,2.9248035141096174e-07,,0.18000000000000002,PASS,False
tt_01_to_10,final_precharge,WL1,settled_min_v,2.91477931119125e-07,-0.18000000000000002,,PASS,False
tt_01_to_10,final_precharge,WL2,settled_max_v,3.5833896791081615e-07,,0.18000000000000002,PASS,False
tt_01_to_10,final_precharge,WL2,settled_min_v,2.914785005631806e-07,-0.18000000000000002,,PASS,False
tt_01_to_10,final_precharge,WL3,settled_max_v,2.933148538719358e-07,,0.18000000000000002,PASS,False
tt_01_to_10,final_precharge,WL3,settled_min_v,2.9147796952705106e-07,-0.18000000000000002,,PASS,False
tt_01_to_10,final_precharge,N0,end_level_v,1.8000048774977924,1.62,1.9800000000000002,PASS,False
tt_01_to_10,final_precharge,N1,end_level_v,1.8000002139221405,1.62,1.9800000000000002,PASS,False
tt_01_to_10,final_precharge,N2,end_level_v,1.7988737235296246,1.62,1.9800000000000002,PASS,False
tt_01_to_10,final_precharge,N3,end_level_v,1.7999728728089401,1.62,1.9800000000000002,PASS,False
tt_01_to_10,pex_recovery,N0.N0.t1,dynamic_segment_level_v,1.7999649767718848,1.62,1.9800000000000002,PASS,False
tt_01_to_10,pex_final_precharge,N0.N0.t1,dynamic_segment_level_v,1.800004375304347,1.62,1.9800000000000002,PASS,False
tt_01_to_10,pex_recovery,N0.N0.n1,dynamic_segment_level_v,1.7999624974743296,1.62,1.9800000000000002,PASS,False
tt_01_to_10,pex_final_precharge,N0.N0.n1,dynamic_segment_level_v,1.8000048751780113,1.62,1.9800000000000002,PASS,False
tt_01_to_10,pex_recovery,N0.N0.t0,dynamic_segment_level_v,1.7999625220973918,1.62,1.9800000000000002,PASS,False
tt_01_to_10,pex_final_precharge,N0.N0.t0,dynamic_segment_level_v,1.8000048697429494,1.62,1.9800000000000002,PASS,False
tt_01_to_10,pex_recovery,N0.N0.n0,dynamic_segment_level_v,1.7999625237611234,1.62,1.9800000000000002,PASS,False
tt_01_to_10,pex_final_precharge,N0.N0.n0,dynamic_segment_level_v,1.8000048698336906,1.62,1.9800000000000002,PASS,False
tt_01_to_10,pex_recovery,N0.N0,dynamic_segment_level_v,1.7999624712536404,1.62,1.9800000000000002,PASS,False
tt_01_to_10,pex_final_precharge,N0.N0,dynamic_segment_level_v,1.8000048774977924,1.62,1.9800000000000002,PASS,False
tt_01_to_10,pex_recovery,N0.N0.t2,dynamic_segment_level_v,1.7999624697630598,1.62,1.9800000000000002,PASS,False
tt_01_to_10,pex_final_precharge,N0.N0.t2,dynamic_segment_level_v,1.8000048759190541,1.62,1.9800000000000002,PASS,False
tt_01_to_10,pex_recovery,N0.N0.t3,dynamic_segment_level_v,1.7999624712536404,1.62,1.9800000000000002,PASS,False
tt_01_to_10,pex_final_precharge,N0.N0.t3,dynamic_segment_level_v,1.8000048774977924,1.62,1.9800000000000002,PASS,False
tt_01_to_10,pex_recovery,N1.N1.t2,dynamic_segment_level_v,1.8000104040568712,1.62,1.9800000000000002,PASS,False
tt_01_to_10,pex_final_precharge,N1.N1.t2,dynamic_segment_level_v,1.800000212423004,1.62,1.9800000000000002,PASS,False
tt_01_to_10,pex_recovery,N1.N1.t1,dynamic_segment_level_v,1.8000092978227893,1.62,1.9800000000000002,PASS,False
tt_01_to_10,pex_final_precharge,N1.N1.t1,dynamic_segment_level_v,1.7999999495569527,1.62,1.9800000000000002,PASS,False
tt_01_to_10,pex_recovery,N1.N1,dynamic_segment_level_v,1.8000104073446115,1.62,1.9800000000000002,PASS,False
tt_01_to_10,pex_final_precharge,N1.N1,dynamic_segment_level_v,1.8000002139221405,1.62,1.9800000000000002,PASS,False
tt_01_to_10,pex_recovery,N1.N1.n0,dynamic_segment_level_v,1.8000103723878558,1.62,1.9800000000000002,PASS,False
tt_01_to_10,pex_final_precharge,N1.N1.n0,dynamic_segment_level_v,1.8000002098755368,1.62,1.9800000000000002,PASS,False
tt_01_to_10,pex_recovery,N1.N1.t0,dynamic_segment_level_v,1.800010374650423,1.62,1.9800000000000002,PASS,False
tt_01_to_10,pex_final_precharge,N1.N1.t0,dynamic_segment_level_v,1.8000002097127548,1.62,1.9800000000000002,PASS,False
tt_01_to_10,pex_recovery,N1.N1.n1,dynamic_segment_level_v,1.80001038380078,1.62,1.9800000000000002,PASS,False
tt_01_to_10,pex_final_precharge,N1.N1.n1,dynamic_segment_level_v,1.800000212701065,1.62,1.9800000000000002,PASS,False
tt_01_to_10,pex_recovery,N1.N1.t3,dynamic_segment_level_v,1.8000104073446115,1.62,1.9800000000000002,PASS,False
tt_01_to_10,pex_final_precharge,N1.N1.t3,dynamic_segment_level_v,1.8000002139221405,1.62,1.9800000000000002,PASS,False
tt_01_to_10,pex_recovery,N2.N2.n1,dynamic_segment_level_v,1.7989597765634393,1.62,1.9800000000000002,PASS,False
tt_01_to_10,pex_final_precharge,N2.N2.n1,dynamic_segment_level_v,1.7988739305408972,1.62,1.9800000000000002,PASS,False
tt_01_to_10,pex_recovery,N2.N2.t0,dynamic_segment_level_v,1.798941956380488,1.62,1.9800000000000002,PASS,False
tt_01_to_10,pex_final_precharge,N2.N2.t0,dynamic_segment_level_v,1.7988547630419898,1.62,1.9800000000000002,PASS,False
tt_01_to_10,pex_recovery,N2.N2.t2,dynamic_segment_level_v,1.798959552092529,1.62,1.9800000000000002,PASS,False
tt_01_to_10,pex_final_precharge,N2.N2.t2,dynamic_segment_level_v,1.7988736943438766,1.62,1.9800000000000002,PASS,False
tt_01_to_10,pex_recovery,N2.N2.n0,dynamic_segment_level_v,1.7989597742808956,1.62,1.9800000000000002,PASS,False
tt_01_to_10,pex_final_precharge,N2.N2.n0,dynamic_segment_level_v,1.7988739353585188,1.62,1.9800000000000002,PASS,False
tt_01_to_10,pex_recovery,N2.N2.t1,dynamic_segment_level_v,1.7990330801034105,1.62,1.9800000000000002,PASS,False
tt_01_to_10,pex_final_precharge,N2.N2.t1,dynamic_segment_level_v,1.7989534827142384,1.62,1.9800000000000002,PASS,False
tt_01_to_10,pex_recovery,N2.N2.t3,dynamic_segment_level_v,1.7989595844395214,1.62,1.9800000000000002,PASS,False
tt_01_to_10,pex_final_precharge,N2.N2.t3,dynamic_segment_level_v,1.7988737235296246,1.62,1.9800000000000002,PASS,False
tt_01_to_10,pex_recovery,N2.N2,dynamic_segment_level_v,1.7989595844395214,1.62,1.9800000000000002,PASS,False
tt_01_to_10,pex_final_precharge,N2.N2,dynamic_segment_level_v,1.7988737235296246,1.62,1.9800000000000002,PASS,False
tt_01_to_10,pex_recovery,N3.N3.t1,dynamic_segment_level_v,1.7994620919893796,1.62,1.9800000000000002,PASS,False
tt_01_to_10,pex_final_precharge,N3.N3.t1,dynamic_segment_level_v,1.7999744193842329,1.62,1.9800000000000002,PASS,False
tt_01_to_10,pex_recovery,N3.N3.t2,dynamic_segment_level_v,1.7994213798181042,1.62,1.9800000000000002,PASS,False
tt_01_to_10,pex_final_precharge,N3.N3.t2,dynamic_segment_level_v,1.7999728710906295,1.62,1.9800000000000002,PASS,False
tt_01_to_10,pex_recovery,N3.N3.t0,dynamic_segment_level_v,1.799412039655597,1.62,1.9800000000000002,PASS,False
tt_01_to_10,pex_final_precharge,N3.N3.t0,dynamic_segment_level_v,1.7999724488933495,1.62,1.9800000000000002,PASS,False
tt_01_to_10,pex_recovery,N3.N3,dynamic_segment_level_v,1.7994214335904886,1.62,1.9800000000000002,PASS,False
tt_01_to_10,pex_final_precharge,N3.N3,dynamic_segment_level_v,1.7999728728089401,1.62,1.9800000000000002,PASS,False
tt_01_to_10,pex_recovery,N3.N3.n0,dynamic_segment_level_v,1.799421782350371,1.62,1.9800000000000002,PASS,False
tt_01_to_10,pex_final_precharge,N3.N3.n0,dynamic_segment_level_v,1.7999728711776937,1.62,1.9800000000000002,PASS,False
tt_01_to_10,pex_recovery,N3.N3.n1,dynamic_segment_level_v,1.7994217790398708,1.62,1.9800000000000002,PASS,False
tt_01_to_10,pex_final_precharge,N3.N3.n1,dynamic_segment_level_v,1.7999728731299631,1.62,1.9800000000000002,PASS,False
tt_01_to_10,pex_recovery,N3.N3.t3,dynamic_segment_level_v,1.7994214335904886,1.62,1.9800000000000002,PASS,False
tt_01_to_10,pex_final_precharge,N3.N3.t3,dynamic_segment_level_v,1.7999728728089401,1.62,1.9800000000000002,PASS,False
tt_10_to_01,prime,DEC0,upper_excursion_v,0.00483047584994066,,1.9800000000000002,PASS,False
tt_10_to_01,prime,DEC0,lower_excursion_v,1.1828977869465276e-07,-0.18000000000000002,,PASS,False
tt_10_to_01,prime,DEC0,end_level_v,1.1828977869465276e-07,-0.18000000000000002,0.18000000000000002,PASS,False
tt_10_to_01,prime,DEC0,unselected_max_v,0.00483047584994066,,0.18000000000000002,PASS,False
tt_10_to_01,prime,DEC1,upper_excursion_v,0.020946082390673026,,1.9800000000000002,PASS,False
tt_10_to_01,prime,DEC1,lower_excursion_v,1.054792401200544e-07,-0.18000000000000002,,PASS,False
tt_10_to_01,prime,DEC1,end_level_v,1.054792401200544e-07,-0.18000000000000002,0.18000000000000002,PASS,False
tt_10_to_01,prime,DEC1,unselected_max_v,0.020946082390673026,,0.18000000000000002,PASS,False
tt_10_to_01,prime,DEC2,upper_excursion_v,1.7999999080317663,,1.9800000000000002,PASS,False
tt_10_to_01,prime,DEC2,lower_excursion_v,-0.02385326290596799,-0.18000000000000002,,PASS,False
tt_10_to_01,prime,DEC2,end_level_v,1.7999999080317663,1.62,1.9800000000000002,PASS,False
tt_10_to_01,prime,DEC2,settled_min_v,1.7999983493222684,1.62,,PASS,False
tt_10_to_01,prime,DEC3,upper_excursion_v,0.03500068343206809,,1.9800000000000002,PASS,False
tt_10_to_01,prime,DEC3,lower_excursion_v,-6.4743029119731935e-06,-0.18000000000000002,,PASS,False
tt_10_to_01,prime,DEC3,end_level_v,-2.5446116211861472e-06,-0.18000000000000002,0.18000000000000002,PASS,False
tt_10_to_01,prime,DEC3,unselected_max_v,0.03500068343206809,,0.18000000000000002,PASS,False
tt_10_to_01,prime,WL0,upper_excursion_v,6.284105366429755e-06,,1.9800000000000002,PASS,False
tt_10_to_01,prime,WL0,lower_excursion_v,-1.0565842284368067e-05,-0.18000000000000002,,PASS,False
tt_10_to_01,prime,WL0,end_level_v,2.914771571459676e-07,-0.18000000000000002,0.18000000000000002,PASS,False
tt_10_to_01,prime,WL0,unselected_max_v,6.284105366429755e-06,,0.18000000000000002,PASS,False
tt_10_to_01,prime,WL1,upper_excursion_v,1.3906091407487728e-05,,1.9800000000000002,PASS,False
tt_10_to_01,prime,WL1,lower_excursion_v,-1.024600600279986e-05,-0.18000000000000002,,PASS,False
tt_10_to_01,prime,WL1,end_level_v,2.914771587907826e-07,-0.18000000000000002,0.18000000000000002,PASS,False
tt_10_to_01,prime,WL1,unselected_max_v,1.3906091407487728e-05,,0.18000000000000002,PASS,False
tt_10_to_01,prime,WL2,upper_excursion_v,1.7999999899799055,,1.9800000000000002,PASS,False
tt_10_to_01,prime,WL2,lower_excursion_v,-0.02231110337202423,-0.18000000000000002,,PASS,False
tt_10_to_01,prime,WL2,end_level_v,1.799999989979905,1.62,1.9800000000000002,PASS,False
tt_10_to_01,prime,WL2,settled_min_v,1.7957007845094375,1.62,,PASS,False
tt_10_to_01,prime,WL3,upper_excursion_v,4.561978363369885e-05,,1.9800000000000002,PASS,False
tt_10_to_01,prime,WL3,lower_excursion_v,-8.002352417067743e-05,-0.18000000000000002,,PASS,False
tt_10_to_01,prime,WL3,end_level_v,2.914765509266206e-07,-0.18000000000000002,0.18000000000000002,PASS,False
tt_10_to_01,prime,WL3,unselected_max_v,4.561978363369885e-05,,0.18000000000000002,PASS,False
tt_10_to_01,test,DEC0,upper_excursion_v,0.016551456141602215,,1.9800000000000002,PASS,False
tt_10_to_01,test,DEC0,lower_excursion_v,-9.720607874145424e-06,-0.18000000000000002,,PASS,False
tt_10_to_01,test,DEC0,end_level_v,-2.399076647483229e-06,-0.18000000000000002,0.18000000000000002,PASS,False
tt_10_to_01,test,DEC0,unselected_max_v,0.016551456141602215,,0.18000000000000002,PASS,False
tt_10_to_01,test,DEC1,upper_excursion_v,1.79999961895304,,1.9800000000000002,PASS,False
tt_10_to_01,test,DEC1,lower_excursion_v,-0.024089994110287977,-0.18000000000000002,,PASS,False
tt_10_to_01,test,DEC1,end_level_v,1.79999961895304,1.62,1.9800000000000002,PASS,False
tt_10_to_01,test,DEC1,settled_min_v,1.799995613509827,1.62,,PASS,False
tt_10_to_01,test,DEC2,upper_excursion_v,0.023937269802782143,,1.9800000000000002,PASS,False
tt_10_to_01,test,DEC2,lower_excursion_v,-1.4583333290344846e-07,-0.18000000000000002,,PASS,False
tt_10_to_01,test,DEC2,end_level_v,6.548402447110402e-09,-0.18000000000000002,0.18000000000000002,PASS,False
tt_10_to_01,test,DEC2,unselected_max_v,0.023937269802782143,,0.18000000000000002,PASS,False
tt_10_to_01,test,DEC3,upper_excursion_v,0.034970655585875046,,1.9800000000000002,PASS,False
tt_10_to_01,test,DEC3,lower_excursion_v,-1.720948320933476e-07,-0.18000000000000002,,PASS,False
tt_10_to_01,test,DEC3,end_level_v,1.567709291311503e-08,-0.18000000000000002,0.18000000000000002,PASS,False
tt_10_to_01,test,DEC3,unselected_max_v,0.034970655585875046,,0.18000000000000002,PASS,False
tt_10_to_01,test,WL0,upper_excursion_v,1.191979024472566e-05,,1.9800000000000002,PASS,False
tt_10_to_01,test,WL0,lower_excursion_v,-1.0973892467396902e-05,-0.18000000000000002,,PASS,False
tt_10_to_01,test,WL0,end_level_v,2.9147636390267576e-07,-0.18000000000000002,0.18000000000000002,PASS,False
tt_10_to_01,test,WL0,unselected_max_v,1.191979024472566e-05,,0.18000000000000002,PASS,False
tt_10_to_01,test,WL1,upper_excursion_v,1.7999999899798018,,1.9800000000000002,PASS,False
tt_10_to_01,test,WL1,lower_excursion_v,-0.023987384274686344,-0.18000000000000002,,PASS,False
tt_10_to_01,test,WL1,end_level_v,1.7999999899798018,1.62,1.9800000000000002,PASS,False
tt_10_to_01,test,WL1,settled_min_v,1.7962962498012736,1.62,,PASS,False
tt_10_to_01,test,WL2,upper_excursion_v,1.646577044733759e-05,,1.9800000000000002,PASS,False
tt_10_to_01,test,WL2,lower_excursion_v,-1.9856978588408638e-05,-0.18000000000000002,,PASS,False
tt_10_to_01,test,WL2,end_level_v,2.914771244528393e-07,-0.18000000000000002,0.18000000000000002,PASS,False
tt_10_to_01,test,WL2,unselected_max_v,1.646577044733759e-05,,0.18000000000000002,PASS,False
tt_10_to_01,test,WL3,upper_excursion_v,4.562669845552811e-05,,1.9800000000000002,PASS,False
tt_10_to_01,test,WL3,lower_excursion_v,-8.0654928590474e-05,-0.18000000000000002,,PASS,False
tt_10_to_01,test,WL3,end_level_v,2.914771189657654e-07,-0.18000000000000002,0.18000000000000002,PASS,False
tt_10_to_01,test,WL3,unselected_max_v,4.562669845552811e-05,,0.18000000000000002,PASS,False
tt_10_to_01,recovery,DEC0,end_level_v,4.423694459269346e-06,-0.18000000000000002,0.18000000000000002,PASS,False
tt_10_to_01,recovery,DEC0,settled_max_v,0.0016825894817035277,,0.18000000000000002,PASS,False
tt_10_to_01,recovery,DEC1,end_level_v,4.876330582422611e-06,-0.18000000000000002,0.18000000000000002,PASS,False
tt_10_to_01,recovery,DEC1,settled_max_v,0.001487258742984443,,0.18000000000000002,PASS,False
tt_10_to_01,recovery,DEC2,end_level_v,3.363173955916264e-06,-0.18000000000000002,0.18000000000000002,PASS,False
tt_10_to_01,recovery,DEC2,settled_max_v,0.001353917303659145,,0.18000000000000002,PASS,False
tt_10_to_01,recovery,DEC3,end_level_v,2.8515354331334024e-06,-0.18000000000000002,0.18000000000000002,PASS,False
tt_10_to_01,recovery,DEC3,settled_max_v,0.0012282860343384814,,0.18000000000000002,PASS,False
tt_10_to_01,recovery,WL0,end_level_v,2.915240349921334e-07,-0.18000000000000002,0.18000000000000002,PASS,False
tt_10_to_01,recovery,WL0,settled_max_v,1.430499512427033e-06,,0.18000000000000002,PASS,False
tt_10_to_01,recovery,WL1,end_level_v,2.9152008148090654e-07,-0.18000000000000002,0.18000000000000002,PASS,False
tt_10_to_01,recovery,WL1,settled_max_v,9.064118934024295e-07,,0.18000000000000002,PASS,False
tt_10_to_01,recovery,WL2,end_level_v,2.91498828315327e-07,-0.18000000000000002,0.18000000000000002,PASS,False
tt_10_to_01,recovery,WL2,settled_max_v,7.30662773609137e-07,,0.18000000000000002,PASS,False
tt_10_to_01,recovery,WL3,end_level_v,2.914982457033102e-07,-0.18000000000000002,0.18000000000000002,PASS,False
tt_10_to_01,recovery,WL3,settled_max_v,5.12016091624125e-06,,0.18000000000000002,PASS,False
tt_10_to_01,recovery,N0,end_level_v,1.7992634469277549,1.62,1.9800000000000002,PASS,False
tt_10_to_01,recovery,N1,end_level_v,1.7987453479282367,1.62,1.9800000000000002,PASS,False
tt_10_to_01,recovery,N2,end_level_v,1.8000033927675607,1.62,1.9800000000000002,PASS,False
tt_10_to_01,recovery,N3,end_level_v,1.7999682496823988,1.62,1.9800000000000002,PASS,False
tt_10_to_01,final_precharge,DEC0,settled_max_v,1.6102089490151163e-05,,0.18000000000000002,PASS,False
tt_10_to_01,final_precharge,DEC0,settled_min_v,1.9999484740686346e-06,-0.18000000000000002,,PASS,False
tt_10_to_01,final_precharge,DEC1,settled_max_v,6.990525136094104e-05,,0.18000000000000002,PASS,False
tt_10_to_01,final_precharge,DEC1,settled_min_v,2.659442068925215e-06,-0.18000000000000002,,PASS,False
tt_10_to_01,final_precharge,DEC2,settled_max_v,2.4330392222453374e-05,,0.18000000000000002,PASS,False
tt_10_to_01,final_precharge,DEC2,settled_min_v,2.4887630263190842e-06,-0.18000000000000002,,PASS,False
tt_10_to_01,final_precharge,DEC3,settled_max_v,2.323593391877561e-05,,0.18000000000000002,PASS,False
tt_10_to_01,final_precharge,DEC3,settled_min_v,2.3484445992397856e-06,-0.18000000000000002,,PASS,False
tt_10_to_01,final_precharge,WL0,settled_max_v,2.9201327060635746e-07,,0.18000000000000002,PASS,False
tt_10_to_01,final_precharge,WL0,settled_min_v,2.914778563561225e-07,-0.18000000000000002,,PASS,False
tt_10_to_01,final_precharge,WL1,settled_max_v,3.4126526255927384e-07,,0.18000000000000002,PASS,False
tt_10_to_01,final_precharge,WL1,settled_min_v,2.9147846424221627e-07,-0.18000000000000002,,PASS,False
tt_10_to_01,final_precharge,WL2,settled_max_v,2.931735239718492e-07,,0.18000000000000002,PASS,False
tt_10_to_01,final_precharge,WL2,settled_min_v,2.914780813758661e-07,-0.18000000000000002,,PASS,False
tt_10_to_01,final_precharge,WL3,settled_max_v,2.934940068979439e-07,,0.18000000000000002,PASS,False
tt_10_to_01,final_precharge,WL3,settled_min_v,2.914780229873853e-07,-0.18000000000000002,,PASS,False
tt_10_to_01,final_precharge,N0,end_level_v,1.7999669662575668,1.62,1.9800000000000002,PASS,False
tt_10_to_01,final_precharge,N1,end_level_v,1.7988603699904258,1.62,1.9800000000000002,PASS,False
tt_10_to_01,final_precharge,N2,end_level_v,1.800000248613058,1.62,1.9800000000000002,PASS,False
tt_10_to_01,final_precharge,N3,end_level_v,1.8000035731353377,1.62,1.9800000000000002,PASS,False
tt_10_to_01,pex_recovery,N0.N0.t1,dynamic_segment_level_v,1.7993159734279072,1.62,1.9800000000000002,PASS,False
tt_10_to_01,pex_final_precharge,N0.N0.t1,dynamic_segment_level_v,1.7999691720404156,1.62,1.9800000000000002,PASS,False
tt_10_to_01,pex_recovery,N0.N0.n1,dynamic_segment_level_v,1.799264031127962,1.62,1.9800000000000002,PASS,False
tt_10_to_01,pex_final_precharge,N0.N0.n1,dynamic_segment_level_v,1.7999669670246894,1.62,1.9800000000000002,PASS,False
tt_10_to_01,pex_recovery,N0.N0.t0,dynamic_segment_level_v,1.799252076252311,1.62,1.9800000000000002,PASS,False
tt_10_to_01,pex_final_precharge,N0.N0.t0,dynamic_segment_level_v,1.7999663911999704,1.62,1.9800000000000002,PASS,False
tt_10_to_01,pex_recovery,N0.N0.n0,dynamic_segment_level_v,1.7992640472928967,1.62,1.9800000000000002,PASS,False
tt_10_to_01,pex_final_precharge,N0.N0.n0,dynamic_segment_level_v,1.7999669649395444,1.62,1.9800000000000002,PASS,False
tt_10_to_01,pex_recovery,N0.N0,dynamic_segment_level_v,1.7992634469277549,1.62,1.9800000000000002,PASS,False
tt_10_to_01,pex_final_precharge,N0.N0,dynamic_segment_level_v,1.7999669662575668,1.62,1.9800000000000002,PASS,False
tt_10_to_01,pex_recovery,N0.N0.t2,dynamic_segment_level_v,1.7992633665119502,1.62,1.9800000000000002,PASS,False
tt_10_to_01,pex_final_precharge,N0.N0.t2,dynamic_segment_level_v,1.7999669649309569,1.62,1.9800000000000002,PASS,False
tt_10_to_01,pex_recovery,N0.N0.t3,dynamic_segment_level_v,1.7992634469277549,1.62,1.9800000000000002,PASS,False
tt_10_to_01,pex_final_precharge,N0.N0.t3,dynamic_segment_level_v,1.7999669662575668,1.62,1.9800000000000002,PASS,False
tt_10_to_01,pex_recovery,N1.N1.t2,dynamic_segment_level_v,1.7987452488583735,1.62,1.9800000000000002,PASS,False
tt_10_to_01,pex_final_precharge,N1.N1.t2,dynamic_segment_level_v,1.798860341178533,1.62,1.9800000000000002,PASS,False
tt_10_to_01,pex_recovery,N1.N1.t1,dynamic_segment_level_v,1.7988346185927346,1.62,1.9800000000000002,PASS,False
tt_10_to_01,pex_final_precharge,N1.N1.t1,dynamic_segment_level_v,1.798941318663167,1.62,1.9800000000000002,PASS,False
tt_10_to_01,pex_recovery,N1.N1,dynamic_segment_level_v,1.7987453479282367,1.62,1.9800000000000002,PASS,False
tt_10_to_01,pex_final_precharge,N1.N1,dynamic_segment_level_v,1.7988603699904258,1.62,1.9800000000000002,PASS,False
tt_10_to_01,pex_recovery,N1.N1.n0,dynamic_segment_level_v,1.7987460878330517,1.62,1.9800000000000002,PASS,False
tt_10_to_01,pex_final_precharge,N1.N1.n0,dynamic_segment_level_v,1.7988605859598656,1.62,1.9800000000000002,PASS,False
tt_10_to_01,pex_recovery,N1.N1.t0,dynamic_segment_level_v,1.7987253510647903,1.62,1.9800000000000002,PASS,False
tt_10_to_01,pex_final_precharge,N1.N1.t0,dynamic_segment_level_v,1.7988412772035587,1.62,1.9800000000000002,PASS,False
tt_10_to_01,pex_recovery,N1.N1.n1,dynamic_segment_level_v,1.798746065525681,1.62,1.9800000000000002,PASS,False
tt_10_to_01,pex_final_precharge,N1.N1.n1,dynamic_segment_level_v,1.7988605808517277,1.62,1.9800000000000002,PASS,False
tt_10_to_01,pex_recovery,N1.N1.t3,dynamic_segment_level_v,1.7987453479282367,1.62,1.9800000000000002,PASS,False
tt_10_to_01,pex_final_precharge,N1.N1.t3,dynamic_segment_level_v,1.7988603699904258,1.62,1.9800000000000002,PASS,False
tt_10_to_01,pex_recovery,N2.N2.n1,dynamic_segment_level_v,1.800003388227941,1.62,1.9800000000000002,PASS,False
tt_10_to_01,pex_final_precharge,N2.N2.n1,dynamic_segment_level_v,1.800000247541678,1.62,1.9800000000000002,PASS,False
tt_10_to_01,pex_recovery,N2.N2.t0,dynamic_segment_level_v,1.8000033819238201,1.62,1.9800000000000002,PASS,False
tt_10_to_01,pex_final_precharge,N2.N2.t0,dynamic_segment_level_v,1.800000244579317,1.62,1.9800000000000002,PASS,False
tt_10_to_01,pex_recovery,N2.N2.t2,dynamic_segment_level_v,1.8000033875910806,1.62,1.9800000000000002,PASS,False
tt_10_to_01,pex_final_precharge,N2.N2.t2,dynamic_segment_level_v,1.8000002472258894,1.62,1.9800000000000002,PASS,False
tt_10_to_01,pex_recovery,N2.N2.n0,dynamic_segment_level_v,1.8000033817831782,1.62,1.9800000000000002,PASS,False
tt_10_to_01,pex_final_precharge,N2.N2.n0,dynamic_segment_level_v,1.8000002447192665,1.62,1.9800000000000002,PASS,False
tt_10_to_01,pex_recovery,N2.N2.t1,dynamic_segment_level_v,1.8000027864279058,1.62,1.9800000000000002,PASS,False
tt_10_to_01,pex_final_precharge,N2.N2.t1,dynamic_segment_level_v,1.799999984950353,1.62,1.9800000000000002,PASS,False
tt_10_to_01,pex_recovery,N2.N2.t3,dynamic_segment_level_v,1.8000033927675607,1.62,1.9800000000000002,PASS,False
tt_10_to_01,pex_final_precharge,N2.N2.t3,dynamic_segment_level_v,1.800000248613058,1.62,1.9800000000000002,PASS,False
tt_10_to_01,pex_recovery,N2.N2,dynamic_segment_level_v,1.8000033927675607,1.62,1.9800000000000002,PASS,False
tt_10_to_01,pex_final_precharge,N2.N2,dynamic_segment_level_v,1.800000248613058,1.62,1.9800000000000002,PASS,False
tt_10_to_01,pex_recovery,N3.N3.t1,dynamic_segment_level_v,1.7999701762064324,1.62,1.9800000000000002,PASS,False
tt_10_to_01,pex_final_precharge,N3.N3.t1,dynamic_segment_level_v,1.8000030709699875,1.62,1.9800000000000002,PASS,False
tt_10_to_01,pex_recovery,N3.N3.t2,dynamic_segment_level_v,1.7999682465494167,1.62,1.9800000000000002,PASS,False
tt_10_to_01,pex_final_precharge,N3.N3.t2,dynamic_segment_level_v,1.8000035713740392,1.62,1.9800000000000002,PASS,False
tt_10_to_01,pex_recovery,N3.N3.t0,dynamic_segment_level_v,1.7999682895660336,1.62,1.9800000000000002,PASS,False
tt_10_to_01,pex_final_precharge,N3.N3.t0,dynamic_segment_level_v,1.8000035655154618,1.62,1.9800000000000002,PASS,False
tt_10_to_01,pex_recovery,N3.N3,dynamic_segment_level_v,1.7999682496823988,1.62,1.9800000000000002,PASS,False
tt_10_to_01,pex_final_precharge,N3.N3,dynamic_segment_level_v,1.8000035731353377,1.62,1.9800000000000002,PASS,False
tt_10_to_01,pex_recovery,N3.N3.n0,dynamic_segment_level_v,1.7999682911831851,1.62,1.9800000000000002,PASS,False
tt_10_to_01,pex_final_precharge,N3.N3.n0,dynamic_segment_level_v,1.800003565618896,1.62,1.9800000000000002,PASS,False
tt_10_to_01,pex_recovery,N3.N3.n1,dynamic_segment_level_v,1.799968270884916,1.62,1.9800000000000002,PASS,False
tt_10_to_01,pex_final_precharge,N3.N3.n1,dynamic_segment_level_v,1.800003570990965,1.62,1.9800000000000002,PASS,False
tt_10_to_01,pex_recovery,N3.N3.t3,dynamic_segment_level_v,1.7999682496823988,1.62,1.9800000000000002,PASS,False
tt_10_to_01,pex_final_precharge,N3.N3.t3,dynamic_segment_level_v,1.8000035731353377,1.62,1.9800000000000002,PASS,False
slow_00_to_11,prime,DEC0,upper_excursion_v,1.6200016986855925,,1.7820000000000003,PASS,False
slow_00_to_11,prime,DEC0,lower_excursion_v,-0.058260143463045734,-0.16200000000000003,,PASS,False
slow_00_to_11,prime,DEC0,end_level_v,1.619999968221513,1.4580000000000002,1.7820000000000003,PASS,False
slow_00_to_11,prime,DEC0,settled_min_v,1.6199999546503554,1.4580000000000002,,PASS,False
slow_00_to_11,prime,DEC1,upper_excursion_v,0.012824980461377256,,1.7820000000000003,PASS,False
slow_00_to_11,prime,DEC1,lower_excursion_v,-4.941407479891469e-06,-0.16200000000000003,,PASS,False
slow_00_to_11,prime,DEC1,end_level_v,-2.096555158842551e-06,-0.16200000000000003,0.16200000000000003,PASS,False
slow_00_to_11,prime,DEC1,unselected_max_v,0.012824980461377256,,0.16200000000000003,PASS,False
slow_00_to_11,prime,DEC2,upper_excursion_v,0.0070637792955831336,,1.7820000000000003,PASS,False
slow_00_to_11,prime,DEC2,lower_excursion_v,-1.161908263216737e-07,-0.16200000000000003,,PASS,False
slow_00_to_11,prime,DEC2,end_level_v,-7.086617409778314e-08,-0.16200000000000003,0.16200000000000003,PASS,False
slow_00_to_11,prime,DEC2,unselected_max_v,0.0070637792955831336,,0.16200000000000003,PASS,False
slow_00_to_11,prime,DEC3,upper_excursion_v,0.030321571305086812,,1.7820000000000003,PASS,False
slow_00_to_11,prime,DEC3,lower_excursion_v,-1.0338089137171529e-07,-0.16200000000000003,,PASS,False
slow_00_to_11,prime,DEC3,end_level_v,-6.190889382260217e-08,-0.16200000000000003,0.16200000000000003,PASS,False
slow_00_to_11,prime,DEC3,unselected_max_v,0.030321571305086812,,0.16200000000000003,PASS,False
slow_00_to_11,prime,WL0,upper_excursion_v,1.6199999895090882,,1.7820000000000003,PASS,False
slow_00_to_11,prime,WL0,lower_excursion_v,-0.030206053092707144,-0.16200000000000003,,PASS,False
slow_00_to_11,prime,WL0,end_level_v,1.619999989509087,1.4580000000000002,1.7820000000000003,PASS,False
slow_00_to_11,prime,WL0,settled_min_v,1.5500281931959068,1.4580000000000002,,PASS,False
slow_00_to_11,prime,WL1,upper_excursion_v,1.0001142251061165e-05,,1.7820000000000003,PASS,False
slow_00_to_11,prime,WL1,lower_excursion_v,-8.161997923758138e-06,-0.16200000000000003,,PASS,False
slow_00_to_11,prime,WL1,end_level_v,2.3796374932246594e-09,-0.16200000000000003,0.16200000000000003,PASS,False
slow_00_to_11,prime,WL1,unselected_max_v,1.0001142251061165e-05,,0.16200000000000003,PASS,False
slow_00_to_11,prime,WL2,upper_excursion_v,1.0050498515232685e-05,,1.7820000000000003,PASS,False
slow_00_to_11,prime,WL2,lower_excursion_v,-1.6777280853356202e-05,-0.16200000000000003,,PASS,False
slow_00_to_11,prime,WL2,end_level_v,2.3803034264464163e-09,-0.16200000000000003,0.16200000000000003,PASS,False
slow_00_to_11,prime,WL2,unselected_max_v,1.0050498515232685e-05,,0.16200000000000003,PASS,False
slow_00_to_11,prime,WL3,upper_excursion_v,4.4981467963351455e-05,,1.7820000000000003,PASS,False
slow_00_to_11,prime,WL3,lower_excursion_v,-6.85539624342313e-05,-0.16200000000000003,,PASS,False
slow_00_to_11,prime,WL3,end_level_v,2.3803059735231612e-09,-0.16200000000000003,0.16200000000000003,PASS,False
slow_00_to_11,prime,WL3,unselected_max_v,4.4981467963351455e-05,,0.16200000000000003,PASS,False
slow_00_to_11,test,DEC0,upper_excursion_v,0.003913155273179345,,1.7820000000000003,PASS,False
slow_00_to_11,test,DEC0,lower_excursion_v,3.853872761726016e-08,-0.16200000000000003,,PASS,False
slow_00_to_11,test,DEC0,end_level_v,3.853872761726016e-08,-0.16200000000000003,0.16200000000000003,PASS,False
slow_00_to_11,test,DEC0,unselected_max_v,0.003913155273179345,,0.16200000000000003,PASS,False
slow_00_to_11,test,DEC1,upper_excursion_v,0.0050277902988912215,,1.7820000000000003,PASS,False
slow_00_to_11,test,DEC1,lower_excursion_v,5.289183255263733e-08,-0.16200000000000003,,PASS,False
slow_00_to_11,test,DEC1,end_level_v,5.289183255263733e-08,-0.16200000000000003,0.16200000000000003,PASS,False
slow_00_to_11,test,DEC1,unselected_max_v,0.0050277902988912215,,0.16200000000000003,PASS,False
slow_00_to_11,test,DEC2,upper_excursion_v,0.01856242020508196,,1.7820000000000003,PASS,False
slow_00_to_11,test,DEC2,lower_excursion_v,-1.1261661814108357e-05,-0.16200000000000003,,PASS,False
slow_00_to_11,test,DEC2,end_level_v,-2.4283644946810734e-06,-0.16200000000000003,0.16200000000000003,PASS,False
slow_00_to_11,test,DEC2,unselected_max_v,0.01856242020508196,,0.16200000000000003,PASS,False
slow_00_to_11,test,DEC3,upper_excursion_v,1.6199994724362041,,1.7820000000000003,PASS,False
slow_00_to_11,test,DEC3,lower_excursion_v,-0.04755905292124865,-0.16200000000000003,,PASS,False
slow_00_to_11,test,DEC3,end_level_v,1.6199994724362041,1.4580000000000002,1.7820000000000003,PASS,False
slow_00_to_11,test,DEC3,settled_min_v,1.619979191967397,1.4580000000000002,,PASS,False
slow_00_to_11,test,WL0,upper_excursion_v,5.626051685611884e-06,,1.7820000000000003,PASS,False
slow_00_to_11,test,WL0,lower_excursion_v,-8.491645671338993e-06,-0.16200000000000003,,PASS,False
slow_00_to_11,test,WL0,end_level_v,2.380341526707013e-09,-0.16200000000000003,0.16200000000000003,PASS,False
slow_00_to_11,test,WL0,unselected_max_v,5.626051685611884e-06,,0.16200000000000003,PASS,False
slow_00_to_11,test,WL1,upper_excursion_v,6.688781568177445e-06,,1.7820000000000003,PASS,False
slow_00_to_11,test,WL1,lower_excursion_v,-8.245094138651252e-06,-0.16200000000000003,,PASS,False
slow_00_to_11,test,WL1,end_level_v,2.380347972395372e-09,-0.16200000000000003,0.16200000000000003,PASS,False
slow_00_to_11,test,WL1,unselected_max_v,6.688781568177445e-06,,0.16200000000000003,PASS,False
slow_00_to_11,test,WL2,upper_excursion_v,1.3494031577263004e-05,,1.7820000000000003,PASS,False
slow_00_to_11,test,WL2,lower_excursion_v,-1.6856248665329236e-05,-0.16200000000000003,,PASS,False
slow_00_to_11,test,WL2,end_level_v,2.379361380039056e-09,-0.16200000000000003,0.16200000000000003,PASS,False
slow_00_to_11,test,WL2,unselected_max_v,1.3494031577263004e-05,,0.16200000000000003,PASS,False
slow_00_to_11,test,WL3,upper_excursion_v,1.6199999895088473,,1.7820000000000003,PASS,False
slow_00_to_11,test,WL3,lower_excursion_v,-0.02820181041012012,-0.16200000000000003,,PASS,False
slow_00_to_11,test,WL3,end_level_v,1.6199999895088473,1.4580000000000002,1.7820000000000003,PASS,False
slow_00_to_11,test,WL3,settled_min_v,1.5157148044351967,1.4580000000000002,,PASS,False
slow_00_to_11,recovery,DEC0,end_level_v,1.1852758021347447e-06,-0.16200000000000003,0.16200000000000003,PASS,False
slow_00_to_11,recovery,DEC0,settled_max_v,0.0029681754358972775,,0.16200000000000003,PASS,False
slow_00_to_11,recovery,DEC1,end_level_v,1.6198193028708357e-06,-0.16200000000000003,0.16200000000000003,PASS,False
slow_00_to_11,recovery,DEC1,settled_max_v,0.0024347120002473632,,0.16200000000000003,PASS,False
slow_00_to_11,recovery,DEC2,end_level_v,2.975711171372263e-06,-0.16200000000000003,0.16200000000000003,PASS,False
slow_00_to_11,recovery,DEC2,settled_max_v,0.002918806339055888,,0.16200000000000003,PASS,False
slow_00_to_11,recovery,DEC3,end_level_v,3.0021744306018652e-06,-0.16200000000000003,0.16200000000000003,PASS,False
slow_00_to_11,recovery,DEC3,settled_max_v,0.013145002325569434,,0.16200000000000003,PASS,False
slow_00_to_11,recovery,WL0,end_level_v,2.3574990331130212e-09,-0.16200000000000003,0.16200000000000003,PASS,False
slow_00_to_11,recovery,WL0,settled_max_v,0.001246095796662472,,0.16200000000000003,PASS,False
slow_00_to_11,recovery,WL1,end_level_v,2.3396449993327824e-09,-0.16200000000000003,0.16200000000000003,PASS,False
slow_00_to_11,recovery,WL1,settled_max_v,6.2532943250971695e-06,,0.16200000000000003,PASS,False
slow_00_to_11,recovery,WL2,end_level_v,2.343053534210421e-09,-0.16200000000000003,0.16200000000000003,PASS,False
slow_00_to_11,recovery,WL2,settled_max_v,7.727012306995117e-06,,0.16200000000000003,PASS,False
slow_00_to_11,recovery,WL3,end_level_v,2.3104562792129747e-09,-0.16200000000000003,0.16200000000000003,PASS,False
slow_00_to_11,recovery,WL3,settled_max_v,2.6707365159906467e-05,,0.16200000000000003,PASS,False
slow_00_to_11,recovery,N0,end_level_v,1.6199986429911126,1.4580000000000002,1.7820000000000003,PASS,False
slow_00_to_11,recovery,N1,end_level_v,1.6199919594029093,1.4580000000000002,1.7820000000000003,PASS,False
slow_00_to_11,recovery,N2,end_level_v,1.619301715876615,1.4580000000000002,1.7820000000000003,PASS,False
slow_00_to_11,recovery,N3,end_level_v,1.61932677299808,1.4580000000000002,1.7820000000000003,PASS,False
slow_00_to_11,final_precharge,DEC0,settled_max_v,2.8815300102948613e-05,,0.16200000000000003,PASS,False
slow_00_to_11,final_precharge,DEC0,settled_min_v,1.6435968898888205e-06,-0.16200000000000003,,PASS,False
slow_00_to_11,final_precharge,DEC1,settled_max_v,3.574694520334453e-05,,0.16200000000000003,PASS,False
slow_00_to_11,final_precharge,DEC1,settled_min_v,1.9121625115248205e-06,-0.16200000000000003,,PASS,False
slow_00_to_11,final_precharge,DEC2,settled_max_v,3.530960872363813e-05,,0.16200000000000003,PASS,False
slow_00_to_11,final_precharge,DEC2,settled_min_v,2.141581310131059e-06,-0.16200000000000003,,PASS,False
slow_00_to_11,final_precharge,DEC3,settled_max_v,0.00029827997452342564,,0.16200000000000003,PASS,False
slow_00_to_11,final_precharge,DEC3,settled_min_v,2.5197794846089274e-06,-0.16200000000000003,,PASS,False
slow_00_to_11,final_precharge,WL0,settled_max_v,1.2755113122005887e-08,,0.16200000000000003,PASS,False
slow_00_to_11,final_precharge,WL0,settled_min_v,2.3812481560471515e-09,-0.16200000000000003,,PASS,False
slow_00_to_11,final_precharge,WL1,settled_max_v,2.128333648495543e-08,,0.16200000000000003,PASS,False
slow_00_to_11,final_precharge,WL1,settled_min_v,2.3814026836210745e-09,-0.16200000000000003,,PASS,False
slow_00_to_11,final_precharge,WL2,settled_max_v,4.881075410489921e-09,,0.16200000000000003,PASS,False
slow_00_to_11,final_precharge,WL2,settled_min_v,-3.008255635794236e-08,-0.16200000000000003,,PASS,False
slow_00_to_11,final_precharge,WL3,settled_max_v,0.001986298100472309,,0.16200000000000003,PASS,False
slow_00_to_11,final_precharge,WL3,settled_min_v,2.3823112308635527e-09,-0.16200000000000003,,PASS,False
slow_00_to_11,final_precharge,N0,end_level_v,1.6200002060243548,1.4580000000000002,1.7820000000000003,PASS,False
slow_00_to_11,final_precharge,N1,end_level_v,1.620006795858715,1.4580000000000002,1.7820000000000003,PASS,False
slow_00_to_11,final_precharge,N2,end_level_v,1.6199736162655756,1.4580000000000002,1.7820000000000003,PASS,False
slow_00_to_11,final_precharge,N3,end_level_v,1.618648933264042,1.4580000000000002,1.7820000000000003,PASS,False
slow_00_to_11,pex_recovery,N0.N0.t1,dynamic_segment_level_v,1.619998619684039,1.4580000000000002,1.7820000000000003,PASS,False
slow_00_to_11,pex_final_precharge,N0.N0.t1,dynamic_segment_level_v,1.6200000852235892,1.4580000000000002,1.7820000000000003,PASS,False
slow_00_to_11,pex_recovery,N0.N0.n1,dynamic_segment_level_v,1.6199986425708859,1.4580000000000002,1.7820000000000003,PASS,False
slow_00_to_11,pex_final_precharge,N0.N0.n1,dynamic_segment_level_v,1.6200002053110805,1.4580000000000002,1.7820000000000003,PASS,False
slow_00_to_11,pex_recovery,N0.N0.t0,dynamic_segment_level_v,1.6199986420854715,1.4580000000000002,1.7820000000000003,PASS,False
slow_00_to_11,pex_final_precharge,N0.N0.t0,dynamic_segment_level_v,1.6200002038748047,1.4580000000000002,1.7820000000000003,PASS,False
slow_00_to_11,pex_recovery,N0.N0.n0,dynamic_segment_level_v,1.6199986423087709,1.4580000000000002,1.7820000000000003,PASS,False
slow_00_to_11,pex_final_precharge,N0.N0.n0,dynamic_segment_level_v,1.6200002040203763,1.4580000000000002,1.7820000000000003,PASS,False
slow_00_to_11,pex_recovery,N0.N0,dynamic_segment_level_v,1.6199986429911126,1.4580000000000002,1.7820000000000003,PASS,False
slow_00_to_11,pex_final_precharge,N0.N0,dynamic_segment_level_v,1.6200002060243548,1.4580000000000002,1.7820000000000003,PASS,False
slow_00_to_11,pex_recovery,N0.N0.t2,dynamic_segment_level_v,1.6199986406387648,1.4580000000000002,1.7820000000000003,PASS,False
slow_00_to_11,pex_final_precharge,N0.N0.t2,dynamic_segment_level_v,1.6200002050712545,1.4580000000000002,1.7820000000000003,PASS,False
slow_00_to_11,pex_recovery,N0.N0.t3,dynamic_segment_level_v,1.6199986429911126,1.4580000000000002,1.7820000000000003,PASS,False
slow_00_to_11,pex_final_precharge,N0.N0.t3,dynamic_segment_level_v,1.6200002060243548,1.4580000000000002,1.7820000000000003,PASS,False
slow_00_to_11,pex_recovery,N1.N1.t2,dynamic_segment_level_v,1.6199919564688061,1.4580000000000002,1.7820000000000003,PASS,False
slow_00_to_11,pex_final_precharge,N1.N1.t2,dynamic_segment_level_v,1.6200067939190643,1.4580000000000002,1.7820000000000003,PASS,False
slow_00_to_11,pex_recovery,N1.N1.t1,dynamic_segment_level_v,1.6199922447754038,1.4580000000000002,1.7820000000000003,PASS,False
slow_00_to_11,pex_final_precharge,N1.N1.t1,dynamic_segment_level_v,1.6200062230103338,1.4580000000000002,1.7820000000000003,PASS,False
slow_00_to_11,pex_recovery,N1.N1,dynamic_segment_level_v,1.6199919594029093,1.4580000000000002,1.7820000000000003,PASS,False
slow_00_to_11,pex_final_precharge,N1.N1,dynamic_segment_level_v,1.620006795858715,1.4580000000000002,1.7820000000000003,PASS,False
slow_00_to_11,pex_recovery,N1.N1.n0,dynamic_segment_level_v,1.619991963043846,1.4580000000000002,1.7820000000000003,PASS,False
slow_00_to_11,pex_final_precharge,N1.N1.n0,dynamic_segment_level_v,1.6200067867136212,1.4580000000000002,1.7820000000000003,PASS,False
slow_00_to_11,pex_recovery,N1.N1.t0,dynamic_segment_level_v,1.6199919626767114,1.4580000000000002,1.7820000000000003,PASS,False
slow_00_to_11,pex_final_precharge,N1.N1.t0,dynamic_segment_level_v,1.6200067866761234,1.4580000000000002,1.7820000000000003,PASS,False
slow_00_to_11,pex_recovery,N1.N1.n1,dynamic_segment_level_v,1.6199919600235884,1.4580000000000002,1.7820000000000003,PASS,False
slow_00_to_11,pex_final_precharge,N1.N1.n1,dynamic_segment_level_v,1.62000679281046,1.4580000000000002,1.7820000000000003,PASS,False
slow_00_to_11,pex_recovery,N1.N1.t3,dynamic_segment_level_v,1.6199919594029093,1.4580000000000002,1.7820000000000003,PASS,False
slow_00_to_11,pex_final_precharge,N1.N1.t3,dynamic_segment_level_v,1.620006795858715,1.4580000000000002,1.7820000000000003,PASS,False
slow_00_to_11,pex_recovery,N2.N2.n1,dynamic_segment_level_v,1.6193021741792775,1.4580000000000002,1.7820000000000003,PASS,False
slow_00_to_11,pex_final_precharge,N2.N2.n1,dynamic_segment_level_v,1.6199736159892997,1.4580000000000002,1.7820000000000003,PASS,False
slow_00_to_11,pex_recovery,N2.N2.t0,dynamic_segment_level_v,1.6192931259277021,1.4580000000000002,1.7820000000000003,PASS,False
slow_00_to_11,pex_final_precharge,N2.N2.t0,dynamic_segment_level_v,1.6199732538812672,1.4580000000000002,1.7820000000000003,PASS,False
slow_00_to_11,pex_recovery,N2.N2.t2,dynamic_segment_level_v,1.6193016519146723,1.4580000000000002,1.7820000000000003,PASS,False
slow_00_to_11,pex_final_precharge,N2.N2.t2,dynamic_segment_level_v,1.619973614236632,1.4580000000000002,1.7820000000000003,PASS,False
slow_00_to_11,pex_recovery,N2.N2.n0,dynamic_segment_level_v,1.619302188688054,1.4580000000000002,1.7820000000000003,PASS,False
slow_00_to_11,pex_final_precharge,N2.N2.n0,dynamic_segment_level_v,1.6199736130795956,1.4580000000000002,1.7820000000000003,PASS,False
slow_00_to_11,pex_recovery,N2.N2.t1,dynamic_segment_level_v,1.619341104378411,1.4580000000000002,1.7820000000000003,PASS,False
slow_00_to_11,pex_final_precharge,N2.N2.t1,dynamic_segment_level_v,1.6199748253636075,1.4580000000000002,1.7820000000000003,PASS,False
slow_00_to_11,pex_recovery,N2.N2.t3,dynamic_segment_level_v,1.619301715876615,1.4580000000000002,1.7820000000000003,PASS,False
slow_00_to_11,pex_final_precharge,N2.N2.t3,dynamic_segment_level_v,1.6199736162655756,1.4580000000000002,1.7820000000000003,PASS,False
slow_00_to_11,pex_recovery,N2.N2,dynamic_segment_level_v,1.619301715876615,1.4580000000000002,1.7820000000000003,PASS,False
slow_00_to_11,pex_final_precharge,N2.N2,dynamic_segment_level_v,1.6199736162655756,1.4580000000000002,1.7820000000000003,PASS,False
slow_00_to_11,pex_recovery,N3.N3.t1,dynamic_segment_level_v,1.6193646323300739,1.4580000000000002,1.7820000000000003,PASS,False
slow_00_to_11,pex_final_precharge,N3.N3.t1,dynamic_segment_level_v,1.6187248798070453,1.4580000000000002,1.7820000000000003,PASS,False
slow_00_to_11,pex_recovery,N3.N3.t2,dynamic_segment_level_v,1.6193267152795146,1.4580000000000002,1.7820000000000003,PASS,False
slow_00_to_11,pex_final_precharge,N3.N3.t2,dynamic_segment_level_v,1.6186488978183184,1.4580000000000002,1.7820000000000003,PASS,False
slow_00_to_11,pex_recovery,N3.N3.t0,dynamic_segment_level_v,1.619318352051311,1.4580000000000002,1.7820000000000003,PASS,False
slow_00_to_11,pex_final_precharge,N3.N3.t0,dynamic_segment_level_v,1.6186309361737985,1.4580000000000002,1.7820000000000003,PASS,False
slow_00_to_11,pex_recovery,N3.N3,dynamic_segment_level_v,1.61932677299808,1.4580000000000002,1.7820000000000003,PASS,False
slow_00_to_11,pex_final_precharge,N3.N3,dynamic_segment_level_v,1.618648933264042,1.4580000000000002,1.7820000000000003,PASS,False
slow_00_to_11,pex_recovery,N3.N3.n0,dynamic_segment_level_v,1.6193271856282763,1.4580000000000002,1.7820000000000003,PASS,False
slow_00_to_11,pex_final_precharge,N3.N3.n0,dynamic_segment_level_v,1.6186492021742738,1.4580000000000002,1.7820000000000003,PASS,False
slow_00_to_11,pex_recovery,N3.N3.n1,dynamic_segment_level_v,1.619327173294442,1.4580000000000002,1.7820000000000003,PASS,False
slow_00_to_11,pex_final_precharge,N3.N3.n1,dynamic_segment_level_v,1.6186491929909659,1.4580000000000002,1.7820000000000003,PASS,False
slow_00_to_11,pex_recovery,N3.N3.t3,dynamic_segment_level_v,1.61932677299808,1.4580000000000002,1.7820000000000003,PASS,False
slow_00_to_11,pex_final_precharge,N3.N3.t3,dynamic_segment_level_v,1.618648933264042,1.4580000000000002,1.7820000000000003,PASS,False
slow_11_to_00,prime,DEC0,upper_excursion_v,0.003912509324723005,,1.7820000000000003,PASS,False
slow_11_to_00,prime,DEC0,lower_excursion_v,3.255297920622385e-08,-0.16200000000000003,,PASS,False
slow_11_to_00,prime,DEC0,end_level_v,3.255297920622385e-08,-0.16200000000000003,0.16200000000000003,PASS,False
slow_11_to_00,prime,DEC0,unselected_max_v,0.003912509324723005,,0.16200000000000003,PASS,False
slow_11_to_00,prime,DEC1,upper_excursion_v,0.005016154070103418,,1.7820000000000003,PASS,False
slow_11_to_00,prime,DEC1,lower_excursion_v,4.447185650291453e-08,-0.16200000000000003,,PASS,False
slow_11_to_00,prime,DEC1,end_level_v,4.447185650291453e-08,-0.16200000000000003,0.16200000000000003,PASS,False
slow_11_to_00,prime,DEC1,unselected_max_v,0.005016154070103418,,0.16200000000000003,PASS,False
slow_11_to_00,prime,DEC2,upper_excursion_v,0.0185503624113302,,1.7820000000000003,PASS,False
slow_11_to_00,prime,DEC2,lower_excursion_v,-5.752394565796236e-06,-0.16200000000000003,,PASS,False
slow_11_to_00,prime,DEC2,end_level_v,-2.010103273055177e-06,-0.16200000000000003,0.16200000000000003,PASS,False
slow_11_to_00,prime,DEC2,unselected_max_v,0.0185503624113302,,0.16200000000000003,PASS,False
slow_11_to_00,prime,DEC3,upper_excursion_v,1.6199995591491891,,1.7820000000000003,PASS,False
slow_11_to_00,prime,DEC3,lower_excursion_v,-0.04770964161667446,-0.16200000000000003,,PASS,False
slow_11_to_00,prime,DEC3,end_level_v,1.6199995591491891,1.4580000000000002,1.7820000000000003,PASS,False
slow_11_to_00,prime,DEC3,settled_min_v,1.619981857315368,1.4580000000000002,,PASS,False
slow_11_to_00,prime,WL0,upper_excursion_v,5.622133133793965e-06,,1.7820000000000003,PASS,False
slow_11_to_00,prime,WL0,lower_excursion_v,-8.352942803953584e-06,-0.16200000000000003,,PASS,False
slow_11_to_00,prime,WL0,end_level_v,2.380335965079555e-09,-0.16200000000000003,0.16200000000000003,PASS,False
slow_11_to_00,prime,WL0,unselected_max_v,5.622133133793965e-06,,0.16200000000000003,PASS,False
slow_11_to_00,prime,WL1,upper_excursion_v,6.683658365218281e-06,,1.7820000000000003,PASS,False
slow_11_to_00,prime,WL1,lower_excursion_v,-8.206131891959311e-06,-0.16200000000000003,,PASS,False
slow_11_to_00,prime,WL1,end_level_v,2.3803397561013495e-09,-0.16200000000000003,0.16200000000000003,PASS,False
slow_11_to_00,prime,WL1,unselected_max_v,6.683658365218281e-06,,0.16200000000000003,PASS,False
slow_11_to_00,prime,WL2,upper_excursion_v,1.3482346921592476e-05,,1.7820000000000003,PASS,False
slow_11_to_00,prime,WL2,lower_excursion_v,-1.6831505074696993e-05,-0.16200000000000003,,PASS,False
slow_11_to_00,prime,WL2,end_level_v,2.3797628713157824e-09,-0.16200000000000003,0.16200000000000003,PASS,False
slow_11_to_00,prime,WL2,unselected_max_v,1.3482346921592476e-05,,0.16200000000000003,PASS,False
slow_11_to_00,prime,WL3,upper_excursion_v,1.6199999895089516,,1.7820000000000003,PASS,False
slow_11_to_00,prime,WL3,lower_excursion_v,-0.027844638827237304,-0.16200000000000003,,PASS,False
slow_11_to_00,prime,WL3,end_level_v,1.6199999895089516,1.4580000000000002,1.7820000000000003,PASS,False
slow_11_to_00,prime,WL3,settled_min_v,1.521368462528331,1.4580000000000002,,PASS,False
slow_11_to_00,test,DEC0,upper_excursion_v,1.6200018424965101,,1.7820000000000003,PASS,False
slow_11_to_00,test,DEC0,lower_excursion_v,-0.05820127383174173,-0.16200000000000003,,PASS,False
slow_11_to_00,test,DEC0,end_level_v,1.6199999625774766,1.4580000000000002,1.7820000000000003,PASS,False
slow_11_to_00,test,DEC0,settled_min_v,1.6199999373015963,1.4580000000000002,,PASS,False
slow_11_to_00,test,DEC1,upper_excursion_v,0.012836030099822024,,1.7820000000000003,PASS,False
slow_11_to_00,test,DEC1,lower_excursion_v,-1.0366473034734147e-05,-0.16200000000000003,,PASS,False
slow_11_to_00,test,DEC1,end_level_v,-2.552695100049853e-06,-0.16200000000000003,0.16200000000000003,PASS,False
slow_11_to_00,test,DEC1,unselected_max_v,0.012836030099822024,,0.16200000000000003,PASS,False
slow_11_to_00,test,DEC2,upper_excursion_v,0.007064916327483295,,1.7820000000000003,PASS,False
slow_11_to_00,test,DEC2,lower_excursion_v,-1.7442859319397757e-07,-0.16200000000000003,,PASS,False
slow_11_to_00,test,DEC2,end_level_v,-8.616282218257478e-08,-0.16200000000000003,0.16200000000000003,PASS,False
slow_11_to_00,test,DEC2,unselected_max_v,0.007064916327483295,,0.16200000000000003,PASS,False
slow_11_to_00,test,DEC3,upper_excursion_v,0.030322586203876626,,1.7820000000000003,PASS,False
slow_11_to_00,test,DEC3,lower_excursion_v,-1.5794941384623864e-07,-0.16200000000000003,,PASS,False
slow_11_to_00,test,DEC3,end_level_v,-7.54375009980914e-08,-0.16200000000000003,0.16200000000000003,PASS,False
slow_11_to_00,test,DEC3,unselected_max_v,0.030322586203876626,,0.16200000000000003,PASS,False
slow_11_to_00,test,WL0,upper_excursion_v,1.619999989509076,,1.7820000000000003,PASS,False
slow_11_to_00,test,WL0,lower_excursion_v,-0.02980199965329186,-0.16200000000000003,,PASS,False
slow_11_to_00,test,WL0,end_level_v,1.619999989509076,1.4580000000000002,1.7820000000000003,PASS,False
slow_11_to_00,test,WL0,settled_min_v,1.5483782517282514,1.4580000000000002,,PASS,False
slow_11_to_00,test,WL1,upper_excursion_v,1.0019271243614043e-05,,1.7820000000000003,PASS,False
slow_11_to_00,test,WL1,lower_excursion_v,-8.156314111619363e-06,-0.16200000000000003,,PASS,False
slow_11_to_00,test,WL1,end_level_v,2.3791240434146567e-09,-0.16200000000000003,0.16200000000000003,PASS,False
slow_11_to_00,test,WL1,unselected_max_v,1.0019271243614043e-05,,0.16200000000000003,PASS,False
slow_11_to_00,test,WL2,upper_excursion_v,1.0042517292707113e-05,,1.7820000000000003,PASS,False
slow_11_to_00,test,WL2,lower_excursion_v,-1.6775692106755473e-05,-0.16200000000000003,,PASS,False
slow_11_to_00,test,WL2,end_level_v,2.3802857797487018e-09,-0.16200000000000003,0.16200000000000003,PASS,False
slow_11_to_00,test,WL2,unselected_max_v,1.0042517292707113e-05,,0.16200000000000003,PASS,False
slow_11_to_00,test,WL3,upper_excursion_v,4.4974070583003885e-05,,1.7820000000000003,PASS,False
slow_11_to_00,test,WL3,lower_excursion_v,-6.85208392148774e-05,-0.16200000000000003,,PASS,False
slow_11_to_00,test,WL3,end_level_v,2.3802896500355606e-09,-0.16200000000000003,0.16200000000000003,PASS,False
slow_11_to_00,test,WL3,unselected_max_v,4.4974070583003885e-05,,0.16200000000000003,PASS,False
slow_11_to_00,recovery,DEC0,end_level_v,1.1770689447253661e-05,-0.16200000000000003,0.16200000000000003,PASS,False
slow_11_to_00,recovery,DEC0,settled_max_v,0.001240742285671113,,0.16200000000000003,PASS,False
slow_11_to_00,recovery,DEC1,end_level_v,1.151689854496475e-05,-0.16200000000000003,0.16200000000000003,PASS,False
slow_11_to_00,recovery,DEC1,settled_max_v,0.000740934433206164,,0.16200000000000003,PASS,False
slow_11_to_00,recovery,DEC2,end_level_v,9.714117355796456e-06,-0.16200000000000003,0.16200000000000003,PASS,False
slow_11_to_00,recovery,DEC2,settled_max_v,0.0008984674640385432,,0.16200000000000003,PASS,False
slow_11_to_00,recovery,DEC3,end_level_v,7.980259309892476e-06,-0.16200000000000003,0.16200000000000003,PASS,False
slow_11_to_00,recovery,DEC3,settled_max_v,0.0006769812689649453,,0.16200000000000003,PASS,False
slow_11_to_00,recovery,WL0,end_level_v,3.108249635208842e-09,-0.16200000000000003,0.16200000000000003,PASS,False
slow_11_to_00,recovery,WL0,settled_max_v,1.1846878776231972e-05,,0.16200000000000003,PASS,False
slow_11_to_00,recovery,WL1,end_level_v,2.87653251928633e-09,-0.16200000000000003,0.16200000000000003,PASS,False
slow_11_to_00,recovery,WL1,settled_max_v,9.072194417037567e-06,,0.16200000000000003,PASS,False
slow_11_to_00,recovery,WL2,end_level_v,2.8475118140552313e-09,-0.16200000000000003,0.16200000000000003,PASS,False
slow_11_to_00,recovery,WL2,settled_max_v,1.1127954549210881e-05,,0.16200000000000003,PASS,False
slow_11_to_00,recovery,WL3,end_level_v,2.774444294309504e-09,-0.16200000000000003,0.16200000000000003,PASS,False
slow_11_to_00,recovery,WL3,settled_max_v,0.0019876228116111486,,0.16200000000000003,PASS,False
slow_11_to_00,recovery,N0,end_level_v,1.6185531417111143,1.4580000000000002,1.7820000000000003,PASS,False
slow_11_to_00,recovery,N1,end_level_v,1.6187746179544973,1.4580000000000002,1.7820000000000003,PASS,False
slow_11_to_00,recovery,N2,end_level_v,1.6199902858417423,1.4580000000000002,1.7820000000000003,PASS,False
slow_11_to_00,recovery,N3,end_level_v,1.620000756289553,1.4580000000000002,1.7820000000000003,PASS,False
slow_11_to_00,final_precharge,DEC0,settled_max_v,0.0003141203873464836,,0.16200000000000003,PASS,False
slow_11_to_00,final_precharge,DEC0,settled_min_v,2.0108889015191164e-06,-0.16200000000000003,,PASS,False
slow_11_to_00,final_precharge,DEC1,settled_max_v,3.1637848432987585e-05,,0.16200000000000003,PASS,False
slow_11_to_00,final_precharge,DEC1,settled_min_v,1.820821850406776e-06,-0.16200000000000003,,PASS,False
slow_11_to_00,final_precharge,DEC2,settled_max_v,3.648797522545233e-05,,0.16200000000000003,PASS,False
slow_11_to_00,final_precharge,DEC2,settled_min_v,1.9860775389639857e-06,-0.16200000000000003,,PASS,False
slow_11_to_00,final_precharge,DEC3,settled_max_v,3.805914237393455e-05,,0.16200000000000003,PASS,False
slow_11_to_00,final_precharge,DEC3,settled_min_v,1.8475710468945683e-06,-0.16200000000000003,,PASS,False
slow_11_to_00,final_precharge,WL0,settled_max_v,0.001245592304314357,,0.16200000000000003,PASS,False
slow_11_to_00,final_precharge,WL0,settled_min_v,2.3818175851799877e-09,-0.16200000000000003,,PASS,False
slow_11_to_00,final_precharge,WL1,settled_max_v,8.749117243427853e-09,,0.16200000000000003,PASS,False
slow_11_to_00,final_precharge,WL1,settled_min_v,2.3812893250957006e-09,-0.16200000000000003,,PASS,False
slow_11_to_00,final_precharge,WL2,settled_max_v,1.8190588691207646e-08,,0.16200000000000003,PASS,False
slow_11_to_00,final_precharge,WL2,settled_min_v,2.3813700153905527e-09,-0.16200000000000003,,PASS,False
slow_11_to_00,final_precharge,WL3,settled_max_v,1.7669929305167283e-08,,0.16200000000000003,PASS,False
slow_11_to_00,final_precharge,WL3,settled_min_v,2.3813088021926763e-09,-0.16200000000000003,,PASS,False
slow_11_to_00,final_precharge,N0,end_level_v,1.6187105885127275,1.4580000000000002,1.7820000000000003,PASS,False
slow_11_to_00,final_precharge,N1,end_level_v,1.6199782383569439,1.4580000000000002,1.7820000000000003,PASS,False
slow_11_to_00,final_precharge,N2,end_level_v,1.6200075870197876,1.4580000000000002,1.7820000000000003,PASS,False
slow_11_to_00,final_precharge,N3,end_level_v,1.6200002363904193,1.4580000000000002,1.7820000000000003,PASS,False
slow_11_to_00,pex_recovery,N0.N0.t1,dynamic_segment_level_v,1.618634942509567,1.4580000000000002,1.7820000000000003,PASS,False
slow_11_to_00,pex_final_precharge,N0.N0.t1,dynamic_segment_level_v,1.6187835900956862,1.4580000000000002,1.7820000000000003,PASS,False
slow_11_to_00,pex_recovery,N0.N0.n1,dynamic_segment_level_v,1.6185535061056289,1.4580000000000002,1.7820000000000003,PASS,False
slow_11_to_00,pex_final_precharge,N0.N0.n1,dynamic_segment_level_v,1.6187108301032116,1.4580000000000002,1.7820000000000003,PASS,False
slow_11_to_00,pex_recovery,N0.N0.t0,dynamic_segment_level_v,1.618534254499657,1.4580000000000002,1.7820000000000003,PASS,False
slow_11_to_00,pex_final_precharge,N0.N0.t0,dynamic_segment_level_v,1.618693690808831,1.4580000000000002,1.7820000000000003,PASS,False
slow_11_to_00,pex_recovery,N0.N0.n0,dynamic_segment_level_v,1.6185535132979982,1.4580000000000002,1.7820000000000003,PASS,False
slow_11_to_00,pex_final_precharge,N0.N0.n0,dynamic_segment_level_v,1.6187108397282741,1.4580000000000002,1.7820000000000003,PASS,False
slow_11_to_00,pex_recovery,N0.N0,dynamic_segment_level_v,1.6185531417111143,1.4580000000000002,1.7820000000000003,PASS,False
slow_11_to_00,pex_final_precharge,N0.N0,dynamic_segment_level_v,1.6187105885127275,1.4580000000000002,1.7820000000000003,PASS,False
slow_11_to_00,pex_recovery,N0.N0.t2,dynamic_segment_level_v,1.6185530752499926,1.4580000000000002,1.7820000000000003,PASS,False
slow_11_to_00,pex_final_precharge,N0.N0.t2,dynamic_segment_level_v,1.6187105582782348,1.4580000000000002,1.7820000000000003,PASS,False
slow_11_to_00,pex_recovery,N0.N0.t3,dynamic_segment_level_v,1.6185531417111143,1.4580000000000002,1.7820000000000003,PASS,False
slow_11_to_00,pex_final_precharge,N0.N0.t3,dynamic_segment_level_v,1.6187105885127275,1.4580000000000002,1.7820000000000003,PASS,False
slow_11_to_00,pex_recovery,N1.N1.t2,dynamic_segment_level_v,1.6187744279610374,1.4580000000000002,1.7820000000000003,PASS,False
slow_11_to_00,pex_final_precharge,N1.N1.t2,dynamic_segment_level_v,1.6199782371930183,1.4580000000000002,1.7820000000000003,PASS,False
slow_11_to_00,pex_recovery,N1.N1.t1,dynamic_segment_level_v,1.618844164512422,1.4580000000000002,1.7820000000000003,PASS,False
slow_11_to_00,pex_final_precharge,N1.N1.t1,dynamic_segment_level_v,1.6199793595880851,1.4580000000000002,1.7820000000000003,PASS,False
slow_11_to_00,pex_recovery,N1.N1,dynamic_segment_level_v,1.6187746179544973,1.4580000000000002,1.7820000000000003,PASS,False
slow_11_to_00,pex_final_precharge,N1.N1,dynamic_segment_level_v,1.6199782383569439,1.4580000000000002,1.7820000000000003,PASS,False
slow_11_to_00,pex_recovery,N1.N1.n0,dynamic_segment_level_v,1.6187759409104292,1.4580000000000002,1.7820000000000003,PASS,False
slow_11_to_00,pex_final_precharge,N1.N1.n0,dynamic_segment_level_v,1.6199782353808525,1.4580000000000002,1.7820000000000003,PASS,False
slow_11_to_00,pex_recovery,N1.N1.t0,dynamic_segment_level_v,1.6187600102381206,1.4580000000000002,1.7820000000000003,PASS,False
slow_11_to_00,pex_final_precharge,N1.N1.t0,dynamic_segment_level_v,1.6199779022567413,1.4580000000000002,1.7820000000000003,PASS,False
slow_11_to_00,pex_recovery,N1.N1.n1,dynamic_segment_level_v,1.6187759261335457,1.4580000000000002,1.7820000000000003,PASS,False
slow_11_to_00,pex_final_precharge,N1.N1.n1,dynamic_segment_level_v,1.6199782381828158,1.4580000000000002,1.7820000000000003,PASS,False
slow_11_to_00,pex_recovery,N1.N1.t3,dynamic_segment_level_v,1.6187746179544973,1.4580000000000002,1.7820000000000003,PASS,False
slow_11_to_00,pex_final_precharge,N1.N1.t3,dynamic_segment_level_v,1.6199782383569439,1.4580000000000002,1.7820000000000003,PASS,False
slow_11_to_00,pex_recovery,N2.N2.n1,dynamic_segment_level_v,1.6199901921176785,1.4580000000000002,1.7820000000000003,PASS,False
slow_11_to_00,pex_final_precharge,N2.N2.n1,dynamic_segment_level_v,1.6200075843268102,1.4580000000000002,1.7820000000000003,PASS,False
slow_11_to_00,pex_recovery,N2.N2.t0,dynamic_segment_level_v,1.6199902002492932,1.4580000000000002,1.7820000000000003,PASS,False
slow_11_to_00,pex_final_precharge,N2.N2.t0,dynamic_segment_level_v,1.6200075785490486,1.4580000000000002,1.7820000000000003,PASS,False
slow_11_to_00,pex_recovery,N2.N2.t2,dynamic_segment_level_v,1.619990280793922,1.4580000000000002,1.7820000000000003,PASS,False
slow_11_to_00,pex_final_precharge,N2.N2.t2,dynamic_segment_level_v,1.6200075855486944,1.4580000000000002,1.7820000000000003,PASS,False
slow_11_to_00,pex_recovery,N2.N2.n0,dynamic_segment_level_v,1.6199901957854168,1.4580000000000002,1.7820000000000003,PASS,False
slow_11_to_00,pex_final_precharge,N2.N2.n0,dynamic_segment_level_v,1.620007578547986,1.4580000000000002,1.7820000000000003,PASS,False
slow_11_to_00,pex_recovery,N2.N2.t1,dynamic_segment_level_v,1.6199904694979408,1.4580000000000002,1.7820000000000003,PASS,False
slow_11_to_00,pex_final_precharge,N2.N2.t1,dynamic_segment_level_v,1.620007044829186,1.4580000000000002,1.7820000000000003,PASS,False
slow_11_to_00,pex_recovery,N2.N2.t3,dynamic_segment_level_v,1.6199902858417423,1.4580000000000002,1.7820000000000003,PASS,False
slow_11_to_00,pex_final_precharge,N2.N2.t3,dynamic_segment_level_v,1.6200075870197876,1.4580000000000002,1.7820000000000003,PASS,False
slow_11_to_00,pex_recovery,N2.N2,dynamic_segment_level_v,1.6199902858417423,1.4580000000000002,1.7820000000000003,PASS,False
slow_11_to_00,pex_final_precharge,N2.N2,dynamic_segment_level_v,1.6200075870197876,1.4580000000000002,1.7820000000000003,PASS,False
slow_11_to_00,pex_recovery,N3.N3.t1,dynamic_segment_level_v,1.6200003859457648,1.4580000000000002,1.7820000000000003,PASS,False
slow_11_to_00,pex_final_precharge,N3.N3.t1,dynamic_segment_level_v,1.6200001155619645,1.4580000000000002,1.7820000000000003,PASS,False
slow_11_to_00,pex_recovery,N3.N3.t2,dynamic_segment_level_v,1.6200007373887992,1.4580000000000002,1.7820000000000003,PASS,False
slow_11_to_00,pex_final_precharge,N3.N3.t2,dynamic_segment_level_v,1.6200002355682739,1.4580000000000002,1.7820000000000003,PASS,False
slow_11_to_00,pex_recovery,N3.N3.t0,dynamic_segment_level_v,1.6200007501799871,1.4580000000000002,1.7820000000000003,PASS,False
slow_11_to_00,pex_final_precharge,N3.N3.t0,dynamic_segment_level_v,1.6200002344164766,1.4580000000000002,1.7820000000000003,PASS,False
slow_11_to_00,pex_recovery,N3.N3,dynamic_segment_level_v,1.620000756289553,1.4580000000000002,1.7820000000000003,PASS,False
slow_11_to_00,pex_final_precharge,N3.N3,dynamic_segment_level_v,1.6200002363904193,1.4580000000000002,1.7820000000000003,PASS,False
slow_11_to_00,pex_recovery,N3.N3.n0,dynamic_segment_level_v,1.620000758232895,1.4580000000000002,1.7820000000000003,PASS,False
slow_11_to_00,pex_final_precharge,N3.N3.n0,dynamic_segment_level_v,1.6200002345436475,1.4580000000000002,1.7820000000000003,PASS,False
slow_11_to_00,pex_recovery,N3.N3.n1,dynamic_segment_level_v,1.6200007626876323,1.4580000000000002,1.7820000000000003,PASS,False
slow_11_to_00,pex_final_precharge,N3.N3.n1,dynamic_segment_level_v,1.6200002358409282,1.4580000000000002,1.7820000000000003,PASS,False
slow_11_to_00,pex_recovery,N3.N3.t3,dynamic_segment_level_v,1.620000756289553,1.4580000000000002,1.7820000000000003,PASS,False
slow_11_to_00,pex_final_precharge,N3.N3.t3,dynamic_segment_level_v,1.6200002363904193,1.4580000000000002,1.7820000000000003,PASS,False
slow_01_to_10,prime,DEC0,upper_excursion_v,0.010531796099861383,,1.7820000000000003,PASS,False
slow_01_to_10,prime,DEC0,lower_excursion_v,-3.3159080410400813e-06,-0.16200000000000003,,PASS,False
slow_01_to_10,prime,DEC0,end_level_v,-1.6232763771073794e-06,-0.16200000000000003,0.16200000000000003,PASS,False
slow_01_to_10,prime,DEC0,unselected_max_v,0.010531796099861383,,0.16200000000000003,PASS,False
slow_01_to_10,prime,DEC1,upper_excursion_v,1.6199997009837974,,1.7820000000000003,PASS,False
slow_01_to_10,prime,DEC1,lower_excursion_v,-0.050953975478771736,-0.16200000000000003,,PASS,False
slow_01_to_10,prime,DEC1,end_level_v,1.6199997009837974,1.4580000000000002,1.7820000000000003,PASS,False
slow_01_to_10,prime,DEC1,settled_min_v,1.6199890784244642,1.4580000000000002,,PASS,False
slow_01_to_10,prime,DEC2,upper_excursion_v,0.0153090033158905,,1.7820000000000003,PASS,False
slow_01_to_10,prime,DEC2,lower_excursion_v,-7.946874652740312e-08,-0.16200000000000003,,PASS,False
slow_01_to_10,prime,DEC2,end_level_v,-4.653927712217728e-08,-0.16200000000000003,0.16200000000000003,PASS,False
slow_01_to_10,prime,DEC2,unselected_max_v,0.0153090033158905,,0.16200000000000003,PASS,False
slow_01_to_10,prime,DEC3,upper_excursion_v,0.03030530366249921,,1.7820000000000003,PASS,False
slow_01_to_10,prime,DEC3,lower_excursion_v,-9.982571568629625e-08,-0.16200000000000003,,PASS,False
slow_01_to_10,prime,DEC3,end_level_v,-5.7991315617188946e-08,-0.16200000000000003,0.16200000000000003,PASS,False
slow_01_to_10,prime,DEC3,unselected_max_v,0.03030530366249921,,0.16200000000000003,PASS,False
slow_01_to_10,prime,WL0,upper_excursion_v,8.144479541075953e-06,,1.7820000000000003,PASS,False
slow_01_to_10,prime,WL0,lower_excursion_v,-8.499399294663342e-06,-0.16200000000000003,,PASS,False
slow_01_to_10,prime,WL0,end_level_v,2.379920441633714e-09,-0.16200000000000003,0.16200000000000003,PASS,False
slow_01_to_10,prime,WL0,unselected_max_v,8.144479541075953e-06,,0.16200000000000003,PASS,False
slow_01_to_10,prime,WL1,upper_excursion_v,1.6199999895090107,,1.7820000000000003,PASS,False
slow_01_to_10,prime,WL1,lower_excursion_v,-0.028884990332677205,-0.16200000000000003,,PASS,False
slow_01_to_10,prime,WL1,end_level_v,1.6199999895090107,1.4580000000000002,1.7820000000000003,PASS,False
slow_01_to_10,prime,WL1,settled_min_v,1.5353836263707314,1.4580000000000002,,PASS,False
slow_01_to_10,prime,WL2,upper_excursion_v,1.1276278435477775e-05,,1.7820000000000003,PASS,False
slow_01_to_10,prime,WL2,lower_excursion_v,-1.6808563272477674e-05,-0.16200000000000003,,PASS,False
slow_01_to_10,prime,WL2,end_level_v,2.3803150460694387e-09,-0.16200000000000003,0.16200000000000003,PASS,False
slow_01_to_10,prime,WL2,unselected_max_v,1.1276278435477775e-05,,0.16200000000000003,PASS,False
slow_01_to_10,prime,WL3,upper_excursion_v,4.497641922708607e-05,,1.7820000000000003,PASS,False
slow_01_to_10,prime,WL3,lower_excursion_v,-6.91408924560872e-05,-0.16200000000000003,,PASS,False
slow_01_to_10,prime,WL3,end_level_v,2.380312022082147e-09,-0.16200000000000003,0.16200000000000003,PASS,False
slow_01_to_10,prime,WL3,unselected_max_v,4.497641922708607e-05,,0.16200000000000003,PASS,False
slow_01_to_10,test,DEC0,upper_excursion_v,0.0039268128063921675,,1.7820000000000003,PASS,False
slow_01_to_10,test,DEC0,lower_excursion_v,4.093072736278093e-08,-0.16200000000000003,,PASS,False
slow_01_to_10,test,DEC0,end_level_v,4.093072736278093e-08,-0.16200000000000003,0.16200000000000003,PASS,False
slow_01_to_10,test,DEC0,unselected_max_v,0.0039268128063921675,,0.16200000000000003,PASS,False
slow_01_to_10,test,DEC1,upper_excursion_v,0.013133125208950408,,1.7820000000000003,PASS,False
slow_01_to_10,test,DEC1,lower_excursion_v,5.2240553299887116e-08,-0.16200000000000003,,PASS,False
slow_01_to_10,test,DEC1,end_level_v,5.2240553299887116e-08,-0.16200000000000003,0.16200000000000003,PASS,False
slow_01_to_10,test,DEC1,unselected_max_v,0.013133125208950408,,0.16200000000000003,PASS,False
slow_01_to_10,test,DEC2,upper_excursion_v,1.619999953354931,,1.7820000000000003,PASS,False
slow_01_to_10,test,DEC2,lower_excursion_v,-0.045567560377467065,-0.16200000000000003,,PASS,False
slow_01_to_10,test,DEC2,end_level_v,1.6199999224810275,1.4580000000000002,1.7820000000000003,PASS,False
slow_01_to_10,test,DEC2,settled_min_v,1.61998126769419,1.4580000000000002,,PASS,False
slow_01_to_10,test,DEC3,upper_excursion_v,0.030320332284631067,,1.7820000000000003,PASS,False
slow_01_to_10,test,DEC3,lower_excursion_v,-7.522040324700531e-05,-0.16200000000000003,,PASS,False
slow_01_to_10,test,DEC3,end_level_v,-2.6320927206699273e-06,-0.16200000000000003,0.16200000000000003,PASS,False
slow_01_to_10,test,DEC3,unselected_max_v,0.030320332284631067,,0.16200000000000003,PASS,False
slow_01_to_10,test,WL0,upper_excursion_v,5.643073346063601e-06,,1.7820000000000003,PASS,False
slow_01_to_10,test,WL0,lower_excursion_v,-8.634363897048703e-06,-0.16200000000000003,,PASS,False
slow_01_to_10,test,WL0,end_level_v,2.380342824471549e-09,-0.16200000000000003,0.16200000000000003,PASS,False
slow_01_to_10,test,WL0,unselected_max_v,5.643073346063601e-06,,0.16200000000000003,PASS,False
slow_01_to_10,test,WL1,upper_excursion_v,9.391068336319519e-06,,1.7820000000000003,PASS,False
slow_01_to_10,test,WL1,lower_excursion_v,-7.850030355407235e-06,-0.16200000000000003,,PASS,False
slow_01_to_10,test,WL1,end_level_v,2.380347290911321e-09,-0.16200000000000003,0.16200000000000003,PASS,False
slow_01_to_10,test,WL1,unselected_max_v,9.391068336319519e-06,,0.16200000000000003,PASS,False
slow_01_to_10,test,WL2,upper_excursion_v,1.6199999895090584,,1.7820000000000003,PASS,False
slow_01_to_10,test,WL2,lower_excursion_v,-0.027735347787676397,-0.16200000000000003,,PASS,False
slow_01_to_10,test,WL2,end_level_v,1.6199999895090582,1.4580000000000002,1.7820000000000003,PASS,False
slow_01_to_10,test,WL2,settled_min_v,1.5135508550808565,1.4580000000000002,,PASS,False
slow_01_to_10,test,WL3,upper_excursion_v,4.496166809305235e-05,,1.7820000000000003,PASS,False
slow_01_to_10,test,WL3,lower_excursion_v,-6.849844280669252e-05,-0.16200000000000003,,PASS,False
slow_01_to_10,test,WL3,end_level_v,2.3792811522164235e-09,-0.16200000000000003,0.16200000000000003,PASS,False
slow_01_to_10,test,WL3,unselected_max_v,4.496166809305235e-05,,0.16200000000000003,PASS,False
slow_01_to_10,recovery,DEC0,end_level_v,8.899460244080564e-06,-0.16200000000000003,0.16200000000000003,PASS,False
slow_01_to_10,recovery,DEC0,settled_max_v,0.0012771704414064177,,0.16200000000000003,PASS,False
slow_01_to_10,recovery,DEC1,end_level_v,7.589946527873336e-06,-0.16200000000000003,0.16200000000000003,PASS,False
slow_01_to_10,recovery,DEC1,settled_max_v,0.001116213647033154,,0.16200000000000003,PASS,False
slow_01_to_10,recovery,DEC2,end_level_v,8.571637978543283e-06,-0.16200000000000003,0.16200000000000003,PASS,False
slow_01_to_10,recovery,DEC2,settled_max_v,0.0012108302927923587,,0.16200000000000003,PASS,False
slow_01_to_10,recovery,DEC3,end_level_v,9.160679100083784e-06,-0.16200000000000003,0.16200000000000003,PASS,False
slow_01_to_10,recovery,DEC3,settled_max_v,0.001859898360737222,,0.16200000000000003,PASS,False
slow_01_to_10,recovery,WL0,end_level_v,2.7319634268099316e-09,-0.16200000000000003,0.16200000000000003,PASS,False
slow_01_to_10,recovery,WL0,settled_max_v,1.2612756051295194e-06,,0.16200000000000003,PASS,False
slow_01_to_10,recovery,WL1,end_level_v,2.595453649026331e-09,-0.16200000000000003,0.16200000000000003,PASS,False
slow_01_to_10,recovery,WL1,settled_max_v,0.0018298908751027737,,0.16200000000000003,PASS,False
slow_01_to_10,recovery,WL2,end_level_v,2.7250940085109293e-09,-0.16200000000000003,0.16200000000000003,PASS,False
slow_01_to_10,recovery,WL2,settled_max_v,6.551551291629459e-07,,0.16200000000000003,PASS,False
slow_01_to_10,recovery,WL3,end_level_v,2.67831609697104e-09,-0.16200000000000003,0.16200000000000003,PASS,False
slow_01_to_10,recovery,WL3,settled_max_v,3.3940452241934434e-06,,0.16200000000000003,PASS,False
slow_01_to_10,recovery,N0,end_level_v,1.6199579111753244,1.4580000000000002,1.7820000000000003,PASS,False
slow_01_to_10,recovery,N1,end_level_v,1.6200677569304407,1.4580000000000002,1.7820000000000003,PASS,False
slow_01_to_10,recovery,N2,end_level_v,1.6190799954724562,1.4580000000000002,1.7820000000000003,PASS,False
slow_01_to_10,recovery,N3,end_level_v,1.6191117715158427,1.4580000000000002,1.7820000000000003,PASS,False
slow_01_to_10,final_precharge,DEC0,settled_max_v,2.460130164258473e-05,,0.16200000000000003,PASS,False
slow_01_to_10,final_precharge,DEC0,settled_min_v,1.591439433193292e-06,-0.16200000000000003,,PASS,False
slow_01_to_10,final_precharge,DEC1,settled_max_v,2.838717625601378e-05,,0.16200000000000003,PASS,False
slow_01_to_10,final_precharge,DEC1,settled_min_v,1.826437152713248e-06,-0.16200000000000003,,PASS,False
slow_01_to_10,final_precharge,DEC2,settled_max_v,0.00033447971433543455,,0.16200000000000003,PASS,False
slow_01_to_10,final_precharge,DEC2,settled_min_v,2.4805256813744446e-06,-0.16200000000000003,,PASS,False
slow_01_to_10,final_precharge,DEC3,settled_max_v,4.244265530971247e-05,,0.16200000000000003,PASS,False
slow_01_to_10,final_precharge,DEC3,settled_min_v,1.9004847771320154e-06,-0.16200000000000003,,PASS,False
slow_01_to_10,final_precharge,WL0,settled_max_v,1.5523642912194536e-08,,0.16200000000000003,PASS,False
slow_01_to_10,final_precharge,WL0,settled_min_v,2.381169877247169e-09,-0.16200000000000003,,PASS,False
slow_01_to_10,final_precharge,WL1,settled_max_v,4.777164359286572e-09,,0.16200000000000003,PASS,False
slow_01_to_10,final_precharge,WL1,settled_min_v,-2.6304886373461263e-08,-0.16200000000000003,,PASS,False
slow_01_to_10,final_precharge,WL2,settled_max_v,0.002983710367862371,,0.16200000000000003,PASS,False
slow_01_to_10,final_precharge,WL2,settled_min_v,2.3821767896792327e-09,-0.16200000000000003,,PASS,False
slow_01_to_10,final_precharge,WL3,settled_max_v,6.718497064307971e-09,,0.16200000000000003,PASS,False
slow_01_to_10,final_precharge,WL3,settled_min_v,-4.233618607963675e-08,-0.16200000000000003,,PASS,False
slow_01_to_10,final_precharge,N0,end_level_v,1.6200058650665508,1.4580000000000002,1.7820000000000003,PASS,False
slow_01_to_10,final_precharge,N1,end_level_v,1.6200008620236557,1.4580000000000002,1.7820000000000003,PASS,False
slow_01_to_10,final_precharge,N2,end_level_v,1.618687897481406,1.4580000000000002,1.7820000000000003,PASS,False
slow_01_to_10,final_precharge,N3,end_level_v,1.6199696467927263,1.4580000000000002,1.7820000000000003,PASS,False
slow_01_to_10,pex_recovery,N0.N0.t1,dynamic_segment_level_v,1.6199601501153165,1.4580000000000002,1.7820000000000003,PASS,False
slow_01_to_10,pex_final_precharge,N0.N0.t1,dynamic_segment_level_v,1.620005418335496,1.4580000000000002,1.7820000000000003,PASS,False
slow_01_to_10,pex_recovery,N0.N0.n1,dynamic_segment_level_v,1.6199578963356978,1.4580000000000002,1.7820000000000003,PASS,False
slow_01_to_10,pex_final_precharge,N0.N0.n1,dynamic_segment_level_v,1.6200058626806473,1.4580000000000002,1.7820000000000003,PASS,False
slow_01_to_10,pex_recovery,N0.N0.t0,dynamic_segment_level_v,1.6199579167451763,1.4580000000000002,1.7820000000000003,PASS,False
slow_01_to_10,pex_final_precharge,N0.N0.t0,dynamic_segment_level_v,1.6200058578849008,1.4580000000000002,1.7820000000000003,PASS,False
slow_01_to_10,pex_recovery,N0.N0.n0,dynamic_segment_level_v,1.6199579204093033,1.4580000000000002,1.7820000000000003,PASS,False
slow_01_to_10,pex_final_precharge,N0.N0.n0,dynamic_segment_level_v,1.6200058579335395,1.4580000000000002,1.7820000000000003,PASS,False
slow_01_to_10,pex_recovery,N0.N0,dynamic_segment_level_v,1.6199579111753244,1.4580000000000002,1.7820000000000003,PASS,False
slow_01_to_10,pex_final_precharge,N0.N0,dynamic_segment_level_v,1.6200058650665508,1.4580000000000002,1.7820000000000003,PASS,False
slow_01_to_10,pex_recovery,N0.N0.t2,dynamic_segment_level_v,1.6199579083099056,1.4580000000000002,1.7820000000000003,PASS,False
slow_01_to_10,pex_final_precharge,N0.N0.t2,dynamic_segment_level_v,1.6200058636417562,1.4580000000000002,1.7820000000000003,PASS,False
slow_01_to_10,pex_recovery,N0.N0.t3,dynamic_segment_level_v,1.6199579111753244,1.4580000000000002,1.7820000000000003,PASS,False
slow_01_to_10,pex_final_precharge,N0.N0.t3,dynamic_segment_level_v,1.6200058650665508,1.4580000000000002,1.7820000000000003,PASS,False
slow_01_to_10,pex_recovery,N1.N1.t2,dynamic_segment_level_v,1.620067761105977,1.4580000000000002,1.7820000000000003,PASS,False
slow_01_to_10,pex_final_precharge,N1.N1.t2,dynamic_segment_level_v,1.6200008606336296,1.4580000000000002,1.7820000000000003,PASS,False
slow_01_to_10,pex_recovery,N1.N1.t1,dynamic_segment_level_v,1.6200635340696312,1.4580000000000002,1.7820000000000003,PASS,False
slow_01_to_10,pex_final_precharge,N1.N1.t1,dynamic_segment_level_v,1.620000630231159,1.4580000000000002,1.7820000000000003,PASS,False
slow_01_to_10,pex_recovery,N1.N1,dynamic_segment_level_v,1.6200677569304407,1.4580000000000002,1.7820000000000003,PASS,False
slow_01_to_10,pex_final_precharge,N1.N1,dynamic_segment_level_v,1.6200008620236557,1.4580000000000002,1.7820000000000003,PASS,False
slow_01_to_10,pex_recovery,N1.N1.n0,dynamic_segment_level_v,1.6200675539747633,1.4580000000000002,1.7820000000000003,PASS,False
slow_01_to_10,pex_final_precharge,N1.N1.n0,dynamic_segment_level_v,1.620000858324438,1.4580000000000002,1.7820000000000003,PASS,False
slow_01_to_10,pex_recovery,N1.N1.t0,dynamic_segment_level_v,1.6200675655245527,1.4580000000000002,1.7820000000000003,PASS,False
slow_01_to_10,pex_final_precharge,N1.N1.t0,dynamic_segment_level_v,1.6200008581882717,1.4580000000000002,1.7820000000000003,PASS,False
slow_01_to_10,pex_recovery,N1.N1.n1,dynamic_segment_level_v,1.6200675960507822,1.4580000000000002,1.7820000000000003,PASS,False
slow_01_to_10,pex_final_precharge,N1.N1.n1,dynamic_segment_level_v,1.6200008607992606,1.4580000000000002,1.7820000000000003,PASS,False
slow_01_to_10,pex_recovery,N1.N1.t3,dynamic_segment_level_v,1.6200677569304407,1.4580000000000002,1.7820000000000003,PASS,False
slow_01_to_10,pex_final_precharge,N1.N1.t3,dynamic_segment_level_v,1.6200008620236557,1.4580000000000002,1.7820000000000003,PASS,False
slow_01_to_10,pex_recovery,N2.N2.n1,dynamic_segment_level_v,1.6190796803349057,1.4580000000000002,1.7820000000000003,PASS,False
slow_01_to_10,pex_final_precharge,N2.N2.n1,dynamic_segment_level_v,1.6186881460860467,1.4580000000000002,1.7820000000000003,PASS,False
slow_01_to_10,pex_recovery,N2.N2.t0,dynamic_segment_level_v,1.6190663628830928,1.4580000000000002,1.7820000000000003,PASS,False
slow_01_to_10,pex_final_precharge,N2.N2.t0,dynamic_segment_level_v,1.6186704850033595,1.4580000000000002,1.7820000000000003,PASS,False
slow_01_to_10,pex_recovery,N2.N2.t2,dynamic_segment_level_v,1.6190800210631329,1.4580000000000002,1.7820000000000003,PASS,False
slow_01_to_10,pex_final_precharge,N2.N2.t2,dynamic_segment_level_v,1.6186878641872533,1.4580000000000002,1.7820000000000003,PASS,False
slow_01_to_10,pex_recovery,N2.N2.n0,dynamic_segment_level_v,1.6190796494740947,1.4580000000000002,1.7820000000000003,PASS,False
slow_01_to_10,pex_final_precharge,N2.N2.n0,dynamic_segment_level_v,1.61868815403068,1.4580000000000002,1.7820000000000003,PASS,False
slow_01_to_10,pex_recovery,N2.N2.t1,dynamic_segment_level_v,1.6191313904886886,1.4580000000000002,1.7820000000000003,PASS,False
slow_01_to_10,pex_final_precharge,N2.N2.t1,dynamic_segment_level_v,1.6187618175817167,1.4580000000000002,1.7820000000000003,PASS,False
slow_01_to_10,pex_recovery,N2.N2.t3,dynamic_segment_level_v,1.6190799954724562,1.4580000000000002,1.7820000000000003,PASS,False
slow_01_to_10,pex_final_precharge,N2.N2.t3,dynamic_segment_level_v,1.618687897481406,1.4580000000000002,1.7820000000000003,PASS,False
slow_01_to_10,pex_recovery,N2.N2,dynamic_segment_level_v,1.6190799954724562,1.4580000000000002,1.7820000000000003,PASS,False
slow_01_to_10,pex_final_precharge,N2.N2,dynamic_segment_level_v,1.618687897481406,1.4580000000000002,1.7820000000000003,PASS,False
slow_01_to_10,pex_recovery,N3.N3.t1,dynamic_segment_level_v,1.6191618120752949,1.4580000000000002,1.7820000000000003,PASS,False
slow_01_to_10,pex_final_precharge,N3.N3.t1,dynamic_segment_level_v,1.6199710817089188,1.4580000000000002,1.7820000000000003,PASS,False
slow_01_to_10,pex_recovery,N3.N3.t2,dynamic_segment_level_v,1.619111657343559,1.4580000000000002,1.7820000000000003,PASS,False
slow_01_to_10,pex_final_precharge,N3.N3.t2,dynamic_segment_level_v,1.6199696451375682,1.4580000000000002,1.7820000000000003,PASS,False
slow_01_to_10,pex_recovery,N3.N3.t0,dynamic_segment_level_v,1.6191012172006674,1.4580000000000002,1.7820000000000003,PASS,False
slow_01_to_10,pex_final_precharge,N3.N3.t0,dynamic_segment_level_v,1.6199692562775252,1.4580000000000002,1.7820000000000003,PASS,False
slow_01_to_10,pex_recovery,N3.N3,dynamic_segment_level_v,1.6191117715158427,1.4580000000000002,1.7820000000000003,PASS,False
slow_01_to_10,pex_final_precharge,N3.N3,dynamic_segment_level_v,1.6199696467927263,1.4580000000000002,1.7820000000000003,PASS,False
slow_01_to_10,pex_recovery,N3.N3.n0,dynamic_segment_level_v,1.6191125882984438,1.4580000000000002,1.7820000000000003,PASS,False
slow_01_to_10,pex_final_precharge,N3.N3.n0,dynamic_segment_level_v,1.6199696456542256,1.4580000000000002,1.7820000000000003,PASS,False
slow_01_to_10,pex_recovery,N3.N3.n1,dynamic_segment_level_v,1.6191125626473293,1.4580000000000002,1.7820000000000003,PASS,False
slow_01_to_10,pex_final_precharge,N3.N3.n1,dynamic_segment_level_v,1.619969647363503,1.4580000000000002,1.7820000000000003,PASS,False
slow_01_to_10,pex_recovery,N3.N3.t3,dynamic_segment_level_v,1.6191117715158427,1.4580000000000002,1.7820000000000003,PASS,False
slow_01_to_10,pex_final_precharge,N3.N3.t3,dynamic_segment_level_v,1.6199696467927263,1.4580000000000002,1.7820000000000003,PASS,False
slow_10_to_01,prime,DEC0,upper_excursion_v,0.003921317818937547,,1.7820000000000003,PASS,False
slow_10_to_01,prime,DEC0,lower_excursion_v,3.3757948396081004e-08,-0.16200000000000003,,PASS,False
slow_10_to_01,prime,DEC0,end_level_v,3.3757948396081004e-08,-0.16200000000000003,0.16200000000000003,PASS,False
slow_10_to_01,prime,DEC0,unselected_max_v,0.003921317818937547,,0.16200000000000003,PASS,False
slow_10_to_01,prime,DEC1,upper_excursion_v,0.013137966484823918,,1.7820000000000003,PASS,False
slow_10_to_01,prime,DEC1,lower_excursion_v,4.303877493283538e-08,-0.16200000000000003,,PASS,False
slow_10_to_01,prime,DEC1,end_level_v,4.303877493283538e-08,-0.16200000000000003,0.16200000000000003,PASS,False
slow_10_to_01,prime,DEC1,unselected_max_v,0.013137966484823918,,0.16200000000000003,PASS,False
slow_10_to_01,prime,DEC2,upper_excursion_v,1.6200000133825019,,1.7820000000000003,PASS,False
slow_10_to_01,prime,DEC2,lower_excursion_v,-0.045857510418354584,-0.16200000000000003,,PASS,False
slow_10_to_01,prime,DEC2,end_level_v,1.6199999352998058,1.4580000000000002,1.7820000000000003,PASS,False
slow_10_to_01,prime,DEC2,settled_min_v,1.619981941192239,1.4580000000000002,,PASS,False
slow_10_to_01,prime,DEC3,upper_excursion_v,0.03031501819334111,,1.7820000000000003,PASS,False
slow_10_to_01,prime,DEC3,lower_excursion_v,-8.055084485712749e-05,-0.16200000000000003,,PASS,False
slow_10_to_01,prime,DEC3,end_level_v,-2.122899668034642e-06,-0.16200000000000003,0.16200000000000003,PASS,False
slow_10_to_01,prime,DEC3,unselected_max_v,0.03031501819334111,,0.16200000000000003,PASS,False
slow_10_to_01,prime,WL0,upper_excursion_v,5.643270192082183e-06,,1.7820000000000003,PASS,False
slow_10_to_01,prime,WL0,lower_excursion_v,-8.648007110912945e-06,-0.16200000000000003,,PASS,False
slow_10_to_01,prime,WL0,end_level_v,2.380336422273168e-09,-0.16200000000000003,0.16200000000000003,PASS,False
slow_10_to_01,prime,WL0,unselected_max_v,5.643270192082183e-06,,0.16200000000000003,PASS,False
slow_10_to_01,prime,WL1,upper_excursion_v,9.409447092226838e-06,,1.7820000000000003,PASS,False
slow_10_to_01,prime,WL1,lower_excursion_v,-7.903183212246273e-06,-0.16200000000000003,,PASS,False
slow_10_to_01,prime,WL1,end_level_v,2.380338692156624e-09,-0.16200000000000003,0.16200000000000003,PASS,False
slow_10_to_01,prime,WL1,unselected_max_v,9.409447092226838e-06,,0.16200000000000003,PASS,False
slow_10_to_01,prime,WL2,upper_excursion_v,1.619999989509075,,1.7820000000000003,PASS,False
slow_10_to_01,prime,WL2,lower_excursion_v,-0.02805226109272615,-0.16200000000000003,,PASS,False
slow_10_to_01,prime,WL2,end_level_v,1.619999989509075,1.4580000000000002,1.7820000000000003,PASS,False
slow_10_to_01,prime,WL2,settled_min_v,1.5158761927772737,1.4580000000000002,,PASS,False
slow_10_to_01,prime,WL3,upper_excursion_v,4.496416056091793e-05,,1.7820000000000003,PASS,False
slow_10_to_01,prime,WL3,lower_excursion_v,-6.857729052056509e-05,-0.16200000000000003,,PASS,False
slow_10_to_01,prime,WL3,end_level_v,2.3797591403633225e-09,-0.16200000000000003,0.16200000000000003,PASS,False
slow_10_to_01,prime,WL3,unselected_max_v,4.496416056091793e-05,,0.16200000000000003,PASS,False
slow_10_to_01,test,DEC0,upper_excursion_v,0.01054407587721751,,1.7820000000000003,PASS,False
slow_10_to_01,test,DEC0,lower_excursion_v,-8.54699061214876e-06,-0.16200000000000003,,PASS,False
slow_10_to_01,test,DEC0,end_level_v,-2.185184971014293e-06,-0.16200000000000003,0.16200000000000003,PASS,False
slow_10_to_01,test,DEC0,unselected_max_v,0.01054407587721751,,0.16200000000000003,PASS,False
slow_10_to_01,test,DEC1,upper_excursion_v,1.619999602016469,,1.7820000000000003,PASS,False
slow_10_to_01,test,DEC1,lower_excursion_v,-0.051009549266099505,-0.16200000000000003,,PASS,False
slow_10_to_01,test,DEC1,end_level_v,1.619999602016469,1.4580000000000002,1.7820000000000003,PASS,False
slow_10_to_01,test,DEC1,settled_min_v,1.6199874347637273,1.4580000000000002,,PASS,False
slow_10_to_01,test,DEC2,upper_excursion_v,0.015310174242751984,,1.7820000000000003,PASS,False
slow_10_to_01,test,DEC2,lower_excursion_v,-1.584939982684873e-07,-0.16200000000000003,,PASS,False
slow_10_to_01,test,DEC2,end_level_v,-6.290450453469394e-08,-0.16200000000000003,0.16200000000000003,PASS,False
slow_10_to_01,test,DEC2,unselected_max_v,0.015310174242751984,,0.16200000000000003,PASS,False
slow_10_to_01,test,DEC3,upper_excursion_v,0.030306714142793137,,1.7820000000000003,PASS,False
slow_10_to_01,test,DEC3,lower_excursion_v,-2.010640082789495e-07,-0.16200000000000003,,PASS,False
slow_10_to_01,test,DEC3,end_level_v,-7.82910199087278e-08,-0.16200000000000003,0.16200000000000003,PASS,False
slow_10_to_01,test,DEC3,unselected_max_v,0.030306714142793137,,0.16200000000000003,PASS,False
slow_10_to_01,test,WL0,upper_excursion_v,8.111796340862136e-06,,1.7820000000000003,PASS,False
slow_10_to_01,test,WL0,lower_excursion_v,-8.474938832844142e-06,-0.16200000000000003,,PASS,False
slow_10_to_01,test,WL0,end_level_v,2.3793742259430925e-09,-0.16200000000000003,0.16200000000000003,PASS,False
slow_10_to_01,test,WL0,unselected_max_v,8.111796340862136e-06,,0.16200000000000003,PASS,False
slow_10_to_01,test,WL1,upper_excursion_v,1.61999998950889,,1.7820000000000003,PASS,False
slow_10_to_01,test,WL1,lower_excursion_v,-0.02899839071069305,-0.16200000000000003,,PASS,False
slow_10_to_01,test,WL1,end_level_v,1.61999998950889,1.4580000000000002,1.7820000000000003,PASS,False
slow_10_to_01,test,WL1,settled_min_v,1.533606203473979,1.4580000000000002,,PASS,False
slow_10_to_01,test,WL2,upper_excursion_v,1.1285919578116463e-05,,1.7820000000000003,PASS,False
slow_10_to_01,test,WL2,lower_excursion_v,-1.6796267021959634e-05,-0.16200000000000003,,PASS,False
slow_10_to_01,test,WL2,end_level_v,2.3802984178698566e-09,-0.16200000000000003,0.16200000000000003,PASS,False
slow_10_to_01,test,WL2,unselected_max_v,1.1285919578116463e-05,,0.16200000000000003,PASS,False
slow_10_to_01,test,WL3,upper_excursion_v,4.496645721140891e-05,,1.7820000000000003,PASS,False
slow_10_to_01,test,WL3,lower_excursion_v,-6.912533276230248e-05,-0.16200000000000003,,PASS,False
slow_10_to_01,test,WL3,end_level_v,2.3802913377609793e-09,-0.16200000000000003,0.16200000000000003,PASS,False
slow_10_to_01,test,WL3,unselected_max_v,4.496645721140891e-05,,0.16200000000000003,PASS,False
slow_10_to_01,recovery,DEC0,end_level_v,7.631080503217226e-06,-0.16200000000000003,0.16200000000000003,PASS,False
slow_10_to_01,recovery,DEC0,settled_max_v,0.0009243967897620354,,0.16200000000000003,PASS,False
slow_10_to_01,recovery,DEC1,end_level_v,7.143860379824945e-06,-0.16200000000000003,0.16200000000000003,PASS,False
slow_10_to_01,recovery,DEC1,settled_max_v,0.0008570043145856021,,0.16200000000000003,PASS,False
slow_10_to_01,recovery,DEC2,end_level_v,4.499269531657281e-06,-0.16200000000000003,0.16200000000000003,PASS,False
slow_10_to_01,recovery,DEC2,settled_max_v,0.0007943846520169468,,0.16200000000000003,PASS,False
slow_10_to_01,recovery,DEC3,end_level_v,4.0539459259660156e-06,-0.16200000000000003,0.16200000000000003,PASS,False
slow_10_to_01,recovery,DEC3,settled_max_v,0.0007413625952184108,,0.16200000000000003,PASS,False
slow_10_to_01,recovery,WL0,end_level_v,2.5825720684443707e-09,-0.16200000000000003,0.16200000000000003,PASS,False
slow_10_to_01,recovery,WL0,settled_max_v,7.19367768729133e-07,,0.16200000000000003,PASS,False
slow_10_to_01,recovery,WL1,end_level_v,2.4061016112156173e-09,-0.16200000000000003,0.16200000000000003,PASS,False
slow_10_to_01,recovery,WL1,settled_max_v,4.201481261118815e-07,,0.16200000000000003,PASS,False
slow_10_to_01,recovery,WL2,end_level_v,2.4972747275728025e-09,-0.16200000000000003,0.16200000000000003,PASS,False
slow_10_to_01,recovery,WL2,settled_max_v,0.0029854218205914913,,0.16200000000000003,PASS,False
slow_10_to_01,recovery,WL3,end_level_v,2.5037707495671225e-09,-0.16200000000000003,0.16200000000000003,PASS,False
slow_10_to_01,recovery,WL3,settled_max_v,4.102551864989038e-06,,0.16200000000000003,PASS,False
slow_10_to_01,recovery,N0,end_level_v,1.6185937661645153,1.4580000000000002,1.7820000000000003,PASS,False
slow_10_to_01,recovery,N1,end_level_v,1.6180961768512274,1.4580000000000002,1.7820000000000003,PASS,False
slow_10_to_01,recovery,N2,end_level_v,1.6200022463996044,1.4580000000000002,1.7820000000000003,PASS,False
slow_10_to_01,recovery,N3,end_level_v,1.619956078677172,1.4580000000000002,1.7820000000000003,PASS,False
slow_10_to_01,final_precharge,DEC0,settled_max_v,1.963647366845752e-05,,0.16200000000000003,PASS,False
slow_10_to_01,final_precharge,DEC0,settled_min_v,1.6392283052336644e-06,-0.16200000000000003,,PASS,False
slow_10_to_01,final_precharge,DEC1,settled_max_v,0.000309204947528159,,0.16200000000000003,PASS,False
slow_10_to_01,final_precharge,DEC1,settled_min_v,2.3715852578154497e-06,-0.16200000000000003,,PASS,False
slow_10_to_01,final_precharge,DEC2,settled_max_v,4.048734222675423e-05,,0.16200000000000003,PASS,False
slow_10_to_01,final_precharge,DEC2,settled_min_v,2.1426282176840433e-06,-0.16200000000000003,,PASS,False
slow_10_to_01,final_precharge,DEC3,settled_max_v,4.497570898409717e-05,,0.16200000000000003,PASS,False
slow_10_to_01,final_precharge,DEC3,settled_min_v,2.0266479093029403e-06,-0.16200000000000003,,PASS,False
slow_10_to_01,final_precharge,WL0,settled_max_v,4.8530502718022666e-09,,0.16200000000000003,PASS,False
slow_10_to_01,final_precharge,WL0,settled_min_v,-4.257837607114521e-09,-0.16200000000000003,,PASS,False
slow_10_to_01,final_precharge,WL1,settled_max_v,0.0018309328721771885,,0.16200000000000003,PASS,False
slow_10_to_01,final_precharge,WL1,settled_min_v,2.38214163845201e-09,-0.16200000000000003,,PASS,False
slow_10_to_01,final_precharge,WL2,settled_max_v,7.381726329826226e-09,,0.16200000000000003,PASS,False
slow_10_to_01,final_precharge,WL2,settled_min_v,-1.2915260425116377e-08,-0.16200000000000003,,PASS,False
slow_10_to_01,final_precharge,WL3,settled_max_v,2.524601806442622e-08,,0.16200000000000003,PASS,False
slow_10_to_01,final_precharge,WL3,settled_min_v,2.3814716285563466e-09,-0.16200000000000003,,PASS,False
slow_10_to_01,final_precharge,N0,end_level_v,1.6199626538967842,1.4580000000000002,1.7820000000000003,PASS,False
slow_10_to_01,final_precharge,N1,end_level_v,1.6186673919133732,1.4580000000000002,1.7820000000000003,PASS,False
slow_10_to_01,final_precharge,N2,end_level_v,1.6200009401141662,1.4580000000000002,1.7820000000000003,PASS,False
slow_10_to_01,final_precharge,N3,end_level_v,1.6200046997436004,1.4580000000000002,1.7820000000000003,PASS,False
slow_10_to_01,pex_recovery,N0.N0.t1,dynamic_segment_level_v,1.6186737317140367,1.4580000000000002,1.7820000000000003,PASS,False
slow_10_to_01,pex_final_precharge,N0.N0.t1,dynamic_segment_level_v,1.6199646603520055,1.4580000000000002,1.7820000000000003,PASS,False
slow_10_to_01,pex_recovery,N0.N0.n1,dynamic_segment_level_v,1.6185951833943426,1.4580000000000002,1.7820000000000003,PASS,False
slow_10_to_01,pex_final_precharge,N0.N0.n1,dynamic_segment_level_v,1.6199626550789916,1.4580000000000002,1.7820000000000003,PASS,False
slow_10_to_01,pex_recovery,N0.N0.t0,dynamic_segment_level_v,1.6185774126251158,1.4580000000000002,1.7820000000000003,PASS,False
slow_10_to_01,pex_final_precharge,N0.N0.t0,dynamic_segment_level_v,1.6199621341043366,1.4580000000000002,1.7820000000000003,PASS,False
slow_10_to_01,pex_recovery,N0.N0.n0,dynamic_segment_level_v,1.6185952173960299,1.4580000000000002,1.7820000000000003,PASS,False
slow_10_to_01,pex_final_precharge,N0.N0.n0,dynamic_segment_level_v,1.6199626532945028,1.4580000000000002,1.7820000000000003,PASS,False
slow_10_to_01,pex_recovery,N0.N0,dynamic_segment_level_v,1.6185937661645153,1.4580000000000002,1.7820000000000003,PASS,False
slow_10_to_01,pex_final_precharge,N0.N0,dynamic_segment_level_v,1.6199626538967842,1.4580000000000002,1.7820000000000003,PASS,False
slow_10_to_01,pex_recovery,N0.N0.t2,dynamic_segment_level_v,1.618593573999875,1.4580000000000002,1.7820000000000003,PASS,False
slow_10_to_01,pex_final_precharge,N0.N0.t2,dynamic_segment_level_v,1.6199626526060888,1.4580000000000002,1.7820000000000003,PASS,False
slow_10_to_01,pex_recovery,N0.N0.t3,dynamic_segment_level_v,1.6185937661645153,1.4580000000000002,1.7820000000000003,PASS,False
slow_10_to_01,pex_final_precharge,N0.N0.t3,dynamic_segment_level_v,1.6199626538967842,1.4580000000000002,1.7820000000000003,PASS,False
slow_10_to_01,pex_recovery,N1.N1.t2,dynamic_segment_level_v,1.6180959992838861,1.4580000000000002,1.7820000000000003,PASS,False
slow_10_to_01,pex_final_precharge,N1.N1.t2,dynamic_segment_level_v,1.6186673588419593,1.4580000000000002,1.7820000000000003,PASS,False
slow_10_to_01,pex_recovery,N1.N1.t1,dynamic_segment_level_v,1.6182039872682217,1.4580000000000002,1.7820000000000003,PASS,False
slow_10_to_01,pex_final_precharge,N1.N1.t1,dynamic_segment_level_v,1.6187426686043072,1.4580000000000002,1.7820000000000003,PASS,False
slow_10_to_01,pex_recovery,N1.N1,dynamic_segment_level_v,1.6180961768512274,1.4580000000000002,1.7820000000000003,PASS,False
slow_10_to_01,pex_final_precharge,N1.N1,dynamic_segment_level_v,1.6186673919133732,1.4580000000000002,1.7820000000000003,PASS,False
slow_10_to_01,pex_recovery,N1.N1.n0,dynamic_segment_level_v,1.618097520478487,1.4580000000000002,1.7820000000000003,PASS,False
slow_10_to_01,pex_final_precharge,N1.N1.n0,dynamic_segment_level_v,1.618667654743211,1.4580000000000002,1.7820000000000003,PASS,False
slow_10_to_01,pex_recovery,N1.N1.t0,dynamic_segment_level_v,1.6180729700829315,1.4580000000000002,1.7820000000000003,PASS,False
slow_10_to_01,pex_final_precharge,N1.N1.t0,dynamic_segment_level_v,1.618649802748704,1.4580000000000002,1.7820000000000003,PASS,False
slow_10_to_01,pex_recovery,N1.N1.n1,dynamic_segment_level_v,1.6180974789644518,1.4580000000000002,1.7820000000000003,PASS,False
slow_10_to_01,pex_final_precharge,N1.N1.n1,dynamic_segment_level_v,1.6186676463605065,1.4580000000000002,1.7820000000000003,PASS,False
slow_10_to_01,pex_recovery,N1.N1.t3,dynamic_segment_level_v,1.6180961768512274,1.4580000000000002,1.7820000000000003,PASS,False
slow_10_to_01,pex_final_precharge,N1.N1.t3,dynamic_segment_level_v,1.6186673919133732,1.4580000000000002,1.7820000000000003,PASS,False
slow_10_to_01,pex_recovery,N2.N2.n1,dynamic_segment_level_v,1.6200022454465337,1.4580000000000002,1.7820000000000003,PASS,False
slow_10_to_01,pex_final_precharge,N2.N2.n1,dynamic_segment_level_v,1.6200009390063186,1.4580000000000002,1.7820000000000003,PASS,False
slow_10_to_01,pex_recovery,N2.N2.t0,dynamic_segment_level_v,1.6200022376488323,1.4580000000000002,1.7820000000000003,PASS,False
slow_10_to_01,pex_final_precharge,N2.N2.t0,dynamic_segment_level_v,1.6200009363877113,1.4580000000000002,1.7820000000000003,PASS,False
slow_10_to_01,pex_recovery,N2.N2.t2,dynamic_segment_level_v,1.6200022336510937,1.4580000000000002,1.7820000000000003,PASS,False
slow_10_to_01,pex_final_precharge,N2.N2.t2,dynamic_segment_level_v,1.6200009388154848,1.4580000000000002,1.7820000000000003,PASS,False
slow_10_to_01,pex_recovery,N2.N2.n0,dynamic_segment_level_v,1.6200022396461056,1.4580000000000002,1.7820000000000003,PASS,False
slow_10_to_01,pex_final_precharge,N2.N2.n0,dynamic_segment_level_v,1.6200009365037131,1.4580000000000002,1.7820000000000003,PASS,False
slow_10_to_01,pex_recovery,N2.N2.t1,dynamic_segment_level_v,1.6200017161493598,1.4580000000000002,1.7820000000000003,PASS,False
slow_10_to_01,pex_final_precharge,N2.N2.t1,dynamic_segment_level_v,1.6200007060715216,1.4580000000000002,1.7820000000000003,PASS,False
slow_10_to_01,pex_recovery,N2.N2.t3,dynamic_segment_level_v,1.6200022463996044,1.4580000000000002,1.7820000000000003,PASS,False
slow_10_to_01,pex_final_precharge,N2.N2.t3,dynamic_segment_level_v,1.6200009401141662,1.4580000000000002,1.7820000000000003,PASS,False
slow_10_to_01,pex_recovery,N2.N2,dynamic_segment_level_v,1.6200022463996044,1.4580000000000002,1.7820000000000003,PASS,False
slow_10_to_01,pex_final_precharge,N2.N2,dynamic_segment_level_v,1.6200009401141662,1.4580000000000002,1.7820000000000003,PASS,False
slow_10_to_01,pex_recovery,N3.N3.t1,dynamic_segment_level_v,1.6199581963861516,1.4580000000000002,1.7820000000000003,PASS,False
slow_10_to_01,pex_final_precharge,N3.N3.t1,dynamic_segment_level_v,1.620004251327813,1.4580000000000002,1.7820000000000003,PASS,False
slow_10_to_01,pex_recovery,N3.N3.t2,dynamic_segment_level_v,1.6199560670574804,1.4580000000000002,1.7820000000000003,PASS,False
slow_10_to_01,pex_final_precharge,N3.N3.t2,dynamic_segment_level_v,1.6200046981263603,1.4580000000000002,1.7820000000000003,PASS,False
slow_10_to_01,pex_recovery,N3.N3.t0,dynamic_segment_level_v,1.6199561290626656,1.4580000000000002,1.7820000000000003,PASS,False
slow_10_to_01,pex_final_precharge,N3.N3.t0,dynamic_segment_level_v,1.6200046926550715,1.4580000000000002,1.7820000000000003,PASS,False
slow_10_to_01,pex_recovery,N3.N3,dynamic_segment_level_v,1.619956078677172,1.4580000000000002,1.7820000000000003,PASS,False
slow_10_to_01,pex_final_precharge,N3.N3,dynamic_segment_level_v,1.6200046997436004,1.4580000000000002,1.7820000000000003,PASS,False
slow_10_to_01,pex_recovery,N3.N3.n0,dynamic_segment_level_v,1.6199561337539679,1.4580000000000002,1.7820000000000003,PASS,False
slow_10_to_01,pex_final_precharge,N3.N3.n0,dynamic_segment_level_v,1.620004692722486,1.4580000000000002,1.7820000000000003,PASS,False
slow_10_to_01,pex_recovery,N3.N3.n1,dynamic_segment_level_v,1.6199561117370218,1.4580000000000002,1.7820000000000003,PASS,False
slow_10_to_01,pex_final_precharge,N3.N3.n1,dynamic_segment_level_v,1.6200046975136928,1.4580000000000002,1.7820000000000003,PASS,False
slow_10_to_01,pex_recovery,N3.N3.t3,dynamic_segment_level_v,1.619956078677172,1.4580000000000002,1.7820000000000003,PASS,False
slow_10_to_01,pex_final_precharge,N3.N3.t3,dynamic_segment_level_v,1.6200046997436004,1.4580000000000002,1.7820000000000003,PASS,False
