case,device,voltage,min_v,max_v,min_time_ns,max_time_ns
tt_00_to_00,x1.m1,VGS,-1.8,-1.8,5e-05,5e-05
tt_00_to_00,x1.m1,VGD,-2.071152864483179,-0.4021402957224047,25.107499999999987,5e-05
tt_00_to_00,x1.m1,VDS,-1.3978597042775953,0.2711528644831789,5e-05,25.107499999999987
tt_00_to_00,x1.m1,VBS,0.0,0.0,5e-05,5e-05
tt_00_to_00,x1.m2,VGS,0.0,0.0,5e-05,5e-05
tt_00_to_00,x1.m2,VGD,-2.071152864483179,-0.4021402957224047,25.107499999999987,5e-05
tt_00_to_00,x1.m2,VDS,0.4021402957224047,2.071152864483179,5e-05,25.107499999999987
tt_00_to_00,x1.m2,VBS,0.0,0.0,5e-05,5e-05
tt_00_to_00,x1.m3,VGS,-1.8,-1.8,5e-05,5e-05
tt_00_to_00,x1.m3,VGD,-1.9662847782555732,-0.47559274059427753,25.10249999999999,5e-05
tt_00_to_00,x1.m3,VDS,-1.3244072594057226,0.1662847782555732,5e-05,25.10249999999999
tt_00_to_00,x1.m3,VBS,0.0,0.0,5e-05,5e-05
tt_00_to_00,x1.m4,VGS,0.0,0.0,5e-05,5e-05
tt_00_to_00,x1.m4,VGD,-1.9662847782555732,-0.47559274059427753,25.10249999999999,5e-05
tt_00_to_00,x1.m4,VDS,0.47559274059427753,1.9662847782555732,5e-05,25.10249999999999
tt_00_to_00,x1.m4,VBS,0.0,0.0,5e-05,5e-05
tt_00_to_00,x1.m5,VGS,-1.8,0.0,5e-05,5.025
tt_00_to_00,x1.m5,VGD,-1.7999019461163623,1.7999993687463463,19.974999999999998,7.1374999999999496
tt_00_to_00,x1.m5,VDS,-1.8269955346403355,0.15546007643570547,24.997500000000002,20.022499999999994
tt_00_to_00,x1.m5,VBS,0.0,0.0,5e-05,5e-05
tt_00_to_00,x1.m6,VGS,0.25293406987726225,1.8182817648039356,5e-05,10.002500000000005
tt_00_to_00,x1.m6,VGD,-0.666913741572335,1.8173364894716,0.05259153568501741,9.997500000000004
tt_00_to_00,x1.m6,VDS,-0.0016499209236395251,1.3747131286305843,24.992500000000003,0.05759153568501742
tt_00_to_00,x1.m6,VBS,-1.1757721756408919,0.028487865189086706,20.007499999999997,25.0025
tt_00_to_00,x1.m7,VGS,0.2902406537797974,1.8226247232830182,5e-05,25.0075
tt_00_to_00,x1.m7,VGD,0.1794816250053894,1.8146710004852635,5e-05,25.0025
tt_00_to_00,x1.m7,VDS,1.8576168911432767e-07,0.4420788228241832,7.052499999999952,20.022499999999994
tt_00_to_00,x1.m7,VBS,-1.1700780510205842,0.03593851541292448,19.9975,25.0075
tt_00_to_00,x1.m8,VGS,0.0,1.8,5e-05,5.025
tt_00_to_00,x1.m8,VGD,-1.1268945974846174,1.7999997458248538,19.974999999999998,7.197499999999948
tt_00_to_00,x1.m8,VDS,-0.03593851541292448,1.1700780510205842,25.0075,19.9975
tt_00_to_00,x1.m8,VBS,0.0,0.0,5e-05,5e-05
tt_00_to_00,x1.m9,VGS,-1.8269955346403355,0.15546007643570547,24.997500000000002,20.022499999999994
tt_00_to_00,x1.m9,VGD,-1.823393763369888,1.9545227589913563,24.997500000000002,20.025000000000002
tt_00_to_00,x1.m9,VDS,-1.848862404137528,0.06415574030274618,5.0625,25.062499999999996
tt_00_to_00,x1.m9,VBS,0.0,0.0,5e-05,5e-05
tt_00_to_00,x1.m10,VGS,-0.026995534640335495,1.9554600764357055,24.997500000000002,20.022499999999994
tt_00_to_00,x1.m10,VGD,-1.823393763369888,1.9545227589913563,24.997500000000002,20.025000000000002
tt_00_to_00,x1.m10,VDS,-0.04886240413752795,1.8641557403027462,5.0625,25.062499999999996
tt_00_to_00,x1.m10,VBS,0.0,0.0,5e-05,5e-05
tt_00_to_00,x1.m11,VGS,-1.8,0.0,5e-05,5.025
tt_00_to_00,x1.m11,VGD,-1.8004748097129402,-0.14293563877099635,25.09249999999999,5.107499999999999
tt_00_to_00,x1.m11,VDS,-0.9609413631963373,0.15499823873362217,5e-05,20.702499999999876
tt_00_to_00,x1.m11,VBS,0.0,0.0,5e-05,5e-05
tt_00_to_00,x1.m12,VGS,0.31969771668667407,0.8001549111847492,5e-05,0.09759153568501738
tt_00_to_00,x1.m12,VGD,-0.6664115114270599,0.1660285666672281,0.05259153568501741,10.102500000000008
tt_00_to_00,x1.m12,VDS,0.48675599421362725,1.4064092042418614,25.0255,0.06259153568501741
tt_00_to_00,x1.m12,VBS,-1.300000147110924,-0.11738351871052832,25.10249999999999,0.00013543347587136132
tt_00_to_00,x1.m13,VGS,-1.1694694346159082,0.6121131593757796,19.9975,0.037591535685017406
tt_00_to_00,x1.m13,VGD,-1.2973007204740579,0.5406049978632994,25.112499999999986,0.037591535685017406
tt_00_to_00,x1.m13,VDS,0.03473534263216008,1.2935491742818845,0.0004437021296191454,25.0075
tt_00_to_00,x1.m13,VBS,-1.1700780510205842,0.03593851541292448,19.9975,25.0075
tt_00_to_00,x1.m14,VGS,-0.9609413631963373,0.15499823873362217,5e-05,20.702499999999876
tt_00_to_00,x1.m14,VGD,-0.05976896442640944,1.9549982166653663,0.0007377058523710929,20.702499999999876
tt_00_to_00,x1.m14,VDS,-1.8052196606608995,-0.8800573387901961,25.0075,0.0007377058523710929
tt_00_to_00,x1.m14,VBS,0.0,0.0,5e-05,5e-05
tt_00_to_00,x1.m15,VGS,0.8390586368036628,1.9549982387336222,5e-05,20.702499999999876
tt_00_to_00,x1.m15,VGD,-0.05976896442640944,1.9549982166653663,0.0007377058523710929,20.702499999999876
tt_00_to_00,x1.m15,VDS,-0.005219660660899333,0.919942661209804,25.0075,0.0007377058523710929
tt_00_to_00,x1.m15,VBS,0.0,0.0,5e-05,5e-05
tt_00_to_00,x1.m16,VGS,-1.8,0.0,5e-05,5.025
tt_00_to_00,x1.m16,VGD,-1.80000315228424,-0.15469562082443655,25.272499999999958,20.028500000000005
tt_00_to_00,x1.m16,VDS,-0.9773765735720195,0.15575406205416886,5e-05,20.202499999999972
tt_00_to_00,x1.m16,VBS,0.0,0.0,5e-05,5e-05
tt_00_to_00,x1.m17,VGS,-1.1198305905017474,0.5504019274811809,19.974999999999998,0.022591535685017403
tt_00_to_00,x1.m17,VGD,-1.9690900188134128,-0.410421080643333,20.028500000000005,0.0007377058523710929
tt_00_to_00,x1.m17,VDS,0.6576034411942209,1.957108015648877,5e-05,24.982500000000005
tt_00_to_00,x1.m17,VBS,-1.1201906884422654,0.03493801876578991,19.9925,25.0075
tt_00_to_00,x1.m18,VGS,0.2902406537797974,1.8226247232830182,5e-05,25.0075
tt_00_to_00,x1.m18,VGD,0.23712031048864493,1.8227450119124828,5e-05,25.0125
tt_00_to_00,x1.m18,VDS,-0.04989467826637339,0.3656029029232266,19.9975,20.022499999999994
tt_00_to_00,x1.m18,VBS,-1.1700780510205842,0.03593851541292448,19.9975,25.0075
tt_00_to_00,x1.m19,VGS,-0.9773765735720195,0.15575406205416886,5e-05,20.202499999999972
tt_00_to_00,x1.m19,VGD,-0.06634022555039154,1.955754013612639,0.0007377058523710929,20.20749999999997
tt_00_to_00,x1.m19,VDS,-1.805284139129227,-0.8847008399838906,10.007500000000006,0.0007377058523710929
tt_00_to_00,x1.m19,VBS,0.0,0.0,5e-05,5e-05
tt_00_to_00,x1.m20,VGS,0.8226234264279806,1.955754062054169,5e-05,20.202499999999972
tt_00_to_00,x1.m20,VGD,-0.06634022555039154,1.955754013612639,0.0007377058523710929,20.20749999999997
tt_00_to_00,x1.m20,VDS,-0.005284139129226877,0.9152991600161094,10.007500000000006,0.0007377058523710929
tt_00_to_00,x1.m20,VBS,0.0,0.0,5e-05,5e-05
tt_00_to_00,x1.m21,VGS,-1.8,0.0,5e-05,5.025
tt_00_to_00,x1.m21,VGD,-1.8000031969526902,-0.15471691133826537,25.272499999999958,20.028500000000005
tt_00_to_00,x1.m21,VDS,-0.9774721872537904,0.1556386926959381,5e-05,20.187499999999975
tt_00_to_00,x1.m21,VBS,0.0,0.0,5e-05,5e-05
tt_00_to_00,x1.m22,VGS,-0.0270003172846537,0.5466998519946951,0.0775915356850174,0.022591535685017403
tt_00_to_00,x1.m22,VGD,-1.9691113093272417,-0.410673675187545,20.028500000000005,0.0007377058523710929
tt_00_to_00,x1.m22,VDS,0.7244857277437388,1.959175843530768,5e-05,20.025500000000005
tt_00_to_00,x1.m22,VBS,-0.2460648169801451,0.004319954117897085,0.03259153568501741,20.026500000000006
tt_00_to_00,x1.m23,VGS,-1.1694694346159082,0.6121131593757796,19.9975,0.037591535685017406
tt_00_to_00,x1.m23,VGD,-0.022727283347150462,0.6084450592178254,20.017499999999995,0.047591535685017415
tt_00_to_00,x1.m23,VDS,-1.1690224213793208,0.046359473831608544,19.9975,0.022591535685017403
tt_00_to_00,x1.m23,VBS,-1.1700780510205842,0.03593851541292448,19.9975,25.0075
tt_00_to_00,x1.m24,VGS,-0.9774721872537904,0.1556386926959381,5e-05,20.187499999999975
tt_00_to_00,x1.m24,VGD,-0.06619285290101351,1.9556386799601264,0.0007377058523710929,20.187499999999975
tt_00_to_00,x1.m24,VDS,-1.805282707709329,-0.8845956180890566,10.007500000000006,0.0007377058523710929
tt_00_to_00,x1.m24,VBS,0.0,0.0,5e-05,5e-05
tt_00_to_00,x1.m25,VGS,0.8225278127462097,1.9556386926959382,5e-05,20.187499999999975
tt_00_to_00,x1.m25,VGD,-0.06619285290101351,1.9556386799601264,0.0007377058523710929,20.187499999999975
tt_00_to_00,x1.m25,VDS,-0.005282707709328936,0.9154043819109434,10.007500000000006,0.0007377058523710929
tt_00_to_00,x1.m25,VBS,0.0,0.0,5e-05,5e-05
tt_00_to_00,x1.m26,VGS,-1.3978597042775953,0.2711528644831789,5e-05,25.107499999999987
tt_00_to_00,x1.m26,VGD,-0.034539283845653745,2.068835143573643,0.027591535685017404,25.112499999999986
tt_00_to_00,x1.m26,VDS,-1.8262475053977096,-0.9630438102111474,20.022499999999994,0.04259153568501741
tt_00_to_00,x1.m26,VBS,0.0,0.0,5e-05,5e-05
tt_00_to_00,x1.m27,VGS,0.4021402957224047,2.071152864483179,5e-05,25.107499999999987
tt_00_to_00,x1.m27,VGD,-0.034539283845653745,2.068835143573643,0.027591535685017404,25.112499999999986
tt_00_to_00,x1.m27,VDS,-0.026247505397709498,0.8369561897888527,20.022499999999994,0.04259153568501741
tt_00_to_00,x1.m27,VBS,0.0,0.0,5e-05,5e-05
tt_00_to_00,x1.m28,VGS,-1.3244072594057226,0.1662847782555732,5e-05,25.10249999999999
tt_00_to_00,x1.m28,VGD,0.04862822823925228,1.9646415469897032,0.017591535685017406,25.10249999999999
tt_00_to_00,x1.m28,VDS,-1.8143943979889763,-1.0166683967815884,20.028500000000005,0.027591535685017404
tt_00_to_00,x1.m28,VBS,0.0,0.0,5e-05,5e-05
tt_00_to_00,x1.m29,VGS,0.47559274059427753,1.9662847782555732,5e-05,25.10249999999999
tt_00_to_00,x1.m29,VGD,0.04862822823925228,1.9646415469897032,0.017591535685017406,25.10249999999999
tt_00_to_00,x1.m29,VDS,-0.014394397988976293,0.7833316032184117,20.028500000000005,0.027591535685017404
tt_00_to_00,x1.m29,VBS,0.0,0.0,5e-05,5e-05
tt_00_to_00,x2.mp1,VGS,-1.848862404137528,0.06415574030274618,5.0625,25.062499999999996
tt_00_to_00,x2.mp1,VGD,-1.8449351570665455,1.8636632539919915,5.0625,25.062499999999996
tt_00_to_00,x2.mp1,VDS,-1.8817560937167535,0.09538625903027742,10.107500000000009,5.092499999999999
tt_00_to_00,x2.mp1,VBS,0.0,0.0,5e-05,5e-05
tt_00_to_00,x2.mn1,VGS,-0.04886240413752795,1.8641557403027462,5.0625,25.062499999999996
tt_00_to_00,x2.mn1,VGD,-1.8449351570665455,1.8636632539919915,5.0625,25.062499999999996
tt_00_to_00,x2.mn1,VDS,-0.08175609371675333,1.8953862590302775,10.107500000000009,5.092499999999999
tt_00_to_00,x2.mn1,VBS,0.0,0.0,5e-05,5e-05
tt_00_to_00,x2.mp2,VGS,-1.8817560937167535,0.09538625903027742,10.107500000000009,5.092499999999999
tt_00_to_00,x2.mp2,VGD,-1.878844486206074,1.8929001212717005,10.107500000000009,5.092499999999999
tt_00_to_00,x2.mp2,VDS,-1.8323417990105144,0.028253693358588405,20.127499999999987,25.15249999999998
tt_00_to_00,x2.mp2,VBS,0.0,0.0,5e-05,5e-05
tt_00_to_00,x2.mn2,VGS,-0.08175609371675333,1.8953862590302775,10.107500000000009,5.092499999999999
tt_00_to_00,x2.mn2,VGD,-1.878844486206074,1.8929001212717005,10.107500000000009,5.092499999999999
tt_00_to_00,x2.mn2,VDS,-0.032341799010514385,1.8282536933585884,20.127499999999987,25.15249999999998
tt_00_to_00,x2.mn2,VBS,0.0,0.0,5e-05,5e-05
tt_00_to_00,x3.mp1,VGS,-1.8052196606608995,-0.8800573387901961,25.0075,0.0007377058523710929
tt_00_to_00,x3.mp1,VGD,-1.8047483185880788,0.12922555850719974,25.0075,0.0004437021296191454
tt_00_to_00,x3.mp1,VDS,-1.0471601128249581,0.0006556907221442199,0.0002085931326562446,10.032499999999999
tt_00_to_00,x3.mp1,VBS,0.0,0.0,5e-05,5e-05
tt_00_to_00,x3.mn1,VGS,-0.005219660660899333,0.919942661209804,25.0075,0.0007377058523710929
tt_00_to_00,x3.mn1,VGD,-1.8047483185880788,0.12922555850719974,25.0075,0.0004437021296191454
tt_00_to_00,x3.mn1,VDS,0.7528398871750418,1.8006556907221443,0.0002085931326562446,10.032499999999999
tt_00_to_00,x3.mn1,VBS,0.0,0.0,5e-05,5e-05
tt_00_to_00,x3.mp2,VGS,-1.0471601128249581,0.0006556907221442199,0.0002085931326562446,10.032499999999999
tt_00_to_00,x3.mp2,VGD,0.7220238678149238,1.8006292193795905,0.00029132042509954955,10.032499999999999
tt_00_to_00,x3.mp2,VDS,-1.8000100252598448,-1.723394801229819,25.0025,0.03259153568501741
tt_00_to_00,x3.mp2,VBS,0.0,0.0,5e-05,5e-05
tt_00_to_00,x3.mn2,VGS,0.7528398871750418,1.8006556907221443,0.0002085931326562446,10.032499999999999
tt_00_to_00,x3.mn2,VGD,0.7220238678149238,1.8006292193795905,0.00029132042509954955,10.032499999999999
tt_00_to_00,x3.mn2,VDS,-1.0025259844739384e-05,0.07660519877018107,25.0025,0.03259153568501741
tt_00_to_00,x3.mn2,VBS,0.0,0.0,5e-05,5e-05
tt_00_to_00,x4.mp1,VGS,-1.805282707709329,-0.8845956180890566,10.007500000000006,0.0007377058523710929
tt_00_to_00,x4.mp1,VGD,-1.8048039118923314,0.12499972246346491,10.007500000000006,0.0004437021296191454
tt_00_to_00,x4.mp1,VDS,-1.0475949779093354,0.0006489649747627446,0.0002085931326562446,10.032499999999999
tt_00_to_00,x4.mp1,VBS,0.0,0.0,5e-05,5e-05
tt_00_to_00,x4.mn1,VGS,-0.005282707709328936,0.9154043819109434,10.007500000000006,0.0007377058523710929
tt_00_to_00,x4.mn1,VGD,-1.8048039118923314,0.12499972246346491,10.007500000000006,0.0004437021296191454
tt_00_to_00,x4.mn1,VDS,0.7524050220906647,1.8006489649747628,0.0002085931326562446,10.032499999999999
tt_00_to_00,x4.mn1,VBS,0.0,0.0,5e-05,5e-05
tt_00_to_00,x4.mp2,VGS,-1.0475949779093354,0.0006489649747627446,0.0002085931326562446,10.032499999999999
tt_00_to_00,x4.mp2,VGD,0.7215492654387997,1.8006222214893255,0.00029132042509954955,10.032499999999999
tt_00_to_00,x4.mp2,VDS,-1.800010141239441,-1.7230631870470332,10.002500000000005,0.03259153568501741
tt_00_to_00,x4.mp2,VBS,0.0,0.0,5e-05,5e-05
tt_00_to_00,x4.mn2,VGS,0.7524050220906647,1.8006489649747628,0.0002085931326562446,10.032499999999999
tt_00_to_00,x4.mn2,VGD,0.7215492654387997,1.8006222214893255,0.00029132042509954955,10.032499999999999
tt_00_to_00,x4.mn2,VDS,-1.014123944096125e-05,0.07693681295296675,10.002500000000005,0.03259153568501741
tt_00_to_00,x4.mn2,VBS,0.0,0.0,5e-05,5e-05
tt_00_to_00,x5.mp1,VGS,-1.805284139129227,-0.8847008399838906,10.007500000000006,0.0007377058523710929
tt_00_to_00,x5.mp1,VGD,-1.8048051595466887,0.12491004065571909,10.007500000000006,0.0004437021296191454
tt_00_to_00,x5.mp1,VDS,-1.047594208238553,0.000648754984835298,0.0002085931326562446,10.032499999999999
tt_00_to_00,x5.mp1,VBS,0.0,0.0,5e-05,5e-05
tt_00_to_00,x5.mn1,VGS,-0.005284139129226877,0.9152991600161094,10.007500000000006,0.0007377058523710929
tt_00_to_00,x5.mn1,VGD,-1.8048051595466887,0.12491004065571909,10.007500000000006,0.0004437021296191454
tt_00_to_00,x5.mn1,VDS,0.7524057917614471,1.8006487549848353,0.0002085931326562446,10.032499999999999
tt_00_to_00,x5.mn1,VBS,0.0,0.0,5e-05,5e-05
tt_00_to_00,x5.mp2,VGS,-1.047594208238553,0.000648754984835298,0.0002085931326562446,10.032499999999999
tt_00_to_00,x5.mp2,VGD,0.721547239970968,1.8006220081097688,0.00029132042509954955,10.032499999999999
tt_00_to_00,x5.mp2,VDS,-1.8000101439592064,-1.7230546255912058,10.002500000000005,0.03259153568501741
tt_00_to_00,x5.mp2,VBS,0.0,0.0,5e-05,5e-05
tt_00_to_00,x5.mn2,VGS,0.7524057917614471,1.8006487549848353,0.0002085931326562446,10.032499999999999
tt_00_to_00,x5.mn2,VGD,0.721547239970968,1.8006220081097688,0.00029132042509954955,10.032499999999999
tt_00_to_00,x5.mn2,VDS,-1.0143959206408833e-05,0.0769453744087942,10.002500000000005,0.03259153568501741
tt_00_to_00,x5.mn2,VBS,0.0,0.0,5e-05,5e-05
tt_00_to_01,x1.m1,VGS,-1.8,0.0,5e-05,18.000000000000004
tt_00_to_01,x1.m1,VGD,-2.0711357067114315,1.8655131865040062,10.107500000000009,20.026500000000006
tt_00_to_01,x1.m1,VDS,-1.8655131865040062,0.2711357067114315,20.026500000000006,10.107500000000009
tt_00_to_01,x1.m1,VBS,0.0,0.0,5e-05,5e-05
tt_00_to_01,x1.m2,VGS,0.0,1.8,5e-05,18.000000000000004
tt_00_to_01,x1.m2,VGD,-2.0711357067114315,1.8655131865040062,10.107500000000009,20.026500000000006
tt_00_to_01,x1.m2,VDS,-0.06551318650400613,2.0711357067114315,20.026500000000006,10.107500000000009
tt_00_to_01,x1.m2,VBS,0.0,0.0,5e-05,5e-05
tt_00_to_01,x1.m3,VGS,-1.8,-1.8,5e-05,5e-05
tt_00_to_01,x1.m3,VGD,-1.9661764576390028,-0.47559274059427753,10.102500000000008,5e-05
tt_00_to_01,x1.m3,VDS,-1.3244072594057226,0.1661764576390028,5e-05,10.102500000000008
tt_00_to_01,x1.m3,VBS,0.0,0.0,5e-05,5e-05
tt_00_to_01,x1.m4,VGS,0.0,0.0,5e-05,5e-05
tt_00_to_01,x1.m4,VGD,-1.9661764576390028,-0.47559274059427753,10.102500000000008,5e-05
tt_00_to_01,x1.m4,VDS,0.47559274059427753,1.9661764576390028,5e-05,10.102500000000008
tt_00_to_01,x1.m4,VBS,0.0,0.0,5e-05,5e-05
tt_00_to_01,x1.m5,VGS,-1.8,0.0,5e-05,5.025
tt_00_to_01,x1.m5,VGD,-1.8004082452350436,1.7999993687463463,18.007500000000004,7.1374999999999496
tt_00_to_01,x1.m5,VDS,-1.8269848987454715,0.15314393368899615,9.997500000000004,5.022499999999999
tt_00_to_01,x1.m5,VBS,0.0,0.0,5e-05,5e-05
tt_00_to_01,x1.m6,VGS,0.25293406987726225,1.8182817648039356,5e-05,10.002500000000005
tt_00_to_01,x1.m6,VGD,-0.666913741572335,1.8173364894716,0.05259153568501741,9.997500000000004
tt_00_to_01,x1.m6,VDS,-0.0016486174095017674,1.3747131286305843,9.992500000000003,0.05759153568501742
tt_00_to_01,x1.m6,VBS,-1.2631889834988828,0.028476686439917326,25.107499999999987,10.002500000000005
tt_00_to_01,x1.m7,VGS,-1.1057137159141588,1.8226195184567227,19.9975,10.007500000000006
tt_00_to_01,x1.m7,VGD,-1.2536299619992293,1.8146633558937921,25.14749999999998,10.002500000000005
tt_00_to_01,x1.m7,VDS,-0.026035458897747166,1.248441481504795,18.087499999999988,25.0075
tt_00_to_01,x1.m7,VBS,-1.140846321666139,0.03592856708850044,4.9975,10.007500000000006
tt_00_to_01,x1.m8,VGS,0.0,1.8,5e-05,5.025
tt_00_to_01,x1.m8,VGD,-1.1268137398026723,1.7999997999425892,17.972499999999997,21.572499999999714
tt_00_to_01,x1.m8,VDS,-0.03592856708850044,1.140846321666139,10.007500000000006,4.9975
tt_00_to_01,x1.m8,VBS,0.0,0.0,5e-05,5e-05
tt_00_to_01,x1.m9,VGS,-1.8269848987454715,0.15314393368899615,9.997500000000004,5.022499999999999
tt_00_to_01,x1.m9,VGD,-1.8233846373672509,1.9528416750043407,9.997500000000004,20.457499999999925
tt_00_to_01,x1.m9,VDS,-1.848862404137528,0.06415501880940178,5.0625,10.062500000000004
tt_00_to_01,x1.m9,VBS,0.0,0.0,5e-05,5e-05
tt_00_to_01,x1.m10,VGS,-0.026984898745471452,1.9531439336889962,9.997500000000004,5.022499999999999
tt_00_to_01,x1.m10,VGD,-1.8233846373672509,1.9528416750043407,9.997500000000004,20.457499999999925
tt_00_to_01,x1.m10,VDS,-0.04886240413752795,1.8641550188094018,5.0625,10.062500000000004
tt_00_to_01,x1.m10,VBS,0.0,0.0,5e-05,5e-05
tt_00_to_01,x1.m11,VGS,-1.8,0.0,5e-05,5.025
tt_00_to_01,x1.m11,VGD,-1.800294164246561,1.7999994788497062,10.092500000000008,21.567499999999715
tt_00_to_01,x1.m11,VDS,-1.8266563896127037,0.154102283760984,24.997500000000002,5.547499999999988
tt_00_to_01,x1.m11,VBS,0.0,0.0,5e-05,5e-05
tt_00_to_01,x1.m12,VGS,0.22682720783546118,1.8177838727909172,18.12249999999998,25.0025
tt_00_to_01,x1.m12,VGD,-0.6664115114270599,1.8171739542020646,0.05259153568501741,24.997500000000002
tt_00_to_01,x1.m12,VDS,-0.0017788241633491311,1.4064092042418614,24.992500000000003,0.06259153568501741
tt_00_to_01,x1.m12,VBS,-1.5844450361878328,0.027730406669501655,18.12249999999998,25.0025
tt_00_to_01,x1.m13,VGS,-1.1402229838114584,1.8279583387412748,4.9975,25.0075
tt_00_to_01,x1.m13,VGD,-1.2706954813965172,1.8187681523629922,18.0225,25.0025
tt_00_to_01,x1.m13,VDS,1.4854139746695028e-07,1.26064486463551,21.562499999999716,10.007500000000006
tt_00_to_01,x1.m13,VBS,-1.140846321666139,0.03592856708850044,4.9975,10.007500000000006
tt_00_to_01,x1.m14,VGS,-1.8266563896127037,0.154102283760984,24.997500000000002,5.547499999999988
tt_00_to_01,x1.m14,VGD,-1.8231359928666868,1.954102225190399,24.997500000000002,5.547499999999988
tt_00_to_01,x1.m14,VDS,-1.8509145952996215,0.061531906066201625,20.0575,25.062499999999996
tt_00_to_01,x1.m14,VBS,0.0,0.0,5e-05,5e-05
tt_00_to_01,x1.m15,VGS,-0.0266563896127036,1.954102283760984,24.997500000000002,5.547499999999988
tt_00_to_01,x1.m15,VGD,-1.8231359928666868,1.954102225190399,24.997500000000002,5.547499999999988
tt_00_to_01,x1.m15,VDS,-0.050914595299621404,1.8615319060662017,20.0575,25.062499999999996
tt_00_to_01,x1.m15,VBS,0.0,0.0,5e-05,5e-05
tt_00_to_01,x1.m16,VGS,-1.8,0.0,5e-05,5.025
tt_00_to_01,x1.m16,VGD,-1.800137075601316,-0.15474972409213028,18.092499999999987,5.0285
tt_00_to_01,x1.m16,VDS,-0.9773765735720195,0.1557539398840404,5e-05,5.202499999999996
tt_00_to_01,x1.m16,VBS,0.0,0.0,5e-05,5e-05
tt_00_to_01,x1.m17,VGS,-1.1210652140679132,0.5504019274811809,17.972499999999997,0.022591535685017403
tt_00_to_01,x1.m17,VGD,-1.968378011055461,-0.410421080643333,5.0285,0.0007377058523710929
tt_00_to_01,x1.m17,VDS,0.6576034411942209,1.9571076278566468,5e-05,9.982500000000002
tt_00_to_01,x1.m17,VBS,-1.1211649260051724,0.03492912713948613,17.972499999999997,10.007500000000006
tt_00_to_01,x1.m18,VGS,-1.1057137159141588,1.8226195184567227,19.9975,10.007500000000006
tt_00_to_01,x1.m18,VGD,-0.8293347513817412,1.8227394906709227,20.026500000000006,10.012500000000006
tt_00_to_01,x1.m18,VDS,-0.3312615848232652,0.8113173618080701,19.9975,25.0075
tt_00_to_01,x1.m18,VBS,-1.140846321666139,0.03592856708850044,4.9975,10.007500000000006
tt_00_to_01,x1.m19,VGS,-0.9773765735720195,0.1557539398840404,5e-05,5.202499999999996
tt_00_to_01,x1.m19,VGD,-0.06634022555039154,1.9557538978998776,0.0007377058523710929,5.202499999999996
tt_00_to_01,x1.m19,VDS,-1.805284139129227,-0.8847008399838906,10.007500000000006,0.0007377058523710929
tt_00_to_01,x1.m19,VBS,0.0,0.0,5e-05,5e-05
tt_00_to_01,x1.m20,VGS,0.8226234264279806,1.9557539398840404,5e-05,5.202499999999996
tt_00_to_01,x1.m20,VGD,-0.06634022555039154,1.9557538978998776,0.0007377058523710929,5.202499999999996
tt_00_to_01,x1.m20,VDS,-0.005284139129226877,0.9152991600161094,10.007500000000006,0.0007377058523710929
tt_00_to_01,x1.m20,VBS,0.0,0.0,5e-05,5e-05
tt_00_to_01,x1.m21,VGS,-1.8,0.0,5e-05,5.025
tt_00_to_01,x1.m21,VGD,-1.8001061660680915,-0.15476897230344488,18.092499999999987,5.0285
tt_00_to_01,x1.m21,VDS,-0.9774721872537904,0.1557590089197609,5e-05,20.202499999999972
tt_00_to_01,x1.m21,VBS,0.0,0.0,5e-05,5e-05
tt_00_to_01,x1.m22,VGS,-1.092832085648633,0.5466998519946951,30.000000000000004,0.022591535685017403
tt_00_to_01,x1.m22,VGD,-1.9683972592667756,-0.410673675187545,5.0285,0.0007377058523710929
tt_00_to_01,x1.m22,VDS,0.7071659423749561,1.959066824254223,30.000000000000004,5.0255
tt_00_to_01,x1.m22,VBS,-1.0928340536736694,0.03363801626134737,30.000000000000004,25.0075
tt_00_to_01,x1.m23,VGS,-1.1402229838114584,1.8279583387412748,4.9975,25.0075
tt_00_to_01,x1.m23,VGD,-0.026522162277407054,1.8291914636419038,18.0225,25.0125
tt_00_to_01,x1.m23,VDS,-1.1397917460222857,0.29876937986597496,4.9975,20.017499999999995
tt_00_to_01,x1.m23,VBS,-1.140846321666139,0.03592856708850044,4.9975,10.007500000000006
tt_00_to_01,x1.m24,VGS,-0.9774721872537904,0.1557590089197609,5e-05,20.202499999999972
tt_00_to_01,x1.m24,VGD,-0.06619285290101351,1.9557589895954453,0.0007377058523710929,20.202499999999972
tt_00_to_01,x1.m24,VDS,-1.80528414584435,-0.8845956180890566,25.0075,0.0007377058523710929
tt_00_to_01,x1.m24,VBS,0.0,0.0,5e-05,5e-05
tt_00_to_01,x1.m25,VGS,0.8225278127462097,1.955759008919761,5e-05,20.202499999999972
tt_00_to_01,x1.m25,VGD,-0.06619285290101351,1.9557589895954453,0.0007377058523710929,20.202499999999972
tt_00_to_01,x1.m25,VDS,-0.005284145844350094,0.9154043819109434,25.0075,0.0007377058523710929
tt_00_to_01,x1.m25,VBS,0.0,0.0,5e-05,5e-05
tt_00_to_01,x1.m26,VGS,-1.8655131865040062,0.2711357067114315,20.026500000000006,10.107500000000009
tt_00_to_01,x1.m26,VGD,-1.870603958354796,2.068812397925308,25.072499999999994,10.11250000000001
tt_00_to_01,x1.m26,VDS,-1.8299967083721167,0.10043187062018877,18.0225,25.067499999999995
tt_00_to_01,x1.m26,VBS,0.0,0.0,5e-05,5e-05
tt_00_to_01,x1.m27,VGS,-0.06551318650400613,2.0711357067114315,20.026500000000006,10.107500000000009
tt_00_to_01,x1.m27,VGD,-1.870603958354796,2.068812397925308,25.072499999999994,10.11250000000001
tt_00_to_01,x1.m27,VDS,-0.02999670837211672,1.9004318706201888,18.0225,25.067499999999995
tt_00_to_01,x1.m27,VBS,0.0,0.0,5e-05,5e-05
tt_00_to_01,x1.m28,VGS,-1.3244072594057226,0.1661764576390028,5e-05,10.102500000000008
tt_00_to_01,x1.m28,VGD,0.04862822823925228,1.9645303706963295,0.017591535685017406,10.102500000000008
tt_00_to_01,x1.m28,VDS,-1.8136282869633304,-1.0166683967815884,5.0285,0.027591535685017404
tt_00_to_01,x1.m28,VBS,0.0,0.0,5e-05,5e-05
tt_00_to_01,x1.m29,VGS,0.47559274059427753,1.9661764576390028,5e-05,10.102500000000008
tt_00_to_01,x1.m29,VGD,0.04862822823925228,1.9645303706963295,0.017591535685017406,10.102500000000008
tt_00_to_01,x1.m29,VDS,-0.013628286963330516,0.7833316032184117,5.0285,0.027591535685017404
tt_00_to_01,x1.m29,VBS,0.0,0.0,5e-05,5e-05
tt_00_to_01,x2.mp1,VGS,-1.848862404137528,0.06415501880940178,5.0625,10.062500000000004
tt_00_to_01,x2.mp1,VGD,-1.8449351570665455,1.8636623472843128,5.0625,10.062500000000004
tt_00_to_01,x2.mp1,VDS,-1.8817560937167535,0.09538625903027742,10.107500000000009,5.092499999999999
tt_00_to_01,x2.mp1,VBS,0.0,0.0,5e-05,5e-05
tt_00_to_01,x2.mn1,VGS,-0.04886240413752795,1.8641550188094018,5.0625,10.062500000000004
tt_00_to_01,x2.mn1,VGD,-1.8449351570665455,1.8636623472843128,5.0625,10.062500000000004
tt_00_to_01,x2.mn1,VDS,-0.08175609371675333,1.8953862590302775,10.107500000000009,5.092499999999999
tt_00_to_01,x2.mn1,VBS,0.0,0.0,5e-05,5e-05
tt_00_to_01,x2.mp2,VGS,-1.8817560937167535,0.09538625903027742,10.107500000000009,5.092499999999999
tt_00_to_01,x2.mp2,VGD,-1.878844486206074,1.8929001212717005,10.107500000000009,5.092499999999999
tt_00_to_01,x2.mp2,VDS,-1.831960222545839,0.028253404254526826,5.127499999999999,10.152500000000016
tt_00_to_01,x2.mp2,VBS,0.0,0.0,5e-05,5e-05
tt_00_to_01,x2.mn2,VGS,-0.08175609371675333,1.8953862590302775,10.107500000000009,5.092499999999999
tt_00_to_01,x2.mn2,VGD,-1.878844486206074,1.8929001212717005,10.107500000000009,5.092499999999999
tt_00_to_01,x2.mn2,VDS,-0.031960222545838815,1.8282534042545269,5.127499999999999,10.152500000000016
tt_00_to_01,x2.mn2,VBS,0.0,0.0,5e-05,5e-05
tt_00_to_01,x3.mp1,VGS,-1.8509145952996215,0.061531906066201625,20.0575,25.062499999999996
tt_00_to_01,x3.mp1,VGD,-1.8464533594166856,1.8610968898676417,20.0575,25.062499999999996
tt_00_to_01,x3.mp1,VDS,-1.886146004013252,0.09390569507939239,25.112499999999986,20.092499999999994
tt_00_to_01,x3.mp1,VBS,0.0,0.0,5e-05,5e-05
tt_00_to_01,x3.mn1,VGS,-0.050914595299621404,1.8615319060662017,20.0575,25.062499999999996
tt_00_to_01,x3.mn1,VGD,-1.8464533594166856,1.8610968898676417,20.0575,25.062499999999996
tt_00_to_01,x3.mn1,VDS,-0.08614600401325209,1.8939056950793924,25.112499999999986,20.092499999999994
tt_00_to_01,x3.mn1,VBS,0.0,0.0,5e-05,5e-05
tt_00_to_01,x3.mp2,VGS,-1.886146004013252,0.09390569507939239,25.112499999999986,20.092499999999994
tt_00_to_01,x3.mp2,VGD,-1.8830797406002087,1.8917261393929734,25.112499999999986,20.092499999999994
tt_00_to_01,x3.mp2,VDS,-1.8323953842605418,0.028185112766460074,20.122499999999988,25.15249999999998
tt_00_to_01,x3.mp2,VBS,0.0,0.0,5e-05,5e-05
tt_00_to_01,x3.mn2,VGS,-0.08614600401325209,1.8939056950793924,25.112499999999986,20.092499999999994
tt_00_to_01,x3.mn2,VGD,-1.8830797406002087,1.8917261393929734,25.112499999999986,20.092499999999994
tt_00_to_01,x3.mn2,VDS,-0.03239538426054178,1.8281851127664601,20.122499999999988,25.15249999999998
tt_00_to_01,x3.mn2,VBS,0.0,0.0,5e-05,5e-05
tt_00_to_01,x4.mp1,VGS,-1.80528414584435,-0.8845956180890566,25.0075,0.0007377058523710929
tt_00_to_01,x4.mp1,VGD,-1.8048051644330865,0.12499972246346491,25.0075,0.0004437021296191454
tt_00_to_01,x4.mp1,VDS,-1.0475949779093354,0.0006489649747627446,0.0002085931326562446,10.032499999999999
tt_00_to_01,x4.mp1,VBS,0.0,0.0,5e-05,5e-05
tt_00_to_01,x4.mn1,VGS,-0.005284145844350094,0.9154043819109434,25.0075,0.0007377058523710929
tt_00_to_01,x4.mn1,VGD,-1.8048051644330865,0.12499972246346491,25.0075,0.0004437021296191454
tt_00_to_01,x4.mn1,VDS,0.7524050220906647,1.8006489649747628,0.0002085931326562446,10.032499999999999
tt_00_to_01,x4.mn1,VBS,0.0,0.0,5e-05,5e-05
tt_00_to_01,x4.mp2,VGS,-1.0475949779093354,0.0006489649747627446,0.0002085931326562446,10.032499999999999
tt_00_to_01,x4.mp2,VGD,0.7215492654387997,1.8006222214893255,0.00029132042509954955,10.032499999999999
tt_00_to_01,x4.mp2,VDS,-1.8000101442111935,-1.7230631870470332,25.0025,0.03259153568501741
tt_00_to_01,x4.mp2,VBS,0.0,0.0,5e-05,5e-05
tt_00_to_01,x4.mn2,VGS,0.7524050220906647,1.8006489649747628,0.0002085931326562446,10.032499999999999
tt_00_to_01,x4.mn2,VGD,0.7215492654387997,1.8006222214893255,0.00029132042509954955,10.032499999999999
tt_00_to_01,x4.mn2,VDS,-1.014421119345548e-05,0.07693681295296675,25.0025,0.03259153568501741
tt_00_to_01,x4.mn2,VBS,0.0,0.0,5e-05,5e-05
tt_00_to_01,x5.mp1,VGS,-1.805284139129227,-0.8847008399838906,10.007500000000006,0.0007377058523710929
tt_00_to_01,x5.mp1,VGD,-1.8048051595466887,0.12491004065571909,10.007500000000006,0.0004437021296191454
tt_00_to_01,x5.mp1,VDS,-1.047594208238553,0.0006489011805550504,0.0002085931326562446,25.032500000000002
tt_00_to_01,x5.mp1,VBS,0.0,0.0,5e-05,5e-05
tt_00_to_01,x5.mn1,VGS,-0.005284139129226877,0.9152991600161094,10.007500000000006,0.0007377058523710929
tt_00_to_01,x5.mn1,VGD,-1.8048051595466887,0.12491004065571909,10.007500000000006,0.0004437021296191454
tt_00_to_01,x5.mn1,VDS,0.7524057917614471,1.800648901180555,0.0002085931326562446,25.032500000000002
tt_00_to_01,x5.mn1,VBS,0.0,0.0,5e-05,5e-05
tt_00_to_01,x5.mp2,VGS,-1.047594208238553,0.0006489011805550504,0.0002085931326562446,25.032500000000002
tt_00_to_01,x5.mp2,VGD,0.721547239970968,1.8006221591145677,0.00029132042509954955,25.032500000000002
tt_00_to_01,x5.mp2,VDS,-1.8000101439592064,-1.7230546255912058,10.002500000000005,0.03259153568501741
tt_00_to_01,x5.mp2,VBS,0.0,0.0,5e-05,5e-05
tt_00_to_01,x5.mn2,VGS,0.7524057917614471,1.800648901180555,0.0002085931326562446,25.032500000000002
tt_00_to_01,x5.mn2,VGD,0.721547239970968,1.8006221591145677,0.00029132042509954955,25.032500000000002
tt_00_to_01,x5.mn2,VDS,-1.0143959206408833e-05,0.0769453744087942,10.002500000000005,0.03259153568501741
tt_00_to_01,x5.mn2,VBS,0.0,0.0,5e-05,5e-05
tt_01_to_00,x1.m1,VGS,-1.8,0.0,18.000000000000004,5e-05
tt_01_to_00,x1.m1,VGD,-2.07115221530175,1.867555162027176,25.107499999999987,5.0265
tt_01_to_00,x1.m1,VDS,-1.867555162027176,0.2711522153017498,5.0265,25.107499999999987
tt_01_to_00,x1.m1,VBS,0.0,0.0,5e-05,5e-05
tt_01_to_00,x1.m2,VGS,0.0,1.8,18.000000000000004,5e-05
tt_01_to_00,x1.m2,VGD,-2.07115221530175,1.867555162027176,25.107499999999987,5.0265
tt_01_to_00,x1.m2,VDS,-0.06755516202717601,2.07115221530175,5.0265,25.107499999999987
tt_01_to_00,x1.m2,VBS,0.0,0.0,5e-05,5e-05
tt_01_to_00,x1.m3,VGS,-1.8,-1.8,5e-05,5e-05
tt_01_to_00,x1.m3,VGD,-1.966322282134484,-0.47590217013289426,25.10249999999999,5e-05
tt_01_to_00,x1.m3,VDS,-1.3240978298671058,0.16632228213448386,5e-05,25.10249999999999
tt_01_to_00,x1.m3,VBS,0.0,0.0,5e-05,5e-05
tt_01_to_00,x1.m4,VGS,0.0,0.0,5e-05,5e-05
tt_01_to_00,x1.m4,VGD,-1.966322282134484,-0.47590217013289426,25.10249999999999,5e-05
tt_01_to_00,x1.m4,VDS,0.47590217013289426,1.966322282134484,5e-05,25.10249999999999
tt_01_to_00,x1.m4,VBS,0.0,0.0,5e-05,5e-05
tt_01_to_00,x1.m5,VGS,-1.8,0.0,5e-05,5.025
tt_01_to_00,x1.m5,VGD,-1.8003587725414498,1.7999994514594353,10.097500000000009,21.882499999999652
tt_01_to_00,x1.m5,VDS,-1.826971716072141,0.15410806558062573,24.997500000000002,5.542499999999988
tt_01_to_00,x1.m5,VBS,0.0,0.0,5e-05,5e-05
tt_01_to_00,x1.m6,VGS,0.24832471211490248,1.8183813461797202,5e-05,25.0025
tt_01_to_00,x1.m6,VGD,-0.6547777239109027,1.8174108798843107,0.0475913062087571,24.997500000000002
tt_01_to_00,x1.m6,VDS,-0.0016478445286848276,1.4129630512189388,24.992500000000003,0.052591306208757106
tt_01_to_00,x1.m6,VBS,-1.5566676276206564,0.02846184383232865,18.312499999999947,25.0025
tt_01_to_00,x1.m7,VGS,-1.144693783516375,1.8226118016874269,17.977499999999996,25.0075
tt_01_to_00,x1.m7,VGD,-1.2745709046334444,1.8146534994192123,17.977499999999996,25.0025
tt_01_to_00,x1.m7,VDS,-0.09746417468273283,1.2591282571527143,0.052591306208757106,10.007500000000006
tt_01_to_00,x1.m7,VBS,-1.2362505774665322,0.03591405691963433,18.097499999999986,25.0075
tt_01_to_00,x1.m8,VGS,0.0,1.8,5e-05,5.025
tt_01_to_00,x1.m8,VGD,-1.2362505774665322,1.7999997829265237,18.097499999999986,21.947499999999643
tt_01_to_00,x1.m8,VDS,-0.03591405691963433,1.2362505774665322,25.0075,18.097499999999986
tt_01_to_00,x1.m8,VBS,0.0,0.0,5e-05,5e-05
tt_01_to_00,x1.m9,VGS,-1.826971716072141,0.15410806558062573,24.997500000000002,5.542499999999988
tt_01_to_00,x1.m9,VGD,-1.82337322102715,1.9541080265017554,24.997500000000002,5.542499999999988
tt_01_to_00,x1.m9,VDS,-1.848508907901122,0.06414832206506227,20.0625,25.062499999999996
tt_01_to_00,x1.m9,VBS,0.0,0.0,5e-05,5e-05
tt_01_to_00,x1.m10,VGS,-0.026971716072141015,1.9541080655806258,24.997500000000002,5.542499999999988
tt_01_to_00,x1.m10,VGD,-1.82337322102715,1.9541080265017554,24.997500000000002,5.542499999999988
tt_01_to_00,x1.m10,VDS,-0.04850890790112209,1.8641483220650623,20.0625,25.062499999999996
tt_01_to_00,x1.m10,VBS,0.0,0.0,5e-05,5e-05
tt_01_to_00,x1.m11,VGS,-1.8,0.0,5e-05,5.025
tt_01_to_00,x1.m11,VGD,-1.8003291609277137,1.7999993743391056,18.12749999999998,6.782499999999958
tt_01_to_00,x1.m11,VDS,-1.826667191684534,0.15285226424531273,9.997500000000004,5.022499999999999
tt_01_to_00,x1.m11,VBS,0.0,0.0,5e-05,5e-05
tt_01_to_00,x1.m12,VGS,0.3191833558304233,1.8176895697357975,5e-05,10.002500000000005
tt_01_to_00,x1.m12,VGD,-0.6681577251395969,1.8171032103909215,0.0475913062087571,9.997500000000004
tt_01_to_00,x1.m12,VDS,-0.0017795729693524873,1.3324714383048475,9.992500000000003,0.0675913062087571
tt_01_to_00,x1.m12,VBS,-1.261151775057637,0.027742935589977487,25.107499999999987,10.002500000000005
tt_01_to_00,x1.m13,VGS,-1.103038499630335,1.8279663860157833,19.9975,10.007500000000006
tt_01_to_00,x1.m13,VGD,-1.2590146890916363,1.818778264450007,25.122499999999985,10.002500000000005
tt_01_to_00,x1.m13,VDS,-0.08167387767924361,1.2495222863290443,18.12249999999998,25.0075
tt_01_to_00,x1.m13,VBS,-1.2362505774665322,0.03591405691963433,18.097499999999986,25.0075
tt_01_to_00,x1.m14,VGS,-1.826667191684534,0.15285226424531273,9.997500000000004,5.022499999999999
tt_01_to_00,x1.m14,VGD,-1.8231452397276273,1.9527473920231977,9.997500000000004,20.457499999999925
tt_01_to_00,x1.m14,VDS,-1.8512062714962194,0.0615392778508308,5.0625,10.062500000000004
tt_01_to_00,x1.m14,VBS,0.0,0.0,5e-05,5e-05
tt_01_to_00,x1.m15,VGS,-0.02666719168453391,1.9528522642453128,9.997500000000004,5.022499999999999
tt_01_to_00,x1.m15,VGD,-1.8231452397276273,1.9527473920231977,9.997500000000004,20.457499999999925
tt_01_to_00,x1.m15,VDS,-0.05120627149621938,1.8615392778508308,5.0625,10.062500000000004
tt_01_to_00,x1.m15,VBS,0.0,0.0,5e-05,5e-05
tt_01_to_00,x1.m16,VGS,-1.8,0.0,5e-05,5.025
tt_01_to_00,x1.m16,VGD,-1.8000502528750741,-0.15478432615737892,18.18749999999997,5.0285
tt_01_to_00,x1.m16,VDS,-0.9773355496291302,0.15575369248666626,5e-05,20.202499999999972
tt_01_to_00,x1.m16,VBS,0.0,0.0,5e-05,5e-05
tt_01_to_00,x1.m17,VGS,-1.0942210597923143,0.6181824510962509,30.000000000000004,0.027591306208757094
tt_01_to_00,x1.m17,VGD,-1.9683212701586825,-0.40911761396533075,5.0285,0.0007377062035038939
tt_01_to_00,x1.m17,VDS,0.6526559932921562,1.9602000104073927,5e-05,5.0265
tt_01_to_00,x1.m17,VBS,-1.0942229646997896,0.03491578603312974,30.000000000000004,25.0075
tt_01_to_00,x1.m18,VGS,-1.144693783516375,1.8226118016874269,17.977499999999996,25.0075
tt_01_to_00,x1.m18,VGD,-0.062208487603702095,1.8227318113662907,5.0265,25.0125
tt_01_to_00,x1.m18,VDS,-1.1338676035526307,0.292508423027131,4.9975,20.017499999999995
tt_01_to_00,x1.m18,VBS,-1.2362505774665322,0.03591405691963433,18.097499999999986,25.0075
tt_01_to_00,x1.m19,VGS,-0.9773355496291302,0.15575369248666626,5e-05,20.202499999999972
tt_01_to_00,x1.m19,VGD,-0.06631984665425095,1.9557536646105635,0.0007377062035038939,20.202499999999972
tt_01_to_00,x1.m19,VDS,-1.8052841193088065,-0.8846862963478959,25.0075,0.0007377062035038939
tt_01_to_00,x1.m19,VBS,0.0,0.0,5e-05,5e-05
tt_01_to_00,x1.m20,VGS,0.8226644503708699,1.9557536924866663,5e-05,20.202499999999972
tt_01_to_00,x1.m20,VGD,-0.06631984665425095,1.9557536646105635,0.0007377062035038939,20.202499999999972
tt_01_to_00,x1.m20,VDS,-0.005284119308806479,0.9153137036521042,25.0075,0.0007377062035038939
tt_01_to_00,x1.m20,VBS,0.0,0.0,5e-05,5e-05
tt_01_to_00,x1.m21,VGS,-1.8,0.0,5e-05,5.025
tt_01_to_00,x1.m21,VGD,-1.8000541494858084,-0.1547600409786567,18.18749999999997,5.0285
tt_01_to_00,x1.m21,VDS,-0.9774373401388432,0.15575942074969817,5e-05,5.202499999999996
tt_01_to_00,x1.m21,VBS,0.0,0.0,5e-05,5e-05
tt_01_to_00,x1.m22,VGS,-1.1242377826420917,0.5228468353470009,18.07749999999999,0.022591306208757097
tt_01_to_00,x1.m22,VGD,-1.9682969849799603,-0.4094158642609502,5.0285,0.0007377062035038939
tt_01_to_00,x1.m22,VDS,0.6754010749020318,1.9571448137125633,18.07749999999999,9.982500000000002
tt_01_to_00,x1.m22,VBS,-1.124598457086308,0.03364945325005311,18.07749999999999,10.007500000000006
tt_01_to_00,x1.m23,VGS,-1.103038499630335,1.8279663860157833,19.9975,10.007500000000006
tt_01_to_00,x1.m23,VGD,-0.8000912583180912,1.8291991928360698,20.017499999999995,10.012500000000006
tt_01_to_00,x1.m23,VDS,-0.32236102813697776,0.8167004532926119,19.9975,25.0075
tt_01_to_00,x1.m23,VBS,-1.2362505774665322,0.03591405691963433,18.097499999999986,25.0075
tt_01_to_00,x1.m24,VGS,-0.9774373401388432,0.15575942074969817,5e-05,5.202499999999996
tt_01_to_00,x1.m24,VGD,-0.06614584767747045,1.9557593944536733,0.0007377062035038939,5.202499999999996
tt_01_to_00,x1.m24,VDS,-1.8052841692926125,-0.8845620450290569,10.007500000000006,0.0007377062035038939
tt_01_to_00,x1.m24,VBS,0.0,0.0,5e-05,5e-05
tt_01_to_00,x1.m25,VGS,0.8225626598611568,1.9557594207496982,5e-05,5.202499999999996
tt_01_to_00,x1.m25,VGD,-0.06614584767747045,1.9557593944536733,0.0007377062035038939,5.202499999999996
tt_01_to_00,x1.m25,VDS,-0.005284169292612428,0.9154379549709432,10.007500000000006,0.0007377062035038939
tt_01_to_00,x1.m25,VBS,0.0,0.0,5e-05,5e-05
tt_01_to_00,x1.m26,VGS,-1.867555162027176,0.2711522153017498,5.0265,25.107499999999987
tt_01_to_00,x1.m26,VGD,-1.870682795883725,2.068829122710699,10.072500000000005,25.112499999999986
tt_01_to_00,x1.m26,VDS,-1.8241408851799354,0.10043433388551337,20.022499999999994,10.067500000000004
tt_01_to_00,x1.m26,VBS,0.0,0.0,5e-05,5e-05
tt_01_to_00,x1.m27,VGS,-0.06755516202717601,2.07115221530175,5.0265,25.107499999999987
tt_01_to_00,x1.m27,VGD,-1.870682795883725,2.068829122710699,10.072500000000005,25.112499999999986
tt_01_to_00,x1.m27,VDS,-0.024140885179935418,1.9004343338855134,20.022499999999994,10.067500000000004
tt_01_to_00,x1.m27,VBS,0.0,0.0,5e-05,5e-05
tt_01_to_00,x1.m28,VGS,-1.3240978298671058,0.16632228213448386,5e-05,25.10249999999999
tt_01_to_00,x1.m28,VGD,0.0484988767775556,1.9646765530614019,0.0175913062087571,25.10249999999999
tt_01_to_00,x1.m28,VDS,-1.8135369440013038,-1.0164390997830135,5.0285,0.027591306208757094
tt_01_to_00,x1.m28,VBS,0.0,0.0,5e-05,5e-05
tt_01_to_00,x1.m29,VGS,0.47590217013289426,1.966322282134484,5e-05,25.10249999999999
tt_01_to_00,x1.m29,VGD,0.0484988767775556,1.9646765530614019,0.0175913062087571,25.10249999999999
tt_01_to_00,x1.m29,VDS,-0.013536944001303675,0.7835609002169867,5.0285,0.027591306208757094
tt_01_to_00,x1.m29,VBS,0.0,0.0,5e-05,5e-05
tt_01_to_00,x2.mp1,VGS,-1.848508907901122,0.06414832206506227,20.0625,25.062499999999996
tt_01_to_00,x2.mp1,VGD,-1.8447639872767199,1.863655528412117,20.0625,25.062499999999996
tt_01_to_00,x2.mp1,VDS,-1.8817287130058038,0.09805609516674973,25.107499999999987,20.092499999999994
tt_01_to_00,x2.mp1,VBS,0.0,0.0,5e-05,5e-05
tt_01_to_00,x2.mn1,VGS,-0.04850890790112209,1.8641483220650623,20.0625,25.062499999999996
tt_01_to_00,x2.mn1,VGD,-1.8447639872767199,1.863655528412117,20.0625,25.062499999999996
tt_01_to_00,x2.mn1,VDS,-0.08172871300580375,1.8980560951667498,25.107499999999987,20.092499999999994
tt_01_to_00,x2.mn1,VBS,0.0,0.0,5e-05,5e-05
tt_01_to_00,x2.mp2,VGS,-1.8817287130058038,0.09805609516674973,25.107499999999987,20.092499999999994
tt_01_to_00,x2.mp2,VGD,-1.8788180836057644,1.8955946995012245,25.107499999999987,20.092499999999994
tt_01_to_00,x2.mp2,VDS,-1.831480350434451,0.028254269338765736,20.122499999999988,25.15249999999998
tt_01_to_00,x2.mp2,VBS,0.0,0.0,5e-05,5e-05
tt_01_to_00,x2.mn2,VGS,-0.08172871300580375,1.8980560951667498,25.107499999999987,20.092499999999994
tt_01_to_00,x2.mn2,VGD,-1.8788180836057644,1.8955946995012245,25.107499999999987,20.092499999999994
tt_01_to_00,x2.mn2,VDS,-0.031480350434451056,1.8282542693387658,20.122499999999988,25.15249999999998
tt_01_to_00,x2.mn2,VBS,0.0,0.0,5e-05,5e-05
tt_01_to_00,x3.mp1,VGS,-1.8512062714962194,0.0615392778508308,5.0625,10.062500000000004
tt_01_to_00,x3.mp1,VGD,-1.847181891418194,1.8611042887525737,5.0625,10.062500000000004
tt_01_to_00,x3.mp1,VDS,-1.8861414416497926,0.09746204396507174,10.11250000000001,5.092499999999999
tt_01_to_00,x3.mp1,VBS,0.0,0.0,5e-05,5e-05
tt_01_to_00,x3.mn1,VGS,-0.05120627149621938,1.8615392778508308,5.0625,10.062500000000004
tt_01_to_00,x3.mn1,VGD,-1.847181891418194,1.8611042887525737,5.0625,10.062500000000004
tt_01_to_00,x3.mn1,VDS,-0.0861414416497926,1.8974620439650718,10.11250000000001,5.092499999999999
tt_01_to_00,x3.mn1,VBS,0.0,0.0,5e-05,5e-05
tt_01_to_00,x3.mp2,VGS,-1.8861414416497926,0.09746204396507174,10.11250000000001,5.092499999999999
tt_01_to_00,x3.mp2,VGD,-1.883075312590209,1.895092166458406,10.11250000000001,5.092499999999999
tt_01_to_00,x3.mp2,VDS,-1.8322816686149692,0.02818629850877641,5.122499999999999,10.152500000000016
tt_01_to_00,x3.mp2,VBS,0.0,0.0,5e-05,5e-05
tt_01_to_00,x3.mn2,VGS,-0.0861414416497926,1.8974620439650718,10.11250000000001,5.092499999999999
tt_01_to_00,x3.mn2,VGD,-1.883075312590209,1.895092166458406,10.11250000000001,5.092499999999999
tt_01_to_00,x3.mn2,VDS,-0.032281668614969256,1.8281862985087765,5.122499999999999,10.152500000000016
tt_01_to_00,x3.mn2,VBS,0.0,0.0,5e-05,5e-05
tt_01_to_00,x4.mp1,VGS,-1.8052841692926125,-0.8845620450290569,10.007500000000006,0.0007377062035038939
tt_01_to_00,x4.mp1,VGD,-1.8048051854836338,0.1250303201424181,10.007500000000006,0.0004437015910198088
tt_01_to_00,x4.mp1,VDS,-1.0475933910724278,0.0006489451241142863,0.00020859307240875312,25.032500000000002
tt_01_to_00,x4.mp1,VBS,0.0,0.0,5e-05,5e-05
tt_01_to_00,x4.mn1,VGS,-0.005284169292612428,0.9154379549709432,10.007500000000006,0.0007377062035038939
tt_01_to_00,x4.mn1,VGD,-1.8048051854836338,0.1250303201424181,10.007500000000006,0.0004437015910198088
tt_01_to_00,x4.mn1,VDS,0.7524066089275722,1.8006489451241143,0.00020859307240875312,25.032500000000002
tt_01_to_00,x4.mn1,VBS,0.0,0.0,5e-05,5e-05
tt_01_to_00,x4.mp2,VGS,-1.0475933910724278,0.0006489451241142863,0.00020859307240875312,25.032500000000002
tt_01_to_00,x4.mp2,VGD,0.7215514452953055,1.8006222019712042,0.00029132028476206925,25.032500000000002
tt_01_to_00,x4.mp2,VDS,-1.8000101442029415,-1.723062270753207,10.002500000000005,0.032591306208757095
tt_01_to_00,x4.mp2,VBS,0.0,0.0,5e-05,5e-05
tt_01_to_00,x4.mn2,VGS,0.7524066089275722,1.8006489451241143,0.00020859307240875312,25.032500000000002
tt_01_to_00,x4.mn2,VGD,0.7215514452953055,1.8006222019712042,0.00029132028476206925,25.032500000000002
tt_01_to_00,x4.mn2,VDS,-1.0144202941470832e-05,0.07693772924679294,10.002500000000005,0.032591306208757095
tt_01_to_00,x4.mn2,VBS,0.0,0.0,5e-05,5e-05
tt_01_to_00,x5.mp1,VGS,-1.8052841193088065,-0.8846862963478959,25.0075,0.0007377062035038939
tt_01_to_00,x5.mp1,VGD,-1.8048051417863684,0.12492960882026027,25.0075,0.0004437015910198088
tt_01_to_00,x5.mp1,VDS,-1.0475924550976792,0.0006489161682634581,0.00020859307240875312,10.032499999999999
tt_01_to_00,x5.mp1,VBS,0.0,0.0,5e-05,5e-05
tt_01_to_00,x5.mn1,VGS,-0.005284119308806479,0.9153137036521042,25.0075,0.0007377062035038939
tt_01_to_00,x5.mn1,VGD,-1.8048051417863684,0.12492960882026027,25.0075,0.0004437015910198088
tt_01_to_00,x5.mn1,VDS,0.7524075449023209,1.8006489161682635,0.00020859307240875312,10.032499999999999
tt_01_to_00,x5.mn1,VBS,0.0,0.0,5e-05,5e-05
tt_01_to_00,x5.mp2,VGS,-1.0475924550976792,0.0006489161682634581,0.00020859307240875312,10.032499999999999
tt_01_to_00,x5.mp2,VGD,0.7215493766851272,1.8006221738021178,0.00029132028476206925,10.032499999999999
tt_01_to_00,x5.mp2,VDS,-1.800010143969943,-1.723055275685184,25.0025,0.032591306208757095
tt_01_to_00,x5.mp2,VBS,0.0,0.0,5e-05,5e-05
tt_01_to_00,x5.mn2,VGS,0.7524075449023209,1.8006489161682635,0.00020859307240875312,10.032499999999999
tt_01_to_00,x5.mn2,VGD,0.7215493766851272,1.8006221738021178,0.00029132028476206925,10.032499999999999
tt_01_to_00,x5.mn2,VDS,-1.014396994293929e-05,0.076944724314816,25.0025,0.032591306208757095
tt_01_to_00,x5.mn2,VBS,0.0,0.0,5e-05,5e-05
tt_00_to_10,x1.m1,VGS,-1.8,-1.8,5e-05,5e-05
tt_00_to_10,x1.m1,VGD,-2.0711357067114315,-0.4021402957224047,10.107500000000009,5e-05
tt_00_to_10,x1.m1,VDS,-1.3978597042775953,0.2711357067114315,5e-05,10.107500000000009
tt_00_to_10,x1.m1,VBS,0.0,0.0,5e-05,5e-05
tt_00_to_10,x1.m2,VGS,0.0,0.0,5e-05,5e-05
tt_00_to_10,x1.m2,VGD,-2.0711357067114315,-0.4021402957224047,10.107500000000009,5e-05
tt_00_to_10,x1.m2,VDS,0.4021402957224047,2.0711357067114315,5e-05,10.107500000000009
tt_00_to_10,x1.m2,VBS,0.0,0.0,5e-05,5e-05
tt_00_to_10,x1.m3,VGS,-1.8,0.0,5e-05,18.000000000000004
tt_00_to_10,x1.m3,VGD,-1.9661764576390028,1.8310583522036183,10.102500000000008,20.037500000000005
tt_00_to_10,x1.m3,VDS,-1.8310583522036183,0.1661764576390028,20.037500000000005,10.102500000000008
tt_00_to_10,x1.m3,VBS,0.0,0.0,5e-05,5e-05
tt_00_to_10,x1.m4,VGS,0.0,1.8,5e-05,18.000000000000004
tt_00_to_10,x1.m4,VGD,-1.9661764576390028,1.8310583522036183,10.102500000000008,20.037500000000005
tt_00_to_10,x1.m4,VDS,-0.03105835220361827,1.9661764576390028,20.037500000000005,10.102500000000008
tt_00_to_10,x1.m4,VBS,0.0,0.0,5e-05,5e-05
tt_00_to_10,x1.m5,VGS,-1.8,0.0,5e-05,5.025
tt_00_to_10,x1.m5,VGD,-1.8011693836965046,1.7999993687463463,17.972499999999997,7.1374999999999496
tt_00_to_10,x1.m5,VDS,-1.8269848987454715,0.15558090984699868,9.997500000000004,20.202499999999972
tt_00_to_10,x1.m5,VBS,0.0,0.0,5e-05,5e-05
tt_00_to_10,x1.m6,VGS,-1.0921378233600636,1.8182817648039356,30.000000000000004,10.002500000000005
tt_00_to_10,x1.m6,VGD,-1.9845426542668434,1.8173364894716,20.037500000000005,9.997500000000004
tt_00_to_10,x1.m6,VDS,-0.0016486174095017674,1.9569612943763353,9.992500000000003,24.982500000000005
tt_00_to_10,x1.m6,VBS,-1.1715189696078965,0.03481108730355145,17.972499999999997,25.0075
tt_00_to_10,x1.m7,VGS,0.2902406537797974,1.8226195184567227,5e-05,10.007500000000006
tt_00_to_10,x1.m7,VGD,0.1794816250053894,1.8226678182075353,5e-05,25.0125
tt_00_to_10,x1.m7,VDS,-0.1533620819756727,0.411899734255047,18.067499999999992,5.022499999999999
tt_00_to_10,x1.m7,VBS,-1.1417654869145337,0.03592856708850044,19.9975,10.007500000000006
tt_00_to_10,x1.m8,VGS,0.0,1.8,5e-05,5.025
tt_00_to_10,x1.m8,VGD,-1.1188123018736542,1.7999997458248538,17.972499999999997,7.197499999999948
tt_00_to_10,x1.m8,VDS,-0.03592856708850044,1.1417654869145337,10.007500000000006,19.9975
tt_00_to_10,x1.m8,VBS,0.0,0.0,5e-05,5e-05
tt_00_to_10,x1.m9,VGS,-1.8269848987454715,0.15558090984699868,9.997500000000004,20.202499999999972
tt_00_to_10,x1.m9,VGD,-1.8233846373672509,1.9555809035458624,9.997500000000004,20.202499999999972
tt_00_to_10,x1.m9,VDS,-1.848862404137528,0.06415501880940178,5.0625,10.062500000000004
tt_00_to_10,x1.m9,VBS,0.0,0.0,5e-05,5e-05
tt_00_to_10,x1.m10,VGS,-0.026984898745471452,1.9555809098469987,9.997500000000004,20.202499999999972
tt_00_to_10,x1.m10,VGD,-1.8233846373672509,1.9555809035458624,9.997500000000004,20.202499999999972
tt_00_to_10,x1.m10,VDS,-0.04886240413752795,1.8641550188094018,5.0625,10.062500000000004
tt_00_to_10,x1.m10,VBS,0.0,0.0,5e-05,5e-05
tt_00_to_10,x1.m11,VGS,-1.8,0.0,5e-05,5.025
tt_00_to_10,x1.m11,VGD,-1.8012162600169686,-0.14293563877099635,17.972499999999997,5.107499999999999
tt_00_to_10,x1.m11,VDS,-0.9609413631963373,0.15546403820182864,5e-05,20.187499999999975
tt_00_to_10,x1.m11,VBS,0.0,0.0,5e-05,5e-05
tt_00_to_10,x1.m12,VGS,-0.9430900058328459,0.8001549111847492,20.037500000000005,0.09759153568501738
tt_00_to_10,x1.m12,VGD,-1.9845482950904774,0.1660285666672281,20.037500000000005,10.102500000000008
tt_00_to_10,x1.m12,VDS,0.517044037075092,1.4064092042418614,10.0255,0.06259153568501741
tt_00_to_10,x1.m12,VBS,-1.270546917745724,-0.11738351871052832,10.107500000000009,0.00013543347587136132
tt_00_to_10,x1.m13,VGS,-1.1411473460158326,0.6121131593757796,19.9975,0.037591535685017406
tt_00_to_10,x1.m13,VGD,-1.268214419755254,0.5406049978632994,10.11750000000001,0.037591535685017406
tt_00_to_10,x1.m13,VDS,-0.2211770273922138,1.26064486463551,19.9975,10.007500000000006
tt_00_to_10,x1.m13,VBS,-1.1417654869145337,0.03592856708850044,19.9975,10.007500000000006
tt_00_to_10,x1.m14,VGS,-0.9609413631963373,0.15546403820182864,5e-05,20.187499999999975
tt_00_to_10,x1.m14,VGD,-0.05976896442640944,1.9554639898770838,0.0007377058523710929,20.187499999999975
tt_00_to_10,x1.m14,VDS,-1.8052876622264151,-0.8800573387901961,25.0075,0.0007377058523710929
tt_00_to_10,x1.m14,VBS,0.0,0.0,5e-05,5e-05
tt_00_to_10,x1.m15,VGS,0.8390586368036628,1.9554640382018287,5e-05,20.187499999999975
tt_00_to_10,x1.m15,VGD,-0.05976896442640944,1.9554639898770838,0.0007377058523710929,20.187499999999975
tt_00_to_10,x1.m15,VDS,-0.00528766222641516,0.919942661209804,25.0075,0.0007377058523710929
tt_00_to_10,x1.m15,VBS,0.0,0.0,5e-05,5e-05
tt_00_to_10,x1.m16,VGS,-1.8,0.0,5e-05,5.025
tt_00_to_10,x1.m16,VGD,-1.827964701195917,1.7999993519985278,18.092499999999987,22.1574999999996
tt_00_to_10,x1.m16,VDS,-1.8267195363606878,0.157776860105455,24.997500000000002,20.025000000000002
tt_00_to_10,x1.m16,VBS,0.0,0.0,5e-05,5e-05
tt_00_to_10,x1.m17,VGS,-1.1315489633823534,1.821167799906592,18.0225,25.0025
tt_00_to_10,x1.m17,VGD,-1.968378011055461,1.8189980689263467,5.0285,24.997500000000002
tt_00_to_10,x1.m17,VDS,-0.0016235513046265922,1.9571076278566468,24.992500000000003,9.982500000000002
tt_00_to_10,x1.m17,VBS,-1.4321990648583132,0.03492912713948613,18.147499999999976,10.007500000000006
tt_00_to_10,x1.m18,VGS,0.2902406537797974,1.8226195184567227,5e-05,10.007500000000006
tt_00_to_10,x1.m18,VGD,0.23712031048864493,1.8227394906709227,5e-05,10.012500000000006
tt_00_to_10,x1.m18,VDS,-0.049326996231320974,0.47865757325004155,4.9975,20.017499999999995
tt_00_to_10,x1.m18,VBS,-1.1417654869145337,0.03592856708850044,19.9975,10.007500000000006
tt_00_to_10,x1.m19,VGS,-1.8267195363606878,0.157776860105455,24.997500000000002,20.025000000000002
tt_00_to_10,x1.m19,VGD,-1.8231824062100865,1.9570460730131967,24.997500000000002,20.025000000000002
tt_00_to_10,x1.m19,VDS,-1.8518630680813266,0.0642211745707939,20.0625,25.062499999999996
tt_00_to_10,x1.m19,VBS,0.0,0.0,5e-05,5e-05
tt_00_to_10,x1.m20,VGS,-0.026719536360687815,1.957776860105455,24.997500000000002,20.025000000000002
tt_00_to_10,x1.m20,VGD,-1.8231824062100865,1.9570460730131967,24.997500000000002,20.025000000000002
tt_00_to_10,x1.m20,VDS,-0.051863068081326555,1.864221174570794,20.0625,25.062499999999996
tt_00_to_10,x1.m20,VBS,0.0,0.0,5e-05,5e-05
tt_00_to_10,x1.m21,VGS,-1.8,0.0,5e-05,5.025
tt_00_to_10,x1.m21,VGD,-1.825822964777686,-0.1356847311581295,18.08249999999999,24.975000000000005
tt_00_to_10,x1.m21,VDS,-0.9774721872537904,0.15563852218777918,5e-05,5.1824999999999966
tt_00_to_10,x1.m21,VBS,0.0,0.0,5e-05,5e-05
tt_00_to_10,x1.m22,VGS,-0.0270003172846537,0.9150311921592267,0.0775915356850174,18.102499999999985
tt_00_to_10,x1.m22,VGD,-1.9683972592667756,0.08464078128455155,5.0285,25.0285
tt_00_to_10,x1.m22,VDS,0.5233101218264762,1.959066824254223,25.025000000000002,5.0255
tt_00_to_10,x1.m22,VBS,-1.2327781092689962,0.004185949892717717,30.000000000000004,5.0265
tt_00_to_10,x1.m23,VGS,-1.1411473460158326,0.6121131593757796,19.9975,0.037591535685017406
tt_00_to_10,x1.m23,VGD,-1.2327737789684,0.6084450592178254,30.000000000000004,0.047591535685017415
tt_00_to_10,x1.m23,VDS,-1.1397917460222857,1.251712960126759,4.9975,25.0075
tt_00_to_10,x1.m23,VBS,-1.1417654869145337,0.03592856708850044,19.9975,10.007500000000006
tt_00_to_10,x1.m24,VGS,-0.9774721872537904,0.15563852218777918,5e-05,5.1824999999999966
tt_00_to_10,x1.m24,VGD,-0.06619285290101351,1.9556384833927556,0.0007377058523710929,5.1874999999999964
tt_00_to_10,x1.m24,VDS,-1.805282707709329,-0.8845956180890566,10.007500000000006,0.0007377058523710929
tt_00_to_10,x1.m24,VBS,0.0,0.0,5e-05,5e-05
tt_00_to_10,x1.m25,VGS,0.8225278127462097,1.9556385221877792,5e-05,5.1824999999999966
tt_00_to_10,x1.m25,VGD,-0.06619285290101351,1.9556384833927556,0.0007377058523710929,5.1874999999999964
tt_00_to_10,x1.m25,VDS,-0.005282707709328936,0.9154043819109434,10.007500000000006,0.0007377058523710929
tt_00_to_10,x1.m25,VBS,0.0,0.0,5e-05,5e-05
tt_00_to_10,x1.m26,VGS,-1.3978597042775953,0.2711357067114315,5e-05,10.107500000000009
tt_00_to_10,x1.m26,VGD,-0.034539283845653745,2.068812397925308,0.027591535685017404,10.11250000000001
tt_00_to_10,x1.m26,VDS,-1.825544828152351,-0.9630438102111474,20.022499999999994,0.04259153568501741
tt_00_to_10,x1.m26,VBS,0.0,0.0,5e-05,5e-05
tt_00_to_10,x1.m27,VGS,0.4021402957224047,2.0711357067114315,5e-05,10.107500000000009
tt_00_to_10,x1.m27,VGD,-0.034539283845653745,2.068812397925308,0.027591535685017404,10.11250000000001
tt_00_to_10,x1.m27,VDS,-0.025544828152350898,0.8369561897888527,20.022499999999994,0.04259153568501741
tt_00_to_10,x1.m27,VBS,0.0,0.0,5e-05,5e-05
tt_00_to_10,x1.m28,VGS,-1.8310583522036183,0.1661764576390028,20.037500000000005,10.102500000000008
tt_00_to_10,x1.m28,VGD,-1.8470567020788557,1.9645303706963295,25.0425,10.102500000000008
tt_00_to_10,x1.m28,VDS,-1.8272940531753266,0.059990148283823874,18.0225,25.0525
tt_00_to_10,x1.m28,VBS,0.0,0.0,5e-05,5e-05
tt_00_to_10,x1.m29,VGS,-0.03105835220361827,1.9661764576390028,20.037500000000005,10.102500000000008
tt_00_to_10,x1.m29,VGD,-1.8470567020788557,1.9645303706963295,25.0425,10.102500000000008
tt_00_to_10,x1.m29,VDS,-0.027294053175326627,1.859990148283824,18.0225,25.0525
tt_00_to_10,x1.m29,VBS,0.0,0.0,5e-05,5e-05
tt_00_to_10,x2.mp1,VGS,-1.848862404137528,0.06415501880940178,5.0625,10.062500000000004
tt_00_to_10,x2.mp1,VGD,-1.8449351570665455,1.8636623472843128,5.0625,10.062500000000004
tt_00_to_10,x2.mp1,VDS,-1.8817560937167535,0.09538625903027742,10.107500000000009,5.092499999999999
tt_00_to_10,x2.mp1,VBS,0.0,0.0,5e-05,5e-05
tt_00_to_10,x2.mn1,VGS,-0.04886240413752795,1.8641550188094018,5.0625,10.062500000000004
tt_00_to_10,x2.mn1,VGD,-1.8449351570665455,1.8636623472843128,5.0625,10.062500000000004
tt_00_to_10,x2.mn1,VDS,-0.08175609371675333,1.8953862590302775,10.107500000000009,5.092499999999999
tt_00_to_10,x2.mn1,VBS,0.0,0.0,5e-05,5e-05
tt_00_to_10,x2.mp2,VGS,-1.8817560937167535,0.09538625903027742,10.107500000000009,5.092499999999999
tt_00_to_10,x2.mp2,VGD,-1.878844486206074,1.8929001212717005,10.107500000000009,5.092499999999999
tt_00_to_10,x2.mp2,VDS,-1.831960222545839,0.028253404254526826,5.127499999999999,10.152500000000016
tt_00_to_10,x2.mp2,VBS,0.0,0.0,5e-05,5e-05
tt_00_to_10,x2.mn2,VGS,-0.08175609371675333,1.8953862590302775,10.107500000000009,5.092499999999999
tt_00_to_10,x2.mn2,VGD,-1.878844486206074,1.8929001212717005,10.107500000000009,5.092499999999999
tt_00_to_10,x2.mn2,VDS,-0.031960222545838815,1.8282534042545269,5.127499999999999,10.152500000000016
tt_00_to_10,x2.mn2,VBS,0.0,0.0,5e-05,5e-05
tt_00_to_10,x3.mp1,VGS,-1.8052876622264151,-0.8800573387901961,25.0075,0.0007377058523710929
tt_00_to_10,x3.mp1,VGD,-1.8048089112213512,0.12922555850719974,25.0075,0.0004437021296191454
tt_00_to_10,x3.mp1,VDS,-1.0471601128249581,0.0006556907221442199,0.0002085931326562446,10.032499999999999
tt_00_to_10,x3.mp1,VBS,0.0,0.0,5e-05,5e-05
tt_00_to_10,x3.mn1,VGS,-0.00528766222641516,0.919942661209804,25.0075,0.0007377058523710929
tt_00_to_10,x3.mn1,VGD,-1.8048089112213512,0.12922555850719974,25.0075,0.0004437021296191454
tt_00_to_10,x3.mn1,VDS,0.7528398871750418,1.8006556907221443,0.0002085931326562446,10.032499999999999
tt_00_to_10,x3.mn1,VBS,0.0,0.0,5e-05,5e-05
tt_00_to_10,x3.mp2,VGS,-1.0471601128249581,0.0006556907221442199,0.0002085931326562446,10.032499999999999
tt_00_to_10,x3.mp2,VGD,0.7220238678149238,1.8006292193795905,0.00029132042509954955,10.032499999999999
tt_00_to_10,x3.mp2,VDS,-1.8000101444030943,-1.723394801229819,25.0025,0.03259153568501741
tt_00_to_10,x3.mp2,VBS,0.0,0.0,5e-05,5e-05
tt_00_to_10,x3.mn2,VGS,0.7528398871750418,1.8006556907221443,0.0002085931326562446,10.032499999999999
tt_00_to_10,x3.mn2,VGD,0.7220238678149238,1.8006292193795905,0.00029132042509954955,10.032499999999999
tt_00_to_10,x3.mn2,VDS,-1.014440309431229e-05,0.07660519877018107,25.0025,0.03259153568501741
tt_00_to_10,x3.mn2,VBS,0.0,0.0,5e-05,5e-05
tt_00_to_10,x4.mp1,VGS,-1.805282707709329,-0.8845956180890566,10.007500000000006,0.0007377058523710929
tt_00_to_10,x4.mp1,VGD,-1.8048039118923314,0.12499972246346491,10.007500000000006,0.0004437021296191454
tt_00_to_10,x4.mp1,VDS,-1.0475949779093354,0.0006497065651946965,0.0002085931326562446,25.032500000000002
tt_00_to_10,x4.mp1,VBS,0.0,0.0,5e-05,5e-05
tt_00_to_10,x4.mn1,VGS,-0.005282707709328936,0.9154043819109434,10.007500000000006,0.0007377058523710929
tt_00_to_10,x4.mn1,VGD,-1.8048039118923314,0.12499972246346491,10.007500000000006,0.0004437021296191454
tt_00_to_10,x4.mn1,VDS,0.7524050220906647,1.8006497065651947,0.0002085931326562446,25.032500000000002
tt_00_to_10,x4.mn1,VBS,0.0,0.0,5e-05,5e-05
tt_00_to_10,x4.mp2,VGS,-1.0475949779093354,0.0006497065651946965,0.0002085931326562446,25.032500000000002
tt_00_to_10,x4.mp2,VGD,0.7215492654387997,1.8006236518975065,0.00029132042509954955,25.032500000000002
tt_00_to_10,x4.mp2,VDS,-1.8000124810007647,-1.7230631870470332,18.092499999999987,0.03259153568501741
tt_00_to_10,x4.mp2,VBS,0.0,0.0,5e-05,5e-05
tt_00_to_10,x4.mn2,VGS,0.7524050220906647,1.8006497065651947,0.0002085931326562446,25.032500000000002
tt_00_to_10,x4.mn2,VGD,0.7215492654387997,1.8006236518975065,0.00029132042509954955,25.032500000000002
tt_00_to_10,x4.mn2,VDS,-1.2481000764586814e-05,0.07693681295296675,18.092499999999987,0.03259153568501741
tt_00_to_10,x4.mn2,VBS,0.0,0.0,5e-05,5e-05
tt_00_to_10,x5.mp1,VGS,-1.8518630680813266,0.0642211745707939,20.0625,25.062499999999996
tt_00_to_10,x5.mp1,VGD,-1.8475471631195386,1.8636722998274255,20.0625,25.062499999999996
tt_00_to_10,x5.mp1,VDS,-1.8919547361734772,0.09614886799507127,25.107499999999987,20.092499999999994
tt_00_to_10,x5.mp1,VBS,0.0,0.0,5e-05,5e-05
tt_00_to_10,x5.mn1,VGS,-0.051863068081326555,1.864221174570794,20.0625,25.062499999999996
tt_00_to_10,x5.mn1,VGD,-1.8475471631195386,1.8636722998274255,20.0625,25.062499999999996
tt_00_to_10,x5.mn1,VDS,-0.09195473617347717,1.8961488679950713,25.107499999999987,20.092499999999994
tt_00_to_10,x5.mn1,VBS,0.0,0.0,5e-05,5e-05
tt_00_to_10,x5.mp2,VGS,-1.8919547361734772,0.09614886799507127,25.107499999999987,20.092499999999994
tt_00_to_10,x5.mp2,VGD,-1.8886639613136766,1.893650622070615,25.107499999999987,20.092499999999994
tt_00_to_10,x5.mp2,VDS,-1.8318639132148176,0.027971780589921336,20.127499999999987,25.14749999999998
tt_00_to_10,x5.mp2,VBS,0.0,0.0,5e-05,5e-05
tt_00_to_10,x5.mn2,VGS,-0.09195473617347717,1.8961488679950713,25.107499999999987,20.092499999999994
tt_00_to_10,x5.mn2,VGD,-1.8886639613136766,1.893650622070615,25.107499999999987,20.092499999999994
tt_00_to_10,x5.mn2,VDS,-0.03186391321481746,1.8279717805899214,20.127499999999987,25.14749999999998
tt_00_to_10,x5.mn2,VBS,0.0,0.0,5e-05,5e-05
tt_10_to_00,x1.m1,VGS,-1.8,-1.8,5e-05,5e-05
tt_10_to_00,x1.m1,VGD,-2.0711561746962004,-0.4024393090537237,25.107499999999987,5e-05
tt_10_to_00,x1.m1,VDS,-1.3975606909462763,0.27115617469620035,5e-05,25.107499999999987
tt_10_to_00,x1.m1,VBS,0.0,0.0,5e-05,5e-05
tt_10_to_00,x1.m2,VGS,0.0,0.0,5e-05,5e-05
tt_10_to_00,x1.m2,VGD,-2.0711561746962004,-0.4024393090537237,25.107499999999987,5e-05
tt_10_to_00,x1.m2,VDS,0.4024393090537237,2.0711561746962004,5e-05,25.107499999999987
tt_10_to_00,x1.m2,VBS,0.0,0.0,5e-05,5e-05
tt_10_to_00,x1.m3,VGS,-1.8,0.0,18.000000000000004,5e-05
tt_10_to_00,x1.m3,VGD,-1.9663517687281793,1.8304028297953212,25.10249999999999,5.0375000000000005
tt_10_to_00,x1.m3,VDS,-1.831497665150598,0.16635176872817925,17.977499999999996,25.10249999999999
tt_10_to_00,x1.m3,VBS,0.0,0.0,5e-05,5e-05
tt_10_to_00,x1.m4,VGS,0.0,1.8,18.000000000000004,5e-05
tt_10_to_00,x1.m4,VGD,-1.9663517687281793,1.8304028297953212,25.10249999999999,5.0375000000000005
tt_10_to_00,x1.m4,VDS,-0.03149766515059794,1.9663517687281793,17.977499999999996,25.10249999999999
tt_10_to_00,x1.m4,VBS,0.0,0.0,5e-05,5e-05
tt_10_to_00,x1.m5,VGS,-1.8,0.0,5e-05,5.025
tt_10_to_00,x1.m5,VGD,-1.8074943395386829,1.7999994703969806,18.052499999999995,21.857499999999657
tt_10_to_00,x1.m5,VDS,-1.826970250703428,0.15816433104043592,24.997500000000002,20.025000000000002
tt_10_to_00,x1.m5,VBS,0.0,0.0,5e-05,5e-05
tt_10_to_00,x1.m6,VGS,-1.1364098750951652,1.8183964877769112,17.977499999999996,25.0025
tt_10_to_00,x1.m6,VGD,-1.983929142373997,1.8174220252618425,5.0375000000000005,24.997500000000002
tt_10_to_00,x1.m6,VDS,-0.001647696357589129,1.956966283583802,24.992500000000003,9.982500000000002
tt_10_to_00,x1.m6,VBS,-1.3917588071289657,0.03482060233543263,18.362499999999937,10.007500000000006
tt_10_to_00,x1.m7,VGS,0.29034822091728696,1.8226109617659525,5e-05,25.0075
tt_10_to_00,x1.m7,VGD,0.17493195251275662,1.8226734199186636,5e-05,10.012500000000006
tt_10_to_00,x1.m7,VDS,-0.052710039590453756,0.48298637824780655,0.042586457333542375,20.017499999999995
tt_10_to_00,x1.m7,VBS,-1.1408585041045025,0.03591238815762657,4.9975,25.0075
tt_10_to_00,x1.m8,VGS,0.0,1.8,5e-05,5.025
tt_10_to_00,x1.m8,VGD,-1.1198434566154565,1.7999997912894552,18.12249999999998,21.927499999999647
tt_10_to_00,x1.m8,VDS,-0.03591238815762657,1.1408585041045025,25.0075,4.9975
tt_10_to_00,x1.m8,VBS,0.0,0.0,5e-05,5e-05
tt_10_to_00,x1.m9,VGS,-1.826970250703428,0.15816433104043592,24.997500000000002,20.025000000000002
tt_10_to_00,x1.m9,VGD,-1.8233719772638586,1.9574866611846888,24.997500000000002,20.025000000000002
tt_10_to_00,x1.m9,VDS,-1.848701861008345,0.06414770340810416,20.0625,25.062499999999996
tt_10_to_00,x1.m9,VBS,0.0,0.0,5e-05,5e-05
tt_10_to_00,x1.m10,VGS,-0.026970250703427845,1.958164331040436,24.997500000000002,20.025000000000002
tt_10_to_00,x1.m10,VGD,-1.8233719772638586,1.9574866611846888,24.997500000000002,20.025000000000002
tt_10_to_00,x1.m10,VDS,-0.04870186100834503,1.8641477034081042,20.0625,25.062499999999996
tt_10_to_00,x1.m10,VBS,0.0,0.0,5e-05,5e-05
tt_10_to_00,x1.m11,VGS,-1.8,0.0,5e-05,5.025
tt_10_to_00,x1.m11,VGD,-1.8083841956073352,-0.13416973480038075,18.07249999999999,24.975000000000005
tt_10_to_00,x1.m11,VDS,-0.9595804412480899,0.15546344928455702,5e-05,5.1874999999999964
tt_10_to_00,x1.m11,VBS,0.0,0.0,5e-05,5e-05
tt_10_to_00,x1.m12,VGS,-0.03070564339592996,0.788729019012087,17.977499999999996,18.267499999999956
tt_10_to_00,x1.m12,VGD,-1.9839152110831617,0.16636158457687755,5.0375000000000005,25.10249999999999
tt_10_to_00,x1.m12,VDS,0.5257977868374795,1.9566785145445265,25.025000000000002,5.0265
tt_10_to_00,x1.m12,VBS,-1.260249467866536,0.002795506532250329,25.107499999999987,5.0285
tt_10_to_00,x1.m13,VGS,-1.1402483887175376,0.6188321796247304,4.9975,0.03758645733354237
tt_10_to_00,x1.m13,VGD,-1.2581405506313488,0.6715193516040102,25.122499999999985,0.042586457333542375
tt_10_to_00,x1.m13,VDS,-1.1363275502554062,1.2484292182282473,4.9975,25.0075
tt_10_to_00,x1.m13,VBS,-1.1408585041045025,0.03591238815762657,4.9975,25.0075
tt_10_to_00,x1.m14,VGS,-0.9595804412480899,0.15546344928455702,5e-05,5.1874999999999964
tt_10_to_00,x1.m14,VGD,-0.0573954940572462,1.9554634074296422,0.0007376458600711765,5.1874999999999964
tt_10_to_00,x1.m14,VDS,-1.8052877821902107,-0.8783957620728643,10.007500000000006,0.0007376458600711765
tt_10_to_00,x1.m14,VBS,0.0,0.0,5e-05,5e-05
tt_10_to_00,x1.m15,VGS,0.8404195587519101,1.955463449284557,5e-05,5.1874999999999964
tt_10_to_00,x1.m15,VGD,-0.0573954940572462,1.9554634074296422,0.0007376458600711765,5.1874999999999964
tt_10_to_00,x1.m15,VDS,-0.0052877821902107035,0.9216042379271357,10.007500000000006,0.0007376458600711765
tt_10_to_00,x1.m15,VBS,0.0,0.0,5e-05,5e-05
tt_10_to_00,x1.m16,VGS,-1.8,0.0,5e-05,5.025
tt_10_to_00,x1.m16,VGD,-1.8008096915450749,1.799999343069526,18.007500000000004,7.3774999999999435
tt_10_to_00,x1.m16,VDS,-1.8267290312830162,0.15575442927503858,9.997500000000004,20.202499999999972
tt_10_to_00,x1.m16,VBS,0.0,0.0,5e-05,5e-05
tt_10_to_00,x1.m17,VGS,-1.0942220992261515,1.8211048223214688,30.000000000000004,10.002500000000005
tt_10_to_00,x1.m17,VGD,-1.9687878029258654,1.8189487791761516,20.028500000000005,9.997500000000004
tt_10_to_00,x1.m17,VDS,-0.0016241928599059242,1.9571024977889317,9.992500000000003,24.982500000000005
tt_10_to_00,x1.m17,VBS,-1.1750955654133197,0.0349143047406119,18.07749999999999,25.0075
tt_10_to_00,x1.m18,VGS,0.29034822091728696,1.8226109617659525,5e-05,25.0075
tt_10_to_00,x1.m18,VGD,0.13709034954764698,1.8227309151667377,0.07258645733354237,25.0125
tt_10_to_00,x1.m18,VDS,-0.18332695489628148,0.6678658812882727,18.172499999999975,0.08258645733354236
tt_10_to_00,x1.m18,VBS,-1.1408585041045025,0.03591238815762657,4.9975,25.0075
tt_10_to_00,x1.m19,VGS,-1.8267290312830162,0.15575442927503858,9.997500000000004,20.202499999999972
tt_10_to_00,x1.m19,VGD,-1.823190839627516,1.9557543799509538,9.997500000000004,20.20749999999997
tt_10_to_00,x1.m19,VDS,-1.8515890975083438,0.06422646520399655,5.0625,10.062500000000004
tt_10_to_00,x1.m19,VBS,0.0,0.0,5e-05,5e-05
tt_10_to_00,x1.m20,VGS,-0.02672903128301611,1.9557544292750386,9.997500000000004,20.202499999999972
tt_10_to_00,x1.m20,VGD,-1.823190839627516,1.9557543799509538,9.997500000000004,20.20749999999997
tt_10_to_00,x1.m20,VDS,-0.05158909750834362,1.8642264652039966,5.0625,10.062500000000004
tt_10_to_00,x1.m20,VBS,0.0,0.0,5e-05,5e-05
tt_10_to_00,x1.m21,VGS,-1.8,0.0,5e-05,5.025
tt_10_to_00,x1.m21,VGD,-1.8008750425632178,-0.14471515104307708,18.007500000000004,9.975000000000001
tt_10_to_00,x1.m21,VDS,-0.9773178681450437,0.15563807015594566,5e-05,20.187499999999975
tt_10_to_00,x1.m21,VBS,0.0,0.0,5e-05,5e-05
tt_10_to_00,x1.m22,VGS,-0.9241204461085146,0.9121670268284809,20.028500000000005,0.05258645733354238
tt_10_to_00,x1.m22,VGD,-1.968812733117396,0.08218410298238576,20.028500000000005,10.0285
tt_10_to_00,x1.m22,VDS,0.5152876860601665,1.1796851865903843,10.0255,0.03258645733354237
tt_10_to_00,x1.m22,VBS,-1.2552990239056205,-0.09271753643365713,18.07249999999999,8.661384840444847e-05
tt_10_to_00,x1.m23,VGS,-1.1402483887175376,0.6188321796247304,4.9975,0.03758645733354237
tt_10_to_00,x1.m23,VGD,-1.2549374892992107,0.4700719252406703,18.07249999999999,0.027586457333542366
tt_10_to_00,x1.m23,VDS,-0.22380724067840063,1.2627122301131106,19.9975,10.007500000000006
tt_10_to_00,x1.m23,VBS,-1.1408585041045025,0.03591238815762657,4.9975,25.0075
tt_10_to_00,x1.m24,VGS,-0.9773178681450437,0.15563807015594566,5e-05,20.187499999999975
tt_10_to_00,x1.m24,VGD,-0.06570492714799925,1.9556380580864778,0.0007376458600711765,20.187499999999975
tt_10_to_00,x1.m24,VDS,-1.805282659833672,-0.8842499691494857,25.0075,0.0007376458600711765
tt_10_to_00,x1.m24,VBS,0.0,0.0,5e-05,5e-05
tt_10_to_00,x1.m25,VGS,0.8226821318549563,1.9556380701559457,5e-05,20.187499999999975
tt_10_to_00,x1.m25,VGD,-0.06570492714799925,1.9556380580864778,0.0007376458600711765,20.187499999999975
tt_10_to_00,x1.m25,VDS,-0.005282659833671921,0.9157500308505143,25.0075,0.0007376458600711765
tt_10_to_00,x1.m25,VBS,0.0,0.0,5e-05,5e-05
tt_10_to_00,x1.m26,VGS,-1.3975606909462763,0.27115617469620035,5e-05,25.107499999999987
tt_10_to_00,x1.m26,VGD,-0.03753511454119707,2.068832388339134,0.03258645733354237,25.112499999999986
tt_10_to_00,x1.m26,VDS,-1.8254266033514666,-0.9496279082964041,20.022499999999994,0.042586457333542375
tt_10_to_00,x1.m26,VBS,0.0,0.0,5e-05,5e-05
tt_10_to_00,x1.m27,VGS,0.4024393090537237,2.0711561746962004,5e-05,25.107499999999987
tt_10_to_00,x1.m27,VGD,-0.03753511454119707,2.068832388339134,0.03258645733354237,25.112499999999986
tt_10_to_00,x1.m27,VDS,-0.025426603351466553,0.850372091703596,20.022499999999994,0.042586457333542375
tt_10_to_00,x1.m27,VBS,0.0,0.0,5e-05,5e-05
tt_10_to_00,x1.m28,VGS,-1.831497665150598,0.16635176872817925,17.977499999999996,25.10249999999999
tt_10_to_00,x1.m28,VGD,-1.8470083521875489,1.9647061437801507,10.0425,25.10249999999999
tt_10_to_00,x1.m28,VDS,-1.814067064793972,0.059934732301406335,20.028500000000005,10.052500000000002
tt_10_to_00,x1.m28,VBS,0.0,0.0,5e-05,5e-05
tt_10_to_00,x1.m29,VGS,-0.03149766515059794,1.9663517687281793,17.977499999999996,25.10249999999999
tt_10_to_00,x1.m29,VGD,-1.8470083521875489,1.9647061437801507,10.0425,25.10249999999999
tt_10_to_00,x1.m29,VDS,-0.014067064793972017,1.8599347323014064,20.028500000000005,10.052500000000002
tt_10_to_00,x1.m29,VBS,0.0,0.0,5e-05,5e-05
tt_10_to_00,x2.mp1,VGS,-1.848701861008345,0.06414770340810416,20.0625,25.062499999999996
tt_10_to_00,x2.mp1,VGD,-1.8446815070496752,1.8636549185398885,20.0625,25.062499999999996
tt_10_to_00,x2.mp1,VDS,-1.8817252796251787,0.09220395468042164,25.107499999999987,20.097499999999993
tt_10_to_00,x2.mp1,VBS,0.0,0.0,5e-05,5e-05
tt_10_to_00,x2.mn1,VGS,-0.04870186100834503,1.8641477034081042,20.0625,25.062499999999996
tt_10_to_00,x2.mn1,VGD,-1.8446815070496752,1.8636549185398885,20.0625,25.062499999999996
tt_10_to_00,x2.mn1,VDS,-0.08172527962517859,1.8922039546804217,25.107499999999987,20.097499999999993
tt_10_to_00,x2.mn1,VBS,0.0,0.0,5e-05,5e-05
tt_10_to_00,x2.mp2,VGS,-1.8817252796251787,0.09220395468042164,25.107499999999987,20.097499999999993
tt_10_to_00,x2.mp2,VGD,-1.8788147739859293,1.8901173069440835,25.107499999999987,20.097499999999993
tt_10_to_00,x2.mp2,VDS,-1.8323547668201663,0.028254369201811125,20.127499999999987,25.15249999999998
tt_10_to_00,x2.mp2,VBS,0.0,0.0,5e-05,5e-05
tt_10_to_00,x2.mn2,VGS,-0.08172527962517859,1.8922039546804217,25.107499999999987,20.097499999999993
tt_10_to_00,x2.mn2,VGD,-1.8788147739859293,1.8901173069440835,25.107499999999987,20.097499999999993
tt_10_to_00,x2.mn2,VDS,-0.032354766820166324,1.8282543692018112,20.127499999999987,25.15249999999998
tt_10_to_00,x2.mn2,VBS,0.0,0.0,5e-05,5e-05
tt_10_to_00,x3.mp1,VGS,-1.8052877821902107,-0.8783957620728643,10.007500000000006,0.0007376458600711765
tt_10_to_00,x3.mp1,VGD,-1.8048090270730464,0.1307420549016427,10.007500000000006,0.0004436892198655633
tt_10_to_00,x3.mp1,VDS,-1.0470855324399122,0.0006567126306469273,0.00020859339034816333,25.032500000000002
tt_10_to_00,x3.mp1,VBS,0.0,0.0,5e-05,5e-05
tt_10_to_00,x3.mn1,VGS,-0.0052877821902107035,0.9216042379271357,10.007500000000006,0.0007376458600711765
tt_10_to_00,x3.mn1,VGD,-1.8048090270730464,0.1307420549016427,10.007500000000006,0.0004436892198655633
tt_10_to_00,x3.mn1,VDS,0.7529144675600878,1.800656712630647,0.00020859339034816333,25.032500000000002
tt_10_to_00,x3.mn1,VBS,0.0,0.0,5e-05,5e-05
tt_10_to_00,x3.mp2,VGS,-1.0470855324399122,0.0006567126306469273,0.00020859339034816333,25.032500000000002
tt_10_to_00,x3.mp2,VGD,0.7221292032250151,1.8006305174701722,0.00029132081810785454,25.032500000000002
tt_10_to_00,x3.mp2,VDS,-1.8000101444911851,-1.7233483632313624,10.002500000000005,0.03258645733354237
tt_10_to_00,x3.mp2,VBS,0.0,0.0,5e-05,5e-05
tt_10_to_00,x3.mn2,VGS,0.7529144675600878,1.800656712630647,0.00020859339034816333,25.032500000000002
tt_10_to_00,x3.mn2,VGD,0.7221292032250151,1.8006305174701722,0.00029132081810785454,25.032500000000002
tt_10_to_00,x3.mn2,VDS,-1.0144491185115943e-05,0.07665163676863754,10.002500000000005,0.03258645733354237
tt_10_to_00,x3.mn2,VBS,0.0,0.0,5e-05,5e-05
tt_10_to_00,x4.mp1,VGS,-1.805282659833672,-0.8842499691494857,25.0075,0.0007376458600711765
tt_10_to_00,x4.mp1,VGD,-1.8048038644960398,0.1252792631430838,25.0075,0.0004436892198655633
tt_10_to_00,x4.mp1,VDS,-1.0475847335014792,0.0006489589280593844,0.00020859339034816333,10.032499999999999
tt_10_to_00,x4.mp1,VBS,0.0,0.0,5e-05,5e-05
tt_10_to_00,x4.mn1,VGS,-0.005282659833671921,0.9157500308505143,25.0075,0.0007376458600711765
tt_10_to_00,x4.mn1,VGD,-1.8048038644960398,0.1252792631430838,25.0075,0.0004436892198655633
tt_10_to_00,x4.mn1,VDS,0.7524152664985208,1.8006489589280594,0.00020859339034816333,10.032499999999999
tt_10_to_00,x4.mn1,VBS,0.0,0.0,5e-05,5e-05
tt_10_to_00,x4.mp2,VGS,-1.0475847335014792,0.0006489589280593844,0.00020859339034816333,10.032499999999999
tt_10_to_00,x4.mp2,VGD,0.7215651176802219,1.8006226641241612,0.00029132081810785454,10.032499999999999
tt_10_to_00,x4.mp2,VDS,-1.800010141203315,-1.723056304662657,25.0025,0.03258645733354237
tt_10_to_00,x4.mp2,VBS,0.0,0.0,5e-05,5e-05
tt_10_to_00,x4.mn2,VGS,0.7524152664985208,1.8006489589280594,0.00020859339034816333,10.032499999999999
tt_10_to_00,x4.mn2,VGD,0.7215651176802219,1.8006226641241612,0.00029132081810785454,10.032499999999999
tt_10_to_00,x4.mn2,VDS,-1.014120331488306e-05,0.07694369533734308,25.0025,0.03258645733354237
tt_10_to_00,x4.mn2,VBS,0.0,0.0,5e-05,5e-05
tt_10_to_00,x5.mp1,VGS,-1.8515890975083438,0.06422646520399655,5.0625,10.062500000000004
tt_10_to_00,x5.mp1,VGD,-1.847415271238869,1.8636777311078423,5.0625,10.062500000000004
tt_10_to_00,x5.mp1,VDS,-1.891958772718467,0.09805625302764498,10.107500000000009,5.092499999999999
tt_10_to_00,x5.mp1,VBS,0.0,0.0,5e-05,5e-05
tt_10_to_00,x5.mn1,VGS,-0.05158909750834362,1.8642264652039966,5.0625,10.062500000000004
tt_10_to_00,x5.mn1,VGD,-1.847415271238869,1.8636777311078423,5.0625,10.062500000000004
tt_10_to_00,x5.mn1,VDS,-0.09195877271846707,1.898056253027645,10.107500000000009,5.092499999999999
tt_10_to_00,x5.mn1,VBS,0.0,0.0,5e-05,5e-05
tt_10_to_00,x5.mp2,VGS,-1.891958772718467,0.09805625302764498,10.107500000000009,5.092499999999999
tt_10_to_00,x5.mp2,VGD,-1.8886678342475374,1.8955793028767138,10.107500000000009,5.092499999999999
tt_10_to_00,x5.mp2,VDS,-1.8312637495401118,0.027973091165979014,5.122499999999999,10.147500000000015
tt_10_to_00,x5.mp2,VBS,0.0,0.0,5e-05,5e-05
tt_10_to_00,x5.mn2,VGS,-0.09195877271846707,1.898056253027645,10.107500000000009,5.092499999999999
tt_10_to_00,x5.mn2,VGD,-1.8886678342475374,1.8955793028767138,10.107500000000009,5.092499999999999
tt_10_to_00,x5.mn2,VDS,-0.03126374954011175,1.827973091165979,5.122499999999999,10.147500000000015
tt_10_to_00,x5.mn2,VBS,0.0,0.0,5e-05,5e-05
tt_00_to_11,x1.m1,VGS,-1.8,0.0,5e-05,18.000000000000004
tt_00_to_11,x1.m1,VGD,-2.0711357067114315,1.868857764508116,10.107500000000009,20.026500000000006
tt_00_to_11,x1.m1,VDS,-1.868857764508116,0.2711357067114315,20.026500000000006,10.107500000000009
tt_00_to_11,x1.m1,VBS,0.0,0.0,5e-05,5e-05
tt_00_to_11,x1.m2,VGS,0.0,1.8,5e-05,18.000000000000004
tt_00_to_11,x1.m2,VGD,-2.0711357067114315,1.868857764508116,10.107500000000009,20.026500000000006
tt_00_to_11,x1.m2,VDS,-0.06885776450811591,2.0711357067114315,20.026500000000006,10.107500000000009
tt_00_to_11,x1.m2,VBS,0.0,0.0,5e-05,5e-05
tt_00_to_11,x1.m3,VGS,-1.8,0.0,5e-05,18.000000000000004
tt_00_to_11,x1.m3,VGD,-1.9661764576390028,1.8319923386693375,10.102500000000008,20.032500000000002
tt_00_to_11,x1.m3,VDS,-1.8319923386693375,0.1661764576390028,20.032500000000002,10.102500000000008
tt_00_to_11,x1.m3,VBS,0.0,0.0,5e-05,5e-05
tt_00_to_11,x1.m4,VGS,0.0,1.8,5e-05,18.000000000000004
tt_00_to_11,x1.m4,VGD,-1.9661764576390028,1.8319923386693375,10.102500000000008,20.032500000000002
tt_00_to_11,x1.m4,VDS,-0.03199233866933738,1.9661764576390028,20.032500000000002,10.102500000000008
tt_00_to_11,x1.m4,VBS,0.0,0.0,5e-05,5e-05
tt_00_to_11,x1.m5,VGS,-1.8,0.0,5e-05,5.025
tt_00_to_11,x1.m5,VGD,-1.8011218734469692,1.7999993687463463,17.972499999999997,7.1374999999999496
tt_00_to_11,x1.m5,VDS,-1.8269848987454715,0.15545793082229986,9.997500000000004,20.192499999999974
tt_00_to_11,x1.m5,VBS,0.0,0.0,5e-05,5e-05
tt_00_to_11,x1.m6,VGS,-0.540074024278255,1.8182817648039356,20.037500000000005,10.002500000000005
tt_00_to_11,x1.m6,VGD,-1.9854064916184944,1.8173364894716,20.032500000000002,9.997500000000004
tt_00_to_11,x1.m6,VDS,-0.0016486174095017674,1.4469595927666317,9.992500000000003,20.028500000000005
tt_00_to_11,x1.m6,VBS,-1.1791432749319513,0.028476686439917326,17.972499999999997,10.002500000000005
tt_00_to_11,x1.m7,VGS,-1.1540013919476964,1.8226195184567227,19.9975,10.007500000000006
tt_00_to_11,x1.m7,VGD,-0.5765192089609972,1.8146633558937921,20.025500000000005,10.002500000000005
tt_00_to_11,x1.m7,VDS,-0.6338820332294111,0.5549254637908517,19.9975,25.0075
tt_00_to_11,x1.m7,VBS,-1.157631770756701,0.03592856708850044,19.9975,10.007500000000006
tt_00_to_11,x1.m8,VGS,0.0,1.8,5e-05,5.025
tt_00_to_11,x1.m8,VGD,-1.1269080144007457,1.7999997463380062,17.972499999999997,21.022499999999816
tt_00_to_11,x1.m8,VDS,-0.03592856708850044,1.157631770756701,10.007500000000006,19.9975
tt_00_to_11,x1.m8,VBS,0.0,0.0,5e-05,5e-05
tt_00_to_11,x1.m9,VGS,-1.8269848987454715,0.15545793082229986,9.997500000000004,20.192499999999974
tt_00_to_11,x1.m9,VGD,-1.8233846373672509,1.9554579262087377,9.997500000000004,20.192499999999974
tt_00_to_11,x1.m9,VDS,-1.848862404137528,0.06415501880940178,5.0625,10.062500000000004
tt_00_to_11,x1.m9,VBS,0.0,0.0,5e-05,5e-05
tt_00_to_11,x1.m10,VGS,-0.026984898745471452,1.9554579308223,9.997500000000004,20.192499999999974
tt_00_to_11,x1.m10,VGD,-1.8233846373672509,1.9554579262087377,9.997500000000004,20.192499999999974
tt_00_to_11,x1.m10,VDS,-0.04886240413752795,1.8641550188094018,5.0625,10.062500000000004
tt_00_to_11,x1.m10,VBS,0.0,0.0,5e-05,5e-05
tt_00_to_11,x1.m11,VGS,-1.8,0.0,5e-05,5.025
tt_00_to_11,x1.m11,VGD,-1.8012435544156216,-0.14293563877099635,17.972499999999997,5.107499999999999
tt_00_to_11,x1.m11,VDS,-0.9609413631963373,0.15558165929978873,5e-05,20.20749999999997
tt_00_to_11,x1.m11,VBS,0.0,0.0,5e-05,5e-05
tt_00_to_11,x1.m12,VGS,-1.2463715226098702,0.8001549111847492,18.20249999999997,0.09759153568501738
tt_00_to_11,x1.m12,VGD,-1.9853903769065433,0.1660285666672281,20.032500000000002,10.102500000000008
tt_00_to_11,x1.m12,VDS,0.517044037075092,1.9570012198763367,10.0255,24.982500000000005
tt_00_to_11,x1.m12,VBS,-1.270546917745724,0.03353742536325446,10.107500000000009,25.0075
tt_00_to_11,x1.m13,VGS,-1.1402229838114584,1.827850969104521,4.9975,25.0075
tt_00_to_11,x1.m13,VGD,-1.268214419755254,1.8291072851578338,10.11750000000001,25.0125
tt_00_to_11,x1.m13,VDS,-0.02416781103993826,1.26064486463551,25.077499999999993,10.007500000000006
tt_00_to_11,x1.m13,VBS,-1.157631770756701,0.03592856708850044,19.9975,10.007500000000006
tt_00_to_11,x1.m14,VGS,-0.9609413631963373,0.15558165929978873,5e-05,20.20749999999997
tt_00_to_11,x1.m14,VGD,-0.05976896442640944,1.9555816410654032,0.0007377058523710929,20.20749999999997
tt_00_to_11,x1.m14,VDS,-1.8052904051812169,-0.8800573387901961,25.0075,0.0007377058523710929
tt_00_to_11,x1.m14,VBS,0.0,0.0,5e-05,5e-05
tt_00_to_11,x1.m15,VGS,0.8390586368036628,1.9555816592997888,5e-05,20.20749999999997
tt_00_to_11,x1.m15,VGD,-0.05976896442640944,1.9555816410654032,0.0007377058523710929,20.20749999999997
tt_00_to_11,x1.m15,VDS,-0.005290405181216756,0.919942661209804,25.0075,0.0007377058523710929
tt_00_to_11,x1.m15,VBS,0.0,0.0,5e-05,5e-05
tt_00_to_11,x1.m16,VGS,-1.8,0.0,5e-05,5.025
tt_00_to_11,x1.m16,VGD,-1.8283652408748923,-0.13774269292039443,18.092499999999987,24.975000000000005
tt_00_to_11,x1.m16,VDS,-0.9773765735720195,0.1557539398840404,5e-05,5.202499999999996
tt_00_to_11,x1.m16,VBS,0.0,0.0,5e-05,5e-05
tt_00_to_11,x1.m17,VGS,-1.120408188056949,0.6840056158190466,17.972499999999997,18.19249999999997
tt_00_to_11,x1.m17,VGD,-1.968378011055461,0.0841952674881461,5.0285,25.0285
tt_00_to_11,x1.m17,VDS,0.5212628253909546,1.9571076278566468,25.0255,9.982500000000002
tt_00_to_11,x1.m17,VBS,-1.2371395443649194,0.03492912713948613,25.0525,10.007500000000006
tt_00_to_11,x1.m18,VGS,-1.1540013919476964,1.8226195184567227,19.9975,10.007500000000006
tt_00_to_11,x1.m18,VGD,-1.233741035431826,1.8227394906709227,30.000000000000004,10.012500000000006
tt_00_to_11,x1.m18,VDS,-0.049326996231320974,1.2519223891723084,4.9975,25.0075
tt_00_to_11,x1.m18,VBS,-1.157631770756701,0.03592856708850044,19.9975,10.007500000000006
tt_00_to_11,x1.m19,VGS,-0.9773765735720195,0.1557539398840404,5e-05,5.202499999999996
tt_00_to_11,x1.m19,VGD,-0.06634022555039154,1.9557538978998776,0.0007377058523710929,5.202499999999996
tt_00_to_11,x1.m19,VDS,-1.805284139129227,-0.8847008399838906,10.007500000000006,0.0007377058523710929
tt_00_to_11,x1.m19,VBS,0.0,0.0,5e-05,5e-05
tt_00_to_11,x1.m20,VGS,0.8226234264279806,1.9557539398840404,5e-05,5.202499999999996
tt_00_to_11,x1.m20,VGD,-0.06634022555039154,1.9557538978998776,0.0007377058523710929,5.202499999999996
tt_00_to_11,x1.m20,VDS,-0.005284139129226877,0.9152991600161094,10.007500000000006,0.0007377058523710929
tt_00_to_11,x1.m20,VBS,0.0,0.0,5e-05,5e-05
tt_00_to_11,x1.m21,VGS,-1.8,0.0,5e-05,5.025
tt_00_to_11,x1.m21,VGD,-1.8298354423308785,1.79999936548528,18.087499999999988,21.037499999999813
tt_00_to_11,x1.m21,VDS,-1.8264042222869323,0.15563852218777918,24.997500000000002,5.1824999999999966
tt_00_to_11,x1.m21,VBS,0.0,0.0,5e-05,5e-05
tt_00_to_11,x1.m22,VGS,-0.0270003172846537,1.8205555619580611,0.0775915356850174,25.0025
tt_00_to_11,x1.m22,VGD,-1.9683972592667756,1.8187582783607554,5.0285,24.997500000000002
tt_00_to_11,x1.m22,VDS,-0.0017546963875131605,1.959066824254223,24.992500000000003,5.0255
tt_00_to_11,x1.m22,VBS,-1.152069867036477,0.027415874701202127,19.9925,25.0025
tt_00_to_11,x1.m23,VGS,-1.1402229838114584,1.827850969104521,4.9975,25.0075
tt_00_to_11,x1.m23,VGD,-0.024280414156380905,1.8185237840305923,18.0225,25.0025
tt_00_to_11,x1.m23,VDS,-1.1397917460222857,0.40369439997868806,4.9975,20.022499999999994
tt_00_to_11,x1.m23,VBS,-1.157631770756701,0.03592856708850044,19.9975,10.007500000000006
tt_00_to_11,x1.m24,VGS,-1.8264042222869323,0.15563852218777918,24.997500000000002,5.1824999999999966
tt_00_to_11,x1.m24,VGD,-1.8229451008198847,1.9556384833927556,24.997500000000002,5.1874999999999964
tt_00_to_11,x1.m24,VDS,-1.854900284605975,0.06159888720271778,20.0625,25.062499999999996
tt_00_to_11,x1.m24,VBS,0.0,0.0,5e-05,5e-05
tt_00_to_11,x1.m25,VGS,-0.02640422228693229,1.9556385221877792,24.997500000000002,5.1824999999999966
tt_00_to_11,x1.m25,VGD,-1.8229451008198847,1.9556384833927556,24.997500000000002,5.1874999999999964
tt_00_to_11,x1.m25,VDS,-0.05490028460597494,1.8615988872027178,20.0625,25.062499999999996
tt_00_to_11,x1.m25,VBS,0.0,0.0,5e-05,5e-05
tt_00_to_11,x1.m26,VGS,-1.868857764508116,0.2711357067114315,20.026500000000006,10.107500000000009
tt_00_to_11,x1.m26,VGD,-1.868844909112908,2.068812397925308,25.067499999999995,10.11250000000001
tt_00_to_11,x1.m26,VDS,-1.8317682011949254,0.09725533201562953,18.0225,25.062499999999996
tt_00_to_11,x1.m26,VBS,0.0,0.0,5e-05,5e-05
tt_00_to_11,x1.m27,VGS,-0.06885776450811591,2.0711357067114315,20.026500000000006,10.107500000000009
tt_00_to_11,x1.m27,VGD,-1.868844909112908,2.068812397925308,25.067499999999995,10.11250000000001
tt_00_to_11,x1.m27,VDS,-0.03176820119492543,1.8972553320156296,18.0225,25.062499999999996
tt_00_to_11,x1.m27,VBS,0.0,0.0,5e-05,5e-05
tt_00_to_11,x1.m28,VGS,-1.8319923386693375,0.1661764576390028,20.032500000000002,10.102500000000008
tt_00_to_11,x1.m28,VGD,-1.8465346268728628,1.9645303706963295,25.0425,10.102500000000008
tt_00_to_11,x1.m28,VDS,-1.828971667806478,0.058245954231293195,18.0225,25.0525
tt_00_to_11,x1.m28,VBS,0.0,0.0,5e-05,5e-05
tt_00_to_11,x1.m29,VGS,-0.03199233866933738,1.9661764576390028,20.032500000000002,10.102500000000008
tt_00_to_11,x1.m29,VGD,-1.8465346268728628,1.9645303706963295,25.0425,10.102500000000008
tt_00_to_11,x1.m29,VDS,-0.028971667806477946,1.8582459542312932,18.0225,25.0525
tt_00_to_11,x1.m29,VBS,0.0,0.0,5e-05,5e-05
tt_00_to_11,x2.mp1,VGS,-1.848862404137528,0.06415501880940178,5.0625,10.062500000000004
tt_00_to_11,x2.mp1,VGD,-1.8449351570665455,1.8636623472843128,5.0625,10.062500000000004
tt_00_to_11,x2.mp1,VDS,-1.8817560937167535,0.09538625903027742,10.107500000000009,5.092499999999999
tt_00_to_11,x2.mp1,VBS,0.0,0.0,5e-05,5e-05
tt_00_to_11,x2.mn1,VGS,-0.04886240413752795,1.8641550188094018,5.0625,10.062500000000004
tt_00_to_11,x2.mn1,VGD,-1.8449351570665455,1.8636623472843128,5.0625,10.062500000000004
tt_00_to_11,x2.mn1,VDS,-0.08175609371675333,1.8953862590302775,10.107500000000009,5.092499999999999
tt_00_to_11,x2.mn1,VBS,0.0,0.0,5e-05,5e-05
tt_00_to_11,x2.mp2,VGS,-1.8817560937167535,0.09538625903027742,10.107500000000009,5.092499999999999
tt_00_to_11,x2.mp2,VGD,-1.878844486206074,1.8929001212717005,10.107500000000009,5.092499999999999
tt_00_to_11,x2.mp2,VDS,-1.831960222545839,0.028253404254526826,5.127499999999999,10.152500000000016
tt_00_to_11,x2.mp2,VBS,0.0,0.0,5e-05,5e-05
tt_00_to_11,x2.mn2,VGS,-0.08175609371675333,1.8953862590302775,10.107500000000009,5.092499999999999
tt_00_to_11,x2.mn2,VGD,-1.878844486206074,1.8929001212717005,10.107500000000009,5.092499999999999
tt_00_to_11,x2.mn2,VDS,-0.031960222545838815,1.8282534042545269,5.127499999999999,10.152500000000016
tt_00_to_11,x2.mn2,VBS,0.0,0.0,5e-05,5e-05
tt_00_to_11,x3.mp1,VGS,-1.8052904051812169,-0.8800573387901961,25.0075,0.0007377058523710929
tt_00_to_11,x3.mp1,VGD,-1.8048113253054388,0.12922555850719974,25.0075,0.0004437021296191454
tt_00_to_11,x3.mp1,VDS,-1.0471601128249581,0.0006556907221442199,0.0002085931326562446,10.032499999999999
tt_00_to_11,x3.mp1,VBS,0.0,0.0,5e-05,5e-05
tt_00_to_11,x3.mn1,VGS,-0.005290405181216756,0.919942661209804,25.0075,0.0007377058523710929
tt_00_to_11,x3.mn1,VGD,-1.8048113253054388,0.12922555850719974,25.0075,0.0004437021296191454
tt_00_to_11,x3.mn1,VDS,0.7528398871750418,1.8006556907221443,0.0002085931326562446,10.032499999999999
tt_00_to_11,x3.mn1,VBS,0.0,0.0,5e-05,5e-05
tt_00_to_11,x3.mp2,VGS,-1.0471601128249581,0.0006556907221442199,0.0002085931326562446,10.032499999999999
tt_00_to_11,x3.mp2,VGD,0.7220238678149238,1.8006292193795905,0.00029132042509954955,10.032499999999999
tt_00_to_11,x3.mp2,VDS,-1.80001015613845,-1.723394801229819,25.0025,0.03259153568501741
tt_00_to_11,x3.mp2,VBS,0.0,0.0,5e-05,5e-05
tt_00_to_11,x3.mn2,VGS,0.7528398871750418,1.8006556907221443,0.0002085931326562446,10.032499999999999
tt_00_to_11,x3.mn2,VGD,0.7220238678149238,1.8006292193795905,0.00029132042509954955,10.032499999999999
tt_00_to_11,x3.mn2,VDS,-1.0156138450021532e-05,0.07660519877018107,25.0025,0.03259153568501741
tt_00_to_11,x3.mn2,VBS,0.0,0.0,5e-05,5e-05
tt_00_to_11,x4.mp1,VGS,-1.854900284605975,0.06159888720271778,20.0625,25.062499999999996
tt_00_to_11,x4.mp1,VGD,-1.8504815612282517,1.8611322935223302,20.0625,25.067499999999995
tt_00_to_11,x4.mp1,VDS,-1.8848803177411069,0.09391286293616741,25.107499999999987,20.092499999999994
tt_00_to_11,x4.mp1,VBS,0.0,0.0,5e-05,5e-05
tt_00_to_11,x4.mn1,VGS,-0.05490028460597494,1.8615988872027178,20.0625,25.062499999999996
tt_00_to_11,x4.mn1,VGD,-1.8504815612282517,1.8611322935223302,20.0625,25.067499999999995
tt_00_to_11,x4.mn1,VDS,-0.08488031774110683,1.8939128629361675,25.107499999999987,20.092499999999994
tt_00_to_11,x4.mn1,VBS,0.0,0.0,5e-05,5e-05
tt_00_to_11,x4.mp2,VGS,-1.8848803177411069,0.09391286293616741,25.107499999999987,20.092499999999994
tt_00_to_11,x4.mp2,VGD,-1.8818482801774654,1.8917333911536942,25.107499999999987,20.092499999999994
tt_00_to_11,x4.mp2,VDS,-1.8323851099229034,0.028212388924121035,20.122499999999988,25.15249999999998
tt_00_to_11,x4.mp2,VBS,0.0,0.0,5e-05,5e-05
tt_00_to_11,x4.mn2,VGS,-0.08488031774110683,1.8939128629361675,25.107499999999987,20.092499999999994
tt_00_to_11,x4.mn2,VGD,-1.8818482801774654,1.8917333911536942,25.107499999999987,20.092499999999994
tt_00_to_11,x4.mn2,VDS,-0.032385109922903346,1.828212388924121,20.122499999999988,25.15249999999998
tt_00_to_11,x4.mn2,VBS,0.0,0.0,5e-05,5e-05
tt_00_to_11,x5.mp1,VGS,-1.805284139129227,-0.8847008399838906,10.007500000000006,0.0007377058523710929
tt_00_to_11,x5.mp1,VGD,-1.8048051595466887,0.12491004065571909,10.007500000000006,0.0004437021296191454
tt_00_to_11,x5.mp1,VDS,-1.047594208238553,0.0006491363028682251,0.0002085931326562446,25.032500000000002
tt_00_to_11,x5.mp1,VBS,0.0,0.0,5e-05,5e-05
tt_00_to_11,x5.mn1,VGS,-0.005284139129226877,0.9152991600161094,10.007500000000006,0.0007377058523710929
tt_00_to_11,x5.mn1,VGD,-1.8048051595466887,0.12491004065571909,10.007500000000006,0.0004437021296191454
tt_00_to_11,x5.mn1,VDS,0.7524057917614471,1.8006491363028683,0.0002085931326562446,25.032500000000002
tt_00_to_11,x5.mn1,VBS,0.0,0.0,5e-05,5e-05
tt_00_to_11,x5.mp2,VGS,-1.047594208238553,0.0006491363028682251,0.0002085931326562446,25.032500000000002
tt_00_to_11,x5.mp2,VGD,0.721547239970968,1.8006230383677342,0.00029132042509954955,25.032500000000002
tt_00_to_11,x5.mp2,VDS,-1.8000101439592064,-1.7230546255912058,10.002500000000005,0.03259153568501741
tt_00_to_11,x5.mp2,VBS,0.0,0.0,5e-05,5e-05
tt_00_to_11,x5.mn2,VGS,0.7524057917614471,1.8006491363028683,0.0002085931326562446,25.032500000000002
tt_00_to_11,x5.mn2,VGD,0.721547239970968,1.8006230383677342,0.00029132042509954955,25.032500000000002
tt_00_to_11,x5.mn2,VDS,-1.0143959206408833e-05,0.0769453744087942,10.002500000000005,0.03259153568501741
tt_00_to_11,x5.mn2,VBS,0.0,0.0,5e-05,5e-05
tt_11_to_00,x1.m1,VGS,-1.8,0.0,18.000000000000004,5e-05
tt_11_to_00,x1.m1,VGD,-2.071150114828141,1.867858072463388,25.107499999999987,5.0265
tt_11_to_00,x1.m1,VDS,-1.867858072463388,0.271150114828141,5.0265,25.107499999999987
tt_11_to_00,x1.m1,VBS,0.0,0.0,5e-05,5e-05
tt_11_to_00,x1.m2,VGS,0.0,1.8,18.000000000000004,5e-05
tt_11_to_00,x1.m2,VGD,-2.071150114828141,1.867858072463388,25.107499999999987,5.0265
tt_11_to_00,x1.m2,VDS,-0.06785807246338796,2.071150114828141,5.0265,25.107499999999987
tt_11_to_00,x1.m2,VBS,0.0,0.0,5e-05,5e-05
tt_11_to_00,x1.m3,VGS,-1.8,0.0,18.000000000000004,5e-05
tt_11_to_00,x1.m3,VGD,-1.9663043267532012,1.8298270793865012,25.10249999999999,5.032500000000001
tt_11_to_00,x1.m3,VDS,-1.8317350254376865,0.16630432675320117,17.977499999999996,25.10249999999999
tt_11_to_00,x1.m3,VBS,0.0,0.0,5e-05,5e-05
tt_11_to_00,x1.m4,VGS,0.0,1.8,18.000000000000004,5e-05
tt_11_to_00,x1.m4,VGD,-1.9663043267532012,1.8298270793865012,25.10249999999999,5.032500000000001
tt_11_to_00,x1.m4,VDS,-0.031735025437686484,1.9663043267532012,17.977499999999996,25.10249999999999
tt_11_to_00,x1.m4,VBS,0.0,0.0,5e-05,5e-05
tt_11_to_00,x1.m5,VGS,-1.8,0.0,5e-05,5.025
tt_11_to_00,x1.m5,VGD,-1.8079772182198381,1.7999994406192057,18.062499999999993,21.907499999999647
tt_11_to_00,x1.m5,VDS,-1.8269727121242894,0.15545870580111654,24.997500000000002,5.1874999999999964
tt_11_to_00,x1.m5,VBS,0.0,0.0,5e-05,5e-05
tt_11_to_00,x1.m6,VGS,-0.023104804256873716,1.8183719973012822,17.977499999999996,25.0025
tt_11_to_00,x1.m6,VGD,-1.9833694636504304,1.817403985566608,5.032500000000001,24.997500000000002
tt_11_to_00,x1.m6,VDS,-0.001647918636034803,1.9664104758303613,24.992500000000003,5.0285
tt_11_to_00,x1.m6,VBS,-1.1501669619960198,0.028463047073642667,19.9975,25.0025
tt_11_to_00,x1.m7,VGS,-1.1440387622351935,1.8226124207947418,17.977499999999996,25.0075
tt_11_to_00,x1.m7,VGD,-0.0558028494052665,1.8146543073081653,5.0265,25.0025
tt_11_to_00,x1.m7,VDS,-1.1400705393371957,0.4193679737478103,4.9975,20.022499999999994
tt_11_to_00,x1.m7,VBS,-1.2353173607493426,0.03591529924442374,18.097499999999986,25.0075
tt_11_to_00,x1.m8,VGS,0.0,1.8,5e-05,5.025
tt_11_to_00,x1.m8,VGD,-1.2353173607493426,1.7999997781415789,18.097499999999986,21.972499999999638
tt_11_to_00,x1.m8,VDS,-0.03591529924442374,1.2353173607493426,25.0075,18.097499999999986
tt_11_to_00,x1.m8,VBS,0.0,0.0,5e-05,5e-05
tt_11_to_00,x1.m9,VGS,-1.8269727121242894,0.15545870580111654,24.997500000000002,5.1874999999999964
tt_11_to_00,x1.m9,VGD,-1.8233740647280359,1.955458641437261,24.997500000000002,5.192499999999996
tt_11_to_00,x1.m9,VDS,-1.848604256376989,0.0641488184135961,20.0625,25.062499999999996
tt_11_to_00,x1.m9,VBS,0.0,0.0,5e-05,5e-05
tt_11_to_00,x1.m10,VGS,-0.026972712124289287,1.9554587058011166,24.997500000000002,5.1874999999999964
tt_11_to_00,x1.m10,VGD,-1.8233740647280359,1.955458641437261,24.997500000000002,5.192499999999996
tt_11_to_00,x1.m10,VDS,-0.04860425637698909,1.8641488184135961,20.0625,25.062499999999996
tt_11_to_00,x1.m10,VBS,0.0,0.0,5e-05,5e-05
tt_11_to_00,x1.m11,VGS,-1.8,0.0,5e-05,5.025
tt_11_to_00,x1.m11,VGD,-1.8075906831269533,-0.1365585111125911,18.052499999999995,24.975000000000005
tt_11_to_00,x1.m11,VDS,-0.959557990122973,0.1555830929231119,5e-05,5.207499999999996
tt_11_to_00,x1.m11,VBS,0.0,0.0,5e-05,5e-05
tt_11_to_00,x1.m12,VGS,-1.1357177586253275,0.7047296350805528,17.982499999999995,25.10249999999999
tt_11_to_00,x1.m12,VGD,-1.9833677148982571,0.16628540063865893,5.032500000000001,25.10249999999999
tt_11_to_00,x1.m12,VDS,0.5247967734116854,1.9570066701981228,25.0255,9.982500000000002
tt_11_to_00,x1.m12,VBS,-1.2617292062307217,0.03354600549775977,25.107499999999987,10.007500000000006
tt_11_to_00,x1.m13,VGS,-1.1553066399506333,1.8278578820210312,19.9975,10.007500000000006
tt_11_to_00,x1.m13,VGD,-1.259573924388051,1.8291133869564045,25.122499999999985,10.012500000000006
tt_11_to_00,x1.m13,VDS,-0.049097783489398195,1.2502194565783122,4.9975,25.0075
tt_11_to_00,x1.m13,VBS,-1.2353173607493426,0.03591529924442374,18.097499999999986,25.0075
tt_11_to_00,x1.m14,VGS,-0.959557990122973,0.1555830929231119,5e-05,5.207499999999996
tt_11_to_00,x1.m14,VGD,-0.05736865891867693,1.9555830798545788,0.0007376459006522134,5.207499999999996
tt_11_to_00,x1.m14,VDS,-1.8052904396982212,-0.8783769766297883,10.007500000000006,0.0007376459006522134
tt_11_to_00,x1.m14,VBS,0.0,0.0,5e-05,5e-05
tt_11_to_00,x1.m15,VGS,0.840442009877027,1.955583092923112,5e-05,5.207499999999996
tt_11_to_00,x1.m15,VGD,-0.05736865891867693,1.9555830798545788,0.0007376459006522134,5.207499999999996
tt_11_to_00,x1.m15,VDS,-0.005290439698221119,0.9216230233702117,10.007500000000006,0.0007376459006522134
tt_11_to_00,x1.m15,VBS,0.0,0.0,5e-05,5e-05
tt_11_to_00,x1.m16,VGS,-1.8,0.0,5e-05,5.025
tt_11_to_00,x1.m16,VGD,-1.8007844609337849,-0.1447189580911692,18.007500000000004,9.975000000000001
tt_11_to_00,x1.m16,VDS,-0.9771816439093276,0.15575347709560217,5e-05,20.202499999999972
tt_11_to_00,x1.m16,VBS,0.0,0.0,5e-05,5e-05
tt_11_to_00,x1.m17,VGS,-1.2424293410259857,0.9112089898415712,18.477499999999914,0.04758618016060794
tt_11_to_00,x1.m17,VGD,-1.9693673325297727,0.08230204374918926,20.028500000000005,10.0285
tt_11_to_00,x1.m17,VDS,0.40743479612213496,1.9571025628721133,18.102499999999985,24.982500000000005
tt_11_to_00,x1.m17,VBS,-1.389914171173652,0.03491691267275238,18.097499999999986,25.0075
tt_11_to_00,x1.m18,VGS,-1.1440387622351935,1.8226124207947418,17.977499999999996,25.0075
tt_11_to_00,x1.m18,VGD,-1.2709269040941689,1.8227324174908304,17.977499999999996,25.0125
tt_11_to_00,x1.m18,VDS,-0.02280118789197466,1.26123020877891,25.057499999999997,10.007500000000006
tt_11_to_00,x1.m18,VBS,-1.2353173607493426,0.03591529924442374,18.097499999999986,25.0075
tt_11_to_00,x1.m19,VGS,-0.9771816439093276,0.15575347709560217,5e-05,20.202499999999972
tt_11_to_00,x1.m19,VGD,-0.06584147308220045,1.955753432827392,0.0007376459006522134,20.20749999999997
tt_11_to_00,x1.m19,VDS,-1.8052841216453237,-0.8843474142976303,25.0075,0.0007376459006522134
tt_11_to_00,x1.m19,VBS,0.0,0.0,5e-05,5e-05
tt_11_to_00,x1.m20,VGS,0.8228183560906724,1.9557534770956022,5e-05,20.202499999999972
tt_11_to_00,x1.m20,VGD,-0.06584147308220045,1.955753432827392,0.0007376459006522134,20.20749999999997
tt_11_to_00,x1.m20,VDS,-0.005284121645323574,0.9156525857023697,25.0075,0.0007376459006522134
tt_11_to_00,x1.m20,VBS,0.0,0.0,5e-05,5e-05
tt_11_to_00,x1.m21,VGS,-1.8,0.0,5e-05,5.025
tt_11_to_00,x1.m21,VGD,-1.8008396664378399,1.7999993464151736,18.007500000000004,6.222499999999972
tt_11_to_00,x1.m21,VDS,-1.8264123431501758,0.15563694786985827,9.997500000000004,20.187499999999975
tt_11_to_00,x1.m21,VBS,0.0,0.0,5e-05,5e-05
tt_11_to_00,x1.m22,VGS,-0.5328322460129308,1.8205075752728428,20.028500000000005,10.002500000000005
tt_11_to_00,x1.m22,VGD,-1.9693963808481127,1.8187206746632434,20.028500000000005,9.997500000000004
tt_11_to_00,x1.m22,VDS,-0.001755132383597098,1.4369134003156154,9.992500000000003,20.025500000000005
tt_11_to_00,x1.m22,VBS,-1.1857552781203544,0.027424699955534492,18.07249999999999,10.002500000000005
tt_11_to_00,x1.m23,VGS,-1.1553066399506333,1.8278578820210312,19.9975,10.007500000000006
tt_11_to_00,x1.m23,VGD,-0.544724709147167,1.8185319334812031,20.017499999999995,10.002500000000005
tt_11_to_00,x1.m23,VDS,-0.6317152393592911,0.5596262474746981,19.9975,25.0075
tt_11_to_00,x1.m23,VBS,-1.2353173607493426,0.03591529924442374,18.097499999999986,25.0075
tt_11_to_00,x1.m24,VGS,-1.8264123431501758,0.15563694786985827,9.997500000000004,20.187499999999975
tt_11_to_00,x1.m24,VGD,-1.8229523279486177,1.95563693523869,9.997500000000004,20.187499999999975
tt_11_to_00,x1.m24,VDS,-1.8543498165605903,0.06160436430402649,5.0625,10.062500000000004
tt_11_to_00,x1.m24,VBS,0.0,0.0,5e-05,5e-05
tt_11_to_00,x1.m25,VGS,-0.026412343150175654,1.9556369478698583,9.997500000000004,20.187499999999975
tt_11_to_00,x1.m25,VGD,-1.8229523279486177,1.95563693523869,9.997500000000004,20.187499999999975
tt_11_to_00,x1.m25,VDS,-0.05434981656059015,1.8616043643040265,5.0625,10.062500000000004
tt_11_to_00,x1.m25,VBS,0.0,0.0,5e-05,5e-05
tt_11_to_00,x1.m26,VGS,-1.867858072463388,0.271150114828141,5.0265,25.107499999999987
tt_11_to_00,x1.m26,VGD,-1.8689214876050326,2.068826670744342,10.067500000000004,25.112499999999986
tt_11_to_00,x1.m26,VDS,-1.8257374159720858,0.09725898167267433,20.022499999999994,10.062500000000004
tt_11_to_00,x1.m26,VBS,0.0,0.0,5e-05,5e-05
tt_11_to_00,x1.m27,VGS,-0.06785807246338796,2.071150114828141,5.0265,25.107499999999987
tt_11_to_00,x1.m27,VGD,-1.8689214876050326,2.068826670744342,10.067500000000004,25.112499999999986
tt_11_to_00,x1.m27,VDS,-0.025737415972085773,1.8972589816726744,20.022499999999994,10.062500000000004
tt_11_to_00,x1.m27,VBS,0.0,0.0,5e-05,5e-05
tt_11_to_00,x1.m28,VGS,-1.8317350254376865,0.16630432675320117,17.977499999999996,25.10249999999999
tt_11_to_00,x1.m28,VGD,-1.846504710164528,1.964658257277569,10.0425,25.10249999999999
tt_11_to_00,x1.m28,VDS,-1.8146918875681926,0.05820099995476302,20.028500000000005,10.052500000000002
tt_11_to_00,x1.m28,VBS,0.0,0.0,5e-05,5e-05
tt_11_to_00,x1.m29,VGS,-0.031735025437686484,1.9663043267532012,17.977499999999996,25.10249999999999
tt_11_to_00,x1.m29,VGD,-1.846504710164528,1.964658257277569,10.0425,25.10249999999999
tt_11_to_00,x1.m29,VDS,-0.014691887568192397,1.858200999954763,20.028500000000005,10.052500000000002
tt_11_to_00,x1.m29,VBS,0.0,0.0,5e-05,5e-05
tt_11_to_00,x2.mp1,VGS,-1.848604256376989,0.0641488184135961,20.0625,25.062499999999996
tt_11_to_00,x2.mp1,VGD,-1.844639332485347,1.863656024922561,20.0625,25.062499999999996
tt_11_to_00,x2.mp1,VDS,-1.8817312597579743,0.09253511121256963,25.107499999999987,20.092499999999994
tt_11_to_00,x2.mp1,VBS,0.0,0.0,5e-05,5e-05
tt_11_to_00,x2.mn1,VGS,-0.04860425637698909,1.8641488184135961,20.0625,25.062499999999996
tt_11_to_00,x2.mn1,VGD,-1.844639332485347,1.863656024922561,20.0625,25.062499999999996
tt_11_to_00,x2.mn1,VDS,-0.08173125975797428,1.8925351112125697,25.107499999999987,20.092499999999994
tt_11_to_00,x2.mn1,VBS,0.0,0.0,5e-05,5e-05
tt_11_to_00,x2.mp2,VGS,-1.8817312597579743,0.09253511121256963,25.107499999999987,20.092499999999994
tt_11_to_00,x2.mp2,VGD,-1.87882053886554,1.8900890764986809,25.107499999999987,20.092499999999994
tt_11_to_00,x2.mp2,VDS,-1.8322642337917627,0.028254192952132717,20.127499999999987,25.15249999999998
tt_11_to_00,x2.mp2,VBS,0.0,0.0,5e-05,5e-05
tt_11_to_00,x2.mn2,VGS,-0.08173125975797428,1.8925351112125697,25.107499999999987,20.092499999999994
tt_11_to_00,x2.mn2,VGD,-1.87882053886554,1.8900890764986809,25.107499999999987,20.092499999999994
tt_11_to_00,x2.mn2,VDS,-0.03226423379176273,1.8282541929521328,20.127499999999987,25.15249999999998
tt_11_to_00,x2.mn2,VBS,0.0,0.0,5e-05,5e-05
tt_11_to_00,x3.mp1,VGS,-1.8052904396982212,-0.8783769766297883,10.007500000000006,0.0007376459006522134
tt_11_to_00,x3.mp1,VGD,-1.8048113558309278,0.13076105936870575,10.007500000000006,0.0004436886528830567
tt_11_to_00,x3.mp1,VDS,-1.0470844671137818,0.0006564159404292003,0.00020859332782556625,25.032500000000002
tt_11_to_00,x3.mp1,VBS,0.0,0.0,5e-05,5e-05
tt_11_to_00,x3.mn1,VGS,-0.005290439698221119,0.9216230233702117,10.007500000000006,0.0007376459006522134
tt_11_to_00,x3.mn1,VGD,-1.8048113558309278,0.13076105936870575,10.007500000000006,0.0004436886528830567
tt_11_to_00,x3.mn1,VDS,0.7529155328862184,1.8006564159404292,0.00020859332782556625,25.032500000000002
tt_11_to_00,x3.mn1,VBS,0.0,0.0,5e-05,5e-05
tt_11_to_00,x3.mp2,VGS,-1.0470844671137818,0.0006564159404292003,0.00020859332782556625,25.032500000000002
tt_11_to_00,x3.mp2,VGD,0.7221306488728675,1.800630161470341,0.0002913206606785082,25.032500000000002
tt_11_to_00,x3.mp2,VDS,-1.8000101561394155,-1.723348009733626,10.002500000000005,0.032586180160607936
tt_11_to_00,x3.mp2,VBS,0.0,0.0,5e-05,5e-05
tt_11_to_00,x3.mn2,VGS,0.7529155328862184,1.8006564159404292,0.00020859332782556625,25.032500000000002
tt_11_to_00,x3.mn2,VGD,0.7221306488728675,1.800630161470341,0.0002913206606785082,25.032500000000002
tt_11_to_00,x3.mn2,VDS,-1.0156139415481728e-05,0.07665199026637401,10.002500000000005,0.032586180160607936
tt_11_to_00,x3.mn2,VBS,0.0,0.0,5e-05,5e-05
tt_11_to_00,x4.mp1,VGS,-1.8543498165605903,0.06160436430402649,5.0625,10.062500000000004
tt_11_to_00,x4.mp1,VGD,-1.8500601135244241,1.8611351025577059,5.0625,10.067500000000004
tt_11_to_00,x4.mp1,VDS,-1.8848977733337708,0.09263152620772819,10.107500000000009,5.0874999999999995
tt_11_to_00,x4.mp1,VBS,0.0,0.0,5e-05,5e-05
tt_11_to_00,x4.mn1,VGS,-0.05434981656059015,1.8616043643040265,5.0625,10.062500000000004
tt_11_to_00,x4.mn1,VGD,-1.8500601135244241,1.8611351025577059,5.0625,10.067500000000004
tt_11_to_00,x4.mn1,VDS,-0.08489777333377088,1.8926315262077282,10.107500000000009,5.0874999999999995
tt_11_to_00,x4.mn1,VBS,0.0,0.0,5e-05,5e-05
tt_11_to_00,x4.mp2,VGS,-1.8848977733337708,0.09263152620772819,10.107500000000009,5.0874999999999995
tt_11_to_00,x4.mp2,VGD,-1.8818651118532521,1.8901370191833669,10.107500000000009,5.0874999999999995
tt_11_to_00,x4.mp2,VDS,-1.8322897527479314,0.028211660789312587,5.122499999999999,10.152500000000016
tt_11_to_00,x4.mp2,VBS,0.0,0.0,5e-05,5e-05
tt_11_to_00,x4.mn2,VGS,-0.08489777333377088,1.8926315262077282,10.107500000000009,5.0874999999999995
tt_11_to_00,x4.mn2,VGD,-1.8818651118532521,1.8901370191833669,10.107500000000009,5.0874999999999995
tt_11_to_00,x4.mn2,VDS,-0.032289752747931395,1.8282116607893126,5.122499999999999,10.152500000000016
tt_11_to_00,x4.mn2,VBS,0.0,0.0,5e-05,5e-05
tt_11_to_00,x5.mp1,VGS,-1.8052841216453237,-0.8843474142976303,25.0075,0.0007376459006522134
tt_11_to_00,x5.mp1,VGD,-1.8048051438385457,0.12520468277834051,25.0075,0.0004436886528830567
tt_11_to_00,x5.mp1,VDS,-1.0475822927265728,0.0006487497161660194,0.00020859332782556625,25.032500000000002
tt_11_to_00,x5.mp1,VBS,0.0,0.0,5e-05,5e-05
tt_11_to_00,x5.mn1,VGS,-0.005284121645323574,0.9156525857023697,25.0075,0.0007376459006522134
tt_11_to_00,x5.mn1,VGD,-1.8048051438385457,0.12520468277834051,25.0075,0.0004436886528830567
tt_11_to_00,x5.mn1,VDS,0.7524177072734273,1.800648749716166,0.00020859332782556625,25.032500000000002
tt_11_to_00,x5.mn1,VBS,0.0,0.0,5e-05,5e-05
tt_11_to_00,x5.mp2,VGS,-1.0475822927265728,0.0006487497161660194,0.00020859332782556625,25.032500000000002
tt_11_to_00,x5.mp2,VGD,0.7215650619529638,1.800622348930146,0.0002913206606785082,10.032499999999999
tt_11_to_00,x5.mp2,VDS,-1.8000101439652778,-1.7230476378505104,25.0025,0.032586180160607936
tt_11_to_00,x5.mp2,VBS,0.0,0.0,5e-05,5e-05
tt_11_to_00,x5.mn2,VGS,0.7524177072734273,1.800648749716166,0.00020859332782556625,25.032500000000002
tt_11_to_00,x5.mn2,VGD,0.7215650619529638,1.800622348930146,0.0002913206606785082,10.032499999999999
tt_11_to_00,x5.mn2,VDS,-1.0143965277818601e-05,0.07695236214948957,25.0025,0.032586180160607936
tt_11_to_00,x5.mn2,VBS,0.0,0.0,5e-05,5e-05
tt_01_to_10,x1.m1,VGS,-1.8,0.0,18.000000000000004,5e-05
tt_01_to_10,x1.m1,VGD,-2.049907074299804,1.867555162027176,25.10249999999999,5.0265
tt_01_to_10,x1.m1,VDS,-1.867555162027176,0.24990707429980374,5.0265,25.10249999999999
tt_01_to_10,x1.m1,VBS,0.0,0.0,5e-05,5e-05
tt_01_to_10,x1.m2,VGS,0.0,1.8,18.000000000000004,5e-05
tt_01_to_10,x1.m2,VGD,-2.049907074299804,1.867555162027176,25.10249999999999,5.0265
tt_01_to_10,x1.m2,VDS,-0.06755516202717601,2.049907074299804,5.0265,25.10249999999999
tt_01_to_10,x1.m2,VBS,0.0,0.0,5e-05,5e-05
tt_01_to_10,x1.m3,VGS,-1.8,0.0,5e-05,18.000000000000004
tt_01_to_10,x1.m3,VGD,-1.9643699522370657,1.8339332812635556,10.107500000000009,20.037500000000005
tt_01_to_10,x1.m3,VDS,-1.8339332812635556,0.16436995223706563,20.037500000000005,10.107500000000009
tt_01_to_10,x1.m3,VBS,0.0,0.0,5e-05,5e-05
tt_01_to_10,x1.m4,VGS,0.0,1.8,5e-05,18.000000000000004
tt_01_to_10,x1.m4,VGD,-1.9643699522370657,1.8339332812635556,10.107500000000009,20.037500000000005
tt_01_to_10,x1.m4,VDS,-0.03393328126355549,1.9643699522370657,20.037500000000005,10.107500000000009
tt_01_to_10,x1.m4,VBS,0.0,0.0,5e-05,5e-05
tt_01_to_10,x1.m5,VGS,-1.8,0.0,5e-05,5.025
tt_01_to_10,x1.m5,VGD,-1.8012356108714893,-0.14270267991040253,17.972499999999997,5.102499999999999
tt_01_to_10,x1.m5,VDS,-0.9608835524995639,0.15558218672572433,5e-05,20.202499999999972
tt_01_to_10,x1.m5,VBS,0.0,0.0,5e-05,5e-05
tt_01_to_10,x1.m6,VGS,-1.24500934970886,0.7896699708649955,18.487499999999912,0.17259130620875715
tt_01_to_10,x1.m6,VGD,-1.9872347489201274,0.1642391309610156,20.037500000000005,10.107500000000009
tt_01_to_10,x1.m6,VDS,0.5159706594126985,1.956963286313161,10.0255,24.982500000000005
tt_01_to_10,x1.m6,VBS,-1.272363232746005,0.03481261033402239,10.107500000000009,25.0075
tt_01_to_10,x1.m7,VGS,-1.1446176102497945,1.8225115505014173,17.982499999999995,25.0075
tt_01_to_10,x1.m7,VGD,-1.2810101574410186,1.8226687787326212,17.977499999999996,25.0125
tt_01_to_10,x1.m7,VDS,-0.11613134874803066,1.2591282571527143,18.08249999999999,10.007500000000006
tt_01_to_10,x1.m7,VBS,-1.199235507673138,0.03570433017602721,18.087499999999988,25.0075
tt_01_to_10,x1.m8,VGS,0.0,1.8,5e-05,5.025
tt_01_to_10,x1.m8,VGD,-1.199235507673138,1.7999997492523852,18.087499999999988,6.787499999999958
tt_01_to_10,x1.m8,VDS,-0.03570433017602721,1.199235507673138,25.0075,18.087499999999988
tt_01_to_10,x1.m8,VBS,0.0,0.0,5e-05,5e-05
tt_01_to_10,x1.m9,VGS,-0.9608835524995639,0.15558218672572433,5e-05,20.202499999999972
tt_01_to_10,x1.m9,VGD,-0.06010604045296564,1.9555821629285772,0.0007377062035038939,20.202499999999972
tt_01_to_10,x1.m9,VDS,-1.8052893322487968,-0.880294086955711,25.0075,0.0007377062035038939
tt_01_to_10,x1.m9,VBS,0.0,0.0,5e-05,5e-05
tt_01_to_10,x1.m10,VGS,0.8391164475004361,1.9555821867257244,5e-05,20.202499999999972
tt_01_to_10,x1.m10,VGD,-0.06010604045296564,1.9555821629285772,0.0007377062035038939,20.202499999999972
tt_01_to_10,x1.m10,VDS,-0.0052893322487967825,0.9197059130442891,25.0075,0.0007377062035038939
tt_01_to_10,x1.m10,VBS,0.0,0.0,5e-05,5e-05
tt_01_to_10,x1.m11,VGS,-1.8,0.0,5e-05,5.025
tt_01_to_10,x1.m11,VGD,-1.8011547174541256,1.7999993743391056,17.972499999999997,6.782499999999958
tt_01_to_10,x1.m11,VDS,-1.826667191684534,0.1554650531816042,9.997500000000004,20.187499999999975
tt_01_to_10,x1.m11,VBS,0.0,0.0,5e-05,5e-05
tt_01_to_10,x1.m12,VGS,-0.8460686587485511,1.8176895697357975,18.107499999999984,10.002500000000005
tt_01_to_10,x1.m12,VGD,-1.9872425691884121,1.8171032103909215,20.037500000000005,9.997500000000004
tt_01_to_10,x1.m12,VDS,-0.0017795729693524873,1.3324714383048475,9.992500000000003,0.0675913062087571
tt_01_to_10,x1.m12,VBS,-1.16990805234343,0.027742935589977487,17.972499999999997,10.002500000000005
tt_01_to_10,x1.m13,VGS,-1.1615824968779642,1.8279663860157833,19.9975,10.007500000000006
tt_01_to_10,x1.m13,VGD,-0.6512061488396125,1.818778264450007,20.017499999999995,10.002500000000005
tt_01_to_10,x1.m13,VDS,-0.5314745389209004,0.6638720846579564,19.9975,25.0075
tt_01_to_10,x1.m13,VBS,-1.199235507673138,0.03570433017602721,18.087499999999988,25.0075
tt_01_to_10,x1.m14,VGS,-1.826667191684534,0.1554650531816042,9.997500000000004,20.187499999999975
tt_01_to_10,x1.m14,VGD,-1.8231452397276273,1.955464977077217,9.997500000000004,20.187499999999975
tt_01_to_10,x1.m14,VDS,-1.8512062714962194,0.0615392778508308,5.0625,10.062500000000004
tt_01_to_10,x1.m14,VBS,0.0,0.0,5e-05,5e-05
tt_01_to_10,x1.m15,VGS,-0.02666719168453391,1.9554650531816042,9.997500000000004,20.187499999999975
tt_01_to_10,x1.m15,VGD,-1.8231452397276273,1.955464977077217,9.997500000000004,20.187499999999975
tt_01_to_10,x1.m15,VDS,-0.05120627149621938,1.8615392778508308,5.0625,10.062500000000004
tt_01_to_10,x1.m15,VBS,0.0,0.0,5e-05,5e-05
tt_01_to_10,x1.m16,VGS,-1.8,0.0,5e-05,5.025
tt_01_to_10,x1.m16,VGD,-1.8282616022621776,1.7999993497737237,18.08249999999999,22.197499999999593
tt_01_to_10,x1.m16,VDS,-1.8267210084481447,0.15563972412549454,24.997500000000002,5.1824999999999966
tt_01_to_10,x1.m16,VBS,0.0,0.0,5e-05,5e-05
tt_01_to_10,x1.m17,VGS,-0.06606896729811462,1.8211541281498154,18.0325,25.0025
tt_01_to_10,x1.m17,VGD,-1.9683212701586825,1.8189875266434432,5.0285,24.997500000000002
tt_01_to_10,x1.m17,VDS,-0.001623714607925597,1.9602000104073927,24.992500000000003,5.0265
tt_01_to_10,x1.m17,VBS,-1.1681564983431794,0.028144749868250087,18.532499999999906,25.0025
tt_01_to_10,x1.m18,VGS,-1.1446176102497945,1.8225115505014173,17.982499999999995,25.0075
tt_01_to_10,x1.m18,VGD,-0.062208487603702095,1.814478686875989,5.0265,24.997500000000002
tt_01_to_10,x1.m18,VDS,-1.1338676035526307,0.4284223584680209,4.9975,20.022499999999994
tt_01_to_10,x1.m18,VBS,-1.199235507673138,0.03570433017602721,18.087499999999988,25.0075
tt_01_to_10,x1.m19,VGS,-1.8267210084481447,0.15563972412549454,24.997500000000002,5.1824999999999966
tt_01_to_10,x1.m19,VGD,-1.8231836929190548,1.9556397044014766,24.997500000000002,5.1824999999999966
tt_01_to_10,x1.m19,VDS,-1.8513289783788267,0.06422171105108188,20.0625,25.062499999999996
tt_01_to_10,x1.m19,VBS,0.0,0.0,5e-05,5e-05
tt_01_to_10,x1.m20,VGS,-0.026721008448144637,1.9556397241254946,24.997500000000002,5.1824999999999966
tt_01_to_10,x1.m20,VGD,-1.8231836929190548,1.9556397044014766,24.997500000000002,5.1824999999999966
tt_01_to_10,x1.m20,VDS,-0.05132897837882668,1.864221711051082,20.0625,25.062499999999996
tt_01_to_10,x1.m20,VBS,0.0,0.0,5e-05,5e-05
tt_01_to_10,x1.m21,VGS,-1.8,0.0,5e-05,5.025
tt_01_to_10,x1.m21,VGD,-1.827644759190791,-0.13764594092209426,18.092499999999987,24.975000000000005
tt_01_to_10,x1.m21,VDS,-0.9774373401388432,0.15575942074969817,5e-05,5.202499999999996
tt_01_to_10,x1.m21,VBS,0.0,0.0,5e-05,5e-05
tt_01_to_10,x1.m22,VGS,-1.1388146634215406,0.6857468277524232,18.0225,18.20249999999997
tt_01_to_10,x1.m22,VGD,-1.9682969849799603,0.08409767057874751,5.0285,25.0285
tt_01_to_10,x1.m22,VDS,0.44358102948233236,1.9571448137125633,18.112499999999983,9.982500000000002
tt_01_to_10,x1.m22,VBS,-1.3773251156111308,0.03364945325005311,18.112499999999983,10.007500000000006
tt_01_to_10,x1.m23,VGS,-1.1615824968779642,1.8279663860157833,19.9975,10.007500000000006
tt_01_to_10,x1.m23,VGD,-1.233745695293642,1.8291991928360698,30.000000000000004,10.012500000000006
tt_01_to_10,x1.m23,VDS,-0.05774175806702386,1.2533197703820977,18.042499999999997,25.0075
tt_01_to_10,x1.m23,VBS,-1.199235507673138,0.03570433017602721,18.087499999999988,25.0075
tt_01_to_10,x1.m24,VGS,-0.9774373401388432,0.15575942074969817,5e-05,5.202499999999996
tt_01_to_10,x1.m24,VGD,-0.06614584767747045,1.9557593944536733,0.0007377062035038939,5.202499999999996
tt_01_to_10,x1.m24,VDS,-1.8052841692926125,-0.8845620450290569,10.007500000000006,0.0007377062035038939
tt_01_to_10,x1.m24,VBS,0.0,0.0,5e-05,5e-05
tt_01_to_10,x1.m25,VGS,0.8225626598611568,1.9557594207496982,5e-05,5.202499999999996
tt_01_to_10,x1.m25,VGD,-0.06614584767747045,1.9557593944536733,0.0007377062035038939,5.202499999999996
tt_01_to_10,x1.m25,VDS,-0.005284169292612428,0.9154379549709432,10.007500000000006,0.0007377062035038939
tt_01_to_10,x1.m25,VBS,0.0,0.0,5e-05,5e-05
tt_01_to_10,x1.m26,VGS,-1.867555162027176,0.24990707429980374,5.0265,25.10249999999999
tt_01_to_10,x1.m26,VGD,-1.870682795883725,2.047621831455471,10.072500000000005,25.10249999999999
tt_01_to_10,x1.m26,VDS,-1.8260344075616135,0.10043433388551337,20.022499999999994,10.067500000000004
tt_01_to_10,x1.m26,VBS,0.0,0.0,5e-05,5e-05
tt_01_to_10,x1.m27,VGS,-0.06755516202717601,2.049907074299804,5.0265,25.10249999999999
tt_01_to_10,x1.m27,VGD,-1.870682795883725,2.047621831455471,10.072500000000005,25.10249999999999
tt_01_to_10,x1.m27,VDS,-0.026034407561613442,1.9004343338855134,20.022499999999994,10.067500000000004
tt_01_to_10,x1.m27,VBS,0.0,0.0,5e-05,5e-05
tt_01_to_10,x1.m28,VGS,-1.8339332812635556,0.16436995223706563,20.037500000000005,10.107500000000009
tt_01_to_10,x1.m28,VGD,-1.8470446475723543,1.9631152611912523,25.0425,10.107500000000009
tt_01_to_10,x1.m28,VDS,-1.8266372561068582,0.05997628692626167,18.0225,25.0525
tt_01_to_10,x1.m28,VBS,0.0,0.0,5e-05,5e-05
tt_01_to_10,x1.m29,VGS,-0.03393328126355549,1.9643699522370657,20.037500000000005,10.107500000000009
tt_01_to_10,x1.m29,VGD,-1.8470446475723543,1.9631152611912523,25.0425,10.107500000000009
tt_01_to_10,x1.m29,VDS,-0.02663725610685816,1.8599762869262617,18.0225,25.0525
tt_01_to_10,x1.m29,VBS,0.0,0.0,5e-05,5e-05
tt_01_to_10,x2.mp1,VGS,-1.8052893322487968,-0.880294086955711,25.0075,0.0007377062035038939
tt_01_to_10,x2.mp1,VGD,-1.8048103841036955,0.1290324549581573,25.0075,0.0004437015910198088
tt_01_to_10,x2.mp1,VDS,-1.0471643189807827,0.0006552919386040301,0.00020859307240875312,10.032499999999999
tt_01_to_10,x2.mp1,VBS,0.0,0.0,5e-05,5e-05
tt_01_to_10,x2.mn1,VGS,-0.0052893322487967825,0.9197059130442891,25.0075,0.0007377062035038939
tt_01_to_10,x2.mn1,VGD,-1.8048103841036955,0.1290324549581573,25.0075,0.0004437015910198088
tt_01_to_10,x2.mn1,VDS,0.7528356810192175,1.800655291938604,0.00020859307240875312,10.032499999999999
tt_01_to_10,x2.mn1,VBS,0.0,0.0,5e-05,5e-05
tt_01_to_10,x2.mp2,VGS,-1.0471643189807827,0.0006552919386040301,0.00020859307240875312,10.032499999999999
tt_01_to_10,x2.mp2,VGD,0.7220147193953785,1.8006288313584067,0.00029132028476206925,10.032499999999999
tt_01_to_10,x2.mp2,VDS,-1.8000101475312267,-1.7233799315070617,25.0025,0.032591306208757095
tt_01_to_10,x2.mp2,VBS,0.0,0.0,5e-05,5e-05
tt_01_to_10,x2.mn2,VGS,0.7528356810192175,1.800655291938604,0.00020859307240875312,10.032499999999999
tt_01_to_10,x2.mn2,VGD,0.7220147193953785,1.8006288313584067,0.00029132028476206925,10.032499999999999
tt_01_to_10,x2.mn2,VDS,-1.0147531226530671e-05,0.07662006849293837,25.0025,0.032591306208757095
tt_01_to_10,x2.mn2,VBS,0.0,0.0,5e-05,5e-05
tt_01_to_10,x3.mp1,VGS,-1.8512062714962194,0.0615392778508308,5.0625,10.062500000000004
tt_01_to_10,x3.mp1,VGD,-1.847181891418194,1.8611042887525737,5.0625,10.062500000000004
tt_01_to_10,x3.mp1,VDS,-1.8861414416497926,0.09746204396507174,10.11250000000001,5.092499999999999
tt_01_to_10,x3.mp1,VBS,0.0,0.0,5e-05,5e-05
tt_01_to_10,x3.mn1,VGS,-0.05120627149621938,1.8615392778508308,5.0625,10.062500000000004
tt_01_to_10,x3.mn1,VGD,-1.847181891418194,1.8611042887525737,5.0625,10.062500000000004
tt_01_to_10,x3.mn1,VDS,-0.0861414416497926,1.8974620439650718,10.11250000000001,5.092499999999999
tt_01_to_10,x3.mn1,VBS,0.0,0.0,5e-05,5e-05
tt_01_to_10,x3.mp2,VGS,-1.8861414416497926,0.09746204396507174,10.11250000000001,5.092499999999999
tt_01_to_10,x3.mp2,VGD,-1.883075312590209,1.895092166458406,10.11250000000001,5.092499999999999
tt_01_to_10,x3.mp2,VDS,-1.8322816686149692,0.02818629850877641,5.122499999999999,10.152500000000016
tt_01_to_10,x3.mp2,VBS,0.0,0.0,5e-05,5e-05
tt_01_to_10,x3.mn2,VGS,-0.0861414416497926,1.8974620439650718,10.11250000000001,5.092499999999999
tt_01_to_10,x3.mn2,VGD,-1.883075312590209,1.895092166458406,10.11250000000001,5.092499999999999
tt_01_to_10,x3.mn2,VDS,-0.032281668614969256,1.8281862985087765,5.122499999999999,10.152500000000016
tt_01_to_10,x3.mn2,VBS,0.0,0.0,5e-05,5e-05
tt_01_to_10,x4.mp1,VGS,-1.8052841692926125,-0.8845620450290569,10.007500000000006,0.0007377062035038939
tt_01_to_10,x4.mp1,VGD,-1.8048051854836338,0.1250303201424181,10.007500000000006,0.0004437015910198088
tt_01_to_10,x4.mp1,VDS,-1.0475933910724278,0.0006494773117335928,0.00020859307240875312,25.032500000000002
tt_01_to_10,x4.mp1,VBS,0.0,0.0,5e-05,5e-05
tt_01_to_10,x4.mn1,VGS,-0.005284169292612428,0.9154379549709432,10.007500000000006,0.0007377062035038939
tt_01_to_10,x4.mn1,VGD,-1.8048051854836338,0.1250303201424181,10.007500000000006,0.0004437015910198088
tt_01_to_10,x4.mn1,VDS,0.7524066089275722,1.8006494773117336,0.00020859307240875312,25.032500000000002
tt_01_to_10,x4.mn1,VBS,0.0,0.0,5e-05,5e-05
tt_01_to_10,x4.mp2,VGS,-1.0475933910724278,0.0006494773117335928,0.00020859307240875312,25.032500000000002
tt_01_to_10,x4.mp2,VGD,0.7215514452953055,1.8006233737443669,0.00029132028476206925,25.032500000000002
tt_01_to_10,x4.mp2,VDS,-1.8000101442029415,-1.723062270753207,10.002500000000005,0.032591306208757095
tt_01_to_10,x4.mp2,VBS,0.0,0.0,5e-05,5e-05
tt_01_to_10,x4.mn2,VGS,0.7524066089275722,1.8006494773117336,0.00020859307240875312,25.032500000000002
tt_01_to_10,x4.mn2,VGD,0.7215514452953055,1.8006233737443669,0.00029132028476206925,25.032500000000002
tt_01_to_10,x4.mn2,VDS,-1.0144202941470832e-05,0.07693772924679294,10.002500000000005,0.032591306208757095
tt_01_to_10,x4.mn2,VBS,0.0,0.0,5e-05,5e-05
tt_01_to_10,x5.mp1,VGS,-1.8513289783788267,0.06422171105108188,20.0625,25.062499999999996
tt_01_to_10,x5.mp1,VGD,-1.8470732027479622,1.8636728456134746,20.0625,25.062499999999996
tt_01_to_10,x5.mp1,VDS,-1.891955149928991,0.09594249904254304,25.107499999999987,20.092499999999994
tt_01_to_10,x5.mp1,VBS,0.0,0.0,5e-05,5e-05
tt_01_to_10,x5.mn1,VGS,-0.05132897837882668,1.864221711051082,20.0625,25.062499999999996
tt_01_to_10,x5.mn1,VGD,-1.8470732027479622,1.8636728456134746,20.0625,25.062499999999996
tt_01_to_10,x5.mn1,VDS,-0.09195514992899097,1.895942499042543,25.107499999999987,20.092499999999994
tt_01_to_10,x5.mn1,VBS,0.0,0.0,5e-05,5e-05
tt_01_to_10,x5.mp2,VGS,-1.891955149928991,0.09594249904254304,25.107499999999987,20.092499999999994
tt_01_to_10,x5.mp2,VGD,-1.8886643583231366,1.8934489054781494,25.107499999999987,20.092499999999994
tt_01_to_10,x5.mp2,VDS,-1.831899363795652,0.027971902834388107,20.127499999999987,25.14749999999998
tt_01_to_10,x5.mp2,VBS,0.0,0.0,5e-05,5e-05
tt_01_to_10,x5.mn2,VGS,-0.09195514992899097,1.895942499042543,25.107499999999987,20.092499999999994
tt_01_to_10,x5.mn2,VGD,-1.8886643583231366,1.8934489054781494,25.107499999999987,20.092499999999994
tt_01_to_10,x5.mn2,VDS,-0.03189936379565203,1.8279719028343882,20.127499999999987,25.14749999999998
tt_01_to_10,x5.mn2,VBS,0.0,0.0,5e-05,5e-05
tt_10_to_01,x1.m1,VGS,-1.8,0.0,5e-05,18.000000000000004
tt_10_to_01,x1.m1,VGD,-2.049906661859792,1.8658158391321156,10.102500000000008,20.026500000000006
tt_10_to_01,x1.m1,VDS,-1.8658158391321156,0.24990666185979182,20.026500000000006,10.102500000000008
tt_10_to_01,x1.m1,VBS,0.0,0.0,5e-05,5e-05
tt_10_to_01,x1.m2,VGS,0.0,1.8,5e-05,18.000000000000004
tt_10_to_01,x1.m2,VGD,-2.049906661859792,1.8658158391321156,10.102500000000008,20.026500000000006
tt_10_to_01,x1.m2,VDS,-0.06581583913211546,2.049906661859792,20.026500000000006,10.102500000000008
tt_10_to_01,x1.m2,VBS,0.0,0.0,5e-05,5e-05
tt_10_to_01,x1.m3,VGS,-1.8,0.0,18.000000000000004,5e-05
tt_10_to_01,x1.m3,VGD,-1.9644987689459952,1.8304028297953212,25.107499999999987,5.0375000000000005
tt_10_to_01,x1.m3,VDS,-1.8312298340445103,0.16449876894599513,17.982499999999995,25.107499999999987
tt_10_to_01,x1.m3,VBS,0.0,0.0,5e-05,5e-05
tt_10_to_01,x1.m4,VGS,0.0,1.8,18.000000000000004,5e-05
tt_10_to_01,x1.m4,VGD,-1.9644987689459952,1.8304028297953212,25.107499999999987,5.0375000000000005
tt_10_to_01,x1.m4,VDS,-0.031229834044510286,1.9644987689459952,17.982499999999995,25.107499999999987
tt_10_to_01,x1.m4,VBS,0.0,0.0,5e-05,5e-05
tt_10_to_01,x1.m5,VGS,-1.8,0.0,5e-05,5.025
tt_10_to_01,x1.m5,VGD,-1.8074847745294509,-0.13642957331685612,18.067499999999992,24.975000000000005
tt_10_to_01,x1.m5,VDS,-0.959555772534358,0.15558146542410034,5e-05,5.202499999999996
tt_10_to_01,x1.m5,VBS,0.0,0.0,5e-05,5e-05
tt_10_to_01,x1.m6,VGS,-1.1445337413231749,0.7011492903311982,17.977499999999996,25.107499999999987
tt_10_to_01,x1.m6,VGD,-1.983929142373997,0.16448324916450785,5.0375000000000005,25.107499999999987
tt_10_to_01,x1.m6,VDS,0.5237567143280899,1.956966283583802,25.0255,9.982500000000002
tt_10_to_01,x1.m6,VBS,-1.263349478614797,0.03482060233543263,25.107499999999987,10.007500000000006
tt_10_to_01,x1.m7,VGS,-1.110311949431849,1.8225163781717018,19.9975,10.007500000000006
tt_10_to_01,x1.m7,VGD,-1.2537788069831723,1.8226734199186636,25.14749999999998,10.012500000000006
tt_10_to_01,x1.m7,VDS,-0.10503399300405769,1.2486321676963885,18.092499999999987,25.0075
tt_10_to_01,x1.m7,VBS,-1.1408585041045025,0.03571285842902336,4.9975,10.007500000000006
tt_10_to_01,x1.m8,VGS,0.0,1.8,5e-05,5.025
tt_10_to_01,x1.m8,VGD,-1.1252938466652438,1.7999997979728672,17.972499999999997,21.577499999999713
tt_10_to_01,x1.m8,VDS,-0.03571285842902336,1.1408585041045025,10.007500000000006,4.9975
tt_10_to_01,x1.m8,VBS,0.0,0.0,5e-05,5e-05
tt_10_to_01,x1.m9,VGS,-0.959555772534358,0.15558146542410034,5e-05,5.202499999999996
tt_10_to_01,x1.m9,VGD,-0.057773982598320894,1.9555814631775583,0.0007376458600711765,5.202499999999996
tt_10_to_01,x1.m9,VDS,-1.8052893338254594,-0.8786605402396833,10.007500000000006,0.0007376458600711765
tt_10_to_01,x1.m9,VBS,0.0,0.0,5e-05,5e-05
tt_10_to_01,x1.m10,VGS,0.8404442274656421,1.9555814654241004,5e-05,5.202499999999996
tt_10_to_01,x1.m10,VGD,-0.057773982598320894,1.9555814631775583,0.0007376458600711765,5.202499999999996
tt_10_to_01,x1.m10,VDS,-0.005289333825459271,0.9213394597603167,10.007500000000006,0.0007376458600711765
tt_10_to_01,x1.m10,VBS,0.0,0.0,5e-05,5e-05
tt_10_to_01,x1.m11,VGS,-1.8,0.0,5e-05,5.025
tt_10_to_01,x1.m11,VGD,-1.8079174609116824,1.7999994747683505,18.057499999999994,21.572499999999714
tt_10_to_01,x1.m11,VDS,-1.8266566474739465,0.15546344928455702,24.997500000000002,5.1874999999999964
tt_10_to_01,x1.m11,VBS,0.0,0.0,5e-05,5e-05
tt_10_to_01,x1.m12,VGS,-0.030379217247078004,1.8177813908709397,17.977499999999996,25.0025
tt_10_to_01,x1.m12,VGD,-1.9839152110831617,1.8171721188751904,5.0375000000000005,24.997500000000002
tt_10_to_01,x1.m12,VDS,-0.0017788386562577196,1.9566785145445265,24.992500000000003,5.0265
tt_10_to_01,x1.m12,VBS,-1.1453441179633232,0.027730736246997685,30.000000000000004,25.0025
tt_10_to_01,x1.m13,VGS,-1.1402483887175376,1.8279585502194395,4.9975,25.0075
tt_10_to_01,x1.m13,VGD,-0.06558942994153327,1.8187684246874198,18.0325,25.0025
tt_10_to_01,x1.m13,VDS,-1.1363275502554062,0.37472287150499595,4.9975,20.017499999999995
tt_10_to_01,x1.m13,VBS,-1.1408585041045025,0.03571285842902336,4.9975,10.007500000000006
tt_10_to_01,x1.m14,VGS,-1.8266566474739465,0.15546344928455702,24.997500000000002,5.1874999999999964
tt_10_to_01,x1.m14,VGD,-1.8231362078688624,1.9554634074296422,24.997500000000002,5.1874999999999964
tt_10_to_01,x1.m14,VDS,-1.8507721264370725,0.061532092885142164,20.0575,25.062499999999996
tt_10_to_01,x1.m14,VBS,0.0,0.0,5e-05,5e-05
tt_10_to_01,x1.m15,VGS,-0.0266566474739465,1.955463449284557,24.997500000000002,5.1874999999999964
tt_10_to_01,x1.m15,VGD,-1.8231362078688624,1.9554634074296422,24.997500000000002,5.1874999999999964
tt_10_to_01,x1.m15,VDS,-0.05077212643707249,1.8615320928851422,20.0575,25.062499999999996
tt_10_to_01,x1.m15,VBS,0.0,0.0,5e-05,5e-05
tt_10_to_01,x1.m16,VGS,-1.8,0.0,5e-05,5.025
tt_10_to_01,x1.m16,VGD,-1.8014245885914622,1.799999343069526,18.007500000000004,7.3774999999999435
tt_10_to_01,x1.m16,VDS,-1.8267290312830162,0.15563796955710063,9.997500000000004,20.182499999999976
tt_10_to_01,x1.m16,VBS,0.0,0.0,5e-05,5e-05
tt_10_to_01,x1.m17,VGS,-0.6738369785568217,1.8211048223214688,25.0075,10.002500000000005
tt_10_to_01,x1.m17,VGD,-1.967537435517518,1.8189487791761516,20.028500000000005,9.997500000000004
tt_10_to_01,x1.m17,VDS,-0.0016241928599059242,1.296484028700002,9.992500000000003,20.026500000000006
tt_10_to_01,x1.m17,VBS,-1.1687596583441535,0.028153281363998306,17.972499999999997,10.002500000000005
tt_10_to_01,x1.m18,VGS,-1.110311949431849,1.8225163781717018,19.9975,10.007500000000006
tt_10_to_01,x1.m18,VGD,-0.8894783970571247,1.8144838047453369,18.112499999999983,9.997500000000004
tt_10_to_01,x1.m18,VDS,-0.44152921043405846,0.7056758284935846,19.9975,25.0075
tt_10_to_01,x1.m18,VBS,-1.1408585041045025,0.03571285842902336,4.9975,10.007500000000006
tt_10_to_01,x1.m19,VGS,-1.8267290312830162,0.15563796955710063,9.997500000000004,20.182499999999976
tt_10_to_01,x1.m19,VGD,-1.823190839627516,1.9556379524429341,9.997500000000004,20.182499999999976
tt_10_to_01,x1.m19,VDS,-1.8515890975083438,0.06422646520399655,5.0625,10.062500000000004
tt_10_to_01,x1.m19,VBS,0.0,0.0,5e-05,5e-05
tt_10_to_01,x1.m20,VGS,-0.02672903128301611,1.9556379695571007,9.997500000000004,20.182499999999976
tt_10_to_01,x1.m20,VGD,-1.823190839627516,1.9556379524429341,9.997500000000004,20.182499999999976
tt_10_to_01,x1.m20,VDS,-0.05158909750834362,1.8642264652039966,5.0625,10.062500000000004
tt_10_to_01,x1.m20,VBS,0.0,0.0,5e-05,5e-05
tt_10_to_01,x1.m21,VGS,-1.8,0.0,5e-05,5.025
tt_10_to_01,x1.m21,VGD,-1.8006930216660502,-0.14471515104307708,18.012500000000003,9.975000000000001
tt_10_to_01,x1.m21,VDS,-0.9773178681450437,0.1557590793048953,5e-05,20.202499999999972
tt_10_to_01,x1.m21,VBS,0.0,0.0,5e-05,5e-05
tt_10_to_01,x1.m22,VGS,-1.157774461197675,0.9121670268284809,18.18749999999997,0.05258645733354238
tt_10_to_01,x1.m22,VGD,-1.9675165820487233,0.08218410298238576,20.028500000000005,10.0285
tt_10_to_01,x1.m22,VDS,0.25622340278584277,1.9571422890452255,18.117499999999982,24.982500000000005
tt_10_to_01,x1.m22,VBS,-1.53730926994976,0.033638359687919575,18.112499999999983,25.0075
tt_10_to_01,x1.m23,VGS,-1.1402483887175376,1.8279585502194395,4.9975,25.0075
tt_10_to_01,x1.m23,VGD,-1.2744236501678585,1.8291916257839602,18.0225,25.0125
tt_10_to_01,x1.m23,VDS,-0.04902994969759589,1.2627122301131106,19.9975,10.007500000000006
tt_10_to_01,x1.m23,VBS,-1.1408585041045025,0.03571285842902336,4.9975,10.007500000000006
tt_10_to_01,x1.m24,VGS,-0.9773178681450437,0.1557590793048953,5e-05,20.202499999999972
tt_10_to_01,x1.m24,VGD,-0.06570492714799925,1.955759058819512,0.0007376458600711765,20.202499999999972
tt_10_to_01,x1.m24,VDS,-1.8052841482200939,-0.8842499691494857,25.0075,0.0007376458600711765
tt_10_to_01,x1.m24,VBS,0.0,0.0,5e-05,5e-05
tt_10_to_01,x1.m25,VGS,0.8226821318549563,1.9557590793048953,5e-05,20.202499999999972
tt_10_to_01,x1.m25,VGD,-0.06570492714799925,1.955759058819512,0.0007376458600711765,20.202499999999972
tt_10_to_01,x1.m25,VDS,-0.005284148220093752,0.9157500308505143,25.0075,0.0007376458600711765
tt_10_to_01,x1.m25,VBS,0.0,0.0,5e-05,5e-05
tt_10_to_01,x1.m26,VGS,-1.8658158391321156,0.24990666185979182,20.026500000000006,10.102500000000008
tt_10_to_01,x1.m26,VGD,-1.8706058491107835,2.04761973495766,25.072499999999994,10.102500000000008
tt_10_to_01,x1.m26,VDS,-1.8293302440284316,0.10043205588195736,18.0225,25.067499999999995
tt_10_to_01,x1.m26,VBS,0.0,0.0,5e-05,5e-05
tt_10_to_01,x1.m27,VGS,-0.06581583913211546,2.049906661859792,20.026500000000006,10.102500000000008
tt_10_to_01,x1.m27,VGD,-1.8706058491107835,2.04761973495766,25.072499999999994,10.102500000000008
tt_10_to_01,x1.m27,VDS,-0.029330244028431516,1.9004320558819574,18.0225,25.067499999999995
tt_10_to_01,x1.m27,VBS,0.0,0.0,5e-05,5e-05
tt_10_to_01,x1.m28,VGS,-1.8312298340445103,0.16449876894599513,17.982499999999995,25.107499999999987
tt_10_to_01,x1.m28,VGD,-1.8470083521875489,1.9632460845521882,10.0425,25.107499999999987
tt_10_to_01,x1.m28,VDS,-1.812699756682846,0.059934732301406335,20.028500000000005,10.052500000000002
tt_10_to_01,x1.m28,VBS,0.0,0.0,5e-05,5e-05
tt_10_to_01,x1.m29,VGS,-0.031229834044510286,1.9644987689459952,17.982499999999995,25.107499999999987
tt_10_to_01,x1.m29,VGD,-1.8470083521875489,1.9632460845521882,10.0425,25.107499999999987
tt_10_to_01,x1.m29,VDS,-0.012699756682846008,1.8599347323014064,20.028500000000005,10.052500000000002
tt_10_to_01,x1.m29,VBS,0.0,0.0,5e-05,5e-05
tt_10_to_01,x2.mp1,VGS,-1.8052893338254594,-0.8786605402396833,10.007500000000006,0.0007376458600711765
tt_10_to_01,x2.mp1,VGD,-1.8048103847451171,0.13051734766319067,10.007500000000006,0.0004436892198655633
tt_10_to_01,x2.mp1,VDS,-1.0470917151651182,0.0006560236215509274,0.00020859339034816333,25.032500000000002
tt_10_to_01,x2.mp1,VBS,0.0,0.0,5e-05,5e-05
tt_10_to_01,x2.mn1,VGS,-0.005289333825459271,0.9213394597603167,10.007500000000006,0.0007376458600711765
tt_10_to_01,x2.mn1,VGD,-1.8048103847451171,0.13051734766319067,10.007500000000006,0.0004436892198655633
tt_10_to_01,x2.mn1,VDS,0.7529082848348819,1.800656023621551,0.00020859339034816333,25.032500000000002
tt_10_to_01,x2.mn1,VBS,0.0,0.0,5e-05,5e-05
tt_10_to_01,x2.mp2,VGS,-1.0470917151651182,0.0006560236215509274,0.00020859339034816333,25.032500000000002
tt_10_to_01,x2.mp2,VGD,0.7221173937279473,1.8006297829424296,0.00029132081810785454,25.032500000000002
tt_10_to_01,x2.mp2,VDS,-1.8000101474799268,-1.72333256367165,10.002500000000005,0.03258645733354237
tt_10_to_01,x2.mp2,VBS,0.0,0.0,5e-05,5e-05
tt_10_to_01,x2.mn2,VGS,0.7529082848348819,1.800656023621551,0.00020859339034816333,25.032500000000002
tt_10_to_01,x2.mn2,VGD,0.7221173937279473,1.8006297829424296,0.00029132081810785454,25.032500000000002
tt_10_to_01,x2.mn2,VDS,-1.0147479926757704e-05,0.07666743632834999,10.002500000000005,0.03258645733354237
tt_10_to_01,x2.mn2,VBS,0.0,0.0,5e-05,5e-05
tt_10_to_01,x3.mp1,VGS,-1.8507721264370725,0.061532092885142164,20.0575,25.062499999999996
tt_10_to_01,x3.mp1,VGD,-1.8464825938447433,1.8610970743982134,20.0625,25.062499999999996
tt_10_to_01,x3.mp1,VDS,-1.886145919851631,0.09459193308560954,25.112499999999986,20.092499999999994
tt_10_to_01,x3.mp1,VBS,0.0,0.0,5e-05,5e-05
tt_10_to_01,x3.mn1,VGS,-0.05077212643707249,1.8615320928851422,20.0575,25.062499999999996
tt_10_to_01,x3.mn1,VGD,-1.8464825938447433,1.8610970743982134,20.0625,25.062499999999996
tt_10_to_01,x3.mn1,VDS,-0.0861459198516309,1.8945919330856096,25.112499999999986,20.092499999999994
tt_10_to_01,x3.mn1,VBS,0.0,0.0,5e-05,5e-05
tt_10_to_01,x3.mp2,VGS,-1.886145919851631,0.09459193308560954,25.112499999999986,20.092499999999994
tt_10_to_01,x3.mp2,VGD,-1.8830796585289984,1.8923791746934828,25.112499999999986,20.092499999999994
tt_10_to_01,x3.mp2,VDS,-1.8324021545158211,0.028185144466384537,20.122499999999988,25.15249999999998
tt_10_to_01,x3.mp2,VBS,0.0,0.0,5e-05,5e-05
tt_10_to_01,x3.mn2,VGS,-0.0861459198516309,1.8945919330856096,25.112499999999986,20.092499999999994
tt_10_to_01,x3.mn2,VGD,-1.8830796585289984,1.8923791746934828,25.112499999999986,20.092499999999994
tt_10_to_01,x3.mn2,VDS,-0.032402154515821,1.8281851444663846,20.122499999999988,25.15249999999998
tt_10_to_01,x3.mn2,VBS,0.0,0.0,5e-05,5e-05
tt_10_to_01,x4.mp1,VGS,-1.8052841482200939,-0.8842499691494857,25.0075,0.0007376458600711765
tt_10_to_01,x4.mp1,VGD,-1.804805166559953,0.1252792631430838,25.0075,0.0004436892198655633
tt_10_to_01,x4.mp1,VDS,-1.0475847335014792,0.0006489589280593844,0.00020859339034816333,10.032499999999999
tt_10_to_01,x4.mp1,VBS,0.0,0.0,5e-05,5e-05
tt_10_to_01,x4.mn1,VGS,-0.005284148220093752,0.9157500308505143,25.0075,0.0007376458600711765
tt_10_to_01,x4.mn1,VGD,-1.804805166559953,0.1252792631430838,25.0075,0.0004436892198655633
tt_10_to_01,x4.mn1,VDS,0.7524152664985208,1.8006489589280594,0.00020859339034816333,10.032499999999999
tt_10_to_01,x4.mn1,VBS,0.0,0.0,5e-05,5e-05
tt_10_to_01,x4.mp2,VGS,-1.0475847335014792,0.0006489589280593844,0.00020859339034816333,10.032499999999999
tt_10_to_01,x4.mp2,VGD,0.7215651176802219,1.8006226641241612,0.00029132081810785454,10.032499999999999
tt_10_to_01,x4.mp2,VDS,-1.8000101442114604,-1.723056304662657,25.0025,0.03258645733354237
tt_10_to_01,x4.mp2,VBS,0.0,0.0,5e-05,5e-05
tt_10_to_01,x4.mn2,VGS,0.7524152664985208,1.8006489589280594,0.00020859339034816333,10.032499999999999
tt_10_to_01,x4.mn2,VGD,0.7215651176802219,1.8006226641241612,0.00029132081810785454,10.032499999999999
tt_10_to_01,x4.mn2,VDS,-1.0144211460334292e-05,0.07694369533734308,25.0025,0.03258645733354237
tt_10_to_01,x4.mn2,VBS,0.0,0.0,5e-05,5e-05
tt_10_to_01,x5.mp1,VGS,-1.8515890975083438,0.06422646520399655,5.0625,10.062500000000004
tt_10_to_01,x5.mp1,VGD,-1.847415271238869,1.8636777311078423,5.0625,10.062500000000004
tt_10_to_01,x5.mp1,VDS,-1.891958772718467,0.09805625302764498,10.107500000000009,5.092499999999999
tt_10_to_01,x5.mp1,VBS,0.0,0.0,5e-05,5e-05
tt_10_to_01,x5.mn1,VGS,-0.05158909750834362,1.8642264652039966,5.0625,10.062500000000004
tt_10_to_01,x5.mn1,VGD,-1.847415271238869,1.8636777311078423,5.0625,10.062500000000004
tt_10_to_01,x5.mn1,VDS,-0.09195877271846707,1.898056253027645,10.107500000000009,5.092499999999999
tt_10_to_01,x5.mn1,VBS,0.0,0.0,5e-05,5e-05
tt_10_to_01,x5.mp2,VGS,-1.891958772718467,0.09805625302764498,10.107500000000009,5.092499999999999
tt_10_to_01,x5.mp2,VGD,-1.8886678342475374,1.8955793028767138,10.107500000000009,5.092499999999999
tt_10_to_01,x5.mp2,VDS,-1.8312637495401118,0.027973091165979014,5.122499999999999,10.147500000000015
tt_10_to_01,x5.mp2,VBS,0.0,0.0,5e-05,5e-05
tt_10_to_01,x5.mn2,VGS,-0.09195877271846707,1.898056253027645,10.107500000000009,5.092499999999999
tt_10_to_01,x5.mn2,VGD,-1.8886678342475374,1.8955793028767138,10.107500000000009,5.092499999999999
tt_10_to_01,x5.mn2,VDS,-0.03126374954011175,1.827973091165979,5.122499999999999,10.147500000000015
tt_10_to_01,x5.mn2,VBS,0.0,0.0,5e-05,5e-05
slow_00_to_11,x1.m1,VGS,-1.62,0.0,5e-05,18.000000000000004
slow_00_to_11,x1.m1,VGD,-1.8251013795534905,1.6781054685368266,10.142500000000014,20.028500000000005
slow_00_to_11,x1.m1,VDS,-1.6781054685368266,0.2051013795534904,20.028500000000005,10.142500000000014
slow_00_to_11,x1.m1,VBS,0.0,0.0,5e-05,5e-05
slow_00_to_11,x1.m2,VGS,0.0,1.62,5e-05,18.000000000000004
slow_00_to_11,x1.m2,VGD,-1.8251013795534905,1.6781054685368266,10.142500000000014,20.028500000000005
slow_00_to_11,x1.m2,VDS,-0.058105468536826486,1.8251013795534905,20.028500000000005,10.142500000000014
slow_00_to_11,x1.m2,VBS,0.0,0.0,5e-05,5e-05
slow_00_to_11,x1.m3,VGS,-1.62,0.0,5e-05,18.000000000000004
slow_00_to_11,x1.m3,VGD,-1.7485497513600123,1.6470141207059754,10.142500000000014,20.042500000000004
slow_00_to_11,x1.m3,VDS,-1.6470141207059754,0.12854975136001223,20.042500000000004,10.142500000000014
slow_00_to_11,x1.m3,VBS,0.0,0.0,5e-05,5e-05
slow_00_to_11,x1.m4,VGS,0.0,1.62,5e-05,18.000000000000004
slow_00_to_11,x1.m4,VGD,-1.7485497513600123,1.6470141207059754,10.142500000000014,20.042500000000004
slow_00_to_11,x1.m4,VDS,-0.027014120705975298,1.7485497513600123,20.042500000000004,10.142500000000014
slow_00_to_11,x1.m4,VBS,0.0,0.0,5e-05,5e-05
slow_00_to_11,x1.m5,VGS,-1.62,0.0,5e-05,5.025
slow_00_to_11,x1.m5,VGD,-1.6211836900062104,1.6200000212748724,17.977499999999996,7.637499999999968
slow_00_to_11,x1.m5,VDS,-1.6534236769836954,0.1268341200954084,10.007500000000006,5.0265
slow_00_to_11,x1.m5,VBS,0.0,0.0,5e-05,5e-05
slow_00_to_11,x1.m6,VGS,-0.41475385291816846,1.6427801385766105,20.042500000000004,10.007500000000006
slow_00_to_11,x1.m6,VGD,-1.7702995808128505,1.6420117789022382,20.042500000000004,10.007500000000006
slow_00_to_11,x1.m6,VDS,-0.0007086266976313663,1.3567824671331168,10.002500000000005,20.032500000000002
slow_00_to_11,x1.m6,VBS,-0.9105235395420305,0.03419203665806763,17.977499999999996,10.007500000000006
slow_00_to_11,x1.m7,VGS,-0.8920222121345536,1.6425702460582996,20.002499999999998,10.012500000000006
slow_00_to_11,x1.m7,VGD,-0.4460157369223993,1.6386208837936103,20.028500000000005,10.007500000000006
slow_00_to_11,x1.m7,VDS,-0.4962657887342107,0.43275734010970923,20.002499999999998,25.0125
slow_00_to_11,x1.m7,VBS,-0.8952174992237713,0.03823291172912134,20.002499999999998,10.012500000000006
slow_00_to_11,x1.m8,VGS,0.0,1.62,5e-05,5.025
slow_00_to_11,x1.m8,VGD,-0.8641039804169447,1.620000109563423,17.977499999999996,20.63749999999989
slow_00_to_11,x1.m8,VDS,-0.03823291172912134,0.8952174992237713,10.012500000000006,20.002499999999998
slow_00_to_11,x1.m8,VBS,0.0,0.0,5e-05,5e-05
slow_00_to_11,x1.m9,VGS,-1.6534236769836954,0.1268341200954084,10.007500000000006,5.0265
slow_00_to_11,x1.m9,VGD,-1.649216887235729,1.7464619796938623,10.007500000000006,5.0285
slow_00_to_11,x1.m9,VDS,-1.7446863753669501,0.10518577071829682,5.0874999999999995,10.127500000000012
slow_00_to_11,x1.m9,VBS,0.0,0.0,5e-05,5e-05
slow_00_to_11,x1.m10,VGS,-0.03342367698369527,1.7468341200954085,10.007500000000006,5.0265
slow_00_to_11,x1.m10,VGD,-1.649216887235729,1.7464619796938623,10.007500000000006,5.0285
slow_00_to_11,x1.m10,VDS,-0.12468637536695013,1.725185770718297,5.0874999999999995,10.127500000000012
slow_00_to_11,x1.m10,VBS,0.0,0.0,5e-05,5e-05
slow_00_to_11,x1.m11,VGS,-1.62,0.0,5e-05,5.025
slow_00_to_11,x1.m11,VGD,-1.62132732368789,-0.11434327410358947,17.977499999999996,5.127499999999999
slow_00_to_11,x1.m11,VDS,-0.8836210884282648,0.124954731396411,0.00033234479789788106,20.20749999999997
slow_00_to_11,x1.m11,VBS,0.0,0.0,5e-05,5e-05
slow_00_to_11,x1.m12,VGS,-0.9639327506872337,0.841882983356389,18.277499999999954,0.2742622579147644
slow_00_to_11,x1.m12,VGD,-1.7702881052537378,0.12846158712189193,20.042500000000004,10.142500000000014
slow_00_to_11,x1.m12,VDS,0.6121155900947525,1.749980669813927,5e-05,24.987500000000004
slow_00_to_11,x1.m12,VBS,-0.9760183771691631,0.03605776433660625,10.152500000000016,25.0125
slow_00_to_11,x1.m13,VGS,-0.8775291149369915,1.6485898800843157,5.0024999999999995,25.0175
slow_00_to_11,x1.m13,VGD,-0.9752891378303742,1.6497258623393947,10.162500000000017,25.022499999999997
slow_00_to_11,x1.m13,VDS,-0.016688960023761856,0.9800475291622466,25.117499999999986,10.012500000000006
slow_00_to_11,x1.m13,VBS,-0.8952174992237713,0.03823291172912134,20.002499999999998,10.012500000000006
slow_00_to_11,x1.m14,VGS,-0.8836210884282648,0.124954731396411,0.00033234479789788106,20.20749999999997
slow_00_to_11,x1.m14,VGD,-0.0824076769151344,1.7449546814185974,0.0008906532992136361,20.20749999999997
slow_00_to_11,x1.m14,VDS,-1.6243827201622327,-0.7658088083647029,25.0175,0.007091477593656474
slow_00_to_11,x1.m14,VBS,0.0,0.0,5e-05,5e-05
slow_00_to_11,x1.m15,VGS,0.7363789115717353,1.744954731396411,0.00033234479789788106,20.20749999999997
slow_00_to_11,x1.m15,VGD,-0.0824076769151344,1.7449546814185974,0.0008906532992136361,20.20749999999997
slow_00_to_11,x1.m15,VDS,-0.004382720162232659,0.8541911916352972,25.0175,0.007091477593656474
slow_00_to_11,x1.m15,VBS,0.0,0.0,5e-05,5e-05
slow_00_to_11,x1.m16,VGS,-1.62,0.0,5e-05,5.025
slow_00_to_11,x1.m16,VGD,-1.6425425689820337,-0.10949023340465036,18.147499999999976,24.975000000000005
slow_00_to_11,x1.m16,VDS,-0.8928424353814757,0.1250224568245919,5e-05,5.227499999999996
slow_00_to_11,x1.m16,VBS,0.0,0.0,5e-05,5e-05
slow_00_to_11,x1.m17,VGS,-0.8589551854345003,0.7661457838068897,17.977499999999996,18.257499999999958
slow_00_to_11,x1.m17,VGD,-1.7546017159123297,0.04834487408846444,5.032500000000001,25.0375
slow_00_to_11,x1.m17,VDS,0.5903368979835556,1.7501494934666784,5e-05,9.987500000000002
slow_00_to_11,x1.m17,VBS,-0.9507437515878929,0.03746724803383192,30.000000000000004,10.012500000000006
slow_00_to_11,x1.m18,VGS,-0.8920222121345536,1.6425702460582996,20.002499999999998,10.012500000000006
slow_00_to_11,x1.m18,VGD,-0.9507209962675043,1.6431691435662417,30.000000000000004,10.017500000000007
slow_00_to_11,x1.m18,VDS,-0.04599897626370286,0.972745407525687,5.0024999999999995,25.0125
slow_00_to_11,x1.m18,VBS,-0.8952174992237713,0.03823291172912134,20.002499999999998,10.012500000000006
slow_00_to_11,x1.m19,VGS,-0.8928424353814757,0.1250224568245919,5e-05,5.227499999999996
slow_00_to_11,x1.m19,VGD,-0.08663035399182584,1.7450224479855774,0.0008906532992136361,5.227499999999996
slow_00_to_11,x1.m19,VDS,-1.6243797927346104,-0.7658105060310993,10.017500000000007,0.007091477593656474
slow_00_to_11,x1.m19,VBS,0.0,0.0,5e-05,5e-05
slow_00_to_11,x1.m20,VGS,0.7271575646185244,1.745022456824592,5e-05,5.227499999999996
slow_00_to_11,x1.m20,VGD,-0.08663035399182584,1.7450224479855774,0.0008906532992136361,5.227499999999996
slow_00_to_11,x1.m20,VDS,-0.004379792734610341,0.8541894939689008,10.017500000000007,0.007091477593656474
slow_00_to_11,x1.m20,VBS,0.0,0.0,5e-05,5e-05
slow_00_to_11,x1.m21,VGS,-1.62,0.0,5e-05,5.025
slow_00_to_11,x1.m21,VGD,-1.644921752684632,1.6200002791526273,18.142499999999977,20.62749999999989
slow_00_to_11,x1.m21,VDS,-1.6525554212663596,0.1266677478935887,25.0075,20.028500000000005
slow_00_to_11,x1.m21,VBS,0.0,0.0,5e-05,5e-05
slow_00_to_11,x1.m22,VGS,-0.0561830740491893,1.6450012727463446,18.067499999999992,25.0125
slow_00_to_11,x1.m22,VGD,-1.7546299680199446,1.643937192868601,5.032500000000001,25.0075
slow_00_to_11,x1.m22,VDS,-0.0008170448969111212,1.7479630438932146,25.0025,5.0265
slow_00_to_11,x1.m22,VBS,-0.8865161247624798,0.03317445094790709,19.9975,25.0075
slow_00_to_11,x1.m23,VGS,-0.8775291149369915,1.6485898800843157,5.0024999999999995,25.0175
slow_00_to_11,x1.m23,VGD,-0.06340872696023286,1.643173067705836,18.067499999999992,25.0125
slow_00_to_11,x1.m23,VDS,-0.8777649784763729,0.3759882884943356,5.0024999999999995,20.025500000000005
slow_00_to_11,x1.m23,VBS,-0.8952174992237713,0.03823291172912134,20.002499999999998,10.012500000000006
slow_00_to_11,x1.m24,VGS,-1.6525554212663596,0.1266677478935887,25.0075,20.028500000000005
slow_00_to_11,x1.m24,VGD,-1.648521256015806,1.7464120126170632,25.0075,20.028500000000005
slow_00_to_11,x1.m24,VDS,-1.7536221002590413,0.10854195190903226,20.082499999999996,25.127499999999984
slow_00_to_11,x1.m24,VBS,0.0,0.0,5e-05,5e-05
slow_00_to_11,x1.m25,VGS,-0.03255542126635952,1.7466677478935888,25.0075,20.028500000000005
slow_00_to_11,x1.m25,VGD,-1.648521256015806,1.7464120126170632,25.0075,20.028500000000005
slow_00_to_11,x1.m25,VDS,-0.13362210025904128,1.7285419519090324,20.082499999999996,25.127499999999984
slow_00_to_11,x1.m25,VBS,0.0,0.0,5e-05,5e-05
slow_00_to_11,x1.m26,VGS,-1.6781054685368266,0.2051013795534904,20.028500000000005,10.142500000000014
slow_00_to_11,x1.m26,VGD,-1.6714213049651492,1.8236363808370302,25.09249999999999,10.142500000000014
slow_00_to_11,x1.m26,VDS,-1.70224984308124,0.06873616952758277,18.067499999999992,25.08749999999999
slow_00_to_11,x1.m26,VBS,0.0,0.0,5e-05,5e-05
slow_00_to_11,x1.m27,VGS,-0.058105468536826486,1.8251013795534905,20.028500000000005,10.142500000000014
slow_00_to_11,x1.m27,VGD,-1.6714213049651492,1.8236363808370302,25.09249999999999,10.142500000000014
slow_00_to_11,x1.m27,VDS,-0.08224984308124,1.6887361695275829,18.067499999999992,25.08749999999999
slow_00_to_11,x1.m27,VBS,0.0,0.0,5e-05,5e-05
slow_00_to_11,x1.m28,VGS,-1.6470141207059754,0.12854975136001223,20.042500000000004,10.142500000000014
slow_00_to_11,x1.m28,VGD,-1.6517695029432466,1.7478100795384797,25.062499999999996,10.142500000000014
slow_00_to_11,x1.m28,VDS,-1.6950241901701966,0.039618395506407555,18.067499999999992,25.077499999999993
slow_00_to_11,x1.m28,VBS,0.0,0.0,5e-05,5e-05
slow_00_to_11,x1.m29,VGS,-0.027014120705975298,1.7485497513600123,20.042500000000004,10.142500000000014
slow_00_to_11,x1.m29,VGD,-1.6517695029432466,1.7478100795384797,25.062499999999996,10.142500000000014
slow_00_to_11,x1.m29,VDS,-0.07502419017019643,1.6596183955064077,18.067499999999992,25.077499999999993
slow_00_to_11,x1.m29,VBS,0.0,0.0,5e-05,5e-05
slow_00_to_11,x2.mp1,VGS,-1.7446863753669501,0.10518577071829682,5.0874999999999995,10.127500000000012
slow_00_to_11,x2.mp1,VGD,-1.732959763642854,1.7242590589960793,5.0874999999999995,10.127500000000012
slow_00_to_11,x2.mp1,VDS,-1.7273744903020813,0.11065221864648644,10.172500000000019,5.127499999999999
slow_00_to_11,x2.mp1,VBS,0.0,0.0,5e-05,5e-05
slow_00_to_11,x2.mn1,VGS,-0.12468637536695013,1.725185770718297,5.0874999999999995,10.127500000000012
slow_00_to_11,x2.mn1,VGD,-1.732959763642854,1.7242590589960793,5.0874999999999995,10.127500000000012
slow_00_to_11,x2.mn1,VDS,-0.10737449030208128,1.7306522186464866,10.172500000000019,5.127499999999999
slow_00_to_11,x2.mn1,VBS,0.0,0.0,5e-05,5e-05
slow_00_to_11,x2.mp2,VGS,-1.7273744903020813,0.11065221864648644,10.172500000000019,5.127499999999999
slow_00_to_11,x2.mp2,VGD,-1.7235546569863285,1.7282206360482257,10.172500000000019,5.127499999999999
slow_00_to_11,x2.mp2,VDS,-1.6542140255758468,0.028956484825713336,5.172499999999997,10.247500000000029
slow_00_to_11,x2.mp2,VBS,0.0,0.0,5e-05,5e-05
slow_00_to_11,x2.mn2,VGS,-0.10737449030208128,1.7306522186464866,10.172500000000019,5.127499999999999
slow_00_to_11,x2.mn2,VGD,-1.7235546569863285,1.7282206360482257,10.172500000000019,5.127499999999999
slow_00_to_11,x2.mn2,VDS,-0.03421402557584671,1.6489564848257134,5.172499999999997,10.247500000000029
slow_00_to_11,x2.mn2,VBS,0.0,0.0,5e-05,5e-05
slow_00_to_11,x3.mp1,VGS,-1.6243827201622327,-0.7658088083647029,25.0175,0.007091477593656474
slow_00_to_11,x3.mp1,VGD,-1.6239715822746097,0.13479684016448745,25.0175,0.007091477593656474
slow_00_to_11,x3.mp1,VDS,-0.9635882600981532,0.00045898269989685936,0.00023152662934538605,4.9825
slow_00_to_11,x3.mp1,VBS,0.0,0.0,5e-05,5e-05
slow_00_to_11,x3.mn1,VGS,-0.004382720162232659,0.8541911916352972,25.0175,0.007091477593656474
slow_00_to_11,x3.mn1,VGD,-1.6239715822746097,0.13479684016448745,25.0175,0.007091477593656474
slow_00_to_11,x3.mn1,VDS,0.6564117399018469,1.620458982699897,0.00023152662934538605,4.9825
slow_00_to_11,x3.mn1,VBS,0.0,0.0,5e-05,5e-05
slow_00_to_11,x3.mp2,VGS,-0.9635882600981532,0.00045898269989685936,0.00023152662934538605,4.9825
slow_00_to_11,x3.mp2,VGD,0.6279295652250576,1.6204450402507962,0.00033234479789788106,4.9825
slow_00_to_11,x3.mp2,VDS,-1.6200093981804662,-1.564893656789687,25.0125,0.0542622579147644
slow_00_to_11,x3.mp2,VBS,0.0,0.0,5e-05,5e-05
slow_00_to_11,x3.mn2,VGS,0.6564117399018469,1.620458982699897,0.00023152662934538605,4.9825
slow_00_to_11,x3.mn2,VGD,0.6279295652250576,1.6204450402507962,0.00033234479789788106,4.9825
slow_00_to_11,x3.mn2,VDS,-9.398180466181706e-06,0.055106343210313255,25.0125,0.0542622579147644
slow_00_to_11,x3.mn2,VBS,0.0,0.0,5e-05,5e-05
slow_00_to_11,x4.mp1,VGS,-1.7536221002590413,0.10854195190903226,20.082499999999996,25.127499999999984
slow_00_to_11,x4.mp1,VGD,-1.7406304162701693,1.727375218305182,20.082499999999996,25.127499999999984
slow_00_to_11,x4.mp1,VDS,-1.726587287625198,0.11328431339161482,25.167499999999976,20.122499999999988
slow_00_to_11,x4.mp1,VBS,0.0,0.0,5e-05,5e-05
slow_00_to_11,x4.mn1,VGS,-0.13362210025904128,1.7285419519090324,20.082499999999996,25.127499999999984
slow_00_to_11,x4.mn1,VGD,-1.7406304162701693,1.727375218305182,20.082499999999996,25.127499999999984
slow_00_to_11,x4.mn1,VDS,-0.10658728762519781,1.733284313391615,25.167499999999976,20.122499999999988
slow_00_to_11,x4.mn1,VBS,0.0,0.0,5e-05,5e-05
slow_00_to_11,x4.mp2,VGS,-1.726587287625198,0.11328431339161482,25.167499999999976,20.122499999999988
slow_00_to_11,x4.mp2,VGD,-1.7227886880248635,1.73082214676185,25.167499999999976,20.122499999999988
slow_00_to_11,x4.mp2,VDS,-1.654372759561937,0.029006857507710926,20.16749999999998,25.247499999999963
slow_00_to_11,x4.mp2,VBS,0.0,0.0,5e-05,5e-05
slow_00_to_11,x4.mn2,VGS,-0.10658728762519781,1.733284313391615,25.167499999999976,20.122499999999988
slow_00_to_11,x4.mn2,VGD,-1.7227886880248635,1.73082214676185,25.167499999999976,20.122499999999988
slow_00_to_11,x4.mn2,VDS,-0.03437275956193707,1.649006857507711,20.16749999999998,25.247499999999963
slow_00_to_11,x4.mn2,VBS,0.0,0.0,5e-05,5e-05
slow_00_to_11,x5.mp1,VGS,-1.6243797927346104,-0.7658105060310993,10.017500000000007,0.007091477593656474
slow_00_to_11,x5.mp1,VGD,-1.6239686391851433,0.13470359716358016,10.017500000000007,0.007091477593656474
slow_00_to_11,x5.mp1,VDS,-0.963814768617126,0.0004594148629237793,0.00023152662934538605,19.9825
slow_00_to_11,x5.mp1,VBS,0.0,0.0,5e-05,5e-05
slow_00_to_11,x5.mn1,VGS,-0.004379792734610341,0.8541894939689008,10.017500000000007,0.007091477593656474
slow_00_to_11,x5.mn1,VGD,-1.6239686391851433,0.13470359716358016,10.017500000000007,0.007091477593656474
slow_00_to_11,x5.mn1,VDS,0.6561852313828741,1.6204594148629239,0.00023152662934538605,19.9825
slow_00_to_11,x5.mn1,VBS,0.0,0.0,5e-05,5e-05
slow_00_to_11,x5.mp2,VGS,-0.963814768617126,0.0004594148629237793,0.00023152662934538605,19.9825
slow_00_to_11,x5.mp2,VGD,0.6276853291924265,1.620445459198226,0.00033234479789788106,19.9825
slow_00_to_11,x5.mp2,VDS,-1.6200093902436326,-1.5648749595169937,10.012500000000006,0.0542622579147644
slow_00_to_11,x5.mp2,VBS,0.0,0.0,5e-05,5e-05
slow_00_to_11,x5.mn2,VGS,0.6561852313828741,1.6204594148629239,0.00023152662934538605,19.9825
slow_00_to_11,x5.mn2,VGD,0.6276853291924265,1.620445459198226,0.00033234479789788106,19.9825
slow_00_to_11,x5.mn2,VDS,-9.390243632469703e-06,0.05512504048300643,10.012500000000006,0.0542622579147644
slow_00_to_11,x5.mn2,VBS,0.0,0.0,5e-05,5e-05
slow_11_to_00,x1.m1,VGS,-1.62,0.0,18.000000000000004,5e-05
slow_11_to_00,x1.m1,VGD,-1.8251212497933462,1.6768440902197141,25.14249999999998,5.0285
slow_11_to_00,x1.m1,VDS,-1.6768440902197141,0.20512124979334612,5.0285,25.14249999999998
slow_11_to_00,x1.m1,VBS,0.0,0.0,5e-05,5e-05
slow_11_to_00,x1.m2,VGS,0.0,1.62,18.000000000000004,5e-05
slow_11_to_00,x1.m2,VGD,-1.8251212497933462,1.6768440902197141,25.14249999999998,5.0285
slow_11_to_00,x1.m2,VDS,-0.056844090219714094,1.8251212497933462,5.0285,25.14249999999998
slow_11_to_00,x1.m2,VBS,0.0,0.0,5e-05,5e-05
slow_11_to_00,x1.m3,VGS,-1.62,0.0,18.000000000000004,5e-05
slow_11_to_00,x1.m3,VGD,-1.7487011659418579,1.644613666511119,25.14249999999998,5.0425
slow_11_to_00,x1.m3,VDS,-1.657467254024107,0.12870116594185776,17.987499999999994,25.14249999999998
slow_11_to_00,x1.m3,VBS,0.0,0.0,5e-05,5e-05
slow_11_to_00,x1.m4,VGS,0.0,1.62,18.000000000000004,5e-05
slow_11_to_00,x1.m4,VGD,-1.7487011659418579,1.644613666511119,25.14249999999998,5.0425
slow_11_to_00,x1.m4,VDS,-0.037467254024106916,1.7487011659418579,17.987499999999994,25.14249999999998
slow_11_to_00,x1.m4,VBS,0.0,0.0,5e-05,5e-05
slow_11_to_00,x1.m5,VGS,-1.62,0.0,5e-05,5.025
slow_11_to_00,x1.m5,VGD,-1.6250924130316893,1.6200000871435214,18.172499999999975,22.32749999999957
slow_11_to_00,x1.m5,VDS,-1.653414077439552,0.12682569568057556,25.0075,20.028500000000005
slow_11_to_00,x1.m5,VBS,0.0,0.0,5e-05,5e-05
slow_11_to_00,x1.m6,VGS,-0.028419497026614737,1.6428591298152,17.987499999999994,25.0075
slow_11_to_00,x1.m6,VGD,-1.7680425528836063,1.642089859180623,5.0425,25.0075
slow_11_to_00,x1.m6,VDS,-0.0007077827451703357,1.7526725577035502,25.0025,5.032500000000001
slow_11_to_00,x1.m6,VBS,-0.8825393810337931,0.034183348074129004,20.002499999999998,25.0075
slow_11_to_00,x1.m7,VGS,-0.8869258032582418,1.6425659080570203,17.987499999999994,25.0125
slow_11_to_00,x1.m7,VGD,-0.04868106378543043,1.6386151116388963,5.0285,25.0075
slow_11_to_00,x1.m7,VDS,-0.8778734470241915,0.37695732630738277,5.0024999999999995,20.026500000000006
slow_11_to_00,x1.m7,VBS,-0.9658950518128752,0.038224425625086836,18.19749999999997,25.0125
slow_11_to_00,x1.m8,VGS,0.0,1.62,5e-05,5.025
slow_11_to_00,x1.m8,VGD,-0.9658950518128752,1.620000092746613,18.19749999999997,5.637499999999986
slow_11_to_00,x1.m8,VDS,-0.038224425625086836,0.9658950518128752,25.0125,18.19749999999997
slow_11_to_00,x1.m8,VBS,0.0,0.0,5e-05,5e-05
slow_11_to_00,x1.m9,VGS,-1.653414077439552,0.12682569568057556,25.0075,20.028500000000005
slow_11_to_00,x1.m9,VGD,-1.6492087964868187,1.7466431310914337,25.0075,20.028500000000005
slow_11_to_00,x1.m9,VDS,-1.7416981730171368,0.10518216138468839,20.087499999999995,25.127499999999984
slow_11_to_00,x1.m9,VBS,0.0,0.0,5e-05,5e-05
slow_11_to_00,x1.m10,VGS,-0.03341407743955188,1.7468256956805757,25.0075,20.028500000000005
slow_11_to_00,x1.m10,VGD,-1.6492087964868187,1.7466431310914337,25.0075,20.028500000000005
slow_11_to_00,x1.m10,VDS,-0.12169817301713676,1.7251821613846885,20.087499999999995,25.127499999999984
slow_11_to_00,x1.m10,VBS,0.0,0.0,5e-05,5e-05
slow_11_to_00,x1.m11,VGS,-1.62,0.0,5e-05,5.025
slow_11_to_00,x1.m11,VGD,-1.624908366590381,-0.10755562244195338,18.107499999999984,24.975000000000005
slow_11_to_00,x1.m11,VDS,-0.8808658659907673,0.12495347967438497,0.0003323374715802414,5.207499999999996
slow_11_to_00,x1.m11,VBS,0.0,0.0,5e-05,5e-05
slow_11_to_00,x1.m12,VGS,-0.879706558333855,0.7807353884761374,17.987499999999994,25.13749999999998
slow_11_to_00,x1.m12,VGD,-1.7680344213024852,0.12876116565978335,5.0425,25.14249999999998
slow_11_to_00,x1.m12,VDS,0.6090788679944046,1.7499796756072572,5e-05,9.987500000000002
slow_11_to_00,x1.m12,VBS,-0.9741513519493272,0.03606210125247923,18.19749999999997,10.012500000000006
slow_11_to_00,x1.m13,VGS,-0.890618459777661,1.6485937832145137,20.002499999999998,10.017500000000007
slow_11_to_00,x1.m13,VGD,-0.9680748886849231,1.6497296429286943,25.167499999999976,10.022500000000008
slow_11_to_00,x1.m13,VDS,-0.045714553874299346,0.9708276113847437,5.0024999999999995,25.0125
slow_11_to_00,x1.m13,VBS,-0.9658950518128752,0.038224425625086836,18.19749999999997,25.0125
slow_11_to_00,x1.m14,VGS,-0.8808658659907673,0.12495347967438497,0.0003323374715802414,5.207499999999996
slow_11_to_00,x1.m14,VGD,-0.08052036599302148,1.7449534541492626,0.0008906240385334875,5.207499999999996
slow_11_to_00,x1.m14,VDS,-1.6243827275667644,-0.7669245669115603,10.017500000000007,0.007096694026708029
slow_11_to_00,x1.m14,VBS,0.0,0.0,5e-05,5e-05
slow_11_to_00,x1.m15,VGS,0.7391341340092328,1.744953479674385,0.0003323374715802414,5.207499999999996
slow_11_to_00,x1.m15,VGD,-0.08052036599302148,1.7449534541492626,0.0008906240385334875,5.207499999999996
slow_11_to_00,x1.m15,VDS,-0.004382727566764271,0.8530754330884398,10.017500000000007,0.007096694026708029
slow_11_to_00,x1.m15,VBS,0.0,0.0,5e-05,5e-05
slow_11_to_00,x1.m16,VGS,-1.62,0.0,5e-05,5.025
slow_11_to_00,x1.m16,VGD,-1.6206105068102927,-0.11603563063000921,18.167499999999976,9.975000000000001
slow_11_to_00,x1.m16,VDS,-0.8926948411467764,0.12502267852188953,5e-05,20.227499999999967
slow_11_to_00,x1.m16,VBS,0.0,0.0,5e-05,5e-05
slow_11_to_00,x1.m17,VGS,-0.958186622671283,0.9341327093211208,18.702499999999873,0.08428535926113555
slow_11_to_00,x1.m17,VGD,-1.7551070221913831,0.0677869764004313,20.032500000000002,18.182499999999973
slow_11_to_00,x1.m17,VDS,0.5220363620943305,1.7501492168638604,18.207499999999968,24.987500000000004
slow_11_to_00,x1.m17,VBS,-1.0967458173441238,0.037459681366762754,18.20249999999997,25.0125
slow_11_to_00,x1.m18,VGS,-0.8869258032582418,1.6425659080570203,17.987499999999994,25.0125
slow_11_to_00,x1.m18,VGD,-0.9915406584060729,1.6431646004071117,17.987499999999994,25.0175
slow_11_to_00,x1.m18,VDS,-0.015451056281755582,0.9805407958082257,25.117499999999986,10.012500000000006
slow_11_to_00,x1.m18,VBS,-0.9658950518128752,0.038224425625086836,18.19749999999997,25.0125
slow_11_to_00,x1.m19,VGS,-0.8926948411467764,0.12502267852188953,5e-05,20.227499999999967
slow_11_to_00,x1.m19,VGD,-0.08625124748505542,1.7450226641336166,0.0008906240385334875,20.227499999999967
slow_11_to_00,x1.m19,VDS,-1.6243797869885481,-0.7660293054889836,25.0175,0.007096694026708029
slow_11_to_00,x1.m19,VBS,0.0,0.0,5e-05,5e-05
slow_11_to_00,x1.m20,VGS,0.7273051588532237,1.7450226785218896,5e-05,20.227499999999967
slow_11_to_00,x1.m20,VGD,-0.08625124748505542,1.7450226641336166,0.0008906240385334875,20.227499999999967
slow_11_to_00,x1.m20,VDS,-0.004379786988548013,0.8539706945110165,25.0175,0.007096694026708029
slow_11_to_00,x1.m20,VBS,0.0,0.0,5e-05,5e-05
slow_11_to_00,x1.m21,VGS,-1.62,0.0,5e-05,5.025
slow_11_to_00,x1.m21,VGD,-1.6205171786748844,1.6200002472219541,18.012500000000003,5.627499999999986
slow_11_to_00,x1.m21,VDS,-1.6525608005112975,0.12625299920750588,10.007500000000006,5.0265
slow_11_to_00,x1.m21,VBS,0.0,0.0,5e-05,5e-05
slow_11_to_00,x1.m22,VGS,-0.41008432246588694,1.6449486147751455,20.037500000000005,10.012500000000006
slow_11_to_00,x1.m22,VGD,-1.755138462155922,1.6438961581858387,20.032500000000002,10.007500000000006
slow_11_to_00,x1.m22,VDS,-0.000817608121737274,1.3461090625648569,10.002500000000005,20.026500000000006
slow_11_to_00,x1.m22,VBS,-0.9267893114495616,0.033179278001157816,18.182499999999973,10.007500000000006
slow_11_to_00,x1.m23,VGS,-0.890618459777661,1.6485937832145137,20.002499999999998,10.017500000000007
slow_11_to_00,x1.m23,VGD,-0.4201773936438098,1.6431779755896514,20.025000000000002,10.012500000000006
slow_11_to_00,x1.m23,VDS,-0.4884143377501754,0.44024510714630904,20.002499999999998,25.0125
slow_11_to_00,x1.m23,VBS,-0.9658950518128752,0.038224425625086836,18.19749999999997,25.0125
slow_11_to_00,x1.m24,VGS,-1.6525608005112975,0.12625299920750588,10.007500000000006,5.0265
slow_11_to_00,x1.m24,VGD,-1.648525893501514,1.746059466033154,10.007500000000006,5.0285
slow_11_to_00,x1.m24,VDS,-1.7554979441505971,0.10854154635014224,5.0825,10.127500000000012
slow_11_to_00,x1.m24,VBS,0.0,0.0,5e-05,5e-05
slow_11_to_00,x1.m25,VGS,-0.032560800511297366,1.746252999207506,10.007500000000006,5.0265
slow_11_to_00,x1.m25,VGD,-1.648525893501514,1.746059466033154,10.007500000000006,5.0285
slow_11_to_00,x1.m25,VDS,-0.1354979441505971,1.7285415463501423,5.0825,10.127500000000012
slow_11_to_00,x1.m25,VBS,0.0,0.0,5e-05,5e-05
slow_11_to_00,x1.m26,VGS,-1.6768440902197141,0.20512124979334612,5.0285,25.14249999999998
slow_11_to_00,x1.m26,VGD,-1.6714415936348133,1.8236523283767025,10.092500000000008,25.14249999999998
slow_11_to_00,x1.m26,VDS,-1.641474289738466,0.07524325844434543,20.025500000000005,18.177499999999974
slow_11_to_00,x1.m26,VBS,0.0,0.0,5e-05,5e-05
slow_11_to_00,x1.m27,VGS,-0.056844090219714094,1.8251212497933462,5.0285,25.14249999999998
slow_11_to_00,x1.m27,VGD,-1.6714415936348133,1.8236523283767025,10.092500000000008,25.14249999999998
slow_11_to_00,x1.m27,VDS,-0.021474289738465806,1.6952432584443455,20.025500000000005,18.177499999999974
slow_11_to_00,x1.m27,VBS,0.0,0.0,5e-05,5e-05
slow_11_to_00,x1.m28,VGS,-1.657467254024107,0.12870116594185776,17.987499999999994,25.14249999999998
slow_11_to_00,x1.m28,VGD,-1.6538549991864488,1.7479609036676258,17.987499999999994,25.14249999999998
slow_11_to_00,x1.m28,VDS,-1.6308198801799658,0.06818083619023363,20.032500000000002,18.182499999999973
slow_11_to_00,x1.m28,VBS,0.0,0.0,5e-05,5e-05
slow_11_to_00,x1.m29,VGS,-0.037467254024106916,1.7487011659418579,17.987499999999994,25.14249999999998
slow_11_to_00,x1.m29,VGD,-1.6538549991864488,1.7479609036676258,17.987499999999994,25.14249999999998
slow_11_to_00,x1.m29,VDS,-0.010819880179965685,1.6881808361902337,20.032500000000002,18.182499999999973
slow_11_to_00,x1.m29,VBS,0.0,0.0,5e-05,5e-05
slow_11_to_00,x2.mp1,VGS,-1.7416981730171368,0.10518216138468839,20.087499999999995,25.127499999999984
slow_11_to_00,x2.mp1,VGD,-1.7312035677612618,1.7242548608062571,20.092499999999994,25.127499999999984
slow_11_to_00,x2.mp1,VDS,-1.7273623449817919,0.11002058352761468,25.172499999999975,20.132499999999986
slow_11_to_00,x2.mp1,VBS,0.0,0.0,5e-05,5e-05
slow_11_to_00,x2.mn1,VGS,-0.12169817301713676,1.7251821613846885,20.087499999999995,25.127499999999984
slow_11_to_00,x2.mn1,VGD,-1.7312035677612618,1.7242548608062571,20.092499999999994,25.127499999999984
slow_11_to_00,x2.mn1,VDS,-0.10736234498179187,1.7300205835276148,25.172499999999975,20.132499999999986
slow_11_to_00,x2.mn1,VBS,0.0,0.0,5e-05,5e-05
slow_11_to_00,x2.mp2,VGS,-1.7273623449817919,0.11002058352761468,25.172499999999975,20.132499999999986
slow_11_to_00,x2.mp2,VGD,-1.7235429713632366,1.72793695408833,25.172499999999975,20.132499999999986
slow_11_to_00,x2.mp2,VDS,-1.6537981193956282,0.028955043607512998,20.172499999999978,25.247499999999963
slow_11_to_00,x2.mp2,VBS,0.0,0.0,5e-05,5e-05
slow_11_to_00,x2.mn2,VGS,-0.10736234498179187,1.7300205835276148,25.172499999999975,20.132499999999986
slow_11_to_00,x2.mn2,VGD,-1.7235429713632366,1.72793695408833,25.172499999999975,20.132499999999986
slow_11_to_00,x2.mn2,VDS,-0.03379811939562799,1.648955043607513,20.172499999999978,25.247499999999963
slow_11_to_00,x2.mn2,VBS,0.0,0.0,5e-05,5e-05
slow_11_to_00,x3.mp1,VGS,-1.6243827275667644,-0.7669245669115603,10.017500000000007,0.007096694026708029
slow_11_to_00,x3.mp1,VGD,-1.6239715884711858,0.1351568903897391,10.017500000000007,0.0005184329938979902
slow_11_to_00,x3.mp1,VDS,-0.9635429046743424,0.0004590849204206826,0.000231525160785612,19.9825
slow_11_to_00,x3.mp1,VBS,0.0,0.0,5e-05,5e-05
slow_11_to_00,x3.mn1,VGS,-0.004382727566764271,0.8530754330884398,10.017500000000007,0.007096694026708029
slow_11_to_00,x3.mn1,VGD,-1.6239715884711858,0.1351568903897391,10.017500000000007,0.0005184329938979902
slow_11_to_00,x3.mn1,VDS,0.6564570953256577,1.6204590849204208,0.000231525160785612,19.9825
slow_11_to_00,x3.mn1,VBS,0.0,0.0,5e-05,5e-05
slow_11_to_00,x3.mp2,VGS,-0.9635429046743424,0.0004590849204206826,0.000231525160785612,19.9825
slow_11_to_00,x3.mp2,VGD,0.6279958591991204,1.6204451389422354,0.0003323374715802414,19.9825
slow_11_to_00,x3.mp2,VDS,-1.6200093981829602,-1.5648558265266195,10.012500000000006,0.05428535926113556
slow_11_to_00,x3.mp2,VBS,0.0,0.0,5e-05,5e-05
slow_11_to_00,x3.mn2,VGS,0.6564570953256577,1.6204590849204208,0.000231525160785612,19.9825
slow_11_to_00,x3.mn2,VGD,0.6279958591991204,1.6204451389422354,0.0003323374715802414,19.9825
slow_11_to_00,x3.mn2,VDS,-9.398182960000144e-06,0.05514417347338062,10.012500000000006,0.05428535926113556
slow_11_to_00,x3.mn2,VBS,0.0,0.0,5e-05,5e-05
slow_11_to_00,x4.mp1,VGS,-1.7554979441505971,0.10854154635014224,5.0825,10.127500000000012
slow_11_to_00,x4.mp1,VGD,-1.7424566424442989,1.7273751038370688,5.0825,10.127500000000012
slow_11_to_00,x4.mp1,VDS,-1.7265912309085079,0.11408930933895012,10.167500000000018,5.122499999999999
slow_11_to_00,x4.mp1,VBS,0.0,0.0,5e-05,5e-05
slow_11_to_00,x4.mn1,VGS,-0.1354979441505971,1.7285415463501423,5.0825,10.127500000000012
slow_11_to_00,x4.mn1,VGD,-1.7424566424442989,1.7273751038370688,5.0825,10.127500000000012
slow_11_to_00,x4.mn1,VDS,-0.10659123090850786,1.7340893093389502,10.167500000000018,5.122499999999999
slow_11_to_00,x4.mn1,VBS,0.0,0.0,5e-05,5e-05
slow_11_to_00,x4.mp2,VGS,-1.7265912309085079,0.11408930933895012,10.167500000000018,5.122499999999999
slow_11_to_00,x4.mp2,VGD,-1.7227924850239749,1.7316728357810973,10.167500000000018,5.122499999999999
slow_11_to_00,x4.mp2,VDS,-1.6543233361941756,0.02900666019709197,5.167499999999997,10.247500000000029
slow_11_to_00,x4.mp2,VBS,0.0,0.0,5e-05,5e-05
slow_11_to_00,x4.mn2,VGS,-0.10659123090850786,1.7340893093389502,10.167500000000018,5.122499999999999
slow_11_to_00,x4.mn2,VGD,-1.7227924850239749,1.7316728357810973,10.167500000000018,5.122499999999999
slow_11_to_00,x4.mn2,VDS,-0.034323336194175456,1.649006660197092,5.167499999999997,10.247500000000029
slow_11_to_00,x4.mn2,VBS,0.0,0.0,5e-05,5e-05
slow_11_to_00,x5.mp1,VGS,-1.6243797869885481,-0.7660293054889836,25.0175,0.007096694026708029
slow_11_to_00,x5.mp1,VGD,-1.6239686339981614,0.13450960310038818,25.0175,0.007096694026708029
slow_11_to_00,x5.mp1,VDS,-0.9638079529286081,0.0004593169103450645,0.000231525160785612,4.9825
slow_11_to_00,x5.mp1,VBS,0.0,0.0,5e-05,5e-05
slow_11_to_00,x5.mn1,VGS,-0.004379786988548013,0.8539706945110165,25.0175,0.007096694026708029
slow_11_to_00,x5.mn1,VGD,-1.6239686339981614,0.13450960310038818,25.0175,0.007096694026708029
slow_11_to_00,x5.mn1,VDS,0.656192047071392,1.6204593169103452,0.000231525160785612,4.9825
slow_11_to_00,x5.mn1,VBS,0.0,0.0,5e-05,5e-05
slow_11_to_00,x5.mp2,VGS,-0.9638079529286081,0.0004593169103450645,0.000231525160785612,4.9825
slow_11_to_00,x5.mp2,VGD,0.6276958093804483,1.6204453644867707,0.0003323374715802414,4.9825
slow_11_to_00,x5.mp2,VDS,-1.6200093902350814,-1.5648746068438029,25.0125,0.05428535926113556
slow_11_to_00,x5.mp2,VBS,0.0,0.0,5e-05,5e-05
slow_11_to_00,x5.mn2,VGS,0.656192047071392,1.6204593169103452,0.000231525160785612,4.9825
slow_11_to_00,x5.mn2,VGD,0.6276958093804483,1.6204453644867707,0.0003323374715802414,4.9825
slow_11_to_00,x5.mn2,VDS,-9.390235081338893e-06,0.055125393156197244,25.0125,0.05428535926113556
slow_11_to_00,x5.mn2,VBS,0.0,0.0,5e-05,5e-05
slow_01_to_10,x1.m1,VGS,-1.62,0.0,18.000000000000004,5e-05
slow_01_to_10,x1.m1,VGD,-1.808889279159553,1.676557461337017,25.132499999999983,5.0285
slow_01_to_10,x1.m1,VDS,-1.676557461337017,0.1888892791595529,5.0285,25.132499999999983
slow_01_to_10,x1.m1,VBS,0.0,0.0,5e-05,5e-05
slow_01_to_10,x1.m2,VGS,0.0,1.62,18.000000000000004,5e-05
slow_01_to_10,x1.m2,VGD,-1.808889279159553,1.676557461337017,25.132499999999983,5.0285
slow_01_to_10,x1.m2,VDS,-0.05655746133701699,1.808889279159553,5.0285,25.132499999999983
slow_01_to_10,x1.m2,VBS,0.0,0.0,5e-05,5e-05
slow_01_to_10,x1.m3,VGS,-1.62,0.0,5e-05,18.000000000000004
slow_01_to_10,x1.m3,VGD,-1.7482562433543494,1.6472592142894822,10.147500000000015,20.042500000000004
slow_01_to_10,x1.m3,VDS,-1.6472592142894822,0.12825624335434926,20.042500000000004,10.147500000000015
slow_01_to_10,x1.m3,VBS,0.0,0.0,5e-05,5e-05
slow_01_to_10,x1.m4,VGS,0.0,1.62,5e-05,18.000000000000004
slow_01_to_10,x1.m4,VGD,-1.7482562433543494,1.6472592142894822,10.147500000000015,20.042500000000004
slow_01_to_10,x1.m4,VDS,-0.027259214289482084,1.7482562433543494,20.042500000000004,10.147500000000015
slow_01_to_10,x1.m4,VBS,0.0,0.0,5e-05,5e-05
slow_01_to_10,x1.m5,VGS,-1.62,0.0,5e-05,5.025
slow_01_to_10,x1.m5,VGD,-1.6213207925579098,-0.1141477384789975,17.977499999999996,5.122499999999999
slow_01_to_10,x1.m5,VDS,-0.8836537215693577,0.12495775082749083,0.0003323446018294458,20.20749999999997
slow_01_to_10,x1.m5,VBS,0.0,0.0,5e-05,5e-05
slow_01_to_10,x1.m6,VGS,-0.9590072103950144,0.8407333560477301,18.65749999999988,0.2892630239139276
slow_01_to_10,x1.m6,VGD,-1.7705139161164185,0.12815784764765303,20.042500000000004,10.147500000000015
slow_01_to_10,x1.m6,VDS,0.5554317015101294,1.750060570022842,5e-05,24.987500000000004
slow_01_to_10,x1.m6,VBS,-0.9768914525689708,0.03735815962928925,10.152500000000016,25.0125
slow_01_to_10,x1.m7,VGS,-0.8873510517590157,1.64247278968493,17.987499999999994,25.0125
slow_01_to_10,x1.m7,VGD,-1.000736967370735,1.6431159981611552,17.982499999999995,25.0175
slow_01_to_10,x1.m7,VDS,-0.1329172429111133,0.9785071713986275,0.0892630239139276,10.012500000000006
slow_01_to_10,x1.m7,VBS,-0.9160028615313505,0.03803037510878969,18.18749999999997,25.0125
slow_01_to_10,x1.m8,VGS,0.0,1.62,5e-05,5.025
slow_01_to_10,x1.m8,VGD,-0.9160028615313505,1.6200000130903147,18.18749999999997,7.207499999999948
slow_01_to_10,x1.m8,VDS,-0.03803037510878969,0.9160028615313505,25.0125,18.18749999999997
slow_01_to_10,x1.m8,VBS,0.0,0.0,5e-05,5e-05
slow_01_to_10,x1.m9,VGS,-0.8836537215693577,0.12495775082749083,0.0003323446018294458,20.20749999999997
slow_01_to_10,x1.m9,VGD,-0.08244959279109165,1.7449577288691152,0.0008906524265737083,20.21249999999997
slow_01_to_10,x1.m9,VDS,-1.6243828029710432,-0.7658129443829147,25.0175,0.007091650561209464
slow_01_to_10,x1.m9,VBS,0.0,0.0,5e-05,5e-05
slow_01_to_10,x1.m10,VGS,0.7363462784306424,1.744957750827491,0.0003323446018294458,20.20749999999997
slow_01_to_10,x1.m10,VGD,-0.08244959279109165,1.7449577288691152,0.0008906524265737083,20.21249999999997
slow_01_to_10,x1.m10,VDS,-0.004382802971043094,0.8541870556170854,25.0175,0.007091650561209464
slow_01_to_10,x1.m10,VBS,0.0,0.0,5e-05,5e-05
slow_01_to_10,x1.m11,VGS,-1.62,0.0,5e-05,5.025
slow_01_to_10,x1.m11,VGD,-1.6212150996785784,1.6200000262835772,17.972499999999997,7.207499999999948
slow_01_to_10,x1.m11,VDS,-1.652862640542948,0.12680804921642763,10.007500000000006,5.0265
slow_01_to_10,x1.m11,VBS,0.0,0.0,5e-05,5e-05
slow_01_to_10,x1.m12,VGS,-0.7718424076064329,1.6421730570093656,18.20249999999997,10.007500000000006
slow_01_to_10,x1.m12,VGD,-1.770527540974595,1.6416005433008378,20.042500000000004,10.007500000000006
slow_01_to_10,x1.m12,VDS,-0.000852732619930012,1.2772211196330496,10.002500000000005,0.07926302391392762
slow_01_to_10,x1.m12,VBS,-0.9012261637648917,0.03343515425147569,17.977499999999996,10.007500000000006
slow_01_to_10,x1.m13,VGS,-0.8893189269632359,1.6487489453015,20.002499999999998,10.017500000000007
slow_01_to_10,x1.m13,VGD,-0.5469757589670624,1.6434557354511128,20.022499999999994,10.012500000000006
slow_01_to_10,x1.m13,VDS,-0.3597706837976954,0.5656638419687874,20.002499999999998,25.0125
slow_01_to_10,x1.m13,VBS,-0.9160028615313505,0.03803037510878969,18.18749999999997,25.0125
slow_01_to_10,x1.m14,VGS,-1.652862640542948,0.12680804921642763,10.007500000000006,5.0265
slow_01_to_10,x1.m14,VGD,-1.6487702508203688,1.7463970977086436,10.007500000000006,5.0285
slow_01_to_10,x1.m14,VDS,-1.748660764484242,0.10459535452736657,5.0874999999999995,10.127500000000012
slow_01_to_10,x1.m14,VBS,0.0,0.0,5e-05,5e-05
slow_01_to_10,x1.m15,VGS,-0.03286264054294798,1.7468080492164277,10.007500000000006,5.0265
slow_01_to_10,x1.m15,VGD,-1.6487702508203688,1.7463970977086436,10.007500000000006,5.0285
slow_01_to_10,x1.m15,VDS,-0.1286607644842419,1.7245953545273667,5.0874999999999995,10.127500000000012
slow_01_to_10,x1.m15,VBS,0.0,0.0,5e-05,5e-05
slow_01_to_10,x1.m16,VGS,-1.62,0.0,5e-05,5.025
slow_01_to_10,x1.m16,VGD,-1.6441840768687503,1.6200000056345474,18.137499999999978,22.727499999999495
slow_01_to_10,x1.m16,VDS,-1.6531144183366626,0.1269689626713193,25.0075,20.028500000000005
slow_01_to_10,x1.m16,VBS,0.0,0.0,5e-05,5e-05
slow_01_to_10,x1.m17,VGS,-0.09326795638034682,1.6458638188231065,18.067499999999992,25.0125
slow_01_to_10,x1.m17,VGD,-1.7548456998525113,1.6443607880529039,5.032500000000001,25.0075
slow_01_to_10,x1.m17,VDS,-0.0006729702152341588,1.752256668580544,25.0025,5.0285
slow_01_to_10,x1.m17,VBS,-0.9114648501999016,0.03392911622336862,18.682499999999877,25.0075
slow_01_to_10,x1.m18,VGS,-0.8873510517590157,1.64247278968493,17.987499999999994,25.0125
slow_01_to_10,x1.m18,VGD,-0.04880155224085396,1.638423247084622,5.0285,25.0075
slow_01_to_10,x1.m18,VDS,-0.8767542978878882,0.3823047584976626,5.0024999999999995,20.026500000000006
slow_01_to_10,x1.m18,VBS,-0.9160028615313505,0.03803037510878969,18.18749999999997,25.0125
slow_01_to_10,x1.m19,VGS,-1.6531144183366626,0.1269689626713193,25.0075,20.028500000000005
slow_01_to_10,x1.m19,VGD,-1.6489665197972554,1.746696436908891,25.0075,20.028500000000005
slow_01_to_10,x1.m19,VDS,-1.7490086854630955,0.11107310177795959,20.087499999999995,25.122499999999985
slow_01_to_10,x1.m19,VBS,0.0,0.0,5e-05,5e-05
slow_01_to_10,x1.m20,VGS,-0.033114418336662434,1.7469689626713194,25.0075,20.028500000000005
slow_01_to_10,x1.m20,VGD,-1.6489665197972554,1.746696436908891,25.0075,20.028500000000005
slow_01_to_10,x1.m20,VDS,-0.12900868546309535,1.7310731017779597,20.087499999999995,25.122499999999985
slow_01_to_10,x1.m20,VBS,0.0,0.0,5e-05,5e-05
slow_01_to_10,x1.m21,VGS,-1.62,0.0,5e-05,5.025
slow_01_to_10,x1.m21,VGD,-1.642050278660042,-0.10896380873059108,18.147499999999976,24.975000000000005
slow_01_to_10,x1.m21,VDS,-0.8929406294527206,0.12502465232173843,5e-05,5.222499999999996
slow_01_to_10,x1.m21,VBS,0.0,0.0,5e-05,5e-05
slow_01_to_10,x1.m22,VGS,-0.9134863385567007,0.7694619985525115,18.067499999999992,18.33749999999994
slow_01_to_10,x1.m22,VGD,-1.754816880506331,0.04832166671429694,5.032500000000001,25.0375
slow_01_to_10,x1.m22,VDS,0.525243821829458,1.7500706213731874,18.19749999999997,9.987500000000002
slow_01_to_10,x1.m22,VBS,-1.1041226185216986,0.03616501686871863,18.19249999999997,10.012500000000006
slow_01_to_10,x1.m23,VGS,-0.8893189269632359,1.6487489453015,20.002499999999998,10.017500000000007
slow_01_to_10,x1.m23,VGD,-0.9505346696043512,1.6498882874644958,30.000000000000004,10.022500000000008
slow_01_to_10,x1.m23,VDS,-0.04645943512202133,0.9738638170186824,5.0024999999999995,25.0125
slow_01_to_10,x1.m23,VBS,-0.9160028615313505,0.03803037510878969,18.18749999999997,25.0125
slow_01_to_10,x1.m24,VGS,-0.8929406294527206,0.12502465232173843,5e-05,5.222499999999996
slow_01_to_10,x1.m24,VGD,-0.08657700468735596,1.7450246427480163,0.0008906524265737083,5.222499999999996
slow_01_to_10,x1.m24,VDS,-1.6243798096004567,-0.7658237677506864,10.017500000000007,0.007091650561209464
slow_01_to_10,x1.m24,VBS,0.0,0.0,5e-05,5e-05
slow_01_to_10,x1.m25,VGS,0.7270593705472795,1.7450246523217385,5e-05,5.222499999999996
slow_01_to_10,x1.m25,VGD,-0.08657700468735596,1.7450246427480163,0.0008906524265737083,5.222499999999996
slow_01_to_10,x1.m25,VDS,-0.004379809600456516,0.8541762322493137,10.017500000000007,0.007091650561209464
slow_01_to_10,x1.m25,VBS,0.0,0.0,5e-05,5e-05
slow_01_to_10,x1.m26,VGS,-1.676557461337017,0.1888892791595529,5.0285,25.132499999999983
slow_01_to_10,x1.m26,VGD,-1.6727377971815682,1.8076223563685632,10.097500000000009,25.13749999999998
slow_01_to_10,x1.m26,VDS,-1.641484203236302,0.08332795649936209,20.025500000000005,18.177499999999974
slow_01_to_10,x1.m26,VBS,0.0,0.0,5e-05,5e-05
slow_01_to_10,x1.m27,VGS,-0.05655746133701699,1.808889279159553,5.0285,25.132499999999983
slow_01_to_10,x1.m27,VGD,-1.6727377971815682,1.8076223563685632,10.097500000000009,25.13749999999998
slow_01_to_10,x1.m27,VDS,-0.021484203236301954,1.7033279564993622,20.025500000000005,18.177499999999974
slow_01_to_10,x1.m27,VBS,0.0,0.0,5e-05,5e-05
slow_01_to_10,x1.m28,VGS,-1.6472592142894822,0.12825624335434926,20.042500000000004,10.147500000000015
slow_01_to_10,x1.m28,VGD,-1.6526399728832895,1.7476683119321816,25.077499999999993,10.147500000000015
slow_01_to_10,x1.m28,VDS,-1.6897293804057794,0.04124533865744584,18.067499999999992,25.082499999999992
slow_01_to_10,x1.m28,VBS,0.0,0.0,5e-05,5e-05
slow_01_to_10,x1.m29,VGS,-0.027259214289482084,1.7482562433543494,20.042500000000004,10.147500000000015
slow_01_to_10,x1.m29,VGD,-1.6526399728832895,1.7476683119321816,25.077499999999993,10.147500000000015
slow_01_to_10,x1.m29,VDS,-0.0697293804057792,1.661245338657446,18.067499999999992,25.082499999999992
slow_01_to_10,x1.m29,VBS,0.0,0.0,5e-05,5e-05
slow_01_to_10,x2.mp1,VGS,-1.6243828029710432,-0.7658129443829147,25.0175,0.007091650561209464
slow_01_to_10,x2.mp1,VGD,-1.623971659785612,0.13479213508246446,25.0175,0.007091650561209464
slow_01_to_10,x2.mp1,VDS,-0.963586417798842,0.00045896688528346274,0.00023152656775822365,4.9825
slow_01_to_10,x2.mp1,VBS,0.0,0.0,5e-05,5e-05
slow_01_to_10,x2.mn1,VGS,-0.004382802971043094,0.8541870556170854,25.0175,0.007091650561209464
slow_01_to_10,x2.mn1,VGD,-1.623971659785612,0.13479213508246446,25.0175,0.007091650561209464
slow_01_to_10,x2.mn1,VDS,0.6564135822011581,1.6204589668852836,0.00023152656775822365,4.9825
slow_01_to_10,x2.mn1,VBS,0.0,0.0,5e-05,5e-05
slow_01_to_10,x2.mp2,VGS,-0.963586417798842,0.00045896688528346274,0.00023152656775822365,4.9825
slow_01_to_10,x2.mp2,VGD,0.6279301286518371,1.6204450249298377,0.0003323446018294458,4.9825
slow_01_to_10,x2.mp2,VDS,-1.6200093983435342,-1.5648936497813124,25.0125,0.054263023913927635
slow_01_to_10,x2.mp2,VBS,0.0,0.0,5e-05,5e-05
slow_01_to_10,x2.mn2,VGS,0.6564135822011581,1.6204589668852836,0.00023152656775822365,4.9825
slow_01_to_10,x2.mn2,VGD,0.6279301286518371,1.6204450249298377,0.0003323446018294458,4.9825
slow_01_to_10,x2.mn2,VDS,-9.398343534058382e-06,0.05510635021868775,25.0125,0.054263023913927635
slow_01_to_10,x2.mn2,VBS,0.0,0.0,5e-05,5e-05
slow_01_to_10,x3.mp1,VGS,-1.748660764484242,0.10459535452736657,5.0874999999999995,10.127500000000012
slow_01_to_10,x3.mp1,VGD,-1.7371991078318623,1.723273685266456,5.0874999999999995,10.127500000000012
slow_01_to_10,x3.mp1,VDS,-1.7247581122691076,0.11023718977030939,10.17750000000002,5.122499999999999
slow_01_to_10,x3.mp1,VBS,0.0,0.0,5e-05,5e-05
slow_01_to_10,x3.mn1,VGS,-0.1286607644842419,1.7245953545273667,5.0874999999999995,10.127500000000012
slow_01_to_10,x3.mn1,VGD,-1.7371991078318623,1.723273685266456,5.0874999999999995,10.127500000000012
slow_01_to_10,x3.mn1,VDS,-0.10475811226910753,1.7302371897703095,10.17750000000002,5.122499999999999
slow_01_to_10,x3.mn1,VBS,0.0,0.0,5e-05,5e-05
slow_01_to_10,x3.mp2,VGS,-1.7247581122691076,0.11023718977030939,10.17750000000002,5.122499999999999
slow_01_to_10,x3.mp2,VGD,-1.721038049434315,1.7277590534530327,10.17750000000002,5.122499999999999
slow_01_to_10,x3.mp2,VDS,-1.654194172194484,0.029036371200817257,5.167499999999997,10.25250000000003
slow_01_to_10,x3.mp2,VBS,0.0,0.0,5e-05,5e-05
slow_01_to_10,x3.mn2,VGS,-0.10475811226910753,1.7302371897703095,10.17750000000002,5.122499999999999
slow_01_to_10,x3.mn2,VGD,-1.721038049434315,1.7277590534530327,10.17750000000002,5.122499999999999
slow_01_to_10,x3.mn2,VDS,-0.0341941721944839,1.6490363712008174,5.167499999999997,10.25250000000003
slow_01_to_10,x3.mn2,VBS,0.0,0.0,5e-05,5e-05
slow_01_to_10,x4.mp1,VGS,-1.6243798096004567,-0.7658237677506864,10.017500000000007,0.007091650561209464
slow_01_to_10,x4.mp1,VGD,-1.6239686528914077,0.13469225442417998,10.017500000000007,0.007091650561209464
slow_01_to_10,x4.mp1,VDS,-0.963815834167045,0.0004594231997028242,0.00023152656775822365,19.9825
slow_01_to_10,x4.mp1,VBS,0.0,0.0,5e-05,5e-05
slow_01_to_10,x4.mn1,VGS,-0.004379809600456516,0.8541762322493137,10.017500000000007,0.007091650561209464
slow_01_to_10,x4.mn1,VGD,-1.6239686528914077,0.13469225442417998,10.017500000000007,0.007091650561209464
slow_01_to_10,x4.mn1,VDS,0.6561841658329551,1.620459423199703,0.00023152656775822365,19.9825
slow_01_to_10,x4.mn1,VBS,0.0,0.0,5e-05,5e-05
slow_01_to_10,x4.mp2,VGS,-0.963815834167045,0.0004594231997028242,0.00023152656775822365,19.9825
slow_01_to_10,x4.mp2,VGD,0.6276857512592361,1.6204454672295983,0.0003323446018294458,19.9825
slow_01_to_10,x4.mp2,VDS,-1.620009390236449,-1.564874627982872,10.012500000000006,0.054263023913927635
slow_01_to_10,x4.mp2,VBS,0.0,0.0,5e-05,5e-05
slow_01_to_10,x4.mn2,VGS,0.6561841658329551,1.620459423199703,0.00023152656775822365,19.9825
slow_01_to_10,x4.mn2,VGD,0.6276857512592361,1.6204454672295983,0.0003323446018294458,19.9825
slow_01_to_10,x4.mn2,VDS,-9.390236448913322e-06,0.05512537201712814,10.012500000000006,0.054263023913927635
slow_01_to_10,x4.mn2,VBS,0.0,0.0,5e-05,5e-05
slow_01_to_10,x5.mp1,VGS,-1.7490086854630955,0.11107310177795959,20.087499999999995,25.122499999999985
slow_01_to_10,x5.mp1,VGD,-1.7368538139941796,1.7293916875336452,20.087499999999995,25.122499999999985
slow_01_to_10,x5.mp1,VDS,-1.7298221342039708,0.11172094239510644,25.167499999999976,20.127499999999987
slow_01_to_10,x5.mp1,VBS,0.0,0.0,5e-05,5e-05
slow_01_to_10,x5.mn1,VGS,-0.12900868546309535,1.7310731017779597,20.087499999999995,25.122499999999985
slow_01_to_10,x5.mn1,VGD,-1.7368538139941796,1.7293916875336452,20.087499999999995,25.122499999999985
slow_01_to_10,x5.mn1,VDS,-0.10982213420397068,1.7317209423951065,25.167499999999976,20.127499999999987
slow_01_to_10,x5.mn1,VBS,0.0,0.0,5e-05,5e-05
slow_01_to_10,x5.mp2,VGS,-1.7298221342039708,0.11172094239510644,25.167499999999976,20.127499999999987
slow_01_to_10,x5.mp2,VGD,-1.7259020522782873,1.7293024672268589,25.167499999999976,20.127499999999987
slow_01_to_10,x5.mp2,VDS,-1.6542873481520988,0.029080576377036094,20.172499999999978,25.242499999999964
slow_01_to_10,x5.mp2,VBS,0.0,0.0,5e-05,5e-05
slow_01_to_10,x5.mn2,VGS,-0.10982213420397068,1.7317209423951065,25.167499999999976,20.127499999999987
slow_01_to_10,x5.mn2,VGD,-1.7259020522782873,1.7293024672268589,25.167499999999976,20.127499999999987
slow_01_to_10,x5.mn2,VDS,-0.034287348152098635,1.6490805763770362,20.172499999999978,25.242499999999964
slow_01_to_10,x5.mn2,VBS,0.0,0.0,5e-05,5e-05
slow_10_to_01,x1.m1,VGS,-1.62,0.0,5e-05,18.000000000000004
slow_10_to_01,x1.m1,VGD,-1.8088877787976214,1.6749988123311392,10.132500000000013,20.028500000000005
slow_10_to_01,x1.m1,VDS,-1.6749988123311392,0.1888877787976213,20.028500000000005,10.132500000000013
slow_10_to_01,x1.m1,VBS,0.0,0.0,5e-05,5e-05
slow_10_to_01,x1.m2,VGS,0.0,1.62,5e-05,18.000000000000004
slow_10_to_01,x1.m2,VGD,-1.8088877787976214,1.6749988123311392,10.132500000000013,20.028500000000005
slow_10_to_01,x1.m2,VDS,-0.05499881233113913,1.8088877787976214,20.028500000000005,10.132500000000013
slow_10_to_01,x1.m2,VBS,0.0,0.0,5e-05,5e-05
slow_10_to_01,x1.m3,VGS,-1.62,0.0,18.000000000000004,5e-05
slow_10_to_01,x1.m3,VGD,-1.7484076472008054,1.6448887920293789,25.14749999999998,5.0425
slow_10_to_01,x1.m3,VDS,-1.657151644440808,0.12840764720080533,17.987499999999994,25.14749999999998
slow_10_to_01,x1.m3,VBS,0.0,0.0,5e-05,5e-05
slow_10_to_01,x1.m4,VGS,0.0,1.62,18.000000000000004,5e-05
slow_10_to_01,x1.m4,VGD,-1.7484076472008054,1.6448887920293789,25.14749999999998,5.0425
slow_10_to_01,x1.m4,VDS,-0.03715164444080797,1.7484076472008054,17.987499999999994,25.14749999999998
slow_10_to_01,x1.m4,VBS,0.0,0.0,5e-05,5e-05
slow_10_to_01,x1.m5,VGS,-1.62,0.0,5e-05,5.025
slow_10_to_01,x1.m5,VGD,-1.6253468862420244,-0.10738737206344151,18.167499999999976,24.975000000000005
slow_10_to_01,x1.m5,VDS,-0.8809842697050627,0.12495578434439425,0.00033233767062630155,5.207499999999996
slow_10_to_01,x1.m5,VBS,0.0,0.0,5e-05,5e-05
slow_10_to_01,x1.m6,VGS,-0.8875618691912508,0.7792524211656705,17.982499999999995,25.14249999999998
slow_10_to_01,x1.m6,VGD,-1.7682882957544794,0.12845070645585865,5.0425,25.14749999999998
slow_10_to_01,x1.m6,VDS,0.5565676850064456,1.7500590957365707,5e-05,9.987500000000002
slow_10_to_01,x1.m6,VBS,-0.9693804091080275,0.03736305456345031,25.157499999999978,10.012500000000006
slow_10_to_01,x1.m7,VGS,-0.8541449728948907,1.6424757335568954,20.002499999999998,10.012500000000006
slow_10_to_01,x1.m7,VGD,-0.9656448918652293,1.6431190434295797,25.202499999999972,10.017500000000007
slow_10_to_01,x1.m7,VDS,-0.10417615272077285,0.9692126116035175,18.152499999999975,25.0125
slow_10_to_01,x1.m7,VBS,-0.8779458573626375,0.03803575195092846,5.0024999999999995,10.012500000000006
slow_10_to_01,x1.m8,VGS,0.0,1.62,5e-05,5.025
slow_10_to_01,x1.m8,VGD,-0.8623477239876395,1.6200000604459313,17.977499999999996,21.912499999999646
slow_10_to_01,x1.m8,VDS,-0.03803575195092846,0.8779458573626375,10.012500000000006,5.0024999999999995
slow_10_to_01,x1.m8,VBS,0.0,0.0,5e-05,5e-05
slow_10_to_01,x1.m9,VGS,-0.8809842697050627,0.12495578434439425,0.00033233767062630155,5.207499999999996
slow_10_to_01,x1.m9,VGD,-0.08060983044338266,1.7449557229664956,0.0008906249285580135,5.207499999999996
slow_10_to_01,x1.m9,VDS,-1.6243827965218378,-0.766906539914595,10.017500000000007,0.007096498380935186
slow_10_to_01,x1.m9,VBS,0.0,0.0,5e-05,5e-05
slow_10_to_01,x1.m10,VGS,0.7390157302949374,1.7449557843443944,0.00033233767062630155,5.207499999999996
slow_10_to_01,x1.m10,VGD,-0.08060983044338266,1.7449557229664956,0.0008906249285580135,5.207499999999996
slow_10_to_01,x1.m10,VDS,-0.004382796521837725,0.8530934600854051,10.017500000000007,0.007096498380935186
slow_10_to_01,x1.m10,VBS,0.0,0.0,5e-05,5e-05
slow_10_to_01,x1.m11,VGS,-1.62,0.0,5e-05,5.025
slow_10_to_01,x1.m11,VGD,-1.6252726666299333,1.6200001233695618,18.167499999999976,21.912499999999646
slow_10_to_01,x1.m11,VDS,-1.6528531233458637,0.1253149874413857,25.0075,20.026500000000006
slow_10_to_01,x1.m11,VBS,0.0,0.0,5e-05,5e-05
slow_10_to_01,x1.m12,VGS,-0.03236880172219311,1.6422525766165041,17.987499999999994,25.0075
slow_10_to_01,x1.m12,VGD,-1.7682976188679664,1.6416791171146252,5.0425,25.0075
slow_10_to_01,x1.m12,VDS,-0.0008518672827350221,1.7479022942553233,25.0025,5.0285
slow_10_to_01,x1.m12,VBS,-0.8797249782873023,0.033426582847742387,30.000000000000004,25.0075
slow_10_to_01,x1.m13,VGS,-0.8775056440680913,1.648742463671727,5.0024999999999995,25.0175
slow_10_to_01,x1.m13,VGD,-0.09895753825327878,1.6434473558354405,18.067499999999992,25.0125
slow_10_to_01,x1.m13,VDS,-0.8770016458969848,0.34634980429845164,5.0024999999999995,20.025500000000005
slow_10_to_01,x1.m13,VBS,-0.8779458573626375,0.03803575195092846,5.0024999999999995,10.012500000000006
slow_10_to_01,x1.m14,VGS,-1.6528531233458637,0.1253149874413857,25.0075,20.026500000000006
slow_10_to_01,x1.m14,VGD,-1.6487622568724218,1.745016599269901,25.0075,20.026500000000006
slow_10_to_01,x1.m14,VDS,-1.7480604873117394,0.10458740394558563,20.082499999999996,25.127499999999984
slow_10_to_01,x1.m14,VBS,0.0,0.0,5e-05,5e-05
slow_10_to_01,x1.m15,VGS,-0.032853123345863454,1.7453149874413858,25.0075,20.026500000000006
slow_10_to_01,x1.m15,VGD,-1.6487622568724218,1.745016599269901,25.0075,20.026500000000006
slow_10_to_01,x1.m15,VDS,-0.12806048731173925,1.7245874039455857,20.082499999999996,25.127499999999984
slow_10_to_01,x1.m15,VBS,0.0,0.0,5e-05,5e-05
slow_10_to_01,x1.m16,VGS,-1.62,0.0,5e-05,5.025
slow_10_to_01,x1.m16,VGD,-1.6209857318339582,1.6200000002191461,18.012500000000003,7.957500000000014
slow_10_to_01,x1.m16,VDS,-1.6531203949464488,0.12620142183714478,10.007500000000006,5.0265
slow_10_to_01,x1.m16,VBS,0.0,0.0,5e-05,5e-05
slow_10_to_01,x1.m17,VGS,-0.579952558577983,1.6458073750703102,25.0125,10.012500000000006
slow_10_to_01,x1.m17,VGD,-1.7544472061234504,1.6443167178906741,20.032500000000002,10.007500000000006
slow_10_to_01,x1.m17,VDS,-0.0006735557204867459,1.2375875210289236,10.002500000000005,0.05428449282985584
slow_10_to_01,x1.m17,VBS,-0.900099805857902,0.033934539834660965,17.977499999999996,10.007500000000006
slow_10_to_01,x1.m18,VGS,-0.8541449728948907,1.6424757335568954,20.002499999999998,10.012500000000006
slow_10_to_01,x1.m18,VGD,-0.8213503632445518,1.6384269450315698,18.20249999999997,10.007500000000006
slow_10_to_01,x1.m18,VDS,-0.2784472106924012,0.6144103087270658,20.002499999999998,25.0125
slow_10_to_01,x1.m18,VBS,-0.8779458573626375,0.03803575195092846,5.0024999999999995,10.012500000000006
slow_10_to_01,x1.m19,VGS,-1.6531203949464488,0.12620142183714478,10.007500000000006,5.0265
slow_10_to_01,x1.m19,VGD,-1.6489716909362728,1.7459771212723925,10.007500000000006,5.0285
slow_10_to_01,x1.m19,VDS,-1.7497036078351365,0.11107494028118614,5.0874999999999995,10.122500000000011
slow_10_to_01,x1.m19,VBS,0.0,0.0,5e-05,5e-05
slow_10_to_01,x1.m20,VGS,-0.03312039494644869,1.7462014218371449,10.007500000000006,5.0265
slow_10_to_01,x1.m20,VGD,-1.6489716909362728,1.7459771212723925,10.007500000000006,5.0285
slow_10_to_01,x1.m20,VDS,-0.12970360783513643,1.7310749402811862,5.0874999999999995,10.122500000000011
slow_10_to_01,x1.m20,VBS,0.0,0.0,5e-05,5e-05
slow_10_to_01,x1.m21,VGS,-1.62,0.0,5e-05,5.025
slow_10_to_01,x1.m21,VGD,-1.6207741006000485,-0.11599699312582068,18.167499999999976,9.975000000000001
slow_10_to_01,x1.m21,VDS,-0.8928509328732863,0.12502428785460507,5e-05,20.222499999999968
slow_10_to_01,x1.m21,VBS,0.0,0.0,5e-05,5e-05
slow_10_to_01,x1.m22,VGS,-0.8561166720928552,0.9350102997815832,18.327499999999944,0.08428449282985581
slow_10_to_01,x1.m22,VGD,-1.7544206036601777,0.08352343664196549,20.032500000000002,18.177499999999974
slow_10_to_01,x1.m22,VDS,0.3850029639998276,1.7500700819756185,18.19249999999997,24.987500000000004
slow_10_to_01,x1.m22,VBS,-1.2348363176285422,0.03615748759003273,18.19249999999997,25.0125
slow_10_to_01,x1.m23,VGS,-0.8775056440680913,1.648742463671727,5.0024999999999995,25.0175
slow_10_to_01,x1.m23,VGD,-1.0290516047535354,1.6498818061295903,18.067499999999992,25.022499999999997
slow_10_to_01,x1.m23,VDS,-0.04559197515950131,0.9819952589317222,20.002499999999998,10.012500000000006
slow_10_to_01,x1.m23,VBS,-0.8779458573626375,0.03803575195092846,5.0024999999999995,10.012500000000006
slow_10_to_01,x1.m24,VGS,-0.8928509328732863,0.12502428785460507,5e-05,20.222499999999968
slow_10_to_01,x1.m24,VGD,-0.08624733328003154,1.7450242801902116,0.0008906249285580135,20.222499999999968
slow_10_to_01,x1.m24,VDS,-1.6243797907090838,-0.7660154219340405,25.0175,0.007096498380935186
slow_10_to_01,x1.m24,VBS,0.0,0.0,5e-05,5e-05
slow_10_to_01,x1.m25,VGS,0.7271490671267138,1.7450242878546052,5e-05,20.222499999999968
slow_10_to_01,x1.m25,VGD,-0.08624733328003154,1.7450242801902116,0.0008906249285580135,20.222499999999968
slow_10_to_01,x1.m25,VDS,-0.004379790709083634,0.8539845780659596,25.0175,0.007096498380935186
slow_10_to_01,x1.m25,VBS,0.0,0.0,5e-05,5e-05
slow_10_to_01,x1.m26,VGS,-1.6749988123311392,0.1888877787976213,20.028500000000005,10.132500000000013
slow_10_to_01,x1.m26,VGD,-1.6727086236488398,1.8076197908170437,25.09749999999999,10.137500000000014
slow_10_to_01,x1.m26,VDS,-1.6968617781554862,0.07069680065388195,18.067499999999992,25.08749999999999
slow_10_to_01,x1.m26,VBS,0.0,0.0,5e-05,5e-05
slow_10_to_01,x1.m27,VGS,-0.05499881233113913,1.8088877787976214,20.028500000000005,10.132500000000013
slow_10_to_01,x1.m27,VGD,-1.6727086236488398,1.8076197908170437,25.09749999999999,10.137500000000014
slow_10_to_01,x1.m27,VDS,-0.07686177815548605,1.690696800653882,18.067499999999992,25.08749999999999
slow_10_to_01,x1.m27,VBS,0.0,0.0,5e-05,5e-05
slow_10_to_01,x1.m28,VGS,-1.657151644440808,0.12840764720080533,17.987499999999994,25.14749999999998
slow_10_to_01,x1.m28,VGD,-1.6534059872032538,1.747820386375545,17.987499999999994,25.14749999999998
slow_10_to_01,x1.m28,VDS,-1.6300792046131942,0.08419869535637714,20.032500000000002,18.177499999999974
slow_10_to_01,x1.m28,VBS,0.0,0.0,5e-05,5e-05
slow_10_to_01,x1.m29,VGS,-0.03715164444080797,1.7484076472008054,17.987499999999994,25.14749999999998
slow_10_to_01,x1.m29,VGD,-1.6534059872032538,1.747820386375545,17.987499999999994,25.14749999999998
slow_10_to_01,x1.m29,VDS,-0.010079204613194115,1.7041986953563772,20.032500000000002,18.177499999999974
slow_10_to_01,x1.m29,VBS,0.0,0.0,5e-05,5e-05
slow_10_to_01,x2.mp1,VGS,-1.6243827965218378,-0.766906539914595,10.017500000000007,0.007096498380935186
slow_10_to_01,x2.mp1,VGD,-1.6239716535631605,0.1351049706036236,10.017500000000007,0.0005184334232702055
slow_10_to_01,x2.mp1,VDS,-0.963542620686529,0.0004590330478480009,0.00023152522350716902,19.9825
slow_10_to_01,x2.mp1,VBS,0.0,0.0,5e-05,5e-05
slow_10_to_01,x2.mn1,VGS,-0.004382796521837725,0.8530934600854051,10.017500000000007,0.007096498380935186
slow_10_to_01,x2.mn1,VGD,-1.6239716535631605,0.1351049706036236,10.017500000000007,0.0005184334232702055
slow_10_to_01,x2.mn1,VDS,0.6564573793134711,1.620459033047848,0.00023152522350716902,19.9825
slow_10_to_01,x2.mn1,VBS,0.0,0.0,5e-05,5e-05
slow_10_to_01,x2.mp2,VGS,-0.963542620686529,0.0004590330478480009,0.00023152522350716902,19.9825
slow_10_to_01,x2.mp2,VGD,0.627994273664629,1.6204450886430792,0.00033233767062630155,19.9825
slow_10_to_01,x2.mp2,VDS,-1.6200093983232409,-1.5648560503393556,10.012500000000006,0.05428449282985584
slow_10_to_01,x2.mp2,VBS,0.0,0.0,5e-05,5e-05
slow_10_to_01,x2.mn2,VGS,0.6564573793134711,1.620459033047848,0.00023152522350716902,19.9825
slow_10_to_01,x2.mn2,VGD,0.627994273664629,1.6204450886430792,0.00033233767062630155,19.9825
slow_10_to_01,x2.mn2,VDS,-9.398323240754222e-06,0.05514394966064456,10.012500000000006,0.05428449282985584
slow_10_to_01,x2.mn2,VBS,0.0,0.0,5e-05,5e-05
slow_10_to_01,x3.mp1,VGS,-1.7480604873117394,0.10458740394558563,20.082499999999996,25.127499999999984
slow_10_to_01,x3.mp1,VGD,-1.7357481494647018,1.7232655414528693,20.082499999999996,25.127499999999984
slow_10_to_01,x3.mp1,VDS,-1.7247834959529933,0.11275457752203533,25.177499999999974,20.122499999999988
slow_10_to_01,x3.mp1,VBS,0.0,0.0,5e-05,5e-05
slow_10_to_01,x3.mn1,VGS,-0.12806048731173925,1.7245874039455857,20.082499999999996,25.127499999999984
slow_10_to_01,x3.mn1,VGD,-1.7357481494647018,1.7232655414528693,20.082499999999996,25.127499999999984
slow_10_to_01,x3.mn1,VDS,-0.10478349595299327,1.7327545775220354,25.177499999999974,20.122499999999988
slow_10_to_01,x3.mn1,VBS,0.0,0.0,5e-05,5e-05
slow_10_to_01,x3.mp2,VGS,-1.7247834959529933,0.11275457752203533,25.177499999999974,20.122499999999988
slow_10_to_01,x3.mp2,VGD,-1.7210624590224644,1.7302793526762466,25.177499999999974,20.122499999999988
slow_10_to_01,x3.mp2,VDS,-1.654367445819908,0.02903720507773544,20.16749999999998,25.252499999999962
slow_10_to_01,x3.mp2,VBS,0.0,0.0,5e-05,5e-05
slow_10_to_01,x3.mn2,VGS,-0.10478349595299327,1.7327545775220354,25.177499999999974,20.122499999999988
slow_10_to_01,x3.mn2,VGD,-1.7210624590224644,1.7302793526762466,25.177499999999974,20.122499999999988
slow_10_to_01,x3.mn2,VDS,-0.03436744581990783,1.6490372050777355,20.16749999999998,25.252499999999962
slow_10_to_01,x3.mn2,VBS,0.0,0.0,5e-05,5e-05
slow_10_to_01,x4.mp1,VGS,-1.6243797907090838,-0.7660154219340405,25.0175,0.007096498380935186
slow_10_to_01,x4.mp1,VGD,-1.6239686359860466,0.13452243230400707,25.0175,0.007096498380935186
slow_10_to_01,x4.mp1,VDS,-0.9638108192207597,0.0004593325598982734,0.00023152522350716902,4.9825
slow_10_to_01,x4.mp1,VBS,0.0,0.0,5e-05,5e-05
slow_10_to_01,x4.mn1,VGS,-0.004379790709083634,0.8539845780659596,25.0175,0.007096498380935186
slow_10_to_01,x4.mn1,VGD,-1.6239686359860466,0.13452243230400707,25.0175,0.007096498380935186
slow_10_to_01,x4.mn1,VDS,0.6561891807792404,1.6204593325598984,0.00023152522350716902,4.9825
slow_10_to_01,x4.mn1,VBS,0.0,0.0,5e-05,5e-05
slow_10_to_01,x4.mp2,VGS,-0.9638108192207597,0.0004593325598982734,0.00023152522350716902,4.9825
slow_10_to_01,x4.mp2,VGD,0.6276938337107233,1.6204453796432365,0.00033233767062630155,4.9825
slow_10_to_01,x4.mp2,VDS,-1.6200093902039332,-1.564874937096679,25.0125,0.05428449282985584
slow_10_to_01,x4.mp2,VBS,0.0,0.0,5e-05,5e-05
slow_10_to_01,x4.mn2,VGS,0.6561891807792404,1.6204593325598984,0.00023152522350716902,4.9825
slow_10_to_01,x4.mn2,VGD,0.6276938337107233,1.6204453796432365,0.00033233767062630155,4.9825
slow_10_to_01,x4.mn2,VDS,-9.390203933027532e-06,0.05512506290332102,25.0125,0.05428449282985584
slow_10_to_01,x4.mn2,VBS,0.0,0.0,5e-05,5e-05
slow_10_to_01,x5.mp1,VGS,-1.7497036078351365,0.11107494028118614,5.0874999999999995,10.122500000000011
slow_10_to_01,x5.mp1,VGD,-1.737725528461605,1.729393718816115,5.0874999999999995,10.122500000000011
slow_10_to_01,x5.mp1,VDS,-1.7298216479421675,0.1133658933255437,10.167500000000018,5.127499999999999
slow_10_to_01,x5.mp1,VBS,0.0,0.0,5e-05,5e-05
slow_10_to_01,x5.mn1,VGS,-0.12970360783513643,1.7310749402811862,5.0874999999999995,10.122500000000011
slow_10_to_01,x5.mn1,VGD,-1.737725528461605,1.729393718816115,5.0874999999999995,10.122500000000011
slow_10_to_01,x5.mn1,VDS,-0.10982164794216741,1.7333658933255438,10.167500000000018,5.127499999999999
slow_10_to_01,x5.mn1,VBS,0.0,0.0,5e-05,5e-05
slow_10_to_01,x5.mp2,VGS,-1.7298216479421675,0.1133658933255437,10.167500000000018,5.127499999999999
slow_10_to_01,x5.mp2,VGD,-1.7259015844290246,1.7309993656004168,10.167500000000018,5.127499999999999
slow_10_to_01,x5.mp2,VDS,-1.6543377730213338,0.029080698940808336,5.172499999999997,10.242500000000028
slow_10_to_01,x5.mp2,VBS,0.0,0.0,5e-05,5e-05
slow_10_to_01,x5.mn2,VGS,-0.10982164794216741,1.7333658933255438,10.167500000000018,5.127499999999999
slow_10_to_01,x5.mn2,VGD,-1.7259015844290246,1.7309993656004168,10.167500000000018,5.127499999999999
slow_10_to_01,x5.mn2,VDS,-0.03433777302133376,1.6490806989408084,5.172499999999997,10.242500000000028
slow_10_to_01,x5.mn2,VBS,0.0,0.0,5e-05,5e-05
