case,phase,output,metric,value,low,high,result,settling_allowance_only
tt_00_to_00,prime,DEC0,upper_excursion_v,1.800022092676315,,1.9800000000000002,PASS,False
tt_00_to_00,prime,DEC0,lower_excursion_v,-0.01478974276739202,-0.18000000000000002,,PASS,False
tt_00_to_00,prime,DEC0,end_level_v,1.8000114228616135,1.62,1.9800000000000002,PASS,False
tt_00_to_00,prime,DEC0,settled_min_v,1.798998042484715,1.62,,PASS,False
tt_00_to_00,prime,DEC1,upper_excursion_v,0.018344790445089257,,1.9800000000000002,PASS,False
tt_00_to_00,prime,DEC1,lower_excursion_v,-0.0024163956253816787,-0.18000000000000002,,PASS,False
tt_00_to_00,prime,DEC1,end_level_v,0.010306988816618718,-0.18000000000000002,0.18000000000000002,PASS,False
tt_00_to_00,prime,DEC1,unselected_max_v,0.018344790445089257,,0.18000000000000002,PASS,False
tt_00_to_00,prime,DEC2,upper_excursion_v,0.008174145608130255,,1.9800000000000002,PASS,False
tt_00_to_00,prime,DEC2,lower_excursion_v,-0.001125353860156636,-0.18000000000000002,,PASS,False
tt_00_to_00,prime,DEC2,end_level_v,0.00019848988582744917,-0.18000000000000002,0.18000000000000002,PASS,False
tt_00_to_00,prime,DEC2,unselected_max_v,0.008174145608130255,,0.18000000000000002,PASS,False
tt_00_to_00,prime,DEC3,upper_excursion_v,0.007847557549350077,,1.9800000000000002,PASS,False
tt_00_to_00,prime,DEC3,lower_excursion_v,-0.0015340529642559435,-0.18000000000000002,,PASS,False
tt_00_to_00,prime,DEC3,end_level_v,0.00020094210101845655,-0.18000000000000002,0.18000000000000002,PASS,False
tt_00_to_00,prime,DEC3,unselected_max_v,0.007847557549350077,,0.18000000000000002,PASS,False
tt_00_to_00,prime,WL0,upper_excursion_v,1.7999999899855772,,1.9800000000000002,PASS,False
tt_00_to_00,prime,WL0,lower_excursion_v,-0.01830771221216317,-0.18000000000000002,,PASS,False
tt_00_to_00,prime,WL0,end_level_v,1.7999999899816126,1.62,1.9800000000000002,PASS,False
tt_00_to_00,prime,WL0,settled_min_v,1.756205291232518,1.62,,PASS,False
tt_00_to_00,prime,WL1,upper_excursion_v,1.0520984214462394e-05,,1.9800000000000002,PASS,False
tt_00_to_00,prime,WL1,lower_excursion_v,-1.9481935836515945e-05,-0.18000000000000002,,PASS,False
tt_00_to_00,prime,WL1,end_level_v,2.904285382232228e-07,-0.18000000000000002,0.18000000000000002,PASS,False
tt_00_to_00,prime,WL1,unselected_max_v,1.0520984214462394e-05,,0.18000000000000002,PASS,False
tt_00_to_00,prime,WL2,upper_excursion_v,1.1544418447686356e-05,,1.9800000000000002,PASS,False
tt_00_to_00,prime,WL2,lower_excursion_v,-1.9738386703698942e-05,-0.18000000000000002,,PASS,False
tt_00_to_00,prime,WL2,end_level_v,2.914559190071951e-07,-0.18000000000000002,0.18000000000000002,PASS,False
tt_00_to_00,prime,WL2,unselected_max_v,1.1544418447686356e-05,,0.18000000000000002,PASS,False
tt_00_to_00,prime,WL3,upper_excursion_v,1.1497398519936711e-05,,1.9800000000000002,PASS,False
tt_00_to_00,prime,WL3,lower_excursion_v,-1.8235951932707327e-05,-0.18000000000000002,,PASS,False
tt_00_to_00,prime,WL3,end_level_v,2.914567252265588e-07,-0.18000000000000002,0.18000000000000002,PASS,False
tt_00_to_00,prime,WL3,unselected_max_v,1.1497398519936711e-05,,0.18000000000000002,PASS,False
tt_00_to_00,test,DEC0,upper_excursion_v,1.799999109238984,,1.9800000000000002,PASS,False
tt_00_to_00,test,DEC0,lower_excursion_v,-0.014643934597193611,-0.18000000000000002,,PASS,False
tt_00_to_00,test,DEC0,end_level_v,1.799999109238984,1.62,1.9800000000000002,PASS,False
tt_00_to_00,test,DEC0,settled_min_v,1.798837833626028,1.62,,PASS,False
tt_00_to_00,test,DEC1,upper_excursion_v,0.017837129758602632,,1.9800000000000002,PASS,False
tt_00_to_00,test,DEC1,lower_excursion_v,-0.002202966853926097,-0.18000000000000002,,PASS,False
tt_00_to_00,test,DEC1,end_level_v,0.0001380171844154592,-0.18000000000000002,0.18000000000000002,PASS,False
tt_00_to_00,test,DEC1,unselected_max_v,0.017837129758602632,,0.18000000000000002,PASS,False
tt_00_to_00,test,DEC2,upper_excursion_v,0.008190933060821103,,1.9800000000000002,PASS,False
tt_00_to_00,test,DEC2,lower_excursion_v,-0.0010546331806742804,-0.18000000000000002,,PASS,False
tt_00_to_00,test,DEC2,end_level_v,3.08314676086829e-06,-0.18000000000000002,0.18000000000000002,PASS,False
tt_00_to_00,test,DEC2,unselected_max_v,0.008190933060821103,,0.18000000000000002,PASS,False
tt_00_to_00,test,DEC3,upper_excursion_v,0.007863944575633108,,1.9800000000000002,PASS,False
tt_00_to_00,test,DEC3,lower_excursion_v,-0.0015302320964247218,-0.18000000000000002,,PASS,False
tt_00_to_00,test,DEC3,end_level_v,9.285598223274235e-06,-0.18000000000000002,0.18000000000000002,PASS,False
tt_00_to_00,test,DEC3,unselected_max_v,0.007863944575633108,,0.18000000000000002,PASS,False
tt_00_to_00,test,WL0,upper_excursion_v,1.7999999899797237,,1.9800000000000002,PASS,False
tt_00_to_00,test,WL0,lower_excursion_v,-0.01838709276932829,-0.18000000000000002,,PASS,False
tt_00_to_00,test,WL0,end_level_v,1.7999999899797234,1.62,1.9800000000000002,PASS,False
tt_00_to_00,test,WL0,settled_min_v,1.7508906320792106,1.62,,PASS,False
tt_00_to_00,test,WL1,upper_excursion_v,1.0559678834813143e-05,,1.9800000000000002,PASS,False
tt_00_to_00,test,WL1,lower_excursion_v,-1.9482613756180394e-05,-0.18000000000000002,,PASS,False
tt_00_to_00,test,WL1,end_level_v,2.9147153232755145e-07,-0.18000000000000002,0.18000000000000002,PASS,False
tt_00_to_00,test,WL1,unselected_max_v,1.0559678834813143e-05,,0.18000000000000002,PASS,False
tt_00_to_00,test,WL2,upper_excursion_v,1.1570958476993726e-05,,1.9800000000000002,PASS,False
tt_00_to_00,test,WL2,lower_excursion_v,-1.9665918772227978e-05,-0.18000000000000002,,PASS,False
tt_00_to_00,test,WL2,end_level_v,2.914763594576083e-07,-0.18000000000000002,0.18000000000000002,PASS,False
tt_00_to_00,test,WL2,unselected_max_v,1.1570958476993726e-05,,0.18000000000000002,PASS,False
tt_00_to_00,test,WL3,upper_excursion_v,1.151584083713746e-05,,1.9800000000000002,PASS,False
tt_00_to_00,test,WL3,lower_excursion_v,-1.8073763350477654e-05,-0.18000000000000002,,PASS,False
tt_00_to_00,test,WL3,end_level_v,2.9147666317239474e-07,-0.18000000000000002,0.18000000000000002,PASS,False
tt_00_to_00,test,WL3,unselected_max_v,1.151584083713746e-05,,0.18000000000000002,PASS,False
tt_00_to_00,recovery,DEC0,end_level_v,1.4127072850265322e-05,-0.18000000000000002,0.18000000000000002,PASS,False
tt_00_to_00,recovery,DEC0,settled_max_v,0.002224752466700887,,0.18000000000000002,PASS,False
tt_00_to_00,recovery,DEC1,end_level_v,3.2665623876143486e-06,-0.18000000000000002,0.18000000000000002,PASS,False
tt_00_to_00,recovery,DEC1,settled_max_v,0.000250679791958374,,0.18000000000000002,PASS,False
tt_00_to_00,recovery,DEC2,end_level_v,3.655739746391363e-06,-0.18000000000000002,0.18000000000000002,PASS,False
tt_00_to_00,recovery,DEC2,settled_max_v,0.00037696765801687804,,0.18000000000000002,PASS,False
tt_00_to_00,recovery,DEC3,end_level_v,3.9689004815845965e-06,-0.18000000000000002,0.18000000000000002,PASS,False
tt_00_to_00,recovery,DEC3,settled_max_v,0.000422137038531274,,0.18000000000000002,PASS,False
tt_00_to_00,recovery,WL0,end_level_v,2.914788457166184e-07,-0.18000000000000002,0.18000000000000002,PASS,False
tt_00_to_00,recovery,WL0,settled_max_v,0.0011870221806406123,,0.18000000000000002,PASS,False
tt_00_to_00,recovery,WL1,end_level_v,2.9147751592279443e-07,-0.18000000000000002,0.18000000000000002,PASS,False
tt_00_to_00,recovery,WL1,settled_max_v,3.054239833183124e-07,,0.18000000000000002,PASS,False
tt_00_to_00,recovery,WL2,end_level_v,2.914775631867122e-07,-0.18000000000000002,0.18000000000000002,PASS,False
tt_00_to_00,recovery,WL2,settled_max_v,3.609728173921749e-07,,0.18000000000000002,PASS,False
tt_00_to_00,recovery,WL3,end_level_v,2.914775974014133e-07,-0.18000000000000002,0.18000000000000002,PASS,False
tt_00_to_00,recovery,WL3,settled_max_v,3.4640882723384353e-07,,0.18000000000000002,PASS,False
tt_00_to_00,recovery,N0,end_level_v,1.7978283644079553,1.62,1.9800000000000002,PASS,False
tt_00_to_00,recovery,N1,end_level_v,1.8000186761724242,1.62,1.9800000000000002,PASS,False
tt_00_to_00,recovery,N2,end_level_v,1.8000150032338194,1.62,1.9800000000000002,PASS,False
tt_00_to_00,recovery,N3,end_level_v,1.8001090205175343,1.62,1.9800000000000002,PASS,False
tt_00_to_00,final_precharge,DEC0,settled_max_v,0.0023297779982436734,,0.18000000000000002,PASS,False
tt_00_to_00,final_precharge,DEC0,settled_min_v,3.725580406718783e-05,-0.18000000000000002,,PASS,False
tt_00_to_00,final_precharge,DEC1,settled_max_v,0.0002630534947643712,,0.18000000000000002,PASS,False
tt_00_to_00,final_precharge,DEC1,settled_min_v,8.205296462351923e-06,-0.18000000000000002,,PASS,False
tt_00_to_00,final_precharge,DEC2,settled_max_v,0.0003926552565660306,,0.18000000000000002,PASS,False
tt_00_to_00,final_precharge,DEC2,settled_min_v,9.246628280022725e-06,-0.18000000000000002,,PASS,False
tt_00_to_00,final_precharge,DEC3,settled_max_v,0.0004404578972978311,,0.18000000000000002,PASS,False
tt_00_to_00,final_precharge,DEC3,settled_min_v,1.0018476238719147e-05,-0.18000000000000002,,PASS,False
tt_00_to_00,final_precharge,WL0,settled_max_v,0.0017763235530028464,,0.18000000000000002,PASS,False
tt_00_to_00,final_precharge,WL0,settled_min_v,2.9150185581325644e-07,-0.18000000000000002,,PASS,False
tt_00_to_00,final_precharge,WL1,settled_max_v,3.053257627034891e-07,,0.18000000000000002,PASS,False
tt_00_to_00,final_precharge,WL1,settled_min_v,1.3648556534481785e-07,-0.18000000000000002,,PASS,False
tt_00_to_00,final_precharge,WL2,settled_max_v,3.732608952137423e-07,,0.18000000000000002,PASS,False
tt_00_to_00,final_precharge,WL2,settled_min_v,2.914828922830389e-07,-0.18000000000000002,,PASS,False
tt_00_to_00,final_precharge,WL3,settled_max_v,3.525612235964152e-07,,0.18000000000000002,PASS,False
tt_00_to_00,final_precharge,WL3,settled_min_v,2.914833075721112e-07,-0.18000000000000002,,PASS,False
tt_00_to_00,final_precharge,N0,end_level_v,1.7943053611698985,1.62,1.9800000000000002,PASS,False
tt_00_to_00,final_precharge,N1,end_level_v,1.8000687560829132,1.62,1.9800000000000002,PASS,False
tt_00_to_00,final_precharge,N2,end_level_v,1.8000382663819403,1.62,1.9800000000000002,PASS,False
tt_00_to_00,final_precharge,N3,end_level_v,1.80028504253132,1.62,1.9800000000000002,PASS,False
tt_00_to_00,pex_recovery,N0.N0,dynamic_segment_level_v,1.7978283644079553,1.62,1.9800000000000002,PASS,False
tt_00_to_00,pex_final_precharge,N0.N0,dynamic_segment_level_v,1.7943053611698985,1.62,1.9800000000000002,PASS,False
tt_00_to_00,pex_recovery,N1.N1,dynamic_segment_level_v,1.8000186761724242,1.62,1.9800000000000002,PASS,False
tt_00_to_00,pex_final_precharge,N1.N1,dynamic_segment_level_v,1.8000687560829132,1.62,1.9800000000000002,PASS,False
tt_00_to_00,pex_recovery,N2.N2,dynamic_segment_level_v,1.8000150032338194,1.62,1.9800000000000002,PASS,False
tt_00_to_00,pex_final_precharge,N2.N2,dynamic_segment_level_v,1.8000382663819403,1.62,1.9800000000000002,PASS,False
tt_00_to_00,pex_recovery,N3.N3,dynamic_segment_level_v,1.8001090205175343,1.62,1.9800000000000002,PASS,False
tt_00_to_00,pex_final_precharge,N3.N3,dynamic_segment_level_v,1.80028504253132,1.62,1.9800000000000002,PASS,False
tt_00_to_01,prime,DEC0,upper_excursion_v,1.800022092676315,,1.9800000000000002,PASS,False
tt_00_to_01,prime,DEC0,lower_excursion_v,-0.01478974276739202,-0.18000000000000002,,PASS,False
tt_00_to_01,prime,DEC0,end_level_v,1.8000114228616135,1.62,1.9800000000000002,PASS,False
tt_00_to_01,prime,DEC0,settled_min_v,1.798998042484715,1.62,,PASS,False
tt_00_to_01,prime,DEC1,upper_excursion_v,0.018344790445089257,,1.9800000000000002,PASS,False
tt_00_to_01,prime,DEC1,lower_excursion_v,-0.0024163956253816787,-0.18000000000000002,,PASS,False
tt_00_to_01,prime,DEC1,end_level_v,0.010306988816618718,-0.18000000000000002,0.18000000000000002,PASS,False
tt_00_to_01,prime,DEC1,unselected_max_v,0.018344790445089257,,0.18000000000000002,PASS,False
tt_00_to_01,prime,DEC2,upper_excursion_v,0.008174145608130255,,1.9800000000000002,PASS,False
tt_00_to_01,prime,DEC2,lower_excursion_v,-0.001125353860156636,-0.18000000000000002,,PASS,False
tt_00_to_01,prime,DEC2,end_level_v,0.00019848988582744917,-0.18000000000000002,0.18000000000000002,PASS,False
tt_00_to_01,prime,DEC2,unselected_max_v,0.008174145608130255,,0.18000000000000002,PASS,False
tt_00_to_01,prime,DEC3,upper_excursion_v,0.007847557549350077,,1.9800000000000002,PASS,False
tt_00_to_01,prime,DEC3,lower_excursion_v,-0.0015340529642559435,-0.18000000000000002,,PASS,False
tt_00_to_01,prime,DEC3,end_level_v,0.00020094210101845655,-0.18000000000000002,0.18000000000000002,PASS,False
tt_00_to_01,prime,DEC3,unselected_max_v,0.007847557549350077,,0.18000000000000002,PASS,False
tt_00_to_01,prime,WL0,upper_excursion_v,1.7999999899855772,,1.9800000000000002,PASS,False
tt_00_to_01,prime,WL0,lower_excursion_v,-0.01830771221216317,-0.18000000000000002,,PASS,False
tt_00_to_01,prime,WL0,end_level_v,1.7999999899816126,1.62,1.9800000000000002,PASS,False
tt_00_to_01,prime,WL0,settled_min_v,1.756205291232518,1.62,,PASS,False
tt_00_to_01,prime,WL1,upper_excursion_v,1.0520984214462394e-05,,1.9800000000000002,PASS,False
tt_00_to_01,prime,WL1,lower_excursion_v,-1.9481935836515945e-05,-0.18000000000000002,,PASS,False
tt_00_to_01,prime,WL1,end_level_v,2.904285382232228e-07,-0.18000000000000002,0.18000000000000002,PASS,False
tt_00_to_01,prime,WL1,unselected_max_v,1.0520984214462394e-05,,0.18000000000000002,PASS,False
tt_00_to_01,prime,WL2,upper_excursion_v,1.1544418447686356e-05,,1.9800000000000002,PASS,False
tt_00_to_01,prime,WL2,lower_excursion_v,-1.9738386703698942e-05,-0.18000000000000002,,PASS,False
tt_00_to_01,prime,WL2,end_level_v,2.914559190071951e-07,-0.18000000000000002,0.18000000000000002,PASS,False
tt_00_to_01,prime,WL2,unselected_max_v,1.1544418447686356e-05,,0.18000000000000002,PASS,False
tt_00_to_01,prime,WL3,upper_excursion_v,1.1497398519936711e-05,,1.9800000000000002,PASS,False
tt_00_to_01,prime,WL3,lower_excursion_v,-1.8235951932707327e-05,-0.18000000000000002,,PASS,False
tt_00_to_01,prime,WL3,end_level_v,2.914567252265588e-07,-0.18000000000000002,0.18000000000000002,PASS,False
tt_00_to_01,prime,WL3,unselected_max_v,1.1497398519936711e-05,,0.18000000000000002,PASS,False
tt_00_to_01,test,DEC0,upper_excursion_v,0.01679903934333381,,1.9800000000000002,PASS,False
tt_00_to_01,test,DEC0,lower_excursion_v,-0.012799128752147892,-0.18000000000000002,,PASS,False
tt_00_to_01,test,DEC0,end_level_v,0.002868872363263822,-0.18000000000000002,0.18000000000000002,PASS,False
tt_00_to_01,test,DEC0,unselected_max_v,0.01679903934333381,,0.18000000000000002,PASS,False
tt_00_to_01,test,DEC1,upper_excursion_v,1.8000119448366425,,1.9800000000000002,PASS,False
tt_00_to_01,test,DEC1,lower_excursion_v,-0.012653567735648838,-0.18000000000000002,,PASS,False
tt_00_to_01,test,DEC1,end_level_v,1.8000040607794645,1.62,1.9800000000000002,PASS,False
tt_00_to_01,test,DEC1,settled_min_v,1.7991845629040641,1.62,,PASS,False
tt_00_to_01,test,DEC2,upper_excursion_v,0.01783119552602947,,1.9800000000000002,PASS,False
tt_00_to_01,test,DEC2,lower_excursion_v,-0.002097834110141552,-0.18000000000000002,,PASS,False
tt_00_to_01,test,DEC2,end_level_v,0.00010130583565809067,-0.18000000000000002,0.18000000000000002,PASS,False
tt_00_to_01,test,DEC2,unselected_max_v,0.01783119552602947,,0.18000000000000002,PASS,False
tt_00_to_01,test,DEC3,upper_excursion_v,0.007650029754904544,,1.9800000000000002,PASS,False
tt_00_to_01,test,DEC3,lower_excursion_v,-0.0006021069521094241,-0.18000000000000002,,PASS,False
tt_00_to_01,test,DEC3,end_level_v,5.002716059940456e-05,-0.18000000000000002,0.18000000000000002,PASS,False
tt_00_to_01,test,DEC3,unselected_max_v,0.007650029754904544,,0.18000000000000002,PASS,False
tt_00_to_01,test,WL0,upper_excursion_v,2.1728896196567735e-05,,1.9800000000000002,PASS,False
tt_00_to_01,test,WL0,lower_excursion_v,-4.346993668172291e-05,-0.18000000000000002,,PASS,False
tt_00_to_01,test,WL0,end_level_v,2.912426566926031e-07,-0.18000000000000002,0.18000000000000002,PASS,False
tt_00_to_01,test,WL0,unselected_max_v,2.1728896196567735e-05,,0.18000000000000002,PASS,False
tt_00_to_01,test,WL1,upper_excursion_v,1.799999989984312,,1.9800000000000002,PASS,False
tt_00_to_01,test,WL1,lower_excursion_v,-0.018241075669683544,-0.18000000000000002,,PASS,False
tt_00_to_01,test,WL1,end_level_v,1.799999989981157,1.62,1.9800000000000002,PASS,False
tt_00_to_01,test,WL1,settled_min_v,1.7591061225599571,1.62,,PASS,False
tt_00_to_01,test,WL2,upper_excursion_v,1.0871246600632578e-05,,1.9800000000000002,PASS,False
tt_00_to_01,test,WL2,lower_excursion_v,-1.7759487483687786e-05,-0.18000000000000002,,PASS,False
tt_00_to_01,test,WL2,end_level_v,2.914735738287921e-07,-0.18000000000000002,0.18000000000000002,PASS,False
tt_00_to_01,test,WL2,unselected_max_v,1.0871246600632578e-05,,0.18000000000000002,PASS,False
tt_00_to_01,test,WL3,upper_excursion_v,1.0763509249497013e-05,,1.9800000000000002,PASS,False
tt_00_to_01,test,WL3,lower_excursion_v,-1.5508321920889002e-05,-0.18000000000000002,,PASS,False
tt_00_to_01,test,WL3,end_level_v,2.9147398167520563e-07,-0.18000000000000002,0.18000000000000002,PASS,False
tt_00_to_01,test,WL3,unselected_max_v,1.0763509249497013e-05,,0.18000000000000002,PASS,False
tt_00_to_01,recovery,DEC0,end_level_v,8.156950636283754e-05,-0.18000000000000002,0.18000000000000002,PASS,False
tt_00_to_01,recovery,DEC0,settled_max_v,0.00373018200527115,,0.18000000000000002,PASS,False
tt_00_to_01,recovery,DEC1,end_level_v,8.524418872250489e-06,-0.18000000000000002,0.18000000000000002,PASS,False
tt_00_to_01,recovery,DEC1,settled_max_v,0.003497140757858286,,0.18000000000000002,PASS,False
tt_00_to_01,recovery,DEC2,end_level_v,1.6979786992810575e-05,-0.18000000000000002,0.18000000000000002,PASS,False
tt_00_to_01,recovery,DEC2,settled_max_v,0.0036402604155855653,,0.18000000000000002,PASS,False
tt_00_to_01,recovery,DEC3,end_level_v,1.7644576397910713e-05,-0.18000000000000002,0.18000000000000002,PASS,False
tt_00_to_01,recovery,DEC3,settled_max_v,0.003621743289232676,,0.18000000000000002,PASS,False
tt_00_to_01,recovery,WL0,end_level_v,2.9170175342457363e-07,-0.18000000000000002,0.18000000000000002,PASS,False
tt_00_to_01,recovery,WL0,settled_max_v,0.0011870221806406123,,0.18000000000000002,PASS,False
tt_00_to_01,recovery,WL1,end_level_v,2.913169962392884e-07,-0.18000000000000002,0.18000000000000002,PASS,False
tt_00_to_01,recovery,WL1,settled_max_v,9.13331576583396e-06,,0.18000000000000002,PASS,False
tt_00_to_01,recovery,WL2,end_level_v,2.9134386916219905e-07,-0.18000000000000002,0.18000000000000002,PASS,False
tt_00_to_01,recovery,WL2,settled_max_v,8.929650415399008e-06,,0.18000000000000002,PASS,False
tt_00_to_01,recovery,WL3,end_level_v,2.9138370649030667e-07,-0.18000000000000002,0.18000000000000002,PASS,False
tt_00_to_01,recovery,WL3,settled_max_v,8.085967596314603e-06,,0.18000000000000002,PASS,False
tt_00_to_01,recovery,N0,end_level_v,1.7962321506056615,1.62,1.9800000000000002,PASS,False
tt_00_to_01,recovery,N1,end_level_v,1.7909978152522765,1.62,1.9800000000000002,PASS,False
tt_00_to_01,recovery,N2,end_level_v,1.7999329100579096,1.62,1.9800000000000002,PASS,False
tt_00_to_01,recovery,N3,end_level_v,1.80072704725927,1.62,1.9800000000000002,PASS,False
tt_00_to_01,final_precharge,DEC0,settled_max_v,0.0006457790707370151,,0.18000000000000002,PASS,False
tt_00_to_01,final_precharge,DEC0,settled_min_v,3.5643647386285405e-05,-0.18000000000000002,,PASS,False
tt_00_to_01,final_precharge,DEC1,settled_max_v,0.001324416842616156,,0.18000000000000002,PASS,False
tt_00_to_01,final_precharge,DEC1,settled_min_v,9.688913445063418e-06,-0.18000000000000002,,PASS,False
tt_00_to_01,final_precharge,DEC2,settled_max_v,0.00011824716344525412,,0.18000000000000002,PASS,False
tt_00_to_01,final_precharge,DEC2,settled_min_v,7.995766374245554e-06,-0.18000000000000002,,PASS,False
tt_00_to_01,final_precharge,DEC3,settled_max_v,0.00022193011733526332,,0.18000000000000002,PASS,False
tt_00_to_01,final_precharge,DEC3,settled_min_v,8.450009036372486e-06,-0.18000000000000002,,PASS,False
tt_00_to_01,final_precharge,WL0,settled_max_v,3.064190863230556e-07,,0.18000000000000002,PASS,False
tt_00_to_01,final_precharge,WL0,settled_min_v,5.130608497577544e-08,-0.18000000000000002,,PASS,False
tt_00_to_01,final_precharge,WL1,settled_max_v,0.0034342985412282373,,0.18000000000000002,PASS,False
tt_00_to_01,final_precharge,WL1,settled_min_v,2.9148539525960866e-07,-0.18000000000000002,,PASS,False
tt_00_to_01,final_precharge,WL2,settled_max_v,3.003060751952716e-07,,0.18000000000000002,PASS,False
tt_00_to_01,final_precharge,WL2,settled_min_v,4.5198134076279084e-08,-0.18000000000000002,,PASS,False
tt_00_to_01,final_precharge,WL3,settled_max_v,4.524777647300743e-07,,0.18000000000000002,PASS,False
tt_00_to_01,final_precharge,WL3,settled_min_v,2.914822470474192e-07,-0.18000000000000002,,PASS,False
tt_00_to_01,final_precharge,N0,end_level_v,1.800071480366163,1.62,1.9800000000000002,PASS,False
tt_00_to_01,final_precharge,N1,end_level_v,1.7934756395874463,1.62,1.9800000000000002,PASS,False
tt_00_to_01,final_precharge,N2,end_level_v,1.800075639807171,1.62,1.9800000000000002,PASS,False
tt_00_to_01,final_precharge,N3,end_level_v,1.8000993011992812,1.62,1.9800000000000002,PASS,False
tt_00_to_01,pex_recovery,N0.N0,dynamic_segment_level_v,1.7962321506056615,1.62,1.9800000000000002,PASS,False
tt_00_to_01,pex_final_precharge,N0.N0,dynamic_segment_level_v,1.800071480366163,1.62,1.9800000000000002,PASS,False
tt_00_to_01,pex_recovery,N1.N1,dynamic_segment_level_v,1.7909978152522765,1.62,1.9800000000000002,PASS,False
tt_00_to_01,pex_final_precharge,N1.N1,dynamic_segment_level_v,1.7934756395874463,1.62,1.9800000000000002,PASS,False
tt_00_to_01,pex_recovery,N2.N2,dynamic_segment_level_v,1.7999329100579096,1.62,1.9800000000000002,PASS,False
tt_00_to_01,pex_final_precharge,N2.N2,dynamic_segment_level_v,1.800075639807171,1.62,1.9800000000000002,PASS,False
tt_00_to_01,pex_recovery,N3.N3,dynamic_segment_level_v,1.80072704725927,1.62,1.9800000000000002,PASS,False
tt_00_to_01,pex_final_precharge,N3.N3,dynamic_segment_level_v,1.8000993011992812,1.62,1.9800000000000002,PASS,False
tt_01_to_00,prime,DEC0,upper_excursion_v,0.016420788915383382,,1.9800000000000002,PASS,False
tt_01_to_00,prime,DEC0,lower_excursion_v,-0.01328265197829788,-0.18000000000000002,,PASS,False
tt_01_to_00,prime,DEC0,end_level_v,0.0011060820295600462,-0.18000000000000002,0.18000000000000002,PASS,False
tt_01_to_00,prime,DEC0,unselected_max_v,0.016420788915383382,,0.18000000000000002,PASS,False
tt_01_to_00,prime,DEC1,upper_excursion_v,1.800006266800544,,1.9800000000000002,PASS,False
tt_01_to_00,prime,DEC1,lower_excursion_v,-0.012582225273756076,-0.18000000000000002,,PASS,False
tt_01_to_00,prime,DEC1,end_level_v,1.8000020709947018,1.62,1.9800000000000002,PASS,False
tt_01_to_00,prime,DEC1,settled_min_v,1.7990877564895538,1.62,,PASS,False
tt_01_to_00,prime,DEC2,upper_excursion_v,0.017868385645467645,,1.9800000000000002,PASS,False
tt_01_to_00,prime,DEC2,lower_excursion_v,-0.0020813585186459163,-0.18000000000000002,,PASS,False
tt_01_to_00,prime,DEC2,end_level_v,7.896340159941267e-05,-0.18000000000000002,0.18000000000000002,PASS,False
tt_01_to_00,prime,DEC2,unselected_max_v,0.017868385645467645,,0.18000000000000002,PASS,False
tt_01_to_00,prime,DEC3,upper_excursion_v,0.007669075161503881,,1.9800000000000002,PASS,False
tt_01_to_00,prime,DEC3,lower_excursion_v,-0.0006095115768861778,-0.18000000000000002,,PASS,False
tt_01_to_00,prime,DEC3,end_level_v,2.413795541626001e-05,-0.18000000000000002,0.18000000000000002,PASS,False
tt_01_to_00,prime,DEC3,unselected_max_v,0.007669075161503881,,0.18000000000000002,PASS,False
tt_01_to_00,prime,WL0,upper_excursion_v,2.237211512092625e-05,,1.9800000000000002,PASS,False
tt_01_to_00,prime,WL0,lower_excursion_v,-4.417478073340775e-05,-0.18000000000000002,,PASS,False
tt_01_to_00,prime,WL0,end_level_v,2.9138699181647444e-07,-0.18000000000000002,0.18000000000000002,PASS,False
tt_01_to_00,prime,WL0,unselected_max_v,2.237211512092625e-05,,0.18000000000000002,PASS,False
tt_01_to_00,prime,WL1,upper_excursion_v,1.799999989982374,,1.9800000000000002,PASS,False
tt_01_to_00,prime,WL1,lower_excursion_v,-0.018258927606767242,-0.18000000000000002,,PASS,False
tt_01_to_00,prime,WL1,end_level_v,1.7999999899805803,1.62,1.9800000000000002,PASS,False
tt_01_to_00,prime,WL1,settled_min_v,1.7557468749597556,1.62,,PASS,False
tt_01_to_00,prime,WL2,upper_excursion_v,1.0883049269834454e-05,,1.9800000000000002,PASS,False
tt_01_to_00,prime,WL2,lower_excursion_v,-1.7764127512704403e-05,-0.18000000000000002,,PASS,False
tt_01_to_00,prime,WL2,end_level_v,2.914757148990615e-07,-0.18000000000000002,0.18000000000000002,PASS,False
tt_01_to_00,prime,WL2,unselected_max_v,1.0883049269834454e-05,,0.18000000000000002,PASS,False
tt_01_to_00,prime,WL3,upper_excursion_v,1.076529616865751e-05,,1.9800000000000002,PASS,False
tt_01_to_00,prime,WL3,lower_excursion_v,-1.5494179979488894e-05,-0.18000000000000002,,PASS,False
tt_01_to_00,prime,WL3,end_level_v,2.9147610693416127e-07,-0.18000000000000002,0.18000000000000002,PASS,False
tt_01_to_00,prime,WL3,unselected_max_v,1.076529616865751e-05,,0.18000000000000002,PASS,False
tt_01_to_00,test,DEC0,upper_excursion_v,1.8000551050670435,,1.9800000000000002,PASS,False
tt_01_to_00,test,DEC0,lower_excursion_v,-0.014791357514285633,-0.18000000000000002,,PASS,False
tt_01_to_00,test,DEC0,end_level_v,1.8000133813208878,1.62,1.9800000000000002,PASS,False
tt_01_to_00,test,DEC0,settled_min_v,1.7990233763975831,1.62,,PASS,False
tt_01_to_00,test,DEC1,upper_excursion_v,0.020073203801990635,,1.9800000000000002,PASS,False
tt_01_to_00,test,DEC1,lower_excursion_v,-0.0027560723424079198,-0.18000000000000002,,PASS,False
tt_01_to_00,test,DEC1,end_level_v,0.020073203801990635,-0.18000000000000002,0.18000000000000002,PASS,False
tt_01_to_00,test,DEC1,unselected_max_v,0.020073203801990635,,0.18000000000000002,PASS,False
tt_01_to_00,test,DEC2,upper_excursion_v,0.008153229997658502,,1.9800000000000002,PASS,False
tt_01_to_00,test,DEC2,lower_excursion_v,-0.0012332715412275083,-0.18000000000000002,,PASS,False
tt_01_to_00,test,DEC2,end_level_v,0.0003219550350127241,-0.18000000000000002,0.18000000000000002,PASS,False
tt_01_to_00,test,DEC2,unselected_max_v,0.008153229997658502,,0.18000000000000002,PASS,False
tt_01_to_00,test,DEC3,upper_excursion_v,0.007807051967093255,,1.9800000000000002,PASS,False
tt_01_to_00,test,DEC3,lower_excursion_v,-0.0016847592894949706,-0.18000000000000002,,PASS,False
tt_01_to_00,test,DEC3,end_level_v,0.00032552539494489283,-0.18000000000000002,0.18000000000000002,PASS,False
tt_01_to_00,test,DEC3,unselected_max_v,0.007807051967093255,,0.18000000000000002,PASS,False
tt_01_to_00,test,WL0,upper_excursion_v,1.799999989992516,,1.9800000000000002,PASS,False
tt_01_to_00,test,WL0,lower_excursion_v,-0.018432818628767122,-0.18000000000000002,,PASS,False
tt_01_to_00,test,WL0,end_level_v,1.799999989992516,1.62,1.9800000000000002,PASS,False
tt_01_to_00,test,WL0,settled_min_v,1.755437758272083,1.62,,PASS,False
tt_01_to_00,test,WL1,upper_excursion_v,1.052311149255737e-05,,1.9800000000000002,PASS,False
tt_01_to_00,test,WL1,lower_excursion_v,-1.9480234145847557e-05,-0.18000000000000002,,PASS,False
tt_01_to_00,test,WL1,end_level_v,2.883024511473187e-07,-0.18000000000000002,0.18000000000000002,PASS,False
tt_01_to_00,test,WL1,unselected_max_v,1.052311149255737e-05,,0.18000000000000002,PASS,False
tt_01_to_00,test,WL2,upper_excursion_v,1.153654555005521e-05,,1.9800000000000002,PASS,False
tt_01_to_00,test,WL2,lower_excursion_v,-1.9831167620561254e-05,-0.18000000000000002,,PASS,False
tt_01_to_00,test,WL2,end_level_v,2.914402680684418e-07,-0.18000000000000002,0.18000000000000002,PASS,False
tt_01_to_00,test,WL2,unselected_max_v,1.153654555005521e-05,,0.18000000000000002,PASS,False
tt_01_to_00,test,WL3,upper_excursion_v,1.1465162788447997e-05,,1.9800000000000002,PASS,False
tt_01_to_00,test,WL3,lower_excursion_v,-1.846937144156596e-05,-0.18000000000000002,,PASS,False
tt_01_to_00,test,WL3,end_level_v,2.914392449579084e-07,-0.18000000000000002,0.18000000000000002,PASS,False
tt_01_to_00,test,WL3,unselected_max_v,1.1465162788447997e-05,,0.18000000000000002,PASS,False
tt_01_to_00,recovery,DEC0,end_level_v,0.00013471737922175176,-0.18000000000000002,0.18000000000000002,PASS,False
tt_01_to_00,recovery,DEC0,settled_max_v,0.001237354407714053,,0.18000000000000002,PASS,False
tt_01_to_00,recovery,DEC1,end_level_v,1.652359067685953e-05,-0.18000000000000002,0.18000000000000002,PASS,False
tt_01_to_00,recovery,DEC1,settled_max_v,0.0018648102097274105,,0.18000000000000002,PASS,False
tt_01_to_00,recovery,DEC2,end_level_v,2.059298678813841e-05,-0.18000000000000002,0.18000000000000002,PASS,False
tt_01_to_00,recovery,DEC2,settled_max_v,0.0026706862836952464,,0.18000000000000002,PASS,False
tt_01_to_00,recovery,DEC3,end_level_v,2.9710859203533176e-05,-0.18000000000000002,0.18000000000000002,PASS,False
tt_01_to_00,recovery,DEC3,settled_max_v,0.0034791906810266553,,0.18000000000000002,PASS,False
tt_01_to_00,recovery,WL0,end_level_v,2.918807209028284e-07,-0.18000000000000002,0.18000000000000002,PASS,False
tt_01_to_00,recovery,WL0,settled_max_v,1.4090986485642338e-05,,0.18000000000000002,PASS,False
tt_01_to_00,recovery,WL1,end_level_v,2.916805350613138e-07,-0.18000000000000002,0.18000000000000002,PASS,False
tt_01_to_00,recovery,WL1,settled_max_v,0.003700748319432943,,0.18000000000000002,PASS,False
tt_01_to_00,recovery,WL2,end_level_v,2.917206004340268e-07,-0.18000000000000002,0.18000000000000002,PASS,False
tt_01_to_00,recovery,WL2,settled_max_v,1.2309390117093193e-05,,0.18000000000000002,PASS,False
tt_01_to_00,recovery,WL3,end_level_v,2.915223363240401e-07,-0.18000000000000002,0.18000000000000002,PASS,False
tt_01_to_00,recovery,WL3,settled_max_v,1.104753247536481e-05,,0.18000000000000002,PASS,False
tt_01_to_00,recovery,N0,end_level_v,1.7997247938076686,1.62,1.9800000000000002,PASS,False
tt_01_to_00,recovery,N1,end_level_v,1.7982485398856063,1.62,1.9800000000000002,PASS,False
tt_01_to_00,recovery,N2,end_level_v,1.800156030762793,1.62,1.9800000000000002,PASS,False
tt_01_to_00,recovery,N3,end_level_v,1.7957367136452465,1.62,1.9800000000000002,PASS,False
tt_01_to_00,final_precharge,DEC0,settled_max_v,0.0021935964774636814,,0.18000000000000002,PASS,False
tt_01_to_00,final_precharge,DEC0,settled_min_v,3.705659503744359e-05,-0.18000000000000002,,PASS,False
tt_01_to_00,final_precharge,DEC1,settled_max_v,0.00024670298805175376,,0.18000000000000002,PASS,False
tt_01_to_00,final_precharge,DEC1,settled_min_v,8.152792504406718e-06,-0.18000000000000002,,PASS,False
tt_01_to_00,final_precharge,DEC2,settled_max_v,0.0003718200321450255,,0.18000000000000002,PASS,False
tt_01_to_00,final_precharge,DEC2,settled_min_v,9.183715150448709e-06,-0.18000000000000002,,PASS,False
tt_01_to_00,final_precharge,DEC3,settled_max_v,0.00041615546413553526,,0.18000000000000002,PASS,False
tt_01_to_00,final_precharge,DEC3,settled_min_v,9.949752839404099e-06,-0.18000000000000002,,PASS,False
tt_01_to_00,final_precharge,WL0,settled_max_v,0.0010482304384485548,,0.18000000000000002,PASS,False
tt_01_to_00,final_precharge,WL0,settled_min_v,2.915015089317688e-07,-0.18000000000000002,,PASS,False
tt_01_to_00,final_precharge,WL1,settled_max_v,3.0545651633577603e-07,,0.18000000000000002,PASS,False
tt_01_to_00,final_precharge,WL1,settled_min_v,1.992175250527819e-07,-0.18000000000000002,,PASS,False
tt_01_to_00,final_precharge,WL2,settled_max_v,3.5762615900064904e-07,,0.18000000000000002,PASS,False
tt_01_to_00,final_precharge,WL2,settled_min_v,2.9148280405691275e-07,-0.18000000000000002,,PASS,False
tt_01_to_00,final_precharge,WL3,settled_max_v,3.4473629108712654e-07,,0.18000000000000002,PASS,False
tt_01_to_00,final_precharge,WL3,settled_min_v,2.914832129147659e-07,-0.18000000000000002,,PASS,False
tt_01_to_00,final_precharge,N0,end_level_v,1.7943348638853063,1.62,1.9800000000000002,PASS,False
tt_01_to_00,final_precharge,N1,end_level_v,1.8000679315111832,1.62,1.9800000000000002,PASS,False
tt_01_to_00,final_precharge,N2,end_level_v,1.8000380931015731,1.62,1.9800000000000002,PASS,False
tt_01_to_00,final_precharge,N3,end_level_v,1.8002836370976298,1.62,1.9800000000000002,PASS,False
tt_01_to_00,pex_recovery,N0.N0,dynamic_segment_level_v,1.7997247938076686,1.62,1.9800000000000002,PASS,False
tt_01_to_00,pex_final_precharge,N0.N0,dynamic_segment_level_v,1.7943348638853063,1.62,1.9800000000000002,PASS,False
tt_01_to_00,pex_recovery,N1.N1,dynamic_segment_level_v,1.7982485398856063,1.62,1.9800000000000002,PASS,False
tt_01_to_00,pex_final_precharge,N1.N1,dynamic_segment_level_v,1.8000679315111832,1.62,1.9800000000000002,PASS,False
tt_01_to_00,pex_recovery,N2.N2,dynamic_segment_level_v,1.800156030762793,1.62,1.9800000000000002,PASS,False
tt_01_to_00,pex_final_precharge,N2.N2,dynamic_segment_level_v,1.8000380931015731,1.62,1.9800000000000002,PASS,False
tt_01_to_00,pex_recovery,N3.N3,dynamic_segment_level_v,1.7957367136452465,1.62,1.9800000000000002,PASS,False
tt_01_to_00,pex_final_precharge,N3.N3,dynamic_segment_level_v,1.8002836370976298,1.62,1.9800000000000002,PASS,False
tt_00_to_10,prime,DEC0,upper_excursion_v,1.800022092676315,,1.9800000000000002,PASS,False
tt_00_to_10,prime,DEC0,lower_excursion_v,-0.01478974276739202,-0.18000000000000002,,PASS,False
tt_00_to_10,prime,DEC0,end_level_v,1.8000114228616135,1.62,1.9800000000000002,PASS,False
tt_00_to_10,prime,DEC0,settled_min_v,1.798998042484715,1.62,,PASS,False
tt_00_to_10,prime,DEC1,upper_excursion_v,0.018344790445089257,,1.9800000000000002,PASS,False
tt_00_to_10,prime,DEC1,lower_excursion_v,-0.0024163956253816787,-0.18000000000000002,,PASS,False
tt_00_to_10,prime,DEC1,end_level_v,0.010306988816618718,-0.18000000000000002,0.18000000000000002,PASS,False
tt_00_to_10,prime,DEC1,unselected_max_v,0.018344790445089257,,0.18000000000000002,PASS,False
tt_00_to_10,prime,DEC2,upper_excursion_v,0.008174145608130255,,1.9800000000000002,PASS,False
tt_00_to_10,prime,DEC2,lower_excursion_v,-0.001125353860156636,-0.18000000000000002,,PASS,False
tt_00_to_10,prime,DEC2,end_level_v,0.00019848988582744917,-0.18000000000000002,0.18000000000000002,PASS,False
tt_00_to_10,prime,DEC2,unselected_max_v,0.008174145608130255,,0.18000000000000002,PASS,False
tt_00_to_10,prime,DEC3,upper_excursion_v,0.007847557549350077,,1.9800000000000002,PASS,False
tt_00_to_10,prime,DEC3,lower_excursion_v,-0.0015340529642559435,-0.18000000000000002,,PASS,False
tt_00_to_10,prime,DEC3,end_level_v,0.00020094210101845655,-0.18000000000000002,0.18000000000000002,PASS,False
tt_00_to_10,prime,DEC3,unselected_max_v,0.007847557549350077,,0.18000000000000002,PASS,False
tt_00_to_10,prime,WL0,upper_excursion_v,1.7999999899855772,,1.9800000000000002,PASS,False
tt_00_to_10,prime,WL0,lower_excursion_v,-0.01830771221216317,-0.18000000000000002,,PASS,False
tt_00_to_10,prime,WL0,end_level_v,1.7999999899816126,1.62,1.9800000000000002,PASS,False
tt_00_to_10,prime,WL0,settled_min_v,1.756205291232518,1.62,,PASS,False
tt_00_to_10,prime,WL1,upper_excursion_v,1.0520984214462394e-05,,1.9800000000000002,PASS,False
tt_00_to_10,prime,WL1,lower_excursion_v,-1.9481935836515945e-05,-0.18000000000000002,,PASS,False
tt_00_to_10,prime,WL1,end_level_v,2.904285382232228e-07,-0.18000000000000002,0.18000000000000002,PASS,False
tt_00_to_10,prime,WL1,unselected_max_v,1.0520984214462394e-05,,0.18000000000000002,PASS,False
tt_00_to_10,prime,WL2,upper_excursion_v,1.1544418447686356e-05,,1.9800000000000002,PASS,False
tt_00_to_10,prime,WL2,lower_excursion_v,-1.9738386703698942e-05,-0.18000000000000002,,PASS,False
tt_00_to_10,prime,WL2,end_level_v,2.914559190071951e-07,-0.18000000000000002,0.18000000000000002,PASS,False
tt_00_to_10,prime,WL2,unselected_max_v,1.1544418447686356e-05,,0.18000000000000002,PASS,False
tt_00_to_10,prime,WL3,upper_excursion_v,1.1497398519936711e-05,,1.9800000000000002,PASS,False
tt_00_to_10,prime,WL3,lower_excursion_v,-1.8235951932707327e-05,-0.18000000000000002,,PASS,False
tt_00_to_10,prime,WL3,end_level_v,2.914567252265588e-07,-0.18000000000000002,0.18000000000000002,PASS,False
tt_00_to_10,prime,WL3,unselected_max_v,1.1497398519936711e-05,,0.18000000000000002,PASS,False
tt_00_to_10,test,DEC0,upper_excursion_v,0.007353233059220292,,1.9800000000000002,PASS,False
tt_00_to_10,test,DEC0,lower_excursion_v,-0.014520039273823837,-0.18000000000000002,,PASS,False
tt_00_to_10,test,DEC0,end_level_v,0.00042689086007433735,-0.18000000000000002,0.18000000000000002,PASS,False
tt_00_to_10,test,DEC0,unselected_max_v,0.007353233059220292,,0.18000000000000002,PASS,False
tt_00_to_10,test,DEC1,upper_excursion_v,0.01725999992231908,,1.9800000000000002,PASS,False
tt_00_to_10,test,DEC1,lower_excursion_v,-0.002312614765383955,-0.18000000000000002,,PASS,False
tt_00_to_10,test,DEC1,end_level_v,0.0007032141427751465,-0.18000000000000002,0.18000000000000002,PASS,False
tt_00_to_10,test,DEC1,unselected_max_v,0.01725999992231908,,0.18000000000000002,PASS,False
tt_00_to_10,test,DEC2,upper_excursion_v,1.8004027219944496,,1.9800000000000002,PASS,False
tt_00_to_10,test,DEC2,lower_excursion_v,-0.014181653128134526,-0.18000000000000002,,PASS,False
tt_00_to_10,test,DEC2,end_level_v,1.7999999917266054,1.62,1.9800000000000002,PASS,False
tt_00_to_10,test,DEC2,settled_min_v,1.7987599978959516,1.62,,PASS,False
tt_00_to_10,test,DEC3,upper_excursion_v,0.08388867728317338,,1.9800000000000002,PASS,False
tt_00_to_10,test,DEC3,lower_excursion_v,-0.004543054477968916,-0.18000000000000002,,PASS,False
tt_00_to_10,test,DEC3,end_level_v,0.08388855654506477,-0.18000000000000002,0.18000000000000002,PASS,False
tt_00_to_10,test,DEC3,unselected_max_v,0.08388867728317338,,0.18000000000000002,PASS,False
tt_00_to_10,test,WL0,upper_excursion_v,2.238014254311945e-05,,1.9800000000000002,PASS,False
tt_00_to_10,test,WL0,lower_excursion_v,-4.564915014741645e-05,-0.18000000000000002,,PASS,False
tt_00_to_10,test,WL0,end_level_v,2.9147714721463867e-07,-0.18000000000000002,0.18000000000000002,PASS,False
tt_00_to_10,test,WL0,unselected_max_v,2.238014254311945e-05,,0.18000000000000002,PASS,False
tt_00_to_10,test,WL1,upper_excursion_v,9.977496598538642e-06,,1.9800000000000002,PASS,False
tt_00_to_10,test,WL1,lower_excursion_v,-1.890648604123344e-05,-0.18000000000000002,,PASS,False
tt_00_to_10,test,WL1,end_level_v,2.9147714413991357e-07,-0.18000000000000002,0.18000000000000002,PASS,False
tt_00_to_10,test,WL1,unselected_max_v,9.977496598538642e-06,,0.18000000000000002,PASS,False
tt_00_to_10,test,WL2,upper_excursion_v,1.7999999900667194,,1.9800000000000002,PASS,False
tt_00_to_10,test,WL2,lower_excursion_v,-0.017745234634175145,-0.18000000000000002,,PASS,False
tt_00_to_10,test,WL2,end_level_v,1.7999999899800347,1.62,1.9800000000000002,PASS,False
tt_00_to_10,test,WL2,settled_min_v,1.742859350196793,1.62,,PASS,False
tt_00_to_10,test,WL3,upper_excursion_v,1.0466481550328331e-05,,1.9800000000000002,PASS,False
tt_00_to_10,test,WL3,lower_excursion_v,-1.6716492261473053e-05,-0.18000000000000002,,PASS,False
tt_00_to_10,test,WL3,end_level_v,2.9147517119363567e-07,-0.18000000000000002,0.18000000000000002,PASS,False
tt_00_to_10,test,WL3,unselected_max_v,1.0466481550328331e-05,,0.18000000000000002,PASS,False
tt_00_to_10,recovery,DEC0,end_level_v,1.0641968112567709e-05,-0.18000000000000002,0.18000000000000002,PASS,False
tt_00_to_10,recovery,DEC0,settled_max_v,0.005834803445693204,,0.18000000000000002,PASS,False
tt_00_to_10,recovery,DEC1,end_level_v,6.612817816085151e-06,-0.18000000000000002,0.18000000000000002,PASS,False
tt_00_to_10,recovery,DEC1,settled_max_v,0.005087965457968843,,0.18000000000000002,PASS,False
tt_00_to_10,recovery,DEC2,end_level_v,7.053042131730154e-06,-0.18000000000000002,0.18000000000000002,PASS,False
tt_00_to_10,recovery,DEC2,settled_max_v,0.005394269180535996,,0.18000000000000002,PASS,False
tt_00_to_10,recovery,DEC3,end_level_v,1.507009349733286e-05,-0.18000000000000002,0.18000000000000002,PASS,False
tt_00_to_10,recovery,DEC3,settled_max_v,0.005525754107272039,,0.18000000000000002,PASS,False
tt_00_to_10,recovery,WL0,end_level_v,2.915076064910477e-07,-0.18000000000000002,0.18000000000000002,PASS,False
tt_00_to_10,recovery,WL0,settled_max_v,0.0011870221806406123,,0.18000000000000002,PASS,False
tt_00_to_10,recovery,WL1,end_level_v,2.9153211879128163e-07,-0.18000000000000002,0.18000000000000002,PASS,False
tt_00_to_10,recovery,WL1,settled_max_v,1.3239627162486112e-05,,0.18000000000000002,PASS,False
tt_00_to_10,recovery,WL2,end_level_v,2.915174149634887e-07,-0.18000000000000002,0.18000000000000002,PASS,False
tt_00_to_10,recovery,WL2,settled_max_v,1.2984375033015454e-05,,0.18000000000000002,PASS,False
tt_00_to_10,recovery,WL3,end_level_v,2.9168273773141724e-07,-0.18000000000000002,0.18000000000000002,PASS,False
tt_00_to_10,recovery,WL3,settled_max_v,1.2055520868046056e-05,,0.18000000000000002,PASS,False
tt_00_to_10,recovery,N0,end_level_v,1.8000394672134177,1.62,1.9800000000000002,PASS,False
tt_00_to_10,recovery,N1,end_level_v,1.800026992384151,1.62,1.9800000000000002,PASS,False
tt_00_to_10,recovery,N2,end_level_v,1.8001496951823013,1.62,1.9800000000000002,PASS,False
tt_00_to_10,recovery,N3,end_level_v,1.7936657911773206,1.62,1.9800000000000002,PASS,False
tt_00_to_10,final_precharge,DEC0,settled_max_v,0.0006318804744235535,,0.18000000000000002,PASS,False
tt_00_to_10,final_precharge,DEC0,settled_min_v,3.401573439153211e-05,-0.18000000000000002,,PASS,False
tt_00_to_10,final_precharge,DEC1,settled_max_v,8.722749968608943e-05,,0.18000000000000002,PASS,False
tt_00_to_10,final_precharge,DEC1,settled_min_v,7.328032581008239e-06,-0.18000000000000002,,PASS,False
tt_00_to_10,final_precharge,DEC2,settled_max_v,0.0008474950112043738,,0.18000000000000002,PASS,False
tt_00_to_10,final_precharge,DEC2,settled_min_v,9.988410843798945e-06,-0.18000000000000002,,PASS,False
tt_00_to_10,final_precharge,DEC3,settled_max_v,0.00010484637310688751,,0.18000000000000002,PASS,False
tt_00_to_10,final_precharge,DEC3,settled_min_v,8.457954274610645e-06,-0.18000000000000002,,PASS,False
tt_00_to_10,final_precharge,WL0,settled_max_v,3.2844610490807486e-07,,0.18000000000000002,PASS,False
tt_00_to_10,final_precharge,WL0,settled_min_v,2.914965905561251e-07,-0.18000000000000002,,PASS,False
tt_00_to_10,final_precharge,WL1,settled_max_v,2.986938361252756e-07,,0.18000000000000002,PASS,False
tt_00_to_10,final_precharge,WL1,settled_min_v,2.8898026090136183e-07,-0.18000000000000002,,PASS,False
tt_00_to_10,final_precharge,WL2,settled_max_v,0.000160901090551614,,0.18000000000000002,PASS,False
tt_00_to_10,final_precharge,WL2,settled_min_v,2.914850278909414e-07,-0.18000000000000002,,PASS,False
tt_00_to_10,final_precharge,WL3,settled_max_v,3.0314627365009185e-07,,0.18000000000000002,PASS,False
tt_00_to_10,final_precharge,WL3,settled_min_v,2.914819061328366e-07,-0.18000000000000002,,PASS,False
tt_00_to_10,final_precharge,N0,end_level_v,1.8000383916506275,1.62,1.9800000000000002,PASS,False
tt_00_to_10,final_precharge,N1,end_level_v,1.8000673244524652,1.62,1.9800000000000002,PASS,False
tt_00_to_10,final_precharge,N2,end_level_v,1.7944439073969671,1.62,1.9800000000000002,PASS,False
tt_00_to_10,final_precharge,N3,end_level_v,1.800291991292237,1.62,1.9800000000000002,PASS,False
tt_00_to_10,pex_recovery,N0.N0,dynamic_segment_level_v,1.8000394672134177,1.62,1.9800000000000002,PASS,False
tt_00_to_10,pex_final_precharge,N0.N0,dynamic_segment_level_v,1.8000383916506275,1.62,1.9800000000000002,PASS,False
tt_00_to_10,pex_recovery,N1.N1,dynamic_segment_level_v,1.800026992384151,1.62,1.9800000000000002,PASS,False
tt_00_to_10,pex_final_precharge,N1.N1,dynamic_segment_level_v,1.8000673244524652,1.62,1.9800000000000002,PASS,False
tt_00_to_10,pex_recovery,N2.N2,dynamic_segment_level_v,1.8001496951823013,1.62,1.9800000000000002,PASS,False
tt_00_to_10,pex_final_precharge,N2.N2,dynamic_segment_level_v,1.7944439073969671,1.62,1.9800000000000002,PASS,False
tt_00_to_10,pex_recovery,N3.N3,dynamic_segment_level_v,1.7936657911773206,1.62,1.9800000000000002,PASS,False
tt_00_to_10,pex_final_precharge,N3.N3,dynamic_segment_level_v,1.800291991292237,1.62,1.9800000000000002,PASS,False
tt_10_to_00,prime,DEC0,upper_excursion_v,0.007388039778795416,,1.9800000000000002,PASS,False
tt_10_to_00,prime,DEC0,lower_excursion_v,-0.01352467660420964,-0.18000000000000002,,PASS,False
tt_10_to_00,prime,DEC0,end_level_v,0.0002669732396245808,-0.18000000000000002,0.18000000000000002,PASS,False
tt_10_to_00,prime,DEC0,unselected_max_v,0.007388039778795416,,0.18000000000000002,PASS,False
tt_10_to_00,prime,DEC1,upper_excursion_v,0.017022678738667987,,1.9800000000000002,PASS,False
tt_10_to_00,prime,DEC1,lower_excursion_v,-0.0021079354075051043,-0.18000000000000002,,PASS,False
tt_10_to_00,prime,DEC1,end_level_v,0.0004586775326588105,-0.18000000000000002,0.18000000000000002,PASS,False
tt_10_to_00,prime,DEC1,unselected_max_v,0.017022678738667987,,0.18000000000000002,PASS,False
tt_10_to_00,prime,DEC2,upper_excursion_v,1.8000878645583531,,1.9800000000000002,PASS,False
tt_10_to_00,prime,DEC2,lower_excursion_v,-0.013664067195680994,-0.18000000000000002,,PASS,False
tt_10_to_00,prime,DEC2,end_level_v,1.8000087867725398,1.62,1.9800000000000002,PASS,False
tt_10_to_00,prime,DEC2,settled_min_v,1.798762415457177,1.62,,PASS,False
tt_10_to_00,prime,DEC3,upper_excursion_v,0.02921831350374543,,1.9800000000000002,PASS,False
tt_10_to_00,prime,DEC3,lower_excursion_v,-0.003581237443121603,-0.18000000000000002,,PASS,False
tt_10_to_00,prime,DEC3,end_level_v,0.02921831350374543,-0.18000000000000002,0.18000000000000002,PASS,False
tt_10_to_00,prime,DEC3,unselected_max_v,0.02921831350374543,,0.18000000000000002,PASS,False
tt_10_to_00,prime,WL0,upper_excursion_v,2.1297167631602026e-05,,1.9800000000000002,PASS,False
tt_10_to_00,prime,WL0,lower_excursion_v,-4.453293560404346e-05,-0.18000000000000002,,PASS,False
tt_10_to_00,prime,WL0,end_level_v,2.9145820677905707e-07,-0.18000000000000002,0.18000000000000002,PASS,False
tt_10_to_00,prime,WL0,unselected_max_v,2.1297167631602026e-05,,0.18000000000000002,PASS,False
tt_10_to_00,prime,WL1,upper_excursion_v,9.960776948895065e-06,,1.9800000000000002,PASS,False
tt_10_to_00,prime,WL1,lower_excursion_v,-1.8900051180161805e-05,-0.18000000000000002,,PASS,False
tt_10_to_00,prime,WL1,end_level_v,2.9144870335497704e-07,-0.18000000000000002,0.18000000000000002,PASS,False
tt_10_to_00,prime,WL1,unselected_max_v,9.960776948895065e-06,,0.18000000000000002,PASS,False
tt_10_to_00,prime,WL2,upper_excursion_v,1.7999999900284147,,1.9800000000000002,PASS,False
tt_10_to_00,prime,WL2,lower_excursion_v,-0.01784724829322981,-0.18000000000000002,,PASS,False
tt_10_to_00,prime,WL2,end_level_v,1.7999999900092838,1.62,1.9800000000000002,PASS,False
tt_10_to_00,prime,WL2,settled_min_v,1.7569475383935271,1.62,,PASS,False
tt_10_to_00,prime,WL3,upper_excursion_v,1.0531702563001826e-05,,1.9800000000000002,PASS,False
tt_10_to_00,prime,WL3,lower_excursion_v,-1.6933063214441428e-05,-0.18000000000000002,,PASS,False
tt_10_to_00,prime,WL3,end_level_v,2.8824830837006563e-07,-0.18000000000000002,0.18000000000000002,PASS,False
tt_10_to_00,prime,WL3,unselected_max_v,1.0531702563001826e-05,,0.18000000000000002,PASS,False
tt_10_to_00,test,DEC0,upper_excursion_v,1.8002664954877199,,1.9800000000000002,PASS,False
tt_10_to_00,test,DEC0,lower_excursion_v,-0.014749491453911537,-0.18000000000000002,,PASS,False
tt_10_to_00,test,DEC0,end_level_v,1.8000000950842594,1.62,1.9800000000000002,PASS,False
tt_10_to_00,test,DEC0,settled_min_v,1.79905859886446,1.62,,PASS,False
tt_10_to_00,test,DEC1,upper_excursion_v,0.04851061466147366,,1.9800000000000002,PASS,False
tt_10_to_00,test,DEC1,lower_excursion_v,-0.0033799088106067354,-0.18000000000000002,,PASS,False
tt_10_to_00,test,DEC1,end_level_v,0.04851061466147366,-0.18000000000000002,0.18000000000000002,PASS,False
tt_10_to_00,test,DEC1,unselected_max_v,0.04851061466147366,,0.18000000000000002,PASS,False
tt_10_to_00,test,DEC2,upper_excursion_v,0.008136116527173644,,1.9800000000000002,PASS,False
tt_10_to_00,test,DEC2,lower_excursion_v,-0.0013491452199006007,-0.18000000000000002,,PASS,False
tt_10_to_00,test,DEC2,end_level_v,0.0005277884213566245,-0.18000000000000002,0.18000000000000002,PASS,False
tt_10_to_00,test,DEC2,unselected_max_v,0.008136116527173644,,0.18000000000000002,PASS,False
tt_10_to_00,test,DEC3,upper_excursion_v,0.007844126545858678,,1.9800000000000002,PASS,False
tt_10_to_00,test,DEC3,lower_excursion_v,-0.0017160193887077874,-0.18000000000000002,,PASS,False
tt_10_to_00,test,DEC3,end_level_v,0.0005329757078920971,-0.18000000000000002,0.18000000000000002,PASS,False
tt_10_to_00,test,DEC3,unselected_max_v,0.007844126545858678,,0.18000000000000002,PASS,False
tt_10_to_00,test,WL0,upper_excursion_v,1.7999999903082928,,1.9800000000000002,PASS,False
tt_10_to_00,test,WL0,lower_excursion_v,-0.018385524016060133,-0.18000000000000002,,PASS,False
tt_10_to_00,test,WL0,end_level_v,1.799999989983013,1.62,1.9800000000000002,PASS,False
tt_10_to_00,test,WL0,settled_min_v,1.7472703480748855,1.62,,PASS,False
tt_10_to_00,test,WL1,upper_excursion_v,1.0386790531599165e-05,,1.9800000000000002,PASS,False
tt_10_to_00,test,WL1,lower_excursion_v,-1.9479233103696736e-05,-0.18000000000000002,,PASS,False
tt_10_to_00,test,WL1,end_level_v,2.9137875571537257e-07,-0.18000000000000002,0.18000000000000002,PASS,False
tt_10_to_00,test,WL1,unselected_max_v,1.0386790531599165e-05,,0.18000000000000002,PASS,False
tt_10_to_00,test,WL2,upper_excursion_v,1.1496292544564036e-05,,1.9800000000000002,PASS,False
tt_10_to_00,test,WL2,lower_excursion_v,-1.9635586220367667e-05,-0.18000000000000002,,PASS,False
tt_10_to_00,test,WL2,end_level_v,2.914770607315074e-07,-0.18000000000000002,0.18000000000000002,PASS,False
tt_10_to_00,test,WL2,unselected_max_v,1.1496292544564036e-05,,0.18000000000000002,PASS,False
tt_10_to_00,test,WL3,upper_excursion_v,1.1476013454946216e-05,,1.9800000000000002,PASS,False
tt_10_to_00,test,WL3,lower_excursion_v,-1.8064310886985262e-05,-0.18000000000000002,,PASS,False
tt_10_to_00,test,WL3,end_level_v,2.914765697709536e-07,-0.18000000000000002,0.18000000000000002,PASS,False
tt_10_to_00,test,WL3,unselected_max_v,1.1476013454946216e-05,,0.18000000000000002,PASS,False
tt_10_to_00,recovery,DEC0,end_level_v,3.947390347066835e-05,-0.18000000000000002,0.18000000000000002,PASS,False
tt_10_to_00,recovery,DEC0,settled_max_v,0.0020143646006633847,,0.18000000000000002,PASS,False
tt_10_to_00,recovery,DEC1,end_level_v,4.1158308520891344e-05,-0.18000000000000002,0.18000000000000002,PASS,False
tt_10_to_00,recovery,DEC1,settled_max_v,0.00227846454245971,,0.18000000000000002,PASS,False
tt_10_to_00,recovery,DEC2,end_level_v,1.7883375755315167e-05,-0.18000000000000002,0.18000000000000002,PASS,False
tt_10_to_00,recovery,DEC2,settled_max_v,0.0031353691270194564,,0.18000000000000002,PASS,False
tt_10_to_00,recovery,DEC3,end_level_v,2.0987109160107227e-05,-0.18000000000000002,0.18000000000000002,PASS,False
tt_10_to_00,recovery,DEC3,settled_max_v,0.004060116486624077,,0.18000000000000002,PASS,False
tt_10_to_00,recovery,WL0,end_level_v,2.919283149064307e-07,-0.18000000000000002,0.18000000000000002,PASS,False
tt_10_to_00,recovery,WL0,settled_max_v,2.1652876744096267e-05,,0.18000000000000002,PASS,False
tt_10_to_00,recovery,WL1,end_level_v,2.9266053527521303e-07,-0.18000000000000002,0.18000000000000002,PASS,False
tt_10_to_00,recovery,WL1,settled_max_v,1.857472745826698e-05,,0.18000000000000002,PASS,False
tt_10_to_00,recovery,WL2,end_level_v,2.919925417531674e-07,-0.18000000000000002,0.18000000000000002,PASS,False
tt_10_to_00,recovery,WL2,settled_max_v,0.00021076659036358601,,0.18000000000000002,PASS,False
tt_10_to_00,recovery,WL3,end_level_v,2.920739448141923e-07,-0.18000000000000002,0.18000000000000002,PASS,False
tt_10_to_00,recovery,WL3,settled_max_v,1.651042677217981e-05,,0.18000000000000002,PASS,False
tt_10_to_00,recovery,N0,end_level_v,1.800425597862354,1.62,1.9800000000000002,PASS,False
tt_10_to_00,recovery,N1,end_level_v,1.787816985804751,1.62,1.9800000000000002,PASS,False
tt_10_to_00,recovery,N2,end_level_v,1.800558959007195,1.62,1.9800000000000002,PASS,False
tt_10_to_00,recovery,N3,end_level_v,1.800037163560531,1.62,1.9800000000000002,PASS,False
tt_10_to_00,final_precharge,DEC0,settled_max_v,0.002158440320037079,,0.18000000000000002,PASS,False
tt_10_to_00,final_precharge,DEC0,settled_min_v,3.6997839380201255e-05,-0.18000000000000002,,PASS,False
tt_10_to_00,final_precharge,DEC1,settled_max_v,0.0002426845731500462,,0.18000000000000002,PASS,False
tt_10_to_00,final_precharge,DEC1,settled_min_v,8.140214362697977e-06,-0.18000000000000002,,PASS,False
tt_10_to_00,final_precharge,DEC2,settled_max_v,0.0003662534773894326,,0.18000000000000002,PASS,False
tt_10_to_00,final_precharge,DEC2,settled_min_v,9.168507793276567e-06,-0.18000000000000002,,PASS,False
tt_10_to_00,final_precharge,DEC3,settled_max_v,0.00040977661404184595,,0.18000000000000002,PASS,False
tt_10_to_00,final_precharge,DEC3,settled_min_v,9.933160009273375e-06,-0.18000000000000002,,PASS,False
tt_10_to_00,final_precharge,WL0,settled_max_v,0.00091145069419253,,0.18000000000000002,PASS,False
tt_10_to_00,final_precharge,WL0,settled_min_v,2.9150140356172784e-07,-0.18000000000000002,,PASS,False
tt_10_to_00,final_precharge,WL1,settled_max_v,3.0553528653500715e-07,,0.18000000000000002,PASS,False
tt_10_to_00,final_precharge,WL1,settled_min_v,2.1218133261796554e-07,-0.18000000000000002,,PASS,False
tt_10_to_00,final_precharge,WL2,settled_max_v,3.540915790835767e-07,,0.18000000000000002,PASS,False
tt_10_to_00,final_precharge,WL2,settled_min_v,2.914827791562668e-07,-0.18000000000000002,,PASS,False
tt_10_to_00,final_precharge,WL3,settled_max_v,3.429679299249596e-07,,0.18000000000000002,PASS,False
tt_10_to_00,final_precharge,WL3,settled_min_v,2.9148318624565435e-07,-0.18000000000000002,,PASS,False
tt_10_to_00,final_precharge,N0,end_level_v,1.794344015474631,1.62,1.9800000000000002,PASS,False
tt_10_to_00,final_precharge,N1,end_level_v,1.8000665575846826,1.62,1.9800000000000002,PASS,False
tt_10_to_00,final_precharge,N2,end_level_v,1.80003804515706,1.62,1.9800000000000002,PASS,False
tt_10_to_00,final_precharge,N3,end_level_v,1.800283201244219,1.62,1.9800000000000002,PASS,False
tt_10_to_00,pex_recovery,N0.N0,dynamic_segment_level_v,1.800425597862354,1.62,1.9800000000000002,PASS,False
tt_10_to_00,pex_final_precharge,N0.N0,dynamic_segment_level_v,1.794344015474631,1.62,1.9800000000000002,PASS,False
tt_10_to_00,pex_recovery,N1.N1,dynamic_segment_level_v,1.787816985804751,1.62,1.9800000000000002,PASS,False
tt_10_to_00,pex_final_precharge,N1.N1,dynamic_segment_level_v,1.8000665575846826,1.62,1.9800000000000002,PASS,False
tt_10_to_00,pex_recovery,N2.N2,dynamic_segment_level_v,1.800558959007195,1.62,1.9800000000000002,PASS,False
tt_10_to_00,pex_final_precharge,N2.N2,dynamic_segment_level_v,1.80003804515706,1.62,1.9800000000000002,PASS,False
tt_10_to_00,pex_recovery,N3.N3,dynamic_segment_level_v,1.800037163560531,1.62,1.9800000000000002,PASS,False
tt_10_to_00,pex_final_precharge,N3.N3,dynamic_segment_level_v,1.800283201244219,1.62,1.9800000000000002,PASS,False
tt_00_to_11,prime,DEC0,upper_excursion_v,1.800022092676315,,1.9800000000000002,PASS,False
tt_00_to_11,prime,DEC0,lower_excursion_v,-0.01478974276739202,-0.18000000000000002,,PASS,False
tt_00_to_11,prime,DEC0,end_level_v,1.8000114228616135,1.62,1.9800000000000002,PASS,False
tt_00_to_11,prime,DEC0,settled_min_v,1.798998042484715,1.62,,PASS,False
tt_00_to_11,prime,DEC1,upper_excursion_v,0.018344790445089257,,1.9800000000000002,PASS,False
tt_00_to_11,prime,DEC1,lower_excursion_v,-0.0024163956253816787,-0.18000000000000002,,PASS,False
tt_00_to_11,prime,DEC1,end_level_v,0.010306988816618718,-0.18000000000000002,0.18000000000000002,PASS,False
tt_00_to_11,prime,DEC1,unselected_max_v,0.018344790445089257,,0.18000000000000002,PASS,False
tt_00_to_11,prime,DEC2,upper_excursion_v,0.008174145608130255,,1.9800000000000002,PASS,False
tt_00_to_11,prime,DEC2,lower_excursion_v,-0.001125353860156636,-0.18000000000000002,,PASS,False
tt_00_to_11,prime,DEC2,end_level_v,0.00019848988582744917,-0.18000000000000002,0.18000000000000002,PASS,False
tt_00_to_11,prime,DEC2,unselected_max_v,0.008174145608130255,,0.18000000000000002,PASS,False
tt_00_to_11,prime,DEC3,upper_excursion_v,0.007847557549350077,,1.9800000000000002,PASS,False
tt_00_to_11,prime,DEC3,lower_excursion_v,-0.0015340529642559435,-0.18000000000000002,,PASS,False
tt_00_to_11,prime,DEC3,end_level_v,0.00020094210101845655,-0.18000000000000002,0.18000000000000002,PASS,False
tt_00_to_11,prime,DEC3,unselected_max_v,0.007847557549350077,,0.18000000000000002,PASS,False
tt_00_to_11,prime,WL0,upper_excursion_v,1.7999999899855772,,1.9800000000000002,PASS,False
tt_00_to_11,prime,WL0,lower_excursion_v,-0.01830771221216317,-0.18000000000000002,,PASS,False
tt_00_to_11,prime,WL0,end_level_v,1.7999999899816126,1.62,1.9800000000000002,PASS,False
tt_00_to_11,prime,WL0,settled_min_v,1.756205291232518,1.62,,PASS,False
tt_00_to_11,prime,WL1,upper_excursion_v,1.0520984214462394e-05,,1.9800000000000002,PASS,False
tt_00_to_11,prime,WL1,lower_excursion_v,-1.9481935836515945e-05,-0.18000000000000002,,PASS,False
tt_00_to_11,prime,WL1,end_level_v,2.904285382232228e-07,-0.18000000000000002,0.18000000000000002,PASS,False
tt_00_to_11,prime,WL1,unselected_max_v,1.0520984214462394e-05,,0.18000000000000002,PASS,False
tt_00_to_11,prime,WL2,upper_excursion_v,1.1544418447686356e-05,,1.9800000000000002,PASS,False
tt_00_to_11,prime,WL2,lower_excursion_v,-1.9738386703698942e-05,-0.18000000000000002,,PASS,False
tt_00_to_11,prime,WL2,end_level_v,2.914559190071951e-07,-0.18000000000000002,0.18000000000000002,PASS,False
tt_00_to_11,prime,WL2,unselected_max_v,1.1544418447686356e-05,,0.18000000000000002,PASS,False
tt_00_to_11,prime,WL3,upper_excursion_v,1.1497398519936711e-05,,1.9800000000000002,PASS,False
tt_00_to_11,prime,WL3,lower_excursion_v,-1.8235951932707327e-05,-0.18000000000000002,,PASS,False
tt_00_to_11,prime,WL3,end_level_v,2.914567252265588e-07,-0.18000000000000002,0.18000000000000002,PASS,False
tt_00_to_11,prime,WL3,unselected_max_v,1.1497398519936711e-05,,0.18000000000000002,PASS,False
tt_00_to_11,test,DEC0,upper_excursion_v,0.007292260408645694,,1.9800000000000002,PASS,False
tt_00_to_11,test,DEC0,lower_excursion_v,-0.014355578042621275,-0.18000000000000002,,PASS,False
tt_00_to_11,test,DEC0,end_level_v,0.00011605929535045408,-0.18000000000000002,0.18000000000000002,PASS,False
tt_00_to_11,test,DEC0,unselected_max_v,0.007292260408645694,,0.18000000000000002,PASS,False
tt_00_to_11,test,DEC1,upper_excursion_v,0.007042343086982983,,1.9800000000000002,PASS,False
tt_00_to_11,test,DEC1,lower_excursion_v,2.3210779156415673e-05,-0.18000000000000002,,PASS,False
tt_00_to_11,test,DEC1,end_level_v,0.0001755330678983313,-0.18000000000000002,0.18000000000000002,PASS,False
tt_00_to_11,test,DEC1,unselected_max_v,0.007042343086982983,,0.18000000000000002,PASS,False
tt_00_to_11,test,DEC2,upper_excursion_v,0.016049183949276746,,1.9800000000000002,PASS,False
tt_00_to_11,test,DEC2,lower_excursion_v,-0.0018013534815729884,-0.18000000000000002,,PASS,False
tt_00_to_11,test,DEC2,end_level_v,0.008946702613087405,-0.18000000000000002,0.18000000000000002,PASS,False
tt_00_to_11,test,DEC2,unselected_max_v,0.016049183949276746,,0.18000000000000002,PASS,False
tt_00_to_11,test,DEC3,upper_excursion_v,1.8000192690508465,,1.9800000000000002,PASS,False
tt_00_to_11,test,DEC3,lower_excursion_v,-0.011824277771945748,-0.18000000000000002,,PASS,False
tt_00_to_11,test,DEC3,end_level_v,1.8000087630567336,1.62,1.9800000000000002,PASS,False
tt_00_to_11,test,DEC3,settled_min_v,1.7960192726450133,1.62,,PASS,False
tt_00_to_11,test,WL0,upper_excursion_v,2.39562578842427e-05,,1.9800000000000002,PASS,False
tt_00_to_11,test,WL0,lower_excursion_v,-4.5523402403567815e-05,-0.18000000000000002,,PASS,False
tt_00_to_11,test,WL0,end_level_v,2.914673341578902e-07,-0.18000000000000002,0.18000000000000002,PASS,False
tt_00_to_11,test,WL0,unselected_max_v,2.39562578842427e-05,,0.18000000000000002,PASS,False
tt_00_to_11,test,WL1,upper_excursion_v,9.423011003031124e-06,,1.9800000000000002,PASS,False
tt_00_to_11,test,WL1,lower_excursion_v,-1.7344705738943778e-05,-0.18000000000000002,,PASS,False
tt_00_to_11,test,WL1,end_level_v,2.914619737524977e-07,-0.18000000000000002,0.18000000000000002,PASS,False
tt_00_to_11,test,WL1,unselected_max_v,9.423011003031124e-06,,0.18000000000000002,PASS,False
tt_00_to_11,test,WL2,upper_excursion_v,9.999125737618302e-06,,1.9800000000000002,PASS,False
tt_00_to_11,test,WL2,lower_excursion_v,-1.653724512401084e-05,-0.18000000000000002,,PASS,False
tt_00_to_11,test,WL2,end_level_v,2.9072723644604156e-07,-0.18000000000000002,0.18000000000000002,PASS,False
tt_00_to_11,test,WL2,unselected_max_v,9.999125737618302e-06,,0.18000000000000002,PASS,False
tt_00_to_11,test,WL3,upper_excursion_v,1.7999999899850905,,1.9800000000000002,PASS,False
tt_00_to_11,test,WL3,lower_excursion_v,-0.017053302596774983,-0.18000000000000002,,PASS,False
tt_00_to_11,test,WL3,end_level_v,1.799999989981652,1.62,1.9800000000000002,PASS,False
tt_00_to_11,test,WL3,settled_min_v,1.7309840512808135,1.62,,PASS,False
tt_00_to_11,recovery,DEC0,end_level_v,2.884602613345712e-05,-0.18000000000000002,0.18000000000000002,PASS,False
tt_00_to_11,recovery,DEC0,settled_max_v,0.009629630858338449,,0.18000000000000002,PASS,False
tt_00_to_11,recovery,DEC1,end_level_v,4.52895106469026e-06,-0.18000000000000002,0.18000000000000002,PASS,False
tt_00_to_11,recovery,DEC1,settled_max_v,0.00861738631148705,,0.18000000000000002,PASS,False
tt_00_to_11,recovery,DEC2,end_level_v,4.806304069840198e-06,-0.18000000000000002,0.18000000000000002,PASS,False
tt_00_to_11,recovery,DEC2,settled_max_v,0.009101566699395172,,0.18000000000000002,PASS,False
tt_00_to_11,recovery,DEC3,end_level_v,9.662538210946484e-06,-0.18000000000000002,0.18000000000000002,PASS,False
tt_00_to_11,recovery,DEC3,settled_max_v,0.00922953389497354,,0.18000000000000002,PASS,False
tt_00_to_11,recovery,WL0,end_level_v,2.9159240118146104e-07,-0.18000000000000002,0.18000000000000002,PASS,False
tt_00_to_11,recovery,WL0,settled_max_v,0.0011870221806406123,,0.18000000000000002,PASS,False
tt_00_to_11,recovery,WL1,end_level_v,2.914201358936012e-07,-0.18000000000000002,0.18000000000000002,PASS,False
tt_00_to_11,recovery,WL1,settled_max_v,2.2089142477897805e-05,,0.18000000000000002,PASS,False
tt_00_to_11,recovery,WL2,end_level_v,2.9136756114050317e-07,-0.18000000000000002,0.18000000000000002,PASS,False
tt_00_to_11,recovery,WL2,settled_max_v,2.163408121225808e-05,,0.18000000000000002,PASS,False
tt_00_to_11,recovery,WL3,end_level_v,2.914369681896856e-07,-0.18000000000000002,0.18000000000000002,PASS,False
tt_00_to_11,recovery,WL3,settled_max_v,1.986806179921964e-05,,0.18000000000000002,PASS,False
tt_00_to_11,recovery,N0,end_level_v,1.8000200921114948,1.62,1.9800000000000002,PASS,False
tt_00_to_11,recovery,N1,end_level_v,1.800011066497298,1.62,1.9800000000000002,PASS,False
tt_00_to_11,recovery,N2,end_level_v,1.800071144815974,1.62,1.9800000000000002,PASS,False
tt_00_to_11,recovery,N3,end_level_v,1.7950410278160231,1.62,1.9800000000000002,PASS,False
tt_00_to_11,final_precharge,DEC0,settled_max_v,0.0007817799308423437,,0.18000000000000002,PASS,False
tt_00_to_11,final_precharge,DEC0,settled_min_v,3.5518006246349e-05,-0.18000000000000002,,PASS,False
tt_00_to_11,final_precharge,DEC1,settled_max_v,0.00022623314218919724,,0.18000000000000002,PASS,False
tt_00_to_11,final_precharge,DEC1,settled_min_v,6.792177977069116e-06,-0.18000000000000002,,PASS,False
tt_00_to_11,final_precharge,DEC2,settled_max_v,0.00016214811438084077,,0.18000000000000002,PASS,False
tt_00_to_11,final_precharge,DEC2,settled_min_v,7.115823662279267e-06,-0.18000000000000002,,PASS,False
tt_00_to_11,final_precharge,DEC3,settled_max_v,0.0014222248171630657,,0.18000000000000002,PASS,False
tt_00_to_11,final_precharge,DEC3,settled_min_v,9.65236187558743e-06,-0.18000000000000002,,PASS,False
tt_00_to_11,final_precharge,WL0,settled_max_v,4.3772762012569703e-07,,0.18000000000000002,PASS,False
tt_00_to_11,final_precharge,WL0,settled_min_v,2.9149879170463685e-07,-0.18000000000000002,,PASS,False
tt_00_to_11,final_precharge,WL1,settled_max_v,5.422103566768507e-07,,0.18000000000000002,PASS,False
tt_00_to_11,final_precharge,WL1,settled_min_v,2.9148144808743887e-07,-0.18000000000000002,,PASS,False
tt_00_to_11,final_precharge,WL2,settled_max_v,3.015937196446381e-07,,0.18000000000000002,PASS,False
tt_00_to_11,final_precharge,WL2,settled_min_v,-8.125887922473493e-09,-0.18000000000000002,,PASS,False
tt_00_to_11,final_precharge,WL3,settled_max_v,0.005726270809022679,,0.18000000000000002,PASS,False
tt_00_to_11,final_precharge,WL3,settled_min_v,2.914858442118352e-07,-0.18000000000000002,,PASS,False
tt_00_to_11,final_precharge,N0,end_level_v,1.800036428100134,1.62,1.9800000000000002,PASS,False
tt_00_to_11,final_precharge,N1,end_level_v,1.800042628154961,1.62,1.9800000000000002,PASS,False
tt_00_to_11,final_precharge,N2,end_level_v,1.80007621253634,1.62,1.9800000000000002,PASS,False
tt_00_to_11,final_precharge,N3,end_level_v,1.7935604717154066,1.62,1.9800000000000002,PASS,False
tt_00_to_11,pex_recovery,N0.N0,dynamic_segment_level_v,1.8000200921114948,1.62,1.9800000000000002,PASS,False
tt_00_to_11,pex_final_precharge,N0.N0,dynamic_segment_level_v,1.800036428100134,1.62,1.9800000000000002,PASS,False
tt_00_to_11,pex_recovery,N1.N1,dynamic_segment_level_v,1.800011066497298,1.62,1.9800000000000002,PASS,False
tt_00_to_11,pex_final_precharge,N1.N1,dynamic_segment_level_v,1.800042628154961,1.62,1.9800000000000002,PASS,False
tt_00_to_11,pex_recovery,N2.N2,dynamic_segment_level_v,1.800071144815974,1.62,1.9800000000000002,PASS,False
tt_00_to_11,pex_final_precharge,N2.N2,dynamic_segment_level_v,1.80007621253634,1.62,1.9800000000000002,PASS,False
tt_00_to_11,pex_recovery,N3.N3,dynamic_segment_level_v,1.7950410278160231,1.62,1.9800000000000002,PASS,False
tt_00_to_11,pex_final_precharge,N3.N3,dynamic_segment_level_v,1.7935604717154066,1.62,1.9800000000000002,PASS,False
tt_11_to_00,prime,DEC0,upper_excursion_v,0.007299890417708725,,1.9800000000000002,PASS,False
tt_11_to_00,prime,DEC0,lower_excursion_v,-0.013601728229508211,-0.18000000000000002,,PASS,False
tt_11_to_00,prime,DEC0,end_level_v,0.00010367360711704964,-0.18000000000000002,0.18000000000000002,PASS,False
tt_11_to_00,prime,DEC0,unselected_max_v,0.007299890417708725,,0.18000000000000002,PASS,False
tt_11_to_00,prime,DEC1,upper_excursion_v,0.007040103958857721,,1.9800000000000002,PASS,False
tt_11_to_00,prime,DEC1,lower_excursion_v,1.652619465260241e-05,-0.18000000000000002,,PASS,False
tt_11_to_00,prime,DEC1,end_level_v,0.00015654972764793382,-0.18000000000000002,0.18000000000000002,PASS,False
tt_11_to_00,prime,DEC1,unselected_max_v,0.007040103958857721,,0.18000000000000002,PASS,False
tt_11_to_00,prime,DEC2,upper_excursion_v,0.016019282968962593,,1.9800000000000002,PASS,False
tt_11_to_00,prime,DEC2,lower_excursion_v,-0.0021403972746459887,-0.18000000000000002,,PASS,False
tt_11_to_00,prime,DEC2,end_level_v,0.007766941460352157,-0.18000000000000002,0.18000000000000002,PASS,False
tt_11_to_00,prime,DEC2,unselected_max_v,0.016019282968962593,,0.18000000000000002,PASS,False
tt_11_to_00,prime,DEC3,upper_excursion_v,1.8000161684907563,,1.9800000000000002,PASS,False
tt_11_to_00,prime,DEC3,lower_excursion_v,-0.012560962568773794,-0.18000000000000002,,PASS,False
tt_11_to_00,prime,DEC3,end_level_v,1.8000077686223541,1.62,1.9800000000000002,PASS,False
tt_11_to_00,prime,DEC3,settled_min_v,1.7966396134966336,1.62,,PASS,False
tt_11_to_00,prime,WL0,upper_excursion_v,2.3311550851374122e-05,,1.9800000000000002,PASS,False
tt_11_to_00,prime,WL0,lower_excursion_v,-4.46229999836695e-05,-0.18000000000000002,,PASS,False
tt_11_to_00,prime,WL0,end_level_v,2.914684627920355e-07,-0.18000000000000002,0.18000000000000002,PASS,False
tt_11_to_00,prime,WL0,unselected_max_v,2.3311550851374122e-05,,0.18000000000000002,PASS,False
tt_11_to_00,prime,WL1,upper_excursion_v,9.415825032482433e-06,,1.9800000000000002,PASS,False
tt_11_to_00,prime,WL1,lower_excursion_v,-1.7300112767124364e-05,-0.18000000000000002,,PASS,False
tt_11_to_00,prime,WL1,end_level_v,2.9146363414706884e-07,-0.18000000000000002,0.18000000000000002,PASS,False
tt_11_to_00,prime,WL1,unselected_max_v,9.415825032482433e-06,,0.18000000000000002,PASS,False
tt_11_to_00,prime,WL2,upper_excursion_v,9.982179233282774e-06,,1.9800000000000002,PASS,False
tt_11_to_00,prime,WL2,lower_excursion_v,-1.6556692190753007e-05,-0.18000000000000002,,PASS,False
tt_11_to_00,prime,WL2,end_level_v,2.908519511129862e-07,-0.18000000000000002,0.18000000000000002,PASS,False
tt_11_to_00,prime,WL2,unselected_max_v,9.982179233282774e-06,,0.18000000000000002,PASS,False
tt_11_to_00,prime,WL3,upper_excursion_v,1.7999999899840253,,1.9800000000000002,PASS,False
tt_11_to_00,prime,WL3,lower_excursion_v,-0.017069159807891567,-0.18000000000000002,,PASS,False
tt_11_to_00,prime,WL3,end_level_v,1.7999999899814387,1.62,1.9800000000000002,PASS,False
tt_11_to_00,prime,WL3,settled_min_v,1.7401368913659372,1.62,,PASS,False
tt_11_to_00,test,DEC0,upper_excursion_v,1.8000990455943546,,1.9800000000000002,PASS,False
tt_11_to_00,test,DEC0,lower_excursion_v,-0.01462734691062735,-0.18000000000000002,,PASS,False
tt_11_to_00,test,DEC0,end_level_v,1.800006022020112,1.62,1.9800000000000002,PASS,False
tt_11_to_00,test,DEC0,settled_min_v,1.7989981340876655,1.62,,PASS,False
tt_11_to_00,test,DEC1,upper_excursion_v,0.02860225357084153,,1.9800000000000002,PASS,False
tt_11_to_00,test,DEC1,lower_excursion_v,-0.002649379481586639,-0.18000000000000002,,PASS,False
tt_11_to_00,test,DEC1,end_level_v,0.02860225357084153,-0.18000000000000002,0.18000000000000002,PASS,False
tt_11_to_00,test,DEC1,unselected_max_v,0.02860225357084153,,0.18000000000000002,PASS,False
tt_11_to_00,test,DEC2,upper_excursion_v,0.0081660520643713,,1.9800000000000002,PASS,False
tt_11_to_00,test,DEC2,lower_excursion_v,-0.0011328860367740695,-0.18000000000000002,,PASS,False
tt_11_to_00,test,DEC2,end_level_v,0.0004010712443215658,-0.18000000000000002,0.18000000000000002,PASS,False
tt_11_to_00,test,DEC2,unselected_max_v,0.0081660520643713,,0.18000000000000002,PASS,False
tt_11_to_00,test,DEC3,upper_excursion_v,0.007852732270258532,,1.9800000000000002,PASS,False
tt_11_to_00,test,DEC3,lower_excursion_v,-0.001465010143160337,-0.18000000000000002,,PASS,False
tt_11_to_00,test,DEC3,end_level_v,0.0004020511010778705,-0.18000000000000002,0.18000000000000002,PASS,False
tt_11_to_00,test,DEC3,unselected_max_v,0.007852732270258532,,0.18000000000000002,PASS,False
tt_11_to_00,test,WL0,upper_excursion_v,1.7999999900530164,,1.9800000000000002,PASS,False
tt_11_to_00,test,WL0,lower_excursion_v,-0.018381680421933784,-0.18000000000000002,,PASS,False
tt_11_to_00,test,WL0,end_level_v,1.7999999900074724,1.62,1.9800000000000002,PASS,False
tt_11_to_00,test,WL0,settled_min_v,1.7526049652720805,1.62,,PASS,False
tt_11_to_00,test,WL1,upper_excursion_v,1.0500189484467926e-05,,1.9800000000000002,PASS,False
tt_11_to_00,test,WL1,lower_excursion_v,-1.9455792709884844e-05,-0.18000000000000002,,PASS,False
tt_11_to_00,test,WL1,end_level_v,2.88880301845076e-07,-0.18000000000000002,0.18000000000000002,PASS,False
tt_11_to_00,test,WL1,unselected_max_v,1.0500189484467926e-05,,0.18000000000000002,PASS,False
tt_11_to_00,test,WL2,upper_excursion_v,1.1540310348392685e-05,,1.9800000000000002,PASS,False
tt_11_to_00,test,WL2,lower_excursion_v,-1.9686168052815215e-05,-0.18000000000000002,,PASS,False
tt_11_to_00,test,WL2,end_level_v,2.9145793471531484e-07,-0.18000000000000002,0.18000000000000002,PASS,False
tt_11_to_00,test,WL2,unselected_max_v,1.1540310348392685e-05,,0.18000000000000002,PASS,False
tt_11_to_00,test,WL3,upper_excursion_v,1.1502268313215629e-05,,1.9800000000000002,PASS,False
tt_11_to_00,test,WL3,lower_excursion_v,-1.8130571634362293e-05,-0.18000000000000002,,PASS,False
tt_11_to_00,test,WL3,end_level_v,2.9145382055342885e-07,-0.18000000000000002,0.18000000000000002,PASS,False
tt_11_to_00,test,WL3,unselected_max_v,1.1502268313215629e-05,,0.18000000000000002,PASS,False
tt_11_to_00,recovery,DEC0,end_level_v,9.732980405945827e-05,-0.18000000000000002,0.18000000000000002,PASS,False
tt_11_to_00,recovery,DEC0,settled_max_v,0.002863999464089391,,0.18000000000000002,PASS,False
tt_11_to_00,recovery,DEC1,end_level_v,1.4417952677565013e-05,-0.18000000000000002,0.18000000000000002,PASS,False
tt_11_to_00,recovery,DEC1,settled_max_v,0.004092272580307851,,0.18000000000000002,PASS,False
tt_11_to_00,recovery,DEC2,end_level_v,1.718161354710237e-05,-0.18000000000000002,0.18000000000000002,PASS,False
tt_11_to_00,recovery,DEC2,settled_max_v,0.0056725458273774315,,0.18000000000000002,PASS,False
tt_11_to_00,recovery,DEC3,end_level_v,1.5856872371671563e-05,-0.18000000000000002,0.18000000000000002,PASS,False
tt_11_to_00,recovery,DEC3,settled_max_v,0.0073146071261197265,,0.18000000000000002,PASS,False
tt_11_to_00,recovery,WL0,end_level_v,2.9179003863886076e-07,-0.18000000000000002,0.18000000000000002,PASS,False
tt_11_to_00,recovery,WL0,settled_max_v,3.5618853585511406e-05,,0.18000000000000002,PASS,False
tt_11_to_00,recovery,WL1,end_level_v,2.9189155934379187e-07,-0.18000000000000002,0.18000000000000002,PASS,False
tt_11_to_00,recovery,WL1,settled_max_v,2.9757527073010264e-05,,0.18000000000000002,PASS,False
tt_11_to_00,recovery,WL2,end_level_v,2.9203617492983963e-07,-0.18000000000000002,0.18000000000000002,PASS,False
tt_11_to_00,recovery,WL2,settled_max_v,2.8099189940369785e-05,,0.18000000000000002,PASS,False
tt_11_to_00,recovery,WL3,end_level_v,2.920407459779908e-07,-0.18000000000000002,0.18000000000000002,PASS,False
tt_11_to_00,recovery,WL3,settled_max_v,0.005864362500098169,,0.18000000000000002,PASS,False
tt_11_to_00,recovery,N0,end_level_v,1.7918051374124067,1.62,1.9800000000000002,PASS,False
tt_11_to_00,recovery,N1,end_level_v,1.7987083707517055,1.62,1.9800000000000002,PASS,False
tt_11_to_00,recovery,N2,end_level_v,1.7999774645272293,1.62,1.9800000000000002,PASS,False
tt_11_to_00,recovery,N3,end_level_v,1.80138724268757,1.62,1.9800000000000002,PASS,False
tt_11_to_00,final_precharge,DEC0,settled_max_v,0.0021900067551611706,,0.18000000000000002,PASS,False
tt_11_to_00,final_precharge,DEC0,settled_min_v,3.704974962827353e-05,-0.18000000000000002,,PASS,False
tt_11_to_00,final_precharge,DEC1,settled_max_v,0.0002463128697064038,,0.18000000000000002,PASS,False
tt_11_to_00,final_precharge,DEC1,settled_min_v,8.153423451298673e-06,-0.18000000000000002,,PASS,False
tt_11_to_00,final_precharge,DEC2,settled_max_v,0.0003712518575843377,,0.18000000000000002,PASS,False
tt_11_to_00,final_precharge,DEC2,settled_min_v,9.184778336182605e-06,-0.18000000000000002,,PASS,False
tt_11_to_00,final_precharge,DEC3,settled_max_v,0.000415521031446414,,0.18000000000000002,PASS,False
tt_11_to_00,final_precharge,DEC3,settled_min_v,9.95099634463691e-06,-0.18000000000000002,,PASS,False
tt_11_to_00,final_precharge,WL0,settled_max_v,0.0010351185113648066,,0.18000000000000002,PASS,False
tt_11_to_00,final_precharge,WL0,settled_min_v,2.915014942197089e-07,-0.18000000000000002,,PASS,False
tt_11_to_00,final_precharge,WL1,settled_max_v,3.0547487922990593e-07,,0.18000000000000002,PASS,False
tt_11_to_00,final_precharge,WL1,settled_min_v,2.0046276938984482e-07,-0.18000000000000002,,PASS,False
tt_11_to_00,final_precharge,WL2,settled_max_v,3.5730223417932593e-07,,0.18000000000000002,PASS,False
tt_11_to_00,final_precharge,WL2,settled_min_v,2.9148280241270416e-07,-0.18000000000000002,,PASS,False
tt_11_to_00,final_precharge,WL3,settled_max_v,3.4456969169624257e-07,,0.18000000000000002,PASS,False
tt_11_to_00,final_precharge,WL3,settled_min_v,2.91483211153197e-07,-0.18000000000000002,,PASS,False
tt_11_to_00,final_precharge,N0,end_level_v,1.7943360257270722,1.62,1.9800000000000002,PASS,False
tt_11_to_00,final_precharge,N1,end_level_v,1.800067682694802,1.62,1.9800000000000002,PASS,False
tt_11_to_00,final_precharge,N2,end_level_v,1.8000380847308586,1.62,1.9800000000000002,PASS,False
tt_11_to_00,final_precharge,N3,end_level_v,1.8002835697345845,1.62,1.9800000000000002,PASS,False
tt_11_to_00,pex_recovery,N0.N0,dynamic_segment_level_v,1.7918051374124067,1.62,1.9800000000000002,PASS,False
tt_11_to_00,pex_final_precharge,N0.N0,dynamic_segment_level_v,1.7943360257270722,1.62,1.9800000000000002,PASS,False
tt_11_to_00,pex_recovery,N1.N1,dynamic_segment_level_v,1.7987083707517055,1.62,1.9800000000000002,PASS,False
tt_11_to_00,pex_final_precharge,N1.N1,dynamic_segment_level_v,1.800067682694802,1.62,1.9800000000000002,PASS,False
tt_11_to_00,pex_recovery,N2.N2,dynamic_segment_level_v,1.7999774645272293,1.62,1.9800000000000002,PASS,False
tt_11_to_00,pex_final_precharge,N2.N2,dynamic_segment_level_v,1.8000380847308586,1.62,1.9800000000000002,PASS,False
tt_11_to_00,pex_recovery,N3.N3,dynamic_segment_level_v,1.80138724268757,1.62,1.9800000000000002,PASS,False
tt_11_to_00,pex_final_precharge,N3.N3,dynamic_segment_level_v,1.8002835697345845,1.62,1.9800000000000002,PASS,False
tt_01_to_10,prime,DEC0,upper_excursion_v,0.016420788915383382,,1.9800000000000002,PASS,False
tt_01_to_10,prime,DEC0,lower_excursion_v,-0.01328265197829788,-0.18000000000000002,,PASS,False
tt_01_to_10,prime,DEC0,end_level_v,0.0011060820295600462,-0.18000000000000002,0.18000000000000002,PASS,False
tt_01_to_10,prime,DEC0,unselected_max_v,0.016420788915383382,,0.18000000000000002,PASS,False
tt_01_to_10,prime,DEC1,upper_excursion_v,1.800006266800544,,1.9800000000000002,PASS,False
tt_01_to_10,prime,DEC1,lower_excursion_v,-0.012582225273756076,-0.18000000000000002,,PASS,False
tt_01_to_10,prime,DEC1,end_level_v,1.8000020709947018,1.62,1.9800000000000002,PASS,False
tt_01_to_10,prime,DEC1,settled_min_v,1.7990877564895538,1.62,,PASS,False
tt_01_to_10,prime,DEC2,upper_excursion_v,0.017868385645467645,,1.9800000000000002,PASS,False
tt_01_to_10,prime,DEC2,lower_excursion_v,-0.0020813585186459163,-0.18000000000000002,,PASS,False
tt_01_to_10,prime,DEC2,end_level_v,7.896340159941267e-05,-0.18000000000000002,0.18000000000000002,PASS,False
tt_01_to_10,prime,DEC2,unselected_max_v,0.017868385645467645,,0.18000000000000002,PASS,False
tt_01_to_10,prime,DEC3,upper_excursion_v,0.007669075161503881,,1.9800000000000002,PASS,False
tt_01_to_10,prime,DEC3,lower_excursion_v,-0.0006095115768861778,-0.18000000000000002,,PASS,False
tt_01_to_10,prime,DEC3,end_level_v,2.413795541626001e-05,-0.18000000000000002,0.18000000000000002,PASS,False
tt_01_to_10,prime,DEC3,unselected_max_v,0.007669075161503881,,0.18000000000000002,PASS,False
tt_01_to_10,prime,WL0,upper_excursion_v,2.237211512092625e-05,,1.9800000000000002,PASS,False
tt_01_to_10,prime,WL0,lower_excursion_v,-4.417478073340775e-05,-0.18000000000000002,,PASS,False
tt_01_to_10,prime,WL0,end_level_v,2.9138699181647444e-07,-0.18000000000000002,0.18000000000000002,PASS,False
tt_01_to_10,prime,WL0,unselected_max_v,2.237211512092625e-05,,0.18000000000000002,PASS,False
tt_01_to_10,prime,WL1,upper_excursion_v,1.799999989982374,,1.9800000000000002,PASS,False
tt_01_to_10,prime,WL1,lower_excursion_v,-0.018258927606767242,-0.18000000000000002,,PASS,False
tt_01_to_10,prime,WL1,end_level_v,1.7999999899805803,1.62,1.9800000000000002,PASS,False
tt_01_to_10,prime,WL1,settled_min_v,1.7557468749597556,1.62,,PASS,False
tt_01_to_10,prime,WL2,upper_excursion_v,1.0883049269834454e-05,,1.9800000000000002,PASS,False
tt_01_to_10,prime,WL2,lower_excursion_v,-1.7764127512704403e-05,-0.18000000000000002,,PASS,False
tt_01_to_10,prime,WL2,end_level_v,2.914757148990615e-07,-0.18000000000000002,0.18000000000000002,PASS,False
tt_01_to_10,prime,WL2,unselected_max_v,1.0883049269834454e-05,,0.18000000000000002,PASS,False
tt_01_to_10,prime,WL3,upper_excursion_v,1.076529616865751e-05,,1.9800000000000002,PASS,False
tt_01_to_10,prime,WL3,lower_excursion_v,-1.5494179979488894e-05,-0.18000000000000002,,PASS,False
tt_01_to_10,prime,WL3,end_level_v,2.9147610693416127e-07,-0.18000000000000002,0.18000000000000002,PASS,False
tt_01_to_10,prime,WL3,unselected_max_v,1.076529616865751e-05,,0.18000000000000002,PASS,False
tt_01_to_10,test,DEC0,upper_excursion_v,0.0073983160524708205,,1.9800000000000002,PASS,False
tt_01_to_10,test,DEC0,lower_excursion_v,-0.014038407102616265,-0.18000000000000002,,PASS,False
tt_01_to_10,test,DEC0,end_level_v,0.0003035890299818711,-0.18000000000000002,0.18000000000000002,PASS,False
tt_01_to_10,test,DEC0,unselected_max_v,0.0073983160524708205,,0.18000000000000002,PASS,False
tt_01_to_10,test,DEC1,upper_excursion_v,0.01705415401696589,,1.9800000000000002,PASS,False
tt_01_to_10,test,DEC1,lower_excursion_v,-0.0019731502520429767,-0.18000000000000002,,PASS,False
tt_01_to_10,test,DEC1,end_level_v,0.0005169933872760657,-0.18000000000000002,0.18000000000000002,PASS,False
tt_01_to_10,test,DEC1,unselected_max_v,0.01705415401696589,,0.18000000000000002,PASS,False
tt_01_to_10,test,DEC2,upper_excursion_v,1.800130669594146,,1.9800000000000002,PASS,False
tt_01_to_10,test,DEC2,lower_excursion_v,-0.013232976960406762,-0.18000000000000002,,PASS,False
tt_01_to_10,test,DEC2,end_level_v,1.8000026085763559,1.62,1.9800000000000002,PASS,False
tt_01_to_10,test,DEC2,settled_min_v,1.79861480561436,1.62,,PASS,False
tt_01_to_10,test,DEC3,upper_excursion_v,0.03669075015875366,,1.9800000000000002,PASS,False
tt_01_to_10,test,DEC3,lower_excursion_v,-0.0038254050408097727,-0.18000000000000002,,PASS,False
tt_01_to_10,test,DEC3,end_level_v,0.03669075015875366,-0.18000000000000002,0.18000000000000002,PASS,False
tt_01_to_10,test,DEC3,unselected_max_v,0.03669075015875366,,0.18000000000000002,PASS,False
tt_01_to_10,test,WL0,upper_excursion_v,2.186109964824384e-05,,1.9800000000000002,PASS,False
tt_01_to_10,test,WL0,lower_excursion_v,-4.517749041584775e-05,-0.18000000000000002,,PASS,False
tt_01_to_10,test,WL0,end_level_v,2.914703389701189e-07,-0.18000000000000002,0.18000000000000002,PASS,False
tt_01_to_10,test,WL0,unselected_max_v,2.186109964824384e-05,,0.18000000000000002,PASS,False
tt_01_to_10,test,WL1,upper_excursion_v,9.972010067513611e-06,,1.9800000000000002,PASS,False
tt_01_to_10,test,WL1,lower_excursion_v,-1.8903885163365492e-05,-0.18000000000000002,,PASS,False
tt_01_to_10,test,WL1,end_level_v,2.914668412477395e-07,-0.18000000000000002,0.18000000000000002,PASS,False
tt_01_to_10,test,WL1,unselected_max_v,9.972010067513611e-06,,0.18000000000000002,PASS,False
tt_01_to_10,test,WL2,upper_excursion_v,1.7999999901300896,,1.9800000000000002,PASS,False
tt_01_to_10,test,WL2,lower_excursion_v,-0.017817929575415503,-0.18000000000000002,,PASS,False
tt_01_to_10,test,WL2,end_level_v,1.7999999900014112,1.62,1.9800000000000002,PASS,False
tt_01_to_10,test,WL2,settled_min_v,1.7520479062040137,1.62,,PASS,False
tt_01_to_10,test,WL3,upper_excursion_v,1.0541998882053158e-05,,1.9800000000000002,PASS,False
tt_01_to_10,test,WL3,lower_excursion_v,-1.6855099357409568e-05,-0.18000000000000002,,PASS,False
tt_01_to_10,test,WL3,end_level_v,2.9008243437931057e-07,-0.18000000000000002,0.18000000000000002,PASS,False
tt_01_to_10,test,WL3,unselected_max_v,1.0541998882053158e-05,,0.18000000000000002,PASS,False
tt_01_to_10,recovery,DEC0,end_level_v,5.222767865553448e-05,-0.18000000000000002,0.18000000000000002,PASS,False
tt_01_to_10,recovery,DEC0,settled_max_v,0.0028453338957991833,,0.18000000000000002,PASS,False
tt_01_to_10,recovery,DEC1,end_level_v,1.0803120726961116e-05,-0.18000000000000002,0.18000000000000002,PASS,False
tt_01_to_10,recovery,DEC1,settled_max_v,0.0030455099123804508,,0.18000000000000002,PASS,False
tt_01_to_10,recovery,DEC2,end_level_v,1.5829575454587123e-05,-0.18000000000000002,0.18000000000000002,PASS,False
tt_01_to_10,recovery,DEC2,settled_max_v,0.004184538709303069,,0.18000000000000002,PASS,False
tt_01_to_10,recovery,DEC3,end_level_v,1.380419343665146e-05,-0.18000000000000002,0.18000000000000002,PASS,False
tt_01_to_10,recovery,DEC3,settled_max_v,0.0053328614932593756,,0.18000000000000002,PASS,False
tt_01_to_10,recovery,WL0,end_level_v,2.916420680930232e-07,-0.18000000000000002,0.18000000000000002,PASS,False
tt_01_to_10,recovery,WL0,settled_max_v,5.4499540060439175e-06,,0.18000000000000002,PASS,False
tt_01_to_10,recovery,WL1,end_level_v,2.9171220629734686e-07,-0.18000000000000002,0.18000000000000002,PASS,False
tt_01_to_10,recovery,WL1,settled_max_v,0.003700748319432943,,0.18000000000000002,PASS,False
tt_01_to_10,recovery,WL2,end_level_v,2.918588822273375e-07,-0.18000000000000002,0.18000000000000002,PASS,False
tt_01_to_10,recovery,WL2,settled_max_v,3.814359248336719e-06,,0.18000000000000002,PASS,False
tt_01_to_10,recovery,WL3,end_level_v,2.917585897838133e-07,-0.18000000000000002,0.18000000000000002,PASS,False
tt_01_to_10,recovery,WL3,settled_max_v,3.6417674997209216e-06,,0.18000000000000002,PASS,False
tt_01_to_10,recovery,N0,end_level_v,1.8000267429548695,1.62,1.9800000000000002,PASS,False
tt_01_to_10,recovery,N1,end_level_v,1.800109307912089,1.62,1.9800000000000002,PASS,False
tt_01_to_10,recovery,N2,end_level_v,1.796024589735355,1.62,1.9800000000000002,PASS,False
tt_01_to_10,recovery,N3,end_level_v,1.7989954456639283,1.62,1.9800000000000002,PASS,False
tt_01_to_10,final_precharge,DEC0,settled_max_v,0.0006393692694870012,,0.18000000000000002,PASS,False
tt_01_to_10,final_precharge,DEC0,settled_min_v,3.404972264145496e-05,-0.18000000000000002,,PASS,False
tt_01_to_10,final_precharge,DEC1,settled_max_v,8.845181406338277e-05,,0.18000000000000002,PASS,False
tt_01_to_10,final_precharge,DEC1,settled_min_v,7.321832527246177e-06,-0.18000000000000002,,PASS,False
tt_01_to_10,final_precharge,DEC2,settled_max_v,0.0008705390647233047,,0.18000000000000002,PASS,False
tt_01_to_10,final_precharge,DEC2,settled_min_v,9.987932605690108e-06,-0.18000000000000002,,PASS,False
tt_01_to_10,final_precharge,DEC3,settled_max_v,0.00010583591602172914,,0.18000000000000002,PASS,False
tt_01_to_10,final_precharge,DEC3,settled_min_v,8.442889749434733e-06,-0.18000000000000002,,PASS,False
tt_01_to_10,final_precharge,WL0,settled_max_v,3.310187708996091e-07,,0.18000000000000002,PASS,False
tt_01_to_10,final_precharge,WL0,settled_min_v,2.9149667877450597e-07,-0.18000000000000002,,PASS,False
tt_01_to_10,final_precharge,WL1,settled_max_v,2.9868825103945045e-07,,0.18000000000000002,PASS,False
tt_01_to_10,final_precharge,WL1,settled_min_v,2.8562586031967035e-07,-0.18000000000000002,,PASS,False
tt_01_to_10,final_precharge,WL2,settled_max_v,0.00019706835035495574,,0.18000000000000002,PASS,False
tt_01_to_10,final_precharge,WL2,settled_min_v,2.9148506847891696e-07,-0.18000000000000002,,PASS,False
tt_01_to_10,final_precharge,WL3,settled_max_v,3.030633288538698e-07,,0.18000000000000002,PASS,False
tt_01_to_10,final_precharge,WL3,settled_min_v,2.911796042218095e-07,-0.18000000000000002,,PASS,False
tt_01_to_10,final_precharge,N0,end_level_v,1.8000383492604106,1.62,1.9800000000000002,PASS,False
tt_01_to_10,final_precharge,N1,end_level_v,1.8000673996705714,1.62,1.9800000000000002,PASS,False
tt_01_to_10,final_precharge,N2,end_level_v,1.794426567296688,1.62,1.9800000000000002,PASS,False
tt_01_to_10,final_precharge,N3,end_level_v,1.8003266889835263,1.62,1.9800000000000002,PASS,False
tt_01_to_10,pex_recovery,N0.N0,dynamic_segment_level_v,1.8000267429548695,1.62,1.9800000000000002,PASS,False
tt_01_to_10,pex_final_precharge,N0.N0,dynamic_segment_level_v,1.8000383492604106,1.62,1.9800000000000002,PASS,False
tt_01_to_10,pex_recovery,N1.N1,dynamic_segment_level_v,1.800109307912089,1.62,1.9800000000000002,PASS,False
tt_01_to_10,pex_final_precharge,N1.N1,dynamic_segment_level_v,1.8000673996705714,1.62,1.9800000000000002,PASS,False
tt_01_to_10,pex_recovery,N2.N2,dynamic_segment_level_v,1.796024589735355,1.62,1.9800000000000002,PASS,False
tt_01_to_10,pex_final_precharge,N2.N2,dynamic_segment_level_v,1.794426567296688,1.62,1.9800000000000002,PASS,False
tt_01_to_10,pex_recovery,N3.N3,dynamic_segment_level_v,1.7989954456639283,1.62,1.9800000000000002,PASS,False
tt_01_to_10,pex_final_precharge,N3.N3,dynamic_segment_level_v,1.8003266889835263,1.62,1.9800000000000002,PASS,False
tt_10_to_01,prime,DEC0,upper_excursion_v,0.007388039778795416,,1.9800000000000002,PASS,False
tt_10_to_01,prime,DEC0,lower_excursion_v,-0.01352467660420964,-0.18000000000000002,,PASS,False
tt_10_to_01,prime,DEC0,end_level_v,0.0002669732396245808,-0.18000000000000002,0.18000000000000002,PASS,False
tt_10_to_01,prime,DEC0,unselected_max_v,0.007388039778795416,,0.18000000000000002,PASS,False
tt_10_to_01,prime,DEC1,upper_excursion_v,0.017022678738667987,,1.9800000000000002,PASS,False
tt_10_to_01,prime,DEC1,lower_excursion_v,-0.0021079354075051043,-0.18000000000000002,,PASS,False
tt_10_to_01,prime,DEC1,end_level_v,0.0004586775326588105,-0.18000000000000002,0.18000000000000002,PASS,False
tt_10_to_01,prime,DEC1,unselected_max_v,0.017022678738667987,,0.18000000000000002,PASS,False
tt_10_to_01,prime,DEC2,upper_excursion_v,1.8000878645583531,,1.9800000000000002,PASS,False
tt_10_to_01,prime,DEC2,lower_excursion_v,-0.013664067195680994,-0.18000000000000002,,PASS,False
tt_10_to_01,prime,DEC2,end_level_v,1.8000087867725398,1.62,1.9800000000000002,PASS,False
tt_10_to_01,prime,DEC2,settled_min_v,1.798762415457177,1.62,,PASS,False
tt_10_to_01,prime,DEC3,upper_excursion_v,0.02921831350374543,,1.9800000000000002,PASS,False
tt_10_to_01,prime,DEC3,lower_excursion_v,-0.003581237443121603,-0.18000000000000002,,PASS,False
tt_10_to_01,prime,DEC3,end_level_v,0.02921831350374543,-0.18000000000000002,0.18000000000000002,PASS,False
tt_10_to_01,prime,DEC3,unselected_max_v,0.02921831350374543,,0.18000000000000002,PASS,False
tt_10_to_01,prime,WL0,upper_excursion_v,2.1297167631602026e-05,,1.9800000000000002,PASS,False
tt_10_to_01,prime,WL0,lower_excursion_v,-4.453293560404346e-05,-0.18000000000000002,,PASS,False
tt_10_to_01,prime,WL0,end_level_v,2.9145820677905707e-07,-0.18000000000000002,0.18000000000000002,PASS,False
tt_10_to_01,prime,WL0,unselected_max_v,2.1297167631602026e-05,,0.18000000000000002,PASS,False
tt_10_to_01,prime,WL1,upper_excursion_v,9.960776948895065e-06,,1.9800000000000002,PASS,False
tt_10_to_01,prime,WL1,lower_excursion_v,-1.8900051180161805e-05,-0.18000000000000002,,PASS,False
tt_10_to_01,prime,WL1,end_level_v,2.9144870335497704e-07,-0.18000000000000002,0.18000000000000002,PASS,False
tt_10_to_01,prime,WL1,unselected_max_v,9.960776948895065e-06,,0.18000000000000002,PASS,False
tt_10_to_01,prime,WL2,upper_excursion_v,1.7999999900284147,,1.9800000000000002,PASS,False
tt_10_to_01,prime,WL2,lower_excursion_v,-0.01784724829322981,-0.18000000000000002,,PASS,False
tt_10_to_01,prime,WL2,end_level_v,1.7999999900092838,1.62,1.9800000000000002,PASS,False
tt_10_to_01,prime,WL2,settled_min_v,1.7569475383935271,1.62,,PASS,False
tt_10_to_01,prime,WL3,upper_excursion_v,1.0531702563001826e-05,,1.9800000000000002,PASS,False
tt_10_to_01,prime,WL3,lower_excursion_v,-1.6933063214441428e-05,-0.18000000000000002,,PASS,False
tt_10_to_01,prime,WL3,end_level_v,2.8824830837006563e-07,-0.18000000000000002,0.18000000000000002,PASS,False
tt_10_to_01,prime,WL3,unselected_max_v,1.0531702563001826e-05,,0.18000000000000002,PASS,False
tt_10_to_01,test,DEC0,upper_excursion_v,0.016245816087473466,,1.9800000000000002,PASS,False
tt_10_to_01,test,DEC0,lower_excursion_v,-0.013227697535990166,-0.18000000000000002,,PASS,False
tt_10_to_01,test,DEC0,end_level_v,0.0003281216445936798,-0.18000000000000002,0.18000000000000002,PASS,False
tt_10_to_01,test,DEC0,unselected_max_v,0.016245816087473466,,0.18000000000000002,PASS,False
tt_10_to_01,test,DEC1,upper_excursion_v,1.8000030300067755,,1.9800000000000002,PASS,False
tt_10_to_01,test,DEC1,lower_excursion_v,-0.012285366240414472,-0.18000000000000002,,PASS,False
tt_10_to_01,test,DEC1,end_level_v,1.8000009660682426,1.62,1.9800000000000002,PASS,False
tt_10_to_01,test,DEC1,settled_min_v,1.7990846178937017,1.62,,PASS,False
tt_10_to_01,test,DEC2,upper_excursion_v,0.017813691035289056,,1.9800000000000002,PASS,False
tt_10_to_01,test,DEC2,lower_excursion_v,-0.001964449356161229,-0.18000000000000002,,PASS,False
tt_10_to_01,test,DEC2,end_level_v,6.745224082901061e-05,-0.18000000000000002,0.18000000000000002,PASS,False
tt_10_to_01,test,DEC2,unselected_max_v,0.017813691035289056,,0.18000000000000002,PASS,False
tt_10_to_01,test,DEC3,upper_excursion_v,0.00765559241315928,,1.9800000000000002,PASS,False
tt_10_to_01,test,DEC3,lower_excursion_v,-0.0005420316385910083,-0.18000000000000002,,PASS,False
tt_10_to_01,test,DEC3,end_level_v,1.1094008006952381e-05,-0.18000000000000002,0.18000000000000002,PASS,False
tt_10_to_01,test,DEC3,unselected_max_v,0.00765559241315928,,0.18000000000000002,PASS,False
tt_10_to_01,test,WL0,upper_excursion_v,2.2308240611197582e-05,,1.9800000000000002,PASS,False
tt_10_to_01,test,WL0,lower_excursion_v,-4.4151889404960966e-05,-0.18000000000000002,,PASS,False
tt_10_to_01,test,WL0,end_level_v,2.914498682326173e-07,-0.18000000000000002,0.18000000000000002,PASS,False
tt_10_to_01,test,WL0,unselected_max_v,2.2308240611197582e-05,,0.18000000000000002,PASS,False
tt_10_to_01,test,WL1,upper_excursion_v,1.799999989981332,,1.9800000000000002,PASS,False
tt_10_to_01,test,WL1,lower_excursion_v,-0.018174037510280426,-0.18000000000000002,,PASS,False
tt_10_to_01,test,WL1,end_level_v,1.7999999899803139,1.62,1.9800000000000002,PASS,False
tt_10_to_01,test,WL1,settled_min_v,1.756059325345187,1.62,,PASS,False
tt_10_to_01,test,WL2,upper_excursion_v,1.0876382563623442e-05,,1.9800000000000002,PASS,False
tt_10_to_01,test,WL2,lower_excursion_v,-1.7759753738331587e-05,-0.18000000000000002,,PASS,False
tt_10_to_01,test,WL2,end_level_v,2.9147680759685533e-07,-0.18000000000000002,0.18000000000000002,PASS,False
tt_10_to_01,test,WL2,unselected_max_v,1.0876382563623442e-05,,0.18000000000000002,PASS,False
tt_10_to_01,test,WL3,upper_excursion_v,1.0765752024928994e-05,,1.9800000000000002,PASS,False
tt_10_to_01,test,WL3,lower_excursion_v,-1.5498735491071536e-05,-0.18000000000000002,,PASS,False
tt_10_to_01,test,WL3,end_level_v,2.9147714286209073e-07,-0.18000000000000002,0.18000000000000002,PASS,False
tt_10_to_01,test,WL3,unselected_max_v,1.0765752024928994e-05,,0.18000000000000002,PASS,False
tt_10_to_01,recovery,DEC0,end_level_v,9.763846957036344e-05,-0.18000000000000002,0.18000000000000002,PASS,False
tt_10_to_01,recovery,DEC0,settled_max_v,0.0025051924614779147,,0.18000000000000002,PASS,False
tt_10_to_01,recovery,DEC1,end_level_v,2.7475012277775263e-05,-0.18000000000000002,0.18000000000000002,PASS,False
tt_10_to_01,recovery,DEC1,settled_max_v,0.0031840060644641316,,0.18000000000000002,PASS,False
tt_10_to_01,recovery,DEC2,end_level_v,1.69098030139566e-05,-0.18000000000000002,0.18000000000000002,PASS,False
tt_10_to_01,recovery,DEC2,settled_max_v,0.004306858796096796,,0.18000000000000002,PASS,False
tt_10_to_01,recovery,DEC3,end_level_v,1.657821120698763e-05,-0.18000000000000002,0.18000000000000002,PASS,False
tt_10_to_01,recovery,DEC3,settled_max_v,0.005479936835560428,,0.18000000000000002,PASS,False
tt_10_to_01,recovery,WL0,end_level_v,2.9193522529624093e-07,-0.18000000000000002,0.18000000000000002,PASS,False
tt_10_to_01,recovery,WL0,settled_max_v,6.771321018126631e-06,,0.18000000000000002,PASS,False
tt_10_to_01,recovery,WL1,end_level_v,2.913662230378897e-07,-0.18000000000000002,0.18000000000000002,PASS,False
tt_10_to_01,recovery,WL1,settled_max_v,5.563873270545115e-06,,0.18000000000000002,PASS,False
tt_10_to_01,recovery,WL2,end_level_v,2.91760719433969e-07,-0.18000000000000002,0.18000000000000002,PASS,False
tt_10_to_01,recovery,WL2,settled_max_v,0.00021076659036358601,,0.18000000000000002,PASS,False
tt_10_to_01,recovery,WL3,end_level_v,2.917278057945969e-07,-0.18000000000000002,0.18000000000000002,PASS,False
tt_10_to_01,recovery,WL3,settled_max_v,4.9488547690591414e-06,,0.18000000000000002,PASS,False
tt_10_to_01,recovery,N0,end_level_v,1.8002984347133322,1.62,1.9800000000000002,PASS,False
tt_10_to_01,recovery,N1,end_level_v,1.7885587535657739,1.62,1.9800000000000002,PASS,False
tt_10_to_01,recovery,N2,end_level_v,1.8002666951979165,1.62,1.9800000000000002,PASS,False
tt_10_to_01,recovery,N3,end_level_v,1.800397413068094,1.62,1.9800000000000002,PASS,False
tt_10_to_01,final_precharge,DEC0,settled_max_v,0.0006531651176773978,,0.18000000000000002,PASS,False
tt_10_to_01,final_precharge,DEC0,settled_min_v,3.569565713308638e-05,-0.18000000000000002,,PASS,False
tt_10_to_01,final_precharge,DEC1,settled_max_v,0.0013568849250362668,,0.18000000000000002,PASS,False
tt_10_to_01,final_precharge,DEC1,settled_min_v,9.706127625727667e-06,-0.18000000000000002,,PASS,False
tt_10_to_01,final_precharge,DEC2,settled_max_v,0.00012140581368965027,,0.18000000000000002,PASS,False
tt_10_to_01,final_precharge,DEC2,settled_min_v,8.007491260168824e-06,-0.18000000000000002,,PASS,False
tt_10_to_01,final_precharge,DEC3,settled_max_v,0.00022605344570923722,,0.18000000000000002,PASS,False
tt_10_to_01,final_precharge,DEC3,settled_min_v,8.462436260858064e-06,-0.18000000000000002,,PASS,False
tt_10_to_01,final_precharge,WL0,settled_max_v,3.063690135220573e-07,,0.18000000000000002,PASS,False
tt_10_to_01,final_precharge,WL0,settled_min_v,1.6047123887035363e-08,-0.18000000000000002,,PASS,False
tt_10_to_01,final_precharge,WL1,settled_max_v,0.00403110390096665,,0.18000000000000002,PASS,False
tt_10_to_01,final_precharge,WL1,settled_min_v,2.914854569803916e-07,-0.18000000000000002,,PASS,False
tt_10_to_01,final_precharge,WL2,settled_max_v,3.0028233186857657e-07,,0.18000000000000002,PASS,False
tt_10_to_01,final_precharge,WL2,settled_min_v,9.873772360110449e-09,-0.18000000000000002,,PASS,False
tt_10_to_01,final_precharge,WL3,settled_max_v,4.6563411593812924e-07,,0.18000000000000002,PASS,False
tt_10_to_01,final_precharge,WL3,settled_min_v,2.9148229338099766e-07,-0.18000000000000002,,PASS,False
tt_10_to_01,final_precharge,N0,end_level_v,1.800072683615802,1.62,1.9800000000000002,PASS,False
tt_10_to_01,final_precharge,N1,end_level_v,1.7934654746048801,1.62,1.9800000000000002,PASS,False
tt_10_to_01,final_precharge,N2,end_level_v,1.8000758016503373,1.62,1.9800000000000002,PASS,False
tt_10_to_01,final_precharge,N3,end_level_v,1.8000992743833288,1.62,1.9800000000000002,PASS,False
tt_10_to_01,pex_recovery,N0.N0,dynamic_segment_level_v,1.8002984347133322,1.62,1.9800000000000002,PASS,False
tt_10_to_01,pex_final_precharge,N0.N0,dynamic_segment_level_v,1.800072683615802,1.62,1.9800000000000002,PASS,False
tt_10_to_01,pex_recovery,N1.N1,dynamic_segment_level_v,1.7885587535657739,1.62,1.9800000000000002,PASS,False
tt_10_to_01,pex_final_precharge,N1.N1,dynamic_segment_level_v,1.7934654746048801,1.62,1.9800000000000002,PASS,False
tt_10_to_01,pex_recovery,N2.N2,dynamic_segment_level_v,1.8002666951979165,1.62,1.9800000000000002,PASS,False
tt_10_to_01,pex_final_precharge,N2.N2,dynamic_segment_level_v,1.8000758016503373,1.62,1.9800000000000002,PASS,False
tt_10_to_01,pex_recovery,N3.N3,dynamic_segment_level_v,1.800397413068094,1.62,1.9800000000000002,PASS,False
tt_10_to_01,pex_final_precharge,N3.N3,dynamic_segment_level_v,1.8000992743833288,1.62,1.9800000000000002,PASS,False
slow_00_to_11,prime,DEC0,upper_excursion_v,1.619997962853592,,1.7820000000000003,PASS,False
slow_00_to_11,prime,DEC0,lower_excursion_v,-0.03400689361171819,-0.16200000000000003,,PASS,False
slow_00_to_11,prime,DEC0,end_level_v,1.619997962853592,1.4580000000000002,1.7820000000000003,PASS,False
slow_00_to_11,prime,DEC0,settled_min_v,1.5972605475903876,1.4580000000000002,,PASS,False
slow_00_to_11,prime,DEC1,upper_excursion_v,0.013417518563682368,,1.7820000000000003,PASS,False
slow_00_to_11,prime,DEC1,lower_excursion_v,-0.002844556034789947,-0.16200000000000003,,PASS,False
slow_00_to_11,prime,DEC1,end_level_v,-1.8664369334425754e-05,-0.16200000000000003,0.16200000000000003,PASS,False
slow_00_to_11,prime,DEC1,unselected_max_v,0.013417518563682368,,0.16200000000000003,PASS,False
slow_00_to_11,prime,DEC2,upper_excursion_v,0.006747329249174781,,1.7820000000000003,PASS,False
slow_00_to_11,prime,DEC2,lower_excursion_v,-0.0009634291849544285,-0.16200000000000003,,PASS,False
slow_00_to_11,prime,DEC2,end_level_v,-5.055571646133547e-06,-0.16200000000000003,0.16200000000000003,PASS,False
slow_00_to_11,prime,DEC2,unselected_max_v,0.006747329249174781,,0.16200000000000003,PASS,False
slow_00_to_11,prime,DEC3,upper_excursion_v,0.006543187363777986,,1.7820000000000003,PASS,False
slow_00_to_11,prime,DEC3,lower_excursion_v,-0.0011461246988513328,-0.16200000000000003,,PASS,False
slow_00_to_11,prime,DEC3,end_level_v,-2.3911338705908543e-06,-0.16200000000000003,0.16200000000000003,PASS,False
slow_00_to_11,prime,DEC3,unselected_max_v,0.006543187363777986,,0.16200000000000003,PASS,False
slow_00_to_11,prime,WL0,upper_excursion_v,1.6199999895076702,,1.7820000000000003,PASS,False
slow_00_to_11,prime,WL0,lower_excursion_v,-0.02487999574329876,-0.16200000000000003,,PASS,False
slow_00_to_11,prime,WL0,end_level_v,1.6199999895076702,1.4580000000000002,1.7820000000000003,PASS,False
slow_00_to_11,prime,WL0,settled_min_v,0.8864685822863395,1.4580000000000002,,FAIL,True
slow_00_to_11,prime,WL1,upper_excursion_v,1.0362133753433911e-05,,1.7820000000000003,PASS,False
slow_00_to_11,prime,WL1,lower_excursion_v,-1.653401604957477e-05,-0.16200000000000003,,PASS,False
slow_00_to_11,prime,WL1,end_level_v,2.3597829430830276e-09,-0.16200000000000003,0.16200000000000003,PASS,False
slow_00_to_11,prime,WL1,unselected_max_v,1.0362133753433911e-05,,0.16200000000000003,PASS,False
slow_00_to_11,prime,WL2,upper_excursion_v,1.1209180015545946e-05,,1.7820000000000003,PASS,False
slow_00_to_11,prime,WL2,lower_excursion_v,-1.6323046425576226e-05,-0.16200000000000003,,PASS,False
slow_00_to_11,prime,WL2,end_level_v,2.3767836022481293e-09,-0.16200000000000003,0.16200000000000003,PASS,False
slow_00_to_11,prime,WL2,unselected_max_v,1.1209180015545946e-05,,0.16200000000000003,PASS,False
slow_00_to_11,prime,WL3,upper_excursion_v,1.103386072685257e-05,,1.7820000000000003,PASS,False
slow_00_to_11,prime,WL3,lower_excursion_v,-1.5433438896516745e-05,-0.16200000000000003,,PASS,False
slow_00_to_11,prime,WL3,end_level_v,2.3784738309447352e-09,-0.16200000000000003,0.16200000000000003,PASS,False
slow_00_to_11,prime,WL3,unselected_max_v,1.103386072685257e-05,,0.16200000000000003,PASS,False
slow_00_to_11,test,DEC0,upper_excursion_v,0.006871192998506456,,1.7820000000000003,PASS,False
slow_00_to_11,test,DEC0,lower_excursion_v,-0.011121560200361896,-0.16200000000000003,,PASS,False
slow_00_to_11,test,DEC0,end_level_v,-1.1989573754644946e-06,-0.16200000000000003,0.16200000000000003,PASS,False
slow_00_to_11,test,DEC0,unselected_max_v,0.006871192998506456,,0.16200000000000003,PASS,False
slow_00_to_11,test,DEC1,upper_excursion_v,0.006121180975611484,,1.7820000000000003,PASS,False
slow_00_to_11,test,DEC1,lower_excursion_v,-5.1558762987721773e-05,-0.16200000000000003,,PASS,False
slow_00_to_11,test,DEC1,end_level_v,-3.6457198311495887e-06,-0.16200000000000003,0.16200000000000003,PASS,False
slow_00_to_11,test,DEC1,unselected_max_v,0.006121180975611484,,0.16200000000000003,PASS,False
slow_00_to_11,test,DEC2,upper_excursion_v,0.011995488466077692,,1.7820000000000003,PASS,False
slow_00_to_11,test,DEC2,lower_excursion_v,-0.0025173585544193133,-0.16200000000000003,,PASS,False
slow_00_to_11,test,DEC2,end_level_v,-1.4600597855740679e-05,-0.16200000000000003,0.16200000000000003,PASS,False
slow_00_to_11,test,DEC2,unselected_max_v,0.011995488466077692,,0.16200000000000003,PASS,False
slow_00_to_11,test,DEC3,upper_excursion_v,1.6199987956065538,,1.7820000000000003,PASS,False
slow_00_to_11,test,DEC3,lower_excursion_v,-0.029109898136308054,-0.16200000000000003,,PASS,False
slow_00_to_11,test,DEC3,end_level_v,1.6199987956065538,1.4580000000000002,1.7820000000000003,PASS,False
slow_00_to_11,test,DEC3,settled_min_v,1.5464767794352057,1.4580000000000002,,PASS,False
slow_00_to_11,test,WL0,upper_excursion_v,1.8163051876101016e-05,,1.7820000000000003,PASS,False
slow_00_to_11,test,WL0,lower_excursion_v,-3.910082655403924e-05,-0.16200000000000003,,PASS,False
slow_00_to_11,test,WL0,end_level_v,2.379514911495146e-09,-0.16200000000000003,0.16200000000000003,PASS,False
slow_00_to_11,test,WL0,unselected_max_v,1.8163051876101016e-05,,0.16200000000000003,PASS,False
slow_00_to_11,test,WL1,upper_excursion_v,9.428585790814426e-06,,1.7820000000000003,PASS,False
slow_00_to_11,test,WL1,lower_excursion_v,-1.5119056774192066e-05,-0.16200000000000003,,PASS,False
slow_00_to_11,test,WL1,end_level_v,2.378114345663462e-09,-0.16200000000000003,0.16200000000000003,PASS,False
slow_00_to_11,test,WL1,unselected_max_v,9.428585790814426e-06,,0.16200000000000003,PASS,False
slow_00_to_11,test,WL2,upper_excursion_v,9.80945981226719e-06,,1.7820000000000003,PASS,False
slow_00_to_11,test,WL2,lower_excursion_v,-1.4013537237868527e-05,-0.16200000000000003,,PASS,False
slow_00_to_11,test,WL2,end_level_v,2.3647179949968922e-09,-0.16200000000000003,0.16200000000000003,PASS,False
slow_00_to_11,test,WL2,unselected_max_v,9.80945981226719e-06,,0.16200000000000003,PASS,False
slow_00_to_11,test,WL3,upper_excursion_v,1.6199999895083916,,1.7820000000000003,PASS,False
slow_00_to_11,test,WL3,lower_excursion_v,-0.023733761718163892,-0.16200000000000003,,PASS,False
slow_00_to_11,test,WL3,end_level_v,1.6199999895083916,1.4580000000000002,1.7820000000000003,PASS,False
slow_00_to_11,test,WL3,settled_min_v,0.6635011450146747,1.4580000000000002,,FAIL,True
slow_00_to_11,recovery,DEC0,end_level_v,1.8408466905623567e-05,-0.16200000000000003,0.16200000000000003,PASS,False
slow_00_to_11,recovery,DEC0,settled_max_v,0.9519021292408408,,0.16200000000000003,FAIL,False
slow_00_to_11,recovery,DEC1,end_level_v,4.64884601348308e-06,-0.16200000000000003,0.16200000000000003,PASS,False
slow_00_to_11,recovery,DEC1,settled_max_v,0.00808036547234238,,0.16200000000000003,PASS,False
slow_00_to_11,recovery,DEC2,end_level_v,4.330339418278032e-06,-0.16200000000000003,0.16200000000000003,PASS,False
slow_00_to_11,recovery,DEC2,settled_max_v,0.008561901278588153,,0.16200000000000003,PASS,False
slow_00_to_11,recovery,DEC3,end_level_v,1.2782323317492276e-05,-0.16200000000000003,0.16200000000000003,PASS,False
slow_00_to_11,recovery,DEC3,settled_max_v,0.008795723806553152,,0.16200000000000003,PASS,False
slow_00_to_11,recovery,WL0,end_level_v,2.364077874483249e-09,-0.16200000000000003,0.16200000000000003,PASS,False
slow_00_to_11,recovery,WL0,settled_max_v,1.6480695146772897,,0.16200000000000003,FAIL,False
slow_00_to_11,recovery,WL1,end_level_v,2.4512897664449826e-09,-0.16200000000000003,0.16200000000000003,PASS,False
slow_00_to_11,recovery,WL1,settled_max_v,1.981340521088075e-05,,0.16200000000000003,PASS,False
slow_00_to_11,recovery,WL2,end_level_v,2.360757006437239e-09,-0.16200000000000003,0.16200000000000003,PASS,False
slow_00_to_11,recovery,WL2,settled_max_v,1.937877311223345e-05,,0.16200000000000003,PASS,False
slow_00_to_11,recovery,WL3,end_level_v,2.7185313911711805e-09,-0.16200000000000003,0.16200000000000003,PASS,False
slow_00_to_11,recovery,WL3,settled_max_v,1.8153596947218325e-05,,0.16200000000000003,PASS,False
slow_00_to_11,recovery,N0,end_level_v,1.62003472414975,1.4580000000000002,1.7820000000000003,PASS,False
slow_00_to_11,recovery,N1,end_level_v,1.6199984930234015,1.4580000000000002,1.7820000000000003,PASS,False
slow_00_to_11,recovery,N2,end_level_v,1.6202021100352946,1.4580000000000002,1.7820000000000003,PASS,False
slow_00_to_11,recovery,N3,end_level_v,1.6131770893283421,1.4580000000000002,1.7820000000000003,PASS,False
slow_00_to_11,final_precharge,DEC0,settled_max_v,0.002951735388163325,,0.16200000000000003,PASS,False
slow_00_to_11,final_precharge,DEC0,settled_min_v,3.0487558123348862e-05,-0.16200000000000003,,PASS,False
slow_00_to_11,final_precharge,DEC1,settled_max_v,0.003939517559416017,,0.16200000000000003,PASS,False
slow_00_to_11,final_precharge,DEC1,settled_min_v,5.998061280737556e-06,-0.16200000000000003,,PASS,False
slow_00_to_11,final_precharge,DEC2,settled_max_v,0.00013558733512238075,,0.16200000000000003,PASS,False
slow_00_to_11,final_precharge,DEC2,settled_min_v,-0.006688043965174854,-0.16200000000000003,,PASS,False
slow_00_to_11,final_precharge,DEC3,settled_max_v,1.1517270235317807,,0.16200000000000003,FAIL,False
slow_00_to_11,final_precharge,DEC3,settled_min_v,9.195213799204095e-06,-0.16200000000000003,,PASS,False
slow_00_to_11,final_precharge,WL0,settled_max_v,6.958208242280074e-07,,0.16200000000000003,PASS,False
slow_00_to_11,final_precharge,WL0,settled_min_v,-1.507436150921435e-06,-0.16200000000000003,,PASS,False
slow_00_to_11,final_precharge,WL1,settled_max_v,1.0752990004221003e-06,,0.16200000000000003,PASS,False
slow_00_to_11,final_precharge,WL1,settled_min_v,-2.3324799497152754e-06,-0.16200000000000003,,PASS,False
slow_00_to_11,final_precharge,WL2,settled_max_v,4.998627841979412e-06,,0.16200000000000003,PASS,False
slow_00_to_11,final_precharge,WL2,settled_min_v,-2.470082857120945e-06,-0.16200000000000003,,PASS,False
slow_00_to_11,final_precharge,WL3,settled_max_v,1.6479467172986348,,0.16200000000000003,FAIL,False
slow_00_to_11,final_precharge,WL3,settled_min_v,2.3920743518322767e-09,-0.16200000000000003,,PASS,False
slow_00_to_11,final_precharge,N0,end_level_v,1.6200422568476969,1.4580000000000002,1.7820000000000003,PASS,False
slow_00_to_11,final_precharge,N1,end_level_v,1.6200489204029391,1.4580000000000002,1.7820000000000003,PASS,False
slow_00_to_11,final_precharge,N2,end_level_v,1.6201042815641304,1.4580000000000002,1.7820000000000003,PASS,False
slow_00_to_11,final_precharge,N3,end_level_v,1.6124870324939748,1.4580000000000002,1.7820000000000003,PASS,False
slow_00_to_11,pex_recovery,N0.N0,dynamic_segment_level_v,1.62003472414975,1.4580000000000002,1.7820000000000003,PASS,False
slow_00_to_11,pex_final_precharge,N0.N0,dynamic_segment_level_v,1.6200422568476969,1.4580000000000002,1.7820000000000003,PASS,False
slow_00_to_11,pex_recovery,N1.N1,dynamic_segment_level_v,1.6199984930234015,1.4580000000000002,1.7820000000000003,PASS,False
slow_00_to_11,pex_final_precharge,N1.N1,dynamic_segment_level_v,1.6200489204029391,1.4580000000000002,1.7820000000000003,PASS,False
slow_00_to_11,pex_recovery,N2.N2,dynamic_segment_level_v,1.6202021100352946,1.4580000000000002,1.7820000000000003,PASS,False
slow_00_to_11,pex_final_precharge,N2.N2,dynamic_segment_level_v,1.6201042815641304,1.4580000000000002,1.7820000000000003,PASS,False
slow_00_to_11,pex_recovery,N3.N3,dynamic_segment_level_v,1.6131770893283421,1.4580000000000002,1.7820000000000003,PASS,False
slow_00_to_11,pex_final_precharge,N3.N3,dynamic_segment_level_v,1.6124870324939748,1.4580000000000002,1.7820000000000003,PASS,False
slow_11_to_00,prime,DEC0,upper_excursion_v,0.006876882222966521,,1.7820000000000003,PASS,False
slow_11_to_00,prime,DEC0,lower_excursion_v,-0.010347395903137782,-0.16200000000000003,,PASS,False
slow_11_to_00,prime,DEC0,end_level_v,-1.2156774238519803e-06,-0.16200000000000003,0.16200000000000003,PASS,False
slow_11_to_00,prime,DEC0,unselected_max_v,0.006876882222966521,,0.16200000000000003,PASS,False
slow_11_to_00,prime,DEC1,upper_excursion_v,0.006119805856873148,,1.7820000000000003,PASS,False
slow_11_to_00,prime,DEC1,lower_excursion_v,-0.00016674641670816337,-0.16200000000000003,,PASS,False
slow_11_to_00,prime,DEC1,end_level_v,-3.6468949983076166e-06,-0.16200000000000003,0.16200000000000003,PASS,False
slow_11_to_00,prime,DEC1,unselected_max_v,0.006119805856873148,,0.16200000000000003,PASS,False
slow_11_to_00,prime,DEC2,upper_excursion_v,0.011905443058421051,,1.7820000000000003,PASS,False
slow_11_to_00,prime,DEC2,lower_excursion_v,-0.002704478579860052,-0.16200000000000003,,PASS,False
slow_11_to_00,prime,DEC2,end_level_v,-1.654706278294423e-05,-0.16200000000000003,0.16200000000000003,PASS,False
slow_11_to_00,prime,DEC2,unselected_max_v,0.011905443058421051,,0.16200000000000003,PASS,False
slow_11_to_00,prime,DEC3,upper_excursion_v,1.6199987885578704,,1.7820000000000003,PASS,False
slow_11_to_00,prime,DEC3,lower_excursion_v,-0.029765843301031353,-0.16200000000000003,,PASS,False
slow_11_to_00,prime,DEC3,end_level_v,1.6199987885578704,1.4580000000000002,1.7820000000000003,PASS,False
slow_11_to_00,prime,DEC3,settled_min_v,1.5566538956911826,1.4580000000000002,,PASS,False
slow_11_to_00,prime,WL0,upper_excursion_v,1.7435849815706935e-05,,1.7820000000000003,PASS,False
slow_11_to_00,prime,WL0,lower_excursion_v,-3.836729042736877e-05,-0.16200000000000003,,PASS,False
slow_11_to_00,prime,WL0,end_level_v,2.379532058196563e-09,-0.16200000000000003,0.16200000000000003,PASS,False
slow_11_to_00,prime,WL0,unselected_max_v,1.7435849815706935e-05,,0.16200000000000003,PASS,False
slow_11_to_00,prime,WL1,upper_excursion_v,9.423874133705383e-06,,1.7820000000000003,PASS,False
slow_11_to_00,prime,WL1,lower_excursion_v,-1.5089729571263097e-05,-0.16200000000000003,,PASS,False
slow_11_to_00,prime,WL1,end_level_v,2.378164592438196e-09,-0.16200000000000003,0.16200000000000003,PASS,False
slow_11_to_00,prime,WL1,unselected_max_v,9.423874133705383e-06,,0.16200000000000003,PASS,False
slow_11_to_00,prime,WL2,upper_excursion_v,9.799165707427428e-06,,1.7820000000000003,PASS,False
slow_11_to_00,prime,WL2,lower_excursion_v,-1.4047937212237674e-05,-0.16200000000000003,,PASS,False
slow_11_to_00,prime,WL2,end_level_v,2.3653128314635852e-09,-0.16200000000000003,0.16200000000000003,PASS,False
slow_11_to_00,prime,WL2,unselected_max_v,9.799165707427428e-06,,0.16200000000000003,PASS,False
slow_11_to_00,prime,WL3,upper_excursion_v,1.619999989508399,,1.7820000000000003,PASS,False
slow_11_to_00,prime,WL3,lower_excursion_v,-0.023868052992438906,-0.16200000000000003,,PASS,False
slow_11_to_00,prime,WL3,end_level_v,1.619999989508399,1.4580000000000002,1.7820000000000003,PASS,False
slow_11_to_00,prime,WL3,settled_min_v,0.720531890316126,1.4580000000000002,,FAIL,True
slow_11_to_00,test,DEC0,upper_excursion_v,1.6200004047345207,,1.7820000000000003,PASS,False
slow_11_to_00,test,DEC0,lower_excursion_v,-0.03374761614277648,-0.16200000000000003,,PASS,False
slow_11_to_00,test,DEC0,end_level_v,1.6200004047345207,1.4580000000000002,1.7820000000000003,PASS,False
slow_11_to_00,test,DEC0,settled_min_v,1.5906515528208292,1.4580000000000002,,PASS,False
slow_11_to_00,test,DEC1,upper_excursion_v,0.015417412279231976,,1.7820000000000003,PASS,False
slow_11_to_00,test,DEC1,lower_excursion_v,-0.0030241527359205905,-0.16200000000000003,,PASS,False
slow_11_to_00,test,DEC1,end_level_v,0.0004689665515644751,-0.16200000000000003,0.16200000000000003,PASS,False
slow_11_to_00,test,DEC1,unselected_max_v,0.015417412279231976,,0.16200000000000003,PASS,False
slow_11_to_00,test,DEC2,upper_excursion_v,0.00685237299444702,,1.7820000000000003,PASS,False
slow_11_to_00,test,DEC2,lower_excursion_v,-0.0009232299333027869,-0.16200000000000003,,PASS,False
slow_11_to_00,test,DEC2,end_level_v,-1.3146118256202127e-06,-0.16200000000000003,0.16200000000000003,PASS,False
slow_11_to_00,test,DEC2,unselected_max_v,0.00685237299444702,,0.16200000000000003,PASS,False
slow_11_to_00,test,DEC3,upper_excursion_v,0.006680763538039945,,1.7820000000000003,PASS,False
slow_11_to_00,test,DEC3,lower_excursion_v,-0.0009662139106612899,-0.16200000000000003,,PASS,False
slow_11_to_00,test,DEC3,end_level_v,9.520433704012593e-07,-0.16200000000000003,0.16200000000000003,PASS,False
slow_11_to_00,test,DEC3,unselected_max_v,0.006680763538039945,,0.16200000000000003,PASS,False
slow_11_to_00,test,WL0,upper_excursion_v,1.6199999895074997,,1.7820000000000003,PASS,False
slow_11_to_00,test,WL0,lower_excursion_v,-0.02490483072891756,-0.16200000000000003,,PASS,False
slow_11_to_00,test,WL0,end_level_v,1.6199999895074997,1.4580000000000002,1.7820000000000003,PASS,False
slow_11_to_00,test,WL0,settled_min_v,0.8119647714819817,1.4580000000000002,,FAIL,True
slow_11_to_00,test,WL1,upper_excursion_v,1.0422137967017188e-05,,1.7820000000000003,PASS,False
slow_11_to_00,test,WL1,lower_excursion_v,-1.6543974708425253e-05,-0.16200000000000003,,PASS,False
slow_11_to_00,test,WL1,end_level_v,2.443250137659351e-09,-0.16200000000000003,0.16200000000000003,PASS,False
slow_11_to_00,test,WL1,unselected_max_v,1.0422137967017188e-05,,0.16200000000000003,PASS,False
slow_11_to_00,test,WL2,upper_excursion_v,1.12552193667428e-05,,1.7820000000000003,PASS,False
slow_11_to_00,test,WL2,lower_excursion_v,-1.6262565784184712e-05,-0.16200000000000003,,PASS,False
slow_11_to_00,test,WL2,end_level_v,2.376362261906401e-09,-0.16200000000000003,0.16200000000000003,PASS,False
slow_11_to_00,test,WL2,unselected_max_v,1.12552193667428e-05,,0.16200000000000003,PASS,False
slow_11_to_00,test,WL3,upper_excursion_v,1.1080762870428665e-05,,1.7820000000000003,PASS,False
slow_11_to_00,test,WL3,lower_excursion_v,-1.5268730345822546e-05,-0.16200000000000003,,PASS,False
slow_11_to_00,test,WL3,end_level_v,2.3782379292901292e-09,-0.16200000000000003,0.16200000000000003,PASS,False
slow_11_to_00,test,WL3,unselected_max_v,1.1080762870428665e-05,,0.16200000000000003,PASS,False
slow_11_to_00,recovery,DEC0,end_level_v,9.37689388113772e-05,-0.16200000000000003,0.16200000000000003,PASS,False
slow_11_to_00,recovery,DEC0,settled_max_v,0.0029518838336899667,,0.16200000000000003,PASS,False
slow_11_to_00,recovery,DEC1,end_level_v,7.126441647551507e-05,-0.16200000000000003,0.16200000000000003,PASS,False
slow_11_to_00,recovery,DEC1,settled_max_v,0.003939877975995321,,0.16200000000000003,PASS,False
slow_11_to_00,recovery,DEC2,end_level_v,9.801466794221587e-05,-0.16200000000000003,0.16200000000000003,PASS,False
slow_11_to_00,recovery,DEC2,settled_max_v,0.0030358394150147086,,0.16200000000000003,PASS,False
slow_11_to_00,recovery,DEC3,end_level_v,0.00011581932024812489,-0.16200000000000003,0.16200000000000003,PASS,False
slow_11_to_00,recovery,DEC3,settled_max_v,1.1544586623455242,,0.16200000000000003,FAIL,False
slow_11_to_00,recovery,WL0,end_level_v,8.602862423386067e-09,-0.16200000000000003,0.16200000000000003,PASS,False
slow_11_to_00,recovery,WL0,settled_max_v,3.127984711946417e-05,,0.16200000000000003,PASS,False
slow_11_to_00,recovery,WL1,end_level_v,6.3871743330502906e-09,-0.16200000000000003,0.16200000000000003,PASS,False
slow_11_to_00,recovery,WL1,settled_max_v,2.6263964627202852e-05,,0.16200000000000003,PASS,False
slow_11_to_00,recovery,WL2,end_level_v,7.208542302010882e-09,-0.16200000000000003,0.16200000000000003,PASS,False
slow_11_to_00,recovery,WL2,settled_max_v,2.4530421786501183e-05,,0.16200000000000003,PASS,False
slow_11_to_00,recovery,WL3,end_level_v,7.790999686786068e-09,-0.16200000000000003,0.16200000000000003,PASS,False
slow_11_to_00,recovery,WL3,settled_max_v,1.647905324014316,,0.16200000000000003,FAIL,False
slow_11_to_00,recovery,N0,end_level_v,1.6176932215422428,1.4580000000000002,1.7820000000000003,PASS,False
slow_11_to_00,recovery,N1,end_level_v,1.6209132150183314,1.4580000000000002,1.7820000000000003,PASS,False
slow_11_to_00,recovery,N2,end_level_v,1.6203431129863228,1.4580000000000002,1.7820000000000003,PASS,False
slow_11_to_00,recovery,N3,end_level_v,1.6223991355062939,1.4580000000000002,1.7820000000000003,PASS,False
slow_11_to_00,final_precharge,DEC0,settled_max_v,0.9116731821681268,,0.16200000000000003,FAIL,False
slow_11_to_00,final_precharge,DEC0,settled_min_v,3.323408924167666e-05,-0.16200000000000003,,PASS,False
slow_11_to_00,final_precharge,DEC1,settled_max_v,0.0002500492346206723,,0.16200000000000003,PASS,False
slow_11_to_00,final_precharge,DEC1,settled_min_v,-0.010929461535947385,-0.16200000000000003,,PASS,False
slow_11_to_00,final_precharge,DEC2,settled_max_v,0.0016835935244291986,,0.16200000000000003,PASS,False
slow_11_to_00,final_precharge,DEC2,settled_min_v,8.21606234341356e-06,-0.16200000000000003,,PASS,False
slow_11_to_00,final_precharge,DEC3,settled_max_v,0.0016768287500697303,,0.16200000000000003,PASS,False
slow_11_to_00,final_precharge,DEC3,settled_min_v,8.866845416885557e-06,-0.16200000000000003,,PASS,False
slow_11_to_00,final_precharge,WL0,settled_max_v,1.6478567112320033,,0.16200000000000003,FAIL,False
slow_11_to_00,final_precharge,WL0,settled_min_v,2.4112834472720715e-09,-0.16200000000000003,,PASS,False
slow_11_to_00,final_precharge,WL1,settled_max_v,8.660917263075545e-06,,0.16200000000000003,PASS,False
slow_11_to_00,final_precharge,WL1,settled_min_v,-4.295388985800091e-06,-0.16200000000000003,,PASS,False
slow_11_to_00,final_precharge,WL2,settled_max_v,3.00871817685628e-07,,0.16200000000000003,PASS,False
slow_11_to_00,final_precharge,WL2,settled_min_v,-7.099198165571745e-07,-0.16200000000000003,,PASS,False
slow_11_to_00,final_precharge,WL3,settled_max_v,2.8115131016600653e-07,,0.16200000000000003,PASS,False
slow_11_to_00,final_precharge,WL3,settled_min_v,-7.298462320882392e-07,-0.16200000000000003,,PASS,False
slow_11_to_00,final_precharge,N0,end_level_v,1.6132222029498668,1.4580000000000002,1.7820000000000003,PASS,False
slow_11_to_00,final_precharge,N1,end_level_v,1.6200960384997616,1.4580000000000002,1.7820000000000003,PASS,False
slow_11_to_00,final_precharge,N2,end_level_v,1.6200437218337003,1.4580000000000002,1.7820000000000003,PASS,False
slow_11_to_00,final_precharge,N3,end_level_v,1.620348483602951,1.4580000000000002,1.7820000000000003,PASS,False
slow_11_to_00,pex_recovery,N0.N0,dynamic_segment_level_v,1.6176932215422428,1.4580000000000002,1.7820000000000003,PASS,False
slow_11_to_00,pex_final_precharge,N0.N0,dynamic_segment_level_v,1.6132222029498668,1.4580000000000002,1.7820000000000003,PASS,False
slow_11_to_00,pex_recovery,N1.N1,dynamic_segment_level_v,1.6209132150183314,1.4580000000000002,1.7820000000000003,PASS,False
slow_11_to_00,pex_final_precharge,N1.N1,dynamic_segment_level_v,1.6200960384997616,1.4580000000000002,1.7820000000000003,PASS,False
slow_11_to_00,pex_recovery,N2.N2,dynamic_segment_level_v,1.6203431129863228,1.4580000000000002,1.7820000000000003,PASS,False
slow_11_to_00,pex_final_precharge,N2.N2,dynamic_segment_level_v,1.6200437218337003,1.4580000000000002,1.7820000000000003,PASS,False
slow_11_to_00,pex_recovery,N3.N3,dynamic_segment_level_v,1.6223991355062939,1.4580000000000002,1.7820000000000003,PASS,False
slow_11_to_00,pex_final_precharge,N3.N3,dynamic_segment_level_v,1.620348483602951,1.4580000000000002,1.7820000000000003,PASS,False
slow_01_to_10,prime,DEC0,upper_excursion_v,0.01193668476002634,,1.7820000000000003,PASS,False
slow_01_to_10,prime,DEC0,lower_excursion_v,-0.010008203830428164,-0.16200000000000003,,PASS,False
slow_01_to_10,prime,DEC0,end_level_v,-1.8758747508975863e-05,-0.16200000000000003,0.16200000000000003,PASS,False
slow_01_to_10,prime,DEC0,unselected_max_v,0.01193668476002634,,0.16200000000000003,PASS,False
slow_01_to_10,prime,DEC1,upper_excursion_v,1.620002960702725,,1.7820000000000003,PASS,False
slow_01_to_10,prime,DEC1,lower_excursion_v,-0.031846658313437436,-0.16200000000000003,,PASS,False
slow_01_to_10,prime,DEC1,end_level_v,1.6200005969585265,1.4580000000000002,1.7820000000000003,PASS,False
slow_01_to_10,prime,DEC1,settled_min_v,1.59654438248791,1.4580000000000002,,PASS,False
slow_01_to_10,prime,DEC2,upper_excursion_v,0.01268847468025314,,1.7820000000000003,PASS,False
slow_01_to_10,prime,DEC2,lower_excursion_v,-0.0026641070242994225,-0.16200000000000003,,PASS,False
slow_01_to_10,prime,DEC2,end_level_v,-4.3525685488105605e-07,-0.16200000000000003,0.16200000000000003,PASS,False
slow_01_to_10,prime,DEC2,unselected_max_v,0.01268847468025314,,0.16200000000000003,PASS,False
slow_01_to_10,prime,DEC3,upper_excursion_v,0.006313250011944296,,1.7820000000000003,PASS,False
slow_01_to_10,prime,DEC3,lower_excursion_v,-0.0006740049663350924,-0.16200000000000003,,PASS,False
slow_01_to_10,prime,DEC3,end_level_v,7.678446994499061e-07,-0.16200000000000003,0.16200000000000003,PASS,False
slow_01_to_10,prime,DEC3,unselected_max_v,0.006313250011944296,,0.16200000000000003,PASS,False
slow_01_to_10,prime,WL0,upper_excursion_v,1.656328458778894e-05,,1.7820000000000003,PASS,False
slow_01_to_10,prime,WL0,lower_excursion_v,-3.776925942709334e-05,-0.16200000000000003,,PASS,False
slow_01_to_10,prime,WL0,end_level_v,2.368892947208527e-09,-0.16200000000000003,0.16200000000000003,PASS,False
slow_01_to_10,prime,WL0,unselected_max_v,1.656328458778894e-05,,0.16200000000000003,PASS,False
slow_01_to_10,prime,WL1,upper_excursion_v,1.6199999895098567,,1.7820000000000003,PASS,False
slow_01_to_10,prime,WL1,lower_excursion_v,-0.02480308927175448,-0.16200000000000003,,PASS,False
slow_01_to_10,prime,WL1,end_level_v,1.6199999895097643,1.4580000000000002,1.7820000000000003,PASS,False
slow_01_to_10,prime,WL1,settled_min_v,0.8933980504228507,1.4580000000000002,,FAIL,True
slow_01_to_10,prime,WL2,upper_excursion_v,1.0663890635791156e-05,,1.7820000000000003,PASS,False
slow_01_to_10,prime,WL2,lower_excursion_v,-1.494146856117343e-05,-0.16200000000000003,,PASS,False
slow_01_to_10,prime,WL2,end_level_v,2.3799641750660506e-09,-0.16200000000000003,0.16200000000000003,PASS,False
slow_01_to_10,prime,WL2,unselected_max_v,1.0663890635791156e-05,,0.16200000000000003,PASS,False
slow_01_to_10,prime,WL3,upper_excursion_v,1.042683892377032e-05,,1.7820000000000003,PASS,False
slow_01_to_10,prime,WL3,lower_excursion_v,-1.3417057828249063e-05,-0.16200000000000003,,PASS,False
slow_01_to_10,prime,WL3,end_level_v,2.380783950175218e-09,-0.16200000000000003,0.16200000000000003,PASS,False
slow_01_to_10,prime,WL3,unselected_max_v,1.042683892377032e-05,,0.16200000000000003,PASS,False
slow_01_to_10,test,DEC0,upper_excursion_v,0.006994695905881067,,1.7820000000000003,PASS,False
slow_01_to_10,test,DEC0,lower_excursion_v,-0.010628981930375467,-0.16200000000000003,,PASS,False
slow_01_to_10,test,DEC0,end_level_v,2.6551329824486774e-06,-0.16200000000000003,0.16200000000000003,PASS,False
slow_01_to_10,test,DEC0,unselected_max_v,0.006994695905881067,,0.16200000000000003,PASS,False
slow_01_to_10,test,DEC1,upper_excursion_v,0.011944473552491147,,1.7820000000000003,PASS,False
slow_01_to_10,test,DEC1,lower_excursion_v,-0.0024593103902405405,-0.16200000000000003,,PASS,False
slow_01_to_10,test,DEC1,end_level_v,4.3968993474613395e-06,-0.16200000000000003,0.16200000000000003,PASS,False
slow_01_to_10,test,DEC1,unselected_max_v,0.011944473552491147,,0.16200000000000003,PASS,False
slow_01_to_10,test,DEC2,upper_excursion_v,1.6200052686300235,,1.7820000000000003,PASS,False
slow_01_to_10,test,DEC2,lower_excursion_v,-0.030853938719559784,-0.16200000000000003,,PASS,False
slow_01_to_10,test,DEC2,end_level_v,1.6200052686300235,1.4580000000000002,1.7820000000000003,PASS,False
slow_01_to_10,test,DEC2,settled_min_v,1.580694747633691,1.4580000000000002,,PASS,False
slow_01_to_10,test,DEC3,upper_excursion_v,0.02049111862258246,,1.7820000000000003,PASS,False
slow_01_to_10,test,DEC3,lower_excursion_v,-0.0037794012177594823,-0.16200000000000003,,PASS,False
slow_01_to_10,test,DEC3,end_level_v,0.0012856934384578142,-0.16200000000000003,0.16200000000000003,PASS,False
slow_01_to_10,test,DEC3,unselected_max_v,0.02049111862258246,,0.16200000000000003,PASS,False
slow_01_to_10,test,WL0,upper_excursion_v,1.6860875695691695e-05,,1.7820000000000003,PASS,False
slow_01_to_10,test,WL0,lower_excursion_v,-3.848396312021588e-05,-0.16200000000000003,,PASS,False
slow_01_to_10,test,WL0,end_level_v,2.3794330465661703e-09,-0.16200000000000003,0.16200000000000003,PASS,False
slow_01_to_10,test,WL0,unselected_max_v,1.6860875695691695e-05,,0.16200000000000003,PASS,False
slow_01_to_10,test,WL1,upper_excursion_v,9.910021678009553e-06,,1.7820000000000003,PASS,False
slow_01_to_10,test,WL1,lower_excursion_v,-1.6195207200041426e-05,-0.16200000000000003,,PASS,False
slow_01_to_10,test,WL1,end_level_v,2.379153519609875e-09,-0.16200000000000003,0.16200000000000003,PASS,False
slow_01_to_10,test,WL1,unselected_max_v,9.910021678009553e-06,,0.16200000000000003,PASS,False
slow_01_to_10,test,WL2,upper_excursion_v,1.6199999895082033,,1.7820000000000003,PASS,False
slow_01_to_10,test,WL2,lower_excursion_v,-0.024406851679846606,-0.16200000000000003,,PASS,False
slow_01_to_10,test,WL2,end_level_v,1.6199999895082033,1.4580000000000002,1.7820000000000003,PASS,False
slow_01_to_10,test,WL2,settled_min_v,0.808493046656995,1.4580000000000002,,FAIL,True
slow_01_to_10,test,WL3,upper_excursion_v,1.0158205536585263e-05,,1.7820000000000003,PASS,False
slow_01_to_10,test,WL3,lower_excursion_v,-1.4316578882600082e-05,-0.16200000000000003,,PASS,False
slow_01_to_10,test,WL3,end_level_v,2.841054530095103e-09,-0.16200000000000003,0.16200000000000003,PASS,False
slow_01_to_10,test,WL3,unselected_max_v,1.0158205536585263e-05,,0.16200000000000003,PASS,False
slow_01_to_10,recovery,DEC0,end_level_v,8.474007547785697e-05,-0.16200000000000003,0.16200000000000003,PASS,False
slow_01_to_10,recovery,DEC0,settled_max_v,0.0019393737292853278,,0.16200000000000003,PASS,False
slow_01_to_10,recovery,DEC1,end_level_v,4.148893658282191e-05,-0.16200000000000003,0.16200000000000003,PASS,False
slow_01_to_10,recovery,DEC1,settled_max_v,1.1792449653779762,,0.16200000000000003,FAIL,False
slow_01_to_10,recovery,DEC2,end_level_v,6.02178237900874e-05,-0.16200000000000003,0.16200000000000003,PASS,False
slow_01_to_10,recovery,DEC2,settled_max_v,0.0025907394121044633,,0.16200000000000003,PASS,False
slow_01_to_10,recovery,DEC3,end_level_v,5.286767422977067e-05,-0.16200000000000003,0.16200000000000003,PASS,False
slow_01_to_10,recovery,DEC3,settled_max_v,0.00322482800364135,,0.16200000000000003,PASS,False
slow_01_to_10,recovery,WL0,end_level_v,4.32262754478183e-09,-0.16200000000000003,0.16200000000000003,PASS,False
slow_01_to_10,recovery,WL0,settled_max_v,9.274096272141036e-06,,0.16200000000000003,PASS,False
slow_01_to_10,recovery,WL1,end_level_v,3.6201289739187133e-09,-0.16200000000000003,0.16200000000000003,PASS,False
slow_01_to_10,recovery,WL1,settled_max_v,1.647879355432427,,0.16200000000000003,FAIL,False
slow_01_to_10,recovery,WL2,end_level_v,4.462875504496092e-09,-0.16200000000000003,0.16200000000000003,PASS,False
slow_01_to_10,recovery,WL2,settled_max_v,8.224694474724607e-06,,0.16200000000000003,PASS,False
slow_01_to_10,recovery,WL3,end_level_v,4.001856616858564e-09,-0.16200000000000003,0.16200000000000003,PASS,False
slow_01_to_10,recovery,WL3,settled_max_v,3.1272216991215928e-06,,0.16200000000000003,PASS,False
slow_01_to_10,recovery,N0,end_level_v,1.6202769079452661,1.4580000000000002,1.7820000000000003,PASS,False
slow_01_to_10,recovery,N1,end_level_v,1.6206180002572468,1.4580000000000002,1.7820000000000003,PASS,False
slow_01_to_10,recovery,N2,end_level_v,1.6137115673629325,1.4580000000000002,1.7820000000000003,PASS,False
slow_01_to_10,recovery,N3,end_level_v,1.6192124462918132,1.4580000000000002,1.7820000000000003,PASS,False
slow_01_to_10,final_precharge,DEC0,settled_max_v,0.0023073172995831115,,0.16200000000000003,PASS,False
slow_01_to_10,final_precharge,DEC0,settled_min_v,2.890642495587131e-05,-0.16200000000000003,,PASS,False
slow_01_to_10,final_precharge,DEC1,settled_max_v,9.441494370790449e-05,,0.16200000000000003,PASS,False
slow_01_to_10,final_precharge,DEC1,settled_min_v,-0.009462179377481936,-0.16200000000000003,,PASS,False
slow_01_to_10,final_precharge,DEC2,settled_max_v,0.4752572135378963,,0.16200000000000003,FAIL,False
slow_01_to_10,final_precharge,DEC2,settled_min_v,9.168171712564699e-06,-0.16200000000000003,,PASS,False
slow_01_to_10,final_precharge,DEC3,settled_max_v,0.00013582899681160998,,0.16200000000000003,PASS,False
slow_01_to_10,final_precharge,DEC3,settled_min_v,-0.00831181717721182,-0.16200000000000003,,PASS,False
slow_01_to_10,final_precharge,WL0,settled_max_v,4.528046139572794e-07,,0.16200000000000003,PASS,False
slow_01_to_10,final_precharge,WL0,settled_min_v,-9.934651224281226e-07,-0.16200000000000003,,PASS,False
slow_01_to_10,final_precharge,WL1,settled_max_v,7.4560610704320004e-06,,0.16200000000000003,PASS,False
slow_01_to_10,final_precharge,WL1,settled_min_v,-3.5925659436602172e-06,-0.16200000000000003,,PASS,False
slow_01_to_10,final_precharge,WL2,settled_max_v,1.647879079945584,,0.16200000000000003,FAIL,False
slow_01_to_10,final_precharge,WL2,settled_min_v,2.3906079172339346e-09,-0.16200000000000003,,PASS,False
slow_01_to_10,final_precharge,WL3,settled_max_v,6.430813104454028e-06,,0.16200000000000003,PASS,False
slow_01_to_10,final_precharge,WL3,settled_min_v,-3.114225853117471e-06,-0.16200000000000003,,PASS,False
slow_01_to_10,final_precharge,N0,end_level_v,1.6200433059390358,1.4580000000000002,1.7820000000000003,PASS,False
slow_01_to_10,final_precharge,N1,end_level_v,1.6200907045153587,1.4580000000000002,1.7820000000000003,PASS,False
slow_01_to_10,final_precharge,N2,end_level_v,1.6135494705144668,1.4580000000000002,1.7820000000000003,PASS,False
slow_01_to_10,final_precharge,N3,end_level_v,1.620385201228104,1.4580000000000002,1.7820000000000003,PASS,False
slow_01_to_10,pex_recovery,N0.N0,dynamic_segment_level_v,1.6202769079452661,1.4580000000000002,1.7820000000000003,PASS,False
slow_01_to_10,pex_final_precharge,N0.N0,dynamic_segment_level_v,1.6200433059390358,1.4580000000000002,1.7820000000000003,PASS,False
slow_01_to_10,pex_recovery,N1.N1,dynamic_segment_level_v,1.6206180002572468,1.4580000000000002,1.7820000000000003,PASS,False
slow_01_to_10,pex_final_precharge,N1.N1,dynamic_segment_level_v,1.6200907045153587,1.4580000000000002,1.7820000000000003,PASS,False
slow_01_to_10,pex_recovery,N2.N2,dynamic_segment_level_v,1.6137115673629325,1.4580000000000002,1.7820000000000003,PASS,False
slow_01_to_10,pex_final_precharge,N2.N2,dynamic_segment_level_v,1.6135494705144668,1.4580000000000002,1.7820000000000003,PASS,False
slow_01_to_10,pex_recovery,N3.N3,dynamic_segment_level_v,1.6192124462918132,1.4580000000000002,1.7820000000000003,PASS,False
slow_01_to_10,pex_final_precharge,N3.N3,dynamic_segment_level_v,1.620385201228104,1.4580000000000002,1.7820000000000003,PASS,False
slow_10_to_01,prime,DEC0,upper_excursion_v,0.006952056075235372,,1.7820000000000003,PASS,False
slow_10_to_01,prime,DEC0,lower_excursion_v,-0.010141475602929523,-0.16200000000000003,,PASS,False
slow_10_to_01,prime,DEC0,end_level_v,-4.4068843563227616e-07,-0.16200000000000003,0.16200000000000003,PASS,False
slow_10_to_01,prime,DEC0,unselected_max_v,0.006952056075235372,,0.16200000000000003,PASS,False
slow_10_to_01,prime,DEC1,upper_excursion_v,0.011956106769702685,,1.7820000000000003,PASS,False
slow_10_to_01,prime,DEC1,lower_excursion_v,-0.002617911069315873,-0.16200000000000003,,PASS,False
slow_10_to_01,prime,DEC1,end_level_v,-2.1560098775741562e-07,-0.16200000000000003,0.16200000000000003,PASS,False
slow_10_to_01,prime,DEC1,unselected_max_v,0.011956106769702685,,0.16200000000000003,PASS,False
slow_10_to_01,prime,DEC2,upper_excursion_v,1.619999448423622,,1.7820000000000003,PASS,False
slow_10_to_01,prime,DEC2,lower_excursion_v,-0.03170828598371737,-0.16200000000000003,,PASS,False
slow_10_to_01,prime,DEC2,end_level_v,1.619999448423622,1.4580000000000002,1.7820000000000003,PASS,False
slow_10_to_01,prime,DEC2,settled_min_v,1.5887469532216496,1.4580000000000002,,PASS,False
slow_10_to_01,prime,DEC3,upper_excursion_v,0.016991610554886103,,1.7820000000000003,PASS,False
slow_10_to_01,prime,DEC3,lower_excursion_v,-0.0035864416331052827,-0.16200000000000003,,PASS,False
slow_10_to_01,prime,DEC3,end_level_v,0.00015141524262303458,-0.16200000000000003,0.16200000000000003,PASS,False
slow_10_to_01,prime,DEC3,unselected_max_v,0.016991610554886103,,0.16200000000000003,PASS,False
slow_10_to_01,prime,WL0,upper_excursion_v,1.5706529259342507e-05,,1.7820000000000003,PASS,False
slow_10_to_01,prime,WL0,lower_excursion_v,-3.794896164573559e-05,-0.16200000000000003,,PASS,False
slow_10_to_01,prime,WL0,end_level_v,2.379484197290939e-09,-0.16200000000000003,0.16200000000000003,PASS,False
slow_10_to_01,prime,WL0,unselected_max_v,1.5706529259342507e-05,,0.16200000000000003,PASS,False
slow_10_to_01,prime,WL1,upper_excursion_v,9.882672779613864e-06,,1.7820000000000003,PASS,False
slow_10_to_01,prime,WL1,lower_excursion_v,-1.6185471911361288e-05,-0.16200000000000003,,PASS,False
slow_10_to_01,prime,WL1,end_level_v,2.379228841575761e-09,-0.16200000000000003,0.16200000000000003,PASS,False
slow_10_to_01,prime,WL1,unselected_max_v,9.882672779613864e-06,,0.16200000000000003,PASS,False
slow_10_to_01,prime,WL2,upper_excursion_v,1.619999989508524,,1.7820000000000003,PASS,False
slow_10_to_01,prime,WL2,lower_excursion_v,-0.024454520262412446,-0.16200000000000003,,PASS,False
slow_10_to_01,prime,WL2,end_level_v,1.619999989508524,1.4580000000000002,1.7820000000000003,PASS,False
slow_10_to_01,prime,WL2,settled_min_v,0.8816584799233861,1.4580000000000002,,FAIL,True
slow_10_to_01,prime,WL3,upper_excursion_v,1.0150441143149133e-05,,1.7820000000000003,PASS,False
slow_10_to_01,prime,WL3,lower_excursion_v,-1.4478730539633255e-05,-0.16200000000000003,,PASS,False
slow_10_to_01,prime,WL3,end_level_v,2.4111036243304887e-09,-0.16200000000000003,0.16200000000000003,PASS,False
slow_10_to_01,prime,WL3,unselected_max_v,1.0150441143149133e-05,,0.16200000000000003,PASS,False
slow_10_to_01,test,DEC0,upper_excursion_v,0.011700889116398992,,1.7820000000000003,PASS,False
slow_10_to_01,test,DEC0,lower_excursion_v,-0.009749266819678817,-0.16200000000000003,,PASS,False
slow_10_to_01,test,DEC0,end_level_v,-1.6676812482363117e-05,-0.16200000000000003,0.16200000000000003,PASS,False
slow_10_to_01,test,DEC0,unselected_max_v,0.011700889116398992,,0.16200000000000003,PASS,False
slow_10_to_01,test,DEC1,upper_excursion_v,1.6200023036544555,,1.7820000000000003,PASS,False
slow_10_to_01,test,DEC1,lower_excursion_v,-0.031022774071703743,-0.16200000000000003,,PASS,False
slow_10_to_01,test,DEC1,end_level_v,1.6200005593832767,1.4580000000000002,1.7820000000000003,PASS,False
slow_10_to_01,test,DEC1,settled_min_v,1.5947161809347536,1.4580000000000002,,PASS,False
slow_10_to_01,test,DEC2,upper_excursion_v,0.012697819407522666,,1.7820000000000003,PASS,False
slow_10_to_01,test,DEC2,lower_excursion_v,-0.0025007837352734423,-0.16200000000000003,,PASS,False
slow_10_to_01,test,DEC2,end_level_v,-4.2231173950235654e-07,-0.16200000000000003,0.16200000000000003,PASS,False
slow_10_to_01,test,DEC2,unselected_max_v,0.012697819407522666,,0.16200000000000003,PASS,False
slow_10_to_01,test,DEC3,upper_excursion_v,0.0063513221776403915,,1.7820000000000003,PASS,False
slow_10_to_01,test,DEC3,lower_excursion_v,-0.0005891278689059594,-0.16200000000000003,,PASS,False
slow_10_to_01,test,DEC3,end_level_v,7.366148620128842e-07,-0.16200000000000003,0.16200000000000003,PASS,False
slow_10_to_01,test,DEC3,unselected_max_v,0.0063513221776403915,,0.16200000000000003,PASS,False
slow_10_to_01,test,WL0,upper_excursion_v,1.6276771594966283e-05,,1.7820000000000003,PASS,False
slow_10_to_01,test,WL0,lower_excursion_v,-3.756347565044661e-05,-0.16200000000000003,,PASS,False
slow_10_to_01,test,WL0,end_level_v,2.3712704966127115e-09,-0.16200000000000003,0.16200000000000003,PASS,False
slow_10_to_01,test,WL0,unselected_max_v,1.6276771594966283e-05,,0.16200000000000003,PASS,False
slow_10_to_01,test,WL1,upper_excursion_v,1.619999989509723,,1.7820000000000003,PASS,False
slow_10_to_01,test,WL1,lower_excursion_v,-0.02470245433962868,-0.16200000000000003,,PASS,False
slow_10_to_01,test,WL1,end_level_v,1.6199999895096675,1.4580000000000002,1.7820000000000003,PASS,False
slow_10_to_01,test,WL1,settled_min_v,0.8717630805726667,1.4580000000000002,,FAIL,True
slow_10_to_01,test,WL2,upper_excursion_v,1.0629707991136589e-05,,1.7820000000000003,PASS,False
slow_10_to_01,test,WL2,lower_excursion_v,-1.4955056168746088e-05,-0.16200000000000003,,PASS,False
slow_10_to_01,test,WL2,end_level_v,2.38001847263998e-09,-0.16200000000000003,0.16200000000000003,PASS,False
slow_10_to_01,test,WL2,unselected_max_v,1.0629707991136589e-05,,0.16200000000000003,PASS,False
slow_10_to_01,test,WL3,upper_excursion_v,1.0385502708935141e-05,,1.7820000000000003,PASS,False
slow_10_to_01,test,WL3,lower_excursion_v,-1.341597069985097e-05,-0.16200000000000003,,PASS,False
slow_10_to_01,test,WL3,end_level_v,2.38075507656766e-09,-0.16200000000000003,0.16200000000000003,PASS,False
slow_10_to_01,test,WL3,unselected_max_v,1.0385502708935141e-05,,0.16200000000000003,PASS,False
slow_10_to_01,recovery,DEC0,end_level_v,9.766569316113302e-05,-0.16200000000000003,0.16200000000000003,PASS,False
slow_10_to_01,recovery,DEC0,settled_max_v,0.002307090586532015,,0.16200000000000003,PASS,False
slow_10_to_01,recovery,DEC1,end_level_v,6.878641889795381e-06,-0.16200000000000003,0.16200000000000003,PASS,False
slow_10_to_01,recovery,DEC1,settled_max_v,0.0018916871844805588,,0.16200000000000003,PASS,False
slow_10_to_01,recovery,DEC2,end_level_v,3.577490588535741e-05,-0.16200000000000003,0.16200000000000003,PASS,False
slow_10_to_01,recovery,DEC2,settled_max_v,0.5249844613002816,,0.16200000000000003,FAIL,False
slow_10_to_01,recovery,DEC3,end_level_v,3.8206747861769494e-05,-0.16200000000000003,0.16200000000000003,PASS,False
slow_10_to_01,recovery,DEC3,settled_max_v,0.0032981547698942675,,0.16200000000000003,PASS,False
slow_10_to_01,recovery,WL0,end_level_v,4.23856299881292e-09,-0.16200000000000003,0.16200000000000003,PASS,False
slow_10_to_01,recovery,WL0,settled_max_v,5.475613167182144e-06,,0.16200000000000003,PASS,False
slow_10_to_01,recovery,WL1,end_level_v,4.2890392714861484e-09,-0.16200000000000003,0.16200000000000003,PASS,False
slow_10_to_01,recovery,WL1,settled_max_v,7.43038367687305e-06,,0.16200000000000003,PASS,False
slow_10_to_01,recovery,WL2,end_level_v,3.416551993368113e-09,-0.16200000000000003,0.16200000000000003,PASS,False
slow_10_to_01,recovery,WL2,settled_max_v,1.6480391842902935,,0.16200000000000003,FAIL,False
slow_10_to_01,recovery,WL3,end_level_v,3.439501565658622e-09,-0.16200000000000003,0.16200000000000003,PASS,False
slow_10_to_01,recovery,WL3,settled_max_v,6.436807713901641e-06,,0.16200000000000003,PASS,False
slow_10_to_01,recovery,N0,end_level_v,1.6205143727268547,1.4580000000000002,1.7820000000000003,PASS,False
slow_10_to_01,recovery,N1,end_level_v,1.614242583275684,1.4580000000000002,1.7820000000000003,PASS,False
slow_10_to_01,recovery,N2,end_level_v,1.6196518786606424,1.4580000000000002,1.7820000000000003,PASS,False
slow_10_to_01,recovery,N3,end_level_v,1.6209931721257769,1.4580000000000002,1.7820000000000003,PASS,False
slow_10_to_01,final_precharge,DEC0,settled_max_v,0.00037014422633778465,,0.16200000000000003,PASS,False
slow_10_to_01,final_precharge,DEC0,settled_min_v,-0.010716878021768086,-0.16200000000000003,,PASS,False
slow_10_to_01,final_precharge,DEC1,settled_max_v,1.1923544981547904,,0.16200000000000003,FAIL,False
slow_10_to_01,final_precharge,DEC1,settled_min_v,9.005868074021839e-06,-0.16200000000000003,,PASS,False
slow_10_to_01,final_precharge,DEC2,settled_max_v,0.0001045904630913308,,0.16200000000000003,PASS,False
slow_10_to_01,final_precharge,DEC2,settled_min_v,-0.010069692311973504,-0.16200000000000003,,PASS,False
slow_10_to_01,final_precharge,DEC3,settled_max_v,0.0027033235128087457,,0.16200000000000003,PASS,False
slow_10_to_01,final_precharge,DEC3,settled_min_v,7.358367889388082e-06,-0.16200000000000003,,PASS,False
slow_10_to_01,final_precharge,WL0,settled_max_v,9.233439904305628e-06,,0.16200000000000003,PASS,False
slow_10_to_01,final_precharge,WL0,settled_min_v,-4.3895232546223786e-06,-0.16200000000000003,,PASS,False
slow_10_to_01,final_precharge,WL1,settled_max_v,1.6481003856740362,,0.16200000000000003,FAIL,False
slow_10_to_01,final_precharge,WL1,settled_min_v,2.3910229730269567e-09,-0.16200000000000003,,PASS,False
slow_10_to_01,final_precharge,WL2,settled_max_v,8.219410518795642e-06,,0.16200000000000003,PASS,False
slow_10_to_01,final_precharge,WL2,settled_min_v,-3.915425545629741e-06,-0.16200000000000003,,PASS,False
slow_10_to_01,final_precharge,WL3,settled_max_v,6.634374179069796e-07,,0.16200000000000003,PASS,False
slow_10_to_01,final_precharge,WL3,settled_min_v,-1.5405657135168461e-06,-0.16200000000000003,,PASS,False
slow_10_to_01,final_precharge,N0,end_level_v,1.6200975337666792,1.4580000000000002,1.7820000000000003,PASS,False
slow_10_to_01,final_precharge,N1,end_level_v,1.6124713195818454,1.4580000000000002,1.7820000000000003,PASS,False
slow_10_to_01,final_precharge,N2,end_level_v,1.6201022084040662,1.4580000000000002,1.7820000000000003,PASS,False
slow_10_to_01,final_precharge,N3,end_level_v,1.620114580634396,1.4580000000000002,1.7820000000000003,PASS,False
slow_10_to_01,pex_recovery,N0.N0,dynamic_segment_level_v,1.6205143727268547,1.4580000000000002,1.7820000000000003,PASS,False
slow_10_to_01,pex_final_precharge,N0.N0,dynamic_segment_level_v,1.6200975337666792,1.4580000000000002,1.7820000000000003,PASS,False
slow_10_to_01,pex_recovery,N1.N1,dynamic_segment_level_v,1.614242583275684,1.4580000000000002,1.7820000000000003,PASS,False
slow_10_to_01,pex_final_precharge,N1.N1,dynamic_segment_level_v,1.6124713195818454,1.4580000000000002,1.7820000000000003,PASS,False
slow_10_to_01,pex_recovery,N2.N2,dynamic_segment_level_v,1.6196518786606424,1.4580000000000002,1.7820000000000003,PASS,False
slow_10_to_01,pex_final_precharge,N2.N2,dynamic_segment_level_v,1.6201022084040662,1.4580000000000002,1.7820000000000003,PASS,False
slow_10_to_01,pex_recovery,N3.N3,dynamic_segment_level_v,1.6209931721257769,1.4580000000000002,1.7820000000000003,PASS,False
slow_10_to_01,pex_final_precharge,N3.N3,dynamic_segment_level_v,1.620114580634396,1.4580000000000002,1.7820000000000003,PASS,False
