input_v,output_v,vdd_current_a
0.0,1.7999999865657217,2.997511527186303e-12
0.001,1.7999999861525762,3.027956357870565e-12
0.002,1.7999999859986566,3.05995203134235e-12
0.003,1.7999999858428866,3.0923735794274876e-12
0.004,1.799999985683114,3.125627361100225e-12
0.005,1.7999999855192166,3.159743734021392e-12
0.006,1.7999999853511195,3.194731805489237e-12
0.007,1.7999999851786872,3.2306241015689352e-12
0.008,1.7999999850018138,3.267440137899591e-12
0.009000000000000001,1.7999999848203783,3.305205067971606e-12
0.010000000000000002,1.7999999846342676,3.34394057582843e-12
0.011000000000000003,1.79999998444335,3.383677019130893e-12
0.012000000000000004,1.7999999842475078,3.424433913518099e-12
0.013000000000000005,1.7999999840465981,3.466242917693485e-12
0.014000000000000005,1.7999999838405079,3.5091252820196317e-12
0.015000000000000006,1.7999999836290839,3.5531130988808446e-12
0.016000000000000007,1.7999999834121834,3.5982345575336083e-12
0.017000000000000008,1.7999999831896747,3.6445182809152765e-12
0.01800000000000001,1.7999999829614057,3.691993325644072e-12
0.01900000000000001,1.7999999827272193,3.740690049380824e-12
0.02000000000000001,1.7999999824869624,3.790642712914183e-12
0.02100000000000001,1.799999982240474,3.841882107585848e-12
0.022000000000000013,1.7999999819876011,3.894438591056648e-12
0.023000000000000013,1.799999981728163,3.94834815883871e-12
0.024000000000000014,1.7999999814619785,4.003648974848506e-12
0.025000000000000015,1.7999999811888876,4.060371396746865e-12
0.026000000000000016,1.7999999809086975,4.118555756854603e-12
0.027000000000000017,1.7999999806212263,4.178237617002978e-12
0.028000000000000018,1.7999999803262767,4.239457309512806e-12
0.02900000000000002,1.7999999800236584,4.30225299830056e-12
0.03000000000000002,1.7999999797131618,4.3666650156870546e-12
0.03100000000000002,1.7999999793945824,4.43273672975919e-12
0.03200000000000002,1.7999999790677086,4.500509340199521e-12
0.03300000000000002,1.799999978732325,4.57002491405234e-12
0.03400000000000002,1.7999999783881866,4.641334191979318e-12
0.035000000000000024,1.7999999780350842,4.714477506301273e-12
0.036000000000000025,1.7999999776727755,4.78950429663727e-12
0.037000000000000026,1.7999999773010131,4.866463568925505e-12
0.03800000000000003,1.7999999769195507,4.945403461742437e-12
0.03900000000000003,1.7999999765281274,5.026376450473213e-12
0.04000000000000003,1.7999999761264882,5.109435010502983e-12
0.04100000000000003,1.7999999757143577,5.194630316174287e-12
0.04200000000000003,1.7999999752914522,5.2820217817661774e-12
0.04300000000000003,1.7999999748575037,5.371661882663803e-12
0.04400000000000003,1.7999999744122026,5.463611334188823e-12
0.04500000000000003,1.7999999739552721,5.55792478013073e-12
0.046000000000000034,1.7999999734863716,5.654671175747694e-12
0.047000000000000035,1.7999999730052174,5.7539051648292094e-12
0.048000000000000036,1.7999999725114608,5.8556957026334455e-12
0.04900000000000004,1.799999972004783,5.9601069739290136e-12
0.05000000000000004,1.7999999714848414,6.067204464527132e-12
0.05100000000000004,1.7999999709512773,6.177061900175529e-12
0.05200000000000004,1.7999999704037344,6.289746501408899e-12
0.05300000000000004,1.7999999698418443,6.405334162379317e-12
0.05400000000000004,1.7999999692652298,6.523895139387559e-12
0.05500000000000004,1.7999999686735046,6.645508796032651e-12
0.05600000000000004,1.7999999680662528,6.770254495913619e-12
0.057000000000000044,1.7999999674430756,6.89821116894862e-12
0.058000000000000045,1.7999999668035591,7.0294603471410255e-12
0.059000000000000045,1.7999999661472539,7.1640905013881095e-12
0.060000000000000046,1.7999999654737269,7.302186199459326e-12
0.06100000000000005,1.799999964782516,7.443836779613688e-12
0.06200000000000005,1.79999996407316,7.589132881152816e-12
0.06300000000000004,1.79999996334517,7.738171648591363e-12
0.06400000000000004,1.7999999625980516,7.89104805803964e-12
0.06500000000000004,1.7999999618313207,8.04785578456535e-12
0.06600000000000004,1.7999999610444268,8.20870368206661e-12
0.06700000000000005,1.7999999602368661,8.37369019610068e-12
0.06800000000000005,1.799999959408062,8.542925481608288e-12
0.06900000000000005,1.7999999585574713,8.716516657764073e-12
0.07000000000000005,1.7999999576845145,8.894575614232236e-12
0.07100000000000005,1.799999956788593,9.077218577485668e-12
0.07200000000000005,1.799999955869112,9.26456177399726e-12
0.07300000000000005,1.7999999549254202,9.45673053753815e-12
0.07400000000000005,1.7999999539569136,9.653841961942966e-12
0.07500000000000005,1.799999952962899,9.856030054600229e-12
0.07600000000000005,1.7999999519427254,1.0063419715600208e-11
0.07700000000000005,1.7999999508956859,1.0276150156501851e-11
0.07800000000000006,1.7999999498210797,1.049435408365107e-11
0.07900000000000006,1.7999999487181724,1.0718174178053763e-11
0.08000000000000006,1.7999999475862039,1.0947756590162783e-11
0.08100000000000006,1.7999999464244194,1.1183246603069241e-11
0.08200000000000006,1.7999999452320223,1.1424797306119894e-11
0.08300000000000006,1.7999999440081897,1.1672566992831923e-11
0.08400000000000006,1.7999999427521103,1.1926712221999036e-11
0.08500000000000006,1.7999999414629109,1.2187399527074927e-11
0.08600000000000006,1.7999999401397162,1.2454796742555896e-11
0.08700000000000006,1.7999999387816417,1.2729072570299982e-11
0.08800000000000006,1.7999999373877393,1.3010409589953031e-11
0.08900000000000007,1.7999999359570724,1.3298986044352201e-11
0.09000000000000007,1.7999999344886675,1.3594988849952028e-11
0.09100000000000007,1.799999932981522,1.389860795897313e-11
0.09200000000000007,1.7999999314346005,1.4210042864615247e-11
0.09300000000000007,1.7999999298468543,1.4529491325354638e-11
0.09400000000000007,1.7999999282171877,1.4857163676412766e-11
0.09500000000000007,1.7999999265445128,1.5193265048840665e-11
0.09600000000000007,1.7999999248276815,1.553801401779631e-11
0.09700000000000007,1.799999923065502,1.5891636531012443e-11
0.09800000000000007,1.7999999212568019,1.625435636781747e-11
0.09900000000000007,1.7999999194003249,1.6626410751646725e-11
0.10000000000000007,1.7999999174948076,1.7008039508020767e-11
0.10100000000000008,1.7999999155389501,1.7399486799268837e-11
0.10200000000000008,1.7999999135314182,1.7801008063422774e-11
0.10300000000000008,1.7999999114708427,1.8212858304833546e-11
0.10400000000000008,1.7999999093557972,1.8635308140363405e-11
0.10500000000000008,1.7999999071848638,1.906862558478939e-11
0.10600000000000008,1.7999999049565507,1.9513089928591132e-11
0.10700000000000008,1.7999999026693245,1.996899130426999e-11
0.10800000000000008,1.7999999003216216,2.0436622012731664e-11
0.10900000000000008,1.7999998979118423,2.0916284763222714e-11
0.11000000000000008,1.7999998954383376,2.1408286601798387e-11
0.11100000000000008,1.7999998928994179,2.1912946283897394e-11
0.11200000000000009,1.7999998902933396,2.243058993753322e-11
0.11300000000000009,1.7999998876183247,2.2961548027528034e-11
0.11400000000000009,1.799999884872535,2.3506168365938773e-11
0.11500000000000009,1.7999998820541,2.4064797030098894e-11
0.11600000000000009,1.7999998791610852,2.463779570985314e-11
0.11700000000000009,1.7999998761915197,2.522553346762102e-11
0.11800000000000009,1.7999998731433504,2.5828390207843777e-11
0.11900000000000009,1.7999998700144975,2.6446754508580028e-11
0.12000000000000009,1.799999866802824,2.708102492254838e-11
0.1210000000000001,1.7999998635061227,2.7731609543446556e-11
0.1220000000000001,1.799999860122131,2.839892860803661e-11
0.1230000000000001,1.7999998566485442,2.9083408858293636e-11
0.1240000000000001,1.7999998530829602,2.978549785287443e-11
0.12500000000000008,1.7999998494229565,3.0505641849393195e-11
0.12600000000000008,1.799999845666005,3.124430748846496e-11
0.12700000000000009,1.7999998418095364,3.200197138536476e-11
0.12800000000000009,1.799999837850911,3.277911882898499e-11
0.1290000000000001,1.7999998337874101,3.357625375649542e-11
0.1300000000000001,1.799999829616237,3.4393887911321475e-11
0.1310000000000001,1.7999998253345388,3.5232547782038104e-11
0.1320000000000001,1.7999998209393777,3.6092774168688946e-11
0.1330000000000001,1.7999998164277269,3.697512348382892e-11
0.1340000000000001,1.7999998117964973,3.788015951258772e-11
0.1350000000000001,1.7999998070425085,3.8808468157819354e-11
0.1360000000000001,1.7999998021624999,3.976064616439956e-11
0.1370000000000001,1.7999997971531072,4.073730632339623e-11
0.1380000000000001,1.799999792010901,4.173907964047374e-11
0.1390000000000001,1.7999997867323483,4.2766607529637346e-11
0.1400000000000001,1.7999997813138202,4.382055395629747e-11
0.1410000000000001,1.7999997757515982,4.490159632997148e-11
0.1420000000000001,1.79999977004184,4.601043461158194e-11
0.1430000000000001,1.799999764180652,4.7147774833583567e-11
0.1440000000000001,1.7999997581639784,4.83143577229006e-11
0.1450000000000001,1.799999751987702,4.9510926608542505e-11
0.1460000000000001,1.799999745647555,5.073825821294564e-11
0.1470000000000001,1.7999997391392002,5.1997136197440286e-11
0.1480000000000001,1.7999997324581634,5.328837067788972e-11
0.1490000000000001,1.7999997255998221,5.461279909205197e-11
0.1500000000000001,1.7999997185594823,5.597126755130244e-11
0.1510000000000001,1.7999997113322956,5.7364652090996504e-11
0.1520000000000001,1.7999997039132805,5.879384956317124e-11
0.1530000000000001,1.799999696297336,6.025977980494979e-11
0.1540000000000001,1.7999996884792353,6.176338216909438e-11
0.1550000000000001,1.799999680453572,6.330562723338984e-11
0.1560000000000001,1.7999996722148415,6.488750509126007e-11
0.1570000000000001,1.7999996637573512,6.651003576010894e-11
0.1580000000000001,1.7999996550753032,6.817425833929858e-11
0.1590000000000001,1.7999996461627044,6.988124402057538e-11
0.16000000000000011,1.7999996370134164,7.163209131758053e-11
0.16100000000000012,1.7999996276211339,7.342792736689252e-11
0.16200000000000012,1.7999996179794029,7.526990185649507e-11
0.16300000000000012,1.7999996080815723,7.715920090356487e-11
0.16400000000000012,1.799999597920804,7.90970431513438e-11
0.16500000000000012,1.7999995874901322,8.10846645903085e-11
0.16600000000000012,1.7999995767823387,8.312335151791639e-11
0.16700000000000012,1.7999995657900618,8.52144071451788e-11
0.16800000000000012,1.7999995545057093,8.735917978591745e-11
0.16900000000000012,1.7999995429215332,8.955904030535922e-11
0.17000000000000012,1.7999995310295012,9.181541161043527e-11
0.17100000000000012,1.799999518821453,9.412973438899241e-11
0.17200000000000013,1.7999995062889487,9.650349833481564e-11
0.17300000000000013,1.7999994934233583,9.893822696879773e-11
0.17400000000000013,1.7999994802157961,1.0143548457783313e-10
0.17500000000000013,1.7999994666571513,1.0399687578113714e-10
0.17600000000000013,1.7999994527380823,1.0662404162711803e-10
0.17700000000000013,1.799999438448987,1.0931866956803704e-10
0.17800000000000013,1.7999994237800097,1.1208248652111452e-10
0.17900000000000013,1.7999994087209992,1.1491727317999856e-10
0.18000000000000013,1.7999993932615996,1.1782484102967894e-10
0.18100000000000013,1.7999993773911227,1.208070596683819e-10
0.18200000000000013,1.799999361098614,1.2386584206242057e-10
0.18300000000000013,1.7999993443728448,1.2700314628091847e-10
0.18400000000000014,1.7999993272022359,1.3022099371040596e-10
0.18500000000000014,1.7999993095749631,1.3352143739611688e-10
0.18600000000000014,1.799999291478842,1.3690660194062843e-10
0.18700000000000014,1.7999992729013783,1.403786540135621e-10
0.18800000000000014,1.7999992538297542,1.4393981622937146e-10
0.18900000000000014,1.7999992342507807,1.4759237885672571e-10
0.19000000000000014,1.7999992141509478,1.5133867856814698e-10
0.19100000000000014,1.799999193516364,1.5518111708828775e-10
0.19200000000000014,1.799999172332777,1.591221564234413e-10
0.19300000000000014,1.7999991505855562,1.6316432146362692e-10
0.19400000000000014,1.799999128259672,1.673102038857177e-10
0.19500000000000015,1.7999991053397015,1.7156245651558932e-10
0.19600000000000015,1.7999990818098108,1.759238020017373e-10
0.19700000000000015,1.7999990576537277,1.803970380194475e-10
0.19800000000000015,1.7999990328547726,1.8498502339300837e-10
0.19900000000000015,1.7999990073957954,1.896906993460734e-10
0.20000000000000015,1.7999989812592,1.945170760575543e-10
0.20100000000000015,1.799998954426931,1.994672426362809e-10
0.20200000000000015,1.7999989268804282,2.0454436755468208e-10
0.20300000000000015,1.7999988986006383,2.0975170168455182e-10
0.20400000000000015,1.7999988695680345,2.150925713581553e-10
0.20500000000000015,1.799998839762528,2.2057039614914453e-10
0.20600000000000016,1.79999880916351,2.2618868063262187e-10
0.20700000000000016,1.7999987777498307,2.3195101395145912e-10
0.20800000000000016,1.7999987454997532,2.378610841277662e-10
0.20900000000000016,1.7999987123909815,2.439226672208694e-10
0.21000000000000016,1.799998678400614,2.5013963816933327e-10
0.21100000000000016,1.7999986435051416,2.565159712246412e-10
0.21200000000000016,1.7999986076804326,2.6305574038487656e-10
0.21300000000000016,1.799998570901703,2.6976312199680774e-10
0.21400000000000016,1.7999985331435078,2.7664240212846303e-10
0.21500000000000016,1.7999984943797216,2.836979770028114e-10
0.21600000000000016,1.7999984545835304,2.909343499619965e-10
0.21700000000000016,1.7999984137274194,2.9835613537046446e-10
0.21800000000000017,1.7999983717830799,3.059680837684542e-10
0.21900000000000017,1.799998328721538,3.137750402386341e-10
0.22000000000000017,1.7999982845129694,3.2178199384572115e-10
0.22100000000000017,1.7999982391267817,3.2999405335035203e-10
0.22200000000000017,1.7999981925315738,3.384164554490199e-10
0.22300000000000017,1.799998144695111,3.470545695445637e-10
0.22400000000000017,1.7999980955842654,3.559139094555519e-10
0.22500000000000017,1.7999980451650681,3.6500011910481356e-10
0.22600000000000017,1.7999979934026078,3.743189942034819e-10
0.22700000000000017,1.7999979402610813,3.8387646837320655e-10
0.22800000000000017,1.7999978857036885,3.9367863569755857e-10
0.22900000000000018,1.799997829692681,4.037317407473706e-10
0.23000000000000018,1.7999977721892797,4.140421829175456e-10
0.23100000000000018,1.7999977131536902,4.2461653160588697e-10
0.23200000000000018,1.799997652545042,4.3546151840684333e-10
0.23300000000000018,1.799997590321387,4.465840466524873e-10
0.23400000000000018,1.7999975264396562,4.5799119314723913e-10
0.23500000000000018,1.7999974608556073,4.696902198772501e-10
0.23600000000000018,1.799997393523872,4.816885649031044e-10
0.23700000000000018,1.7999973243978151,4.93993861875458e-10
0.23800000000000018,1.7999972534296087,5.066139339635067e-10
0.23900000000000018,1.7999971805701056,5.195568046970078e-10
0.24000000000000019,1.7999971057688677,5.328306997010035e-10
0.2410000000000002,1.7999970289741345,5.464440523336722e-10
0.2420000000000002,1.7999969501327153,5.60405515829393e-10
0.2430000000000002,1.799996869190052,5.747239528904047e-10
0.2440000000000002,1.7999967860901165,5.894084560698065e-10
0.2450000000000002,1.7999967007753557,6.044683508073245e-10
0.2460000000000002,1.799996613186751,6.199131902251409e-10
0.2470000000000002,1.7999965232636514,6.357527750772141e-10
0.2480000000000002,1.799996430943788,6.519971615555342e-10
0.2490000000000002,1.7999963361632967,6.686566413408035e-10
0.25000000000000017,1.7999962388565423,6.857417828021184e-10
0.25100000000000017,1.7999961389561747,7.032634166855012e-10
0.25200000000000017,1.79999603639306,7.212326417517512e-10
0.25300000000000017,1.799995931096199,7.39660846894169e-10
0.25400000000000017,1.7999958229927129,7.585597020312584e-10
0.25500000000000017,1.7999957120077898,7.779411776223655e-10
0.25600000000000017,1.7999955980646052,7.978175364277418e-10
0.2570000000000002,1.7999954810843057,8.182013387127152e-10
0.2580000000000002,1.7999953609859487,8.391055207439269e-10
0.2590000000000002,1.7999952376864177,8.605432859354334e-10
0.2600000000000002,1.7999951111003925,8.825281872480717e-10
0.2610000000000002,1.799994981140291,9.050741232863313e-10
0.2620000000000002,1.7999948477161694,9.281953422014821e-10
0.2630000000000002,1.7999947107357277,9.519064520999154e-10
0.2640000000000002,1.799994570104217,9.762224193084201e-10
0.2650000000000002,1.7999944257243252,1.001158605237057e-09
0.2660000000000002,1.7999942774961843,1.0267307425267103e-09
0.2670000000000002,1.7999941253172596,1.0529549688761963e-09
0.2680000000000002,1.7999939690823052,1.0798478227054542e-09
0.2690000000000002,1.7999938086832503,1.107426263104866e-09
0.2700000000000002,1.7999936440091706,1.1357076754731077e-09
0.2710000000000002,1.7999934749462028,1.1647098767213204e-09
0.2720000000000002,1.7999933013774463,1.1944511360897914e-09
0.2730000000000002,1.7999931231828912,1.224950182086848e-09
0.2740000000000002,1.7999929402393362,1.2562262159329651e-09
0.2750000000000002,1.7999927524203287,1.2882989145965307e-09
0.2760000000000002,1.7999925595960342,1.321188456814698e-09
0.2770000000000002,1.799992361633178,1.354915520491301e-09
0.2780000000000002,1.7999921583949705,1.3895013052482585e-09
0.2790000000000002,1.7999919497409562,1.4249675450023203e-09
0.2800000000000002,1.79999173552696,1.4613365175060455e-09
0.2810000000000002,1.7999915156049981,1.4986310569245487e-09
0.2820000000000002,1.7999912898231638,1.5368745737848188e-09
0.2830000000000002,1.7999910580254919,1.5760910523736349e-09
0.2840000000000002,1.7999908200519026,1.6163050910698862e-09
0.2850000000000002,1.7999905757380639,1.6575419023445725e-09
0.2860000000000002,1.799990324915293,1.6998273244701878e-09
0.2870000000000002,1.799990067410422,1.7431878397353162e-09
0.2880000000000002,1.7999898030457078,1.787650612608549e-09
0.2890000000000002,1.799989531638715,1.8332434563450573e-09
0.2900000000000002,1.7999892530021189,1.8799949019418505e-09
0.2910000000000002,1.7999889669436935,1.9279341807905415e-09
0.2920000000000002,1.7999886732660968,1.9770912576370925e-09
0.2930000000000002,1.7999883717667433,2.02749684792905e-09
0.2940000000000002,1.7999880622377287,2.0791824251881197e-09
0.2950000000000002,1.7999877444656116,2.132180257005678e-09
0.2960000000000002,1.799987418231301,2.1865234119816668e-09
0.2970000000000002,1.7999870833099632,2.242245774903423e-09
0.2980000000000002,1.7999867394707356,2.299382087511681e-09
0.2990000000000002,1.799986386476729,2.3579679437300827e-09
0.3000000000000002,1.7999860240847418,2.418039833900626e-09
0.3010000000000002,1.7999856520451658,2.4796351460847077e-09
0.3020000000000002,1.7999852701017918,2.5427922059617636e-09
0.3030000000000002,1.7999848779916543,2.6075502989469923e-09
0.3040000000000002,1.799984475444822,2.6739496480736313e-09
0.3050000000000002,1.7999840621842642,2.742031512438514e-09
0.3060000000000002,1.7999836379256204,2.8118381637833034e-09
0.3070000000000002,1.7999832023770344,2.883412922490003e-09
0.3080000000000002,1.7999827552389394,2.956800189239661e-09
0.3090000000000002,1.7999822962038725,3.0320454441450095e-09
0.3100000000000002,1.7999818249562944,3.109195307899465e-09
0.3110000000000002,1.7999813411722863,3.1882975617264497e-09
0.3120000000000002,1.7999808445194507,3.2694011538846046e-09
0.3130000000000002,1.799980334656621,3.352556249107408e-09
0.3140000000000002,1.799979811233627,3.43781425592507e-09
0.3150000000000002,1.7999792738910925,3.5252278422770456e-09
0.3160000000000002,1.799978722260197,3.6148509862526934e-09
0.3170000000000002,1.7999781559623784,3.7067389930048322e-09
0.3180000000000002,1.7999775746091538,3.800948531178933e-09
0.31900000000000023,1.7999769778018333,3.897537660235012e-09
0.32000000000000023,1.799976365131191,3.9965659106785956e-09
0.32100000000000023,1.7999757361773203,4.098094180410988e-09
0.32200000000000023,1.7999750905092395,4.20218495677388e-09
0.32300000000000023,1.7999744276846552,4.308902242823598e-09
0.32400000000000023,1.7999737472496768,4.41831155429534e-09
0.32500000000000023,1.799973048738504,4.530480142081461e-09
0.32600000000000023,1.7999723316731147,4.645476797942444e-09
0.32700000000000023,1.7999715955629418,4.76337203491814e-09
0.32800000000000024,1.7999708399045975,4.88423808776145e-09
0.32900000000000024,1.7999700641814513,5.008148979291499e-09
0.33000000000000024,1.7999692678633923,5.135180511286336e-09
0.33100000000000024,1.7999684504063935,5.265410362928491e-09
0.33200000000000024,1.79996761125223,5.398918138509873e-09
0.33300000000000024,1.7999667498280574,5.535785307150126e-09
0.33400000000000024,1.799965865546024,5.676095408361365e-09
0.33500000000000024,1.7999649578029553,5.819933970082486e-09
0.33600000000000024,1.7999640259799299,5.967388624471964e-09
0.33700000000000024,1.7999630694417783,6.118549144337043e-09
0.33800000000000024,1.7999620875368816,6.273507469154588e-09
0.33900000000000025,1.7999610795965078,6.432357795710386e-09
0.34000000000000025,1.7999600449345463,6.595196584170682e-09
0.34100000000000025,1.7999589828469806,6.762122657395092e-09
0.34200000000000025,1.7999578926114401,6.933237234330036e-09
0.34300000000000025,1.7999567734867785,7.108643988555652e-09
0.34400000000000025,1.7999556247125308,7.288449089485477e-09
0.34500000000000025,1.7999544455084606,7.472761296041519e-09
0.34600000000000025,1.7999532350740148,7.661691993083447e-09
0.34700000000000025,1.7999519925878729,7.85535525038919e-09
0.34800000000000025,1.7999507172073397,8.053867911125834e-09
0.34900000000000025,1.7999494080678897,8.257349620038879e-09
0.35000000000000026,1.7999480642825079,8.465922921464114e-09
0.35100000000000026,1.7999466849411863,8.67971325889394e-09
0.35200000000000026,1.7999452691103828,8.89884920786399e-09
0.35300000000000026,1.7999438158322816,9.123462350185685e-09
0.35400000000000026,1.7999423241243306,9.353687449153297e-09
0.35500000000000026,1.7999407929785216,9.589662469059596e-09
0.35600000000000026,1.7999392213607872,9.8315287438977e-09
0.35700000000000026,1.7999376082103185,1.0079430953508633e-08
0.35800000000000026,1.7999359524388852,1.0333517266262332e-08
0.35900000000000026,1.7999342529302207,1.0593939377655237e-08
0.36000000000000026,1.7999325085391904,1.086085262610309e-08
0.36100000000000027,1.7999307180911719,1.1134416034140615e-08
0.36200000000000027,1.799928880381239,1.1414792427250076e-08
0.36300000000000027,1.7999269941734548,1.1702148524066897e-08
0.36400000000000027,1.799925058200069,1.1996654973242538e-08
0.36500000000000027,1.7999230711607088,1.2298486549901927e-08
0.36600000000000027,1.7999210317216112,1.260782210533648e-08
0.36700000000000027,1.7999189385147043,1.2924844787747664e-08
0.36800000000000027,1.7999167901368396,1.324974205612478e-08
0.36900000000000027,1.7999145851488436,1.3582705818155488e-08
0.3700000000000003,1.7999123220746718,1.3923932514793569e-08
0.3710000000000003,1.799909999400455,1.4273623249929507e-08
0.3720000000000003,1.7999076155736013,1.4631983832023854e-08
0.3730000000000003,1.7999051690017656,1.499922497533515e-08
0.3740000000000003,1.7999026580519006,1.5375562312062996e-08
0.3750000000000003,1.799900081049302,1.576121656798879e-08
0.3760000000000003,1.7998974362764937,1.6156413637936212e-08
0.3770000000000003,1.7998947219721773,1.6561384721513334e-08
0.3780000000000003,1.7998919363301848,1.6976366445410618e-08
0.3790000000000003,1.7998890774983844,1.7401600984831567e-08
0.3800000000000003,1.7998861435775098,1.7837336126810127e-08
0.3810000000000003,1.7998831326200126,1.8283825526949765e-08
0.3820000000000003,1.7998800426288388,1.874132867125955e-08
0.3830000000000003,1.799876871556332,1.9210111138097397e-08
0.3840000000000003,1.799873617302836,1.969044465801803e-08
0.3850000000000003,1.7998702777155398,2.0182607293316862e-08
0.3860000000000003,1.7998668505871298,2.06868835624964e-08
0.3870000000000003,1.7998633336544485,2.120356451095623e-08
0.3880000000000003,1.7998597245971573,2.173294800632969e-08
0.3890000000000003,1.7998560210363732,2.227533876754048e-08
0.3900000000000003,1.7998522205331313,2.2831048501412154e-08
0.3910000000000003,1.7998483205870999,2.340039613772313e-08
0.3920000000000003,1.799844318634938,2.3983707928519615e-08
0.3930000000000003,1.799840212048831,2.4581317631562627e-08
0.3940000000000003,1.7998359981349505,2.5193566629156533e-08
0.3950000000000003,1.7998316741318425,2.5820804174913475e-08
0.3960000000000003,1.7998272372088007,2.6463387445795072e-08
0.3970000000000003,1.7998226844641876,2.7121681804055664e-08
0.3980000000000003,1.799818012923734,2.779606094686221e-08
0.3990000000000003,1.799813219538834,2.8486907081067686e-08
0.4000000000000003,1.7998083011847406,2.919461107109625e-08
0.4010000000000003,1.7998032546586993,2.991957264841111e-08
0.4020000000000003,1.7997980766781778,3.066220062098238e-08
0.4030000000000003,1.7997927638788642,3.142291301510072e-08
0.4040000000000003,1.7997873128128545,3.2202137350764715e-08
0.4050000000000003,1.7997817199465218,3.300031071887602e-08
0.4060000000000003,1.7997759816586079,3.38178800306059e-08
0.4070000000000003,1.7997700942380428,3.465530230449196e-08
0.4080000000000003,1.7997640538819302,3.551304474450068e-08
0.4090000000000003,1.7997578566933081,3.639158500283804e-08
0.4100000000000003,1.7997514986789525,3.72914114457959e-08
0.4110000000000003,1.7997449757471604,3.8213023321152784e-08
0.4120000000000003,1.799738283705378,3.9156930945090374e-08
0.4130000000000003,1.7997314182578648,4.01236559715093e-08
0.4140000000000003,1.7997243750033065,4.111373166828386e-08
0.4150000000000003,1.799717149432377,4.2127703058641996e-08
0.4160000000000003,1.7997097369251116,4.3166127177904356e-08
0.4170000000000003,1.7997021327484675,4.4229573406551204e-08
0.4180000000000003,1.7996943320536678,4.5318623533973507e-08
0.4190000000000003,1.7996863298734909,4.643387227281845e-08
0.4200000000000003,1.799678121119575,4.757592721952447e-08
0.4210000000000003,1.7996697005795963,4.874540930361465e-08
0.4220000000000003,1.7996610629144913,4.994295299369511e-08
0.4230000000000003,1.7996522026554562,5.116920655679619e-08
0.4240000000000003,1.799643114201085,5.242483234113235e-08
0.4250000000000003,1.7996337918142324,5.3710507056693724e-08
0.4260000000000003,1.7996242296190454,5.502692201030113e-08
0.4270000000000003,1.7996144215976968,5.637478343216776e-08
0.4280000000000003,1.7996043615872472,5.7754812719194165e-08
0.4290000000000003,1.799594043276358,5.9167746787984477e-08
0.4300000000000003,1.7995834602018672,6.061433832681498e-08
0.4310000000000003,1.7995726057454973,6.209535607015412e-08
0.43200000000000033,1.7995614731302716,6.36115852067562e-08
0.43300000000000033,1.7995500554170156,6.516382754576111e-08
0.43400000000000033,1.799538345500711,6.675290190483879e-08
0.43500000000000033,1.7995263361067975,6.8379644471879e-08
0.43600000000000033,1.7995140197874175,7.004490902833699e-08
0.43700000000000033,1.7995013889175946,7.174956727406048e-08
0.43800000000000033,1.799488435691247,7.349450932038482e-08
0.43900000000000033,1.7994751521172854,7.528064376472604e-08
0.44000000000000034,1.7994615300154648,7.710889834066856e-08
0.44100000000000034,1.7994475610122878,7.898021989498002e-08
0.44200000000000034,1.7994332365367407,8.089557506979136e-08
0.44300000000000034,1.7994185478159874,8.285595049081426e-08
0.44400000000000034,1.7994034858710386,8.486235305877471e-08
0.44500000000000034,1.799388041512159,8.691581048370783e-08
0.44600000000000034,1.7993722053344254,8.901737155210532e-08
0.44700000000000034,1.7993559677130195,9.116810645044132e-08
0.44800000000000034,1.7993393187985056,9.336910722660893e-08
0.44900000000000034,1.7993222485119997,9.562148815984994e-08
0.45000000000000034,1.7993047465403045,9.792638603700957e-08
0.45100000000000035,1.7992868023308644,1.0028496069984169e-07
0.45200000000000035,1.7992684050866705,1.0269839528006391e-07
0.45300000000000035,1.7992495437611462,1.0516789665689086e-07
0.45400000000000035,1.7992302070527701,1.0769469587770461e-07
0.45500000000000035,1.7992103833997968,1.1028004855617377e-07
0.45600000000000035,1.7991900609747062,1.1292523526430093e-07
0.45700000000000035,1.7991692276787368,1.1563156192186813e-07
0.45800000000000035,1.7991478711360984,1.1840036013557528e-07
0.45900000000000035,1.799125978688297,1.2123298786343925e-07
0.46000000000000035,1.799103537388214,1.2413082957872523e-07
0.46100000000000035,1.799080533994207,1.2709529681031312e-07
0.46200000000000035,1.799056954963942,1.301278285278061e-07
0.46300000000000036,1.7990327864482867,1.3322989160209978e-07
0.46400000000000036,1.799008014285039,1.3640298121651157e-07
0.46500000000000036,1.7989826239924243,1.396486213715853e-07
0.46600000000000036,1.7989566007627351,1.4296836517088685e-07
0.46700000000000036,1.7989299294556276,1.4636379549234219e-07
0.46800000000000036,1.7989025945914063,1.4983652513872459e-07
0.46900000000000036,1.798874580344283,1.533881975796826e-07
0.47000000000000036,1.798845870535287,1.5702048722929587e-07
0.47100000000000036,1.7988164486253124,1.6073509991184828e-07
0.47200000000000036,1.7987862977078755,1.6453377336229577e-07
0.47300000000000036,1.7987554005018658,1.6841827769637635e-07
0.47400000000000037,1.7987237393441138,1.7239041580612707e-07
0.47500000000000037,1.7986912961818209,1.764520238386677e-07
0.47600000000000037,1.798658052564973,1.8060497171444936e-07
0.47700000000000037,1.7986239896384906,1.8485116359085937e-07
0.47800000000000037,1.7985890881344158,1.8919253811462353e-07
0.47900000000000037,1.798553328363734,1.9363106922498305e-07
0.48000000000000037,1.798516690208436,1.9816876645380177e-07
0.48100000000000037,1.798479153113028,2.0280767529159277e-07
0.4820000000000004,1.7984406960762658,2.0754987787576992e-07
0.4830000000000004,1.7984012976425827,2.123974932100904e-07
0.4840000000000004,1.798360935893336,2.1735267785030418e-07
0.4850000000000004,1.7983195884381447,2.2241762632872752e-07
0.4860000000000004,1.798277232405841,2.2759457146432488e-07
0.4870000000000004,1.798233844435448,2.3288578505573088e-07
0.4880000000000004,1.798189400666997,2.3829357815316823e-07
0.4890000000000004,1.7981438767320967,2.4382030167947877e-07
0.4900000000000004,1.79809724774454,2.494683467740323e-07
0.4910000000000004,1.7980494882906326,2.5524014525763264e-07
0.4920000000000004,1.7980005724194428,2.611381702808703e-07
0.4930000000000004,1.7979504736328487,2.671649363605519e-07
0.4940000000000004,1.7978991648755793,2.733230004972956e-07
0.4950000000000004,1.7978466185249078,2.796149618897355e-07
0.4960000000000004,1.7977928063803739,2.860434628682365e-07
0.4970000000000004,1.7977376996532441,2.926111892010731e-07
0.4980000000000004,1.7976812689559045,2.9932087053288065e-07
0.4990000000000004,1.7976234842909957,3.0617528078884584e-07
0.5000000000000003,1.7975643150405483,3.131772386174951e-07
0.5010000000000003,1.7975037299547991,3.203296078855243e-07
0.5020000000000003,1.7974416971409684,3.2763529798701327e-07
0.5030000000000003,1.7973781840517757,3.350972643846595e-07
0.5040000000000003,1.7973131574739338,3.4271850885524147e-07
0.5050000000000003,1.7972465835163334,3.505020800299852e-07
0.5060000000000003,1.7971784275981921,3.584510738061271e-07
0.5070000000000003,1.797108654436888,3.6656863354597377e-07
0.5080000000000003,1.7970372280357922,3.74857950621605e-07
0.5090000000000003,1.7969641116717836,3.8332226480475295e-07
0.5100000000000003,1.796889267882733,3.91964864458489e-07
0.5110000000000003,1.7968126584546524,4.0078908711662156e-07
0.5120000000000003,1.7967342444088048,4.09798319539207e-07
0.5130000000000003,1.7966539859885549,4.189959983960309e-07
0.5140000000000003,1.7965718426460884,4.283856102106631e-07
0.5150000000000003,1.79648777302885,4.3797069207299547e-07
0.5160000000000003,1.796401734965979,4.4775483157288853e-07
0.5170000000000003,1.79631368545427,4.577416672472967e-07
0.5180000000000003,1.7962235806442999,4.679348889614736e-07
0.5190000000000003,1.7961313758259956,4.783382379761926e-07
0.5200000000000004,1.7960370254142632,4.889555072686708e-07
0.5210000000000004,1.7959404829342647,4.997905418166297e-07
0.5220000000000004,1.7958417010065708,5.108472387709007e-07
0.5230000000000004,1.7957406313320947,5.221295476323662e-07
0.5240000000000004,1.7956372246766756,5.336414705360212e-07
0.5250000000000004,1.7955314308556878,5.453870623316377e-07
0.5260000000000004,1.7954231987181966,5.573704308270595e-07
0.5270000000000004,1.7953124761309591,5.695957367409313e-07
0.5280000000000004,1.7951992099623162,5.82067194098649e-07
0.5290000000000004,1.7950833460655882,5.947890701469248e-07
0.5300000000000004,1.7949648292624578,6.077656853789408e-07
0.5310000000000004,1.7948436033259838,6.210014139259624e-07
0.5320000000000004,1.794719610963409,6.345006832229709e-07
0.5330000000000004,1.794592793798623,6.48267974194712e-07
0.5340000000000004,1.7944630923544451,6.623078213051359e-07
0.5350000000000004,1.7943304460345915,6.766248124429053e-07
0.5360000000000004,1.7941947931053464,6.912235890272136e-07
0.5370000000000004,1.794056070676924,7.06108845801353e-07
0.5380000000000004,1.793914214684598,7.212853306666142e-07
0.5390000000000004,1.7937691598694527,7.367578449589754e-07
0.5400000000000004,1.793620839758762,7.525312427747281e-07
0.5410000000000004,1.793469186646279,7.686104313117843e-07
0.5420000000000004,1.7933141315717616,7.85000370314131e-07
0.5430000000000004,1.7931556043006482,8.017060721030554e-07
0.5440000000000004,1.7929935333029208,8.187326012336696e-07
0.5450000000000004,1.7928278457318993,8.360850742000075e-07
0.5460000000000004,1.7926584674025028,8.537686592390015e-07
0.5470000000000004,1.7924853227691264,8.717885759015713e-07
0.5480000000000004,1.7923083349030948,8.901500948132329e-07
0.5490000000000004,1.7921274254697945,9.088585372369479e-07
0.5500000000000004,1.7919425147051535,9.279192746203604e-07
0.5510000000000004,1.7917535213918334,9.473377282111228e-07
0.5520000000000004,1.7915603628349142,9.671193686318878e-07
0.5530000000000004,1.7913629548369798,9.872697152597115e-07
0.5540000000000004,1.7911612116727909,1.0077943357941072e-06
0.5550000000000004,1.7909550460633232,1.0286988456316773e-06
0.5560000000000004,1.790744369149385,1.0499889073162065e-06
0.5570000000000004,1.790529090464537,1.0716702298226542e-06
0.5580000000000004,1.790309117907462,1.0937485679252817e-06
0.5590000000000004,1.790084357713605,1.1162297215722844e-06
0.5600000000000004,1.78985471442634,1.1391195350500885e-06
0.5610000000000004,1.7896200908673106,1.1624238962083637e-06
0.5620000000000004,1.789380388106102,1.18614873574922e-06
0.5630000000000004,1.7891355054291551,1.2103000262063228e-06
0.5640000000000004,1.7888853403079321,1.2348837813117193e-06
0.5650000000000004,1.788629788366367,1.25990605472949e-06
0.5660000000000004,1.7883687433471436,1.285372939419105e-06
0.5670000000000004,1.7881020970776085,1.311290566503951e-06
0.5680000000000004,1.7878297394342673,1.337665104216186e-06
0.5690000000000004,1.7875515583067059,1.3645027567878165e-06
0.5700000000000004,1.7872674395602206,1.391809763430247e-06
0.5710000000000004,1.7869772669976824,1.4195923970410432e-06
0.5720000000000004,1.7866809223199962,1.4478569632337887e-06
0.5730000000000004,1.7863782850857475,1.4766097987477765e-06
0.5740000000000004,1.7860692326693972,1.5058572705702392e-06
0.5750000000000004,1.7857536402183547,1.5356057742506313e-06
0.5760000000000004,1.7854313806087847,1.565861732687624e-06
0.5770000000000004,1.785102324399869,1.5966315947391584e-06
0.5780000000000004,1.784766339786859,1.6279218337349188e-06
0.5790000000000004,1.7844232925524741,1.6597389459515124e-06
0.5800000000000004,1.784073046016788,1.692089449135785e-06
0.5810000000000004,1.783715460985507,1.7249798807575205e-06
0.5820000000000004,1.783350395696459,1.7584167965683205e-06
0.5830000000000004,1.7829777057642868,1.7924067687285355e-06
0.5840000000000004,1.7825972441233882,1.8269563842737702e-06
0.5850000000000004,1.7822088609686026,1.8620722432530906e-06
0.5860000000000004,1.7818124036941594,1.8977609566529947e-06
0.5870000000000004,1.7814077168301174,1.9340291449870817e-06
0.5880000000000004,1.7809946419767217,1.970883436055223e-06
0.5890000000000004,1.7805730177363528,2.008330463088709e-06
0.5900000000000004,1.780142679642831,2.0463768625900852e-06
0.5910000000000004,1.7797034600882033,2.085029272433196e-06
0.5920000000000004,1.7792551882466372,2.1242943296960817e-06
0.5930000000000004,1.7787976899955504,2.1641786682922125e-06
0.5940000000000004,1.7783307878334298,2.2046889170848454e-06
0.5950000000000004,1.777854300794733,2.245831697240703e-06
0.5960000000000004,1.777368044361049,2.2876136202116225e-06
0.5970000000000004,1.7768718303690296,2.3300412850140763e-06
0.5980000000000004,1.776365466914267,2.373121276169187e-06
0.5990000000000004,1.7758487582514473,2.4168601607593362e-06
0.6000000000000004,1.7753215046901896,2.461264486241111e-06
0.6010000000000004,1.7747835024865453,2.5063407775374746e-06
0.6020000000000004,1.7742345437299116,2.552095534520682e-06
0.6030000000000004,1.7736744162250546,2.5985352292566717e-06
0.6040000000000004,1.7731029033689396,2.6456663030603733e-06
0.6050000000000004,1.7725197840222537,2.6934951637318585e-06
0.6060000000000004,1.7719248323751366,2.7420281826528482e-06
0.6070000000000004,1.7713178178068099,2.7912716916073978e-06
0.6080000000000004,1.7706985047391035,2.8412319798879447e-06
0.6090000000000004,1.7700666524828739,2.8919152910179824e-06
0.6100000000000004,1.7694220150776774,2.94332781952027e-06
0.6110000000000004,1.7687643411235574,2.9954757077921626e-06
0.6120000000000004,1.7680933736052642,3.048365042453583e-06
0.6130000000000004,1.767408849707727,3.1020018510163547e-06
0.6140000000000004,1.7667105006227573,3.1563920984876113e-06
0.6150000000000004,1.7659980513462812,3.211541683427639e-06
0.6160000000000004,1.7652712204655772,3.267456434464383e-06
0.6170000000000004,1.7645297199358785,3.3241421064315185e-06
0.6180000000000004,1.763773254845618,3.381604376371649e-06
0.6190000000000004,1.7630015231699305,3.439848839492665e-06
0.6200000000000004,1.7622142155111589,3.4988810053131897e-06
0.6210000000000004,1.7614110148261,3.5587062929927013e-06
0.6220000000000004,1.7605915961386671,3.6193300274344788e-06
0.6230000000000004,1.7597556262375202,3.680757434444855e-06
0.6240000000000004,1.7589027633570933,3.7429936362975286e-06
0.6250000000000004,1.7580326568415443,3.8060436470580515e-06
0.6260000000000004,1.7571449467900018,3.8699123674742e-06
0.6270000000000004,1.7562392636822013,3.934604580292222e-06
0.6280000000000004,1.7553152279829738,4.00012494468447e-06
0.6290000000000004,1.754372449724176,4.066477991023117e-06
0.6300000000000004,1.7534105280625067,4.13366811561483e-06
0.6310000000000004,1.7524290508116813,4.201699574565496e-06
0.6320000000000005,1.751427593946682,4.2705764780664665e-06
0.6330000000000005,1.7504057210787496,4.340302784179486e-06
0.6340000000000005,1.7493629828982216,4.410882292622039e-06
0.6350000000000005,1.7482989165835905,4.4823186379407826e-06
0.6360000000000005,1.7472130451735675,4.554615282685408e-06
0.6370000000000005,1.746104876899918,4.627775510423777e-06
0.6380000000000005,1.7449739044777233,4.701802418003755e-06
0.6390000000000005,1.7438196043497831,4.776698908084791e-06
0.6400000000000005,1.742641435881672,4.852467680721041e-06
0.6410000000000005,1.7414388405035308,4.929111225150922e-06
0.6420000000000005,1.7402112407938568,5.006631810722771e-06
0.6430000000000005,1.738958039501381,5.085031477603235e-06
0.6440000000000005,1.7376786184985973,5.164312027020751e-06
0.6450000000000005,1.736372337662635,5.244475010919222e-06
0.6460000000000005,1.7350385336759642,5.325521721350618e-06
0.6470000000000005,1.7336765187407066,5.407453178639821e-06
0.6480000000000005,1.732285579198551,5.490270119640119e-06
0.6490000000000005,1.7308649740479582,5.573972984859819e-06
0.6500000000000005,1.7294139333491536,5.658561904959593e-06
0.6510000000000005,1.7279316565066387,5.744036686215065e-06
0.6520000000000005,1.726417310417484,5.830396795601656e-06
0.6530000000000005,1.724870027472727,5.917641344113048e-06
0.6540000000000005,1.7232889033973702,6.00576906971623e-06
0.6550000000000005,1.7216729949134657,6.094778318694542e-06
0.6560000000000005,1.7200213172075844,6.184667025818918e-06
0.6570000000000005,1.7183328411837104,6.275432692930561e-06
0.6580000000000005,1.7166064904783656,6.3670723662824155e-06
0.6590000000000005,1.7148411382130215,6.459582611648487e-06
0.6600000000000005,1.7130356034558487,6.552959487927858e-06
0.6610000000000005,1.7111886473600684,6.647198518200826e-06
0.6620000000000005,1.709298968943524,6.7422946589180445e-06
0.6630000000000005,1.707365200468027,6.8382422656080785e-06
0.6640000000000005,1.7053859023724616,6.935035056627754e-06
0.6650000000000005,1.703359557706565,7.0326660727773604e-06
0.6660000000000005,1.7012845660056504,7.1311276335964645e-06
0.6670000000000005,1.6991592365371626,7.230411289457783e-06
0.6680000000000005,1.6969817808410181,7.3305077689738395e-06
0.6690000000000005,1.6947503044733814,7.43140692112702e-06
0.6700000000000005,1.692462797850514,7.533097651482926e-06
0.6710000000000005,1.690117126073766,7.635567851730241e-06
0.6720000000000005,1.687711017597655,7.73880432155833e-06
0.6730000000000005,1.6852420515825666,7.842792681846036e-06
0.6740000000000005,1.6827076437474746,7.947517278188935e-06
0.6750000000000005,1.680105030508623,8.052961072957908e-06
0.6760000000000005,1.677431251155245,8.159105524485188e-06
0.6770000000000005,1.674683127772239,8.265930451696515e-06
0.6780000000000005,1.6718572425712275,8.373413881323198e-06
0.6790000000000005,1.6689499122344116,8.481531876076889e-06
0.6800000000000005,1.6659571588096012,8.590258339269408e-06
0.6810000000000005,1.6628746766159954,8.699564794104747e-06
0.6820000000000005,1.6596977945305316,8.80942013190911e-06
0.6830000000000005,1.656421432921284,8.919790324969992e-06
0.6840000000000005,1.6530400543751624,9.030638098313053e-06
0.6850000000000005,1.6495476072388633,9.141922553497842e-06
0.6860000000000005,1.6459374608513566,9.2535987365229e-06
0.6870000000000005,1.642202331207598,9.36561714117573e-06
0.6880000000000005,1.6383341956686888,9.477923137179902e-06
0.6890000000000005,1.6343241952551297,9.590456312767812e-06
0.6900000000000005,1.630162523078639,9.703149718894195e-06
0.6910000000000005,1.6258382976675707,9.815929004072278e-06
0.6920000000000005,1.6213394204692677,9.928711429836676e-06
0.6930000000000005,1.6166524178964377,1.0041404761298393e-05
0.6940000000000005,1.611762270292253,1.0153906036775712e-05
0.6950000000000005,1.6066522336838662,1.0266100238973033e-05
0.6960000000000005,1.6013036660090991,1.0377858918934023e-05
0.6970000000000005,1.595695878796798,1.0489038876764466e-05
0.6980000000000005,1.5898060495040247,1.0599481081588653e-05
0.6990000000000005,1.5836092502787356,1.0709010132881752e-05
0.7000000000000005,1.577078676243967,1.081743472952255e-05
0.7010000000000005,1.5701861877584342,1.092454981507264e-05
0.7020000000000005,1.5629033066442988,1.1030141251310976e-05
0.7030000000000005,1.5552028039310841,1.1133993932849195e-05
0.7040000000000005,1.5470609492726284,1.1235903964649727e-05
0.7050000000000005,1.5384603187423345,1.1335694636555212e-05
0.7060000000000005,1.5293927706456585,1.1433234331817334e-05
0.7070000000000005,1.519861884751261,1.1528452604812802e-05
0.7080000000000005,1.5098840241680416,1.1621349569461772e-05
0.7090000000000005,1.4994874370118965,1.1711994771692723e-05
0.7100000000000005,1.488709462371824,1.1800515079344372e-05
0.7110000000000005,1.4775926036980007,1.1887075131509876e-05
0.7120000000000005,1.4661805487609227,1.19718560735089e-05
0.7130000000000005,1.454515006734503,1.2055037609230799e-05
0.7140000000000005,1.4426337343871452,1.2136785895351665e-05
0.7150000000000005,1.4305696721026655,1.2217247302227004e-05
0.7160000000000005,1.4183508800958111,1.2296546651167223e-05
0.7170000000000005,1.4060009369443287,1.2374788217312058e-05
0.7180000000000005,1.3935395385492702,1.2452058092936747e-05
0.7190000000000005,1.3809831332609268,1.2528426981137878e-05
0.7200000000000005,1.3683455078879074,1.2603952905908614e-05
0.7210000000000005,1.355638290577641,1.2678683603737327e-05
0.7220000000000005,1.3428713649418396,1.2752658528100962e-05
0.7230000000000005,1.330053203126051,1.2825910479680094e-05
0.7240000000000005,1.3171911303009267,1.2898466908995744e-05
0.7250000000000005,1.304291533521194,1.2970350948568552e-05
0.7260000000000005,1.2913600265265535,1.3041582227842421e-05
0.7270000000000005,1.2784015801089104,1.3112177516038347e-05
0.7280000000000005,1.2654206257409517,1.3182151231460552e-05
0.7290000000000005,1.2524211384772912,1.3251515846037908e-05
0.7300000000000005,1.2394067037709346,1.3320282208872415e-05
0.7310000000000005,1.2263805717596752,1.3388459806242588e-05
0.7320000000000005,1.2133457017488194,1.3456056972136442e-05
0.7330000000000005,1.2003047989717777,1.3523081059976967e-05
0.7340000000000005,1.187260345230795,1.3589538583187212e-05
0.7350000000000005,1.1742146246517573,1.3655435331472263e-05
0.7360000000000005,1.1611697455081464,1.3720776467239949e-05
0.7370000000000005,1.1481276588605813,1.3785566606470609e-05
0.7380000000000005,1.1350901745964115,1.3849809886295854e-05
0.7390000000000005,1.1220589753301053,1.3913510022176348e-05
0.7400000000000005,1.109035628532997,1.3976670356489682e-05
0.7410000000000005,1.0960215971853975,1.403929389967801e-05
0.7420000000000005,1.083018249188156,1.4101383365233526e-05
0.7430000000000005,1.0700268657273038,1.4162941200132444e-05
0.7440000000000005,1.0570486487481552,1.4223969610067857e-05
0.7450000000000006,1.044084727669328,1.4284470581754811e-05
0.7460000000000006,1.0311361654451758,1.4344445901464092e-05
0.7470000000000006,1.0182039640645801,1.4403897171038054e-05
0.7480000000000006,1.0052890695646883,1.446282582153206e-05
0.7490000000000006,0.9923923766214863,1.4521233124489743e-05
0.7500000000000006,0.9795147327730234,1.457912020140159e-05
0.7510000000000006,0.9666569423227724,1.4636488031398009e-05
0.7520000000000006,0.9538197699631359,1.4693337457599709e-05
0.7530000000000006,0.9410039441550271,1.4749669191681334e-05
0.7540000000000006,0.9282101602947743,1.4805483817391645e-05
0.7550000000000006,0.9154390836961885,1.4860781792894531e-05
0.7560000000000006,0.9026913524126032,1.4915563451475041e-05
0.7570000000000006,0.8899675799208476,1.4969829001978702e-05
0.7580000000000006,0.8772683576878131,1.502357852735392e-05
0.7590000000000006,0.8645942576388341,1.507681198255036e-05
0.7600000000000006,0.8519458345440843,1.5129529191515705e-05
0.7610000000000006,0.8393236283407511,1.5181729842860155e-05
0.7620000000000006,0.8267281664056961,1.5233413484646609e-05
0.7630000000000006,0.8141599657943528,1.5284579518133525e-05
0.7640000000000006,0.8016195354601446,1.533522719041145e-05
0.7650000000000006,0.7891073784696347,1.5385355585802694e-05
0.7660000000000006,0.7766239942275585,1.5434963616379766e-05
0.7670000000000006,0.7641698807275092,1.548405001068013e-05
0.7680000000000006,0.7517455368428787,1.5532613301785184e-05
0.7690000000000006,0.7393514646751229,1.5580651813267704e-05
0.7700000000000006,0.7269881719763038,1.5628163644010405e-05
0.7710000000000006,0.7146561746633494,1.567514665131364e-05
0.7720000000000006,0.7023559994452351,1.5721598431887168e-05
0.7730000000000006,0.6900881865831481,1.5767516301098527e-05
0.7740000000000006,0.6778532928080006,1.581289726986781e-05
0.7750000000000006,0.665651894421177,1.5857738019156402e-05
0.7760000000000006,0.6534845906066296,1.590203487156867e-05
0.7770000000000006,0.6413520069878909,1.5945783760229742e-05
0.7780000000000006,0.6292547994648487,1.5988980193957017e-05
0.7790000000000006,0.6171936583723561,1.6031619218812628e-05
0.7800000000000006,0.6051693130057971,1.6073695375395415e-05
0.7810000000000006,0.593182536567251,1.611520265125529e-05
0.7820000000000006,0.5812341515917006,1.615613442804663e-05
0.7830000000000006,0.5693250359223218,1.6196483422484774e-05
0.7840000000000006,0.5574561293130683,1.62362416203524e-05
0.7850000000000006,0.5456284407503872,1.6275400202808016e-05
0.7860000000000006,0.5338430565974446,1.6313949463539045e-05
0.7870000000000006,0.5221011496828402,1.6351878715928098e-05
0.7880000000000006,0.5104039894731164,1.6389176188449147e-05
0.7890000000000006,0.49875295349234566,1.6425828906459997e-05
0.7900000000000006,0.48714954017699974,1.6461822559234e-05
0.7910000000000006,0.4755953833866186,1.649714134876112e-05
0.7920000000000006,0.464092268825835,1.6531767818543305e-05
0.7930000000000006,0.45264215267640895,1.656568265865797e-05
0.7940000000000006,0.4412471827868375,1.659886448432315e-05
0.7950000000000006,0.42990972282441825,1.6631289582172068e-05
0.7960000000000006,0.4186323798603095,1.666293162130069e-05
0.7970000000000006,0.40741803593283243,1.669376132161938e-05
0.7980000000000006,0.3962698842186653,1.6723746074133634e-05
0.7990000000000006,0.38519147053329844,1.6752849505013295e-05
0.8000000000000006,0.37418674097972915,1.678103097517772e-05
0.8010000000000006,0.36326009666223863,1.680824500614915e-05
0.8020000000000006,0.3524164564697229,1.683444062115704e-05
0.8030000000000006,0.3416613289945353,1.685956059157027e-05
0.8040000000000006,0.3310008946595583,1.6883540577065405e-05
0.8050000000000006,0.32044209903531745,1.6906308150002602e-05
0.8060000000000006,0.3099927580710654,1.692778169782227e-05
0.8070000000000006,0.299661675437869,1.694786920177589e-05
0.8080000000000006,0.28945877123602676,1.6966466902324732e-05
0.8090000000000006,0.27939521974241305,1.6983457877073425e-05
0.8100000000000006,0.26948359138093725,1.6998710585801845e-05
0.8110000000000006,0.25973799033666756,1.7012077475892298e-05
0.8120000000000006,0.25017417381857715,1.7023393800517494e-05
0.8130000000000006,0.24080963160302576,1.7032476880175697e-05
0.8140000000000006,0.23166359518253934,1.703912613589204e-05
0.8150000000000006,0.2227569353727031,1.7043124333318387e-05
0.8160000000000006,0.21411189775265496,1.7044240574132143e-05
0.8170000000000006,0.20575162107816575,1.704223560989454e-05
0.8180000000000006,0.19769939141363435,1.7036869966717376e-05
0.8190000000000006,0.18997761206059785,1.7027915067543628e-05
0.8200000000000006,0.18260652195931099,1.7015166971168227e-05
0.8210000000000006,0.1756027700549437,1.6998461547566932e-05
0.8220000000000006,0.16897803227585492,1.697768907147441e-05
0.8230000000000006,0.1627379087515971,1.6952805693417564e-05
0.8240000000000006,0.15688132716703754,1.692383939827036e-05
0.8250000000000006,0.15140058963343989,1.68908890347025e-05
0.8260000000000006,0.14628205831492536,1.685411652985712e-05
0.8270000000000006,0.14150733307309496,1.681373391650186e-05
0.8280000000000006,0.137054687060037,1.6769987711112364e-05
0.8290000000000006,0.132900517673566,1.6723143247292672e-05
0.8300000000000006,0.12902062619360097,1.6673470947545753e-05
0.8310000000000006,0.12539122342042,1.6621235605108857e-05
0.8320000000000006,0.12198963638627797,1.6566688915088147e-05
0.8330000000000006,0.11879474422610443,1.6510064928788003e-05
0.8340000000000006,0.11578719714217331,1.645157783602188e-05
0.8350000000000006,0.11294947772912495,1.6391421430184735e-05
0.8360000000000006,0.1102658575056586,1.6329769683787448e-05
0.8370000000000006,0.10772229037836716,1.626677798594869e-05
0.8380000000000006,0.10530627326570827,1.6202584717556808e-05
0.8390000000000006,0.10300669428727184,1.6137312946535275e-05
0.8400000000000006,0.10081368138544482,1.6071072107761916e-05
0.8410000000000006,0.09871845886876976,1.600395958792052e-05
0.8420000000000006,0.0967132157419822,1.593606217643092e-05
0.8430000000000006,0.09479098736657969,1.5867457366974293e-05
0.8440000000000006,0.09294555058774466,1.5798214508955764e-05
0.8450000000000006,0.09117133166631555,1.57283958176907e-05
0.8460000000000006,0.08946332595055498,1.5658057255071335e-05
0.8470000000000006,0.08781702806158978,1.5587249294333073e-05
0.8480000000000006,0.08622837134917968,1.5516017583449594e-05
0.8490000000000006,0.08469367543663378,1.5444403519655064e-05
0.8500000000000006,0.08320960077534326,1.537244474692596e-05
0.8510000000000006,0.08177310924618494,1.530017558760543e-05
0.8520000000000006,0.08038142996315176,1.5227627416952196e-05
0.8530000000000006,0.0790320295461538,1.515482898886266e-05
0.8540000000000006,0.07772258623148703,1.508180671960617e-05
0.8550000000000006,0.07645096727866722,1.500858493535661e-05
0.8560000000000006,0.07521520921089542,1.493518608906277e-05
0.8570000000000007,0.07401350049448849,1.4861630950370637e-05
0.8580000000000007,0.07284416632075917,1.4787938772726269e-05
0.8590000000000007,0.07170565520348005,1.4714127440629537e-05
0.8600000000000007,0.07059652714727739,1.4640213599463863e-05
0.8610000000000007,0.06951544317806453,1.456621277077597e-05
0.8620000000000007,0.06846115605691862,1.4492139454346572e-05
0.8630000000000007,0.06743250202453951,1.4418007219201782e-05
0.8640000000000007,0.06642839344512584,1.4343828784406983e-05
0.8650000000000007,0.06544781223701143,1.4269616091682792e-05
0.8660000000000007,0.06448980399301138,1.4195380370265933e-05
0.8670000000000007,0.06355347270681487,1.4121132194976939e-05
0.8680000000000007,0.06263797603303022,1.4046881538774467e-05
0.8690000000000007,0.06174252101819058,1.3972637819725103e-05
0.8700000000000007,0.06086636024829502,1.3898409943761264e-05
0.8710000000000007,0.06000878836551436,1.382420634334948e-05
0.8720000000000007,0.05916913891275516,1.3750035012167084e-05
0.8730000000000007,0.05834678147001153,1.367590353719807e-05
0.8740000000000007,0.05754111905088398,1.36018191273235e-05
0.8750000000000007,0.05675158573156258,1.3527788639929126e-05
0.8760000000000007,0.055977644487875976,1.3453818604683681e-05
0.8770000000000007,0.05521878521895414,1.3379915245723389e-05
0.8780000000000007,0.054474522938525505,1.3306084501705801e-05
0.8790000000000007,0.05374439611710171,1.3232332044333609e-05
0.8800000000000007,0.053027965160186416,1.3158663295333682e-05
0.8810000000000007,0.05232481100932207,1.3085083441929067e-05
0.8820000000000007,0.051634533854252665,1.3011597451400691e-05
0.8830000000000007,0.05095675194574772,1.293821008433154e-05
0.8840000000000007,0.05029110049976902,1.2864925906808707e-05
0.8850000000000007,0.04963723068464144,1.2791749301759373e-05
0.8860000000000007,0.048994808683767,1.2718684479556472e-05
0.8870000000000007,0.048363514827189334,1.2645735487621691e-05
0.8880000000000007,0.0477430427859915,1.257290621960519e-05
0.8890000000000007,0.047133098824120416,1.2500200423678446e-05
0.8900000000000007,0.046533401102765014,1.2427621710460642e-05
0.8910000000000007,0.04594367903288596,1.2355173560209959e-05
0.8920000000000007,0.04536367267192432,1.2282859329655355e-05
0.8930000000000007,0.04479313216109432,1.2210682258405499e-05
0.8940000000000007,0.04423181719999827,1.2138645474737541e-05
0.8950000000000007,0.04367949655560699,1.2066752001250146e-05
0.8960000000000007,0.043135947602918515,1.1995004760022993e-05
0.8970000000000007,0.04260095589485566,1.1923406577444944e-05
0.8980000000000007,0.04207431475916409,1.1851960188819736e-05
0.8990000000000007,0.041555824920295956,1.178066824257919e-05
0.9000000000000007,0.04104529414441263,1.1709533304414023e-05
0.9010000000000007,0.04054253690581901,1.1638557860941916e-05
0.9020000000000007,0.0400473740732729,1.1567744323335693e-05
0.9030000000000007,0.039559632614755647,1.1497095030662229e-05
0.9040000000000007,0.0390791453193933,1.1426612252863136e-05
0.9050000000000007,0.038605750535338254,1.1356298194152223e-05
0.9060000000000007,0.03813929192250526,1.128615499537862e-05
0.9070000000000007,0.03767961821915433,1.1216184736865219e-05
0.9080000000000007,0.03722658302139177,1.1146389441055431e-05
0.9090000000000007,0.03678004457471714,1.1076771074580109e-05
0.9100000000000007,0.036339865576840755,1.1007331550707839e-05
0.9110000000000007,0.03590591299102846,1.0938072731495573e-05
0.9120000000000007,0.03547805786929561,1.086899642957018e-05
0.9130000000000007,0.035056175184834254,1.0800104410436072e-05
0.9140000000000007,0.034640143673083934,1.0731398393725496e-05
0.9150000000000007,0.03422984568091268,1.0662880055516567e-05
0.9160000000000007,0.0338251670234075,1.0594551029503331e-05
0.9170000000000007,0.03342599684781575,1.0526412908779936e-05
0.9180000000000007,0.03303222750420159,1.0458467247248353e-05
0.9190000000000007,0.03264375442242067,1.0390715560987945e-05
0.9200000000000007,0.03226047599504179,1.032315932964845e-05
0.9210000000000007,0.03188229346586537,1.0255799997628285e-05
0.9220000000000007,0.0315091108237197,1.0188638975482285e-05
0.9230000000000007,0.031140834701229175,1.012167764072704e-05
0.9240000000000007,0.03077737427827698,1.005491733927508e-05
0.9250000000000007,0.030418641189899225,9.988359386336933e-06
0.9260000000000007,0.03006454943836035,9.922005067294123e-06
0.9270000000000007,0.029715015309186913,9.855855638918679e-06
0.9280000000000007,0.029369957290941245,9.789912330083507e-06
0.9290000000000007,0.029029295998529853,9.724176342691768e-06
0.9300000000000007,0.028692954099868485,9.658648852443191e-06
0.9310000000000007,0.02836085624571379,9.593331009710975e-06
0.9320000000000007,0.028032929002507513,9.528223940326753e-06
0.9330000000000007,0.027709100788067747,9.463328746093635e-06
0.9340000000000007,0.02738930180998985,9.398646505711684e-06
0.9350000000000007,0.027073464006608924,9.334178275341269e-06
0.9360000000000007,0.026761520990404998,9.26992508917552e-06
0.9370000000000007,0.026453407993722734,9.205887960206643e-06
0.9380000000000007,0.02614906181669126,9.142067880585445e-06
0.9390000000000007,0.025848420777239336,9.07846582233517e-06
0.9400000000000007,0.025551424663101306,9.015082737948241e-06
0.9410000000000007,0.02525801468571735,8.951919560585761e-06
0.9420000000000007,0.02496813343594137,8.888977204905835e-06
0.9430000000000007,0.024681724841465347,8.826256567231842e-06
0.9440000000000007,0.02439873412588399,8.763758526408524e-06
0.9450000000000007,0.02411910776932095,8.701483943685754e-06
0.9460000000000007,0.023842793470544934,8.639433663591538e-06
0.9470000000000007,0.02356974011050835,8.577608514018318e-06
0.9480000000000007,0.023299897717241787,8.516009306845304e-06
0.9490000000000007,0.023033217432045505,8.454636838119318e-06
0.9500000000000007,0.022769651476917827,8.393491888357939e-06
0.9510000000000007,0.02250915312316896,8.332575223111115e-06
0.9520000000000007,0.022251676661161176,8.271887593151988e-06
0.9530000000000007,0.021997177371136784,8.21142973465687e-06
0.9540000000000007,0.021745611495075184,8.151202369623741e-06
0.9550000000000007,0.021496936209544435,8.09120620625563e-06
0.9560000000000007,0.021251109599497595,8.031441938922447e-06
0.9570000000000007,0.021008090632980772,7.971910248795021e-06
0.9580000000000007,0.02076783913670672,7.912611803736688e-06
0.9590000000000007,0.020530315772465266,7.8535472587812e-06
0.9600000000000007,0.020295482014331956,7.794717256212093e-06
0.9610000000000007,0.020063300126642068,7.736122425851949e-06
0.9620000000000007,0.01983373314270182,7.677763385253219e-06
0.9630000000000007,0.01960674484420123,7.619640739895545e-06
0.9640000000000007,0.019382299741308947,7.561755083373978e-06
0.9650000000000007,0.019160363053412306,7.504106997480945e-06
0.9660000000000007,0.01894090069048532,7.446697052548423e-06
0.9670000000000007,0.018723879235053958,7.389525807512988e-06
0.9680000000000007,0.01850926592473877,7.332593810067175e-06
0.9690000000000007,0.018297028635352198,7.275901596830343e-06
0.9700000000000008,0.018087135864527013,7.219449693436717e-06
0.9710000000000008,0.017879556715858176,7.163238614790388e-06
0.9720000000000008,0.01767426088353847,7.107268865061411e-06
0.9730000000000008,0.01747121863746423,7.051540937813745e-06
0.9740000000000008,0.017270400808804744,6.996055316350891e-06
0.9750000000000008,0.01707177877600422,6.940812473426629e-06
0.9760000000000008,0.016875324451211263,6.885812871690843e-06
0.9770000000000008,0.01668101026711447,6.831056963594543e-06
0.9780000000000008,0.016488809164172422,6.776545191593698e-06
0.9790000000000008,0.016298694578220065,6.722277988163543e-06
0.9800000000000008,0.016110640428442735,6.668255775925218e-06
0.9810000000000008,0.01592462110570095,6.6144789676214795e-06
0.9820000000000008,0.015740611461194265,6.560947966474488e-06
0.9830000000000008,0.01555858679545407,6.507663165749959e-06
0.9840000000000008,0.015378522847650785,6.454624949430669e-06
0.9850000000000008,0.01520039578520836,6.401833691684327e-06
0.9860000000000008,0.015024182193711079,6.349289757423028e-06
0.9870000000000008,0.014849859067096568,6.296993501995335e-06
0.9880000000000008,0.014677403798121495,6.2449452714152635e-06
0.9890000000000008,0.014506794169094336,6.193145402331058e-06
0.9900000000000008,0.014338008342864791,6.141594222152692e-06
0.9910000000000008,0.01417102485405905,6.090292048949956e-06
0.9920000000000008,0.014005822600555672,6.039239191551766e-06
0.9930000000000008,0.013842380835194491,5.98843594963247e-06
0.9940000000000008,0.013680679157705973,5.9378826136992705e-06
0.9950000000000008,0.013520697506861749,5.887579464944337e-06
0.9960000000000008,0.01336241615283007,5.837526775665479e-06
0.9970000000000008,0.013205815689738366,5.787724808858485e-06
0.9980000000000008,0.013050877028428146,5.738173818441768e-06
0.9990000000000008,0.012897581389403745,5.688874049192619e-06
1.0000000000000007,0.012745910295961895,5.639825736900288e-06
1.0010000000000006,0.01259584556750094,5.5910291081873176e-06
1.0020000000000004,0.012447369313003605,5.542484380545529e-06
1.0030000000000003,0.012300463924683782,5.4941917623911075e-06
1.0040000000000002,0.01215511207179996,5.446151453092785e-06
1.0050000000000001,0.012011296694621195,5.398363642939753e-06
1.006,0.011869000998547558,5.350828512981198e-06
1.007,0.011728208448379365,5.303546235265258e-06
1.0079999999999998,0.011588902762726044,5.256516972572314e-06
1.0089999999999997,0.011451067908557076,5.2097408786929734e-06
1.0099999999999996,0.011314688095886384,5.163218098137509e-06
1.0109999999999995,0.0111797477725866,5.1169487662273624e-06
1.0119999999999993,0.011046231619332271,5.0709330091493546e-06
1.0129999999999992,0.010914124544662646,5.02517094378048e-06
1.0139999999999991,0.01078341168016866,4.979662677762498e-06
1.014999999999999,0.01065407837579182,4.934408309417368e-06
1.015999999999999,0.01052611019523739,4.889407927872579e-06
1.0169999999999988,0.01039949291149778,4.8446616127384955e-06
1.0179999999999987,0.010274212502480482,4.800169434456599e-06
1.0189999999999986,0.010150255146741345,4.75593145383155e-06
1.0199999999999985,0.01002760721931669,4.711947722407187e-06
1.0209999999999984,0.009906255287653754,4.668218282180298e-06
1.0219999999999982,0.009786186107635396,4.6247431655750335e-06
1.0229999999999981,0.009667386619698862,4.581522395546555e-06
1.023999999999998,0.009549843945041702,4.538555985380242e-06
1.024999999999998,0.009433545381917041,4.4958439388217974e-06
1.0259999999999978,0.009318478402012737,4.453386249892062e-06
1.0269999999999977,0.009204630646914165,4.411182902840614e-06
1.0279999999999976,0.009091989924645725,4.369233872245949e-06
1.0289999999999975,0.008980544206293111,4.327539122783025e-06
1.0299999999999974,0.00887028162269984,4.2860986093559705e-06
1.0309999999999973,0.008761190461238496,4.244912276855223e-06
1.0319999999999971,0.00865325916265532,4.2039800603617915e-06
1.032999999999997,0.008546476317983727,4.16330188483284e-06
1.033999999999997,0.00844083066552773,4.122877665288169e-06
1.0349999999999968,0.008336311087911741,4.082707306591205e-06
1.0359999999999967,0.008232906609195356,4.0427907034863014e-06
1.0369999999999966,0.008130606392052816,4.003127740444777e-06
1.0379999999999965,0.008029399735012748,3.963718291771171e-06
1.0389999999999964,0.007929276069760212,3.924562221520843e-06
1.0399999999999963,0.007830224958496161,3.885659383289202e-06
1.0409999999999962,0.007732236091355692,3.847009620306253e-06
1.041999999999996,0.007635299283882048,3.8086127654478677e-06
1.042999999999996,0.0075394044745548125,3.7704686409907595e-06
1.0439999999999958,0.007444541722372888,3.7325770586372e-06
1.0449999999999957,0.007350701204488268,3.6949378196008895e-06
1.0459999999999956,0.007257873213892482,3.6575507142799606e-06
1.0469999999999955,0.007166048157151704,3.620415522550581e-06
1.0479999999999954,0.007075216552190736,3.583532013476387e-06
1.0489999999999953,0.00698536902612489,3.546899945196594e-06
1.0499999999999952,0.006896496313138801,3.5105190651718923e-06
1.050999999999995,0.00680858925240944,3.4743891097932696e-06
1.051999999999995,0.006721638786075129,3.4385098046183643e-06
1.0529999999999948,0.006635635957247326,3.40288086417501e-06
1.0539999999999947,0.006550571908064355,3.3675019919564633e-06
1.0549999999999946,0.006466437877787987,3.3323728803212257e-06
1.0559999999999945,0.006383225200940544,3.297493210474827e-06
1.0569999999999944,0.006300925305480516,3.262862652460719e-06
1.0579999999999943,0.0062195297110194375,3.228480865117341e-06
1.0589999999999942,0.006139030027074854,3.1943474960321495e-06
1.059999999999994,0.006059417951362322,3.1604621813135017e-06
1.060999999999994,0.00598068526812328,3.126824545952346e-06
1.0619999999999938,0.0059028238464892855,3.0934342033217543e-06
1.0629999999999937,0.005825825638881021,3.0602907555013145e-06
1.0639999999999936,0.0057496826794422575,3.0273937930550866e-06
1.0649999999999935,0.005674387082507245,2.994742895019026e-06
1.0659999999999934,0.005599931041101974,2.9623376289074875e-06
1.0669999999999933,0.0055263068254772845,2.9301775506303945e-06
1.0679999999999932,0.005453506781674115,2.8982622045465797e-06
1.068999999999993,0.005381523330120555,2.8665911233341154e-06
1.069999999999993,0.005310348964258584,2.8351638279755682e-06
1.0709999999999928,0.005239976249202539,2.80397982782999e-06
1.0719999999999927,0.005170397820425654,2.7730386205158247e-06
1.0729999999999926,0.005101606382476564,2.7423396919208816e-06
1.0739999999999925,0.005033594707724476,2.7118825160744008e-06
1.0749999999999924,0.004966355635131468,2.6816665553929496e-06
1.0759999999999923,0.0048998820690537475,2.6516912604223827e-06
1.0769999999999922,0.0048341669780687015,2.6219560699024605e-06
1.077999999999992,0.004769203393829307,2.5924604107278176e-06
1.078999999999992,0.004704984409944421,2.5632036979804894e-06
1.0799999999999919,0.004641503180884864,2.5341853350131782e-06
1.0809999999999917,0.004578752920914914,2.5054047131586876e-06
1.0819999999999916,0.004516726903048232,2.476861212006177e-06
1.0829999999999915,0.0044554184580287755,2.4485541993781758e-06
1.0839999999999914,0.004394820973335222,2.4204830310755807e-06
1.0849999999999913,0.00433492789220952,2.392647051262329e-06
1.0859999999999912,0.0042757327127083515,2.365045592135368e-06
1.086999999999991,0.004217228986777575,2.337677974157109e-06
1.087999999999991,0.004159410319349214,2.310543506019863e-06
1.0889999999999909,0.004102270367460632,2.283641484540893e-06
1.0899999999999908,0.004045802839395567,2.256971194813766e-06
1.0909999999999906,0.003990001493846087,2.2305319102673346e-06
1.0919999999999905,0.003934860139096648,2.2043228926011196e-06
1.0929999999999904,0.0038803726322279124,2.178343391739772e-06
1.0939999999999903,0.0038265328783418148,2.1525926460360355e-06
1.0949999999999902,0.003773334829806306,2.1270698822273802e-06
1.09599999999999,0.0037207724855197813,2.1017743155075583e-06
1.09699999999999,0.0036688398901957627,2.0767051494793333e-06
1.0979999999999899,0.00361753113366606,2.0518615763374937e-06
1.0989999999999898,0.0035668403502029265,2.027242776696681e-06
1.0999999999999897,0.003516761717860277,2.002847920007291e-06
1.1009999999999895,0.003467289457832667,1.97867616423238e-06
1.1019999999999894,0.0034184178338325603,1.954726656068842e-06
1.1029999999999893,0.0033701411514854493,1.9309985311096074e-06
1.1039999999999892,0.0033224537577423077,1.907490913749966e-06
1.104999999999989,0.003275350040309012,1.884202917330248e-06
1.105999999999989,0.0032288244270929564,1.861133644164882e-06
1.1069999999999889,0.0031828713856663247,1.8382821856260945e-06
1.1079999999999888,0.003137485422745471,1.8156476224088884e-06
1.1089999999999887,0.0030926610836864367,1.7932290242886166e-06
1.1099999999999886,0.0030483929519965246,1.7710254504423387e-06
1.1109999999999884,0.0030046756488612677,1.749035949454459e-06
1.1119999999999883,0.002961503832686537,1.7272595594160396e-06
1.1129999999999882,0.002918872198655824,1.7056953081026095e-06
1.113999999999988,0.002876775478302579,1.6843422130149305e-06
1.114999999999988,0.0028352084390964117,1.663199281362951e-06
1.115999999999988,0.002794165884044063,1.642265510391934e-06
1.1169999999999878,0.00275364265130428,1.621539887453581e-06
1.1179999999999877,0.002713633613816205,1.6010213899674344e-06
1.1189999999999876,0.0026741336789414083,1.5807089855796042e-06
1.1199999999999875,0.002635137788119208,1.5606016326051228e-06
1.1209999999999873,0.002596640916534822,1.5406982796064075e-06
1.1219999999999872,0.0025586380728001724,1.5209978660168932e-06
1.1229999999999871,0.0025211242986474766,1.5014993220217702e-06
1.123999999999987,0.002484094668634596,1.4822015687327578e-06
1.124999999999987,0.002447544289862682,1.4631035183407595e-06
1.1259999999999868,0.0024114683017052436,1.444204074324898e-06
1.1269999999999867,0.002375861875549026,1.4255021314204218e-06
1.1279999999999866,0.002340720214545542,1.4069965761035613e-06
1.1289999999999865,0.0023060385533740335,1.3886862862788445e-06
1.1299999999999863,0.002271812158014962,1.3705701319764556e-06
1.1309999999999862,0.002238036325533467,1.3526469749853415e-06
1.1319999999999861,0.0022047063838739256,1.3349156693862052e-06
1.132999999999986,0.002171817691663567,1.3173750616226297e-06
1.133999999999986,0.002139365638025968,1.300023990606896e-06
1.1349999999999858,0.002107345642404353,1.2828612878878175e-06
1.1359999999999857,0.0020757531543934243,1.2658857779447759e-06
1.1369999999999856,0.0020445836535806015,1.2490962782753245e-06
1.1379999999999855,0.0020138326493955696,1.232491599622871e-06
1.1389999999999854,0.0019834956809684154,1.2160705460612445e-06
1.1399999999999852,0.001953568316995643,1.1998319153550853e-06
1.1409999999999851,0.0019240461556144356,1.1837744989477011e-06
1.141999999999985,0.0018949248242842156,1.16789708238434e-06
1.142999999999985,0.0018661999796756024,1.1521984452310917e-06
1.1439999999999848,0.0018378673075666388,1.1366773615727535e-06
1.1449999999999847,0.00180992252274581,1.1213325999156858e-06
1.1459999999999846,0.0017823613689217505,1.1061629236804732e-06
1.1469999999999845,0.0017551796186388168,1.091167091110852e-06
1.1479999999999844,0.0017283730731997141,1.0763438557624683e-06
1.1489999999999843,0.0017019375625929672,1.061691966420912e-06
1.1499999999999841,0.0016758689454265787,1.0472101676173642e-06
1.150999999999984,0.00165016310886704,1.032897199623392e-06
1.151999999999984,0.0016248159685831735,1.018751798640468e-06
1.1529999999999838,0.0015998234686950476,1.0047726972509975e-06
1.1539999999999837,0.0015751815817272381,9.909586243268126e-07
1.1549999999999836,0.0015508863085670931,9.77308305475863e-07
1.1559999999999835,0.001526933678426211,9.638204631727543e-07
1.1569999999999834,0.0015033197488067184,9.504938169829606e-07
1.1579999999999833,0.0014800406054704346,9.373270837423689e-07
1.1589999999999832,0.0014570923624121351,9.243189778127166e-07
1.159999999999983,0.001434471161835467,9.114682113248868e-07
1.160999999999983,0.0014121731741319394,8.987734944235042e-07
1.1619999999999828,0.0013901945978629332,8.862335353532376e-07
1.1629999999999827,0.0013685316597440043,8.738470407497999e-07
1.1639999999999826,0.0013471806146311952,8.616127159829894e-07
1.1649999999999825,0.0013261377455098717,8.495292651931191e-07
1.1659999999999824,0.0013053993634851207,8.375953915824505e-07
1.1669999999999823,0.001284961807773834,8.258097976411409e-07
1.1679999999999822,0.001264821445698133,8.141711854139574e-07
1.168999999999982,0.001244974672680079,8.026782566282128e-07
1.169999999999982,0.001225417912237384,7.913297130094851e-07
1.1709999999999818,0.0012061476159798204,7.801242564099871e-07
1.1719999999999817,0.001187160263606285,7.690605890288763e-07
1.1729999999999816,0.0011684523629022128,7.581374137197346e-07
1.1739999999999815,0.0011500204497373327,7.473534341241421e-07
1.1749999999999814,0.0011318610880633713,7.367073549743863e-07
1.1759999999999813,0.0011139708699113903,7.261978821216514e-07
1.1769999999999812,0.0010963464153890365,7.158237229796735e-07
1.177999999999981,0.00107898437267751,7.055835865919617e-07
1.178999999999981,0.0010618814180270776,6.954761838772611e-07
1.1799999999999808,0.0010450342557526639,6.855002278429237e-07
1.1809999999999807,0.0010284396182276944,6.756544337891725e-07
1.1819999999999806,0.0010120942658771149,6.659375194530831e-07
1.1829999999999805,0.0009959949871694064,6.563482053121607e-07
1.1839999999999804,0.0009801385986062182,6.468852147495721e-07
1.1849999999999803,0.0009645219447115903,6.375472742124397e-07
1.1859999999999802,0.0009491418980184078,6.283331134048289e-07
1.18699999999998,0.0009339953590536272,6.19241465557932e-07
1.18799999999998,0.0009190792563213186,6.102710675519318e-07
1.1889999999999799,0.0009043905462835165,6.014206601280721e-07
1.1899999999999797,0.0008899262133390384,5.926889880382771e-07
1.1909999999999796,0.0008756832697996989,5.84074800288447e-07
1.1919999999999795,0.0008616587558644396,5.755768503058582e-07
1.1929999999999794,0.0008478497395904477,5.67193895998578e-07
1.1939999999999793,0.0008342533168622438,5.58924700106312e-07
1.1949999999999792,0.0008208666113574959,5.50768030360433e-07
1.195999999999979,0.0008076867745104204,5.427226594249997e-07
1.196999999999979,0.0007947109854718169,5.347873653677344e-07
1.1979999999999789,0.0007819364510669534,5.269609315611441e-07
1.1989999999999787,0.0007693604057494431,5.192421470255615e-07
1.1999999999999786,0.0007569801115528766,5.116298064408546e-07
1.2009999999999785,0.0007447928580386839,5.041227104985758e-07
1.2019999999999784,0.0007327959622413638,4.967196657653522e-07
1.2029999999999783,0.0007209867686098824,4.89419485096617e-07
1.2039999999999782,0.0007093626489462883,4.822209876374772e-07
1.204999999999978,0.0006979210023406213,4.751229989649608e-07
1.205999999999978,0.0006866592551028422,4.681243511999063e-07
1.2069999999999779,0.0006755748606909618,4.6122388332918776e-07
1.2079999999999778,0.0006646652996361827,4.544204410708401e-07
1.2089999999999776,0.000653928079464027,4.477128771342674e-07
1.2099999999999775,0.0006433607346128556,4.4110005133169913e-07
1.2109999999999774,0.0006329608263483266,4.345808306449768e-07
1.2119999999999773,0.0006227259426744362,4.2815408945453756e-07
1.2129999999999772,0.0006126536982412787,4.218187094925767e-07
1.213999999999977,0.000602741734249507,4.155735800499133e-07
1.214999999999977,0.000592987718351032,4.094175980202258e-07
1.2159999999999769,0.0005833893445463941,4.033496680696212e-07
1.2169999999999768,0.0005739443330789676,3.9736870270125346e-07
1.2179999999999767,0.0005646504303253678,3.9147362228091065e-07
1.2189999999999765,0.0005555054086828618,3.8566335516148145e-07
1.2199999999999764,0.0005465070664533472,3.7993683780655416e-07
1.2209999999999763,0.0005376532277238177,3.74293014893199e-07
1.2219999999999762,0.0005289417422440005,3.6873083924518144e-07
1.222999999999976,0.0005203704853003037,3.632492719739082e-07
1.223999999999976,0.0005119373575869042,3.578472827113141e-07
1.2249999999999759,0.0005036402850736355,3.525238493956237e-07
1.2259999999999758,0.0004954772188705017,3.472779584474256e-07
1.2269999999999757,0.0004874461350897639,3.4210860495789003e-07
1.2279999999999756,0.00047954503470449183,3.3701479244157076e-07
1.2289999999999754,0.00047177194340442983,3.3199553329740783e-07
1.2299999999999753,0.0004641249114486613,3.2704984839369497e-07
1.2309999999999752,0.00045660201351644834,3.2217676756377683e-07
1.2319999999999751,0.00044920134855394627,3.1737532921530254e-07
1.232999999999975,0.00044192103961919894,3.1264458069972176e-07
1.233999999999975,0.0004347592337244015,3.079835781704711e-07
1.2349999999999748,0.00042771410167528683,3.0339138669182794e-07
1.2359999999999747,0.0004207838379084828,2.988670801578122e-07
1.2369999999999746,0.00041396666032580314,2.944097415007868e-07
1.2379999999999745,0.0004072608101272292,2.900184624668109e-07
1.2389999999999743,0.0004006645516407059,2.8569234384375614e-07
1.2399999999999742,0.00039417617215022657,2.8143049535592213e-07
1.2409999999999741,0.00038779398172168305,2.772320357520737e-07
1.241999999999974,0.0003815163130269214,2.7309609272174046e-07
1.242999999999974,0.0003753415211656426,2.6902180291993663e-07
1.2439999999999738,0.0003692679834852738,2.650083120478257e-07
1.2449999999999737,0.0003632940993998522,2.6105477477248937e-07
1.2459999999999736,0.00035741829020611015,2.571603547225909e-07
1.2469999999999735,0.0003516389988988789,2.533242245321768e-07
1.2479999999999734,0.00034595468998448756,2.495455657730225e-07
1.2489999999999732,0.0003403638492928439,2.458235690153479e-07
1.2499999999999731,0.00033486498378820415,2.4215743365217646e-07
1.250999999999973,0.0003294566213784795,2.385463681417628e-07
1.251999999999973,0.0003241373107238457,2.3498958970271516e-07
1.2529999999999728,0.0003189056210432934,2.314863245516524e-07
1.2539999999999727,0.00031376014192119794,2.2803580760439798e-07
1.2549999999999726,0.0003086994831123344,2.2463728273662206e-07
1.2559999999999725,0.0003037222743461692,2.2129000250064798e-07
1.2569999999999724,0.0002988271651301013,2.1799322829198567e-07
1.2579999999999723,0.00029401282455276067,2.1474623016111416e-07
1.2589999999999721,0.00028927794108561894,2.1154828688287053e-07
1.259999999999972,0.00028462122238488225,2.0839868587405053e-07
1.260999999999972,0.000280041395092514,2.052967231795308e-07
1.2619999999999718,0.00027553720463712096,2.022417033486698e-07
1.2629999999999717,0.00027110741503395515,1.9923293946653292e-07
1.2639999999999716,0.0002667508086856052,1.9626975317470902e-07
1.2649999999999715,0.0002624661861813946,1.933514744089336e-07
1.2659999999999714,0.0002582523660977224,1.9047744165886366e-07
1.2669999999999713,0.00025410818479769685,1.8764700155911654e-07
1.2679999999999712,0.0002500324962309043,1.8485950917419836e-07
1.268999999999971,0.00024602417173361454,1.821143276862537e-07
1.269999999999971,0.00024208209982880843,1.7941082850565435e-07
1.2709999999999708,0.00023820518602665444,1.7674839118469662e-07
1.2719999999999707,0.00023439235262499023,1.741264032488997e-07
1.2729999999999706,0.00023064253851086796,1.715442602872111e-07
1.2739999999999705,0.00022695469896135578,1.690013658015195e-07
1.2749999999999704,0.0002233278054463086,1.6649713125132387e-07
1.2759999999999703,0.00021976084543021937,1.6403097576533562e-07
1.2769999999999702,0.00021625282217595454,1.6160232640038616e-07
1.27799999999997,0.000212802754547971,1.5921061778537485e-07
1.27899999999997,0.00020940967681741136,1.5685529223923023e-07
1.2799999999999698,0.0002060726384671213,1.5453579958009042e-07
1.2809999999999697,0.0002027907039977353,1.5225159721377404e-07
1.2819999999999696,0.00019956295273471764,1.5000214994035851e-07
1.2829999999999695,0.00019638847863639124,1.4778692991644984e-07
1.2839999999999694,0.000193266390102731,1.4560541658926313e-07
1.2849999999999693,0.00019019580978524092,1.4345709669402046e-07
1.2859999999999692,0.00018717587439774796,1.4134146405402406e-07
1.286999999999969,0.00018420573452882468,1.3925801963616743e-07
1.287999999999969,0.00018128455445476436,1.3720627143600991e-07
1.2889999999999688,0.00017841151195383795,1.351857343433356e-07
1.2899999999999687,0.0001755857981218877,1.3319593018378678e-07
1.2909999999999686,0.00017280661718939953,1.3123638764730647e-07
1.2919999999999685,0.00017007318633935998,1.29306641998006e-07
1.2929999999999684,0.00016738473552673248,1.2740623537947637e-07
1.2939999999999683,0.0001647405072992829,1.2553471635205066e-07
1.2949999999999682,0.0001621397566196024,1.236916401170171e-07
1.295999999999968,0.00015958175068873625,1.218765683153912e-07
1.296999999999968,0.0001570657687713954,1.200890689745729e-07
1.2979999999999678,0.00015459110202176832,1.1832871636436454e-07
1.2989999999999677,0.00015215705331233834,1.1659509108414082e-07
1.2999999999999676,0.00014976293706238754,1.1488777992884128e-07
1.3009999999999675,0.00014740807906961085,1.1320637564827749e-07
1.3019999999999674,0.00014509181634227709,1.1155047717351443e-07
1.3029999999999673,0.00014281349693347854,1.0991968929464566e-07
1.3039999999999672,0.000140572479776624,1.0831362277832074e-07
1.304999999999967,0.00013836813452284532,1.067318941166441e-07
1.305999999999967,0.00013619984137964227,1.0517412555016009e-07
1.3069999999999669,0.0001340669909514021,1.0363994511252209e-07
1.3079999999999667,0.00013196898408178134,1.0212898624495023e-07
1.3089999999999666,0.00012990523169703567,1.0064088808809865e-07
1.3099999999999665,0.00012787515465183556,9.917529523355631e-08
1.3109999999999664,0.00012587818357603927,9.773185751090971e-08
1.3119999999999663,0.0001239137587236785,9.63102302436146e-08
1.3129999999999662,0.00012198132982335332,9.491007393804679e-08
1.313999999999966,0.00012008035593015802,9.35310542713591e-08
1.314999999999966,0.00011821030527995582,9.217284216824287e-08
1.3159999999999659,0.00011637065514425409,9.083511337678804e-08
1.3169999999999658,0.00011456089168816025,8.951754887137273e-08
1.3179999999999656,0.00011278050982856358,8.8219834297118e-08
1.3189999999999655,0.00011102901309549791,8.694166039489512e-08
1.3199999999999654,0.0001093059134937779,8.568272255810375e-08
1.3209999999999653,0.00010761073136743033,8.444272086910107e-08
1.3219999999999652,0.00010594299526530283,8.322136017552967e-08
1.322999999999965,0.00010430224180843527,8.201834979801662e-08
1.323999999999965,0.00010268801555927807,8.083340374484549e-08
1.3249999999999649,0.00010109986889254174,7.966624028044392e-08
1.3259999999999648,9.953736186723653e-05,7.851658218472474e-08
1.3269999999999647,9.800006210149746e-05,7.738415664032897e-08
1.3279999999999645,9.648754464788888e-05,7.626869501535169e-08
1.3289999999999644,9.499939187106823e-05,7.516993283992329e-08
1.3299999999999643,9.353519332721419e-05,7.408760991289495e-08
1.3309999999999642,9.209454564448064e-05,7.302147010624857e-08
1.331999999999964,9.067705240536003e-05,7.197126127185538e-08
1.332999999999964,8.928232403141275e-05,7.093673531346698e-08
1.3339999999999639,8.790997766827572e-05,6.991764800673775e-08
1.3349999999999638,8.655963707332807e-05,6.891375892376442e-08
1.3359999999999637,8.523093250475359e-05,6.792483159615004e-08
1.3369999999999636,8.392350061164482e-05,6.695063317673292e-08
1.3379999999999634,8.263698432659457e-05,6.599093457099192e-08
1.3389999999999633,8.137103275915993e-05,6.504551030130437e-08
1.3399999999999632,8.012530109093629e-05,6.411413839765845e-08
1.340999999999963,7.889945047274955e-05,6.319660058847279e-08
1.341999999999963,7.769314792277647e-05,6.229268192242676e-08
1.342999999999963,7.650606622615743e-05,6.140217096058109e-08
1.3439999999999628,7.533788383685013e-05,6.052485959683399e-08
1.3449999999999627,7.418828478016369e-05,5.966054300327733e-08
1.3459999999999626,7.305695855713993e-05,5.880901966532487e-08
1.3469999999999624,7.19436000503788e-05,5.797009133877776e-08
1.3479999999999623,7.08479094314309e-05,5.7143562833417844e-08
1.3489999999999622,6.976959206920333e-05,5.632924215742338e-08
1.3499999999999621,6.870835844048329e-05,5.5526940323513685e-08
1.350999999999962,6.766392404105597e-05,5.473647148295652e-08
1.351999999999962,6.663600929891574e-05,5.395765258599597e-08
1.3529999999999618,6.562433948848384e-05,5.3190303713618325e-08
1.3539999999999617,6.462864464641769e-05,5.243424765991739e-08
1.3549999999999616,6.364865948830381e-05,5.168931012508246e-08
1.3559999999999615,6.268412332745408e-05,5.095531958095728e-08
1.3569999999999613,6.173477999413329e-05,5.02321073191786e-08
1.3579999999999612,6.0800377757126524e-05,4.951950723216733e-08
1.3589999999999611,5.988066924526869e-05,4.881735598790196e-08
1.359999999999961,5.8975411371554046e-05,4.812549269945371e-08
1.360999999999961,5.808436525789292e-05,4.744375927583436e-08
1.3619999999999608,5.7207296160783156e-05,4.677199996793238e-08
1.3629999999999607,5.6343973399098846e-05,4.6110061640430855e-08
1.3639999999999606,5.54941702820198e-05,4.5457793610044483e-08
1.3649999999999605,5.4657664039108905e-05,4.4815047519318474e-08
1.3659999999999604,5.383423575101519e-05,4.418167749101892e-08
1.3669999999999602,5.302367028155831e-05,4.355753995032366e-08
1.3679999999999601,5.222575621062454e-05,4.2942493602704523e-08
1.36899999999996,5.1440285768940076e-05,4.2336399360635296e-08
1.36999999999996,5.066705477292694e-05,4.1739120535278645e-08
1.3709999999999598,4.9905862561600735e-05,4.115052250905707e-08
1.3719999999999597,4.915651193413599e-05,4.0570472800271346e-08
1.3729999999999596,4.841880908821332e-05,3.999884110169813e-08
1.3739999999999595,4.769256356009305e-05,3.943549921293574e-08
1.3749999999999594,4.69775881651985e-05,3.8880320884712716e-08
1.3759999999999593,4.62736989399342e-05,3.8333182020549444e-08
1.3769999999999591,4.558071508433888e-05,3.779396042348851e-08
1.377999999999959,4.489845890617671e-05,3.7262535802599916e-08
1.378999999999959,4.422675576537244e-05,3.673878991262633e-08
1.3799999999999588,4.3565434019864563e-05,3.622260637747496e-08
1.3809999999999587,4.291432497240294e-05,3.571387051761257e-08
1.3819999999999586,4.227326281797468e-05,3.521246970785222e-08
1.3829999999999585,4.16420845922643e-05,3.4718292977499454e-08
1.3839999999999584,4.102063012131437e-05,3.423123115086496e-08
1.3849999999999583,4.040874197185711e-05,3.3751176854203424e-08
1.3859999999999582,3.9806265402255286e-05,3.3278024321424515e-08
1.386999999999958,3.921304831482644e-05,3.281166955628953e-08
1.387999999999958,3.862894120881095e-05,3.235201013161715e-08
1.3889999999999578,3.8053797133617824e-05,3.189894534801063e-08
1.3899999999999577,3.7487471644171915e-05,3.1452376088574735e-08
1.3909999999999576,3.692982275574113e-05,3.101220469791874e-08
1.3919999999999575,3.638071090041335e-05,3.05783352167778e-08
1.3929999999999574,3.5839998883733e-05,3.0150673101421444e-08
1.3939999999999573,3.530755184300481e-05,2.9729125379344967e-08
1.3949999999999572,3.4783237205169334e-05,2.9313600492710673e-08
1.395999999999957,3.426692464661393e-05,2.890400837987986e-08
1.396999999999957,3.375848605269635e-05,2.850026035094641e-08
1.3979999999999568,3.325779547875334e-05,2.8102269224346277e-08
1.3989999999999567,3.2764729111436265e-05,2.7709949036291287e-08
1.3999999999999566,3.227916523066566e-05,2.7323215309217608e-08
1.4009999999999565,3.180098417264552e-05,2.6941984828440096e-08
1.4019999999999564,3.1330068293393374e-05,2.6566175747536752e-08
1.4029999999999563,3.086630193241387e-05,2.6195707464315987e-08
1.4039999999999562,3.040957137807622e-05,2.583050059826522e-08
1.404999999999956,2.995976483253881e-05,2.5470477180503104e-08
1.405999999999956,2.9516772378130333e-05,2.5115560256961517e-08
1.4069999999999558,2.9080485943920858e-05,2.4765674204105248e-08
1.4079999999999557,2.865079927292788e-05,2.4420744639593733e-08
1.4089999999999556,2.822760789001999e-05,2.4080698211945833e-08
1.4099999999999555,2.781080907026765e-05,2.374546272760833e-08
1.4109999999999554,2.7400301808428894e-05,2.3414967245498353e-08
1.4119999999999553,2.6995986787851682e-05,2.3089141838912586e-08
1.4129999999999552,2.659776635115355e-05,2.276791768703393e-08
1.413999999999955,2.6205544470820308e-05,2.2451227060620027e-08
1.414999999999955,2.5819226720029054e-05,2.2139003250879613e-08
1.4159999999999549,2.543872024520485e-05,2.1831180611105866e-08
1.4169999999999547,2.5063933737379795e-05,2.1527694507236794e-08
1.4179999999999546,2.469477740571478e-05,2.1228481323493087e-08
1.4189999999999545,2.433116295049135e-05,2.0933478428117325e-08
1.4199999999999544,2.397300353657904e-05,2.0642624159929873e-08
1.4209999999999543,2.362021376832131e-05,2.0355857810981648e-08
1.4219999999999542,2.327270966371483e-05,2.007311959012492e-08
1.422999999999954,2.293040862991698e-05,1.9794350668116134e-08
1.423999999999954,2.259322943861086e-05,1.951949312167106e-08
1.4249999999999539,2.226109220233444e-05,1.9248489897902982e-08
1.4259999999999537,2.193391835085896e-05,1.8981284823429978e-08
1.4269999999999536,2.1611630608338267e-05,1.871782257661936e-08
1.4279999999999535,2.1294152970231157e-05,1.8458048766083895e-08
1.4289999999999534,2.0981410681697042e-05,1.8201909787133458e-08
1.4299999999999533,2.067333021523559e-05,1.794935281700452e-08
1.4309999999999532,2.0369839249740207e-05,1.770032587037132e-08
1.431999999999953,2.0070866649162878e-05,1.745477780194793e-08
1.432999999999953,1.977634244202116e-05,1.72126582219205e-08
1.4339999999999529,1.9486197801097858e-05,1.697391748033475e-08
1.4349999999999528,1.9200365023668117e-05,1.673850673344912e-08
1.4359999999999526,1.891877751180636e-05,1.650637785786599e-08
1.4369999999999525,1.8641369753369554e-05,1.6277483412367733e-08
1.4379999999999524,1.836807730318167e-05,1.6051776825266872e-08
1.4389999999999523,1.809883676446231e-05,1.5829212125090253e-08
1.4399999999999522,1.7833585770804773e-05,1.5609743973105106e-08
1.440999999999952,1.7572262968319582e-05,1.5393327904879295e-08
1.441999999999952,1.731480799816715e-05,1.5179919980300854e-08
1.4429999999999519,1.7061161479492526e-05,1.496947699781634e-08
1.4439999999999518,1.6811264992472757e-05,1.4761956395985265e-08
1.4449999999999517,1.6565061061736035e-05,1.4557316234831835e-08
1.4459999999999515,1.632249314034591e-05,1.4355515190640766e-08
1.4469999999999514,1.6083505593667933e-05,1.4156512624478867e-08
1.4479999999999513,1.584804368380309e-05,1.3960268516275548e-08
1.4489999999999512,1.5616053554213636e-05,1.3766743345126897e-08
1.449999999999951,1.5387482214724613e-05,1.3575898328687525e-08
1.450999999999951,1.5162277526405504e-05,1.3387695143012718e-08
1.4519999999999509,1.4940388187539226e-05,1.320209608041828e-08
1.4529999999999508,1.4721763718796168e-05,1.3019064071598252e-08
1.4539999999999507,1.4506354449699692e-05,1.2838562489167482e-08
1.4549999999999506,1.429411150454583e-05,1.2660555347154823e-08
1.4559999999999504,1.4084986789032322e-05,1.248500711061723e-08
1.4569999999999503,1.3878932976757831e-05,1.2311882874749963e-08
1.4579999999999502,1.3675903496736818e-05,1.2141148140673574e-08
1.4589999999999501,1.3475852519894674e-05,1.1972769088219176e-08
1.45999999999995,1.327873494714672e-05,1.1806712218575405e-08
1.46099999999995,1.3084506396461628e-05,1.164294460885909e-08
1.4619999999999498,1.2893123191371699e-05,1.1481433845762085e-08
1.4629999999999497,1.2704542348566694e-05,1.1322148039862728e-08
1.4639999999999496,1.2518721566507084e-05,1.1165055710700422e-08
1.4649999999999495,1.2335619213746285e-05,1.1010125795882925e-08
1.4659999999999493,1.2155194317807348e-05,1.0857327747363504e-08
1.4669999999999492,1.1977406554184258e-05,1.0706631534476707e-08
1.4679999999999491,1.1802216235223584e-05,1.0558007483476434e-08
1.468999999999949,1.1629584299577394e-05,1.0411426401134988e-08
1.469999999999949,1.1459472301907141e-05,1.0266859469358625e-08
1.4709999999999488,1.1291842402272194e-05,1.0124278377893897e-08
1.4719999999999487,1.112665735630386e-05,9.983655158227883e-09
1.4729999999999486,1.0963880505107258e-05,9.844962319763978e-09
1.4739999999999485,1.0803475765284968e-05,9.708172733595422e-09
1.4749999999999484,1.0645407620062674e-05,9.573259658959832e-09
1.4759999999999482,1.0489641109117052e-05,9.440196781836802e-09
1.4769999999999481,1.0336141819785517e-05,9.308958202804835e-09
1.477999999999948,1.018487587783005e-05,9.179518280482551e-09
1.478999999999948,1.003580993841999e-05,9.05185185617538e-09
1.4799999999999478,9.888911177628094e-06,8.925934158032084e-09
1.4809999999999477,9.744147283705497e-06,8.801740702165523e-09
1.4819999999999476,9.601486448593724e-06,8.679247405409679e-09
1.4829999999999475,9.460897359545528e-06,8.55843045044491e-09
1.4839999999999474,9.322349191217447e-06,8.439266539934931e-09
1.4849999999999473,9.185811597386428e-06,8.32173256042415e-09
1.4859999999999471,9.051254703193561e-06,8.20580578139718e-09
1.486999999999947,8.918649097583763e-06,8.09146382969167e-09
1.487999999999947,8.787965825255377e-06,7.978684640926048e-09
1.4889999999999468,8.659176379709615e-06,7.867446439550202e-09
1.4899999999999467,8.532252695513678e-06,7.757727822112204e-09
1.4909999999999466,8.407167141362844e-06,7.649507660113797e-09
1.4919999999999465,8.283892512889044e-06,7.542765105214566e-09
1.4929999999999464,8.162402025642115e-06,7.437479753596987e-09
1.4939999999999463,8.042669308377103e-06,7.333631243944261e-09
1.4949999999999461,7.92466839628831e-06,7.231199705866331e-09
1.495999999999946,7.80837372421537e-06,7.130165531350069e-09
1.496999999999946,7.693760120665996e-06,7.030509370856142e-09
1.4979999999999458,7.580802800824736e-06,6.9322121038287166e-09
1.4989999999999457,7.469477360746205e-06,6.8352549406104635e-09
1.4999999999999456,7.359759770975702e-06,6.7396193955543415e-09
1.5009999999999455,7.2516263705182875e-06,6.645287177302339e-09
1.5019999999999454,7.145053861069451e-06,6.552240242995583e-09
1.5029999999999453,7.040019300932043e-06,6.4604609049598305e-09
1.5039999999999452,6.93650009919808e-06,6.369931675881402e-09
1.504999999999945,6.834474010693055e-06,6.280635268807178e-09
1.505999999999945,6.733919129750736e-06,6.192554724646776e-09
1.5069999999999448,6.634813885005653e-06,6.105673298548164e-09
1.5079999999999447,6.537137034298888e-06,6.019974479846979e-09
1.5089999999999446,6.440867658815961e-06,5.935441980790823e-09
1.5099999999999445,6.345985158567526e-06,5.852059798555631e-09
1.5109999999999444,6.25246924687713e-06,5.769812107692812e-09
1.5119999999999443,6.160299945582505e-06,5.68868328441538e-09
1.5129999999999442,6.069457579873322e-06,5.608658024559149e-09
1.513999999999944,5.979922773790112e-06,5.529721166207258e-09
1.514999999999944,5.891676445203099e-06,5.451857747369726e-09
1.5159999999999438,5.804699801373697e-06,5.375053106597416e-09
1.5169999999999437,5.718974334041762e-06,5.299292680886747e-09
1.5179999999999436,5.634481815190758e-06,5.224562226856938e-09
1.5189999999999435,5.5512042926045e-06,5.150847569215106e-09
1.5199999999999434,5.469124085274324e-06,5.078134902164466e-09
1.5209999999999433,5.388223779301982e-06,5.006410453735344e-09
1.5219999999999432,5.308486223695198e-06,4.935660769412459e-09
1.522999999999943,5.229894526077341e-06,4.865872483151429e-09
1.523999999999943,5.15243204874971e-06,4.797032509499394e-09
1.5249999999999428,5.076082404517185e-06,4.729127873592115e-09
1.5259999999999427,5.000829453027746e-06,4.66214585296762e-09
1.5269999999999426,4.926657296544516e-06,4.596073873482792e-09
1.5279999999999425,4.853550276278865e-06,4.53089949717031e-09
1.5289999999999424,4.781492968897298e-06,4.4666105154800295e-09
1.5299999999999423,4.710470182371896e-06,4.40319483045043e-09
1.5309999999999422,4.6404669527526864e-06,4.340640659839662e-09
1.531999999999942,4.571468540253784e-06,4.2789362127322594e-09
1.532999999999942,4.503460426186526e-06,4.218069937170915e-09
1.5339999999999419,4.436428308940066e-06,4.158030475487351e-09
1.5349999999999417,4.370358101200322e-06,4.09880659534706e-09
1.5359999999999416,4.30523592614318e-06,4.040387193652434e-09
1.5369999999999415,4.241048114384033e-06,3.982761402794577e-09
1.5379999999999414,4.177781200674128e-06,3.925918434094511e-09
1.5389999999999413,4.115421920768503e-06,3.869847632880646e-09
1.5399999999999412,4.053957208290558e-06,3.814538622904512e-09
1.540999999999941,3.9933741916266365e-06,3.759981051770084e-09
1.541999999999941,3.933660190896605e-06,3.7061647275432597e-09
1.5429999999999409,3.874802715226849e-06,3.6530796356654127e-09
1.5439999999999408,3.816789459259492e-06,3.600715887779049e-09
1.5449999999999406,3.759608300985647e-06,3.549063739942404e-09
1.5459999999999405,3.7032472984154445e-06,3.4981136130124435e-09
1.5469999999999404,3.6476946869628976e-06,3.447855930881899e-09
1.5479999999999403,3.5929388766450985e-06,3.3982814145148976e-09
1.5489999999999402,3.538968449543263e-06,3.3493808607697184e-09
1.54999999999994,3.4857721569857362e-06,3.3011451059695995e-09
1.55099999999994,3.4333389170101325e-06,3.253565290881749e-09
1.5519999999999399,3.381657811754524e-06,3.2066324964254156e-09
1.5529999999999398,3.330718085092972e-06,3.1603380511516233e-09
1.5539999999999397,3.280509139987428e-06,3.1146733334846965e-09
1.5549999999999395,3.2310205359387274e-06,3.0696298914181797e-09
1.5559999999999394,3.182241986987711e-06,3.025199355344982e-09
1.5569999999999393,3.1341633588971323e-06,2.98137350918104e-09
1.5579999999999392,3.086774667160358e-06,2.9381441984249745e-09
1.558999999999939,3.040066074399851e-06,2.8955034546244984e-09
1.559999999999939,2.9940278885133003e-06,2.853443305424197e-09
1.5609999999999389,2.9486505600795576e-06,2.8119560733716464e-09
1.5619999999999388,2.9039246803551364e-06,2.7710339361650127e-09
1.5629999999999387,2.8598409792002376e-06,2.7306694123756248e-09
1.5639999999999386,2.8163903226955158e-06,2.690855005829662e-09
1.5649999999999384,2.773563711366856e-06,2.651583340049224e-09
1.5659999999999383,2.7313522778500054e-06,2.612847189043671e-09
1.5669999999999382,2.689747285251081e-06,2.574639285622682e-09
1.567999999999938,2.6487401248064758e-06,2.5369526804840115e-09
1.568999999999938,2.6083223140720253e-06,2.499780355803838e-09
1.569999999999938,2.5684854949380404e-06,2.463115432536217e-09
1.5709999999999378,2.52922143192179e-06,2.4269511053609527e-09
1.5719999999999377,2.490522010124058e-06,2.3912807506701328e-09
1.5729999999999376,2.452379233318714e-06,2.356097758733633e-09
1.5739999999999374,2.414785222666026e-06,2.321395624338418e-09
1.5749999999999373,2.3777322140664945e-06,2.2871679064562223e-09
1.5759999999999372,2.341212557306477e-06,2.253408326255424e-09
1.5769999999999371,2.305218713683154e-06,2.220110643068318e-09
1.577999999999937,2.269743254589984e-06,2.187268650054308e-09
1.578999999999937,2.234778860076776e-06,2.1548763437691243e-09
1.5799999999999368,2.200318316484617e-06,2.122927714263284e-09
1.5809999999999367,2.166354515752983e-06,2.091416883426289e-09
1.5819999999999366,2.132880453191822e-06,2.0603380026379403e-09
1.5829999999999365,2.0998892259846675e-06,2.0296853486118094e-09
1.5839999999999363,2.0673740319469517e-06,1.999453251837896e-09
1.5849999999999362,2.035328167740492e-06,1.96963613778231e-09
1.5859999999999361,2.003745027450618e-06,1.94022849089176e-09
1.586999999999936,1.972618101175158e-06,1.9112249187783203e-09
1.587999999999936,1.9419409734392665e-06,1.882620013875236e-09
1.5889999999999358,1.911707321923354e-06,1.854408527342949e-09
1.5899999999999357,1.8819109159447238e-06,1.8265851999335614e-09
1.5909999999999356,1.8525456152995575e-06,1.7991449424020756e-09
1.5919999999999355,1.8236053683258512e-06,1.7720826902233033e-09
1.5929999999999354,1.7950842113597874e-06,1.7453934005561e-09
1.5939999999999352,1.766976266768069e-06,1.7190721650003904e-09
1.5949999999999351,1.7392757419975266e-06,1.693114108983207e-09
1.595999999999935,1.7119769281524613e-06,1.6675144294889255e-09
1.596999999999935,1.6850741987291073e-06,1.6422684401620757e-09
1.5979999999999348,1.6585620085381564e-06,1.6173714104117387e-09
1.5989999999999347,1.6324348921603223e-06,1.5928187649047465e-09
1.5999999999999346,1.606687463172594e-06,1.568605991625338e-09
1.6009999999999345,1.5813144124781151e-06,1.5447285083014517e-09
1.6019999999999344,1.5563105075853217e-06,1.5211820132525478e-09
1.6029999999999343,1.5316705911286122e-06,1.4979620972452312e-09
1.6039999999999341,1.5073895798618382e-06,1.4750644312770678e-09
1.604999999999934,1.4834624636988892e-06,1.4524848220877351e-09
1.605999999999934,1.4598843043259216e-06,1.4302190421561223e-09
1.6069999999999338,1.4366502342251569e-06,1.4082630196525503e-09
1.6079999999999337,1.4137554556633335e-06,1.3866126185625716e-09
1.6089999999999336,1.3911952397704973e-06,1.3652638355780844e-09
1.6099999999999335,1.3689649250224528e-06,1.3442127203000531e-09
1.6109999999999334,1.3470599167977217e-06,1.323455372202742e-09
1.6119999999999333,1.325475686136381e-06,1.3029879167812675e-09
1.6129999999999332,1.3042077685167748e-06,1.2828065875172823e-09
1.613999999999933,1.283251763238636e-06,1.262907565417054e-09
1.614999999999933,1.2626033324385359e-06,1.2432871893466868e-09
1.6159999999999328,1.2422581998760542e-06,1.2239418046774975e-09
1.6169999999999327,1.2222121501076068e-06,1.2048677888731874e-09
1.6179999999999326,1.2024610277526173e-06,1.1860615952916098e-09
1.6189999999999325,1.1830007363918218e-06,1.1675197462458764e-09
1.6199999999999324,1.1638272378029705e-06,1.1492386894559892e-09
1.6209999999999323,1.1449365509395398e-06,1.1312151259115777e-09
1.6219999999999322,1.1263247511959253e-06,1.1134456121865421e-09
1.622999999999932,1.1079879695881465e-06,1.0959268501378738e-09
1.623999999999932,1.0899223916295807e-06,1.0786555234079676e-09
1.6249999999999318,1.0721242569867582e-06,1.061628425360478e-09
1.6259999999999317,1.05458985811617e-06,1.044842368007337e-09
1.6269999999999316,1.0373155399665363e-06,1.028294193284457e-09
1.6279999999999315,1.0202976989492877e-06,1.0119807795569424e-09
1.6289999999999314,1.0035327819984073e-06,9.958990927934341e-10
1.6299999999999313,9.870172861295923e-07,9.800460985288917e-10
1.6309999999999312,9.707477576232733e-07,9.64418754492019e-10
1.631999999999931,9.547207909276656e-07,9.490141675977393e-10
1.632999999999931,9.389330285369919e-07,9.338293810098874e-10
1.6339999999999308,9.233811596056652e-07,9.188616287118812e-10
1.6349999999999307,9.080619199061292e-07,9.041079677453434e-10
1.6359999999999306,8.929720904924274e-07,8.895656490072457e-10
1.6369999999999305,8.781084973273445e-07,8.752318891337707e-10
1.6379999999999304,8.634680109452666e-07,8.611040192528507e-10
1.6389999999999303,8.490475449629554e-07,8.471792906951381e-10
1.6399999999999302,8.348440562087835e-07,8.334550584410128e-10
1.64099999999993,8.208545435149846e-07,8.199287763500929e-10
1.64199999999993,8.070760474732738e-07,8.065977707798211e-10
1.6429999999999298,7.935056496237374e-07,7.934595133707312e-10
1.6439999999999297,7.801404718128795e-07,7.805115442849342e-10
1.6449999999999296,7.669776756398866e-07,7.677513377650491e-10
1.6459999999999295,7.540144618556349e-07,7.551764500193792e-10
1.6469999999999294,7.412480697838887e-07,7.427844840937614e-10
1.6479999999999293,7.286757766949731e-07,7.305729875228817e-10
1.6489999999999292,7.162948971867242e-07,7.185396739411987e-10
1.649999999999929,7.041027827646591e-07,7.066821689459546e-10
1.650999999999929,6.920968211911666e-07,6.949981870389699e-10
1.6519999999999289,6.802744359755356e-07,6.834854847891092e-10
1.6529999999999287,6.686330857181945e-07,6.721417940454277e-10
1.6539999999999286,6.571702638300053e-07,6.609649485719848e-10
1.6549999999999285,6.458834976050768e-07,6.499527179480713e-10
1.6559999999999284,6.347703482864943e-07,6.391029567544282e-10
1.6569999999999283,6.238284099396856e-07,6.28413544725287e-10
1.6579999999999282,6.130553093570913e-07,6.178824457289678e-10
1.658999999999928,6.024487054355219e-07,6.075074839885508e-10
1.659999999999928,5.92006288750278e-07,5.972866558984213e-10
1.6609999999999279,5.817257809654433e-07,5.872179613224116e-10
1.6619999999999278,5.716049344767577e-07,5.772994131347797e-10
1.6629999999999276,5.616415318627918e-07,5.675289934184424e-10
1.6639999999999275,5.518333855689447e-07,5.579047718598518e-10
1.6649999999999274,5.421783373255473e-07,5.48424840696865e-10
1.6659999999999273,5.326742577229873e-07,5.390873190555534e-10
1.6669999999999272,5.233190457752653e-07,5.298903564196489e-10
1.667999999999927,5.141106286606439e-07,5.208320051283688e-10
1.668999999999927,5.050469610457042e-07,5.119105022689807e-10
1.6699999999999269,4.961260249162224e-07,5.031240931686887e-10
1.6709999999999268,4.873458289457298e-07,4.944709420563742e-10
1.6719999999999267,4.787044082316549e-07,4.859492695394318e-10
1.6729999999999265,4.701998238926357e-07,4.775573725530891e-10
1.6739999999999264,4.6183016266555773e-07,4.692935506346585e-10
1.6749999999999263,4.5359353657902806e-07,4.611560326314712e-10
1.6759999999999262,4.4548808239047433e-07,4.531432559913562e-10
1.676999999999926,4.375119615651493e-07,4.45253464306794e-10
1.677999999999926,4.296633594208286e-07,4.3748510022978415e-10
1.6789999999999259,4.219404853595004e-07,4.298365383244296e-10
1.6799999999999258,4.1434157216372366e-07,4.223061496853864e-10
1.6809999999999257,4.0686487542709326e-07,4.148923626531853e-10
1.6819999999999256,3.9950867378379163e-07,4.075936632479127e-10
1.6829999999999254,3.9227126824152525e-07,4.004084880500358e-10
1.6839999999999253,3.851509819342574e-07,3.933353473657697e-10
1.6849999999999252,3.7814615954826905e-07,3.8637270813324243e-10
1.6859999999999251,3.7125516758139695e-07,3.795191118836916e-10
1.686999999999925,3.6447639331032533e-07,3.7277309581154605e-10
1.687999999999925,3.5780824526294786e-07,3.6613317282510605e-10
1.6889999999999248,3.512491522097028e-07,3.595979490740586e-10
1.6899999999999247,3.4479756320153404e-07,3.531660549942195e-10
1.6909999999999246,3.384519474165293e-07,3.4683602474425146e-10
1.6919999999999245,3.32210793692631e-07,3.40606532561738e-10
1.6929999999999243,3.2607261008655676e-07,3.344761776574723e-10
1.6939999999999242,3.200359239885119e-07,3.2844365855516644e-10
1.6949999999999241,3.1409928156199077e-07,3.225076026548701e-10
1.695999999999924,3.082612475969563e-07,3.166667271285728e-10
1.696999999999924,3.0252040524366684e-07,3.109197621586901e-10
1.6979999999999238,2.968753556594923e-07,3.052653355789525e-10
1.6989999999999237,2.913247179874193e-07,2.9970225043016163e-10
1.6999999999999236,2.858671287379555e-07,2.9422924903779735e-10
1.7009999999999235,2.8050124195517074e-07,2.8884506592108394e-10
1.7019999999999234,2.75225728809766e-07,2.835485487899525e-10
1.7029999999999232,2.700392772538118e-07,2.7833840787749864e-10
1.7039999999999231,2.6494059181888526e-07,2.732134887252491e-10
1.704999999999923,2.5992839370426636e-07,2.6817262646638973e-10
1.705999999999923,2.5500142010741093e-07,2.6321460809553e-10
1.7069999999999228,2.501584242632224e-07,2.5833832859381567e-10
1.7079999999999227,2.4539817535987493e-07,2.5354260921664484e-10
1.7089999999999226,2.4071945800841415e-07,2.488263800733137e-10
1.7099999999999225,2.3612107206490935e-07,2.4418845938345424e-10
1.7109999999999224,2.316018327609763e-07,2.396278180223643e-10
1.7119999999999223,2.2716057027333148e-07,2.351432989294855e-10
1.7129999999999221,2.2279612944920333e-07,2.3073389336311645e-10
1.713999999999922,2.1850736992244752e-07,2.2639846247729523e-10
1.714999999999922,2.1429316543962393e-07,2.2213607819496217e-10
1.7159999999999218,2.1015240426881035e-07,2.1794558388923968e-10
1.7169999999999217,2.060839884627806e-07,2.1382601852332206e-10
1.7179999999999216,2.020868341598018e-07,2.0977638419752975e-10
1.7189999999999215,1.9815987111388102e-07,2.0579564614930934e-10
1.7199999999999214,1.9430204245633112e-07,2.018827670140222e-10
1.7209999999999213,1.9051230486004596e-07,1.9803688766986682e-10
1.7219999999999211,1.8678962825665836e-07,1.9425695904282114e-10
1.722999999999921,1.8313299535378145e-07,1.905420487190168e-10
1.723999999999921,1.7954140198509834e-07,1.86891232524522e-10
1.7249999999999208,1.76013856488296e-07,1.8330351733014671e-10
1.7259999999999207,1.7254938001654787e-07,1.7977803187102515e-10
1.7269999999999206,1.6914700588955235e-07,1.7631390488229148e-10
1.7279999999999205,1.6580577983438316e-07,1.7291014063267052e-10
1.7289999999999204,1.625247598433717e-07,1.695659550271511e-10
1.7299999999999203,1.593030156083436e-07,1.6628037185009714e-10
1.7309999999999202,1.5613962889608076e-07,1.6305255062798452e-10
1.73199999999992,1.5303369312216758e-07,1.5988172417935598e-10
1.73299999999992,1.4998431330555168e-07,1.567668772572972e-10
1.7339999999999198,1.4699060582429614e-07,1.5370733201860998e-10
1.7349999999999197,1.4405169845827332e-07,1.507021651567242e-10
1.7359999999999196,1.4116673035722888e-07,1.4775060602073564e-10
1.7369999999999195,1.38334851277596e-07,1.4485179722356634e-10
1.7379999999999194,1.3555522244744532e-07,1.4200499803829203e-10
1.7389999999999193,1.3282701546580825e-07,1.3920937536396338e-10
1.7399999999999192,1.301494130384887e-07,1.3646420798929526e-10
1.740999999999919,1.275216082363112e-07,1.3376863982825227e-10
1.741999999999919,1.2494280465125223e-07,1.3112193405703798e-10
1.7429999999999188,1.2241221615214976e-07,1.2852341890398633e-10
1.7439999999999187,1.199290670713891e-07,1.259722708091271e-10
1.7449999999999186,1.1749259168424193e-07,1.2346777029589862e-10
1.7459999999999185,1.1510203441795432e-07,1.210091844436323e-10
1.7469999999999184,1.1275664949794249e-07,1.1859583410808727e-10
1.7479999999999183,1.1045570116320774e-07,1.1622698983804192e-10
1.7489999999999182,1.0819846328762346e-07,1.1390196121355278e-10
1.749999999999918,1.0598421931297844e-07,1.1162006605461294e-10
1.750999999999918,1.0381226219173885e-07,1.0938059529300159e-10
1.7519999999999178,1.0168189443600601e-07,1.0718288930011699e-10
1.7529999999999177,9.95924276260653e-08,1.0502632661127387e-10
1.7539999999999176,9.754318286645985e-08,1.0291014698390888e-10
1.7549999999999175,9.553349027984504e-08,1.0083382696521315e-10
1.7559999999999174,9.35626888873375e-08,9.879663059875199e-11
1.7569999999999173,9.163012674477205e-08,9.679794032296796e-11
1.7579999999999172,8.97351609097924e-08,9.483721577149828e-11
1.758999999999917,8.787715699461789e-08,9.291375134556912e-11
1.759999999999917,8.605548932038559e-08,9.102698065796555e-11
1.7609999999999169,8.426954094689532e-08,8.917628441240666e-11
1.7619999999999167,8.25187032024827e-08,8.736108798174103e-11
1.7629999999999166,8.080237605069276e-08,8.558079115164596e-11
1.7639999999999165,7.911996756978618e-08,8.383484011165176e-11
1.7649999999999164,7.747089419239716e-08,8.21226268411801e-11
1.7659999999999163,7.585458060083022e-08,8.044363005582644e-11
1.7669999999999162,7.427045928501372e-08,7.879726818954547e-11
1.767999999999916,7.271797094797965e-08,7.718300694750657e-11
1.768999999999916,7.119656413352997e-08,7.560030075917656e-11
1.7699999999999159,6.970569521523121e-08,7.404861489604397e-11
1.7709999999999158,6.824482835543067e-08,7.25274402167686e-11
1.7719999999999156,6.681343533070024e-08,7.10362515338181e-11
1.7729999999999155,6.541099544750838e-08,6.957452756278792e-11
1.7739999999999154,6.40369956847721e-08,6.814176566755092e-11
1.7749999999999153,6.269093036762958e-08,6.673747535504426e-11
1.7759999999999152,6.137230121221072e-08,6.536115095337469e-11
1.776999999999915,6.008061709428527e-08,6.40123253882463e-11
1.777999999999915,5.8815394240864195e-08,6.269053115168233e-11
1.7789999999999149,5.757615598247587e-08,6.139527124540689e-11
1.7799999999999148,5.6362432697185e-08,6.012611025382752e-11
1.7809999999999147,5.517376165722866e-08,5.888256288805183e-11
1.7819999999999145,5.4009687181923375e-08,5.766417681893343e-11
1.7829999999999144,5.286976036115657e-08,5.6470528773944206e-11
1.7839999999999143,5.175353899725316e-08,5.5301145607256075e-11
1.7849999999999142,5.0660587736599455e-08,5.4155644812342585e-11
1.785999999999914,4.9590477670371923e-08,5.3033586636802577e-11
1.786999999999914,4.8542786473008e-08,5.1934520486213165e-11
1.7879999999999139,4.751709848859714e-08,5.085803653215315e-11
1.7889999999999138,4.6513004098146894e-08,4.980380821292818e-11
1.7899999999999137,4.5530100395272746e-08,4.877132378511284e-11
1.7909999999999136,4.456799051577952e-08,4.7760216788372833e-11
1.7919999999999134,4.3626283780310975e-08,4.677016369677989e-11
1.7929999999999133,4.270459583928712e-08,4.580068702769724e-11
1.7939999999999132,4.1802548158539556e-08,4.485148146979312e-11
1.794999999999913,4.091976835444127e-08,4.392213502624198e-11
1.795999999999913,4.005588987748827e-08,4.301229381345473e-11
1.796999999999913,3.921055213256356e-08,4.21216117540979e-11
1.7979999999999128,3.8383400122332974e-08,4.124970330587896e-11
1.7989999999999127,3.757408485331612e-08,4.039622022306011e-11
1.7999999999999126,3.678226267646406e-08,3.9560864566884346e-11
