input_v,output_v,vdd_current_a
0.0,1.6199999895137385,1.6200378712138974e-12
0.001,1.6199999894990622,1.6200396059373734e-12
0.002,1.6199999894889565,1.6200404732991114e-12
0.003,1.6199999894788295,1.6200422080225874e-12
0.004,1.6199999894686679,1.6200435090651943e-12
0.005,1.6199999894584702,1.6200452437886703e-12
0.006,1.6199999894482382,1.6200461111504083e-12
0.007,1.619999989437959,1.6200491469164913e-12
0.008,1.619999989427653,1.6200495805973603e-12
0.009000000000000001,1.6199999894173118,1.6200513153208362e-12
0.010000000000000002,1.6199999894069257,1.6200534837251812e-12
0.011000000000000003,1.619999989396507,1.6200560858103952e-12
0.012000000000000004,1.619999989386046,1.6200582542147401e-12
0.013000000000000005,1.6199999893755472,1.6200604226190851e-12
0.014000000000000005,1.6199999893650112,1.620063024704299e-12
0.015000000000000006,1.6199999893544486,1.620063892066037e-12
0.016000000000000007,1.6199999893438384,1.620065626789513e-12
0.017000000000000008,1.6199999893331798,1.620069963598203e-12
0.01800000000000001,1.6199999893224937,1.620071698321679e-12
0.01900000000000001,1.619999989311766,1.620074734087762e-12
0.02000000000000001,1.6199999893009982,1.6200773361729759e-12
0.02100000000000001,1.619999989290198,1.6200790708964519e-12
0.022000000000000013,1.6199999892793502,1.6200816729816658e-12
0.023000000000000013,1.619999989268462,1.6200860097903558e-12
0.024000000000000014,1.6199999892575372,1.6200886118755697e-12
0.025000000000000015,1.619999989246572,1.6200916476416527e-12
0.026000000000000016,1.6199999892355683,1.6200951170886047e-12
0.027000000000000017,1.619999989224525,1.6200981528546876e-12
0.028000000000000018,1.6199999892134347,1.6201016223016396e-12
0.02900000000000002,1.6199999892023045,1.6201050917485915e-12
0.03000000000000002,1.6199999891911334,1.6201089948764125e-12
0.03100000000000002,1.6199999891799204,1.6201141990468404e-12
0.03200000000000002,1.6199999891686705,1.6201176684937924e-12
0.03300000000000002,1.619999989157381,1.6201207042598753e-12
0.03400000000000002,1.6199999891460397,1.6201250410685653e-12
0.035000000000000024,1.6199999891346482,1.6201319799624692e-12
0.036000000000000025,1.6199999891232255,1.620136750452028e-12
0.037000000000000026,1.6199999891117618,1.620141087260718e-12
0.03800000000000003,1.6199999891002572,1.620145857750277e-12
0.03900000000000003,1.6199999890887045,1.620151061920705e-12
0.04000000000000003,1.6199999890771082,1.6201566997720018e-12
0.04100000000000003,1.6199999890654693,1.6201619039424298e-12
0.04200000000000003,1.6199999890537928,1.6201675417937267e-12
0.04300000000000003,1.6199999890420584,1.6201736133258926e-12
0.04400000000000003,1.6199999890302856,1.6201805522197965e-12
0.04500000000000003,1.61999998901847,1.6201870574328314e-12
0.046000000000000034,1.6199999890066035,1.6201944300076043e-12
0.047000000000000035,1.6199999889947048,1.6201996341780323e-12
0.048000000000000036,1.6199999889827508,1.6202074404336742e-12
0.04900000000000004,1.6199999889707473,1.620214813008447e-12
0.05000000000000004,1.6199999889587078,1.62022218558322e-12
0.05100000000000004,1.619999988946618,1.6202286907962549e-12
0.05200000000000004,1.619999988934473,1.6202386654562417e-12
0.05300000000000004,1.619999988922285,1.6202473390736216e-12
0.05400000000000004,1.6199999889100525,1.6202564463718705e-12
0.05500000000000004,1.6199999888977779,1.6202642526275124e-12
0.05600000000000004,1.6199999888854493,1.6202742272874993e-12
0.057000000000000044,1.6199999888730767,1.6202829009048791e-12
0.058000000000000045,1.6199999888606478,1.620293742926604e-12
0.059000000000000045,1.6199999888481769,1.6203037175865909e-12
0.060000000000000046,1.6199999888356502,1.6203154269700537e-12
0.06100000000000005,1.6199999888230792,1.6203262689917786e-12
0.06200000000000005,1.6199999888104544,1.6203375446943724e-12
0.06300000000000004,1.6199999887977814,1.6203492540778353e-12
0.06400000000000004,1.619999988785057,1.620362698184774e-12
0.06500000000000004,1.6199999887722847,1.620374841249106e-12
0.06600000000000004,1.6199999887594578,1.6203887190369137e-12
0.06700000000000005,1.6199999887465757,1.6204030305055905e-12
0.06800000000000005,1.6199999887336451,1.6204177756551363e-12
0.06900000000000005,1.61999998872066,1.6204333881664201e-12
0.07000000000000005,1.61999998870763,1.620448133315966e-12
0.07100000000000005,1.619999988694543,1.6204637458272497e-12
0.07200000000000005,1.6199999886814085,1.6204802257002715e-12
0.07300000000000005,1.6199999886682082,1.6204980066159003e-12
0.07400000000000005,1.61999998865496,1.62051535385066e-12
0.07500000000000005,1.6199999886416592,1.6205322674045508e-12
0.07600000000000005,1.6199999886283054,1.6205509156819176e-12
0.07700000000000005,1.619999988614885,1.6205725997253673e-12
0.07800000000000006,1.6199999886014196,1.620592115364472e-12
0.07900000000000006,1.6199999885878968,1.6206124983653147e-12
0.08000000000000006,1.6199999885743155,1.6206341824087644e-12
0.08100000000000006,1.6199999885606646,1.6206584685374281e-12
0.08200000000000006,1.6199999885469587,1.6206827546660918e-12
0.08300000000000006,1.619999988533201,1.6207070407947555e-12
0.08400000000000006,1.6199999885193885,1.6207317606042881e-12
0.08500000000000006,1.6199999885055165,1.6207573477755588e-12
0.08600000000000006,1.619999988491588,1.6207833686276985e-12
0.08700000000000006,1.6199999884775875,1.620811991565052e-12
0.08800000000000006,1.619999988463538,1.6208401808215367e-12
0.08900000000000007,1.6199999884494216,1.6208705384823663e-12
0.09000000000000007,1.619999988435235,1.6209026308666719e-12
0.09100000000000007,1.6199999884209901,1.6209347232509774e-12
0.09200000000000007,1.6199999884066845,1.620968550358759e-12
0.09300000000000007,1.6199999883923215,1.6210010764239335e-12
0.09400000000000007,1.6199999883778877,1.62103707193606e-12
0.09500000000000007,1.619999988363385,1.6210752358525315e-12
0.09600000000000007,1.619999988348821,1.621113833449872e-12
0.09700000000000007,1.6199999883341984,1.6211524310472125e-12
0.09800000000000007,1.6199999883194953,1.621193630729767e-12
0.09900000000000007,1.6199999883047225,1.6212374324975354e-12
0.10000000000000007,1.6199999882899003,1.6212794995418278e-12
0.10100000000000008,1.6199999882749954,1.6213267707565482e-12
0.10200000000000008,1.6199999882600213,1.6213740419712686e-12
0.10300000000000008,1.6199999882449863,1.621422180547727e-12
0.10400000000000008,1.6199999882298644,1.6214724875285302e-12
0.10500000000000008,1.6199999882146787,1.6215253965945475e-12
0.10600000000000008,1.619999988199424,1.6215787393414338e-12
0.10700000000000008,1.6199999881840839,1.62163641889701e-12
0.10800000000000008,1.619999988168676,1.6216949658143243e-12
0.10900000000000008,1.6199999881531877,1.6217561148168524e-12
0.11000000000000008,1.6199999881376292,1.6218181311811186e-12
0.11100000000000008,1.6199999881219986,1.6218814485879918e-12
0.11200000000000009,1.6199999881062759,1.6219499701652929e-12
0.11300000000000009,1.619999988090474,1.62202022646607e-12
0.11400000000000009,1.6199999880746043,1.622091350128585e-12
0.11500000000000009,1.6199999880586453,1.622165943238052e-12
0.11600000000000009,1.6199999880426106,1.622242271070995e-12
0.11700000000000009,1.6199999880264833,1.6223229357126279e-12
0.11800000000000009,1.619999988010276,1.6224049013968678e-12
0.11900000000000009,1.6199999879939875,1.6224899028471906e-12
0.12000000000000009,1.6199999879775984,1.6225792411062034e-12
0.1210000000000001,1.6199999879611275,1.6226711814504302e-12
0.1220000000000001,1.6199999879445752,1.622765723879871e-12
0.1230000000000001,1.6199999879279108,1.6228659041606086e-12
0.1240000000000001,1.619999987911178,1.6229665181222153e-12
0.12500000000000008,1.6199999878943299,1.6230740709777258e-12
0.12600000000000008,1.6199999878774056,1.6231820575141054e-12
0.12700000000000009,1.6199999878603772,1.6232952482209129e-12
0.12800000000000009,1.6199999878432407,1.6234136430981483e-12
0.1290000000000001,1.6199999878260223,1.6235342063797287e-12
0.1300000000000001,1.6199999878086837,1.623661274874344e-12
0.1310000000000001,1.6199999877912543,1.6237913791350422e-12
0.1320000000000001,1.6199999877737121,1.6239275549279064e-12
0.1330000000000001,1.619999987756075,1.6240663328059846e-12
0.1340000000000001,1.6199999877383149,1.6242124832588356e-12
0.1350000000000001,1.619999987720464,1.6243608021160316e-12
0.1360000000000001,1.6199999877024844,1.6245169272288695e-12
0.1370000000000001,1.6199999876843956,1.6246773891503974e-12
0.1380000000000001,1.6199999876661872,1.6248443562849602e-12
0.1390000000000001,1.6199999876478688,1.6250169612708198e-12
0.1400000000000001,1.6199999876294107,1.6251973725123214e-12
0.1410000000000001,1.6199999876108588,1.625380385839037e-12
0.1420000000000001,1.6199999875921607,1.6255733738257394e-12
0.1430000000000001,1.6199999875733375,1.6257724333446077e-12
0.1440000000000001,1.6199999875543896,1.625977564395642e-12
0.1450000000000001,1.6199999875353113,1.6261900680214492e-12
0.1460000000000001,1.6199999875160946,1.6264099442220292e-12
0.1470000000000001,1.6199999874967301,1.6266389277208582e-12
0.1480000000000001,1.619999987477232,1.626875717475329e-12
0.1490000000000001,1.6199999874575852,1.6271220482089177e-12
0.1500000000000001,1.6199999874378028,1.6273744504746723e-12
0.1510000000000001,1.6199999874178648,1.6276372610812828e-12
0.1520000000000001,1.619999987397772,1.6279096126670112e-12
0.1530000000000001,1.6199999873775222,1.6281915052318574e-12
0.1540000000000001,1.6199999873571134,1.6284825050949525e-12
0.1550000000000001,1.6199999873365425,1.6287852143415105e-12
0.1560000000000001,1.619999987315802,1.6290978982480553e-12
0.1570000000000001,1.619999987294888,1.629422725218932e-12
0.1580000000000001,1.6199999872737891,1.6297592615732714e-12
0.1590000000000001,1.6199999872525315,1.6301057725875978e-12
0.16000000000000011,1.619999987231082,1.630466161389732e-12
0.16100000000000012,1.6199999872094408,1.630838693256198e-12
0.16200000000000012,1.6199999871876045,1.6312255365913408e-12
0.16300000000000012,1.6199999871655786,1.6316249566716845e-12
0.16400000000000012,1.6199999871433541,1.632038688220705e-12
0.16500000000000012,1.6199999871209023,1.6324693333236162e-12
0.16600000000000012,1.6199999870982524,1.6329138562143353e-12
0.16700000000000012,1.6199999870753907,1.6333726905737311e-12
0.16800000000000012,1.619999987052299,1.6338497395296248e-12
0.16900000000000012,1.6199999870289705,1.6343432683585402e-12
0.17000000000000012,1.6199999870054196,1.6348532770604773e-12
0.17100000000000012,1.6199999869816222,1.6353828014015193e-12
0.17200000000000013,1.6199999869575727,1.635931407700797e-12
0.17300000000000013,1.61999998693328,1.6364977949157034e-12
0.17400000000000013,1.6199999869087138,1.6370867335357975e-12
0.17500000000000013,1.6199999868838795,1.6376960551567343e-12
0.17600000000000013,1.6199999868587736,1.638326627140252e-12
0.17700000000000013,1.6199999868334003,1.6389775821246122e-12
0.17800000000000013,1.6199999868077057,1.6396558590037191e-12
0.17900000000000013,1.6199999867817392,1.6403545188836688e-12
0.18000000000000013,1.619999986755454,1.641079199615758e-12
0.18100000000000013,1.6199999867288406,1.641832069604332e-12
0.18200000000000013,1.619999986701915,1.6426096594024386e-12
0.18300000000000013,1.6199999866746475,1.6434154384570299e-12
0.18400000000000014,1.6199999866470491,1.6442485394063677e-12
0.18500000000000014,1.6199999866190806,1.6451128653782732e-12
0.18600000000000014,1.6199999865907486,1.6460079826918772e-12
0.18700000000000014,1.6199999865620525,1.6469343250280488e-12
0.18800000000000014,1.6199999865329573,1.647894060791133e-12
0.18900000000000014,1.6199999865034684,1.6488876236619987e-12
0.19000000000000014,1.6199999864735637,1.649917182044991e-12
0.19100000000000014,1.6199999864432457,1.6509823022592407e-12
0.19200000000000014,1.6199999864124883,1.652085152709093e-12
0.19300000000000014,1.6199999863812642,1.6532305038841066e-12
0.19400000000000014,1.6199999863495855,1.6544140189755918e-12
0.19500000000000015,1.6199999863174297,1.6556409021539764e-12
0.19600000000000015,1.6199999862847996,1.6569076839723085e-12
0.19700000000000015,1.6199999862516399,1.6582239054097059e-12
0.19800000000000015,1.6199999862179566,1.6595860970192167e-12
0.19900000000000015,1.6199999861837195,1.6609985956095308e-12
0.20000000000000015,1.6199999861489507,1.6624574980528273e-12
0.20100000000000015,1.6199999861135896,1.663970610604748e-12
0.20200000000000015,1.6199999860776422,1.6655366322226861e-12
0.20300000000000015,1.6199999860410768,1.6671581649918554e-12
0.20400000000000015,1.6199999860038772,1.668838678359208e-12
0.20500000000000015,1.6199999859660137,1.6705799070482197e-12
0.20600000000000016,1.6199999859274943,1.6723796826545456e-12
0.20700000000000016,1.619999985888262,1.6742466787955657e-12
0.20800000000000016,1.6199999858483158,1.6761782933860658e-12
0.20900000000000016,1.6199999858076213,1.678179296915605e-12
0.21000000000000016,1.6199999857661507,1.6802531588311354e-12
0.21100000000000016,1.6199999857238767,1.6824007464943946e-12
0.21200000000000016,1.6199999856808065,1.684622059905383e-12
0.21300000000000016,1.6199999856368628,1.6869257726814801e-12
0.21400000000000016,1.6199999855920546,1.6893092827374723e-12
0.21500000000000016,1.6199999855463276,1.6917790952863943e-12
0.21600000000000016,1.6199999854996716,1.694334342966508e-12
0.21700000000000016,1.619999985452035,1.6969841330760627e-12
0.21800000000000017,1.6199999854033973,1.699726297210713e-12
0.21900000000000017,1.619999985353725,1.702565605860018e-12
0.22000000000000017,1.619999985302973,1.7055076968752747e-12
0.22100000000000017,1.6199999852511144,1.708552136575614e-12
0.22200000000000017,1.6199999851980955,1.7117084659401538e-12
0.22300000000000017,1.6199999851438962,1.7149753839262871e-12
0.22400000000000017,1.6199999850884526,1.7183598294279179e-12
0.22500000000000017,1.6199999850317501,1.721863103487653e-12
0.22600000000000017,1.6199999849737325,1.7254912776376585e-12
0.22700000000000017,1.619999984914341,1.7292491223674933e-12
0.22800000000000017,1.6199999848535391,1.7331409744858473e-12
0.22900000000000018,1.6199999847912672,1.7371720381631484e-12
0.23000000000000018,1.6199999847275044,1.7413444818037416e-12
0.23100000000000018,1.6199999846621365,1.7456704484719587e-12
0.23200000000000018,1.619999984595184,1.750144733997372e-12
0.23300000000000018,1.6199999845265372,1.75478078248692e-12
0.23400000000000018,1.619999984456149,1.7595824970684237e-12
0.23500000000000018,1.6199999843839554,1.7645555155931802e-12
0.23600000000000018,1.6199999843099089,1.7697037411890104e-12
0.23700000000000018,1.6199999842339141,1.7750375821967701e-12
0.23800000000000018,1.6199999841559396,1.7805587733399353e-12
0.23900000000000018,1.6199999840758617,1.7862803250445758e-12
0.24000000000000019,1.619999983993662,1.7922018036298226e-12
0.2410000000000002,1.6199999839092192,1.7983370868834836e-12
0.2420000000000002,1.6199999838224945,1.8046879095290347e-12
0.2430000000000002,1.619999983733348,1.8112690167160217e-12
0.2440000000000002,1.619999983641757,1.8180808421253136e-12
0.2450000000000002,1.6199999835475867,1.8251368298638493e-12
0.2460000000000002,1.6199999834507681,1.8324430514637946e-12
0.2470000000000002,1.6199999833511751,1.8400120836703504e-12
0.2480000000000002,1.619999983248738,1.8478491306539446e-12
0.2490000000000002,1.6199999831433565,1.855963733393695e-12
0.25000000000000017,1.6199999830348957,1.8643697696774097e-12
0.25100000000000017,1.6199999829232743,1.8730715763137784e-12
0.25200000000000017,1.619999982808328,1.882088235261037e-12
0.25300000000000017,1.6199999826899756,1.891423649647006e-12
0.25400000000000017,1.6199999825680862,1.9010921309403628e-12
0.25500000000000017,1.619999982442537,1.911103220120225e-12
0.25600000000000017,1.619999982313189,1.9214703612935313e-12
0.2570000000000002,1.6199999821798727,1.9322091669715658e-12
0.2580000000000002,1.6199999820424704,1.943330045495184e-12
0.2590000000000002,1.6199999819008375,1.954846440971325e-12
0.2600000000000002,1.6199999817547928,1.9667730985495346e-12
0.2610000000000002,1.6199999816042092,1.9791238960176205e-12
0.2620000000000002,1.6199999814488757,1.9919148795677355e-12
0.2630000000000002,1.6199999812886574,2.0051603606685564e-12
0.2640000000000002,1.6199999811233379,2.018879854959188e-12
0.2650000000000002,1.6199999809527448,2.0330863728657e-12
0.2660000000000002,1.6199999807766938,2.0477981289845903e-12
0.2670000000000002,1.6199999805949545,2.0630346389549636e-12
0.2680000000000002,1.6199999804073406,2.0788132500115797e-12
0.2690000000000002,1.6199999802136162,2.095155212517019e-12
0.2700000000000002,1.619999980013565,2.112078307386911e-12
0.2710000000000002,1.6199999798069493,2.1296029176220976e-12
0.2720000000000002,1.6199999795935276,2.147750727266029e-12
0.2730000000000002,1.619999979373021,2.1665477571708447e-12
0.2740000000000002,1.6199999791451871,2.1860130892947804e-12
0.2750000000000002,1.6199999789097554,2.206171443447369e-12
0.2760000000000002,1.6199999786664383,2.227044937352929e-12
0.2770000000000002,1.6199999784149384,2.24866392867229e-12
0.2780000000000002,1.619999978154942,2.2710522698532465e-12
0.2790000000000002,1.6199999778861274,2.2942381501522835e-12
0.2800000000000002,1.6199999776081724,2.3182506261876235e-12
0.2810000000000002,1.6199999773207456,2.343115285130537e-12
0.2820000000000002,1.6199999770234628,2.3688676888122817e-12
0.2830000000000002,1.619999976715989,2.395534725446735e-12
0.2840000000000002,1.6199999763979032,2.423152390546024e-12
0.2850000000000002,1.6199999760688288,2.4517523428135846e-12
0.2860000000000002,1.6199999757283465,2.4813710114424126e-12
0.2870000000000002,1.6199999753760206,2.5120439582637655e-12
0.2880000000000002,1.6199999750114098,2.5438106482367218e-12
0.2890000000000002,1.6199999746340608,2.576704908469063e-12
0.2900000000000002,1.6199999742434619,2.6107740101755095e-12
0.2910000000000002,1.6199999738391428,2.64605308150645e-12
0.2920000000000002,1.6199999734205728,2.6825880926339973e-12
0.2930000000000002,1.6199999729872274,2.7204232790067895e-12
0.2940000000000002,1.6199999725385203,2.7596059118395466e-12
0.2950000000000002,1.6199999720738816,2.800184563389596e-12
0.2960000000000002,1.6199999715927105,2.8422056375099203e-12
0.2970000000000002,1.6199999710943747,2.8857242116708814e-12
0.2980000000000002,1.6199999705782362,2.930790159172414e-12
0.2990000000000002,1.6199999700436098,2.977460292208356e-12
0.3000000000000002,1.6199999694897915,3.0257918566534148e-12
0.3010000000000002,1.619999968916056,3.0758433994249046e-12
0.3020000000000002,1.6199999683216368,3.1276773705679606e-12
0.3030000000000002,1.6199999677057826,3.181353184361635e-12
0.3040000000000002,1.6199999670676142,3.2369436991919187e-12
0.3050000000000002,1.6199999664063607,3.294507461976126e-12
0.3060000000000002,1.6199999657210788,3.354123836313283e-12
0.3070000000000002,1.61999996501088,3.4158600427380836e-12
0.3080000000000002,1.6199999642748175,3.479793710126078e-12
0.3090000000000002,1.6199999635118993,3.5460020336719467e-12
0.3100000000000002,1.6199999627210846,3.614567846421668e-12
0.3110000000000002,1.619999961901345,3.685571813016875e-12
0.3120000000000002,1.6199999610515716,3.7591011033122346e-12
0.3130000000000002,1.619999960170594,3.8352476576519745e-12
0.3140000000000002,1.6199999592572258,3.914103416380321e-12
0.3150000000000002,1.619999958310227,3.995766825054536e-12
0.3160000000000002,1.6199999573283237,4.080334594508406e-12
0.3170000000000002,1.6199999563101897,4.16790994078875e-12
0.3180000000000002,1.6199999552544035,4.258603018836293e-12
0.31900000000000023,1.619999954159562,4.352521815187416e-12
0.32000000000000023,1.6199999530241571,4.449780821591531e-12
0.32100000000000023,1.619999951846641,4.550497999245007e-12
0.32200000000000023,1.6199999506253628,4.654802585046802e-12
0.32300000000000023,1.6199999493587005,4.76281427491676e-12
0.32400000000000023,1.6199999480448584,4.874670979371221e-12
0.32500000000000023,1.6199999466820747,4.990504971075227e-12
0.32600000000000023,1.6199999452684635,5.110456762630333e-12
0.32700000000000023,1.6199999438020494,5.2346768412980804e-12
0.32800000000000024,1.6199999422808202,5.3633161280208785e-12
0.32900000000000024,1.6199999407026802,5.4965285795072205e-12
0.33000000000000024,1.619999939065428,5.634479861849062e-12
0.33100000000000024,1.6199999373667813,5.777338243223573e-12
0.33200000000000024,1.619999935604392,5.925275461254875e-12
0.33300000000000024,1.6199999337758217,6.078475396631422e-12
0.33400000000000024,1.6199999318785088,6.237121062679929e-12
0.33500000000000024,1.6199999299098162,6.4014071821105745e-12
0.33600000000000024,1.6199999278669919,6.571536717570048e-12
0.33700000000000024,1.6199999257471702,6.7477143664285144e-12
0.33800000000000024,1.6199999235474027,6.930156101758733e-12
0.33900000000000025,1.619999921264581,7.119085702889105e-12
0.34000000000000025,1.6199999188955303,7.314730852275853e-12
0.34100000000000025,1.6199999164369125,7.517332242801267e-12
0.34200000000000025,1.6199999138852799,7.72713490415633e-12
0.34300000000000025,1.6199999112370405,7.944395575415486e-12
0.34400000000000025,1.6199999084884547,8.169380102951429e-12
0.34500000000000025,1.6199999056356633,8.402360838349887e-12
0.34600000000000025,1.619999902674623,8.643624010984396e-12
0.34700000000000025,1.6199998996011746,8.893460187037183e-12
0.34800000000000025,1.6199998964109588,9.152175545201757e-12
0.34900000000000025,1.6199998930994575,9.420085805150746e-12
0.35000000000000026,1.6199998896619727,9.697518395940241e-12
0.35100000000000026,1.6199998860936626,9.984807685520236e-12
0.35200000000000026,1.6199998823894162,1.02823079911607e-11
0.35300000000000026,1.6199998785440115,1.0590377099578552e-11
0.35400000000000026,1.6199998745519677,1.0909391879448949e-11
0.35500000000000026,1.6199998704076028,1.1239742209873116e-11
0.35600000000000026,1.6199998661050294,1.158182620988879e-11
0.35700000000000026,1.619999861638077,1.1936065417300634e-11
0.35800000000000026,1.6199998570004108,1.2302887007764607e-11
0.35900000000000026,1.6199998521853771,1.2682740708341855e-11
0.36000000000000026,1.6199998471861392,1.3076084486030037e-11
0.36100000000000027,1.6199998419955042,1.3483398859231999e-11
0.36200000000000027,1.6199998366060557,1.3905180392542738e-11
0.36300000000000027,1.619999831010084,1.4341939094664191e-11
0.36400000000000027,1.619999825199544,1.479420969410783e-11
0.36500000000000027,1.619999819166119,1.5262539496130323e-11
0.36600000000000027,1.619999812901124,1.57474987910744e-11
0.36700000000000027,1.619999806395589,1.6249676083879283e-11
0.36800000000000027,1.6199997996401274,1.6769680696165912e-11
0.36900000000000027,1.6199997926250382,1.7308146669364755e-11
0.3700000000000003,1.6199997853401975,1.7865727126864517e-11
0.3710000000000003,1.6199997777750919,1.8443101646586912e-11
0.3720000000000003,1.6199997699188546,1.9040965852645808e-11
0.3730000000000003,1.6199997617600992,1.9660052232028935e-11
0.3740000000000003,1.6199997532870662,2.0301106282150094e-11
0.3750000000000003,1.619999744487488,2.096491123065869e-11
0.3760000000000003,1.6199997353486382,2.165226982084323e-11
0.3770000000000003,1.6199997258572898,2.2364016021014788e-11
0.3780000000000003,1.6199997159996986,2.3101014157145272e-11
0.3790000000000003,1.6199997057615536,2.386415761182481e-11
0.3800000000000003,1.6199996951280076,2.4654371426346966e-11
0.3810000000000003,1.619999684083604,2.54726170711983e-11
0.3820000000000003,1.6199996726123267,2.6319881170355774e-11
0.3830000000000003,1.619999660697474,2.7197195450606726e-11
0.3840000000000003,1.6199996483217027,2.8105620261675845e-11
0.3850000000000003,1.619999635467025,2.904625628560864e-11
0.3860000000000003,1.6199996221146882,3.0020243669409696e-11
0.3870000000000003,1.619999608245238,3.10287602903192e-11
0.3880000000000003,1.6199995938383978,3.2073031730472934e-11
0.3890000000000003,1.6199995788731851,3.3154316098071845e-11
0.3900000000000003,1.619999563327695,3.427392571142551e-11
0.3910000000000003,1.619999547179233,3.5433214522206935e-11
0.3920000000000003,1.6199995304041561,3.66335841869847e-11
0.3930000000000003,1.6199995129779192,3.787648623562734e-11
0.3940000000000003,1.6199994948749956,3.9163423806026776e-11
0.3950000000000003,1.6199994760688072,4.049595467986444e-11
0.3960000000000003,1.6199994565318196,4.187568607844083e-11
0.3970000000000003,1.6199994362353118,4.330428810678244e-11
0.3980000000000003,1.6199994151495183,4.478348377898178e-11
0.3990000000000003,1.6199993932434331,4.63150585591765e-11
0.4000000000000003,1.6199993704848104,4.790086513203895e-11
0.4010000000000003,1.6199993468401936,4.954281429547791e-11
0.4020000000000003,1.6199993222747364,5.124289013946903e-11
0.4030000000000003,1.619999296752274,5.300313963771397e-11
0.4040000000000003,1.6199992702351422,5.482568782647079e-11
0.4050000000000003,1.6199992426842382,5.671273129934096e-11
0.4060000000000003,1.6199992140588575,5.866654731456755e-11
0.4070000000000003,1.619999184316741,6.068948512141792e-11
0.4080000000000003,1.6199991534139195,6.278398374109928e-11
0.4090000000000003,1.6199991213046774,6.495256459418397e-11
0.4100000000000003,1.6199990879414596,6.719784060790768e-11
0.4110000000000003,1.619999053274867,6.952251187936076e-11
0.4120000000000003,1.6199990172535612,7.192937304806302e-11
0.4130000000000003,1.61999897982408,7.442132240326194e-11
0.4140000000000003,1.6199989409308844,7.700135321031532e-11
0.4150000000000003,1.6199989005162498,7.967256628743646e-11
0.4160000000000003,1.6199988585200975,8.243817347514115e-11
0.4170000000000003,1.619998814880034,8.530149069735371e-11
0.4180000000000003,1.6199987695311053,8.826596007913134e-11
0.4190000000000003,1.619998722405829,9.13351365025572e-11
0.4200000000000003,1.6199986734339866,9.451270452029426e-11
0.4210000000000003,1.6199986225426124,9.780247228405314e-11
0.4220000000000003,1.6199985696558146,1.0120838238661389e-10
0.4230000000000003,1.6199985146946563,1.0473451966808156e-10
0.4240000000000003,1.6199984575770987,1.0838510297594972e-10
0.4250000000000003,1.6199983982177337,1.1216450945122913e-10
0.4260000000000003,1.6199983365279382,1.1607725371176603e-10
0.4270000000000003,1.6199982724153268,1.2012802341407336e-10
0.4280000000000003,1.6199982057839653,1.2432165930401085e-10
0.4290000000000003,1.6199981365340526,1.286631742987432e-10
0.4300000000000003,1.6199980645618175,1.331577547877827e-10
0.4310000000000003,1.6199979897593315,1.3781076800556402e-10
0.43200000000000033,1.6199979120143313,1.42627769404019e-10
0.43300000000000033,1.619997831210148,1.4761450265257658e-10
0.43400000000000033,1.619997747225292,1.5277691915380198e-10
0.43500000000000033,1.6199976599335895,1.5812117067082188e-10
0.43600000000000033,1.6199975692037145,1.6365362060302702e-10
0.43700000000000033,1.619997474899145,1.6938085873122177e-10
0.43800000000000033,1.6199973768777978,1.753097042533902e-10
0.43900000000000033,1.619997274992043,1.8144720448365348e-10
0.44000000000000034,1.6199971690881774,1.8780066347520719e-10
0.44100000000000034,1.6199970590064843,1.9437762467308661e-10
0.44200000000000034,1.6199969445808102,2.0118589823606148e-10
0.44300000000000034,1.619996825638248,2.0823357101129591e-10
0.44400000000000034,1.6199967019990922,2.1552899959545457e-10
0.44500000000000034,1.6199965734763355,2.2308083462083128e-10
0.44600000000000034,1.619996439875515,2.3089802465847686e-10
0.44700000000000034,1.6199963009943417,2.3898982706022087e-10
0.44800000000000034,1.6199961566224534,2.4736582357118286e-10
0.44900000000000034,1.6199960065409635,2.5603590992143155e-10
0.45000000000000034,1.619995850522221,2.6501034396456125e-10
0.45100000000000035,1.6199956883295166,2.742997213915632e-10
0.45200000000000035,1.6199955197165354,2.839150117263378e-10
0.45300000000000035,1.6199953444270851,2.938675578920136e-10
0.45400000000000035,1.619995162194664,3.0416909572658635e-10
0.45500000000000035,1.619994972742094,3.1483176265653667e-10
0.45600000000000035,1.6199947757810613,3.2586810810517064e-10
0.45700000000000035,1.6199945710115613,3.37291119513472e-10
0.45800000000000035,1.6199943581216059,3.491142284116344e-10
0.45900000000000035,1.6199941367866186,3.613513221284448e-10
0.46000000000000035,1.6199939066689404,3.7401677067949723e-10
0.46100000000000035,1.6199936674173716,3.871254276345548e-10
0.46200000000000035,1.619993418666505,4.006926609088912e-10
0.46300000000000036,1.619993160036241,4.147343627379507e-10
0.46400000000000036,1.6199928911311907,4.292669626877743e-10
0.46500000000000036,1.6199926115399055,4.443074619157883e-10
0.46600000000000036,1.619992320834517,4.5987343143608084e-10
0.46700000000000036,1.619992018569823,4.759830429107437e-10
0.46800000000000036,1.6199917042826488,4.926550912012773e-10
0.46900000000000036,1.6199913774911856,5.09909010414783e-10
0.47000000000000036,1.6199910376940936,5.277648851796657e-10
0.47100000000000036,1.6199906843699492,5.462434896769119e-10
0.47200000000000036,1.6199903169760996,5.6536630758941e-10
0.47300000000000036,1.619989934948168,5.851555438113332e-10
0.47400000000000037,1.6199895376988014,6.056341613110139e-10
0.47500000000000037,1.619989124617065,6.268258963097739e-10
0.47600000000000037,1.6199886950672528,6.487552886395853e-10
0.47700000000000037,1.6199882483880756,6.71447706029199e-10
0.47800000000000037,1.6199877838913608,6.949293787986144e-10
0.47900000000000037,1.6199873008612942,7.192274128695053e-10
0.48000000000000037,1.6199867985529826,7.443698335669879e-10
0.48100000000000037,1.6199862761914727,7.703856086047067e-10
0.4820000000000004,1.6199857329704876,7.973046767077718e-10
0.4830000000000004,1.6199851680510773,8.251579862103564e-10
0.4840000000000004,1.6199845805603723,8.539775245459957e-10
0.4850000000000004,1.6199839695901872,8.83796348605248e-10
0.4860000000000004,1.6199833341956338,9.146486198638448e-10
0.4870000000000004,1.619982673393449,9.465696516539057e-10
0.4880000000000004,1.619981986160718,9.795959265111731e-10
0.4890000000000004,1.6199812714329471,1.0137651551556104e-09
0.4900000000000004,1.619980528102694,1.0491162947059984e-09
0.4910000000000004,1.6199797550175394,1.085689610262619e-09
0.4920000000000004,1.6199789509784033,1.1235267000607452e-09
0.4930000000000004,1.6199781147377075,1.1626705449102603e-09
0.4940000000000004,1.6199772449972856,1.2031655572015965e-09
0.4950000000000004,1.6199763404063094,1.2450576056255436e-09
0.4960000000000004,1.6199753995592197,1.2883940962715723e-09
0.4970000000000004,1.6199744209935605,1.3332239908424304e-09
0.4980000000000004,1.619973403187528,1.3795978738746772e-09
0.4990000000000004,1.619972344557668,1.4275679913362815e-09
0.5000000000000003,1.6199712434562374,1.4771883174134748e-09
0.5010000000000003,1.6199700981688032,1.528514592674668e-09
0.5020000000000003,1.6199689069113115,1.5816043938930713e-09
0.5030000000000003,1.619967667827445,1.6365171860883987e-09
0.5040000000000003,1.619966378985455,1.693314371099125e-09
0.5050000000000003,1.6199650383753843,1.7520593686808084e-09
0.5060000000000003,1.619963643905661,1.812817668114114e-09
0.5070000000000003,1.6199621933998747,1.8756568906548587e-09
0.5080000000000003,1.6199606845933465,1.940646858922951e-09
0.5090000000000003,1.6199591151295167,2.0078596632555623e-09
0.5100000000000003,1.6199574825561145,2.0773697367339194e-09
0.5110000000000003,1.6199557843215269,2.149253918067029e-09
0.5120000000000003,1.6199540177705005,2.2235915591445332e-09
0.5130000000000003,1.6199521801400336,2.300464493811688e-09
0.5140000000000003,1.6199502685550424,2.37995728116433e-09
0.5150000000000003,1.6199482800237075,2.4621571539408527e-09
0.5160000000000003,1.6199462114329226,2.5471541616368942e-09
0.5170000000000003,1.6199440595431143,2.6350412403279566e-09
0.5180000000000003,1.6199418209833347,2.7259142937677283e-09
0.5190000000000003,1.619939492245738,2.819872294435727e-09
0.5200000000000004,1.6199370696802478,2.9170173629008977e-09
0.5210000000000004,1.6199345494885273,3.0174548914206623e-09
0.5220000000000004,1.6199319277182243,3.1212935690944077e-09
0.5230000000000004,1.6199292002565093,3.228645575718836e-09
0.5240000000000004,1.6199263628237401,3.3396266238550076e-09
0.5250000000000004,1.619923410966555,3.4543560772232196e-09
0.5260000000000004,1.6199203400508635,3.5729570695315627e-09
0.5270000000000004,1.6199171452546508,3.6955565795027123e-09
0.5280000000000004,1.6199138215601507,3.822285599142106e-09
0.5290000000000004,1.6199103637461074,3.95327918794805e-09
0.5300000000000004,1.6199067663794267,4.088676644215666e-09
0.5310000000000004,1.6199030238065706,4.228621603916127e-09
0.5320000000000004,1.6198991301446823,4.3732621686325135e-09
0.5330000000000004,1.619895079272412,4.5227510152810735e-09
0.5340000000000004,1.6198908648199284,4.677245554404741e-09
0.5350000000000004,1.6198864801592257,4.836908064180523e-09
0.5360000000000004,1.619881918393506,5.001905814452229e-09
0.5370000000000004,1.6198771723463274,5.17241117645173e-09
0.5380000000000004,1.6198722345502383,5.348601834868905e-09
0.5390000000000004,1.6198670972350389,5.530660910149643e-09
0.5400000000000004,1.6198617523155807,5.718777074288639e-09
0.5410000000000004,1.6198561913790954,5.913144752490995e-09
0.5420000000000004,1.6198504056716885,6.113964243301823e-09
0.5430000000000004,1.6198443860848433,6.321441919400483e-09
0.5440000000000004,1.6198381231409198,6.535790349464915e-09
0.5450000000000004,1.619831606978252,6.757228503302681e-09
0.5460000000000004,1.6198248273357017,6.98598189539934e-09
0.5470000000000004,1.6198177735365413,7.222282790916856e-09
0.5480000000000004,1.6198104344714506,7.466370377431225e-09
0.5490000000000004,1.619802798581405,7.718490927562799e-09
0.5500000000000004,1.6197948538390892,7.978897997602125e-09
0.5510000000000004,1.6197865877303637,8.247852657794486e-09
0.5520000000000004,1.6197779872344795,8.525623577775032e-09
0.5530000000000004,1.6197690388034667,8.812487395631202e-09
0.5540000000000004,1.6197597283410885,9.108728776449637e-09
0.5550000000000004,1.6197500411805903,9.414640692040344e-09
0.5560000000000004,1.6197399620616952,9.730524583567018e-09
0.5570000000000004,1.619729475106529,1.0056690666858381e-08
0.5580000000000004,1.6197185637948692,1.0393458034756858e-08
0.5590000000000004,1.6197072109381256,1.0741154945082682e-08
0.5600000000000004,1.6196953986523923,1.1100119077806642e-08
0.5610000000000004,1.6196831083302305,1.1470697702450905e-08
0.5620000000000004,1.6196703206116214,1.1853247959114216e-08
0.5630000000000004,1.6196570153534513,1.224813710393527e-08
0.5640000000000004,1.6196431715979815,1.2655742661748376e-08
0.5650000000000004,1.6196287675397558,1.3076452838513969e-08
0.5660000000000004,1.6196137804915447,1.3510666625835693e-08
0.5670000000000004,1.6195981868485294,1.3958794129690505e-08
0.5680000000000004,1.6195819620512681,1.4421256811555233e-08
0.5690000000000004,1.6195650805468382,1.4898487769431784e-08
0.5700000000000004,1.6195475157491726,1.5390931984177875e-08
0.5710000000000004,1.6195292399964496,1.5899046610506895e-08
0.5720000000000004,1.619510224508145,1.6423301233293303e-08
0.5730000000000004,1.6194904393392267,1.6964178139490527e-08
0.5740000000000004,1.6194698533330796,1.7522172661172536e-08
0.5750000000000004,1.6194484340723,1.8097793437043402e-08
0.5760000000000004,1.6194261478274168,1.869156263101246e-08
0.5770000000000004,1.6194029595033335,1.930401632554285e-08
0.5780000000000004,1.6193788325840353,1.9935704761477047e-08
0.5790000000000004,1.6193537290743627,2.0587192699293017e-08
0.5800000000000004,1.6193276094397566,2.125905958910712e-08
0.5810000000000004,1.6193004325431484,2.1951900093693244e-08
0.5820000000000004,1.6192721555797405,2.2666324133585602e-08
0.5830000000000004,1.619242734008294,2.3402957470379515e-08
0.5840000000000004,1.619212121479873,2.4162441803442236e-08
0.5850000000000004,1.6191802697636244,2.494543522137474e-08
0.5860000000000004,1.6191471286692463,2.575261250038416e-08
0.5870000000000004,1.6191126459659124,2.6584665298139132e-08
0.5880000000000004,1.6190767672978814,2.7442302719289657e-08
0.5890000000000004,1.6190394360966573,2.8326251395264374e-08
0.5900000000000004,1.6190005934887173,2.9237255972595216e-08
0.5910000000000004,1.6189601781994236,3.017607940088152e-08
0.5920000000000004,1.6189181264531451,3.1143503243739185e-08
0.5930000000000004,1.6188743718678669,3.2140327962427995e-08
0.5940000000000004,1.618828845346198,3.316737339593631e-08
0.5950000000000004,1.6187814749604108,3.4225478918840924e-08
0.5960000000000004,1.6187321858329962,3.531550386804902e-08
0.5970000000000004,1.6186809000113143,3.643832790709012e-08
0.5980000000000004,1.6186275363365723,3.7594851234716564e-08
0.5990000000000004,1.6185720103065864,3.8785994989961464e-08
0.6000000000000004,1.6185142339319296,4.001270162987472e-08
0.6010000000000004,1.6184541155855399,4.1275935132051994e-08
0.6020000000000004,1.618391559845078,4.257668138104437e-08
0.6030000000000004,1.6183264673270146,4.391594854826278e-08
0.6040000000000004,1.618258734513406,4.5294767293639626e-08
0.6050000000000004,1.6181882535695546,4.671419116504885e-08
0.6060000000000004,1.618114912152544,4.8175296831192566e-08
0.6070000000000004,1.6180385932103751,4.9679184505740936e-08
0.6080000000000004,1.6179591747704738,5.1226978057920813e-08
0.6090000000000004,1.6178765297171138,5.281982553249909e-08
0.6100000000000004,1.6177905255577096,5.445889923912095e-08
0.6110000000000004,1.6177010241760275,5.6145396141755316e-08
0.6120000000000004,1.617607881572245,5.7880538131480086e-08
0.6130000000000004,1.6175109475890794,5.966557220949548e-08
0.6140000000000004,1.6174100656224026,6.150177080891522e-08
0.6150000000000004,1.6173050723154576,6.339043202982161e-08
0.6160000000000004,1.6171957972360802,6.533287985133543e-08
0.6170000000000004,1.6170820625347453,6.73304643684057e-08
0.6180000000000004,1.616963682582586,6.938456196701678e-08
0.6190000000000004,1.616840463588008,7.149657556011074e-08
0.6200000000000004,1.6167122031896597,7.36679347814427e-08
0.6210000000000004,1.6165786900241086,7.590009605627085e-08
0.6220000000000004,1.616439703267147,7.819454281906418e-08
0.6230000000000004,1.6162950121444712,8.055278566138774e-08
0.6240000000000004,1.6161443754116853,8.297636233450464e-08
0.6250000000000004,1.6159875407993527,8.546683795537455e-08
0.6260000000000004,1.6158242444200412,8.802580498453588e-08
0.6270000000000004,1.6156542101356721,9.065488327034132e-08
0.6280000000000004,1.6154771488799509,9.335572007281023e-08
0.6290000000000004,1.6152927579315666,9.612999001202063e-08
0.6300000000000004,1.615100720136201,9.897939508979325e-08
0.6310000000000004,1.6149007030691294,1.0190566446851429e-07
0.6320000000000005,1.6146923581350392,1.0491055446636491e-07
0.6330000000000005,1.6144753195975365,1.079958483044853e-07
0.6340000000000005,1.6142492035329101,1.1116335598424301e-07
0.6350000000000005,1.6140136066981499,1.1441491387436872e-07
0.6360000000000005,1.6137681053062924,1.177523845383513e-07
0.6370000000000005,1.6135122536981457,1.2117765636971214e-07
0.6380000000000005,1.6132455828996854,1.246926429761784e-07
0.6390000000000005,1.6129675990513983,1.2829928292511228e-07
0.6400000000000005,1.6126777816966493,1.3199953900581984e-07
0.6410000000000005,1.612375581911835,1.3579539758466763e-07
0.6420000000000005,1.6120604202582607,1.3968886797928112e-07
0.6430000000000005,1.6117316845373968,1.436819813986287e-07
0.6440000000000005,1.6113887273217604,1.477767902729847e-07
0.6450000000000005,1.6110308632351162,1.5197536685704338e-07
0.6460000000000005,1.6106573659481664,1.5627980231528588e-07
0.6470000000000005,1.6102674648532578,1.606922051572597e-07
0.6480000000000005,1.609860341372306,1.6521469975655859e-07
0.6490000000000005,1.609435124849182,1.6984942469242675e-07
0.6500000000000005,1.6089908879644381,1.7459853076566903e-07
0.6510000000000005,1.6085266416049424,1.7946417876259224e-07
0.6520000000000005,1.6080413291024702,1.8444853715172613e-07
0.6530000000000005,1.6075338197477544,1.8955377919941188e-07
0.6540000000000005,1.6070029014598195,1.9478207986898394e-07
0.6550000000000005,1.6064472724764927,2.001356123565272e-07
0.6560000000000005,1.6058655318963388,2.0561654391366285e-07
0.6570000000000005,1.6052561688770366,2.1122703159183812e-07
0.6580000000000005,1.6046175502444713,2.169692167384822e-07
0.6590000000000005,1.603947906222012,2.228452191878512e-07
0.6600000000000005,1.6032453139199803,2.2885713044790146e-07
0.6610000000000005,1.6025076781422936,2.350070057205618e-07
0.6620000000000005,1.6017327089642381,2.4129685485905356e-07
0.6630000000000005,1.6009178953973584,2.47728631639927e-07
0.6640000000000005,1.6000604742863076,2.543042214209375e-07
0.6650000000000005,1.5991573933517005,2.6102542628400616e-07
0.6660000000000005,1.5982052670003453,2.6789394788704485e-07
0.6670000000000005,1.5972003231269953,2.749113665349509e-07
0.6680000000000005,1.5961383386034373,2.820791164424505e-07
0.6690000000000005,1.5950145604500128,2.8939845543845405e-07
0.6700000000000005,1.5938236087016824,2.9687042827058335e-07
0.6710000000000005,1.5925593556592488,3.044958212356473e-07
0.6720000000000005,1.5912147743472502,3.1227510560510527e-07
0.6730000000000005,1.5897817463689432,3.2020836677939396e-07
0.6740000000000005,1.5882508155983577,3.282952138312055e-07
0.6750000000000005,1.5866108687007512,3.3653466323044223e-07
0.6760000000000005,1.5848487154901267,3.44924986884175e-07
0.6770000000000005,1.5829485302704716,3.534635111533159e-07
0.6780000000000005,1.5808910974668478,3.621463466559928e-07
0.6790000000000005,1.5786527777639272,3.709680192064309e-07
0.6800000000000005,1.5762040696437831,3.7992095767427556e-07
0.6810000000000005,1.5735075783574914,3.889947715689755e-07
0.6820000000000005,1.570515110874995,3.9817521605345005e-07
0.6830000000000005,1.5671634848813611,4.074426927075901e-07
0.6840000000000005,1.5633684888960837,4.167700696599934e-07
0.6850000000000005,1.5590163677441822,4.2611955626721543e-07
0.6860000000000005,1.5539526450050951,4.3543845893887975e-07
0.6870000000000005,1.5479702785537224,4.4465427472949876e-07
0.6880000000000005,1.5408059346063783,4.536717255298854e-07
0.6890000000000005,1.532167302115392,4.6237914764699073e-07
0.6900000000000005,1.5218234750808022,4.7067573387101283e-07
0.6910000000000005,1.5097426082229606,4.785175181363545e-07
0.6920000000000005,1.4961495175005355,4.859427211205067e-07
0.6930000000000005,1.4814122105667409,4.930424908353506e-07
0.6940000000000005,1.4658826292021025,4.999117143326612e-07
0.6950000000000005,1.4498241742385414,5.066235700848347e-07
0.6960000000000005,1.4334130013220552,5.132271736858415e-07
0.6970000000000005,1.416762481811835,5.197535577626707e-07
0.6980000000000005,1.3999458868188932,5.262219441594905e-07
0.6990000000000005,1.3830118511102925,5.326442070927549e-07
0.7000000000000005,1.3659938670342793,5.390276753038103e-07
0.7010000000000005,1.3489159380069546,5.453768234151522e-07
0.7020000000000005,1.3317959526228238,5.516942901072873e-07
0.7030000000000005,1.3146477333321818,5.579814994914785e-07
0.7040000000000005,1.2974823103993627,5.642390487098532e-07
0.7050000000000005,1.2803087354339233,5.704669552991648e-07
0.7060000000000005,1.263134615263612,5.766648193609829e-07
0.7070000000000005,1.2459664718823398,5.828319326059775e-07
0.7080000000000005,1.228809991562653,5.889673531851193e-07
0.7090000000000005,1.2116702016519683,5.950699589166338e-07
0.7100000000000005,1.1945515990522737,6.01138485284685e-07
0.7110000000000005,1.1774582457114144,6.071715537791199e-07
0.7120000000000005,1.1603938410912535,6.131676932958838e-07
0.7130000000000005,1.143361778227592,6.191253564863559e-07
0.7140000000000005,1.126365187892177,6.250429327885922e-07
0.7150000000000005,1.1094069739411931,6.309187586994898e-07
0.7160000000000005,1.0924898420268603,6.367511264028687e-07
0.7170000000000005,1.075616323245098,6.425382906897169e-07
0.7180000000000005,1.0587887938270406,6.482784750821979e-07
0.7190000000000005,1.0420094917331055,6.539698767459544e-07
0.7200000000000005,1.02528053076024,6.596106711938103e-07
0.7210000000000005,1.0086039126429698,6.651990160080543e-07
0.7220000000000005,0.9919815375088307,6.707330545648905e-07
0.7230000000000005,0.975415212986314,6.762109189448716e-07
0.7240000000000005,0.9589066621761189,6.81630733103105e-07
0.7250000000000005,0.9424575306724178,6.86990615441415e-07
0.7260000000000005,0.9260693927895025,6.922886810430996e-07
0.7270000000000005,0.9097437570897902,6.975230443899416e-07
0.7280000000000005,0.8934820713374637,7.026918211264221e-07
0.7290000000000005,0.877285726944207,7.077931302502428e-07
0.7300000000000005,0.861156062976302,7.128250959905977e-07
0.7310000000000005,0.8450943697941316,7.177858496422093e-07
0.7320000000000005,0.8291018923602629,7.226735310428799e-07
0.7330000000000005,0.813179833269924,7.274862904803857e-07
0.7340000000000005,0.7973293555403086,7.322222899753053e-07
0.7350000000000005,0.7815515851894794,7.368797047030591e-07
0.7360000000000005,0.7658476136437947,7.414567242997223e-07
0.7370000000000005,0.7502184999922785,7.459515542272525e-07
0.7380000000000005,0.7346652731247326,7.503624165653908e-07
0.7390000000000005,0.7191889337657624,7.5468755138643e-07
0.7400000000000005,0.703790456441873,7.589252172973161e-07
0.7410000000000005,0.6884707913939596,7.630736924232363e-07
0.7420000000000005,0.6732308664604891,7.671312748434682e-07
0.7430000000000005,0.6580715889551689,7.710962832432021e-07
0.7440000000000005,0.6429938475638883,7.749670570740032e-07
0.7450000000000006,0.6279985142812986,7.787419566960586e-07
0.7460000000000006,0.6130864464131349,7.824193633781777e-07
0.7470000000000006,0.5982584886779017,7.85997678889698e-07
0.7480000000000006,0.583515475434431,7.894753249189194e-07
0.7490000000000006,0.5688582330656865,7.928507422998513e-07
0.7500000000000006,0.5542875825700434,7.961223896569593e-07
0.7510000000000006,0.5398043423923766,7.992887421145317e-07
0.7520000000000006,0.525409331555665,8.02348288819494e-07
0.7530000000000006,0.5111033731440794,8.052995309486451e-07
0.7540000000000006,0.4968872982219899,8.081409782383434e-07
0.7550000000000006,0.48276195025923735,8.108711453897258e-07
0.7560000000000006,0.46872819017069217,8.134885474912062e-07
0.7570000000000006,0.4547869020922226,8.159916945571326e-07
0.7580000000000006,0.4409390000329445,8.183790849536181e-07
0.7590000000000006,0.42718543558855615,8.206491975918523e-07
0.7600000000000006,0.41352720692941214,8.228004825102872e-07
0.7610000000000006,0.39996536933545557,8.248313495911284e-07
0.7620000000000006,0.38650104761266324,8.267401552745218e-07
0.7630000000000006,0.37313545080828425,8.285251862178919e-07
0.7640000000000006,0.35986988975285417,8.30184639989337e-07
0.7650000000000006,0.34670579809745566,8.317166013730413e-07
0.7660000000000006,0.33364475770052565,8.331190139185089e-07
0.7670000000000006,0.3206885294612142,8.343896451290002e-07
0.7680000000000006,0.3078390910266225,8.355260434152363e-07
0.7690000000000006,0.29509868323394717,8.365254855649366e-07
0.7700000000000006,0.28246986774426114,8.373849110323607e-07
0.7710000000000006,0.26995559912902123,8.381008397028746e-07
0.7720000000000006,0.25755931577782193,8.386692682675091e-07
0.7730000000000006,0.2452850555248347,8.390855384871922e-07
0.7740000000000006,0.233137604008598,8.393441682541004e-07
0.7750000000000006,0.22112268672986565,8.394386330915285e-07
0.7760000000000006,0.20924721986153436,8.393610813157634e-07
0.7770000000000006,0.19751964051210408,8.391019595153579e-07
0.7780000000000006,0.1859503447787701,8.386495173630382e-07
0.7790000000000006,0.17455227187777025,8.379891491680155e-07
0.7800000000000006,0.16334168458205936,8.371025175552688e-07
0.7810000000000006,0.15233920789107652,8.359663938900704e-07
0.7820000000000006,0.14157119217940392,8.345511475302964e-07
0.7830000000000006,0.13107144566660967,8.328188477652911e-07
0.7840000000000006,0.1208832929693287,8.307210521423143e-07
0.7850000000000006,0.11106168381668118,8.281966342497081e-07
0.7860000000000006,0.10167458804552568,8.251705752621193e-07
0.7870000000000006,0.0928021224160421,8.215555419373473e-07
0.7880000000000006,0.08453109211081404,8.172588851352962e-07
0.7890000000000006,0.07694304847961578,8.121970557937661e-07
0.7900000000000006,0.07009711874513552,8.063156107010992e-07
0.7910000000000006,0.06401406034610742,7.996069849138324e-07
0.7920000000000006,0.05867018797037276,7.921160519535307e-07
0.7930000000000006,0.054004729795134626,7.839299040438182e-07
0.7940000000000006,0.04993577816090364,7.751581178479759e-07
0.7950000000000006,0.04637639483669152,7.659135691120804e-07
0.7960000000000006,0.04324544686293827,7.56299931234123e-07
0.7970000000000006,0.04047256516865409,7.464062684535942e-07
0.7980000000000006,0.037999127556208115,7.3630630309518e-07
0.7990000000000006,0.035777280881194966,7.260599199357051e-07
0.8000000000000006,0.033768283631600095,7.15715389598779e-07
0.8010000000000006,0.03194080067991623,7.053115789832504e-07
0.8020000000000006,0.030269400702025717,6.948798695872137e-07
0.8030000000000006,0.02873332091910327,6.84445722021719e-07
0.8040000000000006,0.027315485738253244,6.740299130602971e-07
0.8050000000000006,0.026001739845414998,6.636495005320556e-07
0.8060000000000006,0.024780252831441186,6.533185709345878e-07
0.8070000000000006,0.023641057355457382,6.430488202939857e-07
0.8080000000000006,0.022575689930771484,6.32850005750224e-07
0.8090000000000006,0.021576910189764383,6.227302991896472e-07
0.8100000000000006,0.020638480157183114,6.126965661954441e-07
0.8110000000000006,0.019754989537135163,6.027545869564423e-07
0.8120000000000006,0.018921716445213944,5.929092334469935e-07
0.8130000000000006,0.018134515599893593,5.831646117246056e-07
0.8140000000000006,0.017389727920864448,5.735241778641147e-07
0.8150000000000006,0.01668410692661269,5.639908324832008e-07
0.8160000000000006,0.016014758404380852,5.545669987693826e-07
0.8170000000000006,0.015379090636707345,5.452546872771434e-07
0.8180000000000006,0.014774773080202558,5.360555496297659e-07
0.8190000000000006,0.01419970185555344,5.26970924329042e-07
0.8200000000000006,0.013651970760836001,5.180018748962047e-07
0.8210000000000006,0.013129846790975655,5.09149222496872e-07
0.8220000000000006,0.012631749354986628,5.00413574150687e-07
0.8230000000000006,0.01215623254469939,4.917953464072568e-07
0.8240000000000006,0.011701969935222082,4.832947864204414e-07
0.8250000000000006,0.011267741496752946,4.749119898715161e-07
0.8260000000000006,0.010852422275899814,4.666469167677323e-07
0.8270000000000006,0.010454972567019088,4.584994052645938e-07
0.8280000000000006,0.010074429343940098,4.5046918385359055e-07
0.8290000000000006,0.009709898762462404,4.425558821396017e-07
0.8300000000000006,0.009360549576320222,4.3475904046644254e-07
0.8310000000000006,0.009025607335533184,4.2707811828517073e-07
0.8320000000000006,0.008704349257429298,4.1951250204794524e-07
0.8330000000000006,0.008396099678131335,4.1206151191403376e-07
0.8340000000000006,0.00810022600669865,4.047244078308858e-07
0.8350000000000006,0.007816135116016565,3.975003954386977e-07
0.8360000000000006,0.00754327011439301,3.90388630852178e-07
0.8370000000000006,0.007281107450047914,3.833882253902708e-07
0.8380000000000006,0.007029154307559191,3.764982497919678e-07
0.8390000000000006,0.006786946261093013,3.6971773802749533e-07
0.8400000000000006,0.00655404515411757,3.630456908536306e-07
0.8410000000000006,0.00633003717940199,3.564810789847758e-07
0.8420000000000006,0.006114531136589338,3.5002284621502705e-07
0.8430000000000006,0.0059071568476000095,3.436699120371728e-07
0.8440000000000006,0.005707563712648619,3.3742117421355425e-07
0.8450000000000006,0.005515419391830724,3.312755113026901e-07
0.8460000000000006,0.005330408599088215,3.2523178450849163e-07
0.8470000000000006,0.005152231996970222,3.192888400850233e-07
0.8480000000000006,0.00498060518198648,3.134455110126791e-07
0.8490000000000006,0.004815257751548364,3.077006188304844e-07
0.8500000000000006,0.004655932444528386,3.0205297524288355e-07
0.8510000000000006,0.004502384348379551,2.965013837525482e-07
0.8520000000000006,0.004354380166533884,2.9104464099784927e-07
0.8530000000000006,0.004211697540498807,2.8568153822216766e-07
0.8540000000000006,0.004074124421666978,2.8041086235766274e-07
0.8550000000000006,0.003941458488385275,2.752313974525161e-07
0.8560000000000006,0.003813506604297901,2.701419254914558e-07
0.8570000000000007,0.0036900843143874242,2.651412278243011e-07
0.8580000000000007,0.003571015375498665,2.6022808568421096e-07
0.8590000000000007,0.00345613131845688,2.5540128153122774e-07
0.8600000000000007,0.0033452710391691344,2.5065959967027207e-07
0.8610000000000007,0.0032382804163589678,2.4600182709898916e-07
0.8620000000000007,0.0031350119538015486,2.414267543673042e-07
0.8630000000000007,0.003035324445133788,2.3693317627434748e-07
0.8640000000000007,0.002939082659488445,2.3251989232945733e-07
0.8650000000000007,0.0028461570463640916,2.2818570775224797e-07
0.8660000000000007,0.002756423458285829,2.239294337332519e-07
0.8670000000000007,0.002669762889938834,2.1974988822235156e-07
0.8680000000000007,0.0025860612325753173,2.156458962869999e-07
0.8690000000000007,0.0025052090425955777,2.1161629067383697e-07
0.8700000000000007,0.0024271013233037294,2.0765991233301015e-07
0.8710000000000007,0.0023516373189146726,2.0377561068228578e-07
0.8720000000000007,0.0022787203199745565,1.999622441504513e-07
0.8730000000000007,0.0022082574794185976,1.9621868047742241e-07
0.8740000000000007,0.0021401596385578186,1.9254379708026972e-07
0.8750000000000007,0.0020743411623396274,1.8893648130952415e-07
0.8760000000000007,0.002010719783281338,1.8539563087938832e-07
0.8770000000000007,0.0019492164535206819,1.8192015404511208e-07
0.8780000000000007,0.0018897552044712174,1.785089697977152e-07
0.8790000000000007,0.0018322630136087667,1.751610082586369e-07
0.8800000000000007,0.001776669677951459,1.718752107647374e-07
0.8810000000000007,0.0017229076938263402,1.6865053006605638e-07
0.8820000000000007,0.0016709121425476257,1.6548593052834182e-07
0.8830000000000007,0.0016206205816572394,1.6238038841624378e-07
0.8840000000000007,0.0015719729414032085,1.5933289170119366e-07
0.8850000000000007,0.0015249114261546607,1.563424405345501e-07
0.8860000000000007,0.0014793804204729383,1.5340804718818463e-07
0.8870000000000007,0.0014353263995778888,1.5052873608310466e-07
0.8880000000000007,0.0013926978439646905,1.4770354415981693e-07
0.8890000000000007,0.0013514451579454492,1.4493152053745434e-07
0.8900000000000007,0.0013115205919016042,1.4221172690885922e-07
0.8910000000000007,0.0012728781680495212,1.3954323736277419e-07
0.8920000000000007,0.001235473609533605,1.3692513864665273e-07
0.8930000000000007,0.0011992642726724415,1.3435652988042987e-07
0.8940000000000007,0.0011642090821952526,1.318365228631345e-07
0.8950000000000007,0.0011302684693157087,1.2936424190201912e-07
0.8960000000000007,0.0010974043124996143,1.2693882379608001e-07
0.8970000000000007,0.0010655798807911836,1.2455941797093195e-07
0.8980000000000007,0.0010347597795716112,1.2222518625069206e-07
0.8990000000000007,0.001004909898630338,1.1993530302624802e-07
0.9000000000000007,0.000975997362436315,1.1768895497553389e-07
0.9010000000000007,0.0009479904825042679,1.1548534128383997e-07
0.9020000000000007,0.0009208587117548778,1.1332367339357899e-07
0.9030000000000007,0.0008945726007758326,1.112031749557138e-07
0.9040000000000007,0.0008691037558937098,1.0912308192863665e-07
0.9050000000000007,0.0008444247989735911,1.0708264223426023e-07
0.9060000000000007,0.0008205093288657752,1.0508111596271505e-07
0.9070000000000007,0.0007973318844255457,1.0311777498637348e-07
0.9080000000000007,0.0007748679090336295,1.0119190319056795e-07
0.9090000000000007,0.0007530937165508577,9.930279615873866e-08
0.9100000000000007,0.000731986458642099,9.744976112906548e-08
0.9110000000000007,0.0007115240934097045,9.563211690339496e-08
0.9120000000000007,0.0006916853552781207,9.384919369588574e-08
0.9130000000000007,0.0006724497260756598,9.210033314254948e-08
0.9140000000000007,0.0006537974072607363,9.038488800895e-08
0.9150000000000007,0.0006357092932440829,8.870222231553704e-08
0.9160000000000007,0.0006181669457593064,8.705171093519037e-08
0.9170000000000007,0.0006011525692372388,8.5432739678655e-08
0.9180000000000007,0.0005846489871419372,8.384470512540557e-08
0.9190000000000007,0.0005686396192275163,8.228701444236777e-08
0.9200000000000007,0.0005531084596772736,8.075908533100931e-08
0.9210000000000007,0.0005380400560883326,7.926034583521924e-08
0.9220000000000007,0.0005234194892669308,7.779023423505615e-08
0.9230000000000007,0.0005092323538006358,7.634819897085407e-08
0.9240000000000007,0.000495464739375945,7.493369841120312e-08
0.9250000000000007,0.0004821032128102773,7.354620080567836e-08
0.9260000000000007,0.0004691348007698403,7.218518411917368e-08
0.9270000000000007,0.00045654697314515057,7.085013579424468e-08
0.9280000000000007,0.0004443276270579187,6.954055291460634e-08
0.9290000000000007,0.00043246507147380164,6.825594164872051e-08
0.9300000000000007,0.00042094801239665687,6.699581749916236e-08
0.9310000000000007,0.0004097655386212906,6.575970499123757e-08
0.9320000000000007,0.0003989071080224021,6.45471374747901e-08
0.9330000000000007,0.0003883625343584359,6.335765707779842e-08
0.9340000000000007,0.0003781219745698614,6.219081466994625e-08
0.9350000000000007,0.00036817591655285514,6.104616951914735e-08
0.9360000000000007,0.0003585151673890029,5.992328930021912e-08
0.9370000000000007,0.0003491308420140923,5.882174985809285e-08
0.9380000000000007,0.00034001435230773244,5.774113522516097e-08
0.9390000000000007,0.0003311573965885393,5.6681037374946286e-08
0.9400000000000007,0.00032255194949818415,5.564105608202308e-08
0.9410000000000007,0.0003141902522600101,5.462079886824067e-08
0.9420000000000007,0.000306064803297035,5.361988082274588e-08
0.9430000000000007,0.00029816834919607117,5.2637924482287074e-08
0.9440000000000007,0.00029049387600432817,5.16745596859311e-08
0.9450000000000007,0.0002830346008457509,5.072942351478163e-08
0.9460000000000007,0.00027578396384497723,4.9802160043046356e-08
0.9470000000000007,0.0002687356203469364,4.889242037273145e-08
0.9480000000000007,0.00026188343342119593,4.799986247014387e-08
0.9490000000000007,0.00025522146663968656,4.712415083759497e-08
0.9500000000000007,0.00024874397711782947,4.6264956682535996e-08
0.9510000000000007,0.00024244540880893407,4.542195764997703e-08
0.9520000000000007,0.00023632038604220709,4.459483783116058e-08
0.9530000000000007,0.0002303637072953174,4.3783287333783866e-08
0.9540000000000007,0.00022457033919245217,4.298700256605975e-08
0.9550000000000007,0.00021893541071958092,4.220568588977208e-08
0.9560000000000007,0.00021345420764864252,4.143904554091207e-08
0.9570000000000007,0.00020812216716274316,4.068679552602858e-08
0.9580000000000007,0.00020293487267508025,3.9948655608350314e-08
0.9590000000000007,0.00019788804883395003,3.922435102155647e-08
0.9600000000000007,0.00019297755670727646,3.851361247107776e-08
0.9610000000000007,0.00018819938913967727,3.7816176138866925e-08
0.9620000000000007,0.00018354966627571432,3.713178334946443e-08
0.9630000000000007,0.00017902463124329094,3.646018054354397e-08
0.9640000000000007,0.0001746206459909704,3.580111936421493e-08
0.9650000000000007,0.0001703341872737029,3.5154356312679796e-08
0.9660000000000007,0.00016616184278134526,3.451965272568275e-08
0.9670000000000007,0.00016210030740480396,3.3896774840128097e-08
0.9680000000000007,0.00015814637963461922,3.3285493433558855e-08
0.9690000000000007,0.00015429695808708891,3.268558389311199e-08
0.9700000000000008,0.00015054903815328415,3.209682615523679e-08
0.9710000000000008,0.00014689970876637608,3.15190045096711e-08
0.9720000000000008,0.0001433461492830725,3.095190755390484e-08
0.9730000000000008,0.00013988562647460434,3.0395328161087615e-08
0.9740000000000008,0.00013651549162377145,2.984906337507795e-08
0.9750000000000008,0.00013323317772361292,2.931291412378023e-08
0.9760000000000008,0.0001300361967745366,2.8786685568257808e-08
0.9770000000000008,0.0001269221371756634,2.8270186624382992e-08
0.9780000000000008,0.00012388866120761197,2.7763229998398892e-08
0.9790000000000008,0.00012093350260291698,2.7265632279727114e-08
0.9800000000000008,0.00011805446420101335,2.6777213648666864e-08
0.9810000000000008,0.00011524941568494433,2.6297797819582747e-08
0.9820000000000008,0.00011251629139640095,2.582721217664688e-08
0.9830000000000008,0.00010985308822656546,2.5365287450312968e-08
0.9840000000000008,0.00010725786358000049,2.4911857744204513e-08
0.9850000000000008,0.00010472873340870993,2.4466760597564863e-08
0.9860000000000008,0.00010226387031412579,2.402983660144964e-08
0.9870000000000008,9.986150171431634e-05,2.3600929730492604e-08
0.9880000000000008,9.751990807435016e-05,2.31798869543276e-08
0.9890000000000008,9.5237421197031e-05,2.276655831608479e-08
0.9900000000000008,9.301242257271495e-05,2.2360796834812458e-08
0.9910000000000008,9.084334178493739e-05,2.1962458525860012e-08
0.9920000000000008,8.872865497093741e-05,2.1571402174496573e-08
0.9930000000000008,8.666688333439196e-05,2.118748948076038e-08
0.9940000000000008,8.465659170871898e-05,2.0810584762387396e-08
0.9950000000000008,8.269638716945936e-05,2.0440555201142047e-08
0.9960000000000008,8.078491769313202e-05,2.0077270435590877e-08
0.9970000000000008,7.8920870862112e-05,1.9720602829551015e-08
0.9980000000000008,7.710297261271149e-05,1.9370427207544838e-08
0.9990000000000008,7.532998602574416e-05,1.9026620911178488e-08
1.0000000000000007,7.360071015777335e-05,1.8689063668170247e-08
1.0010000000000006,7.191397891143485e-05,1.835763768298984e-08
1.0020000000000004,7.026865994391292e-05,1.8032227364073172e-08
1.0030000000000003,6.866365361160274e-05,1.771271941532898e-08
1.0040000000000002,6.709789195034893e-05,1.739900291550245e-08
1.0050000000000001,6.557033768951732e-05,1.709096895344958e-08
1.006,6.407998329880384e-05,1.6788510888779418e-08
1.007,6.262585006684166e-05,1.6491524122436846e-08
1.0079999999999998,6.12069872103403e-05,1.6199906111014073e-08
1.0089999999999997,5.9822471012575484e-05,1.591355635851069e-08
1.0099999999999996,5.847140399039999e-05,1.563237630878081e-08
1.0109999999999995,5.715291408886292e-05,1.5356269378059145e-08
1.0119999999999993,5.58661539019797e-05,1.5085140778452882e-08
1.0129999999999992,5.461029991933088e-05,1.4818897708327589e-08
1.0139999999999991,5.3384551797416464e-05,1.4557449080389306e-08
1.014999999999999,5.21881316545114e-05,1.4300705646150963e-08
1.015999999999999,5.102028338886121e-05,1.4048579880139578e-08
1.0169999999999988,4.988027201888301e-05,1.3800985932191367e-08
1.0179999999999987,4.8767383044961834e-05,1.3557839668651428e-08
1.0189999999999986,4.768092183177063e-05,1.331905853056009e-08
1.0199999999999985,4.6620213010715516e-05,1.3084561680670737e-08
1.0209999999999984,4.558459990169524e-05,1.2854269711582572e-08
1.0219999999999982,4.457344395336896e-05,1.2628104834391807e-08
1.0229999999999981,4.358612420160904e-05,1.2405990742082179e-08
1.023999999999998,4.262203674524067e-05,1.218785262557115e-08
1.024999999999998,4.168059423852439e-05,1.1973617108224088e-08
1.0259999999999978,4.076122540004489e-05,1.1763212236313297e-08
1.0269999999999977,3.986337453706058e-05,1.1556567414833241e-08
1.0279999999999976,3.898650108515416e-05,1.1353613426582504e-08
1.0289999999999975,3.813007916247059e-05,1.115428242088809e-08
1.0299999999999974,3.729359713802983e-05,1.0958507786103244e-08
1.0309999999999973,3.647655721370026e-05,1.0766224267134972e-08
1.0319999999999971,3.567847501960206e-05,1.057736774339943e-08
1.032999999999997,3.489887922176054e-05,1.0391875479923152e-08
1.033999999999997,3.4137311142773074e-05,1.020968576868897e-08
1.0349999999999968,3.3393324393647724e-05,1.0030738252595622e-08
1.0359999999999967,3.266648451773233e-05,9.854973587620358e-09
1.0369999999999966,3.195636864556988e-05,9.682333647516306e-09
1.0379999999999965,3.126256516034096e-05,9.512761375927298e-09
1.0389999999999964,3.058467337404202e-05,9.346200810673999e-09
1.0399999999999963,2.9922303213429434e-05,9.182597026074352e-09
1.0409999999999962,2.9275074915893035e-05,9.021896227486004e-09
1.041999999999996,2.8642618734427877e-05,8.864045512348151e-09
1.042999999999996,2.8024574652296757e-05,8.70899308658829e-09
1.0439999999999958,2.742059210559977e-05,8.556688092450915e-09
1.0449999999999957,2.683032971523205e-05,8.407080608931194e-09
1.0459999999999956,2.6253455026491537e-05,8.260121742847959e-09
1.0469999999999955,2.5689644256850492e-05,8.115763408967497e-09
1.0479999999999954,2.513858205130639e-05,7.973958552481841e-09
1.0489999999999953,2.4599961245375448e-05,7.834660852371056e-09
1.0499999999999952,2.4073482635100618e-05,7.69782503321978e-09
1.050999999999995,2.3558854754148378e-05,7.563406535186085e-09
1.051999999999995,2.30557936573664e-05,7.4313616605856114e-09
1.0529999999999948,2.2564022711346963e-05,7.301647628535357e-09
1.0539999999999947,2.208327239095592e-05,7.174222278749642e-09
1.0549999999999946,2.1613280081956818e-05,7.049044448408787e-09
1.0559999999999945,2.1153789889636455e-05,6.926073541947686e-09
1.0569999999999944,2.0704552453259805e-05,6.805269901852956e-09
1.0579999999999943,2.0265324765913994e-05,6.686594486438047e-09
1.0589999999999942,1.9835869999579254e-05,6.5700090216315454e-09
1.059999999999994,1.941595733587456e-05,6.4554759211798984e-09
1.060999999999994,1.900536180115115e-05,6.342958402873883e-09
1.0619999999999938,1.8603864107134125e-05,6.232420208390765e-09
1.0629999999999937,1.8211250495731243e-05,6.123825863069143e-09
1.0639999999999936,1.782731258861712e-05,6.01714054927413e-09
1.0649999999999935,1.7451847241456567e-05,5.912330035273694e-09
1.0659999999999934,1.7084656401873385e-05,5.80936071687202e-09
1.0669999999999933,1.6725546972073754e-05,5.7081997071814494e-09
1.0679999999999932,1.6374330675292015e-05,5.608814611542112e-09
1.068999999999993,1.6030823925910057e-05,5.511173720076229e-09
1.069999999999993,1.569484770384846e-05,5.4152458654407876e-09
1.0709999999999928,1.5366227431918515e-05,5.321000444511587e-09
1.0719999999999927,1.5044792857452615e-05,5.228407455246109e-09
1.0729999999999926,1.4730377936792269e-05,5.137437448544946e-09
1.0739999999999925,1.4422820723327998e-05,5.04806144021458e-09
1.0749999999999924,1.4121963258736527e-05,4.960251081403966e-09
1.0759999999999923,1.3827651467265982e-05,4.8739784517387585e-09
1.0769999999999922,1.3539735053195466e-05,4.789216257079787e-09
1.077999999999992,1.325806740113224e-05,4.7059375324516595e-09
1.078999999999992,1.2982505478938575e-05,4.624115995058992e-09
1.0799999999999919,1.271290974377706e-05,4.5437256977753915e-09
1.0809999999999917,1.2449144050699643e-05,4.464741206085254e-09
1.0819999999999916,1.2191075563590892e-05,4.3871376141299545e-09
1.0829999999999915,1.1938574668944955e-05,4.310890433685544e-09
1.0839999999999914,1.1691514891833052e-05,4.235975553830429e-09
1.0849999999999913,1.144977281442276e-05,4.1623693680138685e-09
1.0859999999999912,1.1213227996560451e-05,4.090048706835436e-09
1.086999999999991,1.0981762898855172e-05,4.018990826335639e-09
1.087999999999991,1.0755262807551357e-05,3.949173302177783e-09
1.0889999999999909,1.0533615761927235e-05,3.880574266437731e-09
1.0899999999999908,1.0316712483158972e-05,3.8131721335175894e-09
1.0909999999999906,1.0104446305819438e-05,3.746945736755186e-09
1.0919999999999905,9.896713110644882e-06,3.6818742945969596e-09
1.0929999999999904,9.693411259552826e-06,3.6179374396545783e-09
1.0939999999999903,9.494441532297937e-06,3.5551150807944243e-09
1.0949999999999902,9.299707065006463e-06,3.4933876217127513e-09
1.09599999999999,9.109113290029793e-06,3.432735734554271e-09
1.09699999999999,8.922567878021773e-06,3.373140410652814e-09
1.0979999999999899,8.739980681010403e-06,3.3145830338233984e-09
1.0989999999999898,8.561263677396144e-06,3.257045314442736e-09
1.0999999999999897,8.38633091841263e-06,3.2005093536340012e-09
1.1009999999999895,8.215098475740417e-06,3.14495741254861e-09
1.1019999999999894,8.04748439100174e-06,3.0903722666834887e-09
1.1029999999999893,7.883408626265199e-06,3.0367368723804855e-09
1.1039999999999892,7.722793015932762e-06,2.9840344782823547e-09
1.104999999999989,7.565561220073923e-06,2.9322487636769534e-09
1.105999999999989,7.411638678927547e-06,2.8813635214765265e-09
1.1069999999999889,7.260952568574473e-06,2.831363027280126e-09
1.1079999999999888,7.11343175781413e-06,2.782231688092107e-09
1.1089999999999887,6.969006766230023e-06,2.733954279111883e-09
1.1099999999999886,6.827609723385226e-06,2.6865157299292564e-09
1.1109999999999884,6.6891743290787425e-06,2.6399014532545173e-09
1.1119999999999883,6.553635814551984e-06,2.5940968821809574e-09
1.1129999999999882,6.4209309048931404e-06,2.5490878873858647e-09
1.113999999999988,6.290997782360672e-06,2.5048604627118942e-09
1.114999999999988,6.163776050661556e-06,2.4614009602220988e-09
1.115999999999988,6.039206700091664e-06,2.4186958933088143e-09
1.1169999999999878,5.917232073732609e-06,2.3767320837114747e-09
1.1179999999999877,5.79779583455819e-06,2.335496527942904e-09
1.1189999999999876,5.680842933162363e-06,2.2949764940001505e-09
1.1199999999999875,5.56631957655079e-06,2.255159495343634e-09
1.1209999999999873,5.454173197748022e-06,2.216033167731779e-09
1.1219999999999872,5.344352425904102e-06,2.177585452234343e-09
1.1229999999999871,5.236807057705365e-06,2.1398045184709003e-09
1.123999999999987,5.1314880289059535e-06,2.1026786878493298e-09
1.124999999999987,5.028347387093485e-06,2.0661965268072013e-09
1.1259999999999868,4.927338264870825e-06,2.030346756172474e-09
1.1269999999999867,4.8284148538883535e-06,1.995118373461502e-09
1.1279999999999866,4.731532379378959e-06,1.960500495452877e-09
1.1289999999999865,4.636647075518382e-06,1.926482508241012e-09
1.1299999999999863,4.543716161350539e-06,1.8930538924627482e-09
1.1309999999999862,4.452697817180947e-06,1.8602044162853437e-09
1.1319999999999861,4.363551161876781e-06,1.8279239298417405e-09
1.132999999999986,4.276236230415254e-06,1.7962025452081254e-09
1.133999999999986,4.190713952281391e-06,1.7650305071670314e-09
1.1349999999999858,4.106946130183024e-06,1.73439826953517e-09
1.1359999999999857,4.024895419420945e-06,1.7042963767685548e-09
1.1369999999999856,3.944525307919169e-06,1.6747155905973143e-09
1.1379999999999855,3.865800096371056e-06,1.6456468379839884e-09
1.1389999999999854,3.78868487930313e-06,1.617081233241252e-09
1.1399999999999852,3.7131455262143737e-06,1.5890100212197222e-09
1.1409999999999851,3.6391486637110406e-06,1.5614245135568694e-09
1.141999999999985,3.5666616575065615e-06,1.5343163662327741e-09
1.142999999999985,3.4956525952834324e-06,1.5076772000993666e-09
1.1439999999999848,3.426090269743619e-06,1.4814988680278418e-09
1.1449999999999847,3.3579441622296268e-06,1.4557734254183607e-09
1.1459999999999846,3.2911844267902372e-06,1.4304928777977843e-09
1.1469999999999845,3.2257818744004515e-06,1.405649560290434e-09
1.1479999999999844,3.161707957714748e-06,1.3812358652665058e-09
1.1489999999999843,3.0989347563765802e-06,1.357244333415053e-09
1.1499999999999841,3.0374349623035994e-06,1.3336676138453463e-09
1.150999999999984,2.9771818657220547e-06,1.310498481434108e-09
1.151999999999984,2.918149341219588e-06,1.2877298879998555e-09
1.1529999999999838,2.8603118344500382e-06,1.2653548851077057e-09
1.1539999999999837,2.803644348771684e-06,1.2433666123599918e-09
1.1549999999999836,2.748122432728117e-06,1.2217583607136706e-09
1.1559999999999835,2.6937221673504486e-06,1.2005235616383003e-09
1.1569999999999834,2.640420153927053e-06,1.179655679996866e-09
1.1579999999999833,2.58819350231177e-06,1.159148389252851e-09
1.1589999999999832,2.537019819084482e-06,1.138995425753464e-09
1.159999999999983,2.4868771964961984e-06,1.1191906147504926e-09
1.160999999999983,2.437744201040173e-06,1.0997279480291777e-09
1.1619999999999828,2.3895998630660465e-06,1.0806015101824662e-09
1.1629999999999827,2.3424236660019315e-06,1.0618054382786901e-09
1.1639999999999826,2.2961955360712474e-06,1.0433340046946127e-09
1.1649999999999825,2.2508958324331e-06,1.0251816028039595e-09
1.1659999999999824,2.206505337278601e-06,1.007342690165225e-09
1.1669999999999823,2.1630052462213586e-06,9.89811827119269e-10
1.1679999999999822,2.1203771591841796e-06,9.72583703677532e-10
1.168999999999982,2.078603071025651e-06,9.556530475816893e-10
1.169999999999982,2.037665362892334e-06,9.390147210144861e-10
1.1709999999999818,1.997546793339647e-06,9.226636186847326e-10
1.1719999999999817,1.9582304900799455e-06,9.065948482385455e-10
1.1729999999999816,1.919699941537567e-06,8.908034557393585e-10
1.1739999999999815,1.8819389888096234e-06,8.752846793712299e-10
1.1749999999999814,1.8449318178583531e-06,8.600337850737938e-10
1.1759999999999813,1.808662951775984e-06,8.450460882263033e-10
1.1769999999999812,1.7731172432261544e-06,8.303171119411479e-10
1.177999999999981,1.7382798671386132e-06,8.158423433352047e-10
1.178999999999981,1.7041363136386023e-06,8.016173978948882e-10
1.1799999999999808,1.6706723808656411e-06,7.876379284031676e-10
1.1809999999999807,1.6378741682314237e-06,7.738997082062937e-10
1.1819999999999806,1.6057280697945603e-06,7.603985639932642e-10
1.1829999999999805,1.5742207676566686e-06,7.471303766631854e-10
1.1839999999999804,1.5433392257334844e-06,7.340911385711468e-10
1.1849999999999803,1.5130706832991073e-06,7.212768910781764e-10
1.1859999999999802,1.4834026491375895e-06,7.08683737995347e-10
1.18699999999998,1.4543228955083014e-06,6.96307881145608e-10
1.18799999999998,1.4258194523605726e-06,6.841455331939306e-10
1.1889999999999799,1.3978806016871487e-06,6.721930139244603e-10
1.1899999999999797,1.370494871944316e-06,6.604466769484507e-10
1.1909999999999796,1.343651032780253e-06,6.489030150887143e-10
1.1919999999999795,1.3173380895675966e-06,6.375584634885079e-10
1.1929999999999794,1.2915452783896343e-06,6.26409640304415e-10
1.1939999999999793,1.2662620610060016e-06,6.154531289985499e-10
1.1949999999999792,1.2414781197834977e-06,6.046856227542863e-10
1.195999999999979,1.2171833530499445e-06,5.941038377400842e-10
1.196999999999979,1.1933678703427144e-06,5.83704615024494e-10
1.1979999999999789,1.1700219877500403e-06,5.734847267208076e-10
1.1989999999999787,1.1471362234664526e-06,5.634411322924526e-10
1.1999999999999786,1.1247012935054857e-06,5.535708228615599e-10
1.2009999999999785,1.1027081072231592e-06,5.438706993446396e-10
1.2019999999999784,1.0811477633024014e-06,5.343379202646381e-10
1.2029999999999783,1.060011545560572e-06,5.249695621788175e-10
1.2039999999999782,1.0392909189618638e-06,5.157627762375494e-10
1.204999999999978,1.018977525709499e-06,5.067148228787843e-10
1.205999999999978,9.990631815287273e-07,4.97822892717853e-10
1.2069999999999779,9.795398717203588e-07,4.890843437709014e-10
1.2079999999999778,9.603997477120093e-07,4.804965431613739e-10
1.2089999999999776,9.41635123387578e-07,4.720568172467132e-10
1.2099999999999775,9.232384715438117e-07,4.637627005511791e-10
1.2109999999999774,9.052024206941126e-07,4.556116569090496e-10
1.2119999999999773,8.875197514860046e-07,4.4760115622613506e-10
1.2129999999999772,8.701833935852014e-07,4.397288722382542e-10
1.213999999999977,8.531864224114411e-07,4.319923342654963e-10
1.214999999999977,8.365220561401928e-07,4.243892910704705e-10
1.2159999999999769,8.201836525401974e-07,4.1691738863341987e-10
1.2169999999999768,8.041647060445705e-07,4.0957432410893e-10
1.2179999999999767,7.884588449040383e-07,4.0235798286908375e-10
1.2189999999999765,7.730598281013258e-07,3.9526612451851184e-10
1.2199999999999764,7.579615428906513e-07,3.8829657154557107e-10
1.2209999999999763,7.431580018964277e-07,3.8144727307343196e-10
1.2219999999999762,7.286433404471856e-07,3.7471613485717814e-10
1.222999999999976,7.144118140045513e-07,3.6810115329119486e-10
1.223999999999976,7.004577956071254e-07,3.6160025624829006e-10
1.2249999999999759,6.867757735014908e-07,3.552115507114706e-10
1.2259999999999758,6.733603484283677e-07,3.489330903209964e-10
1.2269999999999757,6.602062315771895e-07,3.427629430285961e-10
1.2279999999999756,6.473082420050922e-07,3.3669927913468345e-10
1.2289999999999754,6.346613045029411e-07,3.307402242705426e-10
1.2299999999999753,6.222604472258286e-07,3.248840411106124e-10
1.2309999999999752,6.101007997315884e-07,3.1912891860358394e-10
1.2319999999999751,5.981775907124633e-07,3.134731306995986e-10
1.232999999999975,5.864861457986431e-07,3.0791496956339426e-10
1.233999999999975,5.750218857871789e-07,3.024527212881767e-10
1.2349999999999748,5.637803244494073e-07,2.9708477778528364e-10
1.2359999999999747,5.527570666590905e-07,2.918095097156903e-10
1.2369999999999746,5.419478065262022e-07,2.866253306747779e-10
1.2379999999999745,5.313483252961099e-07,2.815306481863955e-10
1.2389999999999743,5.209544899158703e-07,2.765239222497773e-10
1.2399999999999742,5.107622509295734e-07,2.716037117433956e-10
1.2409999999999741,5.007676408578197e-07,2.667684254921421e-10
1.241999999999974,4.9096677241307e-07,2.620166861255768e-10
1.242999999999974,4.813558369541963e-07,2.5734701782770264e-10
1.2439999999999738,4.7193110279125084e-07,2.527580107020144e-10
1.2449999999999737,4.6268891348353315e-07,2.4824829995481745e-10
1.2459999999999736,4.536256864285116e-07,2.4381648826635183e-10
1.2469999999999735,4.447379112503578e-07,2.394612728592871e-10
1.2479999999999734,4.360221484016477e-07,2.35181317129185e-10
1.2489999999999732,4.274750273985294e-07,2.309753573299933e-10
1.2499999999999731,4.1909324578539997e-07,2.268421110673824e-10
1.250999999999973,4.108735675168737e-07,2.227802924775757e-10
1.251999999999973,4.028128215048929e-07,2.1878872064756694e-10
1.2529999999999728,3.9490790049236854e-07,2.1486615871951775e-10
1.2539999999999727,3.8715575958229534e-07,2.1101148909782874e-10
1.2549999999999726,3.795534149191018e-07,2.0722344760276679e-10
1.2559999999999725,3.720979426210314e-07,2.0350096868043677e-10
1.2569999999999724,3.647864773563815e-07,1.998428870303437e-10
1.2579999999999723,3.576162111657076e-07,1.962481587826359e-10
1.2589999999999721,3.5058439241431145e-07,1.9271561083056277e-10
1.259999999999972,3.436883244670763e-07,1.8924421014629433e-10
1.260999999999972,3.3692536463250915e-07,1.8583294365132064e-10
1.2619999999999718,3.302929231027072e-07,1.8248075403168307e-10
1.2629999999999717,3.237884617511022e-07,1.7918662170365862e-10
1.2639999999999716,3.174094931716422e-07,1.759495799925903e-10
1.2649999999999715,3.1115357962952043e-07,1.7276859630432906e-10
1.2659999999999714,3.050183319416346e-07,1.6964276034273085e-10
1.2669999999999713,2.9900140864589803e-07,1.6657111887724563e-10
1.2679999999999712,2.9310051492449724e-07,1.6355273689191985e-10
1.268999999999971,2.873134015947849e-07,1.605867205704825e-10
1.269999999999971,2.816378643167002e-07,1.5767217132617306e-10
1.2709999999999708,2.760717425899758e-07,1.548081463367823e-10
1.2719999999999707,2.7061291891177973e-07,1.5199390010489644e-10
1.2729999999999706,2.6525931778808204e-07,1.4922845077702807e-10
1.2739999999999705,2.600089049870489e-07,1.4651106022833815e-10
1.2749999999999704,2.548596867359506e-07,1.438408723727913e-10
1.2759999999999703,2.498097086992175e-07,1.4121707405875816e-10
1.2769999999999702,2.448570554246761e-07,1.3863887858914237e-10
1.27799999999997,2.3999984936385143e-07,1.3610552181825275e-10
1.27899999999997,2.352362502102464e-07,1.3361623960039815e-10
1.2799999999999698,2.3056445402833535e-07,1.3117025044265263e-10
1.2809999999999697,2.259826926822646e-07,1.2876681448545368e-10
1.2819999999999696,2.2148923296672307e-07,1.264052426099005e-10
1.2829999999999695,2.1708237595766267e-07,1.2408480493109053e-10
1.2839999999999694,2.127604563295511e-07,1.2180477937037693e-10
1.2849999999999693,2.0852184164608505e-07,1.195644915540084e-10
1.2859999999999692,2.0436493163782884e-07,1.1736328358810666e-10
1.286999999999969,2.0028815771513233e-07,1.1520045768015352e-10
1.287999999999969,1.9628998215674462e-07,1.1307539756963414e-10
1.2889999999999688,1.9236889758314385e-07,1.1098742194390332e-10
1.2899999999999687,1.8852342636809517e-07,1.0893590456778623e-10
1.2909999999999686,1.847521198339839e-07,1.0692024609432194e-10
1.2919999999999685,1.8105355796255067e-07,1.0493980077269649e-10
1.2929999999999684,1.7742634865814424e-07,1.0299400525146107e-10
1.2939999999999683,1.7386912709080282e-07,1.010822480405904e-10
1.2949999999999682,1.703805554100543e-07,9.920400048310518e-11
1.295999999999968,1.6695932188011764e-07,9.735862289972363e-11
1.296999999999968,1.6360414063843996e-07,9.554558489874299e-11
1.2979999999999678,1.603137510321677e-07,9.376433657282135e-11
1.2989999999999677,1.5708691707027973e-07,9.201434449448986e-11
1.2999999999999676,1.539224270750144e-07,9.029508651198226e-11
1.3009999999999675,1.508190930285986e-07,8.860601965685055e-11
1.3019999999999674,1.477757502494864e-07,8.694663652247803e-11
1.3029999999999673,1.4479125674731908e-07,8.531642970224795e-11
1.3039999999999672,1.4186449296208841e-07,8.37149451322905e-11
1.304999999999967,1.3899436115069645e-07,8.214165328826462e-11
1.305999999999967,1.361797850954107e-07,8.059604459514924e-11
1.3069999999999669,1.334197094801866e-07,7.907773524537531e-11
1.3079999999999667,1.30713099673015e-07,7.7586198316687e-11
1.3089999999999666,1.2805894116609625e-07,7.612100619974749e-11
1.3099999999999665,1.2545623928289688e-07,7.46817065654104e-11
1.3109999999999664,1.2290401861891018e-07,7.326789652414845e-11
1.3119999999999663,1.2040132287561065e-07,7.187907560823881e-11
1.3129999999999662,1.1794721422000815e-07,7.051484786704809e-11
1.313999999999966,1.1554077318756469e-07,6.917486115171068e-11
1.314999999999966,1.1318109809872455e-07,6.785860241775854e-11
1.3159999999999659,1.1086730480435427e-07,6.656572515417736e-11
1.3169999999999658,1.0859852627619237e-07,6.529585552805806e-11
1.3179999999999656,1.0637391232982899e-07,6.404855725644643e-11
1.3189999999999655,1.0419262929916247e-07,6.282351331862723e-11
1.3199999999999654,1.0205385950707353e-07,6.1620261844475e-11
1.3209999999999653,9.995680124614353e-08,6.043852831399965e-11
1.3219999999999652,9.790066826145649e-08,5.927782483622357e-11
1.322999999999965,9.588468942504185e-08,5.813789857520013e-11
1.323999999999965,9.390810860882169e-08,5.7018430341809756e-11
1.3249999999999649,9.197018414636199e-08,5.591897691420433e-11
1.3259999999999648,9.007018872991829e-08,5.4839251195648586e-11
1.3269999999999647,8.820740907699215e-08,5.377891231297949e-11
1.3279999999999645,8.638114556591725e-08,5.2737684445164357e-11
1.3289999999999644,8.459071208027292e-08,5.171514778912201e-11
1.3299999999999643,8.283543562543346e-08,5.071105904988493e-11
1.3309999999999642,8.111465616437698e-08,4.9725064343864034e-11
1.331999999999964,7.942772627396119e-08,4.8756916039283116e-11
1.332999999999964,7.777401097111735e-08,4.78062949470226e-11
1.3339999999999639,7.615288739921663e-08,4.6872842413003823e-11
1.3349999999999638,7.456374458670362e-08,4.595635981138879e-11
1.3359999999999637,7.30059833266199e-08,4.5056501064844046e-11
1.3369999999999636,7.147901567403224e-08,4.417302201104034e-11
1.3379999999999634,6.998226506690265e-08,4.330563902268936e-11
1.3389999999999633,6.851516573615871e-08,4.2454049390544535e-11
1.3399999999999632,6.707716286420427e-08,4.161806923391742e-11
1.340999999999963,6.566771199468241e-08,4.079734813866587e-11
1.341999999999963,6.428627914061578e-08,3.9991679239015365e-11
1.342999999999963,6.293234027095812e-08,3.920079365282714e-11
1.3439999999999628,6.160538147561041e-08,3.842445979451714e-11
1.3449999999999627,6.030489838189327e-08,3.766240487881878e-11
1.3459999999999626,5.9030396192491996e-08,3.69143960191054e-11
1.3469999999999624,5.778138954510281e-08,3.618023285481553e-11
1.3479999999999623,5.655740204587698e-08,3.545967686147122e-11
1.3489999999999622,5.535796635729089e-08,3.475241535516593e-11
1.3499999999999621,5.418262388636852e-08,3.405835032402327e-11
1.350999999999962,5.303092465553047e-08,3.3377192936584477e-11
1.351999999999962,5.1902427153182717e-08,3.270869686211597e-11
1.3529999999999618,5.079669799976279e-08,3.2052740236293564e-11
1.3539999999999617,4.9713312025498534e-08,3.140900256895507e-11
1.3549999999999616,4.8651851944900914e-08,3.077735288847805e-11
1.3559999999999615,4.76119082276693e-08,3.015759777319493e-11
1.3569999999999613,4.659307898330417e-08,2.954950823960689e-11
1.3579999999999612,4.5594969759872515e-08,2.895287568721594e-11
1.3589999999999611,4.4617193435611846e-08,2.8367527944717086e-11
1.359999999999961,4.365937000465594e-08,2.7793281131421876e-11
1.360999999999961,4.2721126493730585e-08,2.7229914937448862e-11
1.3619999999999608,4.1802096859465006e-08,2.6677274105046944e-11
1.3629999999999607,4.0901921747241444e-08,2.6135197738613725e-11
1.3639999999999606,4.0020248375923674e-08,2.560348114077904e-11
1.3649999999999605,3.9156730530879386e-08,2.508193652772661e-11
1.3659999999999604,3.8311028197732516e-08,2.457040517225839e-11
1.3669999999999602,3.748280773089267e-08,2.4068738755517183e-11
1.3679999999999601,3.6671741484493614e-08,2.357673648326064e-11
1.36899999999996,3.587750778427388e-08,2.3094256541844604e-11
1.36999999999996,3.509979078349818e-08,2.2621129795730166e-11
1.3709999999999598,3.4338280442186095e-08,2.2157197084038405e-11
1.3719999999999597,3.359267230847619e-08,2.1702332205636443e-11
1.3729999999999596,3.2862667379461586e-08,2.1256338269409758e-11
1.3739999999999595,3.2147972116669003e-08,2.081908083428896e-11
1.3749999999999594,3.1448298263869617e-08,2.0390443240120293e-11
1.3759999999999593,3.076336271634152e-08,1.9970204309660566e-11
1.3769999999999591,3.0092887453992174e-08,1.9558276439374245e-11
1.377999999999959,2.9436599434414653e-08,1.915449439685024e-11
1.378999999999959,2.8794230592445704e-08,1.8758771012233888e-11
1.3799999999999588,2.816551749440209e-08,1.837089725134633e-11
1.3809999999999587,2.755020155329673e-08,1.7990765561332056e-11
1.3819999999999586,2.6948028647092014e-08,1.7618252343143403e-11
1.3829999999999585,2.6358749274399322e-08,1.725324614079704e-11
1.3839999999999584,2.5782118308970144e-08,1.6895562206242776e-11
1.3849999999999583,2.5217894985297742e-08,1.6545115538030286e-11
1.3859999999999582,2.4665842747361697e-08,1.620178166975017e-11
1.386999999999958,2.412572928102547e-08,1.5865437436035634e-11
1.387999999999958,2.3597326303521016e-08,1.5535934518029482e-11
1.3889999999999578,2.30804095580744e-08,1.521315321981187e-11
1.3899999999999577,2.2574758780687878e-08,1.489701114201769e-11
1.3909999999999576,2.2080157517236272e-08,1.458738555296102e-11
1.3919999999999575,2.1596393082714296e-08,1.4284121628571622e-11
1.3929999999999574,2.1123256619136095e-08,1.3987169061868698e-11
1.3939999999999573,2.0660542748089472e-08,1.3696383437122872e-11
1.3949999999999572,2.0208049838110627e-08,1.3411642456329087e-11
1.395999999999957,1.976557966676642e-08,1.3132837699270095e-11
1.396999999999957,1.9332937479887815e-08,1.2859934905157244e-11
1.3979999999999568,1.8909931983575677e-08,1.2592739351280358e-11
1.3989999999999567,1.8496375084941466e-08,1.2331217644212522e-11
1.3999999999999566,1.8092082058511435e-08,1.2075207587308734e-11
1.4009999999999565,1.769687130088338e-08,1.1824665812482094e-11
1.4019999999999564,1.7310564437548053e-08,1.1579432291491942e-11
1.4029999999999563,1.6932986083148108e-08,1.133948534029483e-11
1.4039999999999562,1.6563963995036285e-08,1.1104663195926623e-11
1.404999999999956,1.620332883799635e-08,1.0874946342748215e-11
1.405999999999956,1.5850914186236363e-08,1.0650176487242424e-11
1.4069999999999558,1.550655661151862e-08,1.0430247377596347e-11
1.4079999999999557,1.5170095373594506e-08,1.0215161182214327e-11
1.4089999999999556,1.4841372532549258e-08,1.0004766112792218e-11
1.4099999999999555,1.4520232977480053e-08,9.79898454045447e-12
1.4109999999999554,1.4206524206599627e-08,9.59772192277164e-12
1.4119999999999553,1.3900096342135473e-08,9.400904100315133e-12
1.4129999999999552,1.3600802084437571e-08,9.20849551125369e-12
1.413999999999955,1.3308496775197734e-08,9.020310106494511e-12
1.414999999999955,1.3023038220358072e-08,8.83635178916542e-12
1.4159999999999549,1.2744286601931862e-08,8.656529052603057e-12
1.4169999999999547,1.2472104665670022e-08,8.480747354377982e-12
1.4179999999999546,1.2206357455644283e-08,8.30891865727379e-12
1.4189999999999545,1.1946912350767106e-08,8.140987016458379e-12
1.4199999999999544,1.1693639147585677e-08,7.976886512439663e-12
1.4209999999999543,1.1446409809275072e-08,7.816576379215956e-12
1.4219999999999542,1.1205098549367987e-08,7.659875771864888e-12
1.422999999999954,1.0969581791863698e-08,7.506796399769922e-12
1.423999999999954,1.0739738195089306e-08,7.357247189948568e-12
1.4249999999999539,1.0515448464236956e-08,7.211180437505238e-12
1.4259999999999537,1.0296595362254549e-08,7.0685085389043945e-12
1.4269999999999536,1.0083063802417725e-08,6.929149094780929e-12
1.4279999999999535,9.874740825863682e-09,6.793065675941845e-12
1.4289999999999534,9.671515233431801e-09,6.6601936639376635e-12
1.4299999999999533,9.47327797732168e-09,6.530461067744131e-12
1.4309999999999532,9.27992192734551e-09,6.4037932942517806e-12
1.431999999999953,9.091341820115764e-09,6.280133964947643e-12
1.432999999999953,8.90743428135649e-09,6.159423665552666e-12
1.4339999999999529,8.728097962851221e-09,6.0416376762573165e-12
1.4349999999999528,8.553232999692799e-09,5.926654132737408e-12
1.4359999999999526,8.38274165440288e-09,5.814442243651241e-12
1.4369999999999525,8.216527804198076e-09,5.704974253423201e-12
1.4379999999999524,8.054497186144397e-09,5.598151716496025e-12
1.4389999999999523,7.89655704784468e-09,5.493962056124513e-12
1.4399999999999522,7.742616614907863e-09,5.392308561474879e-12
1.440999999999952,7.59258663185784e-09,5.2931578391202105e-12
1.441999999999952,7.446379439911576e-09,5.196460015760573e-12
1.4429999999999519,7.303909157584944e-09,5.102155243436046e-12
1.4439999999999518,7.1650914307157566e-09,5.010199286697992e-12
1.4449999999999517,7.0298434454081836e-09,4.920550512182986e-12
1.4459999999999515,6.8980839495645955e-09,4.833125219483314e-12
1.4469999999999514,6.769733372302491e-09,4.7479008571937875e-12
1.4479999999999513,6.6447135183409556e-09,4.664846633972708e-12
1.4489999999999512,6.5229476444693924e-09,4.583900533455809e-12
1.449999999999951,6.404360578183869e-09,4.505010080257943e-12
1.450999999999951,6.288878552845666e-09,4.428123666355699e-12
1.4519999999999509,6.176429264152098e-09,4.353224811876055e-12
1.4529999999999508,6.066941625447575e-09,4.280263209838209e-12
1.4539999999999507,5.960346349091767e-09,4.2091542924727054e-12
1.4549999999999506,5.8565750047664894e-09,4.13990456499258e-12
1.4559999999999504,5.755560947348261e-09,4.072473695077017e-12
1.4569999999999503,5.6572385280459885e-09,4.0067519614661595e-12
1.4579999999999502,5.5615435959212565e-09,3.9428096204607854e-12
1.4589999999999501,5.468413235581573e-09,3.880545624418419e-12
1.45999999999995,5.3777857972679595e-09,3.8199087989965186e-12
1.46099999999995,5.289600753956566e-09,3.760852740342102e-12
1.4619999999999498,5.20379912461084e-09,3.703398265136881e-12
1.4629999999999497,5.1203228289498995e-09,3.647493765357446e-12
1.4639999999999496,5.03911504775898e-09,3.593035591276106e-12
1.4649999999999495,4.9601202766913926e-09,3.540077519320617e-12
1.4659999999999493,4.8832840428432575e-09,3.4885588341693197e-12
1.4669999999999492,4.8085529219075146e-09,3.438424892032721e-12
1.4679999999999491,4.735874898045117e-09,3.389656177271716e-12
1.468999999999949,4.665198755692973e-09,3.3422153933315712e-12
1.469999999999949,4.596474505912723e-09,3.2960682794236362e-12
1.4709999999999488,4.529653260222678e-09,3.2511927178235922e-12
1.4719999999999487,4.464687135214967e-09,3.2075587845514786e-12
1.4729999999999486,4.4015292246878844e-09,3.165119642073444e-12
1.4739999999999485,4.340133715280647e-09,3.1238909029007722e-12
1.4749999999999484,4.280455829743065e-09,3.0837806266892365e-12
1.4759999999999482,4.2224516116284915e-09,3.0448083290779415e-12
1.4769999999999481,4.166078246567766e-09,3.006927172533036e-12
1.477999999999948,4.111293696350496e-09,2.9701445296292928e-12
1.478999999999948,4.058057111402644e-09,2.934365424256402e-12
1.4799999999999478,4.006328320354303e-09,2.8996388623525604e-12
1.4809999999999477,3.956068123626143e-09,2.865856857381388e-12
1.4819999999999476,3.907238295078422e-09,2.8330848951541032e-12
1.4829999999999475,3.859801399902868e-09,2.80124361207168e-12
1.4839999999999474,3.813720809748132e-09,2.7703087220054545e-12
1.4849999999999473,3.7689609454837416e-09,2.740272418699785e-12
1.4859999999999471,3.725486752844923e-09,2.711110416026008e-12
1.486999999999947,3.6832642659256236e-09,2.6828214129415162e-12
1.487999999999947,3.642260107131303e-09,2.655315203825559e-12
1.4889999999999468,3.6024418397563607e-09,2.628625615785918e-12
1.4899999999999467,3.56377770207868e-09,2.602746577290427e-12
1.4909999999999466,3.5262367216171156e-09,2.5776290824008896e-12
1.4919999999999465,3.489788647179576e-09,2.5532536154782015e-12
1.4929999999999464,3.454403922707579e-09,2.5296275490971354e-12
1.4939999999999463,3.420053817892088e-09,2.506699275234281e-12
1.4949999999999461,3.3867101872392876e-09,2.484468793889638e-12
1.495999999999946,3.35434554314657e-09,2.4628857980824037e-12
1.496999999999946,3.3229332713358492e-09,2.4419654666429924e-12
1.4979999999999458,3.292447148364483e-09,2.4216913196983825e-12
1.4989999999999457,3.262861757212732e-09,2.4020395048007792e-12
1.4999999999999456,3.2341522932845416e-09,2.382985735821519e-12
1.5009999999999455,3.206294551559765e-09,2.364521339143222e-12
1.5019999999999454,3.17926489731521e-09,2.346630702254604e-12
1.5029999999999453,3.153040411116888e-09,2.329279130686146e-12
1.5039999999999452,3.1275985379422327e-09,2.3124761654169657e-12
1.504999999999945,3.1029175290040636e-09,2.2962035918505652e-12
1.505999999999945,3.0789760912275226e-09,2.2804722520086695e-12
1.5069999999999448,3.0557534669078565e-09,2.2652136243139775e-12
1.5079999999999447,3.0332293728579096e-09,2.250457199065581e-12
1.5089999999999446,3.011384194187485e-09,2.236167414432222e-12
1.5099999999999445,2.9901987102853675e-09,2.222310443306119e-12
1.5109999999999444,2.9696542721894344e-09,2.208937026348945e-12
1.5119999999999443,2.9497326356869455e-09,2.1959717030894943e-12
1.5129999999999442,2.9304161494883134e-09,2.18343051971992e-12
1.513999999999944,2.911687487068298e-09,2.1713355939645407e-12
1.514999999999944,2.893529933679987e-09,2.1596079959051995e-12
1.5159999999999438,2.8759270648209978e-09,2.1482563991592762e-12
1.5169999999999437,2.8588630372587674e-09,2.1373111613876006e-12
1.5179999999999436,2.842322385512362e-09,2.12673455235457e-12
1.5189999999999435,2.82629002474683e-09,2.1165239699749705e-12
1.5199999999999434,2.8107513102078795e-09,2.1066395156088547e-12
1.5209999999999433,2.7956918450775194e-09,2.0970668777875456e-12
1.5219999999999432,2.7810980389177283e-09,2.0878724096839996e-12
1.522999999999943,2.766956169310031e-09,2.0789819518696184e-12
1.523999999999943,2.7532531792235184e-09,2.0703824939183324e-12
1.5249999999999428,2.7399763220778293e-09,2.062106561895316e-12
1.5259999999999427,2.7271132112424755e-09,2.0541307370336437e-12
1.5269999999999426,2.7146518114708888e-09,2.0464394068220315e-12
1.5279999999999425,2.7025802740306387e-09,2.0389427993205977e-12
1.5289999999999424,2.690887307110702e-09,2.031811784791726e-12
1.5299999999999423,2.6795617564349456e-09,2.0249084527190764e-12
1.5309999999999422,2.668592942900123e-09,2.0182371399113386e-12
1.531999999999942,2.6579703669852946e-09,2.011855525924089e-12
1.532999999999942,2.647683799742121e-09,2.0056924870948123e-12
1.5339999999999419,2.6377234894718083e-09,1.9997619012113166e-12
1.5349999999999417,2.6280796608014777e-09,1.9940793807848856e-12
1.5359999999999416,2.6187431079815594e-09,1.9885456128965195e-12
1.5369999999999415,2.609704883562866e-09,1.9832963396582137e-12
1.5379999999999414,2.6009559462682264e-09,1.9782109977883877e-12
1.5389999999999413,2.5924879190103188e-09,1.9733568078217356e-12
1.5399999999999412,2.5842924245070172e-09,1.968697340565262e-12
1.540999999999941,2.5763614735936995e-09,1.964206575166827e-12
1.541999999999941,2.5686872285075313e-09,1.9599205071385573e-12
1.5429999999999409,2.5612620794674844e-09,1.9557935999892084e-12
1.5439999999999408,2.5540786955112018e-09,1.951847971443099e-12
1.5449999999999406,2.5471298631045903e-09,1.9480701773932907e-12
1.5459999999999405,2.5404087181152926e-09,1.944456748392831e-12
1.5469999999999404,2.5339084781056628e-09,1.941015924378231e-12
1.5479999999999403,2.5276226164028828e-09,1.9376952299643424e-12
1.5489999999999402,2.521544718140691e-09,1.934573595069322e-12
1.54999999999994,2.5156687126401195e-09,1.9315556099019915e-12
1.55099999999994,2.5099886552296082e-09,1.928679004697953e-12
1.5519999999999399,2.504498663803031e-09,1.9259403100102546e-12
1.5529999999999398,2.4991931782422052e-09,1.9233828939257958e-12
1.5539999999999397,2.4940666743603276e-09,1.920886193162996e-12
1.5549999999999395,2.4891140231584895e-09,1.9185495206408554e-12
1.5559999999999394,2.4843299252684257e-09,1.9163555291246137e-12
1.5569999999999393,2.479709565122481e-09,1.9142664883786686e-12
1.5579999999999392,2.4752479412115553e-09,1.9122654848491294e-12
1.558999999999939,2.4709405428047507e-09,1.9103967539846334e-12
1.559999999999939,2.4667827062659395e-09,1.908635575975648e-12
1.5609999999999389,2.4627701929575714e-09,1.906973710885662e-12
1.5619999999999388,2.4588985621642627e-09,1.905427204906829e-12
1.5629999999999387,2.4551638649484735e-09,1.903980879208733e-12
1.5639999999999386,2.4515619751729047e-09,1.9026238917696503e-12
1.5649999999999384,2.448089102718019e-09,1.9013462679295934e-12
1.5659999999999383,2.4447414386423172e-09,1.900173594859833e-12
1.5669999999999382,2.441515280989671e-09,1.8991032704751554e-12
1.567999999999938,2.4384072372021515e-09,1.8981049371147307e-12
1.568999999999938,2.435413828466639e-09,1.897175992693345e-12
1.569999999999938,2.432531689155508e-09,1.8963411570205313e-12
1.5709999999999378,2.429757623466714e-09,1.8955921901597783e-12
1.5719999999999377,2.427088641489178e-09,1.8949126122380644e-12
1.5729999999999376,2.4245215975288483e-09,1.8942863770632368e-12
1.5739999999999374,2.422053693102845e-09,1.8937746336378236e-12
1.5749999999999373,2.419681950964616e-09,1.8933318454705805e-12
1.5759999999999372,2.4174037622495683e-09,1.892916379198084e-12
1.5769999999999371,2.415216497253414e-09,1.8926067310576222e-12
1.577999999999937,2.4131174212957364e-09,1.89232744057799e-12
1.578999999999937,2.411104192382202e-09,1.8921457282938814e-12
1.5799999999999368,2.409174366617978e-09,1.8920099861818862e-12
1.5809999999999367,2.40732564351255e-09,1.8919327909872052e-12
1.5819999999999366,2.4055556799937055e-09,1.8918933260281268e-12
1.5829999999999365,2.4038624347703017e-09,1.8919293215402533e-12
1.5839999999999363,2.4022437077829777e-09,1.8920477164174887e-12
1.5849999999999362,2.400697447939631e-09,1.892168713379938e-12
1.5859999999999361,2.3992216439765957e-09,1.8923777475587933e-12
1.586999999999936,2.397814431193266e-09,1.8926067310576222e-12
1.587999999999936,2.3964740400646437e-09,1.892925920177202e-12
1.5889999999999358,2.3951984891590475e-09,1.8932785027236942e-12
1.5899999999999357,2.393986148395431e-09,1.8936419272919114e-12
1.5909999999999356,2.3928353900028427e-09,1.8940985932469623e-12
1.5919999999999355,2.391744450320468e-09,1.8945912547141397e-12
1.5929999999999354,2.3907119117205038e-09,1.895084783543055e-12
1.5939999999999352,2.389736066619293e-09,1.8956472676301406e-12
1.5949999999999351,2.3888155898732644e-09,1.8962422777824006e-12
1.595999999999935,2.3879490517031995e-09,1.8969097126397827e-12
1.596999999999935,2.387135017119259e-09,1.8975884231997586e-12
1.5979999999999348,2.3863721377483336e-09,1.8982892514840533e-12
1.5989999999999347,2.385659166267166e-09,1.8990820201125747e-12
1.5999999999999346,2.3849948084955936e-09,1.899867416166323e-12
1.6009999999999345,2.384377957712339e-09,1.90070095079653e-12
1.6019999999999344,2.3838073822133225e-09,1.9015665778110424e-12
1.6029999999999343,2.3832818909808853e-09,1.9024651645715984e-12
1.6039999999999341,2.3828005317604105e-09,1.903382399609521e-12
1.604999999999934,2.3823621213661446e-09,1.904377263522994e-12
1.605999999999934,2.381965705114276e-09,1.905346106584327e-12
1.6069999999999338,2.381610333054082e-09,1.9063591850942974e-12
1.6079999999999337,2.38129499411243e-09,1.9074134632868223e-12
1.6089999999999336,2.381018758418721e-09,1.9085098085236396e-12
1.6099999999999335,2.380780755405647e-09,1.9096326082934656e-12
1.6109999999999334,2.380580105089804e-09,1.9107614795954575e-12
1.6119999999999333,2.380415987533024e-09,1.911930249537397e-12
1.6129999999999332,2.3802876210097245e-09,1.9131367497149387e-12
1.613999999999933,2.38019420640361e-09,1.9143540919142055e-12
1.614999999999933,2.380134975808994e-09,1.9156030928169088e-12
1.6159999999999328,2.3801092858212154e-09,1.916860767336992e-12
1.6169999999999327,2.3801162719690546e-09,1.9181626773057125e-12
1.6179999999999326,2.3801554460306894e-09,1.9194936438926558e-12
1.6189999999999325,2.3802260553452516e-09,1.920825044160468e-12
1.6199999999999324,2.380327442448615e-09,1.9221855010465028e-12
