case,phase,output,metric,value,low,high,result,settling_allowance_only
fast_00_to_00,prime,DEC0,upper_excursion_v,1.799993374135482,,1.9800000000000002,PASS,False
fast_00_to_00,prime,DEC0,lower_excursion_v,-0.020924962304904163,-0.18000000000000002,,PASS,False
fast_00_to_00,prime,DEC0,end_level_v,1.799993287955021,1.62,1.9800000000000002,PASS,False
fast_00_to_00,prime,DEC0,settled_min_v,1.7999882095398303,1.62,,PASS,False
fast_00_to_00,prime,DEC1,upper_excursion_v,0.006499687416282183,,1.9800000000000002,PASS,False
fast_00_to_00,prime,DEC1,lower_excursion_v,0.00012254746889897412,-0.18000000000000002,,PASS,False
fast_00_to_00,prime,DEC1,end_level_v,0.00012576651103370074,-0.18000000000000002,0.18000000000000002,PASS,False
fast_00_to_00,prime,DEC1,unselected_max_v,0.006499687416282183,,0.18000000000000002,PASS,False
fast_00_to_00,prime,DEC2,upper_excursion_v,0.00651755593228447,,1.9800000000000002,PASS,False
fast_00_to_00,prime,DEC2,lower_excursion_v,0.0001345341309620417,-0.18000000000000002,,PASS,False
fast_00_to_00,prime,DEC2,end_level_v,0.0001375417878842097,-0.18000000000000002,0.18000000000000002,PASS,False
fast_00_to_00,prime,DEC2,unselected_max_v,0.00651755593228447,,0.18000000000000002,PASS,False
fast_00_to_00,prime,DEC3,upper_excursion_v,0.005782348676328979,,1.9800000000000002,PASS,False
fast_00_to_00,prime,DEC3,lower_excursion_v,0.00011568494758436992,-0.18000000000000002,,PASS,False
fast_00_to_00,prime,DEC3,end_level_v,0.00011927458219561675,-0.18000000000000002,0.18000000000000002,PASS,False
fast_00_to_00,prime,DEC3,unselected_max_v,0.005782348676328979,,0.18000000000000002,PASS,False
fast_00_to_00,prime,WL0,upper_excursion_v,1.7999992960662425,,1.9800000000000002,PASS,False
fast_00_to_00,prime,WL0,lower_excursion_v,-0.021468666949335257,-0.18000000000000002,,PASS,False
fast_00_to_00,prime,WL0,end_level_v,1.7999992960662425,1.62,1.9800000000000002,PASS,False
fast_00_to_00,prime,WL0,settled_min_v,1.799479788299629,1.62,,PASS,False
fast_00_to_00,prime,WL1,upper_excursion_v,0.00014885098469963093,,1.9800000000000002,PASS,False
fast_00_to_00,prime,WL1,lower_excursion_v,0.00012466613470760708,-0.18000000000000002,,PASS,False
fast_00_to_00,prime,WL1,end_level_v,0.00014468714735516033,-0.18000000000000002,0.18000000000000002,PASS,False
fast_00_to_00,prime,WL1,unselected_max_v,0.00014885098469963093,,0.18000000000000002,PASS,False
fast_00_to_00,prime,WL2,upper_excursion_v,0.0001487525685886704,,1.9800000000000002,PASS,False
fast_00_to_00,prime,WL2,lower_excursion_v,0.00012529543630331134,-0.18000000000000002,,PASS,False
fast_00_to_00,prime,WL2,end_level_v,0.00014468714795585021,-0.18000000000000002,0.18000000000000002,PASS,False
fast_00_to_00,prime,WL2,unselected_max_v,0.0001487525685886704,,0.18000000000000002,PASS,False
fast_00_to_00,prime,WL3,upper_excursion_v,0.00014793103288364477,,1.9800000000000002,PASS,False
fast_00_to_00,prime,WL3,lower_excursion_v,0.00013389138528774322,-0.18000000000000002,,PASS,False
fast_00_to_00,prime,WL3,end_level_v,0.00014468714662643049,-0.18000000000000002,0.18000000000000002,PASS,False
fast_00_to_00,prime,WL3,unselected_max_v,0.00014793103288364477,,0.18000000000000002,PASS,False
fast_00_to_00,test,DEC0,upper_excursion_v,1.7999935095069874,,1.9800000000000002,PASS,False
fast_00_to_00,test,DEC0,lower_excursion_v,-0.021045213049935053,-0.18000000000000002,,PASS,False
fast_00_to_00,test,DEC0,end_level_v,1.7999934184554316,1.62,1.9800000000000002,PASS,False
fast_00_to_00,test,DEC0,settled_min_v,1.7999890647074732,1.62,,PASS,False
fast_00_to_00,test,DEC1,upper_excursion_v,0.00649958154220325,,1.9800000000000002,PASS,False
fast_00_to_00,test,DEC1,lower_excursion_v,0.00011946312926076862,-0.18000000000000002,,PASS,False
fast_00_to_00,test,DEC1,end_level_v,0.00012280571074912747,-0.18000000000000002,0.18000000000000002,PASS,False
fast_00_to_00,test,DEC1,unselected_max_v,0.00649958154220325,,0.18000000000000002,PASS,False
fast_00_to_00,test,DEC2,upper_excursion_v,0.00649328750926339,,1.9800000000000002,PASS,False
fast_00_to_00,test,DEC2,lower_excursion_v,0.00012695427607683853,-0.18000000000000002,,PASS,False
fast_00_to_00,test,DEC2,end_level_v,0.00013022603817789994,-0.18000000000000002,0.18000000000000002,PASS,False
fast_00_to_00,test,DEC2,unselected_max_v,0.00649328750926339,,0.18000000000000002,PASS,False
fast_00_to_00,test,DEC3,upper_excursion_v,0.005731503858814022,,1.9800000000000002,PASS,False
fast_00_to_00,test,DEC3,lower_excursion_v,0.0001141791465525334,-0.18000000000000002,,PASS,False
fast_00_to_00,test,DEC3,end_level_v,0.00011784848437240225,-0.18000000000000002,0.18000000000000002,PASS,False
fast_00_to_00,test,DEC3,unselected_max_v,0.005731503858814022,,0.18000000000000002,PASS,False
fast_00_to_00,test,WL0,upper_excursion_v,1.7999992960662423,,1.9800000000000002,PASS,False
fast_00_to_00,test,WL0,lower_excursion_v,-0.021478565662339154,-0.18000000000000002,,PASS,False
fast_00_to_00,test,WL0,end_level_v,1.7999992960662423,1.62,1.9800000000000002,PASS,False
fast_00_to_00,test,WL0,settled_min_v,1.799565036343726,1.62,,PASS,False
fast_00_to_00,test,WL1,upper_excursion_v,0.0001488080941264233,,1.9800000000000002,PASS,False
fast_00_to_00,test,WL1,lower_excursion_v,0.00012601105601177883,-0.18000000000000002,,PASS,False
fast_00_to_00,test,WL1,end_level_v,0.00014468714711858197,-0.18000000000000002,0.18000000000000002,PASS,False
fast_00_to_00,test,WL1,unselected_max_v,0.0001488080941264233,,0.18000000000000002,PASS,False
fast_00_to_00,test,WL2,upper_excursion_v,0.00014869128927377537,,1.9800000000000002,PASS,False
fast_00_to_00,test,WL2,lower_excursion_v,0.00012590377303649657,-0.18000000000000002,,PASS,False
fast_00_to_00,test,WL2,end_level_v,0.0001446871473843644,-0.18000000000000002,0.18000000000000002,PASS,False
fast_00_to_00,test,WL2,unselected_max_v,0.00014869128927377537,,0.18000000000000002,PASS,False
fast_00_to_00,test,WL3,upper_excursion_v,0.00014783850829178205,,1.9800000000000002,PASS,False
fast_00_to_00,test,WL3,lower_excursion_v,0.00013442307787814395,-0.18000000000000002,,PASS,False
fast_00_to_00,test,WL3,end_level_v,0.00014468714650810684,-0.18000000000000002,0.18000000000000002,PASS,False
fast_00_to_00,test,WL3,unselected_max_v,0.00014783850829178205,,0.18000000000000002,PASS,False
fast_00_to_00,recovery,DEC0,end_level_v,0.00022953613453574696,-0.18000000000000002,0.18000000000000002,PASS,False
fast_00_to_00,recovery,DEC0,settled_max_v,0.00030572102645728494,,0.18000000000000002,PASS,False
fast_00_to_00,recovery,DEC1,end_level_v,0.00023114354992178807,-0.18000000000000002,0.18000000000000002,PASS,False
fast_00_to_00,recovery,DEC1,settled_max_v,0.0002423389216840143,,0.18000000000000002,PASS,False
fast_00_to_00,recovery,DEC2,end_level_v,0.00023382464727373867,-0.18000000000000002,0.18000000000000002,PASS,False
fast_00_to_00,recovery,DEC2,settled_max_v,0.00024430219373698024,,0.18000000000000002,PASS,False
fast_00_to_00,recovery,DEC3,end_level_v,0.00023464347603294335,-0.18000000000000002,0.18000000000000002,PASS,False
fast_00_to_00,recovery,DEC3,settled_max_v,0.00024319396845207738,,0.18000000000000002,PASS,False
fast_00_to_00,recovery,WL0,end_level_v,0.0001446871572117341,-0.18000000000000002,0.18000000000000002,PASS,False
fast_00_to_00,recovery,WL0,settled_max_v,0.00014469883890316985,,0.18000000000000002,PASS,False
fast_00_to_00,recovery,WL1,end_level_v,0.00014468715602504958,-0.18000000000000002,0.18000000000000002,PASS,False
fast_00_to_00,recovery,WL1,settled_max_v,0.0001446877581790104,,0.18000000000000002,PASS,False
fast_00_to_00,recovery,WL2,end_level_v,0.00014468715611109064,-0.18000000000000002,0.18000000000000002,PASS,False
fast_00_to_00,recovery,WL2,settled_max_v,0.00014468757927614239,,0.18000000000000002,PASS,False
fast_00_to_00,recovery,WL3,end_level_v,0.00014468715598902116,-0.18000000000000002,0.18000000000000002,PASS,False
fast_00_to_00,recovery,WL3,settled_max_v,0.0001446876010649834,,0.18000000000000002,PASS,False
fast_00_to_00,recovery,N0,end_level_v,1.799462778657904,1.62,1.9800000000000002,PASS,False
fast_00_to_00,recovery,N1,end_level_v,1.799989506979716,1.62,1.9800000000000002,PASS,False
fast_00_to_00,recovery,N2,end_level_v,1.7999899659019274,1.62,1.9800000000000002,PASS,False
fast_00_to_00,recovery,N3,end_level_v,1.799983264227748,1.62,1.9800000000000002,PASS,False
fast_00_to_00,final_precharge,DEC0,settled_max_v,0.0003057272957231799,,0.18000000000000002,PASS,False
fast_00_to_00,final_precharge,DEC0,settled_min_v,0.00023219192123749918,-0.18000000000000002,,PASS,False
fast_00_to_00,final_precharge,DEC1,settled_max_v,0.0002423394861397305,,0.18000000000000002,PASS,False
fast_00_to_00,final_precharge,DEC1,settled_min_v,0.00023189530142790174,-0.18000000000000002,,PASS,False
fast_00_to_00,final_precharge,DEC2,settled_max_v,0.0002443028007193341,,0.18000000000000002,PASS,False
fast_00_to_00,final_precharge,DEC2,settled_min_v,0.00023462139079717087,-0.18000000000000002,,PASS,False
fast_00_to_00,final_precharge,DEC3,settled_max_v,0.00024319450299586202,,0.18000000000000002,PASS,False
fast_00_to_00,final_precharge,DEC3,settled_min_v,0.0002352421152637561,-0.18000000000000002,,PASS,False
fast_00_to_00,final_precharge,WL0,settled_max_v,0.00014469884048214242,,0.18000000000000002,PASS,False
fast_00_to_00,final_precharge,WL0,settled_min_v,0.00014468716586969188,-0.18000000000000002,,PASS,False
fast_00_to_00,final_precharge,WL1,settled_max_v,0.0001446877582138635,,0.18000000000000002,PASS,False
fast_00_to_00,final_precharge,WL1,settled_min_v,0.00014468715822141053,-0.18000000000000002,,PASS,False
fast_00_to_00,final_precharge,WL2,settled_max_v,0.00014468757933033805,,0.18000000000000002,PASS,False
fast_00_to_00,final_precharge,WL2,settled_min_v,0.0001446871584295417,-0.18000000000000002,,PASS,False
fast_00_to_00,final_precharge,WL3,settled_max_v,0.00014468760113580864,,0.18000000000000002,PASS,False
fast_00_to_00,final_precharge,WL3,settled_min_v,0.0001446871577484485,-0.18000000000000002,,PASS,False
fast_00_to_00,final_precharge,N0,end_level_v,1.7988296964330546,1.62,1.9800000000000002,PASS,False
fast_00_to_00,final_precharge,N1,end_level_v,1.7999916571141015,1.62,1.9800000000000002,PASS,False
fast_00_to_00,final_precharge,N2,end_level_v,1.7999962872037258,1.62,1.9800000000000002,PASS,False
fast_00_to_00,final_precharge,N3,end_level_v,1.7999837664246967,1.62,1.9800000000000002,PASS,False
fast_00_to_00,pex_recovery,N0.N0.t1,dynamic_segment_level_v,1.7995029764816686,1.62,1.9800000000000002,PASS,False
fast_00_to_00,pex_final_precharge,N0.N0.t1,dynamic_segment_level_v,1.7989180798951818,1.62,1.9800000000000002,PASS,False
fast_00_to_00,pex_recovery,N0.N0.t3,dynamic_segment_level_v,1.799462778657904,1.62,1.9800000000000002,PASS,False
fast_00_to_00,pex_final_precharge,N0.N0.t3,dynamic_segment_level_v,1.7988296964330546,1.62,1.9800000000000002,PASS,False
fast_00_to_00,pex_recovery,N0.N0.n1,dynamic_segment_level_v,1.7994628318917147,1.62,1.9800000000000002,PASS,False
fast_00_to_00,pex_final_precharge,N0.N0.n1,dynamic_segment_level_v,1.7988299614112633,1.62,1.9800000000000002,PASS,False
fast_00_to_00,pex_recovery,N0.N0.n0,dynamic_segment_level_v,1.7994628349758957,1.62,1.9800000000000002,PASS,False
fast_00_to_00,pex_final_precharge,N0.N0.n0,dynamic_segment_level_v,1.7988299540183075,1.62,1.9800000000000002,PASS,False
fast_00_to_00,pex_recovery,N0.N0.t0,dynamic_segment_level_v,1.7994537996139337,1.62,1.9800000000000002,PASS,False
fast_00_to_00,pex_final_precharge,N0.N0.t0,dynamic_segment_level_v,1.7988102565352233,1.62,1.9800000000000002,PASS,False
fast_00_to_00,pex_recovery,N0.N0,dynamic_segment_level_v,1.799462778657904,1.62,1.9800000000000002,PASS,False
fast_00_to_00,pex_final_precharge,N0.N0,dynamic_segment_level_v,1.7988296964330546,1.62,1.9800000000000002,PASS,False
fast_00_to_00,pex_recovery,N0.N0.t2,dynamic_segment_level_v,1.7994627833781618,1.62,1.9800000000000002,PASS,False
fast_00_to_00,pex_final_precharge,N0.N0.t2,dynamic_segment_level_v,1.798829717742992,1.62,1.9800000000000002,PASS,False
fast_00_to_00,pex_recovery,N1.N1,dynamic_segment_level_v,1.799989506979716,1.62,1.9800000000000002,PASS,False
fast_00_to_00,pex_final_precharge,N1.N1,dynamic_segment_level_v,1.7999916571141015,1.62,1.9800000000000002,PASS,False
fast_00_to_00,pex_recovery,N1.N1.n0,dynamic_segment_level_v,1.7999895073761976,1.62,1.9800000000000002,PASS,False
fast_00_to_00,pex_final_precharge,N1.N1.n0,dynamic_segment_level_v,1.7999916565888538,1.62,1.9800000000000002,PASS,False
fast_00_to_00,pex_recovery,N1.N1.t1,dynamic_segment_level_v,1.7999893327101202,1.62,1.9800000000000002,PASS,False
fast_00_to_00,pex_final_precharge,N1.N1.t1,dynamic_segment_level_v,1.799991247678606,1.62,1.9800000000000002,PASS,False
fast_00_to_00,pex_recovery,N1.N1.t2,dynamic_segment_level_v,1.7999895069960468,1.62,1.9800000000000002,PASS,False
fast_00_to_00,pex_final_precharge,N1.N1.t2,dynamic_segment_level_v,1.7999916566527328,1.62,1.9800000000000002,PASS,False
fast_00_to_00,pex_recovery,N1.N1.n1,dynamic_segment_level_v,1.7999895026206336,1.62,1.9800000000000002,PASS,False
fast_00_to_00,pex_final_precharge,N1.N1.n1,dynamic_segment_level_v,1.7999916462264962,1.62,1.9800000000000002,PASS,False
fast_00_to_00,pex_recovery,N1.N1.t0,dynamic_segment_level_v,1.7999894964754297,1.62,1.9800000000000002,PASS,False
fast_00_to_00,pex_final_precharge,N1.N1.t0,dynamic_segment_level_v,1.7999916392197353,1.62,1.9800000000000002,PASS,False
fast_00_to_00,pex_recovery,N1.N1.t3,dynamic_segment_level_v,1.799989506979716,1.62,1.9800000000000002,PASS,False
fast_00_to_00,pex_final_precharge,N1.N1.t3,dynamic_segment_level_v,1.7999916571141015,1.62,1.9800000000000002,PASS,False
fast_00_to_00,pex_recovery,N2.N2.t3,dynamic_segment_level_v,1.7999899659019274,1.62,1.9800000000000002,PASS,False
fast_00_to_00,pex_final_precharge,N2.N2.t3,dynamic_segment_level_v,1.7999962872037258,1.62,1.9800000000000002,PASS,False
fast_00_to_00,pex_recovery,N2.N2.t2,dynamic_segment_level_v,1.7999899658825773,1.62,1.9800000000000002,PASS,False
fast_00_to_00,pex_final_precharge,N2.N2.t2,dynamic_segment_level_v,1.7999962865800154,1.62,1.9800000000000002,PASS,False
fast_00_to_00,pex_recovery,N2.N2.n0,dynamic_segment_level_v,1.799989965929469,1.62,1.9800000000000002,PASS,False
fast_00_to_00,pex_final_precharge,N2.N2.n0,dynamic_segment_level_v,1.799996284996669,1.62,1.9800000000000002,PASS,False
fast_00_to_00,pex_recovery,N2.N2.t0,dynamic_segment_level_v,1.7999899533198953,1.62,1.9800000000000002,PASS,False
fast_00_to_00,pex_final_precharge,N2.N2.t0,dynamic_segment_level_v,1.7999962593561882,1.62,1.9800000000000002,PASS,False
fast_00_to_00,pex_recovery,N2.N2,dynamic_segment_level_v,1.7999899659019274,1.62,1.9800000000000002,PASS,False
fast_00_to_00,pex_final_precharge,N2.N2,dynamic_segment_level_v,1.7999962872037258,1.62,1.9800000000000002,PASS,False
fast_00_to_00,pex_recovery,N2.N2.t1,dynamic_segment_level_v,1.7999894984321385,1.62,1.9800000000000002,PASS,False
fast_00_to_00,pex_final_precharge,N2.N2.t1,dynamic_segment_level_v,1.7999952602422469,1.62,1.9800000000000002,PASS,False
fast_00_to_00,pex_recovery,N2.N2.n1,dynamic_segment_level_v,1.7999899547741725,1.62,1.9800000000000002,PASS,False
fast_00_to_00,pex_final_precharge,N2.N2.n1,dynamic_segment_level_v,1.799996260724284,1.62,1.9800000000000002,PASS,False
fast_00_to_00,pex_recovery,N3.N3,dynamic_segment_level_v,1.799983264227748,1.62,1.9800000000000002,PASS,False
fast_00_to_00,pex_final_precharge,N3.N3,dynamic_segment_level_v,1.7999837664246967,1.62,1.9800000000000002,PASS,False
fast_00_to_00,pex_recovery,N3.N3.n0,dynamic_segment_level_v,1.7999832647708156,1.62,1.9800000000000002,PASS,False
fast_00_to_00,pex_final_precharge,N3.N3.n0,dynamic_segment_level_v,1.7999837665618175,1.62,1.9800000000000002,PASS,False
fast_00_to_00,pex_recovery,N3.N3.t2,dynamic_segment_level_v,1.7999832642601623,1.62,1.9800000000000002,PASS,False
fast_00_to_00,pex_final_precharge,N3.N3.t2,dynamic_segment_level_v,1.799983766035457,1.62,1.9800000000000002,PASS,False
fast_00_to_00,pex_recovery,N3.N3.t3,dynamic_segment_level_v,1.799983264227748,1.62,1.9800000000000002,PASS,False
fast_00_to_00,pex_final_precharge,N3.N3.t3,dynamic_segment_level_v,1.7999837664246967,1.62,1.9800000000000002,PASS,False
fast_00_to_00,pex_recovery,N3.N3.n1,dynamic_segment_level_v,1.799983262656864,1.62,1.9800000000000002,PASS,False
fast_00_to_00,pex_final_precharge,N3.N3.n1,dynamic_segment_level_v,1.7999837619400165,1.62,1.9800000000000002,PASS,False
fast_00_to_00,pex_recovery,N3.N3.t1,dynamic_segment_level_v,1.7999831892102636,1.62,1.9800000000000002,PASS,False
fast_00_to_00,pex_final_precharge,N3.N3.t1,dynamic_segment_level_v,1.7999835856369772,1.62,1.9800000000000002,PASS,False
fast_00_to_00,pex_recovery,N3.N3.t0,dynamic_segment_level_v,1.799983259455354,1.62,1.9800000000000002,PASS,False
fast_00_to_00,pex_final_precharge,N3.N3.t0,dynamic_segment_level_v,1.799983758475732,1.62,1.9800000000000002,PASS,False
fast_00_to_01,prime,DEC0,upper_excursion_v,1.799993374135482,,1.9800000000000002,PASS,False
fast_00_to_01,prime,DEC0,lower_excursion_v,-0.020924962304904163,-0.18000000000000002,,PASS,False
fast_00_to_01,prime,DEC0,end_level_v,1.799993287955021,1.62,1.9800000000000002,PASS,False
fast_00_to_01,prime,DEC0,settled_min_v,1.7999882095398303,1.62,,PASS,False
fast_00_to_01,prime,DEC1,upper_excursion_v,0.006499687416282183,,1.9800000000000002,PASS,False
fast_00_to_01,prime,DEC1,lower_excursion_v,0.00012254746889897412,-0.18000000000000002,,PASS,False
fast_00_to_01,prime,DEC1,end_level_v,0.00012576651103370074,-0.18000000000000002,0.18000000000000002,PASS,False
fast_00_to_01,prime,DEC1,unselected_max_v,0.006499687416282183,,0.18000000000000002,PASS,False
fast_00_to_01,prime,DEC2,upper_excursion_v,0.00651755593228447,,1.9800000000000002,PASS,False
fast_00_to_01,prime,DEC2,lower_excursion_v,0.0001345341309620417,-0.18000000000000002,,PASS,False
fast_00_to_01,prime,DEC2,end_level_v,0.0001375417878842097,-0.18000000000000002,0.18000000000000002,PASS,False
fast_00_to_01,prime,DEC2,unselected_max_v,0.00651755593228447,,0.18000000000000002,PASS,False
fast_00_to_01,prime,DEC3,upper_excursion_v,0.005782348676328979,,1.9800000000000002,PASS,False
fast_00_to_01,prime,DEC3,lower_excursion_v,0.00011568494758436992,-0.18000000000000002,,PASS,False
fast_00_to_01,prime,DEC3,end_level_v,0.00011927458219561675,-0.18000000000000002,0.18000000000000002,PASS,False
fast_00_to_01,prime,DEC3,unselected_max_v,0.005782348676328979,,0.18000000000000002,PASS,False
fast_00_to_01,prime,WL0,upper_excursion_v,1.7999992960662425,,1.9800000000000002,PASS,False
fast_00_to_01,prime,WL0,lower_excursion_v,-0.021468666949335257,-0.18000000000000002,,PASS,False
fast_00_to_01,prime,WL0,end_level_v,1.7999992960662425,1.62,1.9800000000000002,PASS,False
fast_00_to_01,prime,WL0,settled_min_v,1.799479788299629,1.62,,PASS,False
fast_00_to_01,prime,WL1,upper_excursion_v,0.00014885098469963093,,1.9800000000000002,PASS,False
fast_00_to_01,prime,WL1,lower_excursion_v,0.00012466613470760708,-0.18000000000000002,,PASS,False
fast_00_to_01,prime,WL1,end_level_v,0.00014468714735516033,-0.18000000000000002,0.18000000000000002,PASS,False
fast_00_to_01,prime,WL1,unselected_max_v,0.00014885098469963093,,0.18000000000000002,PASS,False
fast_00_to_01,prime,WL2,upper_excursion_v,0.0001487525685886704,,1.9800000000000002,PASS,False
fast_00_to_01,prime,WL2,lower_excursion_v,0.00012529543630331134,-0.18000000000000002,,PASS,False
fast_00_to_01,prime,WL2,end_level_v,0.00014468714795585021,-0.18000000000000002,0.18000000000000002,PASS,False
fast_00_to_01,prime,WL2,unselected_max_v,0.0001487525685886704,,0.18000000000000002,PASS,False
fast_00_to_01,prime,WL3,upper_excursion_v,0.00014793103288364477,,1.9800000000000002,PASS,False
fast_00_to_01,prime,WL3,lower_excursion_v,0.00013389138528774322,-0.18000000000000002,,PASS,False
fast_00_to_01,prime,WL3,end_level_v,0.00014468714662643049,-0.18000000000000002,0.18000000000000002,PASS,False
fast_00_to_01,prime,WL3,unselected_max_v,0.00014793103288364477,,0.18000000000000002,PASS,False
fast_00_to_01,test,DEC0,upper_excursion_v,0.005324256475768874,,1.9800000000000002,PASS,False
fast_00_to_01,test,DEC0,lower_excursion_v,0.00010994278064204838,-0.18000000000000002,,PASS,False
fast_00_to_01,test,DEC0,end_level_v,0.0001531459838188637,-0.18000000000000002,0.18000000000000002,PASS,False
fast_00_to_01,test,DEC0,unselected_max_v,0.005324256475768874,,0.18000000000000002,PASS,False
fast_00_to_01,test,DEC1,upper_excursion_v,1.7999921800682346,,1.9800000000000002,PASS,False
fast_00_to_01,test,DEC1,lower_excursion_v,-0.02063786708444955,-0.18000000000000002,,PASS,False
fast_00_to_01,test,DEC1,end_level_v,1.7999918701168327,1.62,1.9800000000000002,PASS,False
fast_00_to_01,test,DEC1,settled_min_v,1.7999900048867477,1.62,,PASS,False
fast_00_to_01,test,DEC2,upper_excursion_v,0.00654509877217267,,1.9800000000000002,PASS,False
fast_00_to_01,test,DEC2,lower_excursion_v,0.00010660817838550726,-0.18000000000000002,,PASS,False
fast_00_to_01,test,DEC2,end_level_v,0.00011101033166840361,-0.18000000000000002,0.18000000000000002,PASS,False
fast_00_to_01,test,DEC2,unselected_max_v,0.00654509877217267,,0.18000000000000002,PASS,False
fast_00_to_01,test,DEC3,upper_excursion_v,0.005574291562064732,,1.9800000000000002,PASS,False
fast_00_to_01,test,DEC3,lower_excursion_v,0.0001316975726431296,-0.18000000000000002,,PASS,False
fast_00_to_01,test,DEC3,end_level_v,0.00013538327929100546,-0.18000000000000002,0.18000000000000002,PASS,False
fast_00_to_01,test,DEC3,unselected_max_v,0.005574291562064732,,0.18000000000000002,PASS,False
fast_00_to_01,test,WL0,upper_excursion_v,0.00014803757261837907,,1.9800000000000002,PASS,False
fast_00_to_01,test,WL0,lower_excursion_v,0.00012722522036297842,-0.18000000000000002,,PASS,False
fast_00_to_01,test,WL0,end_level_v,0.00014468710853474145,-0.18000000000000002,0.18000000000000002,PASS,False
fast_00_to_01,test,WL0,unselected_max_v,0.00014803757261837907,,0.18000000000000002,PASS,False
fast_00_to_01,test,WL1,upper_excursion_v,1.7999992960664055,,1.9800000000000002,PASS,False
fast_00_to_01,test,WL1,lower_excursion_v,-0.02146616676101317,-0.18000000000000002,,PASS,False
fast_00_to_01,test,WL1,end_level_v,1.799999296066405,1.62,1.9800000000000002,PASS,False
fast_00_to_01,test,WL1,settled_min_v,1.7995685204480167,1.62,,PASS,False
fast_00_to_01,test,WL2,upper_excursion_v,0.0001486327979327646,,1.9800000000000002,PASS,False
fast_00_to_01,test,WL2,lower_excursion_v,0.00012702914659812355,-0.18000000000000002,,PASS,False
fast_00_to_01,test,WL2,end_level_v,0.00014468714574334082,-0.18000000000000002,0.18000000000000002,PASS,False
fast_00_to_01,test,WL2,unselected_max_v,0.0001486327979327646,,0.18000000000000002,PASS,False
fast_00_to_01,test,WL3,upper_excursion_v,0.00014779580565683252,,1.9800000000000002,PASS,False
fast_00_to_01,test,WL3,lower_excursion_v,0.00013277228867681213,-0.18000000000000002,,PASS,False
fast_00_to_01,test,WL3,end_level_v,0.00014468714739106372,-0.18000000000000002,0.18000000000000002,PASS,False
fast_00_to_01,test,WL3,unselected_max_v,0.00014779580565683252,,0.18000000000000002,PASS,False
fast_00_to_01,recovery,DEC0,end_level_v,0.0002310135846625103,-0.18000000000000002,0.18000000000000002,PASS,False
fast_00_to_01,recovery,DEC0,settled_max_v,0.0005086935682545501,,0.18000000000000002,PASS,False
fast_00_to_01,recovery,DEC1,end_level_v,0.00023200454504323045,-0.18000000000000002,0.18000000000000002,PASS,False
fast_00_to_01,recovery,DEC1,settled_max_v,0.0009141233931071217,,0.18000000000000002,PASS,False
fast_00_to_01,recovery,DEC2,end_level_v,0.00023488837061172002,-0.18000000000000002,0.18000000000000002,PASS,False
fast_00_to_01,recovery,DEC2,settled_max_v,0.0005062072423286885,,0.18000000000000002,PASS,False
fast_00_to_01,recovery,DEC3,end_level_v,0.00023506555291149815,-0.18000000000000002,0.18000000000000002,PASS,False
fast_00_to_01,recovery,DEC3,settled_max_v,0.0009512262949222291,,0.18000000000000002,PASS,False
fast_00_to_01,recovery,WL0,end_level_v,0.00014468719506655731,-0.18000000000000002,0.18000000000000002,PASS,False
fast_00_to_01,recovery,WL0,settled_max_v,0.00014514047048639294,,0.18000000000000002,PASS,False
fast_00_to_01,recovery,WL1,end_level_v,0.00014468717902379086,-0.18000000000000002,0.18000000000000002,PASS,False
fast_00_to_01,recovery,WL1,settled_max_v,0.00014495705621652276,,0.18000000000000002,PASS,False
fast_00_to_01,recovery,WL2,end_level_v,0.0001446871750796732,-0.18000000000000002,0.18000000000000002,PASS,False
fast_00_to_01,recovery,WL2,settled_max_v,0.0001453223135331643,,0.18000000000000002,PASS,False
fast_00_to_01,recovery,WL3,end_level_v,0.00014468716719912003,-0.18000000000000002,0.18000000000000002,PASS,False
fast_00_to_01,recovery,WL3,settled_max_v,0.0001449644813459111,,0.18000000000000002,PASS,False
fast_00_to_01,recovery,N0,end_level_v,1.7994187276442128,1.62,1.9800000000000002,PASS,False
fast_00_to_01,recovery,N1,end_level_v,1.7998796035070674,1.62,1.9800000000000002,PASS,False
fast_00_to_01,recovery,N2,end_level_v,1.7999943760665713,1.62,1.9800000000000002,PASS,False
fast_00_to_01,recovery,N3,end_level_v,1.8000073784006647,1.62,1.9800000000000002,PASS,False
fast_00_to_01,final_precharge,DEC0,settled_max_v,0.00023930735820276133,,0.18000000000000002,PASS,False
fast_00_to_01,final_precharge,DEC0,settled_min_v,0.00022860161037090742,-0.18000000000000002,,PASS,False
fast_00_to_01,final_precharge,DEC1,settled_max_v,0.00031132775559625253,,0.18000000000000002,PASS,False
fast_00_to_01,final_precharge,DEC1,settled_min_v,0.0002350398612138479,-0.18000000000000002,,PASS,False
fast_00_to_01,final_precharge,DEC2,settled_max_v,0.0002468790727775101,,0.18000000000000002,PASS,False
fast_00_to_01,final_precharge,DEC2,settled_min_v,0.00023436590980009566,-0.18000000000000002,,PASS,False
fast_00_to_01,final_precharge,DEC3,settled_max_v,0.0002443128669649525,,0.18000000000000002,PASS,False
fast_00_to_01,final_precharge,DEC3,settled_min_v,0.0002349574924745525,-0.18000000000000002,,PASS,False
fast_00_to_01,final_precharge,WL0,settled_max_v,0.00014468779792583143,,0.18000000000000002,PASS,False
fast_00_to_01,final_precharge,WL0,settled_min_v,0.00014468715809872436,-0.18000000000000002,,PASS,False
fast_00_to_01,final_precharge,WL1,settled_max_v,0.00014469849322728054,,0.18000000000000002,PASS,False
fast_00_to_01,final_precharge,WL1,settled_min_v,0.0001446871665909255,-0.18000000000000002,,PASS,False
fast_00_to_01,final_precharge,WL2,settled_max_v,0.00014468789116652795,,0.18000000000000002,PASS,False
fast_00_to_01,final_precharge,WL2,settled_min_v,0.00014468715873072199,-0.18000000000000002,,PASS,False
fast_00_to_01,final_precharge,WL3,settled_max_v,0.00014468770804882235,,0.18000000000000002,PASS,False
fast_00_to_01,final_precharge,WL3,settled_min_v,0.00014468715796000194,-0.18000000000000002,,PASS,False
fast_00_to_01,final_precharge,N0,end_level_v,1.799933365544562,1.62,1.9800000000000002,PASS,False
fast_00_to_01,final_precharge,N1,end_level_v,1.798813892761269,1.62,1.9800000000000002,PASS,False
fast_00_to_01,final_precharge,N2,end_level_v,1.7999874515774044,1.62,1.9800000000000002,PASS,False
fast_00_to_01,final_precharge,N3,end_level_v,1.7999915937518471,1.62,1.9800000000000002,PASS,False
fast_00_to_01,pex_recovery,N0.N0.t1,dynamic_segment_level_v,1.799462429412112,1.62,1.9800000000000002,PASS,False
fast_00_to_01,pex_final_precharge,N0.N0.t1,dynamic_segment_level_v,1.7999376975526844,1.62,1.9800000000000002,PASS,False
fast_00_to_01,pex_recovery,N0.N0.t3,dynamic_segment_level_v,1.7994187276442128,1.62,1.9800000000000002,PASS,False
fast_00_to_01,pex_final_precharge,N0.N0.t3,dynamic_segment_level_v,1.799933365544562,1.62,1.9800000000000002,PASS,False
fast_00_to_01,pex_recovery,N0.N0.n1,dynamic_segment_level_v,1.7994190540244919,1.62,1.9800000000000002,PASS,False
fast_00_to_01,pex_final_precharge,N0.N0.n1,dynamic_segment_level_v,1.7999333613015838,1.62,1.9800000000000002,PASS,False
fast_00_to_01,pex_recovery,N0.N0.n0,dynamic_segment_level_v,1.799419066459603,1.62,1.9800000000000002,PASS,False
fast_00_to_01,pex_final_precharge,N0.N0.n0,dynamic_segment_level_v,1.7999333698394295,1.62,1.9800000000000002,PASS,False
fast_00_to_01,pex_recovery,N0.N0.t0,dynamic_segment_level_v,1.7994091883305667,1.62,1.9800000000000002,PASS,False
fast_00_to_01,pex_final_precharge,N0.N0.t0,dynamic_segment_level_v,1.7999323094893809,1.62,1.9800000000000002,PASS,False
fast_00_to_01,pex_recovery,N0.N0,dynamic_segment_level_v,1.7994187276442128,1.62,1.9800000000000002,PASS,False
fast_00_to_01,pex_final_precharge,N0.N0,dynamic_segment_level_v,1.799933365544562,1.62,1.9800000000000002,PASS,False
fast_00_to_01,pex_recovery,N0.N0.t2,dynamic_segment_level_v,1.7994187553215217,1.62,1.9800000000000002,PASS,False
fast_00_to_01,pex_final_precharge,N0.N0.t2,dynamic_segment_level_v,1.7999333653561977,1.62,1.9800000000000002,PASS,False
fast_00_to_01,pex_recovery,N1.N1,dynamic_segment_level_v,1.7998796035070674,1.62,1.9800000000000002,PASS,False
fast_00_to_01,pex_final_precharge,N1.N1,dynamic_segment_level_v,1.798813892761269,1.62,1.9800000000000002,PASS,False
fast_00_to_01,pex_recovery,N1.N1.n0,dynamic_segment_level_v,1.7998794506740843,1.62,1.9800000000000002,PASS,False
fast_00_to_01,pex_final_precharge,N1.N1.n0,dynamic_segment_level_v,1.798814155607518,1.62,1.9800000000000002,PASS,False
fast_00_to_01,pex_recovery,N1.N1.t1,dynamic_segment_level_v,1.7998877752392308,1.62,1.9800000000000002,PASS,False
fast_00_to_01,pex_final_precharge,N1.N1.t1,dynamic_segment_level_v,1.7989031486132352,1.62,1.9800000000000002,PASS,False
fast_00_to_01,pex_recovery,N1.N1.t2,dynamic_segment_level_v,1.7998795899193767,1.62,1.9800000000000002,PASS,False
fast_00_to_01,pex_final_precharge,N1.N1.t2,dynamic_segment_level_v,1.7988139142698334,1.62,1.9800000000000002,PASS,False
fast_00_to_01,pex_recovery,N1.N1.n1,dynamic_segment_level_v,1.799879534610498,1.62,1.9800000000000002,PASS,False
fast_00_to_01,pex_final_precharge,N1.N1.n1,dynamic_segment_level_v,1.7988141582593633,1.62,1.9800000000000002,PASS,False
fast_00_to_01,pex_recovery,N1.N1.t0,dynamic_segment_level_v,1.7998784802060883,1.62,1.9800000000000002,PASS,False
fast_00_to_01,pex_final_precharge,N1.N1.t0,dynamic_segment_level_v,1.7987942134763582,1.62,1.9800000000000002,PASS,False
fast_00_to_01,pex_recovery,N1.N1.t3,dynamic_segment_level_v,1.7998796035070674,1.62,1.9800000000000002,PASS,False
fast_00_to_01,pex_final_precharge,N1.N1.t3,dynamic_segment_level_v,1.798813892761269,1.62,1.9800000000000002,PASS,False
fast_00_to_01,pex_recovery,N2.N2.t3,dynamic_segment_level_v,1.7999943760665713,1.62,1.9800000000000002,PASS,False
fast_00_to_01,pex_final_precharge,N2.N2.t3,dynamic_segment_level_v,1.7999874515774044,1.62,1.9800000000000002,PASS,False
fast_00_to_01,pex_recovery,N2.N2.t2,dynamic_segment_level_v,1.7999943746421077,1.62,1.9800000000000002,PASS,False
fast_00_to_01,pex_final_precharge,N2.N2.t2,dynamic_segment_level_v,1.7999874508794518,1.62,1.9800000000000002,PASS,False
fast_00_to_01,pex_recovery,N2.N2.n0,dynamic_segment_level_v,1.7999943694332232,1.62,1.9800000000000002,PASS,False
fast_00_to_01,pex_final_precharge,N2.N2.n0,dynamic_segment_level_v,1.7999874511485747,1.62,1.9800000000000002,PASS,False
fast_00_to_01,pex_recovery,N2.N2.t0,dynamic_segment_level_v,1.7999943489015229,1.62,1.9800000000000002,PASS,False
fast_00_to_01,pex_final_precharge,N2.N2.t0,dynamic_segment_level_v,1.7999874403077567,1.62,1.9800000000000002,PASS,False
fast_00_to_01,pex_recovery,N2.N2,dynamic_segment_level_v,1.7999943760665713,1.62,1.9800000000000002,PASS,False
fast_00_to_01,pex_final_precharge,N2.N2,dynamic_segment_level_v,1.7999874515774044,1.62,1.9800000000000002,PASS,False
fast_00_to_01,pex_recovery,N2.N2.t1,dynamic_segment_level_v,1.79999355668076,1.62,1.9800000000000002,PASS,False
fast_00_to_01,pex_final_precharge,N2.N2.t1,dynamic_segment_level_v,1.7999870601375272,1.62,1.9800000000000002,PASS,False
fast_00_to_01,pex_recovery,N2.N2.n1,dynamic_segment_level_v,1.7999943501297302,1.62,1.9800000000000002,PASS,False
fast_00_to_01,pex_final_precharge,N2.N2.n1,dynamic_segment_level_v,1.7999874417889679,1.62,1.9800000000000002,PASS,False
fast_00_to_01,pex_recovery,N3.N3,dynamic_segment_level_v,1.8000073784006647,1.62,1.9800000000000002,PASS,False
fast_00_to_01,pex_final_precharge,N3.N3,dynamic_segment_level_v,1.7999915937518471,1.62,1.9800000000000002,PASS,False
fast_00_to_01,pex_recovery,N3.N3.n0,dynamic_segment_level_v,1.800007361280032,1.62,1.9800000000000002,PASS,False
fast_00_to_01,pex_final_precharge,N3.N3.n0,dynamic_segment_level_v,1.799991592040589,1.62,1.9800000000000002,PASS,False
fast_00_to_01,pex_recovery,N3.N3.t2,dynamic_segment_level_v,1.8000073762743665,1.62,1.9800000000000002,PASS,False
fast_00_to_01,pex_final_precharge,N3.N3.t2,dynamic_segment_level_v,1.7999915929737846,1.62,1.9800000000000002,PASS,False
fast_00_to_01,pex_recovery,N3.N3.t3,dynamic_segment_level_v,1.8000073784006647,1.62,1.9800000000000002,PASS,False
fast_00_to_01,pex_final_precharge,N3.N3.t3,dynamic_segment_level_v,1.7999915937518471,1.62,1.9800000000000002,PASS,False
fast_00_to_01,pex_recovery,N3.N3.n1,dynamic_segment_level_v,1.800007315259207,1.62,1.9800000000000002,PASS,False
fast_00_to_01,pex_final_precharge,N3.N3.n1,dynamic_segment_level_v,1.799991572094261,1.62,1.9800000000000002,PASS,False
fast_00_to_01,pex_recovery,N3.N3.t1,dynamic_segment_level_v,1.8000054141780129,1.62,1.9800000000000002,PASS,False
fast_00_to_01,pex_final_precharge,N3.N3.t1,dynamic_segment_level_v,1.7999907512172153,1.62,1.9800000000000002,PASS,False
fast_00_to_01,pex_recovery,N3.N3.t0,dynamic_segment_level_v,1.8000073145761137,1.62,1.9800000000000002,PASS,False
fast_00_to_01,pex_final_precharge,N3.N3.t0,dynamic_segment_level_v,1.7999915706719496,1.62,1.9800000000000002,PASS,False
fast_00_to_10,prime,DEC0,upper_excursion_v,1.799993374135482,,1.9800000000000002,PASS,False
fast_00_to_10,prime,DEC0,lower_excursion_v,-0.020924962304904163,-0.18000000000000002,,PASS,False
fast_00_to_10,prime,DEC0,end_level_v,1.799993287955021,1.62,1.9800000000000002,PASS,False
fast_00_to_10,prime,DEC0,settled_min_v,1.7999882095398303,1.62,,PASS,False
fast_00_to_10,prime,DEC1,upper_excursion_v,0.006499687416282183,,1.9800000000000002,PASS,False
fast_00_to_10,prime,DEC1,lower_excursion_v,0.00012254746889897412,-0.18000000000000002,,PASS,False
fast_00_to_10,prime,DEC1,end_level_v,0.00012576651103370074,-0.18000000000000002,0.18000000000000002,PASS,False
fast_00_to_10,prime,DEC1,unselected_max_v,0.006499687416282183,,0.18000000000000002,PASS,False
fast_00_to_10,prime,DEC2,upper_excursion_v,0.00651755593228447,,1.9800000000000002,PASS,False
fast_00_to_10,prime,DEC2,lower_excursion_v,0.0001345341309620417,-0.18000000000000002,,PASS,False
fast_00_to_10,prime,DEC2,end_level_v,0.0001375417878842097,-0.18000000000000002,0.18000000000000002,PASS,False
fast_00_to_10,prime,DEC2,unselected_max_v,0.00651755593228447,,0.18000000000000002,PASS,False
fast_00_to_10,prime,DEC3,upper_excursion_v,0.005782348676328979,,1.9800000000000002,PASS,False
fast_00_to_10,prime,DEC3,lower_excursion_v,0.00011568494758436992,-0.18000000000000002,,PASS,False
fast_00_to_10,prime,DEC3,end_level_v,0.00011927458219561675,-0.18000000000000002,0.18000000000000002,PASS,False
fast_00_to_10,prime,DEC3,unselected_max_v,0.005782348676328979,,0.18000000000000002,PASS,False
fast_00_to_10,prime,WL0,upper_excursion_v,1.7999992960662425,,1.9800000000000002,PASS,False
fast_00_to_10,prime,WL0,lower_excursion_v,-0.021468666949335257,-0.18000000000000002,,PASS,False
fast_00_to_10,prime,WL0,end_level_v,1.7999992960662425,1.62,1.9800000000000002,PASS,False
fast_00_to_10,prime,WL0,settled_min_v,1.799479788299629,1.62,,PASS,False
fast_00_to_10,prime,WL1,upper_excursion_v,0.00014885098469963093,,1.9800000000000002,PASS,False
fast_00_to_10,prime,WL1,lower_excursion_v,0.00012466613470760708,-0.18000000000000002,,PASS,False
fast_00_to_10,prime,WL1,end_level_v,0.00014468714735516033,-0.18000000000000002,0.18000000000000002,PASS,False
fast_00_to_10,prime,WL1,unselected_max_v,0.00014885098469963093,,0.18000000000000002,PASS,False
fast_00_to_10,prime,WL2,upper_excursion_v,0.0001487525685886704,,1.9800000000000002,PASS,False
fast_00_to_10,prime,WL2,lower_excursion_v,0.00012529543630331134,-0.18000000000000002,,PASS,False
fast_00_to_10,prime,WL2,end_level_v,0.00014468714795585021,-0.18000000000000002,0.18000000000000002,PASS,False
fast_00_to_10,prime,WL2,unselected_max_v,0.0001487525685886704,,0.18000000000000002,PASS,False
fast_00_to_10,prime,WL3,upper_excursion_v,0.00014793103288364477,,1.9800000000000002,PASS,False
fast_00_to_10,prime,WL3,lower_excursion_v,0.00013389138528774322,-0.18000000000000002,,PASS,False
fast_00_to_10,prime,WL3,end_level_v,0.00014468714662643049,-0.18000000000000002,0.18000000000000002,PASS,False
fast_00_to_10,prime,WL3,unselected_max_v,0.00014793103288364477,,0.18000000000000002,PASS,False
fast_00_to_10,test,DEC0,upper_excursion_v,0.0052538020285269925,,1.9800000000000002,PASS,False
fast_00_to_10,test,DEC0,lower_excursion_v,0.00012525042337114742,-0.18000000000000002,,PASS,False
fast_00_to_10,test,DEC0,end_level_v,0.00012878493534746084,-0.18000000000000002,0.18000000000000002,PASS,False
fast_00_to_10,test,DEC0,unselected_max_v,0.0052538020285269925,,0.18000000000000002,PASS,False
fast_00_to_10,test,DEC1,upper_excursion_v,0.006408005229398138,,1.9800000000000002,PASS,False
fast_00_to_10,test,DEC1,lower_excursion_v,0.00011106997362252122,-0.18000000000000002,,PASS,False
fast_00_to_10,test,DEC1,end_level_v,0.00011521265218003527,-0.18000000000000002,0.18000000000000002,PASS,False
fast_00_to_10,test,DEC1,unselected_max_v,0.006408005229398138,,0.18000000000000002,PASS,False
fast_00_to_10,test,DEC2,upper_excursion_v,1.7999904480095736,,1.9800000000000002,PASS,False
fast_00_to_10,test,DEC2,lower_excursion_v,-0.02028593035208108,-0.18000000000000002,,PASS,False
fast_00_to_10,test,DEC2,end_level_v,1.7999898947657007,1.62,1.9800000000000002,PASS,False
fast_00_to_10,test,DEC2,settled_min_v,1.7999878601239594,1.62,,PASS,False
fast_00_to_10,test,DEC3,upper_excursion_v,0.00570838394265787,,1.9800000000000002,PASS,False
fast_00_to_10,test,DEC3,lower_excursion_v,0.0001170764059177814,-0.18000000000000002,,PASS,False
fast_00_to_10,test,DEC3,end_level_v,0.00017542994093844384,-0.18000000000000002,0.18000000000000002,PASS,False
fast_00_to_10,test,DEC3,unselected_max_v,0.00570838394265787,,0.18000000000000002,PASS,False
fast_00_to_10,test,WL0,upper_excursion_v,0.00014794312370994565,,1.9800000000000002,PASS,False
fast_00_to_10,test,WL0,lower_excursion_v,0.00012629934570604226,-0.18000000000000002,,PASS,False
fast_00_to_10,test,WL0,end_level_v,0.00014468714719145868,-0.18000000000000002,0.18000000000000002,PASS,False
fast_00_to_10,test,WL0,unselected_max_v,0.00014794312370994565,,0.18000000000000002,PASS,False
fast_00_to_10,test,WL1,upper_excursion_v,0.00014865365696975277,,1.9800000000000002,PASS,False
fast_00_to_10,test,WL1,lower_excursion_v,0.00012630299461859483,-0.18000000000000002,,PASS,False
fast_00_to_10,test,WL1,end_level_v,0.00014468714602190963,-0.18000000000000002,0.18000000000000002,PASS,False
fast_00_to_10,test,WL1,unselected_max_v,0.00014865365696975277,,0.18000000000000002,PASS,False
fast_00_to_10,test,WL2,upper_excursion_v,1.7999992960666138,,1.9800000000000002,PASS,False
fast_00_to_10,test,WL2,lower_excursion_v,-0.021439671089281447,-0.18000000000000002,,PASS,False
fast_00_to_10,test,WL2,end_level_v,1.799999296066589,1.62,1.9800000000000002,PASS,False
fast_00_to_10,test,WL2,settled_min_v,1.7995575133801753,1.62,,PASS,False
fast_00_to_10,test,WL3,upper_excursion_v,0.0001478082880212192,,1.9800000000000002,PASS,False
fast_00_to_10,test,WL3,lower_excursion_v,0.0001342282785505377,-0.18000000000000002,,PASS,False
fast_00_to_10,test,WL3,end_level_v,0.0001446871003543068,-0.18000000000000002,0.18000000000000002,PASS,False
fast_00_to_10,test,WL3,unselected_max_v,0.0001478082880212192,,0.18000000000000002,PASS,False
fast_00_to_10,recovery,DEC0,end_level_v,0.00022769542533544027,-0.18000000000000002,0.18000000000000002,PASS,False
fast_00_to_10,recovery,DEC0,settled_max_v,0.0011852274771362256,,0.18000000000000002,PASS,False
fast_00_to_10,recovery,DEC1,end_level_v,0.0002308187259276118,-0.18000000000000002,0.18000000000000002,PASS,False
fast_00_to_10,recovery,DEC1,settled_max_v,0.0012446176347668367,,0.18000000000000002,PASS,False
fast_00_to_10,recovery,DEC2,end_level_v,0.00023403886972916678,-0.18000000000000002,0.18000000000000002,PASS,False
fast_00_to_10,recovery,DEC2,settled_max_v,0.001495844500499164,,0.18000000000000002,PASS,False
fast_00_to_10,recovery,DEC3,end_level_v,0.00023710402946802952,-0.18000000000000002,0.18000000000000002,PASS,False
fast_00_to_10,recovery,DEC3,settled_max_v,0.0014562675797764203,,0.18000000000000002,PASS,False
fast_00_to_10,recovery,WL0,end_level_v,0.000144687157091455,-0.18000000000000002,0.18000000000000002,PASS,False
fast_00_to_10,recovery,WL0,settled_max_v,0.0001463664370808361,,0.18000000000000002,PASS,False
fast_00_to_10,recovery,WL1,end_level_v,0.00014468715865769823,-0.18000000000000002,0.18000000000000002,PASS,False
fast_00_to_10,recovery,WL1,settled_max_v,0.00014603486973451742,,0.18000000000000002,PASS,False
fast_00_to_10,recovery,WL2,end_level_v,0.0001446871585591545,-0.18000000000000002,0.18000000000000002,PASS,False
fast_00_to_10,recovery,WL2,settled_max_v,0.00014571000689415556,,0.18000000000000002,PASS,False
fast_00_to_10,recovery,WL3,end_level_v,0.00014468719968909206,-0.18000000000000002,0.18000000000000002,PASS,False
fast_00_to_10,recovery,WL3,settled_max_v,0.00014912680301788704,,0.18000000000000002,PASS,False
fast_00_to_10,recovery,N0,end_level_v,1.8000023857860834,1.62,1.9800000000000002,PASS,False
fast_00_to_10,recovery,N1,end_level_v,1.799989348121169,1.62,1.9800000000000002,PASS,False
fast_00_to_10,recovery,N2,end_level_v,1.7997497445857449,1.62,1.9800000000000002,PASS,False
fast_00_to_10,recovery,N3,end_level_v,1.799286448166119,1.62,1.9800000000000002,PASS,False
fast_00_to_10,final_precharge,DEC0,settled_max_v,0.0002371975370405778,,0.18000000000000002,PASS,False
fast_00_to_10,final_precharge,DEC0,settled_min_v,0.00022813256276893226,-0.18000000000000002,,PASS,False
fast_00_to_10,final_precharge,DEC1,settled_max_v,0.00024277077183739593,,0.18000000000000002,PASS,False
fast_00_to_10,final_precharge,DEC1,settled_min_v,0.00023128573429857704,-0.18000000000000002,,PASS,False
fast_00_to_10,final_precharge,DEC2,settled_max_v,0.0003211881316585162,,0.18000000000000002,PASS,False
fast_00_to_10,final_precharge,DEC2,settled_min_v,0.00023751919400638835,-0.18000000000000002,,PASS,False
fast_00_to_10,final_precharge,DEC3,settled_max_v,0.0002450651957702975,,0.18000000000000002,PASS,False
fast_00_to_10,final_precharge,DEC3,settled_min_v,0.00023480567888020751,-0.18000000000000002,,PASS,False
fast_00_to_10,final_precharge,WL0,settled_max_v,0.00014468760583687517,,0.18000000000000002,PASS,False
fast_00_to_10,final_precharge,WL0,settled_min_v,0.00014468715790028538,-0.18000000000000002,,PASS,False
fast_00_to_10,final_precharge,WL1,settled_max_v,0.00014468786623553242,,0.18000000000000002,PASS,False
fast_00_to_10,final_precharge,WL1,settled_min_v,0.0001446871583212306,-0.18000000000000002,,PASS,False
fast_00_to_10,final_precharge,WL2,settled_max_v,0.00014469899736924203,,0.18000000000000002,PASS,False
fast_00_to_10,final_precharge,WL2,settled_min_v,0.00014468716686402963,-0.18000000000000002,,PASS,False
fast_00_to_10,final_precharge,WL3,settled_max_v,0.00014468792533285787,,0.18000000000000002,PASS,False
fast_00_to_10,final_precharge,WL3,settled_min_v,0.0001446871579725901,-0.18000000000000002,,PASS,False
fast_00_to_10,final_precharge,N0,end_level_v,1.8000016705620008,1.62,1.9800000000000002,PASS,False
fast_00_to_10,final_precharge,N1,end_level_v,1.799991548876117,1.62,1.9800000000000002,PASS,False
fast_00_to_10,final_precharge,N2,end_level_v,1.7988093497581517,1.62,1.9800000000000002,PASS,False
fast_00_to_10,final_precharge,N3,end_level_v,1.7999292100351312,1.62,1.9800000000000002,PASS,False
fast_00_to_10,pex_recovery,N0.N0.t1,dynamic_segment_level_v,1.8000014983930288,1.62,1.9800000000000002,PASS,False
fast_00_to_10,pex_final_precharge,N0.N0.t1,dynamic_segment_level_v,1.8000008107428127,1.62,1.9800000000000002,PASS,False
fast_00_to_10,pex_recovery,N0.N0.t3,dynamic_segment_level_v,1.8000023857860834,1.62,1.9800000000000002,PASS,False
fast_00_to_10,pex_final_precharge,N0.N0.t3,dynamic_segment_level_v,1.8000016705620008,1.62,1.9800000000000002,PASS,False
fast_00_to_10,pex_recovery,N0.N0.n1,dynamic_segment_level_v,1.8000023588786955,1.62,1.9800000000000002,PASS,False
fast_00_to_10,pex_final_precharge,N0.N0.n1,dynamic_segment_level_v,1.8000016482867425,1.62,1.9800000000000002,PASS,False
fast_00_to_10,pex_recovery,N0.N0.n0,dynamic_segment_level_v,1.800002379806787,1.62,1.9800000000000002,PASS,False
fast_00_to_10,pex_final_precharge,N0.N0.n0,dynamic_segment_level_v,1.800001668638292,1.62,1.9800000000000002,PASS,False
fast_00_to_10,pex_recovery,N0.N0.t0,dynamic_segment_level_v,1.8000023575315514,1.62,1.9800000000000002,PASS,False
fast_00_to_10,pex_final_precharge,N0.N0.t0,dynamic_segment_level_v,1.8000016468496862,1.62,1.9800000000000002,PASS,False
fast_00_to_10,pex_recovery,N0.N0,dynamic_segment_level_v,1.8000023857860834,1.62,1.9800000000000002,PASS,False
fast_00_to_10,pex_final_precharge,N0.N0,dynamic_segment_level_v,1.8000016705620008,1.62,1.9800000000000002,PASS,False
fast_00_to_10,pex_recovery,N0.N0.t2,dynamic_segment_level_v,1.8000023845397182,1.62,1.9800000000000002,PASS,False
fast_00_to_10,pex_final_precharge,N0.N0.t2,dynamic_segment_level_v,1.800001669845788,1.62,1.9800000000000002,PASS,False
fast_00_to_10,pex_recovery,N1.N1,dynamic_segment_level_v,1.799989348121169,1.62,1.9800000000000002,PASS,False
fast_00_to_10,pex_final_precharge,N1.N1,dynamic_segment_level_v,1.799991548876117,1.62,1.9800000000000002,PASS,False
fast_00_to_10,pex_recovery,N1.N1.n0,dynamic_segment_level_v,1.7999893490633745,1.62,1.9800000000000002,PASS,False
fast_00_to_10,pex_final_precharge,N1.N1.n0,dynamic_segment_level_v,1.7999915481586097,1.62,1.9800000000000002,PASS,False
fast_00_to_10,pex_recovery,N1.N1.t1,dynamic_segment_level_v,1.7999891332892253,1.62,1.9800000000000002,PASS,False
fast_00_to_10,pex_final_precharge,N1.N1.t1,dynamic_segment_level_v,1.7999911114756066,1.62,1.9800000000000002,PASS,False
fast_00_to_10,pex_recovery,N1.N1.t2,dynamic_segment_level_v,1.799989347122162,1.62,1.9800000000000002,PASS,False
fast_00_to_10,pex_final_precharge,N1.N1.t2,dynamic_segment_level_v,1.799991548030825,1.62,1.9800000000000002,PASS,False
fast_00_to_10,pex_recovery,N1.N1.n1,dynamic_segment_level_v,1.7999893438080643,1.62,1.9800000000000002,PASS,False
fast_00_to_10,pex_final_precharge,N1.N1.n1,dynamic_segment_level_v,1.7999915377201563,1.62,1.9800000000000002,PASS,False
fast_00_to_10,pex_recovery,N1.N1.t0,dynamic_segment_level_v,1.7999893420321582,1.62,1.9800000000000002,PASS,False
fast_00_to_10,pex_final_precharge,N1.N1.t0,dynamic_segment_level_v,1.7999915362162502,1.62,1.9800000000000002,PASS,False
fast_00_to_10,pex_recovery,N1.N1.t3,dynamic_segment_level_v,1.799989348121169,1.62,1.9800000000000002,PASS,False
fast_00_to_10,pex_final_precharge,N1.N1.t3,dynamic_segment_level_v,1.799991548876117,1.62,1.9800000000000002,PASS,False
fast_00_to_10,pex_recovery,N2.N2.t3,dynamic_segment_level_v,1.7997497445857449,1.62,1.9800000000000002,PASS,False
fast_00_to_10,pex_final_precharge,N2.N2.t3,dynamic_segment_level_v,1.7988093497581517,1.62,1.9800000000000002,PASS,False
fast_00_to_10,pex_recovery,N2.N2.t2,dynamic_segment_level_v,1.799749735771175,1.62,1.9800000000000002,PASS,False
fast_00_to_10,pex_final_precharge,N2.N2.t2,dynamic_segment_level_v,1.7988093710166044,1.62,1.9800000000000002,PASS,False
fast_00_to_10,pex_recovery,N2.N2.n0,dynamic_segment_level_v,1.7997496587386645,1.62,1.9800000000000002,PASS,False
fast_00_to_10,pex_final_precharge,N2.N2.n0,dynamic_segment_level_v,1.7988096132266058,1.62,1.9800000000000002,PASS,False
fast_00_to_10,pex_recovery,N2.N2.t0,dynamic_segment_level_v,1.7997457991584858,1.62,1.9800000000000002,PASS,False
fast_00_to_10,pex_final_precharge,N2.N2.t0,dynamic_segment_level_v,1.7987896818253688,1.62,1.9800000000000002,PASS,False
fast_00_to_10,pex_recovery,N2.N2,dynamic_segment_level_v,1.7997497445857449,1.62,1.9800000000000002,PASS,False
fast_00_to_10,pex_final_precharge,N2.N2,dynamic_segment_level_v,1.7988093497581517,1.62,1.9800000000000002,PASS,False
fast_00_to_10,pex_recovery,N2.N2.t1,dynamic_segment_level_v,1.799767384769271,1.62,1.9800000000000002,PASS,False
fast_00_to_10,pex_final_precharge,N2.N2.t1,dynamic_segment_level_v,1.7988986067894026,1.62,1.9800000000000002,PASS,False
fast_00_to_10,pex_recovery,N2.N2.n1,dynamic_segment_level_v,1.7997496689364911,1.62,1.9800000000000002,PASS,False
fast_00_to_10,pex_final_precharge,N2.N2.n1,dynamic_segment_level_v,1.7988096169210352,1.62,1.9800000000000002,PASS,False
fast_00_to_10,pex_recovery,N3.N3,dynamic_segment_level_v,1.799286448166119,1.62,1.9800000000000002,PASS,False
fast_00_to_10,pex_final_precharge,N3.N3,dynamic_segment_level_v,1.7999292100351312,1.62,1.9800000000000002,PASS,False
fast_00_to_10,pex_recovery,N3.N3.n0,dynamic_segment_level_v,1.7992869228444686,1.62,1.9800000000000002,PASS,False
fast_00_to_10,pex_final_precharge,N3.N3.n0,dynamic_segment_level_v,1.7999292136777494,1.62,1.9800000000000002,PASS,False
fast_00_to_10,pex_recovery,N3.N3.t2,dynamic_segment_level_v,1.7992864859935436,1.62,1.9800000000000002,PASS,False
fast_00_to_10,pex_final_precharge,N3.N3.t2,dynamic_segment_level_v,1.7999292094334682,1.62,1.9800000000000002,PASS,False
fast_00_to_10,pex_recovery,N3.N3.t3,dynamic_segment_level_v,1.799286448166119,1.62,1.9800000000000002,PASS,False
fast_00_to_10,pex_final_precharge,N3.N3.t3,dynamic_segment_level_v,1.7999292100351312,1.62,1.9800000000000002,PASS,False
fast_00_to_10,pex_recovery,N3.N3.n1,dynamic_segment_level_v,1.7992869273980445,1.62,1.9800000000000002,PASS,False
fast_00_to_10,pex_final_precharge,N3.N3.n1,dynamic_segment_level_v,1.7999292058689393,1.62,1.9800000000000002,PASS,False
fast_00_to_10,pex_recovery,N3.N3.t1,dynamic_segment_level_v,1.7993394680383572,1.62,1.9800000000000002,PASS,False
fast_00_to_10,pex_final_precharge,N3.N3.t1,dynamic_segment_level_v,1.7999330293325682,1.62,1.9800000000000002,PASS,False
fast_00_to_10,pex_recovery,N3.N3.t0,dynamic_segment_level_v,1.7992751542960894,1.62,1.9800000000000002,PASS,False
fast_00_to_10,pex_final_precharge,N3.N3.t0,dynamic_segment_level_v,1.7999282758282527,1.62,1.9800000000000002,PASS,False
fast_00_to_11,prime,DEC0,upper_excursion_v,1.799993374135482,,1.9800000000000002,PASS,False
fast_00_to_11,prime,DEC0,lower_excursion_v,-0.020924962304904163,-0.18000000000000002,,PASS,False
fast_00_to_11,prime,DEC0,end_level_v,1.799993287955021,1.62,1.9800000000000002,PASS,False
fast_00_to_11,prime,DEC0,settled_min_v,1.7999882095398303,1.62,,PASS,False
fast_00_to_11,prime,DEC1,upper_excursion_v,0.006499687416282183,,1.9800000000000002,PASS,False
fast_00_to_11,prime,DEC1,lower_excursion_v,0.00012254746889897412,-0.18000000000000002,,PASS,False
fast_00_to_11,prime,DEC1,end_level_v,0.00012576651103370074,-0.18000000000000002,0.18000000000000002,PASS,False
fast_00_to_11,prime,DEC1,unselected_max_v,0.006499687416282183,,0.18000000000000002,PASS,False
fast_00_to_11,prime,DEC2,upper_excursion_v,0.00651755593228447,,1.9800000000000002,PASS,False
fast_00_to_11,prime,DEC2,lower_excursion_v,0.0001345341309620417,-0.18000000000000002,,PASS,False
fast_00_to_11,prime,DEC2,end_level_v,0.0001375417878842097,-0.18000000000000002,0.18000000000000002,PASS,False
fast_00_to_11,prime,DEC2,unselected_max_v,0.00651755593228447,,0.18000000000000002,PASS,False
fast_00_to_11,prime,DEC3,upper_excursion_v,0.005782348676328979,,1.9800000000000002,PASS,False
fast_00_to_11,prime,DEC3,lower_excursion_v,0.00011568494758436992,-0.18000000000000002,,PASS,False
fast_00_to_11,prime,DEC3,end_level_v,0.00011927458219561675,-0.18000000000000002,0.18000000000000002,PASS,False
fast_00_to_11,prime,DEC3,unselected_max_v,0.005782348676328979,,0.18000000000000002,PASS,False
fast_00_to_11,prime,WL0,upper_excursion_v,1.7999992960662425,,1.9800000000000002,PASS,False
fast_00_to_11,prime,WL0,lower_excursion_v,-0.021468666949335257,-0.18000000000000002,,PASS,False
fast_00_to_11,prime,WL0,end_level_v,1.7999992960662425,1.62,1.9800000000000002,PASS,False
fast_00_to_11,prime,WL0,settled_min_v,1.799479788299629,1.62,,PASS,False
fast_00_to_11,prime,WL1,upper_excursion_v,0.00014885098469963093,,1.9800000000000002,PASS,False
fast_00_to_11,prime,WL1,lower_excursion_v,0.00012466613470760708,-0.18000000000000002,,PASS,False
fast_00_to_11,prime,WL1,end_level_v,0.00014468714735516033,-0.18000000000000002,0.18000000000000002,PASS,False
fast_00_to_11,prime,WL1,unselected_max_v,0.00014885098469963093,,0.18000000000000002,PASS,False
fast_00_to_11,prime,WL2,upper_excursion_v,0.0001487525685886704,,1.9800000000000002,PASS,False
fast_00_to_11,prime,WL2,lower_excursion_v,0.00012529543630331134,-0.18000000000000002,,PASS,False
fast_00_to_11,prime,WL2,end_level_v,0.00014468714795585021,-0.18000000000000002,0.18000000000000002,PASS,False
fast_00_to_11,prime,WL2,unselected_max_v,0.0001487525685886704,,0.18000000000000002,PASS,False
fast_00_to_11,prime,WL3,upper_excursion_v,0.00014793103288364477,,1.9800000000000002,PASS,False
fast_00_to_11,prime,WL3,lower_excursion_v,0.00013389138528774322,-0.18000000000000002,,PASS,False
fast_00_to_11,prime,WL3,end_level_v,0.00014468714662643049,-0.18000000000000002,0.18000000000000002,PASS,False
fast_00_to_11,prime,WL3,unselected_max_v,0.00014793103288364477,,0.18000000000000002,PASS,False
fast_00_to_11,test,DEC0,upper_excursion_v,0.00523233268852233,,1.9800000000000002,PASS,False
fast_00_to_11,test,DEC0,lower_excursion_v,0.00010516171769664408,-0.18000000000000002,,PASS,False
fast_00_to_11,test,DEC0,end_level_v,0.00010985811237827241,-0.18000000000000002,0.18000000000000002,PASS,False
fast_00_to_11,test,DEC0,unselected_max_v,0.00523233268852233,,0.18000000000000002,PASS,False
fast_00_to_11,test,DEC1,upper_excursion_v,0.006377493906521894,,1.9800000000000002,PASS,False
fast_00_to_11,test,DEC1,lower_excursion_v,0.00013840755041587445,-0.18000000000000002,,PASS,False
fast_00_to_11,test,DEC1,end_level_v,0.00014221933697638675,-0.18000000000000002,0.18000000000000002,PASS,False
fast_00_to_11,test,DEC1,unselected_max_v,0.006377493906521894,,0.18000000000000002,PASS,False
fast_00_to_11,test,DEC2,upper_excursion_v,0.0064913535142983375,,1.9800000000000002,PASS,False
fast_00_to_11,test,DEC2,lower_excursion_v,0.00010495387090478082,-0.18000000000000002,,PASS,False
fast_00_to_11,test,DEC2,end_level_v,0.00016405442732321656,-0.18000000000000002,0.18000000000000002,PASS,False
fast_00_to_11,test,DEC2,unselected_max_v,0.0064913535142983375,,0.18000000000000002,PASS,False
fast_00_to_11,test,DEC3,upper_excursion_v,1.7999904704568435,,1.9800000000000002,PASS,False
fast_00_to_11,test,DEC3,lower_excursion_v,-0.018374583145757815,-0.18000000000000002,,PASS,False
fast_00_to_11,test,DEC3,end_level_v,1.7999898207466338,1.62,1.9800000000000002,PASS,False
fast_00_to_11,test,DEC3,settled_min_v,1.7999898207466338,1.62,,PASS,False
fast_00_to_11,test,WL0,upper_excursion_v,0.00014790087705928725,,1.9800000000000002,PASS,False
fast_00_to_11,test,WL0,lower_excursion_v,0.00012740159851535254,-0.18000000000000002,,PASS,False
fast_00_to_11,test,WL0,end_level_v,0.00014468714593701004,-0.18000000000000002,0.18000000000000002,PASS,False
fast_00_to_11,test,WL0,unselected_max_v,0.00014790087705928725,,0.18000000000000002,PASS,False
fast_00_to_11,test,WL1,upper_excursion_v,0.00014864818582192678,,1.9800000000000002,PASS,False
fast_00_to_11,test,WL1,lower_excursion_v,0.000124871648731316,-0.18000000000000002,,PASS,False
fast_00_to_11,test,WL1,end_level_v,0.00014468714798742234,-0.18000000000000002,0.18000000000000002,PASS,False
fast_00_to_11,test,WL1,unselected_max_v,0.00014864818582192678,,0.18000000000000002,PASS,False
fast_00_to_11,test,WL2,upper_excursion_v,0.000148638114201897,,1.9800000000000002,PASS,False
fast_00_to_11,test,WL2,lower_excursion_v,0.00012672664405828809,-0.18000000000000002,,PASS,False
fast_00_to_11,test,WL2,end_level_v,0.00014468710315129822,-0.18000000000000002,0.18000000000000002,PASS,False
fast_00_to_11,test,WL2,unselected_max_v,0.000148638114201897,,0.18000000000000002,PASS,False
fast_00_to_11,test,WL3,upper_excursion_v,1.7999992960665916,,1.9800000000000002,PASS,False
fast_00_to_11,test,WL3,lower_excursion_v,-0.0215193834164014,-0.18000000000000002,,PASS,False
fast_00_to_11,test,WL3,end_level_v,1.799999296066557,1.62,1.9800000000000002,PASS,False
fast_00_to_11,test,WL3,settled_min_v,1.7995420841579652,1.62,,PASS,False
fast_00_to_11,recovery,DEC0,end_level_v,0.00022832294771710243,-0.18000000000000002,0.18000000000000002,PASS,False
fast_00_to_11,recovery,DEC0,settled_max_v,0.0012991802612096165,,0.18000000000000002,PASS,False
fast_00_to_11,recovery,DEC1,end_level_v,0.00023171504395795356,-0.18000000000000002,0.18000000000000002,PASS,False
fast_00_to_11,recovery,DEC1,settled_max_v,0.0018791557849186413,,0.18000000000000002,PASS,False
fast_00_to_11,recovery,DEC2,end_level_v,0.00023714713595432077,-0.18000000000000002,0.18000000000000002,PASS,False
fast_00_to_11,recovery,DEC2,settled_max_v,0.0015156206360745642,,0.18000000000000002,PASS,False
fast_00_to_11,recovery,DEC3,end_level_v,0.00023777157583525324,-0.18000000000000002,0.18000000000000002,PASS,False
fast_00_to_11,recovery,DEC3,settled_max_v,0.002004462720392247,,0.18000000000000002,PASS,False
fast_00_to_11,recovery,WL0,end_level_v,0.00014468716692177507,-0.18000000000000002,0.18000000000000002,PASS,False
fast_00_to_11,recovery,WL0,settled_max_v,0.00014689287675654375,,0.18000000000000002,PASS,False
fast_00_to_11,recovery,WL1,end_level_v,0.00014468717048221985,-0.18000000000000002,0.18000000000000002,PASS,False
fast_00_to_11,recovery,WL1,settled_max_v,0.00014620368377083183,,0.18000000000000002,PASS,False
fast_00_to_11,recovery,WL2,end_level_v,0.00014468720830407696,-0.18000000000000002,0.18000000000000002,PASS,False
fast_00_to_11,recovery,WL2,settled_max_v,0.00014562070080900258,,0.18000000000000002,PASS,False
fast_00_to_11,recovery,WL3,end_level_v,0.00014468720029623156,-0.18000000000000002,0.18000000000000002,PASS,False
fast_00_to_11,recovery,WL3,settled_max_v,0.0001468781176426971,,0.18000000000000002,PASS,False
fast_00_to_11,recovery,N0,end_level_v,1.7999954365852868,1.62,1.9800000000000002,PASS,False
fast_00_to_11,recovery,N1,end_level_v,1.79995931619711,1.62,1.9800000000000002,PASS,False
fast_00_to_11,recovery,N2,end_level_v,1.7993198758395323,1.62,1.9800000000000002,PASS,False
fast_00_to_11,recovery,N3,end_level_v,1.7992023262328165,1.62,1.9800000000000002,PASS,False
fast_00_to_11,final_precharge,DEC0,settled_max_v,0.00023870636641519288,,0.18000000000000002,PASS,False
fast_00_to_11,final_precharge,DEC0,settled_min_v,0.0002277837101143615,-0.18000000000000002,,PASS,False
fast_00_to_11,final_precharge,DEC1,settled_max_v,0.00024296689513974982,,0.18000000000000002,PASS,False
fast_00_to_11,final_precharge,DEC1,settled_min_v,0.00023091493972178002,-0.18000000000000002,,PASS,False
fast_00_to_11,final_precharge,DEC2,settled_max_v,0.00024834572823209693,,0.18000000000000002,PASS,False
fast_00_to_11,final_precharge,DEC2,settled_min_v,0.00023388493214155295,-0.18000000000000002,,PASS,False
fast_00_to_11,final_precharge,DEC3,settled_max_v,0.000320221177938768,,0.18000000000000002,PASS,False
fast_00_to_11,final_precharge,DEC3,settled_min_v,0.00023786583865035042,-0.18000000000000002,,PASS,False
fast_00_to_11,final_precharge,WL0,settled_max_v,0.000144687785903732,,0.18000000000000002,PASS,False
fast_00_to_11,final_precharge,WL0,settled_min_v,0.00014468715803559875,-0.18000000000000002,,PASS,False
fast_00_to_11,final_precharge,WL1,settled_max_v,0.00014468785223106738,,0.18000000000000002,PASS,False
fast_00_to_11,final_precharge,WL1,settled_min_v,0.00014468715839187037,-0.18000000000000002,,PASS,False
fast_00_to_11,final_precharge,WL2,settled_max_v,0.0001446881104644865,,0.18000000000000002,PASS,False
fast_00_to_11,final_precharge,WL2,settled_min_v,0.00014468715891858736,-0.18000000000000002,,PASS,False
fast_00_to_11,final_precharge,WL3,settled_max_v,0.00014469838107182496,,0.18000000000000002,PASS,False
fast_00_to_11,final_precharge,WL3,settled_min_v,0.00014468716656190148,-0.18000000000000002,,PASS,False
fast_00_to_11,final_precharge,N0,end_level_v,1.7999937229720404,1.62,1.9800000000000002,PASS,False
fast_00_to_11,final_precharge,N1,end_level_v,1.800000462988194,1.62,1.9800000000000002,PASS,False
fast_00_to_11,final_precharge,N2,end_level_v,1.7999329271833748,1.62,1.9800000000000002,PASS,False
fast_00_to_11,final_precharge,N3,end_level_v,1.7987904163210933,1.62,1.9800000000000002,PASS,False
fast_00_to_11,pex_recovery,N0.N0.t1,dynamic_segment_level_v,1.799995075011151,1.62,1.9800000000000002,PASS,False
fast_00_to_11,pex_final_precharge,N0.N0.t1,dynamic_segment_level_v,1.7999935153502902,1.62,1.9800000000000002,PASS,False
fast_00_to_11,pex_recovery,N0.N0.t3,dynamic_segment_level_v,1.7999954365852868,1.62,1.9800000000000002,PASS,False
fast_00_to_11,pex_final_precharge,N0.N0.t3,dynamic_segment_level_v,1.7999937229720404,1.62,1.9800000000000002,PASS,False
fast_00_to_11,pex_recovery,N0.N0.n1,dynamic_segment_level_v,1.7999954261619924,1.62,1.9800000000000002,PASS,False
fast_00_to_11,pex_final_precharge,N0.N0.n1,dynamic_segment_level_v,1.7999937178377048,1.62,1.9800000000000002,PASS,False
fast_00_to_11,pex_recovery,N0.N0.n0,dynamic_segment_level_v,1.7999954347310996,1.62,1.9800000000000002,PASS,False
fast_00_to_11,pex_final_precharge,N0.N0.n0,dynamic_segment_level_v,1.7999937228847307,1.62,1.9800000000000002,PASS,False
fast_00_to_11,pex_recovery,N0.N0.t0,dynamic_segment_level_v,1.7999954252579815,1.62,1.9800000000000002,PASS,False
fast_00_to_11,pex_final_precharge,N0.N0.t0,dynamic_segment_level_v,1.799993716298585,1.62,1.9800000000000002,PASS,False
fast_00_to_11,pex_recovery,N0.N0,dynamic_segment_level_v,1.7999954365852868,1.62,1.9800000000000002,PASS,False
fast_00_to_11,pex_final_precharge,N0.N0,dynamic_segment_level_v,1.7999937229720404,1.62,1.9800000000000002,PASS,False
fast_00_to_11,pex_recovery,N0.N0.t2,dynamic_segment_level_v,1.799995434503782,1.62,1.9800000000000002,PASS,False
fast_00_to_11,pex_final_precharge,N0.N0.t2,dynamic_segment_level_v,1.7999937224062104,1.62,1.9800000000000002,PASS,False
fast_00_to_11,pex_recovery,N1.N1,dynamic_segment_level_v,1.79995931619711,1.62,1.9800000000000002,PASS,False
fast_00_to_11,pex_final_precharge,N1.N1,dynamic_segment_level_v,1.800000462988194,1.62,1.9800000000000002,PASS,False
fast_00_to_11,pex_recovery,N1.N1.n0,dynamic_segment_level_v,1.7999593301901045,1.62,1.9800000000000002,PASS,False
fast_00_to_11,pex_final_precharge,N1.N1.n0,dynamic_segment_level_v,1.8000004603641233,1.62,1.9800000000000002,PASS,False
fast_00_to_11,pex_recovery,N1.N1.t1,dynamic_segment_level_v,1.7999613908008245,1.62,1.9800000000000002,PASS,False
fast_00_to_11,pex_final_precharge,N1.N1.t1,dynamic_segment_level_v,1.799999363776934,1.62,1.9800000000000002,PASS,False
fast_00_to_11,pex_recovery,N1.N1.t2,dynamic_segment_level_v,1.7999593145943682,1.62,1.9800000000000002,PASS,False
fast_00_to_11,pex_final_precharge,N1.N1.t2,dynamic_segment_level_v,1.8000004619640846,1.62,1.9800000000000002,PASS,False
fast_00_to_11,pex_recovery,N1.N1.n1,dynamic_segment_level_v,1.7999593785916816,1.62,1.9800000000000002,PASS,False
fast_00_to_11,pex_final_precharge,N1.N1.n1,dynamic_segment_level_v,1.800000434395924,1.62,1.9800000000000002,PASS,False
fast_00_to_11,pex_recovery,N1.N1.t0,dynamic_segment_level_v,1.7999593767113815,1.62,1.9800000000000002,PASS,False
fast_00_to_11,pex_final_precharge,N1.N1.t0,dynamic_segment_level_v,1.8000004329908732,1.62,1.9800000000000002,PASS,False
fast_00_to_11,pex_recovery,N1.N1.t3,dynamic_segment_level_v,1.79995931619711,1.62,1.9800000000000002,PASS,False
fast_00_to_11,pex_final_precharge,N1.N1.t3,dynamic_segment_level_v,1.800000462988194,1.62,1.9800000000000002,PASS,False
fast_00_to_11,pex_recovery,N2.N2.t3,dynamic_segment_level_v,1.7993198758395323,1.62,1.9800000000000002,PASS,False
fast_00_to_11,pex_final_precharge,N2.N2.t3,dynamic_segment_level_v,1.7999329271833748,1.62,1.9800000000000002,PASS,False
fast_00_to_11,pex_recovery,N2.N2.t2,dynamic_segment_level_v,1.799319909338012,1.62,1.9800000000000002,PASS,False
fast_00_to_11,pex_final_precharge,N2.N2.t2,dynamic_segment_level_v,1.7999329263297423,1.62,1.9800000000000002,PASS,False
fast_00_to_11,pex_recovery,N2.N2.n0,dynamic_segment_level_v,1.799320321597538,1.62,1.9800000000000002,PASS,False
fast_00_to_11,pex_final_precharge,N2.N2.n0,dynamic_segment_level_v,1.7999329302218343,1.62,1.9800000000000002,PASS,False
fast_00_to_11,pex_recovery,N2.N2.t0,dynamic_segment_level_v,1.7993089578877093,1.62,1.9800000000000002,PASS,False
fast_00_to_11,pex_final_precharge,N2.N2.t0,dynamic_segment_level_v,1.7999319698894445,1.62,1.9800000000000002,PASS,False
fast_00_to_11,pex_recovery,N2.N2,dynamic_segment_level_v,1.7993198758395323,1.62,1.9800000000000002,PASS,False
fast_00_to_11,pex_final_precharge,N2.N2,dynamic_segment_level_v,1.7999329271833748,1.62,1.9800000000000002,PASS,False
fast_00_to_11,pex_recovery,N2.N2.t1,dynamic_segment_level_v,1.799370399226034,1.62,1.9800000000000002,PASS,False
fast_00_to_11,pex_final_precharge,N2.N2.t1,dynamic_segment_level_v,1.7999366194141766,1.62,1.9800000000000002,PASS,False
fast_00_to_11,pex_recovery,N2.N2.n1,dynamic_segment_level_v,1.799320311834106,1.62,1.9800000000000002,PASS,False
fast_00_to_11,pex_final_precharge,N2.N2.n1,dynamic_segment_level_v,1.7999329175812409,1.62,1.9800000000000002,PASS,False
fast_00_to_11,pex_recovery,N3.N3,dynamic_segment_level_v,1.7992023262328165,1.62,1.9800000000000002,PASS,False
fast_00_to_11,pex_final_precharge,N3.N3,dynamic_segment_level_v,1.7987904163210933,1.62,1.9800000000000002,PASS,False
fast_00_to_11,pex_recovery,N3.N3.n0,dynamic_segment_level_v,1.7992027479424224,1.62,1.9800000000000002,PASS,False
fast_00_to_11,pex_final_precharge,N3.N3.n0,dynamic_segment_level_v,1.7987906857405458,1.62,1.9800000000000002,PASS,False
fast_00_to_11,pex_recovery,N3.N3.t2,dynamic_segment_level_v,1.7992023577823508,1.62,1.9800000000000002,PASS,False
fast_00_to_11,pex_final_precharge,N3.N3.t2,dynamic_segment_level_v,1.7987904378836566,1.62,1.9800000000000002,PASS,False
fast_00_to_11,pex_recovery,N3.N3.t3,dynamic_segment_level_v,1.7992023262328165,1.62,1.9800000000000002,PASS,False
fast_00_to_11,pex_final_precharge,N3.N3.t3,dynamic_segment_level_v,1.7987904163210933,1.62,1.9800000000000002,PASS,False
fast_00_to_11,pex_recovery,N3.N3.n1,dynamic_segment_level_v,1.7992027508673918,1.62,1.9800000000000002,PASS,False
fast_00_to_11,pex_final_precharge,N3.N3.n1,dynamic_segment_level_v,1.7987906943586394,1.62,1.9800000000000002,PASS,False
fast_00_to_11,pex_recovery,N3.N3.t1,dynamic_segment_level_v,1.7992616062480908,1.62,1.9800000000000002,PASS,False
fast_00_to_11,pex_final_precharge,N3.N3.t1,dynamic_segment_level_v,1.798880946013591,1.62,1.9800000000000002,PASS,False
fast_00_to_11,pex_recovery,N3.N3.t0,dynamic_segment_level_v,1.7991895511324911,1.62,1.9800000000000002,PASS,False
fast_00_to_11,pex_final_precharge,N3.N3.t0,dynamic_segment_level_v,1.7987705216103382,1.62,1.9800000000000002,PASS,False
fast_01_to_00,prime,DEC0,upper_excursion_v,0.00532309215080665,,1.9800000000000002,PASS,False
fast_01_to_00,prime,DEC0,lower_excursion_v,0.00011492947628167172,-0.18000000000000002,,PASS,False
fast_01_to_00,prime,DEC0,end_level_v,0.00011839998052523664,-0.18000000000000002,0.18000000000000002,PASS,False
fast_01_to_00,prime,DEC0,unselected_max_v,0.00532309215080665,,0.18000000000000002,PASS,False
fast_01_to_00,prime,DEC1,upper_excursion_v,1.799992300428123,,1.9800000000000002,PASS,False
fast_01_to_00,prime,DEC1,lower_excursion_v,-0.02013263590353278,-0.18000000000000002,,PASS,False
fast_01_to_00,prime,DEC1,end_level_v,1.7999921791829623,1.62,1.9800000000000002,PASS,False
fast_01_to_00,prime,DEC1,settled_min_v,1.7999897582393298,1.62,,PASS,False
fast_01_to_00,prime,DEC2,upper_excursion_v,0.00650571938584506,,1.9800000000000002,PASS,False
fast_01_to_00,prime,DEC2,lower_excursion_v,0.00010949400505292201,-0.18000000000000002,,PASS,False
fast_01_to_00,prime,DEC2,end_level_v,0.00011345513723717557,-0.18000000000000002,0.18000000000000002,PASS,False
fast_01_to_00,prime,DEC2,unselected_max_v,0.00650571938584506,,0.18000000000000002,PASS,False
fast_01_to_00,prime,DEC3,upper_excursion_v,0.005746770563164283,,1.9800000000000002,PASS,False
fast_01_to_00,prime,DEC3,lower_excursion_v,0.00013952894488704782,-0.18000000000000002,,PASS,False
fast_01_to_00,prime,DEC3,end_level_v,0.00014261319962693845,-0.18000000000000002,0.18000000000000002,PASS,False
fast_01_to_00,prime,DEC3,unselected_max_v,0.005746770563164283,,0.18000000000000002,PASS,False
fast_01_to_00,prime,WL0,upper_excursion_v,0.00014808393075770078,,1.9800000000000002,PASS,False
fast_01_to_00,prime,WL0,lower_excursion_v,0.00012599969025128884,-0.18000000000000002,,PASS,False
fast_01_to_00,prime,WL0,end_level_v,0.00014468714697851544,-0.18000000000000002,0.18000000000000002,PASS,False
fast_01_to_00,prime,WL0,unselected_max_v,0.00014808393075770078,,0.18000000000000002,PASS,False
fast_01_to_00,prime,WL1,upper_excursion_v,1.7999992960662694,,1.9800000000000002,PASS,False
fast_01_to_00,prime,WL1,lower_excursion_v,-0.021474140792831616,-0.18000000000000002,,PASS,False
fast_01_to_00,prime,WL1,end_level_v,1.7999992960662692,1.62,1.9800000000000002,PASS,False
fast_01_to_00,prime,WL1,settled_min_v,1.799479899691353,1.62,,PASS,False
fast_01_to_00,prime,WL2,upper_excursion_v,0.00014870325039940588,,1.9800000000000002,PASS,False
fast_01_to_00,prime,WL2,lower_excursion_v,0.00012562211386404386,-0.18000000000000002,,PASS,False
fast_01_to_00,prime,WL2,end_level_v,0.0001446871463220095,-0.18000000000000002,0.18000000000000002,PASS,False
fast_01_to_00,prime,WL2,unselected_max_v,0.00014870325039940588,,0.18000000000000002,PASS,False
fast_01_to_00,prime,WL3,upper_excursion_v,0.00014792362762669484,,1.9800000000000002,PASS,False
fast_01_to_00,prime,WL3,lower_excursion_v,0.00013317547623594553,-0.18000000000000002,,PASS,False
fast_01_to_00,prime,WL3,end_level_v,0.00014468714835036357,-0.18000000000000002,0.18000000000000002,PASS,False
fast_01_to_00,prime,WL3,unselected_max_v,0.00014792362762669484,,0.18000000000000002,PASS,False
fast_01_to_00,test,DEC0,upper_excursion_v,1.7999931140697132,,1.9800000000000002,PASS,False
fast_01_to_00,test,DEC0,lower_excursion_v,-0.021529230310306492,-0.18000000000000002,,PASS,False
fast_01_to_00,test,DEC0,end_level_v,1.7999928297145815,1.62,1.9800000000000002,PASS,False
fast_01_to_00,test,DEC0,settled_min_v,1.7999887789680966,1.62,,PASS,False
fast_01_to_00,test,DEC1,upper_excursion_v,0.006516738876243158,,1.9800000000000002,PASS,False
fast_01_to_00,test,DEC1,lower_excursion_v,0.00011654482915018619,-0.18000000000000002,,PASS,False
fast_01_to_00,test,DEC1,end_level_v,0.00016795545421783873,-0.18000000000000002,0.18000000000000002,PASS,False
fast_01_to_00,test,DEC1,unselected_max_v,0.006516738876243158,,0.18000000000000002,PASS,False
fast_01_to_00,test,DEC2,upper_excursion_v,0.006506777979885591,,1.9800000000000002,PASS,False
fast_01_to_00,test,DEC2,lower_excursion_v,0.00012526804755712766,-0.18000000000000002,,PASS,False
fast_01_to_00,test,DEC2,end_level_v,0.0001290829099661263,-0.18000000000000002,0.18000000000000002,PASS,False
fast_01_to_00,test,DEC2,unselected_max_v,0.006506777979885591,,0.18000000000000002,PASS,False
fast_01_to_00,test,DEC3,upper_excursion_v,0.005750364429460404,,1.9800000000000002,PASS,False
fast_01_to_00,test,DEC3,lower_excursion_v,0.00011414178456155841,-0.18000000000000002,,PASS,False
fast_01_to_00,test,DEC3,end_level_v,0.0001183012708649506,-0.18000000000000002,0.18000000000000002,PASS,False
fast_01_to_00,test,DEC3,unselected_max_v,0.005750364429460404,,0.18000000000000002,PASS,False
fast_01_to_00,test,WL0,upper_excursion_v,1.7999992960664257,,1.9800000000000002,PASS,False
fast_01_to_00,test,WL0,lower_excursion_v,-0.02148027322757632,-0.18000000000000002,,PASS,False
fast_01_to_00,test,WL0,end_level_v,1.7999992960664228,1.62,1.9800000000000002,PASS,False
fast_01_to_00,test,WL0,settled_min_v,1.7995717667125015,1.62,,PASS,False
fast_01_to_00,test,WL1,upper_excursion_v,0.000148765722781191,,1.9800000000000002,PASS,False
fast_01_to_00,test,WL1,lower_excursion_v,0.00012622123130231263,-0.18000000000000002,,PASS,False
fast_01_to_00,test,WL1,end_level_v,0.00014468710246900326,-0.18000000000000002,0.18000000000000002,PASS,False
fast_01_to_00,test,WL1,unselected_max_v,0.000148765722781191,,0.18000000000000002,PASS,False
fast_01_to_00,test,WL2,upper_excursion_v,0.00014867389882773898,,1.9800000000000002,PASS,False
fast_01_to_00,test,WL2,lower_excursion_v,0.0001261357248911645,-0.18000000000000002,,PASS,False
fast_01_to_00,test,WL2,end_level_v,0.0001446871466554148,-0.18000000000000002,0.18000000000000002,PASS,False
fast_01_to_00,test,WL2,unselected_max_v,0.00014867389882773898,,0.18000000000000002,PASS,False
fast_01_to_00,test,WL3,upper_excursion_v,0.00014781454825620928,,1.9800000000000002,PASS,False
fast_01_to_00,test,WL3,lower_excursion_v,0.00013451103935789994,-0.18000000000000002,,PASS,False
fast_01_to_00,test,WL3,end_level_v,0.00014468714592388079,-0.18000000000000002,0.18000000000000002,PASS,False
fast_01_to_00,test,WL3,unselected_max_v,0.00014781454825620928,,0.18000000000000002,PASS,False
fast_01_to_00,recovery,DEC0,end_level_v,0.00023027341158229493,-0.18000000000000002,0.18000000000000002,PASS,False
fast_01_to_00,recovery,DEC0,settled_max_v,0.0007188812712502139,,0.18000000000000002,PASS,False
fast_01_to_00,recovery,DEC1,end_level_v,0.00023596915440811782,-0.18000000000000002,0.18000000000000002,PASS,False
fast_01_to_00,recovery,DEC1,settled_max_v,0.0005152689918485558,,0.18000000000000002,PASS,False
fast_01_to_00,recovery,DEC2,end_level_v,0.00023643819490309237,-0.18000000000000002,0.18000000000000002,PASS,False
fast_01_to_00,recovery,DEC2,settled_max_v,0.0006703189919274506,,0.18000000000000002,PASS,False
fast_01_to_00,recovery,DEC3,end_level_v,0.00023644620530826477,-0.18000000000000002,0.18000000000000002,PASS,False
fast_01_to_00,recovery,DEC3,settled_max_v,0.0004285871845004425,,0.18000000000000002,PASS,False
fast_01_to_00,recovery,WL0,end_level_v,0.0001446872111892551,-0.18000000000000002,0.18000000000000002,PASS,False
fast_01_to_00,recovery,WL0,settled_max_v,0.000145748772188264,,0.18000000000000002,PASS,False
fast_01_to_00,recovery,WL1,end_level_v,0.00014468723156565584,-0.18000000000000002,0.18000000000000002,PASS,False
fast_01_to_00,recovery,WL1,settled_max_v,0.00014548931438736442,,0.18000000000000002,PASS,False
fast_01_to_00,recovery,WL2,end_level_v,0.00014468720364349666,-0.18000000000000002,0.18000000000000002,PASS,False
fast_01_to_00,recovery,WL2,settled_max_v,0.0001458263960486916,,0.18000000000000002,PASS,False
fast_01_to_00,recovery,WL3,end_level_v,0.000144687188802983,-0.18000000000000002,0.18000000000000002,PASS,False
fast_01_to_00,recovery,WL3,settled_max_v,0.0001453323895946519,,0.18000000000000002,PASS,False
fast_01_to_00,recovery,N0,end_level_v,1.7998886084946946,1.62,1.9800000000000002,PASS,False
fast_01_to_00,recovery,N1,end_level_v,1.799358279766816,1.62,1.9800000000000002,PASS,False
fast_01_to_00,recovery,N2,end_level_v,1.800024535127859,1.62,1.9800000000000002,PASS,False
fast_01_to_00,recovery,N3,end_level_v,1.7999884290426045,1.62,1.9800000000000002,PASS,False
fast_01_to_00,final_precharge,DEC0,settled_max_v,0.0003056908269007191,,0.18000000000000002,PASS,False
fast_01_to_00,final_precharge,DEC0,settled_min_v,0.00023221781162574326,-0.18000000000000002,,PASS,False
fast_01_to_00,final_precharge,DEC1,settled_max_v,0.00024269150301350852,,0.18000000000000002,PASS,False
fast_01_to_00,final_precharge,DEC1,settled_min_v,0.00023206890231077882,-0.18000000000000002,,PASS,False
fast_01_to_00,final_precharge,DEC2,settled_max_v,0.00024433240193920755,,0.18000000000000002,PASS,False
fast_01_to_00,final_precharge,DEC2,settled_min_v,0.00023465592883708752,-0.18000000000000002,,PASS,False
fast_01_to_00,final_precharge,DEC3,settled_max_v,0.0002432208585544671,,0.18000000000000002,PASS,False
fast_01_to_00,final_precharge,DEC3,settled_min_v,0.0002352758006277456,-0.18000000000000002,,PASS,False
fast_01_to_00,final_precharge,WL0,settled_max_v,0.00014469883833986597,,0.18000000000000002,PASS,False
fast_01_to_00,final_precharge,WL0,settled_min_v,0.0001446871658786425,-0.18000000000000002,,PASS,False
fast_01_to_00,final_precharge,WL1,settled_max_v,0.00014468778046736278,,0.18000000000000002,PASS,False
fast_01_to_00,final_precharge,WL1,settled_min_v,0.00014468715831553346,-0.18000000000000002,,PASS,False
fast_01_to_00,final_precharge,WL2,settled_max_v,0.00014468757892983046,,0.18000000000000002,PASS,False
fast_01_to_00,final_precharge,WL2,settled_min_v,0.00014468715844437126,-0.18000000000000002,,PASS,False
fast_01_to_00,final_precharge,WL3,settled_max_v,0.00014468760041696284,,0.18000000000000002,PASS,False
fast_01_to_00,final_precharge,WL3,settled_min_v,0.00014468715776253595,-0.18000000000000002,,PASS,False
fast_01_to_00,final_precharge,N0,end_level_v,1.7988309014866162,1.62,1.9800000000000002,PASS,False
fast_01_to_00,final_precharge,N1,end_level_v,1.7999386381184435,1.62,1.9800000000000002,PASS,False
fast_01_to_00,final_precharge,N2,end_level_v,1.7999961770078543,1.62,1.9800000000000002,PASS,False
fast_01_to_00,final_precharge,N3,end_level_v,1.7999837837085533,1.62,1.9800000000000002,PASS,False
fast_01_to_00,pex_recovery,N0.N0.t1,dynamic_segment_level_v,1.7998964096308436,1.62,1.9800000000000002,PASS,False
fast_01_to_00,pex_final_precharge,N0.N0.t1,dynamic_segment_level_v,1.7989191878790527,1.62,1.9800000000000002,PASS,False
fast_01_to_00,pex_recovery,N0.N0.t3,dynamic_segment_level_v,1.7998886084946946,1.62,1.9800000000000002,PASS,False
fast_01_to_00,pex_final_precharge,N0.N0.t3,dynamic_segment_level_v,1.7988309014866162,1.62,1.9800000000000002,PASS,False
fast_01_to_00,pex_recovery,N0.N0.n1,dynamic_segment_level_v,1.7998886323531949,1.62,1.9800000000000002,PASS,False
fast_01_to_00,pex_final_precharge,N0.N0.n1,dynamic_segment_level_v,1.7988311663015684,1.62,1.9800000000000002,PASS,False
fast_01_to_00,pex_recovery,N0.N0.n0,dynamic_segment_level_v,1.7998884896202034,1.62,1.9800000000000002,PASS,False
fast_01_to_00,pex_final_precharge,N0.N0.n0,dynamic_segment_level_v,1.7988311589290749,1.62,1.9800000000000002,PASS,False
fast_01_to_00,pex_recovery,N0.N0.t0,dynamic_segment_level_v,1.799888226205648,1.62,1.9800000000000002,PASS,False
fast_01_to_00,pex_final_precharge,N0.N0.t0,dynamic_segment_level_v,1.7988114829695085,1.62,1.9800000000000002,PASS,False
fast_01_to_00,pex_recovery,N0.N0,dynamic_segment_level_v,1.7998886084946946,1.62,1.9800000000000002,PASS,False
fast_01_to_00,pex_final_precharge,N0.N0,dynamic_segment_level_v,1.7988309014866162,1.62,1.9800000000000002,PASS,False
fast_01_to_00,pex_recovery,N0.N0.t2,dynamic_segment_level_v,1.7998885964246096,1.62,1.9800000000000002,PASS,False
fast_01_to_00,pex_final_precharge,N0.N0.t2,dynamic_segment_level_v,1.7988309227764108,1.62,1.9800000000000002,PASS,False
fast_01_to_00,pex_recovery,N1.N1,dynamic_segment_level_v,1.799358279766816,1.62,1.9800000000000002,PASS,False
fast_01_to_00,pex_final_precharge,N1.N1,dynamic_segment_level_v,1.7999386381184435,1.62,1.9800000000000002,PASS,False
fast_01_to_00,pex_recovery,N1.N1.n0,dynamic_segment_level_v,1.7993586833507225,1.62,1.9800000000000002,PASS,False
fast_01_to_00,pex_final_precharge,N1.N1.n0,dynamic_segment_level_v,1.7999386411609728,1.62,1.9800000000000002,PASS,False
fast_01_to_00,pex_recovery,N1.N1.t1,dynamic_segment_level_v,1.799406244143923,1.62,1.9800000000000002,PASS,False
fast_01_to_00,pex_final_precharge,N1.N1.t1,dynamic_segment_level_v,1.7999422524038815,1.62,1.9800000000000002,PASS,False
fast_01_to_00,pex_recovery,N1.N1.t2,dynamic_segment_level_v,1.7993583110661704,1.62,1.9800000000000002,PASS,False
fast_01_to_00,pex_final_precharge,N1.N1.t2,dynamic_segment_level_v,1.7999386379470024,1.62,1.9800000000000002,PASS,False
fast_01_to_00,pex_recovery,N1.N1.n1,dynamic_segment_level_v,1.799358655984724,1.62,1.9800000000000002,PASS,False
fast_01_to_00,pex_final_precharge,N1.N1.n1,dynamic_segment_level_v,1.7999386277296785,1.62,1.9800000000000002,PASS,False
fast_01_to_00,pex_recovery,N1.N1.t0,dynamic_segment_level_v,1.799347701935639,1.62,1.9800000000000002,PASS,False
fast_01_to_00,pex_final_precharge,N1.N1.t0,dynamic_segment_level_v,1.799937690002698,1.62,1.9800000000000002,PASS,False
fast_01_to_00,pex_recovery,N1.N1.t3,dynamic_segment_level_v,1.799358279766816,1.62,1.9800000000000002,PASS,False
fast_01_to_00,pex_final_precharge,N1.N1.t3,dynamic_segment_level_v,1.7999386381184435,1.62,1.9800000000000002,PASS,False
fast_01_to_00,pex_recovery,N2.N2.t3,dynamic_segment_level_v,1.800024535127859,1.62,1.9800000000000002,PASS,False
fast_01_to_00,pex_final_precharge,N2.N2.t3,dynamic_segment_level_v,1.7999961770078543,1.62,1.9800000000000002,PASS,False
fast_01_to_00,pex_recovery,N2.N2.t2,dynamic_segment_level_v,1.800024529304549,1.62,1.9800000000000002,PASS,False
fast_01_to_00,pex_final_precharge,N2.N2.t2,dynamic_segment_level_v,1.799996176375661,1.62,1.9800000000000002,PASS,False
fast_01_to_00,pex_recovery,N2.N2.n0,dynamic_segment_level_v,1.8000244967212775,1.62,1.9800000000000002,PASS,False
fast_01_to_00,pex_final_precharge,N2.N2.n0,dynamic_segment_level_v,1.7999961748013915,1.62,1.9800000000000002,PASS,False
fast_01_to_00,pex_recovery,N2.N2.t0,dynamic_segment_level_v,1.800024421073412,1.62,1.9800000000000002,PASS,False
fast_01_to_00,pex_final_precharge,N2.N2.t0,dynamic_segment_level_v,1.7999961491479537,1.62,1.9800000000000002,PASS,False
fast_01_to_00,pex_recovery,N2.N2,dynamic_segment_level_v,1.800024535127859,1.62,1.9800000000000002,PASS,False
fast_01_to_00,pex_final_precharge,N2.N2,dynamic_segment_level_v,1.7999961770078543,1.62,1.9800000000000002,PASS,False
fast_01_to_00,pex_recovery,N2.N2.t1,dynamic_segment_level_v,1.8000212749781002,1.62,1.9800000000000002,PASS,False
fast_01_to_00,pex_final_precharge,N2.N2.t1,dynamic_segment_level_v,1.7999951495256856,1.62,1.9800000000000002,PASS,False
fast_01_to_00,pex_recovery,N2.N2.n1,dynamic_segment_level_v,1.800024420664827,1.62,1.9800000000000002,PASS,False
fast_01_to_00,pex_final_precharge,N2.N2.n1,dynamic_segment_level_v,1.7999961505167137,1.62,1.9800000000000002,PASS,False
fast_01_to_00,pex_recovery,N3.N3,dynamic_segment_level_v,1.7999884290426045,1.62,1.9800000000000002,PASS,False
fast_01_to_00,pex_final_precharge,N3.N3,dynamic_segment_level_v,1.7999837837085533,1.62,1.9800000000000002,PASS,False
fast_01_to_00,pex_recovery,N3.N3.n0,dynamic_segment_level_v,1.7999884231091083,1.62,1.9800000000000002,PASS,False
fast_01_to_00,pex_final_precharge,N3.N3.n0,dynamic_segment_level_v,1.7999837838354322,1.62,1.9800000000000002,PASS,False
fast_01_to_00,pex_recovery,N3.N3.t2,dynamic_segment_level_v,1.7999884263831571,1.62,1.9800000000000002,PASS,False
fast_01_to_00,pex_final_precharge,N3.N3.t2,dynamic_segment_level_v,1.7999837833099732,1.62,1.9800000000000002,PASS,False
fast_01_to_00,pex_recovery,N3.N3.t3,dynamic_segment_level_v,1.7999884290426045,1.62,1.9800000000000002,PASS,False
fast_01_to_00,pex_final_precharge,N3.N3.t3,dynamic_segment_level_v,1.7999837837085533,1.62,1.9800000000000002,PASS,False
fast_01_to_00,pex_recovery,N3.N3.n1,dynamic_segment_level_v,1.7999884098508556,1.62,1.9800000000000002,PASS,False
fast_01_to_00,pex_final_precharge,N3.N3.n1,dynamic_segment_level_v,1.799983779178662,1.62,1.9800000000000002,PASS,False
fast_01_to_00,pex_recovery,N3.N3.t1,dynamic_segment_level_v,1.7999878683279995,1.62,1.9800000000000002,PASS,False
fast_01_to_00,pex_final_precharge,N3.N3.t1,dynamic_segment_level_v,1.7999835926833525,1.62,1.9800000000000002,PASS,False
fast_01_to_00,pex_recovery,N3.N3.t0,dynamic_segment_level_v,1.799988408282711,1.62,1.9800000000000002,PASS,False
fast_01_to_00,pex_final_precharge,N3.N3.t0,dynamic_segment_level_v,1.7999837776742709,1.62,1.9800000000000002,PASS,False
fast_01_to_01,prime,DEC0,upper_excursion_v,0.00532309215080665,,1.9800000000000002,PASS,False
fast_01_to_01,prime,DEC0,lower_excursion_v,0.00011492947628167172,-0.18000000000000002,,PASS,False
fast_01_to_01,prime,DEC0,end_level_v,0.00011839998052523664,-0.18000000000000002,0.18000000000000002,PASS,False
fast_01_to_01,prime,DEC0,unselected_max_v,0.00532309215080665,,0.18000000000000002,PASS,False
fast_01_to_01,prime,DEC1,upper_excursion_v,1.799992300428123,,1.9800000000000002,PASS,False
fast_01_to_01,prime,DEC1,lower_excursion_v,-0.02013263590353278,-0.18000000000000002,,PASS,False
fast_01_to_01,prime,DEC1,end_level_v,1.7999921791829623,1.62,1.9800000000000002,PASS,False
fast_01_to_01,prime,DEC1,settled_min_v,1.7999897582393298,1.62,,PASS,False
fast_01_to_01,prime,DEC2,upper_excursion_v,0.00650571938584506,,1.9800000000000002,PASS,False
fast_01_to_01,prime,DEC2,lower_excursion_v,0.00010949400505292201,-0.18000000000000002,,PASS,False
fast_01_to_01,prime,DEC2,end_level_v,0.00011345513723717557,-0.18000000000000002,0.18000000000000002,PASS,False
fast_01_to_01,prime,DEC2,unselected_max_v,0.00650571938584506,,0.18000000000000002,PASS,False
fast_01_to_01,prime,DEC3,upper_excursion_v,0.005746770563164283,,1.9800000000000002,PASS,False
fast_01_to_01,prime,DEC3,lower_excursion_v,0.00013952894488704782,-0.18000000000000002,,PASS,False
fast_01_to_01,prime,DEC3,end_level_v,0.00014261319962693845,-0.18000000000000002,0.18000000000000002,PASS,False
fast_01_to_01,prime,DEC3,unselected_max_v,0.005746770563164283,,0.18000000000000002,PASS,False
fast_01_to_01,prime,WL0,upper_excursion_v,0.00014808393075770078,,1.9800000000000002,PASS,False
fast_01_to_01,prime,WL0,lower_excursion_v,0.00012599969025128884,-0.18000000000000002,,PASS,False
fast_01_to_01,prime,WL0,end_level_v,0.00014468714697851544,-0.18000000000000002,0.18000000000000002,PASS,False
fast_01_to_01,prime,WL0,unselected_max_v,0.00014808393075770078,,0.18000000000000002,PASS,False
fast_01_to_01,prime,WL1,upper_excursion_v,1.7999992960662694,,1.9800000000000002,PASS,False
fast_01_to_01,prime,WL1,lower_excursion_v,-0.021474140792831616,-0.18000000000000002,,PASS,False
fast_01_to_01,prime,WL1,end_level_v,1.7999992960662692,1.62,1.9800000000000002,PASS,False
fast_01_to_01,prime,WL1,settled_min_v,1.799479899691353,1.62,,PASS,False
fast_01_to_01,prime,WL2,upper_excursion_v,0.00014870325039940588,,1.9800000000000002,PASS,False
fast_01_to_01,prime,WL2,lower_excursion_v,0.00012562211386404386,-0.18000000000000002,,PASS,False
fast_01_to_01,prime,WL2,end_level_v,0.0001446871463220095,-0.18000000000000002,0.18000000000000002,PASS,False
fast_01_to_01,prime,WL2,unselected_max_v,0.00014870325039940588,,0.18000000000000002,PASS,False
fast_01_to_01,prime,WL3,upper_excursion_v,0.00014792362762669484,,1.9800000000000002,PASS,False
fast_01_to_01,prime,WL3,lower_excursion_v,0.00013317547623594553,-0.18000000000000002,,PASS,False
fast_01_to_01,prime,WL3,end_level_v,0.00014468714835036357,-0.18000000000000002,0.18000000000000002,PASS,False
fast_01_to_01,prime,WL3,unselected_max_v,0.00014792362762669484,,0.18000000000000002,PASS,False
fast_01_to_01,test,DEC0,upper_excursion_v,0.005327624608563091,,1.9800000000000002,PASS,False
fast_01_to_01,test,DEC0,lower_excursion_v,0.00011344662206796986,-0.18000000000000002,,PASS,False
fast_01_to_01,test,DEC0,end_level_v,0.00011698757144870297,-0.18000000000000002,0.18000000000000002,PASS,False
fast_01_to_01,test,DEC0,unselected_max_v,0.005327624608563091,,0.18000000000000002,PASS,False
fast_01_to_01,test,DEC1,upper_excursion_v,1.7999924603097157,,1.9800000000000002,PASS,False
fast_01_to_01,test,DEC1,lower_excursion_v,-0.020197225540154705,-0.18000000000000002,,PASS,False
fast_01_to_01,test,DEC1,end_level_v,1.7999923330565746,1.62,1.9800000000000002,PASS,False
fast_01_to_01,test,DEC1,settled_min_v,1.7999902472976304,1.62,,PASS,False
fast_01_to_01,test,DEC2,upper_excursion_v,0.006496516891904854,,1.9800000000000002,PASS,False
fast_01_to_01,test,DEC2,lower_excursion_v,0.00010694907892775899,-0.18000000000000002,,PASS,False
fast_01_to_01,test,DEC2,end_level_v,0.00011102552570375329,-0.18000000000000002,0.18000000000000002,PASS,False
fast_01_to_01,test,DEC2,unselected_max_v,0.006496516891904854,,0.18000000000000002,PASS,False
fast_01_to_01,test,DEC3,upper_excursion_v,0.005604164433135132,,1.9800000000000002,PASS,False
fast_01_to_01,test,DEC3,lower_excursion_v,0.00013297982362355616,-0.18000000000000002,,PASS,False
fast_01_to_01,test,DEC3,end_level_v,0.00013630260899234487,-0.18000000000000002,0.18000000000000002,PASS,False
fast_01_to_01,test,DEC3,unselected_max_v,0.005604164433135132,,0.18000000000000002,PASS,False
fast_01_to_01,test,WL0,upper_excursion_v,0.00014806912082211885,,1.9800000000000002,PASS,False
fast_01_to_01,test,WL0,lower_excursion_v,0.00012707426130840297,-0.18000000000000002,,PASS,False
fast_01_to_01,test,WL0,end_level_v,0.0001446871468645411,-0.18000000000000002,0.18000000000000002,PASS,False
fast_01_to_01,test,WL0,unselected_max_v,0.00014806912082211885,,0.18000000000000002,PASS,False
fast_01_to_01,test,WL1,upper_excursion_v,1.7999992960662694,,1.9800000000000002,PASS,False
fast_01_to_01,test,WL1,lower_excursion_v,-0.02146895942092606,-0.18000000000000002,,PASS,False
fast_01_to_01,test,WL1,end_level_v,1.7999992960662687,1.62,1.9800000000000002,PASS,False
fast_01_to_01,test,WL1,settled_min_v,1.7995639291724193,1.62,,PASS,False
fast_01_to_01,test,WL2,upper_excursion_v,0.0001486469250837493,,1.9800000000000002,PASS,False
fast_01_to_01,test,WL2,lower_excursion_v,0.0001267709368230587,-0.18000000000000002,,PASS,False
fast_01_to_01,test,WL2,end_level_v,0.00014468714612021088,-0.18000000000000002,0.18000000000000002,PASS,False
fast_01_to_01,test,WL2,unselected_max_v,0.0001486469250837493,,0.18000000000000002,PASS,False
fast_01_to_01,test,WL3,upper_excursion_v,0.0001478202286866804,,1.9800000000000002,PASS,False
fast_01_to_01,test,WL3,lower_excursion_v,0.00013275404778258332,-0.18000000000000002,,PASS,False
fast_01_to_01,test,WL3,end_level_v,0.00014468714785607112,-0.18000000000000002,0.18000000000000002,PASS,False
fast_01_to_01,test,WL3,unselected_max_v,0.0001478202286866804,,0.18000000000000002,PASS,False
fast_01_to_01,recovery,DEC0,end_level_v,0.00022771934460540195,-0.18000000000000002,0.18000000000000002,PASS,False
fast_01_to_01,recovery,DEC0,settled_max_v,0.0002389269580073685,,0.18000000000000002,PASS,False
fast_01_to_01,recovery,DEC1,end_level_v,0.0002322114132464385,-0.18000000000000002,0.18000000000000002,PASS,False
fast_01_to_01,recovery,DEC1,settled_max_v,0.00031134817124732597,,0.18000000000000002,PASS,False
fast_01_to_01,recovery,DEC2,end_level_v,0.00023347427581013022,-0.18000000000000002,0.18000000000000002,PASS,False
fast_01_to_01,recovery,DEC2,settled_max_v,0.00024686422850896,,0.18000000000000002,PASS,False
fast_01_to_01,recovery,DEC3,end_level_v,0.00023428273366889985,-0.18000000000000002,0.18000000000000002,PASS,False
fast_01_to_01,recovery,DEC3,settled_max_v,0.00024429427669666963,,0.18000000000000002,PASS,False
fast_01_to_01,recovery,WL0,end_level_v,0.00014468715591732867,-0.18000000000000002,0.18000000000000002,PASS,False
fast_01_to_01,recovery,WL0,settled_max_v,0.00014468777463715402,,0.18000000000000002,PASS,False
fast_01_to_01,recovery,WL1,end_level_v,0.00014468715735603598,-0.18000000000000002,0.18000000000000002,PASS,False
fast_01_to_01,recovery,WL1,settled_max_v,0.00014469849269901995,,0.18000000000000002,PASS,False
fast_01_to_01,recovery,WL2,end_level_v,0.00014468715614692387,-0.18000000000000002,0.18000000000000002,PASS,False
fast_01_to_01,recovery,WL2,settled_max_v,0.00014468789177363137,,0.18000000000000002,PASS,False
fast_01_to_01,recovery,WL3,end_level_v,0.00014468715601425466,-0.18000000000000002,0.18000000000000002,PASS,False
fast_01_to_01,recovery,WL3,settled_max_v,0.0001446877083593128,,0.18000000000000002,PASS,False
fast_01_to_01,recovery,N0,end_level_v,1.7999922324217419,1.62,1.9800000000000002,PASS,False
fast_01_to_01,recovery,N1,end_level_v,1.799456518457028,1.62,1.9800000000000002,PASS,False
fast_01_to_01,recovery,N2,end_level_v,1.7999860419947504,1.62,1.9800000000000002,PASS,False
fast_01_to_01,recovery,N3,end_level_v,1.7999871379883665,1.62,1.9800000000000002,PASS,False
fast_01_to_01,final_precharge,DEC0,settled_max_v,0.00023892726451601372,,0.18000000000000002,PASS,False
fast_01_to_01,final_precharge,DEC0,settled_min_v,0.00022841946085823105,-0.18000000000000002,,PASS,False
fast_01_to_01,final_precharge,DEC1,settled_max_v,0.00031135149350678304,,0.18000000000000002,PASS,False
fast_01_to_01,final_precharge,DEC1,settled_min_v,0.00023501717115578975,-0.18000000000000002,,PASS,False
fast_01_to_01,final_precharge,DEC2,settled_max_v,0.000246864627412672,,0.18000000000000002,PASS,False
fast_01_to_01,final_precharge,DEC2,settled_min_v,0.00023434101731219717,-0.18000000000000002,,PASS,False
fast_01_to_01,final_precharge,DEC3,settled_max_v,0.00024429457987216443,,0.18000000000000002,PASS,False
fast_01_to_01,final_precharge,DEC3,settled_min_v,0.00023493244390968959,-0.18000000000000002,,PASS,False
fast_01_to_01,final_precharge,WL0,settled_max_v,0.0001446877746605352,,0.18000000000000002,PASS,False
fast_01_to_01,final_precharge,WL0,settled_min_v,0.00014468715798965316,-0.18000000000000002,,PASS,False
fast_01_to_01,final_precharge,WL1,settled_max_v,0.0001446984936587791,,0.18000000000000002,PASS,False
fast_01_to_01,final_precharge,WL1,settled_min_v,0.00014468716658282496,-0.18000000000000002,,PASS,False
fast_01_to_01,final_precharge,WL2,settled_max_v,0.0001446878918200778,,0.18000000000000002,PASS,False
fast_01_to_01,final_precharge,WL2,settled_min_v,0.00014468715872004587,-0.18000000000000002,,PASS,False
fast_01_to_01,final_precharge,WL3,settled_max_v,0.0001446877083846777,,0.18000000000000002,PASS,False
fast_01_to_01,final_precharge,WL3,settled_min_v,0.00014468715794909034,-0.18000000000000002,,PASS,False
fast_01_to_01,final_precharge,N0,end_level_v,1.7999928328811936,1.62,1.9800000000000002,PASS,False
fast_01_to_01,final_precharge,N1,end_level_v,1.7988129074130619,1.62,1.9800000000000002,PASS,False
fast_01_to_01,final_precharge,N2,end_level_v,1.799987394959194,1.62,1.9800000000000002,PASS,False
fast_01_to_01,final_precharge,N3,end_level_v,1.7999916687216977,1.62,1.9800000000000002,PASS,False
fast_01_to_01,pex_recovery,N0.N0.t1,dynamic_segment_level_v,1.7999921614168903,1.62,1.9800000000000002,PASS,False
fast_01_to_01,pex_final_precharge,N0.N0.t1,dynamic_segment_level_v,1.7999926478119157,1.62,1.9800000000000002,PASS,False
fast_01_to_01,pex_recovery,N0.N0.t3,dynamic_segment_level_v,1.7999922324217419,1.62,1.9800000000000002,PASS,False
fast_01_to_01,pex_final_precharge,N0.N0.t3,dynamic_segment_level_v,1.7999928328811936,1.62,1.9800000000000002,PASS,False
fast_01_to_01,pex_recovery,N0.N0.n1,dynamic_segment_level_v,1.7999922306320406,1.62,1.9800000000000002,PASS,False
fast_01_to_01,pex_final_precharge,N0.N0.n1,dynamic_segment_level_v,1.7999928277811386,1.62,1.9800000000000002,PASS,False
fast_01_to_01,pex_recovery,N0.N0.n0,dynamic_segment_level_v,1.7999922329232452,1.62,1.9800000000000002,PASS,False
fast_01_to_01,pex_final_precharge,N0.N0.n0,dynamic_segment_level_v,1.7999928328243613,1.62,1.9800000000000002,PASS,False
fast_01_to_01,pex_recovery,N0.N0.t0,dynamic_segment_level_v,1.7999922248349478,1.62,1.9800000000000002,PASS,False
fast_01_to_01,pex_final_precharge,N0.N0.t0,dynamic_segment_level_v,1.7999928212278093,1.62,1.9800000000000002,PASS,False
fast_01_to_01,pex_recovery,N0.N0,dynamic_segment_level_v,1.7999922324217419,1.62,1.9800000000000002,PASS,False
fast_01_to_01,pex_final_precharge,N0.N0,dynamic_segment_level_v,1.7999928328811936,1.62,1.9800000000000002,PASS,False
fast_01_to_01,pex_recovery,N0.N0.t2,dynamic_segment_level_v,1.7999922324216144,1.62,1.9800000000000002,PASS,False
fast_01_to_01,pex_final_precharge,N0.N0.t2,dynamic_segment_level_v,1.7999928323351109,1.62,1.9800000000000002,PASS,False
fast_01_to_01,pex_recovery,N1.N1,dynamic_segment_level_v,1.799456518457028,1.62,1.9800000000000002,PASS,False
fast_01_to_01,pex_final_precharge,N1.N1,dynamic_segment_level_v,1.7988129074130619,1.62,1.9800000000000002,PASS,False
fast_01_to_01,pex_recovery,N1.N1.n0,dynamic_segment_level_v,1.7994565753532696,1.62,1.9800000000000002,PASS,False
fast_01_to_01,pex_final_precharge,N1.N1.n0,dynamic_segment_level_v,1.7988131703759078,1.62,1.9800000000000002,PASS,False
fast_01_to_01,pex_recovery,N1.N1.t1,dynamic_segment_level_v,1.7994969100261147,1.62,1.9800000000000002,PASS,False
fast_01_to_01,pex_final_precharge,N1.N1.t1,dynamic_segment_level_v,1.7989022442653724,1.62,1.9800000000000002,PASS,False
fast_01_to_01,pex_recovery,N1.N1.t2,dynamic_segment_level_v,1.7994565231758533,1.62,1.9800000000000002,PASS,False
fast_01_to_01,pex_final_precharge,N1.N1.t2,dynamic_segment_level_v,1.7988129289380368,1.62,1.9800000000000002,PASS,False
fast_01_to_01,pex_recovery,N1.N1.n1,dynamic_segment_level_v,1.7994565699004088,1.62,1.9800000000000002,PASS,False
fast_01_to_01,pex_final_precharge,N1.N1.n1,dynamic_segment_level_v,1.7988131730463517,1.62,1.9800000000000002,PASS,False
fast_01_to_01,pex_recovery,N1.N1.t0,dynamic_segment_level_v,1.7994474717187585,1.62,1.9800000000000002,PASS,False
fast_01_to_01,pex_final_precharge,N1.N1.t0,dynamic_segment_level_v,1.7987932103000204,1.62,1.9800000000000002,PASS,False
fast_01_to_01,pex_recovery,N1.N1.t3,dynamic_segment_level_v,1.799456518457028,1.62,1.9800000000000002,PASS,False
fast_01_to_01,pex_final_precharge,N1.N1.t3,dynamic_segment_level_v,1.7988129074130619,1.62,1.9800000000000002,PASS,False
fast_01_to_01,pex_recovery,N2.N2.t3,dynamic_segment_level_v,1.7999860419947504,1.62,1.9800000000000002,PASS,False
fast_01_to_01,pex_final_precharge,N2.N2.t3,dynamic_segment_level_v,1.799987394959194,1.62,1.9800000000000002,PASS,False
fast_01_to_01,pex_recovery,N2.N2.t2,dynamic_segment_level_v,1.7999860419634865,1.62,1.9800000000000002,PASS,False
fast_01_to_01,pex_final_precharge,N2.N2.t2,dynamic_segment_level_v,1.799987394268424,1.62,1.9800000000000002,PASS,False
fast_01_to_01,pex_recovery,N2.N2.n0,dynamic_segment_level_v,1.7999860424176615,1.62,1.9800000000000002,PASS,False
fast_01_to_01,pex_final_precharge,N2.N2.n0,dynamic_segment_level_v,1.7999873945409712,1.62,1.9800000000000002,PASS,False
fast_01_to_01,pex_recovery,N2.N2.t0,dynamic_segment_level_v,1.7999860349621792,1.62,1.9800000000000002,PASS,False
fast_01_to_01,pex_final_precharge,N2.N2.t0,dynamic_segment_level_v,1.7999873817703498,1.62,1.9800000000000002,PASS,False
fast_01_to_01,pex_recovery,N2.N2,dynamic_segment_level_v,1.7999860419947504,1.62,1.9800000000000002,PASS,False
fast_01_to_01,pex_final_precharge,N2.N2,dynamic_segment_level_v,1.799987394959194,1.62,1.9800000000000002,PASS,False
fast_01_to_01,pex_recovery,N2.N2.t1,dynamic_segment_level_v,1.7999858758153715,1.62,1.9800000000000002,PASS,False
fast_01_to_01,pex_final_precharge,N2.N2.t1,dynamic_segment_level_v,1.7999870138926557,1.62,1.9800000000000002,PASS,False
fast_01_to_01,pex_recovery,N2.N2.n1,dynamic_segment_level_v,1.7999860381613872,1.62,1.9800000000000002,PASS,False
fast_01_to_01,pex_final_precharge,N2.N2.n1,dynamic_segment_level_v,1.7999873852187653,1.62,1.9800000000000002,PASS,False
fast_01_to_01,pex_recovery,N3.N3,dynamic_segment_level_v,1.7999871379883665,1.62,1.9800000000000002,PASS,False
fast_01_to_01,pex_final_precharge,N3.N3,dynamic_segment_level_v,1.7999916687216977,1.62,1.9800000000000002,PASS,False
fast_01_to_01,pex_recovery,N3.N3.n0,dynamic_segment_level_v,1.7999871381309702,1.62,1.9800000000000002,PASS,False
fast_01_to_01,pex_final_precharge,N3.N3.n0,dynamic_segment_level_v,1.7999916670100709,1.62,1.9800000000000002,PASS,False
fast_01_to_01,pex_recovery,N3.N3.t2,dynamic_segment_level_v,1.7999871379396764,1.62,1.9800000000000002,PASS,False
fast_01_to_01,pex_final_precharge,N3.N3.t2,dynamic_segment_level_v,1.7999916679499481,1.62,1.9800000000000002,PASS,False
fast_01_to_01,pex_recovery,N3.N3.t3,dynamic_segment_level_v,1.7999871379883665,1.62,1.9800000000000002,PASS,False
fast_01_to_01,pex_final_precharge,N3.N3.t3,dynamic_segment_level_v,1.7999916687216977,1.62,1.9800000000000002,PASS,False
fast_01_to_01,pex_recovery,N3.N3.n1,dynamic_segment_level_v,1.7999871290305838,1.62,1.9800000000000002,PASS,False
fast_01_to_01,pex_final_precharge,N3.N3.n1,dynamic_segment_level_v,1.7999916470714945,1.62,1.9800000000000002,PASS,False
fast_01_to_01,pex_recovery,N3.N3.t1,dynamic_segment_level_v,1.7999867579899136,1.62,1.9800000000000002,PASS,False
fast_01_to_01,pex_final_precharge,N3.N3.t1,dynamic_segment_level_v,1.7999908265153248,1.62,1.9800000000000002,PASS,False
fast_01_to_01,pex_recovery,N3.N3.t0,dynamic_segment_level_v,1.7999871275643773,1.62,1.9800000000000002,PASS,False
fast_01_to_01,pex_final_precharge,N3.N3.t0,dynamic_segment_level_v,1.7999916456496623,1.62,1.9800000000000002,PASS,False
fast_01_to_10,prime,DEC0,upper_excursion_v,0.00532309215080665,,1.9800000000000002,PASS,False
fast_01_to_10,prime,DEC0,lower_excursion_v,0.00011492947628167172,-0.18000000000000002,,PASS,False
fast_01_to_10,prime,DEC0,end_level_v,0.00011839998052523664,-0.18000000000000002,0.18000000000000002,PASS,False
fast_01_to_10,prime,DEC0,unselected_max_v,0.00532309215080665,,0.18000000000000002,PASS,False
fast_01_to_10,prime,DEC1,upper_excursion_v,1.799992300428123,,1.9800000000000002,PASS,False
fast_01_to_10,prime,DEC1,lower_excursion_v,-0.02013263590353278,-0.18000000000000002,,PASS,False
fast_01_to_10,prime,DEC1,end_level_v,1.7999921791829623,1.62,1.9800000000000002,PASS,False
fast_01_to_10,prime,DEC1,settled_min_v,1.7999897582393298,1.62,,PASS,False
fast_01_to_10,prime,DEC2,upper_excursion_v,0.00650571938584506,,1.9800000000000002,PASS,False
fast_01_to_10,prime,DEC2,lower_excursion_v,0.00010949400505292201,-0.18000000000000002,,PASS,False
fast_01_to_10,prime,DEC2,end_level_v,0.00011345513723717557,-0.18000000000000002,0.18000000000000002,PASS,False
fast_01_to_10,prime,DEC2,unselected_max_v,0.00650571938584506,,0.18000000000000002,PASS,False
fast_01_to_10,prime,DEC3,upper_excursion_v,0.005746770563164283,,1.9800000000000002,PASS,False
fast_01_to_10,prime,DEC3,lower_excursion_v,0.00013952894488704782,-0.18000000000000002,,PASS,False
fast_01_to_10,prime,DEC3,end_level_v,0.00014261319962693845,-0.18000000000000002,0.18000000000000002,PASS,False
fast_01_to_10,prime,DEC3,unselected_max_v,0.005746770563164283,,0.18000000000000002,PASS,False
fast_01_to_10,prime,WL0,upper_excursion_v,0.00014808393075770078,,1.9800000000000002,PASS,False
fast_01_to_10,prime,WL0,lower_excursion_v,0.00012599969025128884,-0.18000000000000002,,PASS,False
fast_01_to_10,prime,WL0,end_level_v,0.00014468714697851544,-0.18000000000000002,0.18000000000000002,PASS,False
fast_01_to_10,prime,WL0,unselected_max_v,0.00014808393075770078,,0.18000000000000002,PASS,False
fast_01_to_10,prime,WL1,upper_excursion_v,1.7999992960662694,,1.9800000000000002,PASS,False
fast_01_to_10,prime,WL1,lower_excursion_v,-0.021474140792831616,-0.18000000000000002,,PASS,False
fast_01_to_10,prime,WL1,end_level_v,1.7999992960662692,1.62,1.9800000000000002,PASS,False
fast_01_to_10,prime,WL1,settled_min_v,1.799479899691353,1.62,,PASS,False
fast_01_to_10,prime,WL2,upper_excursion_v,0.00014870325039940588,,1.9800000000000002,PASS,False
fast_01_to_10,prime,WL2,lower_excursion_v,0.00012562211386404386,-0.18000000000000002,,PASS,False
fast_01_to_10,prime,WL2,end_level_v,0.0001446871463220095,-0.18000000000000002,0.18000000000000002,PASS,False
fast_01_to_10,prime,WL2,unselected_max_v,0.00014870325039940588,,0.18000000000000002,PASS,False
fast_01_to_10,prime,WL3,upper_excursion_v,0.00014792362762669484,,1.9800000000000002,PASS,False
fast_01_to_10,prime,WL3,lower_excursion_v,0.00013317547623594553,-0.18000000000000002,,PASS,False
fast_01_to_10,prime,WL3,end_level_v,0.00014468714835036357,-0.18000000000000002,0.18000000000000002,PASS,False
fast_01_to_10,prime,WL3,unselected_max_v,0.00014792362762669484,,0.18000000000000002,PASS,False
fast_01_to_10,test,DEC0,upper_excursion_v,0.0052524857426514025,,1.9800000000000002,PASS,False
fast_01_to_10,test,DEC0,lower_excursion_v,0.0001349330823709458,-0.18000000000000002,,PASS,False
fast_01_to_10,test,DEC0,end_level_v,0.00013813758849964478,-0.18000000000000002,0.18000000000000002,PASS,False
fast_01_to_10,test,DEC0,unselected_max_v,0.0052524857426514025,,0.18000000000000002,PASS,False
fast_01_to_10,test,DEC1,upper_excursion_v,0.006412062305767947,,1.9800000000000002,PASS,False
fast_01_to_10,test,DEC1,lower_excursion_v,0.00011143058868959915,-0.18000000000000002,,PASS,False
fast_01_to_10,test,DEC1,end_level_v,0.00011553934601340408,-0.18000000000000002,0.18000000000000002,PASS,False
fast_01_to_10,test,DEC1,unselected_max_v,0.006412062305767947,,0.18000000000000002,PASS,False
fast_01_to_10,test,DEC2,upper_excursion_v,1.7999903329144764,,1.9800000000000002,PASS,False
fast_01_to_10,test,DEC2,lower_excursion_v,-0.018426070121941886,-0.18000000000000002,,PASS,False
fast_01_to_10,test,DEC2,end_level_v,1.79998978660902,1.62,1.9800000000000002,PASS,False
fast_01_to_10,test,DEC2,settled_min_v,1.7999875170569692,1.62,,PASS,False
fast_01_to_10,test,DEC3,upper_excursion_v,0.005728041077507259,,1.9800000000000002,PASS,False
fast_01_to_10,test,DEC3,lower_excursion_v,0.00011767413854624122,-0.18000000000000002,,PASS,False
fast_01_to_10,test,DEC3,end_level_v,0.00017551336475858222,-0.18000000000000002,0.18000000000000002,PASS,False
fast_01_to_10,test,DEC3,unselected_max_v,0.005728041077507259,,0.18000000000000002,PASS,False
fast_01_to_10,test,WL0,upper_excursion_v,0.00014795554845124613,,1.9800000000000002,PASS,False
fast_01_to_10,test,WL0,lower_excursion_v,0.00012613817047647956,-0.18000000000000002,,PASS,False
fast_01_to_10,test,WL0,end_level_v,0.00014468714792311636,-0.18000000000000002,0.18000000000000002,PASS,False
fast_01_to_10,test,WL0,unselected_max_v,0.00014795554845124613,,0.18000000000000002,PASS,False
fast_01_to_10,test,WL1,upper_excursion_v,0.00014866240126209815,,1.9800000000000002,PASS,False
fast_01_to_10,test,WL1,lower_excursion_v,0.00012636332791693186,-0.18000000000000002,,PASS,False
fast_01_to_10,test,WL1,end_level_v,0.00014468714605466327,-0.18000000000000002,0.18000000000000002,PASS,False
fast_01_to_10,test,WL1,unselected_max_v,0.00014866240126209815,,0.18000000000000002,PASS,False
fast_01_to_10,test,WL2,upper_excursion_v,1.7999992960666122,,1.9800000000000002,PASS,False
fast_01_to_10,test,WL2,lower_excursion_v,-0.02143692130996917,-0.18000000000000002,,PASS,False
fast_01_to_10,test,WL2,end_level_v,1.7999992960665772,1.62,1.9800000000000002,PASS,False
fast_01_to_10,test,WL2,settled_min_v,1.7995319580528861,1.62,,PASS,False
fast_01_to_10,test,WL3,upper_excursion_v,0.00014782715280554933,,1.9800000000000002,PASS,False
fast_01_to_10,test,WL3,lower_excursion_v,0.00013436432509747744,-0.18000000000000002,,PASS,False
fast_01_to_10,test,WL3,end_level_v,0.00014468710038884769,-0.18000000000000002,0.18000000000000002,PASS,False
fast_01_to_10,test,WL3,unselected_max_v,0.00014782715280554933,,0.18000000000000002,PASS,False
fast_01_to_10,recovery,DEC0,end_level_v,0.0002289246660723273,-0.18000000000000002,0.18000000000000002,PASS,False
fast_01_to_10,recovery,DEC0,settled_max_v,0.0014535826245221676,,0.18000000000000002,PASS,False
fast_01_to_10,recovery,DEC1,end_level_v,0.00023211832342435207,-0.18000000000000002,0.18000000000000002,PASS,False
fast_01_to_10,recovery,DEC1,settled_max_v,0.0013564199084689105,,0.18000000000000002,PASS,False
fast_01_to_10,recovery,DEC2,end_level_v,0.00023730481070108567,-0.18000000000000002,0.18000000000000002,PASS,False
fast_01_to_10,recovery,DEC2,settled_max_v,0.001796575980182817,,0.18000000000000002,PASS,False
fast_01_to_10,recovery,DEC3,end_level_v,0.00023810273206448094,-0.18000000000000002,0.18000000000000002,PASS,False
fast_01_to_10,recovery,DEC3,settled_max_v,0.0015765464929971618,,0.18000000000000002,PASS,False
fast_01_to_10,recovery,WL0,end_level_v,0.0001446871712019172,-0.18000000000000002,0.18000000000000002,PASS,False
fast_01_to_10,recovery,WL0,settled_max_v,0.0001458443863891416,,0.18000000000000002,PASS,False
fast_01_to_10,recovery,WL1,end_level_v,0.0001446871713545094,-0.18000000000000002,0.18000000000000002,PASS,False
fast_01_to_10,recovery,WL1,settled_max_v,0.00014602680843130126,,0.18000000000000002,PASS,False
fast_01_to_10,recovery,WL2,end_level_v,0.00014468719122866792,-0.18000000000000002,0.18000000000000002,PASS,False
fast_01_to_10,recovery,WL2,settled_max_v,0.0001478008404430321,,0.18000000000000002,PASS,False
fast_01_to_10,recovery,WL3,end_level_v,0.00014468720875461023,-0.18000000000000002,0.18000000000000002,PASS,False
fast_01_to_10,recovery,WL3,settled_max_v,0.00014615038206497908,,0.18000000000000002,PASS,False
fast_01_to_10,recovery,N0,end_level_v,1.7999582347924161,1.62,1.9800000000000002,PASS,False
fast_01_to_10,recovery,N1,end_level_v,1.7999955217551844,1.62,1.9800000000000002,PASS,False
fast_01_to_10,recovery,N2,end_level_v,1.7993374514313558,1.62,1.9800000000000002,PASS,False
fast_01_to_10,recovery,N3,end_level_v,1.7993020343915431,1.62,1.9800000000000002,PASS,False
fast_01_to_10,final_precharge,DEC0,settled_max_v,0.00023720105088963873,,0.18000000000000002,PASS,False
fast_01_to_10,final_precharge,DEC0,settled_min_v,0.00022813299298743152,-0.18000000000000002,,PASS,False
fast_01_to_10,final_precharge,DEC1,settled_max_v,0.00024277586497529417,,0.18000000000000002,PASS,False
fast_01_to_10,final_precharge,DEC1,settled_min_v,0.0002312863134020974,-0.18000000000000002,,PASS,False
fast_01_to_10,final_precharge,DEC2,settled_max_v,0.00032119082432603566,,0.18000000000000002,PASS,False
fast_01_to_10,final_precharge,DEC2,settled_min_v,0.00023751976098978605,-0.18000000000000002,,PASS,False
fast_01_to_10,final_precharge,DEC3,settled_max_v,0.00024506964781141724,,0.18000000000000002,PASS,False
fast_01_to_10,final_precharge,DEC3,settled_min_v,0.00023480619160298776,-0.18000000000000002,,PASS,False
fast_01_to_10,final_precharge,WL0,settled_max_v,0.00014468760599336736,,0.18000000000000002,PASS,False
fast_01_to_10,final_precharge,WL0,settled_min_v,0.00014468715790081664,-0.18000000000000002,,PASS,False
fast_01_to_10,final_precharge,WL1,settled_max_v,0.00014468786647052533,,0.18000000000000002,PASS,False
fast_01_to_10,final_precharge,WL1,settled_min_v,0.00014468715832219512,-0.18000000000000002,,PASS,False
fast_01_to_10,final_precharge,WL2,settled_max_v,0.00014469899655776718,,0.18000000000000002,PASS,False
fast_01_to_10,final_precharge,WL2,settled_min_v,0.00014468716686476084,-0.18000000000000002,,PASS,False
fast_01_to_10,final_precharge,WL3,settled_max_v,0.0001446879254859131,,0.18000000000000002,PASS,False
fast_01_to_10,final_precharge,WL3,settled_min_v,0.00014468715797378822,-0.18000000000000002,,PASS,False
fast_01_to_10,final_precharge,N0,end_level_v,1.800001670538971,1.62,1.9800000000000002,PASS,False
fast_01_to_10,final_precharge,N1,end_level_v,1.7999915381652714,1.62,1.9800000000000002,PASS,False
fast_01_to_10,final_precharge,N2,end_level_v,1.7988093424871947,1.62,1.9800000000000002,PASS,False
fast_01_to_10,final_precharge,N3,end_level_v,1.7999292225343673,1.62,1.9800000000000002,PASS,False
fast_01_to_10,pex_recovery,N0.N0.t1,dynamic_segment_level_v,1.799960754711474,1.62,1.9800000000000002,PASS,False
fast_01_to_10,pex_final_precharge,N0.N0.t1,dynamic_segment_level_v,1.8000008107207934,1.62,1.9800000000000002,PASS,False
fast_01_to_10,pex_recovery,N0.N0.t3,dynamic_segment_level_v,1.7999582347924161,1.62,1.9800000000000002,PASS,False
fast_01_to_10,pex_final_precharge,N0.N0.t3,dynamic_segment_level_v,1.800001670538971,1.62,1.9800000000000002,PASS,False
fast_01_to_10,pex_recovery,N0.N0.n1,dynamic_segment_level_v,1.7999583093873386,1.62,1.9800000000000002,PASS,False
fast_01_to_10,pex_final_precharge,N0.N0.n1,dynamic_segment_level_v,1.8000016482637622,1.62,1.9800000000000002,PASS,False
fast_01_to_10,pex_recovery,N0.N0.n0,dynamic_segment_level_v,1.7999582505497533,1.62,1.9800000000000002,PASS,False
fast_01_to_10,pex_final_precharge,N0.N0.n0,dynamic_segment_level_v,1.8000016686152802,1.62,1.9800000000000002,PASS,False
fast_01_to_10,pex_recovery,N0.N0.t0,dynamic_segment_level_v,1.7999583074126202,1.62,1.9800000000000002,PASS,False
fast_01_to_10,pex_final_precharge,N0.N0.t0,dynamic_segment_level_v,1.8000016468267757,1.62,1.9800000000000002,PASS,False
fast_01_to_10,pex_recovery,N0.N0,dynamic_segment_level_v,1.7999582347924161,1.62,1.9800000000000002,PASS,False
fast_01_to_10,pex_final_precharge,N0.N0,dynamic_segment_level_v,1.800001670538971,1.62,1.9800000000000002,PASS,False
fast_01_to_10,pex_recovery,N0.N0.t2,dynamic_segment_level_v,1.799958234295724,1.62,1.9800000000000002,PASS,False
fast_01_to_10,pex_final_precharge,N0.N0.t2,dynamic_segment_level_v,1.8000016698226613,1.62,1.9800000000000002,PASS,False
fast_01_to_10,pex_recovery,N1.N1,dynamic_segment_level_v,1.7999955217551844,1.62,1.9800000000000002,PASS,False
fast_01_to_10,pex_final_precharge,N1.N1,dynamic_segment_level_v,1.7999915381652714,1.62,1.9800000000000002,PASS,False
fast_01_to_10,pex_recovery,N1.N1.n0,dynamic_segment_level_v,1.7999955174963873,1.62,1.9800000000000002,PASS,False
fast_01_to_10,pex_final_precharge,N1.N1.n0,dynamic_segment_level_v,1.799991537450305,1.62,1.9800000000000002,PASS,False
fast_01_to_10,pex_recovery,N1.N1.t1,dynamic_segment_level_v,1.7999947587548524,1.62,1.9800000000000002,PASS,False
fast_01_to_10,pex_final_precharge,N1.N1.t1,dynamic_segment_level_v,1.7999911015974885,1.62,1.9800000000000002,PASS,False
fast_01_to_10,pex_recovery,N1.N1.t2,dynamic_segment_level_v,1.7999955188284682,1.62,1.9800000000000002,PASS,False
fast_01_to_10,pex_final_precharge,N1.N1.t2,dynamic_segment_level_v,1.7999915373200674,1.62,1.9800000000000002,PASS,False
fast_01_to_10,pex_recovery,N1.N1.n1,dynamic_segment_level_v,1.799995499533071,1.62,1.9800000000000002,PASS,False
fast_01_to_10,pex_final_precharge,N1.N1.n1,dynamic_segment_level_v,1.7999915270307472,1.62,1.9800000000000002,PASS,False
fast_01_to_10,pex_recovery,N1.N1.t0,dynamic_segment_level_v,1.7999954987209565,1.62,1.9800000000000002,PASS,False
fast_01_to_10,pex_final_precharge,N1.N1.t0,dynamic_segment_level_v,1.799991525520585,1.62,1.9800000000000002,PASS,False
fast_01_to_10,pex_recovery,N1.N1.t3,dynamic_segment_level_v,1.7999955217551844,1.62,1.9800000000000002,PASS,False
fast_01_to_10,pex_final_precharge,N1.N1.t3,dynamic_segment_level_v,1.7999915381652714,1.62,1.9800000000000002,PASS,False
fast_01_to_10,pex_recovery,N2.N2.t3,dynamic_segment_level_v,1.7993374514313558,1.62,1.9800000000000002,PASS,False
fast_01_to_10,pex_final_precharge,N2.N2.t3,dynamic_segment_level_v,1.7988093424871947,1.62,1.9800000000000002,PASS,False
fast_01_to_10,pex_recovery,N2.N2.t2,dynamic_segment_level_v,1.799337471244905,1.62,1.9800000000000002,PASS,False
fast_01_to_10,pex_final_precharge,N2.N2.t2,dynamic_segment_level_v,1.798809363745633,1.62,1.9800000000000002,PASS,False
fast_01_to_10,pex_recovery,N2.N2.n0,dynamic_segment_level_v,1.7993377290620471,1.62,1.9800000000000002,PASS,False
fast_01_to_10,pex_final_precharge,N2.N2.n0,dynamic_segment_level_v,1.7988096059566372,1.62,1.9800000000000002,PASS,False
fast_01_to_10,pex_recovery,N2.N2.t0,dynamic_segment_level_v,1.799326629283786,1.62,1.9800000000000002,PASS,False
fast_01_to_10,pex_final_precharge,N2.N2.t0,dynamic_segment_level_v,1.798789674433276,1.62,1.9800000000000002,PASS,False
fast_01_to_10,pex_recovery,N2.N2,dynamic_segment_level_v,1.7993374514313558,1.62,1.9800000000000002,PASS,False
fast_01_to_10,pex_final_precharge,N2.N2,dynamic_segment_level_v,1.7988093424871947,1.62,1.9800000000000002,PASS,False
fast_01_to_10,pex_recovery,N2.N2.t1,dynamic_segment_level_v,1.799386536591163,1.62,1.9800000000000002,PASS,False
fast_01_to_10,pex_final_precharge,N2.N2.t1,dynamic_segment_level_v,1.7988986000710319,1.62,1.9800000000000002,PASS,False
fast_01_to_10,pex_recovery,N2.N2.n1,dynamic_segment_level_v,1.7993377160726998,1.62,1.9800000000000002,PASS,False
fast_01_to_10,pex_final_precharge,N2.N2.n1,dynamic_segment_level_v,1.7988096096512198,1.62,1.9800000000000002,PASS,False
fast_01_to_10,pex_recovery,N3.N3,dynamic_segment_level_v,1.7993020343915431,1.62,1.9800000000000002,PASS,False
fast_01_to_10,pex_final_precharge,N3.N3,dynamic_segment_level_v,1.7999292225343673,1.62,1.9800000000000002,PASS,False
fast_01_to_10,pex_recovery,N3.N3.n0,dynamic_segment_level_v,1.7993024958300128,1.62,1.9800000000000002,PASS,False
fast_01_to_10,pex_final_precharge,N3.N3.n0,dynamic_segment_level_v,1.7999292261754862,1.62,1.9800000000000002,PASS,False
fast_01_to_10,pex_recovery,N3.N3.t2,dynamic_segment_level_v,1.7993020694843582,1.62,1.9800000000000002,PASS,False
fast_01_to_10,pex_final_precharge,N3.N3.t2,dynamic_segment_level_v,1.7999292219324756,1.62,1.9800000000000002,PASS,False
fast_01_to_10,pex_recovery,N3.N3.t3,dynamic_segment_level_v,1.7993020343915431,1.62,1.9800000000000002,PASS,False
fast_01_to_10,pex_final_precharge,N3.N3.t3,dynamic_segment_level_v,1.7999292225343673,1.62,1.9800000000000002,PASS,False
fast_01_to_10,pex_recovery,N3.N3.n1,dynamic_segment_level_v,1.7993024945068297,1.62,1.9800000000000002,PASS,False
fast_01_to_10,pex_final_precharge,N3.N3.n1,dynamic_segment_level_v,1.7999292183673319,1.62,1.9800000000000002,PASS,False
fast_01_to_10,pex_recovery,N3.N3.t1,dynamic_segment_level_v,1.7993537590412996,1.62,1.9800000000000002,PASS,False
fast_01_to_10,pex_final_precharge,N3.N3.t1,dynamic_segment_level_v,1.7999330408808523,1.62,1.9800000000000002,PASS,False
fast_01_to_10,pex_recovery,N3.N3.t0,dynamic_segment_level_v,1.7992909537599024,1.62,1.9800000000000002,PASS,False
fast_01_to_10,pex_final_precharge,N3.N3.t0,dynamic_segment_level_v,1.7999282885458459,1.62,1.9800000000000002,PASS,False
fast_01_to_11,prime,DEC0,upper_excursion_v,0.00532309215080665,,1.9800000000000002,PASS,False
fast_01_to_11,prime,DEC0,lower_excursion_v,0.00011492947628167172,-0.18000000000000002,,PASS,False
fast_01_to_11,prime,DEC0,end_level_v,0.00011839998052523664,-0.18000000000000002,0.18000000000000002,PASS,False
fast_01_to_11,prime,DEC0,unselected_max_v,0.00532309215080665,,0.18000000000000002,PASS,False
fast_01_to_11,prime,DEC1,upper_excursion_v,1.799992300428123,,1.9800000000000002,PASS,False
fast_01_to_11,prime,DEC1,lower_excursion_v,-0.02013263590353278,-0.18000000000000002,,PASS,False
fast_01_to_11,prime,DEC1,end_level_v,1.7999921791829623,1.62,1.9800000000000002,PASS,False
fast_01_to_11,prime,DEC1,settled_min_v,1.7999897582393298,1.62,,PASS,False
fast_01_to_11,prime,DEC2,upper_excursion_v,0.00650571938584506,,1.9800000000000002,PASS,False
fast_01_to_11,prime,DEC2,lower_excursion_v,0.00010949400505292201,-0.18000000000000002,,PASS,False
fast_01_to_11,prime,DEC2,end_level_v,0.00011345513723717557,-0.18000000000000002,0.18000000000000002,PASS,False
fast_01_to_11,prime,DEC2,unselected_max_v,0.00650571938584506,,0.18000000000000002,PASS,False
fast_01_to_11,prime,DEC3,upper_excursion_v,0.005746770563164283,,1.9800000000000002,PASS,False
fast_01_to_11,prime,DEC3,lower_excursion_v,0.00013952894488704782,-0.18000000000000002,,PASS,False
fast_01_to_11,prime,DEC3,end_level_v,0.00014261319962693845,-0.18000000000000002,0.18000000000000002,PASS,False
fast_01_to_11,prime,DEC3,unselected_max_v,0.005746770563164283,,0.18000000000000002,PASS,False
fast_01_to_11,prime,WL0,upper_excursion_v,0.00014808393075770078,,1.9800000000000002,PASS,False
fast_01_to_11,prime,WL0,lower_excursion_v,0.00012599969025128884,-0.18000000000000002,,PASS,False
fast_01_to_11,prime,WL0,end_level_v,0.00014468714697851544,-0.18000000000000002,0.18000000000000002,PASS,False
fast_01_to_11,prime,WL0,unselected_max_v,0.00014808393075770078,,0.18000000000000002,PASS,False
fast_01_to_11,prime,WL1,upper_excursion_v,1.7999992960662694,,1.9800000000000002,PASS,False
fast_01_to_11,prime,WL1,lower_excursion_v,-0.021474140792831616,-0.18000000000000002,,PASS,False
fast_01_to_11,prime,WL1,end_level_v,1.7999992960662692,1.62,1.9800000000000002,PASS,False
fast_01_to_11,prime,WL1,settled_min_v,1.799479899691353,1.62,,PASS,False
fast_01_to_11,prime,WL2,upper_excursion_v,0.00014870325039940588,,1.9800000000000002,PASS,False
fast_01_to_11,prime,WL2,lower_excursion_v,0.00012562211386404386,-0.18000000000000002,,PASS,False
fast_01_to_11,prime,WL2,end_level_v,0.0001446871463220095,-0.18000000000000002,0.18000000000000002,PASS,False
fast_01_to_11,prime,WL2,unselected_max_v,0.00014870325039940588,,0.18000000000000002,PASS,False
fast_01_to_11,prime,WL3,upper_excursion_v,0.00014792362762669484,,1.9800000000000002,PASS,False
fast_01_to_11,prime,WL3,lower_excursion_v,0.00013317547623594553,-0.18000000000000002,,PASS,False
fast_01_to_11,prime,WL3,end_level_v,0.00014468714835036357,-0.18000000000000002,0.18000000000000002,PASS,False
fast_01_to_11,prime,WL3,unselected_max_v,0.00014792362762669484,,0.18000000000000002,PASS,False
fast_01_to_11,test,DEC0,upper_excursion_v,0.005231536390607495,,1.9800000000000002,PASS,False
fast_01_to_11,test,DEC0,lower_excursion_v,0.00010496778350965173,-0.18000000000000002,,PASS,False
fast_01_to_11,test,DEC0,end_level_v,0.00010968384718789053,-0.18000000000000002,0.18000000000000002,PASS,False
fast_01_to_11,test,DEC0,unselected_max_v,0.005231536390607495,,0.18000000000000002,PASS,False
fast_01_to_11,test,DEC1,upper_excursion_v,0.006371588451688465,,1.9800000000000002,PASS,False
fast_01_to_11,test,DEC1,lower_excursion_v,0.00012945944101726801,-0.18000000000000002,,PASS,False
fast_01_to_11,test,DEC1,end_level_v,0.00013360139832867095,-0.18000000000000002,0.18000000000000002,PASS,False
fast_01_to_11,test,DEC1,unselected_max_v,0.006371588451688465,,0.18000000000000002,PASS,False
fast_01_to_11,test,DEC2,upper_excursion_v,0.006483209256366162,,1.9800000000000002,PASS,False
fast_01_to_11,test,DEC2,lower_excursion_v,0.00010445955657332857,-0.18000000000000002,,PASS,False
fast_01_to_11,test,DEC2,end_level_v,0.00016435158137175697,-0.18000000000000002,0.18000000000000002,PASS,False
fast_01_to_11,test,DEC2,unselected_max_v,0.006483209256366162,,0.18000000000000002,PASS,False
fast_01_to_11,test,DEC3,upper_excursion_v,1.7999906078390158,,1.9800000000000002,PASS,False
fast_01_to_11,test,DEC3,lower_excursion_v,-0.0201860754943253,-0.18000000000000002,,PASS,False
fast_01_to_11,test,DEC3,end_level_v,1.7999899491820033,1.62,1.9800000000000002,PASS,False
fast_01_to_11,test,DEC3,settled_min_v,1.7999899491820033,1.62,,PASS,False
fast_01_to_11,test,WL0,upper_excursion_v,0.00014789380104365612,,1.9800000000000002,PASS,False
fast_01_to_11,test,WL0,lower_excursion_v,0.00012738121844590037,-0.18000000000000002,,PASS,False
fast_01_to_11,test,WL0,end_level_v,0.0001446871459149191,-0.18000000000000002,0.18000000000000002,PASS,False
fast_01_to_11,test,WL0,unselected_max_v,0.00014789380104365612,,0.18000000000000002,PASS,False
fast_01_to_11,test,WL1,upper_excursion_v,0.00014862899345378014,,1.9800000000000002,PASS,False
fast_01_to_11,test,WL1,lower_excursion_v,0.00012498985234573936,-0.18000000000000002,,PASS,False
fast_01_to_11,test,WL1,end_level_v,0.00014468714731380908,-0.18000000000000002,0.18000000000000002,PASS,False
fast_01_to_11,test,WL1,unselected_max_v,0.00014862899345378014,,0.18000000000000002,PASS,False
fast_01_to_11,test,WL2,upper_excursion_v,0.00014862288420510714,,1.9800000000000002,PASS,False
fast_01_to_11,test,WL2,lower_excursion_v,0.00012661742402805308,-0.18000000000000002,,PASS,False
fast_01_to_11,test,WL2,end_level_v,0.00014468710288334264,-0.18000000000000002,0.18000000000000002,PASS,False
fast_01_to_11,test,WL2,unselected_max_v,0.00014862288420510714,,0.18000000000000002,PASS,False
fast_01_to_11,test,WL3,upper_excursion_v,1.799999296066598,,1.9800000000000002,PASS,False
fast_01_to_11,test,WL3,lower_excursion_v,-0.021541260818453895,-0.18000000000000002,,PASS,False
fast_01_to_11,test,WL3,end_level_v,1.799999296066552,1.62,1.9800000000000002,PASS,False
fast_01_to_11,test,WL3,settled_min_v,1.7995624956684482,1.62,,PASS,False
fast_01_to_11,recovery,DEC0,end_level_v,0.00022730950878956351,-0.18000000000000002,0.18000000000000002,PASS,False
fast_01_to_11,recovery,DEC0,settled_max_v,0.0011704529262963157,,0.18000000000000002,PASS,False
fast_01_to_11,recovery,DEC1,end_level_v,0.0002303853132413908,-0.18000000000000002,0.18000000000000002,PASS,False
fast_01_to_11,recovery,DEC1,settled_max_v,0.00125405037782933,,0.18000000000000002,PASS,False
fast_01_to_11,recovery,DEC2,end_level_v,0.00023576440046255468,-0.18000000000000002,0.18000000000000002,PASS,False
fast_01_to_11,recovery,DEC2,settled_max_v,0.0015108154449164904,,0.18000000000000002,PASS,False
fast_01_to_11,recovery,DEC3,end_level_v,0.0002343217992168443,-0.18000000000000002,0.18000000000000002,PASS,False
fast_01_to_11,recovery,DEC3,settled_max_v,0.001446237088596646,,0.18000000000000002,PASS,False
fast_01_to_11,recovery,WL0,end_level_v,0.00014468715755894008,-0.18000000000000002,0.18000000000000002,PASS,False
fast_01_to_11,recovery,WL0,settled_max_v,0.00014621906672530733,,0.18000000000000002,PASS,False
fast_01_to_11,recovery,WL1,end_level_v,0.00014468715825970095,-0.18000000000000002,0.18000000000000002,PASS,False
fast_01_to_11,recovery,WL1,settled_max_v,0.0001462036879442403,,0.18000000000000002,PASS,False
fast_01_to_11,recovery,WL2,end_level_v,0.00014468719770194808,-0.18000000000000002,0.18000000000000002,PASS,False
fast_01_to_11,recovery,WL2,settled_max_v,0.00014906136761123413,,0.18000000000000002,PASS,False
fast_01_to_11,recovery,WL3,end_level_v,0.00014468715864881422,-0.18000000000000002,0.18000000000000002,PASS,False
fast_01_to_11,recovery,WL3,settled_max_v,0.00014569468386985571,,0.18000000000000002,PASS,False
fast_01_to_11,recovery,N0,end_level_v,1.7999926395221255,1.62,1.9800000000000002,PASS,False
fast_01_to_11,recovery,N1,end_level_v,1.7999997441618656,1.62,1.9800000000000002,PASS,False
fast_01_to_11,recovery,N2,end_level_v,1.7992911618742573,1.62,1.9800000000000002,PASS,False
fast_01_to_11,recovery,N3,end_level_v,1.799744381889324,1.62,1.9800000000000002,PASS,False
fast_01_to_11,final_precharge,DEC0,settled_max_v,0.00023870377289910205,,0.18000000000000002,PASS,False
fast_01_to_11,final_precharge,DEC0,settled_min_v,0.00022778346510752515,-0.18000000000000002,,PASS,False
fast_01_to_11,final_precharge,DEC1,settled_max_v,0.00024296485995969495,,0.18000000000000002,PASS,False
fast_01_to_11,final_precharge,DEC1,settled_min_v,0.00023091474081072226,-0.18000000000000002,,PASS,False
fast_01_to_11,final_precharge,DEC2,settled_max_v,0.00024834450135020463,,0.18000000000000002,PASS,False
fast_01_to_11,final_precharge,DEC2,settled_min_v,0.0002338850758119584,-0.18000000000000002,,PASS,False
fast_01_to_11,final_precharge,DEC3,settled_max_v,0.0003202216743743358,,0.18000000000000002,PASS,False
fast_01_to_11,final_precharge,DEC3,settled_min_v,0.00023786565001550916,-0.18000000000000002,,PASS,False
fast_01_to_11,final_precharge,WL0,settled_max_v,0.0001446877857883122,,0.18000000000000002,PASS,False
fast_01_to_11,final_precharge,WL0,settled_min_v,0.00014468715803485897,-0.18000000000000002,,PASS,False
fast_01_to_11,final_precharge,WL1,settled_max_v,0.00014468785214733846,,0.18000000000000002,PASS,False
fast_01_to_11,final_precharge,WL1,settled_min_v,0.00014468715839171135,-0.18000000000000002,,PASS,False
fast_01_to_11,final_precharge,WL2,settled_max_v,0.00014468811044523794,,0.18000000000000002,PASS,False
fast_01_to_11,final_precharge,WL2,settled_min_v,0.00014468715891832108,-0.18000000000000002,,PASS,False
fast_01_to_11,final_precharge,WL3,settled_max_v,0.0001446983821606327,,0.18000000000000002,PASS,False
fast_01_to_11,final_precharge,WL3,settled_min_v,0.000144687166561595,-0.18000000000000002,,PASS,False
fast_01_to_11,final_precharge,N0,end_level_v,1.799993731173632,1.62,1.9800000000000002,PASS,False
fast_01_to_11,final_precharge,N1,end_level_v,1.8000004627972208,1.62,1.9800000000000002,PASS,False
fast_01_to_11,final_precharge,N2,end_level_v,1.7999328087574082,1.62,1.9800000000000002,PASS,False
fast_01_to_11,final_precharge,N3,end_level_v,1.798790419758364,1.62,1.9800000000000002,PASS,False
fast_01_to_11,pex_recovery,N0.N0.t1,dynamic_segment_level_v,1.7999925455388965,1.62,1.9800000000000002,PASS,False
fast_01_to_11,pex_final_precharge,N0.N0.t1,dynamic_segment_level_v,1.7999935229025092,1.62,1.9800000000000002,PASS,False
fast_01_to_11,pex_recovery,N0.N0.t3,dynamic_segment_level_v,1.7999926395221255,1.62,1.9800000000000002,PASS,False
fast_01_to_11,pex_final_precharge,N0.N0.t3,dynamic_segment_level_v,1.799993731173632,1.62,1.9800000000000002,PASS,False
fast_01_to_11,pex_recovery,N0.N0.n1,dynamic_segment_level_v,1.7999926378581421,1.62,1.9800000000000002,PASS,False
fast_01_to_11,pex_final_precharge,N0.N0.n1,dynamic_segment_level_v,1.7999937260225858,1.62,1.9800000000000002,PASS,False
fast_01_to_11,pex_recovery,N0.N0.n0,dynamic_segment_level_v,1.7999926402639346,1.62,1.9800000000000002,PASS,False
fast_01_to_11,pex_final_precharge,N0.N0.n0,dynamic_segment_level_v,1.799993731084274,1.62,1.9800000000000002,PASS,False
fast_01_to_11,pex_recovery,N0.N0.t0,dynamic_segment_level_v,1.799992636126882,1.62,1.9800000000000002,PASS,False
fast_01_to_11,pex_final_precharge,N0.N0.t0,dynamic_segment_level_v,1.7999937244890267,1.62,1.9800000000000002,PASS,False
fast_01_to_11,pex_recovery,N0.N0,dynamic_segment_level_v,1.7999926395221255,1.62,1.9800000000000002,PASS,False
fast_01_to_11,pex_final_precharge,N0.N0,dynamic_segment_level_v,1.799993731173632,1.62,1.9800000000000002,PASS,False
fast_01_to_11,pex_recovery,N0.N0.t2,dynamic_segment_level_v,1.7999926388358278,1.62,1.9800000000000002,PASS,False
fast_01_to_11,pex_final_precharge,N0.N0.t2,dynamic_segment_level_v,1.7999937306076728,1.62,1.9800000000000002,PASS,False
fast_01_to_11,pex_recovery,N1.N1,dynamic_segment_level_v,1.7999997441618656,1.62,1.9800000000000002,PASS,False
fast_01_to_11,pex_final_precharge,N1.N1,dynamic_segment_level_v,1.8000004627972208,1.62,1.9800000000000002,PASS,False
fast_01_to_11,pex_recovery,N1.N1.n0,dynamic_segment_level_v,1.7999997385040378,1.62,1.9800000000000002,PASS,False
fast_01_to_11,pex_final_precharge,N1.N1.n0,dynamic_segment_level_v,1.800000460173114,1.62,1.9800000000000002,PASS,False
fast_01_to_11,pex_recovery,N1.N1.t1,dynamic_segment_level_v,1.799998748676171,1.62,1.9800000000000002,PASS,False
fast_01_to_11,pex_final_precharge,N1.N1.t1,dynamic_segment_level_v,1.7999993635822276,1.62,1.9800000000000002,PASS,False
fast_01_to_11,pex_recovery,N1.N1.t2,dynamic_segment_level_v,1.7999997425969034,1.62,1.9800000000000002,PASS,False
fast_01_to_11,pex_final_precharge,N1.N1.t2,dynamic_segment_level_v,1.8000004617731111,1.62,1.9800000000000002,PASS,False
fast_01_to_11,pex_recovery,N1.N1.n1,dynamic_segment_level_v,1.799999715025344,1.62,1.9800000000000002,PASS,False
fast_01_to_11,pex_final_precharge,N1.N1.n1,dynamic_segment_level_v,1.8000004342048213,1.62,1.9800000000000002,PASS,False
fast_01_to_11,pex_recovery,N1.N1.t0,dynamic_segment_level_v,1.7999997136371326,1.62,1.9800000000000002,PASS,False
fast_01_to_11,pex_final_precharge,N1.N1.t0,dynamic_segment_level_v,1.800000432799714,1.62,1.9800000000000002,PASS,False
fast_01_to_11,pex_recovery,N1.N1.t3,dynamic_segment_level_v,1.7999997441618656,1.62,1.9800000000000002,PASS,False
fast_01_to_11,pex_final_precharge,N1.N1.t3,dynamic_segment_level_v,1.8000004627972208,1.62,1.9800000000000002,PASS,False
fast_01_to_11,pex_recovery,N2.N2.t3,dynamic_segment_level_v,1.7992911618742573,1.62,1.9800000000000002,PASS,False
fast_01_to_11,pex_final_precharge,N2.N2.t3,dynamic_segment_level_v,1.7999328087574082,1.62,1.9800000000000002,PASS,False
fast_01_to_11,pex_recovery,N2.N2.t2,dynamic_segment_level_v,1.7992912002320434,1.62,1.9800000000000002,PASS,False
fast_01_to_11,pex_final_precharge,N2.N2.t2,dynamic_segment_level_v,1.7999328079049892,1.62,1.9800000000000002,PASS,False
fast_01_to_11,pex_recovery,N2.N2.n0,dynamic_segment_level_v,1.7992916366449236,1.62,1.9800000000000002,PASS,False
fast_01_to_11,pex_final_precharge,N2.N2.n0,dynamic_segment_level_v,1.799932811810466,1.62,1.9800000000000002,PASS,False
fast_01_to_11,pex_recovery,N2.N2.t0,dynamic_segment_level_v,1.7992798806676173,1.62,1.9800000000000002,PASS,False
fast_01_to_11,pex_final_precharge,N2.N2.t0,dynamic_segment_level_v,1.7999318494022414,1.62,1.9800000000000002,PASS,False
fast_01_to_11,pex_recovery,N2.N2,dynamic_segment_level_v,1.7992911618742573,1.62,1.9800000000000002,PASS,False
fast_01_to_11,pex_final_precharge,N2.N2,dynamic_segment_level_v,1.7999328087574082,1.62,1.9800000000000002,PASS,False
fast_01_to_11,pex_recovery,N2.N2.t1,dynamic_segment_level_v,1.7993440247834258,1.62,1.9800000000000002,PASS,False
fast_01_to_11,pex_final_precharge,N2.N2.t1,dynamic_segment_level_v,1.799936509971603,1.62,1.9800000000000002,PASS,False
fast_01_to_11,pex_recovery,N2.N2.n1,dynamic_segment_level_v,1.7992916390240914,1.62,1.9800000000000002,PASS,False
fast_01_to_11,pex_final_precharge,N2.N2.n1,dynamic_segment_level_v,1.799932799163779,1.62,1.9800000000000002,PASS,False
fast_01_to_11,pex_recovery,N3.N3,dynamic_segment_level_v,1.799744381889324,1.62,1.9800000000000002,PASS,False
fast_01_to_11,pex_final_precharge,N3.N3,dynamic_segment_level_v,1.798790419758364,1.62,1.9800000000000002,PASS,False
fast_01_to_11,pex_recovery,N3.N3.n0,dynamic_segment_level_v,1.7997442973906088,1.62,1.9800000000000002,PASS,False
fast_01_to_11,pex_final_precharge,N3.N3.n0,dynamic_segment_level_v,1.798790689178076,1.62,1.9800000000000002,PASS,False
fast_01_to_11,pex_recovery,N3.N3.t2,dynamic_segment_level_v,1.7997443735964778,1.62,1.9800000000000002,PASS,False
fast_01_to_11,pex_final_precharge,N3.N3.t2,dynamic_segment_level_v,1.798790441320945,1.62,1.9800000000000002,PASS,False
fast_01_to_11,pex_recovery,N3.N3.t3,dynamic_segment_level_v,1.799744381889324,1.62,1.9800000000000002,PASS,False
fast_01_to_11,pex_final_precharge,N3.N3.t3,dynamic_segment_level_v,1.798790419758364,1.62,1.9800000000000002,PASS,False
fast_01_to_11,pex_recovery,N3.N3.n1,dynamic_segment_level_v,1.7997443095861954,1.62,1.9800000000000002,PASS,False
fast_01_to_11,pex_final_precharge,N3.N3.n1,dynamic_segment_level_v,1.7987906977961257,1.62,1.9800000000000002,PASS,False
fast_01_to_11,pex_recovery,N3.N3.t1,dynamic_segment_level_v,1.7997623217761214,1.62,1.9800000000000002,PASS,False
fast_01_to_11,pex_final_precharge,N3.N3.t1,dynamic_segment_level_v,1.7988809491617253,1.62,1.9800000000000002,PASS,False
fast_01_to_11,pex_recovery,N3.N3.t0,dynamic_segment_level_v,1.7997403919164647,1.62,1.9800000000000002,PASS,False
fast_01_to_11,pex_final_precharge,N3.N3.t0,dynamic_segment_level_v,1.7987705251122565,1.62,1.9800000000000002,PASS,False
fast_10_to_00,prime,DEC0,upper_excursion_v,0.00524851771535626,,1.9800000000000002,PASS,False
fast_10_to_00,prime,DEC0,lower_excursion_v,0.0001316218544939502,-0.18000000000000002,,PASS,False
fast_10_to_00,prime,DEC0,end_level_v,0.00013457995221332123,-0.18000000000000002,0.18000000000000002,PASS,False
fast_10_to_00,prime,DEC0,unselected_max_v,0.00524851771535626,,0.18000000000000002,PASS,False
fast_10_to_00,prime,DEC1,upper_excursion_v,0.00640999475967129,,1.9800000000000002,PASS,False
fast_10_to_00,prime,DEC1,lower_excursion_v,0.00011356956941476161,-0.18000000000000002,,PASS,False
fast_10_to_00,prime,DEC1,end_level_v,0.00011709072161138644,-0.18000000000000002,0.18000000000000002,PASS,False
fast_10_to_00,prime,DEC1,unselected_max_v,0.00640999475967129,,0.18000000000000002,PASS,False
fast_10_to_00,prime,DEC2,upper_excursion_v,1.799991235079768,,1.9800000000000002,PASS,False
fast_10_to_00,prime,DEC2,lower_excursion_v,-0.020061069612654213,-0.18000000000000002,,PASS,False
fast_10_to_00,prime,DEC2,end_level_v,1.799991104967999,1.62,1.9800000000000002,PASS,False
fast_10_to_00,prime,DEC2,settled_min_v,1.7999880136309463,1.62,,PASS,False
fast_10_to_00,prime,DEC3,upper_excursion_v,0.005783510930049815,,1.9800000000000002,PASS,False
fast_10_to_00,prime,DEC3,lower_excursion_v,0.00012144660316702445,-0.18000000000000002,,PASS,False
fast_10_to_00,prime,DEC3,end_level_v,0.0001248152660400315,-0.18000000000000002,0.18000000000000002,PASS,False
fast_10_to_00,prime,DEC3,unselected_max_v,0.005783510930049815,,0.18000000000000002,PASS,False
fast_10_to_00,prime,WL0,upper_excursion_v,0.00014796341863486666,,1.9800000000000002,PASS,False
fast_10_to_00,prime,WL0,lower_excursion_v,0.00012578503277027608,-0.18000000000000002,,PASS,False
fast_10_to_00,prime,WL0,end_level_v,0.00014468714810033,-0.18000000000000002,0.18000000000000002,PASS,False
fast_10_to_00,prime,WL0,unselected_max_v,0.00014796341863486666,,0.18000000000000002,PASS,False
fast_10_to_00,prime,WL1,upper_excursion_v,0.00014869533281432058,,1.9800000000000002,PASS,False
fast_10_to_00,prime,WL1,lower_excursion_v,0.00012484345336676982,-0.18000000000000002,,PASS,False
fast_10_to_00,prime,WL1,end_level_v,0.00014468714681495996,-0.18000000000000002,0.18000000000000002,PASS,False
fast_10_to_00,prime,WL1,unselected_max_v,0.00014869533281432058,,0.18000000000000002,PASS,False
fast_10_to_00,prime,WL2,upper_excursion_v,1.7999992960662774,,1.9800000000000002,PASS,False
fast_10_to_00,prime,WL2,lower_excursion_v,-0.021450658440215965,-0.18000000000000002,,PASS,False
fast_10_to_00,prime,WL2,end_level_v,1.7999992960662774,1.62,1.9800000000000002,PASS,False
fast_10_to_00,prime,WL2,settled_min_v,1.7994741205018427,1.62,,PASS,False
fast_10_to_00,prime,WL3,upper_excursion_v,0.000147937060906922,,1.9800000000000002,PASS,False
fast_10_to_00,prime,WL3,lower_excursion_v,0.00013383413017907633,-0.18000000000000002,,PASS,False
fast_10_to_00,prime,WL3,end_level_v,0.0001446871471933119,-0.18000000000000002,0.18000000000000002,PASS,False
fast_10_to_00,prime,WL3,unselected_max_v,0.000147937060906922,,0.18000000000000002,PASS,False
fast_10_to_00,test,DEC0,upper_excursion_v,1.7999929917108284,,1.9800000000000002,PASS,False
fast_10_to_00,test,DEC0,lower_excursion_v,-0.021216860776200726,-0.18000000000000002,,PASS,False
fast_10_to_00,test,DEC0,end_level_v,1.7999926848101477,1.62,1.9800000000000002,PASS,False
fast_10_to_00,test,DEC0,settled_min_v,1.7999886055505678,1.62,,PASS,False
fast_10_to_00,test,DEC1,upper_excursion_v,0.006485132145142852,,1.9800000000000002,PASS,False
fast_10_to_00,test,DEC1,lower_excursion_v,0.0001177148174905991,-0.18000000000000002,,PASS,False
fast_10_to_00,test,DEC1,end_level_v,0.00017890215144126132,-0.18000000000000002,0.18000000000000002,PASS,False
fast_10_to_00,test,DEC1,unselected_max_v,0.006485132145142852,,0.18000000000000002,PASS,False
fast_10_to_00,test,DEC2,upper_excursion_v,0.0064974185856883845,,1.9800000000000002,PASS,False
fast_10_to_00,test,DEC2,lower_excursion_v,0.00012685197286859404,-0.18000000000000002,,PASS,False
fast_10_to_00,test,DEC2,end_level_v,0.00013068611949278814,-0.18000000000000002,0.18000000000000002,PASS,False
fast_10_to_00,test,DEC2,unselected_max_v,0.0064974185856883845,,0.18000000000000002,PASS,False
fast_10_to_00,test,DEC3,upper_excursion_v,0.0057365459895797645,,1.9800000000000002,PASS,False
fast_10_to_00,test,DEC3,lower_excursion_v,0.00011455774213220676,-0.18000000000000002,,PASS,False
fast_10_to_00,test,DEC3,end_level_v,0.0001187769886143576,-0.18000000000000002,0.18000000000000002,PASS,False
fast_10_to_00,test,DEC3,unselected_max_v,0.0057365459895797645,,0.18000000000000002,PASS,False
fast_10_to_00,test,WL0,upper_excursion_v,1.7999992960664417,,1.9800000000000002,PASS,False
fast_10_to_00,test,WL0,lower_excursion_v,-0.021480101680176496,-0.18000000000000002,,PASS,False
fast_10_to_00,test,WL0,end_level_v,1.7999992960664406,1.62,1.9800000000000002,PASS,False
fast_10_to_00,test,WL0,settled_min_v,1.7995650517689334,1.62,,PASS,False
fast_10_to_00,test,WL1,upper_excursion_v,0.0001487650714895005,,1.9800000000000002,PASS,False
fast_10_to_00,test,WL1,lower_excursion_v,0.00012598407827207132,-0.18000000000000002,,PASS,False
fast_10_to_00,test,WL1,end_level_v,0.00014468709757277961,-0.18000000000000002,0.18000000000000002,PASS,False
fast_10_to_00,test,WL1,unselected_max_v,0.0001487650714895005,,0.18000000000000002,PASS,False
fast_10_to_00,test,WL2,upper_excursion_v,0.00014869013803058407,,1.9800000000000002,PASS,False
fast_10_to_00,test,WL2,lower_excursion_v,0.00012597225874743333,-0.18000000000000002,,PASS,False
fast_10_to_00,test,WL2,end_level_v,0.00014468714670494193,-0.18000000000000002,0.18000000000000002,PASS,False
fast_10_to_00,test,WL2,unselected_max_v,0.00014869013803058407,,0.18000000000000002,PASS,False
fast_10_to_00,test,WL3,upper_excursion_v,0.00014783650655744918,,1.9800000000000002,PASS,False
fast_10_to_00,test,WL3,lower_excursion_v,0.00013445887596796175,-0.18000000000000002,,PASS,False
fast_10_to_00,test,WL3,end_level_v,0.00014468714588495088,-0.18000000000000002,0.18000000000000002,PASS,False
fast_10_to_00,test,WL3,unselected_max_v,0.00014783650655744918,,0.18000000000000002,PASS,False
fast_10_to_00,recovery,DEC0,end_level_v,0.0002291137170310398,-0.18000000000000002,0.18000000000000002,PASS,False
fast_10_to_00,recovery,DEC0,settled_max_v,0.0013030202003862389,,0.18000000000000002,PASS,False
fast_10_to_00,recovery,DEC1,end_level_v,0.00023557693465100948,-0.18000000000000002,0.18000000000000002,PASS,False
fast_10_to_00,recovery,DEC1,settled_max_v,0.0013993791101075297,,0.18000000000000002,PASS,False
fast_10_to_00,recovery,DEC2,end_level_v,0.00023451589468193506,-0.18000000000000002,0.18000000000000002,PASS,False
fast_10_to_00,recovery,DEC2,settled_max_v,0.0013749146308267145,,0.18000000000000002,PASS,False
fast_10_to_00,recovery,DEC3,end_level_v,0.00023530842872125394,-0.18000000000000002,0.18000000000000002,PASS,False
fast_10_to_00,recovery,DEC3,settled_max_v,0.0014153678327663275,,0.18000000000000002,PASS,False
fast_10_to_00,recovery,WL0,end_level_v,0.00014468715729138598,-0.18000000000000002,0.18000000000000002,PASS,False
fast_10_to_00,recovery,WL0,settled_max_v,0.00014684583030689374,,0.18000000000000002,PASS,False
fast_10_to_00,recovery,WL1,end_level_v,0.00014468724884275863,-0.18000000000000002,0.18000000000000002,PASS,False
fast_10_to_00,recovery,WL1,settled_max_v,0.00014665609766435872,,0.18000000000000002,PASS,False
fast_10_to_00,recovery,WL2,end_level_v,0.00014468716343828713,-0.18000000000000002,0.18000000000000002,PASS,False
fast_10_to_00,recovery,WL2,settled_max_v,0.00014556760623446425,,0.18000000000000002,PASS,False
fast_10_to_00,recovery,WL3,end_level_v,0.00014468716503158503,-0.18000000000000002,0.18000000000000002,PASS,False
fast_10_to_00,recovery,WL3,settled_max_v,0.00014554911508055367,,0.18000000000000002,PASS,False
fast_10_to_00,recovery,N0,end_level_v,1.7997196384916314,1.62,1.9800000000000002,PASS,False
fast_10_to_00,recovery,N1,end_level_v,1.7990866180047753,1.62,1.9800000000000002,PASS,False
fast_10_to_00,recovery,N2,end_level_v,1.799996238074604,1.62,1.9800000000000002,PASS,False
fast_10_to_00,recovery,N3,end_level_v,1.79998194734912,1.62,1.9800000000000002,PASS,False
fast_10_to_00,final_precharge,DEC0,settled_max_v,0.0003056768055461154,,0.18000000000000002,PASS,False
fast_10_to_00,final_precharge,DEC0,settled_min_v,0.0002322182515134769,-0.18000000000000002,,PASS,False
fast_10_to_00,final_precharge,DEC1,settled_max_v,0.00024270176375963126,,0.18000000000000002,PASS,False
fast_10_to_00,final_precharge,DEC1,settled_min_v,0.0002320744452753296,-0.18000000000000002,,PASS,False
fast_10_to_00,final_precharge,DEC2,settled_max_v,0.00024432738902145076,,0.18000000000000002,PASS,False
fast_10_to_00,final_precharge,DEC2,settled_min_v,0.0002346563751276851,-0.18000000000000002,,PASS,False
fast_10_to_00,final_precharge,DEC3,settled_max_v,0.00024321474432584172,,0.18000000000000002,PASS,False
fast_10_to_00,final_precharge,DEC3,settled_min_v,0.00023527612089895402,-0.18000000000000002,,PASS,False
fast_10_to_00,final_precharge,WL0,settled_max_v,0.00014469883641551087,,0.18000000000000002,PASS,False
fast_10_to_00,final_precharge,WL0,settled_min_v,0.00014468716587851728,-0.18000000000000002,,PASS,False
fast_10_to_00,final_precharge,WL1,settled_max_v,0.00014468778106425866,,0.18000000000000002,PASS,False
fast_10_to_00,final_precharge,WL1,settled_min_v,0.00014468715832100442,-0.18000000000000002,,PASS,False
fast_10_to_00,final_precharge,WL2,settled_max_v,0.0001446875785563779,,0.18000000000000002,PASS,False
fast_10_to_00,final_precharge,WL2,settled_min_v,0.0001446871584441363,-0.18000000000000002,,PASS,False
fast_10_to_00,final_precharge,WL3,settled_max_v,0.0001446875999543867,,0.18000000000000002,PASS,False
fast_10_to_00,final_precharge,WL3,settled_min_v,0.00014468715776190972,-0.18000000000000002,,PASS,False
fast_10_to_00,final_precharge,N0,end_level_v,1.7988309682014996,1.62,1.9800000000000002,PASS,False
fast_10_to_00,final_precharge,N1,end_level_v,1.7999368481538665,1.62,1.9800000000000002,PASS,False
fast_10_to_00,final_precharge,N2,end_level_v,1.7999961731028034,1.62,1.9800000000000002,PASS,False
fast_10_to_00,final_precharge,N3,end_level_v,1.799983788454598,1.62,1.9800000000000002,PASS,False
fast_10_to_00,pex_recovery,N0.N0.t1,dynamic_segment_level_v,1.79974015017066,1.62,1.9800000000000002,PASS,False
fast_10_to_00,pex_final_precharge,N0.N0.t1,dynamic_segment_level_v,1.7989192493363784,1.62,1.9800000000000002,PASS,False
fast_10_to_00,pex_recovery,N0.N0.t3,dynamic_segment_level_v,1.7997196384916314,1.62,1.9800000000000002,PASS,False
fast_10_to_00,pex_final_precharge,N0.N0.t3,dynamic_segment_level_v,1.7988309682014996,1.62,1.9800000000000002,PASS,False
fast_10_to_00,pex_recovery,N0.N0.n1,dynamic_segment_level_v,1.799719538054952,1.62,1.9800000000000002,PASS,False
fast_10_to_00,pex_final_precharge,N0.N0.n1,dynamic_segment_level_v,1.7988312330006977,1.62,1.9800000000000002,PASS,False
fast_10_to_00,pex_recovery,N0.N0.n0,dynamic_segment_level_v,1.7997195255677736,1.62,1.9800000000000002,PASS,False
fast_10_to_00,pex_final_precharge,N0.N0.n0,dynamic_segment_level_v,1.7988312256294547,1.62,1.9800000000000002,PASS,False
fast_10_to_00,pex_recovery,N0.N0.t0,dynamic_segment_level_v,1.7997150424435313,1.62,1.9800000000000002,PASS,False
fast_10_to_00,pex_final_precharge,N0.N0.t0,dynamic_segment_level_v,1.7988115508331761,1.62,1.9800000000000002,PASS,False
fast_10_to_00,pex_recovery,N0.N0,dynamic_segment_level_v,1.7997196384916314,1.62,1.9800000000000002,PASS,False
fast_10_to_00,pex_final_precharge,N0.N0,dynamic_segment_level_v,1.7988309682014996,1.62,1.9800000000000002,PASS,False
fast_10_to_00,pex_recovery,N0.N0.t2,dynamic_segment_level_v,1.7997196274990677,1.62,1.9800000000000002,PASS,False
fast_10_to_00,pex_final_precharge,N0.N0.t2,dynamic_segment_level_v,1.798830989489635,1.62,1.9800000000000002,PASS,False
fast_10_to_00,pex_recovery,N1.N1,dynamic_segment_level_v,1.7990866180047753,1.62,1.9800000000000002,PASS,False
fast_10_to_00,pex_final_precharge,N1.N1,dynamic_segment_level_v,1.7999368481538665,1.62,1.9800000000000002,PASS,False
fast_10_to_00,pex_recovery,N1.N1.n0,dynamic_segment_level_v,1.7990874083433537,1.62,1.9800000000000002,PASS,False
fast_10_to_00,pex_final_precharge,N1.N1.n0,dynamic_segment_level_v,1.7999368514187108,1.62,1.9800000000000002,PASS,False
fast_10_to_00,pex_recovery,N1.N1.t1,dynamic_segment_level_v,1.799155461683884,1.62,1.9800000000000002,PASS,False
fast_10_to_00,pex_final_precharge,N1.N1.t1,dynamic_segment_level_v,1.7999405983533197,1.62,1.9800000000000002,PASS,False
fast_10_to_00,pex_recovery,N1.N1.t2,dynamic_segment_level_v,1.7990866820698723,1.62,1.9800000000000002,PASS,False
fast_10_to_00,pex_final_precharge,N1.N1.t2,dynamic_segment_level_v,1.7999368480005908,1.62,1.9800000000000002,PASS,False
fast_10_to_00,pex_recovery,N1.N1.n1,dynamic_segment_level_v,1.7990874306474032,1.62,1.9800000000000002,PASS,False
fast_10_to_00,pex_final_precharge,N1.N1.n1,dynamic_segment_level_v,1.7999368378959286,1.62,1.9800000000000002,PASS,False
fast_10_to_00,pex_recovery,N1.N1.t0,dynamic_segment_level_v,1.7990723259224077,1.62,1.9800000000000002,PASS,False
fast_10_to_00,pex_final_precharge,N1.N1.t0,dynamic_segment_level_v,1.7999358688617964,1.62,1.9800000000000002,PASS,False
fast_10_to_00,pex_recovery,N1.N1.t3,dynamic_segment_level_v,1.7990866180047753,1.62,1.9800000000000002,PASS,False
fast_10_to_00,pex_final_precharge,N1.N1.t3,dynamic_segment_level_v,1.7999368481538665,1.62,1.9800000000000002,PASS,False
fast_10_to_00,pex_recovery,N2.N2.t3,dynamic_segment_level_v,1.799996238074604,1.62,1.9800000000000002,PASS,False
fast_10_to_00,pex_final_precharge,N2.N2.t3,dynamic_segment_level_v,1.7999961731028034,1.62,1.9800000000000002,PASS,False
fast_10_to_00,pex_recovery,N2.N2.t2,dynamic_segment_level_v,1.7999962357239565,1.62,1.9800000000000002,PASS,False
fast_10_to_00,pex_final_precharge,N2.N2.t2,dynamic_segment_level_v,1.7999961724702396,1.62,1.9800000000000002,PASS,False
fast_10_to_00,pex_recovery,N2.N2.n0,dynamic_segment_level_v,1.7999962313935802,1.62,1.9800000000000002,PASS,False
fast_10_to_00,pex_final_precharge,N2.N2.n0,dynamic_segment_level_v,1.799996170896421,1.62,1.9800000000000002,PASS,False
fast_10_to_00,pex_recovery,N2.N2.t0,dynamic_segment_level_v,1.7999962044707039,1.62,1.9800000000000002,PASS,False
fast_10_to_00,pex_final_precharge,N2.N2.t0,dynamic_segment_level_v,1.7999961452429556,1.62,1.9800000000000002,PASS,False
fast_10_to_00,pex_recovery,N2.N2,dynamic_segment_level_v,1.799996238074604,1.62,1.9800000000000002,PASS,False
fast_10_to_00,pex_final_precharge,N2.N2,dynamic_segment_level_v,1.7999961731028034,1.62,1.9800000000000002,PASS,False
fast_10_to_00,pex_recovery,N2.N2.t1,dynamic_segment_level_v,1.7999951494919932,1.62,1.9800000000000002,PASS,False
fast_10_to_00,pex_final_precharge,N2.N2.t1,dynamic_segment_level_v,1.7999951456222751,1.62,1.9800000000000002,PASS,False
fast_10_to_00,pex_recovery,N2.N2.n1,dynamic_segment_level_v,1.7999962057544923,1.62,1.9800000000000002,PASS,False
fast_10_to_00,pex_final_precharge,N2.N2.n1,dynamic_segment_level_v,1.7999961466117758,1.62,1.9800000000000002,PASS,False
fast_10_to_00,pex_recovery,N3.N3,dynamic_segment_level_v,1.79998194734912,1.62,1.9800000000000002,PASS,False
fast_10_to_00,pex_final_precharge,N3.N3,dynamic_segment_level_v,1.799983788454598,1.62,1.9800000000000002,PASS,False
fast_10_to_00,pex_recovery,N3.N3.n0,dynamic_segment_level_v,1.799981948485687,1.62,1.9800000000000002,PASS,False
fast_10_to_00,pex_final_precharge,N3.N3.n0,dynamic_segment_level_v,1.7999837885794834,1.62,1.9800000000000002,PASS,False
fast_10_to_00,pex_recovery,N3.N3.t2,dynamic_segment_level_v,1.799981945649897,1.62,1.9800000000000002,PASS,False
fast_10_to_00,pex_final_precharge,N3.N3.t2,dynamic_segment_level_v,1.799983788055496,1.62,1.9800000000000002,PASS,False
fast_10_to_00,pex_recovery,N3.N3.t3,dynamic_segment_level_v,1.79998194734912,1.62,1.9800000000000002,PASS,False
fast_10_to_00,pex_final_precharge,N3.N3.t3,dynamic_segment_level_v,1.799983788454598,1.62,1.9800000000000002,PASS,False
fast_10_to_00,pex_recovery,N3.N3.n1,dynamic_segment_level_v,1.7999819459071427,1.62,1.9800000000000002,PASS,False
fast_10_to_00,pex_final_precharge,N3.N3.n1,dynamic_segment_level_v,1.799983783907308,1.62,1.9800000000000002,PASS,False
fast_10_to_00,pex_recovery,N3.N3.t1,dynamic_segment_level_v,1.7999818460898511,1.62,1.9800000000000002,PASS,False
fast_10_to_00,pex_final_precharge,N3.N3.t1,dynamic_segment_level_v,1.7999835967579225,1.62,1.9800000000000002,PASS,False
fast_10_to_00,pex_recovery,N3.N3.t0,dynamic_segment_level_v,1.7999819441727494,1.62,1.9800000000000002,PASS,False
fast_10_to_00,pex_final_precharge,N3.N3.t0,dynamic_segment_level_v,1.7999837824063474,1.62,1.9800000000000002,PASS,False
fast_10_to_01,prime,DEC0,upper_excursion_v,0.00524851771535626,,1.9800000000000002,PASS,False
fast_10_to_01,prime,DEC0,lower_excursion_v,0.0001316218544939502,-0.18000000000000002,,PASS,False
fast_10_to_01,prime,DEC0,end_level_v,0.00013457995221332123,-0.18000000000000002,0.18000000000000002,PASS,False
fast_10_to_01,prime,DEC0,unselected_max_v,0.00524851771535626,,0.18000000000000002,PASS,False
fast_10_to_01,prime,DEC1,upper_excursion_v,0.00640999475967129,,1.9800000000000002,PASS,False
fast_10_to_01,prime,DEC1,lower_excursion_v,0.00011356956941476161,-0.18000000000000002,,PASS,False
fast_10_to_01,prime,DEC1,end_level_v,0.00011709072161138644,-0.18000000000000002,0.18000000000000002,PASS,False
fast_10_to_01,prime,DEC1,unselected_max_v,0.00640999475967129,,0.18000000000000002,PASS,False
fast_10_to_01,prime,DEC2,upper_excursion_v,1.799991235079768,,1.9800000000000002,PASS,False
fast_10_to_01,prime,DEC2,lower_excursion_v,-0.020061069612654213,-0.18000000000000002,,PASS,False
fast_10_to_01,prime,DEC2,end_level_v,1.799991104967999,1.62,1.9800000000000002,PASS,False
fast_10_to_01,prime,DEC2,settled_min_v,1.7999880136309463,1.62,,PASS,False
fast_10_to_01,prime,DEC3,upper_excursion_v,0.005783510930049815,,1.9800000000000002,PASS,False
fast_10_to_01,prime,DEC3,lower_excursion_v,0.00012144660316702445,-0.18000000000000002,,PASS,False
fast_10_to_01,prime,DEC3,end_level_v,0.0001248152660400315,-0.18000000000000002,0.18000000000000002,PASS,False
fast_10_to_01,prime,DEC3,unselected_max_v,0.005783510930049815,,0.18000000000000002,PASS,False
fast_10_to_01,prime,WL0,upper_excursion_v,0.00014796341863486666,,1.9800000000000002,PASS,False
fast_10_to_01,prime,WL0,lower_excursion_v,0.00012578503277027608,-0.18000000000000002,,PASS,False
fast_10_to_01,prime,WL0,end_level_v,0.00014468714810033,-0.18000000000000002,0.18000000000000002,PASS,False
fast_10_to_01,prime,WL0,unselected_max_v,0.00014796341863486666,,0.18000000000000002,PASS,False
fast_10_to_01,prime,WL1,upper_excursion_v,0.00014869533281432058,,1.9800000000000002,PASS,False
fast_10_to_01,prime,WL1,lower_excursion_v,0.00012484345336676982,-0.18000000000000002,,PASS,False
fast_10_to_01,prime,WL1,end_level_v,0.00014468714681495996,-0.18000000000000002,0.18000000000000002,PASS,False
fast_10_to_01,prime,WL1,unselected_max_v,0.00014869533281432058,,0.18000000000000002,PASS,False
fast_10_to_01,prime,WL2,upper_excursion_v,1.7999992960662774,,1.9800000000000002,PASS,False
fast_10_to_01,prime,WL2,lower_excursion_v,-0.021450658440215965,-0.18000000000000002,,PASS,False
fast_10_to_01,prime,WL2,end_level_v,1.7999992960662774,1.62,1.9800000000000002,PASS,False
fast_10_to_01,prime,WL2,settled_min_v,1.7994741205018427,1.62,,PASS,False
fast_10_to_01,prime,WL3,upper_excursion_v,0.000147937060906922,,1.9800000000000002,PASS,False
fast_10_to_01,prime,WL3,lower_excursion_v,0.00013383413017907633,-0.18000000000000002,,PASS,False
fast_10_to_01,prime,WL3,end_level_v,0.0001446871471933119,-0.18000000000000002,0.18000000000000002,PASS,False
fast_10_to_01,prime,WL3,unselected_max_v,0.000147937060906922,,0.18000000000000002,PASS,False
fast_10_to_01,test,DEC0,upper_excursion_v,0.0053143526232839145,,1.9800000000000002,PASS,False
fast_10_to_01,test,DEC0,lower_excursion_v,0.00011009279553651945,-0.18000000000000002,,PASS,False
fast_10_to_01,test,DEC0,end_level_v,0.00016300259426339496,-0.18000000000000002,0.18000000000000002,PASS,False
fast_10_to_01,test,DEC0,unselected_max_v,0.0053143526232839145,,0.18000000000000002,PASS,False
fast_10_to_01,test,DEC1,upper_excursion_v,1.799992002626493,,1.9800000000000002,PASS,False
fast_10_to_01,test,DEC1,lower_excursion_v,-0.0193191705226582,-0.18000000000000002,,PASS,False
fast_10_to_01,test,DEC1,end_level_v,1.7999916690174513,1.62,1.9800000000000002,PASS,False
fast_10_to_01,test,DEC1,settled_min_v,1.7999898297418788,1.62,,PASS,False
fast_10_to_01,test,DEC2,upper_excursion_v,0.006516397553103901,,1.9800000000000002,PASS,False
fast_10_to_01,test,DEC2,lower_excursion_v,0.00010706562343265639,-0.18000000000000002,,PASS,False
fast_10_to_01,test,DEC2,end_level_v,0.00011151359134765607,-0.18000000000000002,0.18000000000000002,PASS,False
fast_10_to_01,test,DEC2,unselected_max_v,0.006516397553103901,,0.18000000000000002,PASS,False
fast_10_to_01,test,DEC3,upper_excursion_v,0.0055776874645334495,,1.9800000000000002,PASS,False
fast_10_to_01,test,DEC3,lower_excursion_v,0.00013709713925451946,-0.18000000000000002,,PASS,False
fast_10_to_01,test,DEC3,end_level_v,0.00014066068542792874,-0.18000000000000002,0.18000000000000002,PASS,False
fast_10_to_01,test,DEC3,unselected_max_v,0.0055776874645334495,,0.18000000000000002,PASS,False
fast_10_to_01,test,WL0,upper_excursion_v,0.00014803048812681688,,1.9800000000000002,PASS,False
fast_10_to_01,test,WL0,lower_excursion_v,0.00012715226826004163,-0.18000000000000002,,PASS,False
fast_10_to_01,test,WL0,end_level_v,0.00014468710346257868,-0.18000000000000002,0.18000000000000002,PASS,False
fast_10_to_01,test,WL0,unselected_max_v,0.00014803048812681688,,0.18000000000000002,PASS,False
fast_10_to_01,test,WL1,upper_excursion_v,1.7999992960664417,,1.9800000000000002,PASS,False
fast_10_to_01,test,WL1,lower_excursion_v,-0.02146727986899552,-0.18000000000000002,,PASS,False
fast_10_to_01,test,WL1,end_level_v,1.799999296066437,1.62,1.9800000000000002,PASS,False
fast_10_to_01,test,WL1,settled_min_v,1.7995610093178698,1.62,,PASS,False
fast_10_to_01,test,WL2,upper_excursion_v,0.00014865600190167627,,1.9800000000000002,PASS,False
fast_10_to_01,test,WL2,lower_excursion_v,0.00012694282661920506,-0.18000000000000002,,PASS,False
fast_10_to_01,test,WL2,end_level_v,0.00014468714573124254,-0.18000000000000002,0.18000000000000002,PASS,False
fast_10_to_01,test,WL2,unselected_max_v,0.00014865600190167627,,0.18000000000000002,PASS,False
fast_10_to_01,test,WL3,upper_excursion_v,0.0001478369726293284,,1.9800000000000002,PASS,False
fast_10_to_01,test,WL3,lower_excursion_v,0.00013266736310387636,-0.18000000000000002,,PASS,False
fast_10_to_01,test,WL3,end_level_v,0.0001446871477495028,-0.18000000000000002,0.18000000000000002,PASS,False
fast_10_to_01,test,WL3,unselected_max_v,0.0001478369726293284,,0.18000000000000002,PASS,False
fast_10_to_01,recovery,DEC0,end_level_v,0.0002333508231045669,-0.18000000000000002,0.18000000000000002,PASS,False
fast_10_to_01,recovery,DEC0,settled_max_v,0.0013356942887013383,,0.18000000000000002,PASS,False
fast_10_to_01,recovery,DEC1,end_level_v,0.00023770390805220176,-0.18000000000000002,0.18000000000000002,PASS,False
fast_10_to_01,recovery,DEC1,settled_max_v,0.0015604459359402911,,0.18000000000000002,PASS,False
fast_10_to_01,recovery,DEC2,end_level_v,0.00023539354816407178,-0.18000000000000002,0.18000000000000002,PASS,False
fast_10_to_01,recovery,DEC2,settled_max_v,0.0014144945719379205,,0.18000000000000002,PASS,False
fast_10_to_01,recovery,DEC3,end_level_v,0.0002354472106969519,-0.18000000000000002,0.18000000000000002,PASS,False
fast_10_to_01,recovery,DEC3,settled_max_v,0.0014809579136141689,,0.18000000000000002,PASS,False
fast_10_to_01,recovery,WL0,end_level_v,0.0001446872625614015,-0.18000000000000002,0.18000000000000002,PASS,False
fast_10_to_01,recovery,WL0,settled_max_v,0.00014558230112255474,,0.18000000000000002,PASS,False
fast_10_to_01,recovery,WL1,end_level_v,0.00014468726117188347,-0.18000000000000002,0.18000000000000002,PASS,False
fast_10_to_01,recovery,WL1,settled_max_v,0.00014633460799624512,,0.18000000000000002,PASS,False
fast_10_to_01,recovery,WL2,end_level_v,0.00014468718285074993,-0.18000000000000002,0.18000000000000002,PASS,False
fast_10_to_01,recovery,WL2,settled_max_v,0.00014530137010025347,,0.18000000000000002,PASS,False
fast_10_to_01,recovery,WL3,end_level_v,0.00014468717583340418,-0.18000000000000002,0.18000000000000002,PASS,False
fast_10_to_01,recovery,WL3,settled_max_v,0.0001451701048381275,,0.18000000000000002,PASS,False
fast_10_to_01,recovery,N0,end_level_v,1.799133846905477,1.62,1.9800000000000002,PASS,False
fast_10_to_01,recovery,N1,end_level_v,1.7987236076769633,1.62,1.9800000000000002,PASS,False
fast_10_to_01,recovery,N2,end_level_v,1.7999941697667896,1.62,1.9800000000000002,PASS,False
fast_10_to_01,recovery,N3,end_level_v,1.7999390646887097,1.62,1.9800000000000002,PASS,False
fast_10_to_01,final_precharge,DEC0,settled_max_v,0.00023932843681921125,,0.18000000000000002,PASS,False
fast_10_to_01,final_precharge,DEC0,settled_min_v,0.0002286096399043143,-0.18000000000000002,,PASS,False
fast_10_to_01,final_precharge,DEC1,settled_max_v,0.0003113173764600171,,0.18000000000000002,PASS,False
fast_10_to_01,final_precharge,DEC1,settled_min_v,0.00023504076332615809,-0.18000000000000002,,PASS,False
fast_10_to_01,final_precharge,DEC2,settled_max_v,0.00024687948143985503,,0.18000000000000002,PASS,False
fast_10_to_01,final_precharge,DEC2,settled_min_v,0.00023436698344670755,-0.18000000000000002,,PASS,False
fast_10_to_01,final_precharge,DEC3,settled_max_v,0.0002443136527658094,,0.18000000000000002,PASS,False
fast_10_to_01,final_precharge,DEC3,settled_min_v,0.00023495856771730238,-0.18000000000000002,,PASS,False
fast_10_to_01,final_precharge,WL0,settled_max_v,0.00014468779902472622,,0.18000000000000002,PASS,False
fast_10_to_01,final_precharge,WL0,settled_min_v,0.00014468715810821592,-0.18000000000000002,,PASS,False
fast_10_to_01,final_precharge,WL1,settled_max_v,0.0001446984912947657,,0.18000000000000002,PASS,False
fast_10_to_01,final_precharge,WL1,settled_min_v,0.00014468716659192787,-0.18000000000000002,,PASS,False
fast_10_to_01,final_precharge,WL2,settled_max_v,0.0001446878910067547,,0.18000000000000002,PASS,False
fast_10_to_01,final_precharge,WL2,settled_min_v,0.00014468715873215045,-0.18000000000000002,,PASS,False
fast_10_to_01,final_precharge,WL3,settled_max_v,0.0001446877079378751,,0.18000000000000002,PASS,False
fast_10_to_01,final_precharge,WL3,settled_min_v,0.00014468715796149136,-0.18000000000000002,,PASS,False
fast_10_to_01,final_precharge,N0,end_level_v,1.7999308445476752,1.62,1.9800000000000002,PASS,False
fast_10_to_01,final_precharge,N1,end_level_v,1.7988139526962799,1.62,1.9800000000000002,PASS,False
fast_10_to_01,final_precharge,N2,end_level_v,1.7999874488646432,1.62,1.9800000000000002,PASS,False
fast_10_to_01,final_precharge,N3,end_level_v,1.7999915904174226,1.62,1.9800000000000002,PASS,False
fast_10_to_01,pex_recovery,N0.N0.t1,dynamic_segment_level_v,1.7991993382534157,1.62,1.9800000000000002,PASS,False
fast_10_to_01,pex_final_precharge,N0.N0.t1,dynamic_segment_level_v,1.7999353681593153,1.62,1.9800000000000002,PASS,False
fast_10_to_01,pex_recovery,N0.N0.t3,dynamic_segment_level_v,1.799133846905477,1.62,1.9800000000000002,PASS,False
fast_10_to_01,pex_final_precharge,N0.N0.t3,dynamic_segment_level_v,1.7999308445476752,1.62,1.9800000000000002,PASS,False
fast_10_to_01,pex_recovery,N0.N0.n1,dynamic_segment_level_v,1.7991346060205475,1.62,1.9800000000000002,PASS,False
fast_10_to_01,pex_final_precharge,N0.N0.n1,dynamic_segment_level_v,1.7999308405267014,1.62,1.9800000000000002,PASS,False
fast_10_to_01,pex_recovery,N0.N0.n0,dynamic_segment_level_v,1.799134592723703,1.62,1.9800000000000002,PASS,False
fast_10_to_01,pex_final_precharge,N0.N0.n0,dynamic_segment_level_v,1.7999308491930694,1.62,1.9800000000000002,PASS,False
fast_10_to_01,pex_recovery,N0.N0.t0,dynamic_segment_level_v,1.79912016016382,1.62,1.9800000000000002,PASS,False
fast_10_to_01,pex_final_precharge,N0.N0.t0,dynamic_segment_level_v,1.7999297445891673,1.62,1.9800000000000002,PASS,False
fast_10_to_01,pex_recovery,N0.N0,dynamic_segment_level_v,1.799133846905477,1.62,1.9800000000000002,PASS,False
fast_10_to_01,pex_final_precharge,N0.N0,dynamic_segment_level_v,1.7999308445476752,1.62,1.9800000000000002,PASS,False
fast_10_to_01,pex_recovery,N0.N0.t2,dynamic_segment_level_v,1.7991339055710405,1.62,1.9800000000000002,PASS,False
fast_10_to_01,pex_final_precharge,N0.N0.t2,dynamic_segment_level_v,1.799930844388118,1.62,1.9800000000000002,PASS,False
fast_10_to_01,pex_recovery,N1.N1,dynamic_segment_level_v,1.7987236076769633,1.62,1.9800000000000002,PASS,False
fast_10_to_01,pex_final_precharge,N1.N1,dynamic_segment_level_v,1.7988139526962799,1.62,1.9800000000000002,PASS,False
fast_10_to_01,pex_recovery,N1.N1.n0,dynamic_segment_level_v,1.7987244760789107,1.62,1.9800000000000002,PASS,False
fast_10_to_01,pex_final_precharge,N1.N1.n0,dynamic_segment_level_v,1.7988142155296982,1.62,1.9800000000000002,PASS,False
fast_10_to_01,pex_recovery,N1.N1.t1,dynamic_segment_level_v,1.7988199969178613,1.62,1.9800000000000002,PASS,False
fast_10_to_01,pex_final_precharge,N1.N1.t1,dynamic_segment_level_v,1.7989032037327883,1.62,1.9800000000000002,PASS,False
fast_10_to_01,pex_recovery,N1.N1.t2,dynamic_segment_level_v,1.7987236766308214,1.62,1.9800000000000002,PASS,False
fast_10_to_01,pex_final_precharge,N1.N1.t2,dynamic_segment_level_v,1.7988139742032272,1.62,1.9800000000000002,PASS,False
fast_10_to_01,pex_recovery,N1.N1.n1,dynamic_segment_level_v,1.7987244994818776,1.62,1.9800000000000002,PASS,False
fast_10_to_01,pex_final_precharge,N1.N1.n1,dynamic_segment_level_v,1.7988142181805342,1.62,1.9800000000000002,PASS,False
fast_10_to_01,pex_recovery,N1.N1.t0,dynamic_segment_level_v,1.7987032416757587,1.62,1.9800000000000002,PASS,False
fast_10_to_01,pex_final_precharge,N1.N1.t0,dynamic_segment_level_v,1.798794274465495,1.62,1.9800000000000002,PASS,False
fast_10_to_01,pex_recovery,N1.N1.t3,dynamic_segment_level_v,1.7987236076769633,1.62,1.9800000000000002,PASS,False
fast_10_to_01,pex_final_precharge,N1.N1.t3,dynamic_segment_level_v,1.7988139526962799,1.62,1.9800000000000002,PASS,False
fast_10_to_01,pex_recovery,N2.N2.t3,dynamic_segment_level_v,1.7999941697667896,1.62,1.9800000000000002,PASS,False
fast_10_to_01,pex_final_precharge,N2.N2.t3,dynamic_segment_level_v,1.7999874488646432,1.62,1.9800000000000002,PASS,False
fast_10_to_01,pex_recovery,N2.N2.t2,dynamic_segment_level_v,1.7999941655328986,1.62,1.9800000000000002,PASS,False
fast_10_to_01,pex_final_precharge,N2.N2.t2,dynamic_segment_level_v,1.7999874481661604,1.62,1.9800000000000002,PASS,False
fast_10_to_01,pex_recovery,N2.N2.n0,dynamic_segment_level_v,1.7999941617166952,1.62,1.9800000000000002,PASS,False
fast_10_to_01,pex_final_precharge,N2.N2.n0,dynamic_segment_level_v,1.7999874484357086,1.62,1.9800000000000002,PASS,False
fast_10_to_01,pex_recovery,N2.N2.t0,dynamic_segment_level_v,1.7999941369752577,1.62,1.9800000000000002,PASS,False
fast_10_to_01,pex_final_precharge,N2.N2.t0,dynamic_segment_level_v,1.7999874375945102,1.62,1.9800000000000002,PASS,False
fast_10_to_01,pex_recovery,N2.N2,dynamic_segment_level_v,1.7999941697667896,1.62,1.9800000000000002,PASS,False
fast_10_to_01,pex_final_precharge,N2.N2,dynamic_segment_level_v,1.7999874488646432,1.62,1.9800000000000002,PASS,False
fast_10_to_01,pex_recovery,N2.N2.t1,dynamic_segment_level_v,1.799993145196378,1.62,1.9800000000000002,PASS,False
fast_10_to_01,pex_final_precharge,N2.N2.t1,dynamic_segment_level_v,1.7999870573777272,1.62,1.9800000000000002,PASS,False
fast_10_to_01,pex_recovery,N2.N2.n1,dynamic_segment_level_v,1.7999941376739101,1.62,1.9800000000000002,PASS,False
fast_10_to_01,pex_final_precharge,N2.N2.n1,dynamic_segment_level_v,1.7999874390750674,1.62,1.9800000000000002,PASS,False
fast_10_to_01,pex_recovery,N3.N3,dynamic_segment_level_v,1.7999390646887097,1.62,1.9800000000000002,PASS,False
fast_10_to_01,pex_final_precharge,N3.N3,dynamic_segment_level_v,1.7999915904174226,1.62,1.9800000000000002,PASS,False
fast_10_to_01,pex_recovery,N3.N3.n0,dynamic_segment_level_v,1.7999390974446754,1.62,1.9800000000000002,PASS,False
fast_10_to_01,pex_final_precharge,N3.N3.n0,dynamic_segment_level_v,1.7999915887062314,1.62,1.9800000000000002,PASS,False
fast_10_to_01,pex_recovery,N3.N3.t2,dynamic_segment_level_v,1.7999390641730826,1.62,1.9800000000000002,PASS,False
fast_10_to_01,pex_final_precharge,N3.N3.t2,dynamic_segment_level_v,1.7999915896388465,1.62,1.9800000000000002,PASS,False
fast_10_to_01,pex_recovery,N3.N3.t3,dynamic_segment_level_v,1.7999390646887097,1.62,1.9800000000000002,PASS,False
fast_10_to_01,pex_final_precharge,N3.N3.t3,dynamic_segment_level_v,1.7999915904174226,1.62,1.9800000000000002,PASS,False
fast_10_to_01,pex_recovery,N3.N3.n1,dynamic_segment_level_v,1.7999391707924473,1.62,1.9800000000000002,PASS,False
fast_10_to_01,pex_final_precharge,N3.N3.n1,dynamic_segment_level_v,1.7999915687599324,1.62,1.9800000000000002,PASS,False
fast_10_to_01,pex_recovery,N3.N3.t1,dynamic_segment_level_v,1.79994221750201,1.62,1.9800000000000002,PASS,False
fast_10_to_01,pex_final_precharge,N3.N3.t1,dynamic_segment_level_v,1.7999907478841355,1.62,1.9800000000000002,PASS,False
fast_10_to_01,pex_recovery,N3.N3.t0,dynamic_segment_level_v,1.7999391676144751,1.62,1.9800000000000002,PASS,False
fast_10_to_01,pex_final_precharge,N3.N3.t0,dynamic_segment_level_v,1.7999915673375817,1.62,1.9800000000000002,PASS,False
fast_10_to_10,prime,DEC0,upper_excursion_v,0.00524851771535626,,1.9800000000000002,PASS,False
fast_10_to_10,prime,DEC0,lower_excursion_v,0.0001316218544939502,-0.18000000000000002,,PASS,False
fast_10_to_10,prime,DEC0,end_level_v,0.00013457995221332123,-0.18000000000000002,0.18000000000000002,PASS,False
fast_10_to_10,prime,DEC0,unselected_max_v,0.00524851771535626,,0.18000000000000002,PASS,False
fast_10_to_10,prime,DEC1,upper_excursion_v,0.00640999475967129,,1.9800000000000002,PASS,False
fast_10_to_10,prime,DEC1,lower_excursion_v,0.00011356956941476161,-0.18000000000000002,,PASS,False
fast_10_to_10,prime,DEC1,end_level_v,0.00011709072161138644,-0.18000000000000002,0.18000000000000002,PASS,False
fast_10_to_10,prime,DEC1,unselected_max_v,0.00640999475967129,,0.18000000000000002,PASS,False
fast_10_to_10,prime,DEC2,upper_excursion_v,1.799991235079768,,1.9800000000000002,PASS,False
fast_10_to_10,prime,DEC2,lower_excursion_v,-0.020061069612654213,-0.18000000000000002,,PASS,False
fast_10_to_10,prime,DEC2,end_level_v,1.799991104967999,1.62,1.9800000000000002,PASS,False
fast_10_to_10,prime,DEC2,settled_min_v,1.7999880136309463,1.62,,PASS,False
fast_10_to_10,prime,DEC3,upper_excursion_v,0.005783510930049815,,1.9800000000000002,PASS,False
fast_10_to_10,prime,DEC3,lower_excursion_v,0.00012144660316702445,-0.18000000000000002,,PASS,False
fast_10_to_10,prime,DEC3,end_level_v,0.0001248152660400315,-0.18000000000000002,0.18000000000000002,PASS,False
fast_10_to_10,prime,DEC3,unselected_max_v,0.005783510930049815,,0.18000000000000002,PASS,False
fast_10_to_10,prime,WL0,upper_excursion_v,0.00014796341863486666,,1.9800000000000002,PASS,False
fast_10_to_10,prime,WL0,lower_excursion_v,0.00012578503277027608,-0.18000000000000002,,PASS,False
fast_10_to_10,prime,WL0,end_level_v,0.00014468714810033,-0.18000000000000002,0.18000000000000002,PASS,False
fast_10_to_10,prime,WL0,unselected_max_v,0.00014796341863486666,,0.18000000000000002,PASS,False
fast_10_to_10,prime,WL1,upper_excursion_v,0.00014869533281432058,,1.9800000000000002,PASS,False
fast_10_to_10,prime,WL1,lower_excursion_v,0.00012484345336676982,-0.18000000000000002,,PASS,False
fast_10_to_10,prime,WL1,end_level_v,0.00014468714681495996,-0.18000000000000002,0.18000000000000002,PASS,False
fast_10_to_10,prime,WL1,unselected_max_v,0.00014869533281432058,,0.18000000000000002,PASS,False
fast_10_to_10,prime,WL2,upper_excursion_v,1.7999992960662774,,1.9800000000000002,PASS,False
fast_10_to_10,prime,WL2,lower_excursion_v,-0.021450658440215965,-0.18000000000000002,,PASS,False
fast_10_to_10,prime,WL2,end_level_v,1.7999992960662774,1.62,1.9800000000000002,PASS,False
fast_10_to_10,prime,WL2,settled_min_v,1.7994741205018427,1.62,,PASS,False
fast_10_to_10,prime,WL3,upper_excursion_v,0.000147937060906922,,1.9800000000000002,PASS,False
fast_10_to_10,prime,WL3,lower_excursion_v,0.00013383413017907633,-0.18000000000000002,,PASS,False
fast_10_to_10,prime,WL3,end_level_v,0.0001446871471933119,-0.18000000000000002,0.18000000000000002,PASS,False
fast_10_to_10,prime,WL3,unselected_max_v,0.000147937060906922,,0.18000000000000002,PASS,False
fast_10_to_10,test,DEC0,upper_excursion_v,0.0052511607862948135,,1.9800000000000002,PASS,False
fast_10_to_10,test,DEC0,lower_excursion_v,0.00012526294416900416,-0.18000000000000002,,PASS,False
fast_10_to_10,test,DEC0,end_level_v,0.00012845210035981457,-0.18000000000000002,0.18000000000000002,PASS,False
fast_10_to_10,test,DEC0,unselected_max_v,0.0052511607862948135,,0.18000000000000002,PASS,False
fast_10_to_10,test,DEC1,upper_excursion_v,0.006407908469949935,,1.9800000000000002,PASS,False
fast_10_to_10,test,DEC1,lower_excursion_v,0.00011070042062157268,-0.18000000000000002,,PASS,False
fast_10_to_10,test,DEC1,end_level_v,0.00011434979289130198,-0.18000000000000002,0.18000000000000002,PASS,False
fast_10_to_10,test,DEC1,unselected_max_v,0.006407908469949935,,0.18000000000000002,PASS,False
fast_10_to_10,test,DEC2,upper_excursion_v,1.799991382479541,,1.9800000000000002,PASS,False
fast_10_to_10,test,DEC2,lower_excursion_v,-0.020108596950502048,-0.18000000000000002,,PASS,False
fast_10_to_10,test,DEC2,end_level_v,1.7999912465159962,1.62,1.9800000000000002,PASS,False
fast_10_to_10,test,DEC2,settled_min_v,1.799988657632731,1.62,,PASS,False
fast_10_to_10,test,DEC3,upper_excursion_v,0.0057270533164869315,,1.9800000000000002,PASS,False
fast_10_to_10,test,DEC3,lower_excursion_v,0.00011995632339257536,-0.18000000000000002,,PASS,False
fast_10_to_10,test,DEC3,end_level_v,0.00012340266809391645,-0.18000000000000002,0.18000000000000002,PASS,False
fast_10_to_10,test,DEC3,unselected_max_v,0.0057270533164869315,,0.18000000000000002,PASS,False
fast_10_to_10,test,WL0,upper_excursion_v,0.00014794349011678046,,1.9800000000000002,PASS,False
fast_10_to_10,test,WL0,lower_excursion_v,0.00012626034467979377,-0.18000000000000002,,PASS,False
fast_10_to_10,test,WL0,end_level_v,0.00014468714761940314,-0.18000000000000002,0.18000000000000002,PASS,False
fast_10_to_10,test,WL0,unselected_max_v,0.00014794349011678046,,0.18000000000000002,PASS,False
fast_10_to_10,test,WL1,upper_excursion_v,0.0001486562370863786,,1.9800000000000002,PASS,False
fast_10_to_10,test,WL1,lower_excursion_v,0.00012625667148566126,-0.18000000000000002,,PASS,False
fast_10_to_10,test,WL1,end_level_v,0.00014468714659104532,-0.18000000000000002,0.18000000000000002,PASS,False
fast_10_to_10,test,WL1,unselected_max_v,0.0001486562370863786,,0.18000000000000002,PASS,False
fast_10_to_10,test,WL2,upper_excursion_v,1.7999992960662694,,1.9800000000000002,PASS,False
fast_10_to_10,test,WL2,lower_excursion_v,-0.02145835159524483,-0.18000000000000002,,PASS,False
fast_10_to_10,test,WL2,end_level_v,1.7999992960662694,1.62,1.9800000000000002,PASS,False
fast_10_to_10,test,WL2,settled_min_v,1.7995595221385912,1.62,,PASS,False
fast_10_to_10,test,WL3,upper_excursion_v,0.00014785259183869065,,1.9800000000000002,PASS,False
fast_10_to_10,test,WL3,lower_excursion_v,0.0001342851260489414,-0.18000000000000002,,PASS,False
fast_10_to_10,test,WL3,end_level_v,0.0001446871470800707,-0.18000000000000002,0.18000000000000002,PASS,False
fast_10_to_10,test,WL3,unselected_max_v,0.00014785259183869065,,0.18000000000000002,PASS,False
fast_10_to_10,recovery,DEC0,end_level_v,0.00022742800686584993,-0.18000000000000002,0.18000000000000002,PASS,False
fast_10_to_10,recovery,DEC0,settled_max_v,0.00023716498389235726,,0.18000000000000002,PASS,False
fast_10_to_10,recovery,DEC1,end_level_v,0.00023047887570282235,-0.18000000000000002,0.18000000000000002,PASS,False
fast_10_to_10,recovery,DEC1,settled_max_v,0.00024272977071536177,,0.18000000000000002,PASS,False
fast_10_to_10,recovery,DEC2,end_level_v,0.0002346158338070706,-0.18000000000000002,0.18000000000000002,PASS,False
fast_10_to_10,recovery,DEC2,settled_max_v,0.0003211509256863065,,0.18000000000000002,PASS,False
fast_10_to_10,recovery,DEC3,end_level_v,0.00023398625383090803,-0.18000000000000002,0.18000000000000002,PASS,False
fast_10_to_10,recovery,DEC3,settled_max_v,0.00024475836005876045,,0.18000000000000002,PASS,False
fast_10_to_10,recovery,WL0,end_level_v,0.00014468715589559028,-0.18000000000000002,0.18000000000000002,PASS,False
fast_10_to_10,recovery,WL0,settled_max_v,0.00014468760629285862,,0.18000000000000002,PASS,False
fast_10_to_10,recovery,WL1,end_level_v,0.000144687156018913,-0.18000000000000002,0.18000000000000002,PASS,False
fast_10_to_10,recovery,WL1,settled_max_v,0.00014468786710082214,,0.18000000000000002,PASS,False
fast_10_to_10,recovery,WL2,end_level_v,0.0001446871574353665,-0.18000000000000002,0.18000000000000002,PASS,False
fast_10_to_10,recovery,WL2,settled_max_v,0.00014469899893615202,,0.18000000000000002,PASS,False
fast_10_to_10,recovery,WL3,end_level_v,0.0001446871559892228,-0.18000000000000002,0.18000000000000002,PASS,False
fast_10_to_10,recovery,WL3,settled_max_v,0.00014468791687379356,,0.18000000000000002,PASS,False
fast_10_to_10,recovery,N0,end_level_v,1.7999965668553015,1.62,1.9800000000000002,PASS,False
fast_10_to_10,recovery,N1,end_level_v,1.7999898801756613,1.62,1.9800000000000002,PASS,False
fast_10_to_10,recovery,N2,end_level_v,1.7994532902568303,1.62,1.9800000000000002,PASS,False
fast_10_to_10,recovery,N3,end_level_v,1.7999827031055586,1.62,1.9800000000000002,PASS,False
fast_10_to_10,final_precharge,DEC0,settled_max_v,0.00023716511448435162,,0.18000000000000002,PASS,False
fast_10_to_10,final_precharge,DEC0,settled_min_v,0.0002281035773778577,-0.18000000000000002,,PASS,False
fast_10_to_10,final_precharge,DEC1,settled_max_v,0.00024272995681352545,,0.18000000000000002,PASS,False
fast_10_to_10,final_precharge,DEC1,settled_min_v,0.0002312475546291428,-0.18000000000000002,,PASS,False
fast_10_to_10,final_precharge,DEC2,settled_max_v,0.000321152944959616,,0.18000000000000002,PASS,False
fast_10_to_10,final_precharge,DEC2,settled_min_v,0.0002374704292187574,-0.18000000000000002,,PASS,False
fast_10_to_10,final_precharge,DEC3,settled_max_v,0.0002447585456034589,,0.18000000000000002,PASS,False
fast_10_to_10,final_precharge,DEC3,settled_min_v,0.00023461096249618595,-0.18000000000000002,,PASS,False
fast_10_to_10,final_precharge,WL0,settled_max_v,0.00014468760629235053,,0.18000000000000002,PASS,False
fast_10_to_10,final_precharge,WL0,settled_min_v,0.0001446871578869141,-0.18000000000000002,,PASS,False
fast_10_to_10,final_precharge,WL1,settled_max_v,0.00014468786712106053,,0.18000000000000002,PASS,False
fast_10_to_10,final_precharge,WL1,settled_min_v,0.00014468715830395258,-0.18000000000000002,,PASS,False
fast_10_to_10,final_precharge,WL2,settled_max_v,0.00014469899974096123,,0.18000000000000002,PASS,False
fast_10_to_10,final_precharge,WL2,settled_min_v,0.00014468716684114486,-0.18000000000000002,,PASS,False
fast_10_to_10,final_precharge,WL3,settled_max_v,0.0001446879169081455,,0.18000000000000002,PASS,False
fast_10_to_10,final_precharge,WL3,settled_min_v,0.00014468715786850265,-0.18000000000000002,,PASS,False
fast_10_to_10,final_precharge,N0,end_level_v,1.8000017325047277,1.62,1.9800000000000002,PASS,False
fast_10_to_10,final_precharge,N1,end_level_v,1.7999915155684088,1.62,1.9800000000000002,PASS,False
fast_10_to_10,final_precharge,N2,end_level_v,1.7988084172366197,1.62,1.9800000000000002,PASS,False
fast_10_to_10,final_precharge,N3,end_level_v,1.7999819071622976,1.62,1.9800000000000002,PASS,False
fast_10_to_10,pex_recovery,N0.N0.t1,dynamic_segment_level_v,1.7999961790462133,1.62,1.9800000000000002,PASS,False
fast_10_to_10,pex_final_precharge,N0.N0.t1,dynamic_segment_level_v,1.8000008732174955,1.62,1.9800000000000002,PASS,False
fast_10_to_10,pex_recovery,N0.N0.t3,dynamic_segment_level_v,1.7999965668553015,1.62,1.9800000000000002,PASS,False
fast_10_to_10,pex_final_precharge,N0.N0.t3,dynamic_segment_level_v,1.8000017325047277,1.62,1.9800000000000002,PASS,False
fast_10_to_10,pex_recovery,N0.N0.n1,dynamic_segment_level_v,1.7999965576691195,1.62,1.9800000000000002,PASS,False
fast_10_to_10,pex_final_precharge,N0.N0.n1,dynamic_segment_level_v,1.8000017102441468,1.62,1.9800000000000002,PASS,False
fast_10_to_10,pex_recovery,N0.N0.n0,dynamic_segment_level_v,1.7999965669529734,1.62,1.9800000000000002,PASS,False
fast_10_to_10,pex_final_precharge,N0.N0.n0,dynamic_segment_level_v,1.8000017305831906,1.62,1.9800000000000002,PASS,False
fast_10_to_10,pex_recovery,N0.N0.t0,dynamic_segment_level_v,1.7999965561996525,1.62,1.9800000000000002,PASS,False
fast_10_to_10,pex_final_precharge,N0.N0.t0,dynamic_segment_level_v,1.8000017088076135,1.62,1.9800000000000002,PASS,False
fast_10_to_10,pex_recovery,N0.N0,dynamic_segment_level_v,1.7999965668553015,1.62,1.9800000000000002,PASS,False
fast_10_to_10,pex_final_precharge,N0.N0,dynamic_segment_level_v,1.8000017325047277,1.62,1.9800000000000002,PASS,False
fast_10_to_10,pex_recovery,N0.N0.t2,dynamic_segment_level_v,1.7999965668201288,1.62,1.9800000000000002,PASS,False
fast_10_to_10,pex_final_precharge,N0.N0.t2,dynamic_segment_level_v,1.8000017317959989,1.62,1.9800000000000002,PASS,False
fast_10_to_10,pex_recovery,N1.N1,dynamic_segment_level_v,1.7999898801756613,1.62,1.9800000000000002,PASS,False
fast_10_to_10,pex_final_precharge,N1.N1,dynamic_segment_level_v,1.7999915155684088,1.62,1.9800000000000002,PASS,False
fast_10_to_10,pex_recovery,N1.N1.n0,dynamic_segment_level_v,1.799989880537246,1.62,1.9800000000000002,PASS,False
fast_10_to_10,pex_final_precharge,N1.N1.n0,dynamic_segment_level_v,1.7999915148658885,1.62,1.9800000000000002,PASS,False
fast_10_to_10,pex_recovery,N1.N1.t1,dynamic_segment_level_v,1.7999896933686554,1.62,1.9800000000000002,PASS,False
fast_10_to_10,pex_final_precharge,N1.N1.t1,dynamic_segment_level_v,1.7999910893788489,1.62,1.9800000000000002,PASS,False
fast_10_to_10,pex_recovery,N1.N1.t2,dynamic_segment_level_v,1.7999898801141363,1.62,1.9800000000000002,PASS,False
fast_10_to_10,pex_final_precharge,N1.N1.t2,dynamic_segment_level_v,1.7999915147348098,1.62,1.9800000000000002,PASS,False
fast_10_to_10,pex_recovery,N1.N1.n1,dynamic_segment_level_v,1.7999898757961998,1.62,1.9800000000000002,PASS,False
fast_10_to_10,pex_final_precharge,N1.N1.n1,dynamic_segment_level_v,1.7999915044840342,1.62,1.9800000000000002,PASS,False
fast_10_to_10,pex_recovery,N1.N1.t0,dynamic_segment_level_v,1.799989872592156,1.62,1.9800000000000002,PASS,False
fast_10_to_10,pex_final_precharge,N1.N1.t0,dynamic_segment_level_v,1.799991501008892,1.62,1.9800000000000002,PASS,False
fast_10_to_10,pex_recovery,N1.N1.t3,dynamic_segment_level_v,1.7999898801756613,1.62,1.9800000000000002,PASS,False
fast_10_to_10,pex_final_precharge,N1.N1.t3,dynamic_segment_level_v,1.7999915155684088,1.62,1.9800000000000002,PASS,False
fast_10_to_10,pex_recovery,N2.N2.t3,dynamic_segment_level_v,1.7994532902568303,1.62,1.9800000000000002,PASS,False
fast_10_to_10,pex_final_precharge,N2.N2.t3,dynamic_segment_level_v,1.7988084172366197,1.62,1.9800000000000002,PASS,False
fast_10_to_10,pex_recovery,N2.N2.t2,dynamic_segment_level_v,1.799453294911383,1.62,1.9800000000000002,PASS,False
fast_10_to_10,pex_final_precharge,N2.N2.t2,dynamic_segment_level_v,1.798808438516901,1.62,1.9800000000000002,PASS,False
fast_10_to_10,pex_recovery,N2.N2.n0,dynamic_segment_level_v,1.7994533471316603,1.62,1.9800000000000002,PASS,False
fast_10_to_10,pex_final_precharge,N2.N2.n0,dynamic_segment_level_v,1.7988086807823571,1.62,1.9800000000000002,PASS,False
fast_10_to_10,pex_recovery,N2.N2.t0,dynamic_segment_level_v,1.7994442561397457,1.62,1.9800000000000002,PASS,False
fast_10_to_10,pex_final_precharge,N2.N2.t0,dynamic_segment_level_v,1.798788730775756,1.62,1.9800000000000002,PASS,False
fast_10_to_10,pex_recovery,N2.N2,dynamic_segment_level_v,1.7994532902568303,1.62,1.9800000000000002,PASS,False
fast_10_to_10,pex_final_precharge,N2.N2,dynamic_segment_level_v,1.7988084172366197,1.62,1.9800000000000002,PASS,False
fast_10_to_10,pex_recovery,N2.N2.t1,dynamic_segment_level_v,1.7994936476945722,1.62,1.9800000000000002,PASS,False
fast_10_to_10,pex_final_precharge,N2.N2.t1,dynamic_segment_level_v,1.7988977583480008,1.62,1.9800000000000002,PASS,False
fast_10_to_10,pex_recovery,N2.N2.n1,dynamic_segment_level_v,1.799453342154657,1.62,1.9800000000000002,PASS,False
fast_10_to_10,pex_final_precharge,N2.N2.n1,dynamic_segment_level_v,1.7988086844987263,1.62,1.9800000000000002,PASS,False
fast_10_to_10,pex_recovery,N3.N3,dynamic_segment_level_v,1.7999827031055586,1.62,1.9800000000000002,PASS,False
fast_10_to_10,pex_final_precharge,N3.N3,dynamic_segment_level_v,1.7999819071622976,1.62,1.9800000000000002,PASS,False
fast_10_to_10,pex_recovery,N3.N3.n0,dynamic_segment_level_v,1.7999827036515075,1.62,1.9800000000000002,PASS,False
fast_10_to_10,pex_final_precharge,N3.N3.n0,dynamic_segment_level_v,1.7999819073048438,1.62,1.9800000000000002,PASS,False
fast_10_to_10,pex_recovery,N3.N3.t2,dynamic_segment_level_v,1.79998270303502,1.62,1.9800000000000002,PASS,False
fast_10_to_10,pex_final_precharge,N3.N3.t2,dynamic_segment_level_v,1.799981906283655,1.62,1.9800000000000002,PASS,False
fast_10_to_10,pex_recovery,N3.N3.t3,dynamic_segment_level_v,1.7999827031055586,1.62,1.9800000000000002,PASS,False
fast_10_to_10,pex_final_precharge,N3.N3.t3,dynamic_segment_level_v,1.7999819071622976,1.62,1.9800000000000002,PASS,False
fast_10_to_10,pex_recovery,N3.N3.n1,dynamic_segment_level_v,1.7999827014868885,1.62,1.9800000000000002,PASS,False
fast_10_to_10,pex_final_precharge,N3.N3.n1,dynamic_segment_level_v,1.7999819025337551,1.62,1.9800000000000002,PASS,False
fast_10_to_10,pex_recovery,N3.N3.t1,dynamic_segment_level_v,1.799982638914869,1.62,1.9800000000000002,PASS,False
fast_10_to_10,pex_final_precharge,N3.N3.t1,dynamic_segment_level_v,1.7999817350309646,1.62,1.9800000000000002,PASS,False
fast_10_to_10,pex_recovery,N3.N3.t0,dynamic_segment_level_v,1.7999826953722977,1.62,1.9800000000000002,PASS,False
fast_10_to_10,pex_final_precharge,N3.N3.t0,dynamic_segment_level_v,1.799981895689738,1.62,1.9800000000000002,PASS,False
fast_10_to_11,prime,DEC0,upper_excursion_v,0.00524851771535626,,1.9800000000000002,PASS,False
fast_10_to_11,prime,DEC0,lower_excursion_v,0.0001316218544939502,-0.18000000000000002,,PASS,False
fast_10_to_11,prime,DEC0,end_level_v,0.00013457995221332123,-0.18000000000000002,0.18000000000000002,PASS,False
fast_10_to_11,prime,DEC0,unselected_max_v,0.00524851771535626,,0.18000000000000002,PASS,False
fast_10_to_11,prime,DEC1,upper_excursion_v,0.00640999475967129,,1.9800000000000002,PASS,False
fast_10_to_11,prime,DEC1,lower_excursion_v,0.00011356956941476161,-0.18000000000000002,,PASS,False
fast_10_to_11,prime,DEC1,end_level_v,0.00011709072161138644,-0.18000000000000002,0.18000000000000002,PASS,False
fast_10_to_11,prime,DEC1,unselected_max_v,0.00640999475967129,,0.18000000000000002,PASS,False
fast_10_to_11,prime,DEC2,upper_excursion_v,1.799991235079768,,1.9800000000000002,PASS,False
fast_10_to_11,prime,DEC2,lower_excursion_v,-0.020061069612654213,-0.18000000000000002,,PASS,False
fast_10_to_11,prime,DEC2,end_level_v,1.799991104967999,1.62,1.9800000000000002,PASS,False
fast_10_to_11,prime,DEC2,settled_min_v,1.7999880136309463,1.62,,PASS,False
fast_10_to_11,prime,DEC3,upper_excursion_v,0.005783510930049815,,1.9800000000000002,PASS,False
fast_10_to_11,prime,DEC3,lower_excursion_v,0.00012144660316702445,-0.18000000000000002,,PASS,False
fast_10_to_11,prime,DEC3,end_level_v,0.0001248152660400315,-0.18000000000000002,0.18000000000000002,PASS,False
fast_10_to_11,prime,DEC3,unselected_max_v,0.005783510930049815,,0.18000000000000002,PASS,False
fast_10_to_11,prime,WL0,upper_excursion_v,0.00014796341863486666,,1.9800000000000002,PASS,False
fast_10_to_11,prime,WL0,lower_excursion_v,0.00012578503277027608,-0.18000000000000002,,PASS,False
fast_10_to_11,prime,WL0,end_level_v,0.00014468714810033,-0.18000000000000002,0.18000000000000002,PASS,False
fast_10_to_11,prime,WL0,unselected_max_v,0.00014796341863486666,,0.18000000000000002,PASS,False
fast_10_to_11,prime,WL1,upper_excursion_v,0.00014869533281432058,,1.9800000000000002,PASS,False
fast_10_to_11,prime,WL1,lower_excursion_v,0.00012484345336676982,-0.18000000000000002,,PASS,False
fast_10_to_11,prime,WL1,end_level_v,0.00014468714681495996,-0.18000000000000002,0.18000000000000002,PASS,False
fast_10_to_11,prime,WL1,unselected_max_v,0.00014869533281432058,,0.18000000000000002,PASS,False
fast_10_to_11,prime,WL2,upper_excursion_v,1.7999992960662774,,1.9800000000000002,PASS,False
fast_10_to_11,prime,WL2,lower_excursion_v,-0.021450658440215965,-0.18000000000000002,,PASS,False
fast_10_to_11,prime,WL2,end_level_v,1.7999992960662774,1.62,1.9800000000000002,PASS,False
fast_10_to_11,prime,WL2,settled_min_v,1.7994741205018427,1.62,,PASS,False
fast_10_to_11,prime,WL3,upper_excursion_v,0.000147937060906922,,1.9800000000000002,PASS,False
fast_10_to_11,prime,WL3,lower_excursion_v,0.00013383413017907633,-0.18000000000000002,,PASS,False
fast_10_to_11,prime,WL3,end_level_v,0.0001446871471933119,-0.18000000000000002,0.18000000000000002,PASS,False
fast_10_to_11,prime,WL3,unselected_max_v,0.000147937060906922,,0.18000000000000002,PASS,False
fast_10_to_11,test,DEC0,upper_excursion_v,0.005235156028564968,,1.9800000000000002,PASS,False
fast_10_to_11,test,DEC0,lower_excursion_v,0.00010467704317315627,-0.18000000000000002,,PASS,False
fast_10_to_11,test,DEC0,end_level_v,0.0001093672901114819,-0.18000000000000002,0.18000000000000002,PASS,False
fast_10_to_11,test,DEC0,unselected_max_v,0.005235156028564968,,0.18000000000000002,PASS,False
fast_10_to_11,test,DEC1,upper_excursion_v,0.006373013299371688,,1.9800000000000002,PASS,False
fast_10_to_11,test,DEC1,lower_excursion_v,0.0001280332261222785,-0.18000000000000002,,PASS,False
fast_10_to_11,test,DEC1,end_level_v,0.0001321753855136002,-0.18000000000000002,0.18000000000000002,PASS,False
fast_10_to_11,test,DEC1,unselected_max_v,0.006373013299371688,,0.18000000000000002,PASS,False
fast_10_to_11,test,DEC2,upper_excursion_v,0.006519195722513846,,1.9800000000000002,PASS,False
fast_10_to_11,test,DEC2,lower_excursion_v,0.00010456641095758474,-0.18000000000000002,,PASS,False
fast_10_to_11,test,DEC2,end_level_v,0.0001584095957357813,-0.18000000000000002,0.18000000000000002,PASS,False
fast_10_to_11,test,DEC2,unselected_max_v,0.006519195722513846,,0.18000000000000002,PASS,False
fast_10_to_11,test,DEC3,upper_excursion_v,1.7999907347807644,,1.9800000000000002,PASS,False
fast_10_to_11,test,DEC3,lower_excursion_v,-0.020462970379059676,-0.18000000000000002,,PASS,False
fast_10_to_11,test,DEC3,end_level_v,1.79999010722091,1.62,1.9800000000000002,PASS,False
fast_10_to_11,test,DEC3,settled_min_v,1.79999010722091,1.62,,PASS,False
fast_10_to_11,test,WL0,upper_excursion_v,0.00014788830130398268,,1.9800000000000002,PASS,False
fast_10_to_11,test,WL0,lower_excursion_v,0.00012758961290645264,-0.18000000000000002,,PASS,False
fast_10_to_11,test,WL0,end_level_v,0.0001446871459207079,-0.18000000000000002,0.18000000000000002,PASS,False
fast_10_to_11,test,WL0,unselected_max_v,0.00014788830130398268,,0.18000000000000002,PASS,False
fast_10_to_11,test,WL1,upper_excursion_v,0.0001486168711070675,,1.9800000000000002,PASS,False
fast_10_to_11,test,WL1,lower_excursion_v,0.00012511978246581583,-0.18000000000000002,,PASS,False
fast_10_to_11,test,WL1,end_level_v,0.00014468714724392748,-0.18000000000000002,0.18000000000000002,PASS,False
fast_10_to_11,test,WL1,unselected_max_v,0.0001486168711070675,,0.18000000000000002,PASS,False
fast_10_to_11,test,WL2,upper_excursion_v,0.00014861620117457444,,1.9800000000000002,PASS,False
fast_10_to_11,test,WL2,lower_excursion_v,0.0001268053174788791,-0.18000000000000002,,PASS,False
fast_10_to_11,test,WL2,end_level_v,0.00014468710562658629,-0.18000000000000002,0.18000000000000002,PASS,False
fast_10_to_11,test,WL2,unselected_max_v,0.00014861620117457444,,0.18000000000000002,PASS,False
fast_10_to_11,test,WL3,upper_excursion_v,1.7999992960665538,,1.9800000000000002,PASS,False
fast_10_to_11,test,WL3,lower_excursion_v,-0.021541021640696455,-0.18000000000000002,,PASS,False
fast_10_to_11,test,WL3,end_level_v,1.7999992960665452,1.62,1.9800000000000002,PASS,False
fast_10_to_11,test,WL3,settled_min_v,1.7995687773611821,1.62,,PASS,False
fast_10_to_11,recovery,DEC0,end_level_v,0.00022827160235248798,-0.18000000000000002,0.18000000000000002,PASS,False
fast_10_to_11,recovery,DEC0,settled_max_v,0.0004209779737478592,,0.18000000000000002,PASS,False
fast_10_to_11,recovery,DEC1,end_level_v,0.00023116880150750657,-0.18000000000000002,0.18000000000000002,PASS,False
fast_10_to_11,recovery,DEC1,settled_max_v,0.0008938782621834918,,0.18000000000000002,PASS,False
fast_10_to_11,recovery,DEC2,end_level_v,0.00023577743761415415,-0.18000000000000002,0.18000000000000002,PASS,False
fast_10_to_11,recovery,DEC2,settled_max_v,0.0005683490289431727,,0.18000000000000002,PASS,False
fast_10_to_11,recovery,DEC3,end_level_v,0.00023373809172248848,-0.18000000000000002,0.18000000000000002,PASS,False
fast_10_to_11,recovery,DEC3,settled_max_v,0.0009381445409430771,,0.18000000000000002,PASS,False
fast_10_to_11,recovery,WL0,end_level_v,0.00014468717177161064,-0.18000000000000002,0.18000000000000002,PASS,False
fast_10_to_11,recovery,WL0,settled_max_v,0.00014526117922737132,,0.18000000000000002,PASS,False
fast_10_to_11,recovery,WL1,end_level_v,0.00014468717040890788,-0.18000000000000002,0.18000000000000002,PASS,False
fast_10_to_11,recovery,WL1,settled_max_v,0.00014495522386607251,,0.18000000000000002,PASS,False
fast_10_to_11,recovery,WL2,end_level_v,0.0001446871926113388,-0.18000000000000002,0.18000000000000002,PASS,False
fast_10_to_11,recovery,WL2,settled_max_v,0.00014518204092752986,,0.18000000000000002,PASS,False
fast_10_to_11,recovery,WL3,end_level_v,0.00014468716674134147,-0.18000000000000002,0.18000000000000002,PASS,False
fast_10_to_11,recovery,WL3,settled_max_v,0.00014496777136322738,,0.18000000000000002,PASS,False
fast_10_to_11,recovery,N0,end_level_v,1.7999970392930142,1.62,1.9800000000000002,PASS,False
fast_10_to_11,recovery,N1,end_level_v,1.8000189452192883,1.62,1.9800000000000002,PASS,False
fast_10_to_11,recovery,N2,end_level_v,1.7994143722714773,1.62,1.9800000000000002,PASS,False
fast_10_to_11,recovery,N3,end_level_v,1.799875085683311,1.62,1.9800000000000002,PASS,False
fast_10_to_11,final_precharge,DEC0,settled_max_v,0.00023870509869279233,,0.18000000000000002,PASS,False
fast_10_to_11,final_precharge,DEC0,settled_min_v,0.00022778309238576948,-0.18000000000000002,,PASS,False
fast_10_to_11,final_precharge,DEC1,settled_max_v,0.0002429653488159872,,0.18000000000000002,PASS,False
fast_10_to_11,final_precharge,DEC1,settled_min_v,0.00023091412248216377,-0.18000000000000002,,PASS,False
fast_10_to_11,final_precharge,DEC2,settled_max_v,0.00024833747583745186,,0.18000000000000002,PASS,False
fast_10_to_11,final_precharge,DEC2,settled_min_v,0.00023388099228382662,-0.18000000000000002,,PASS,False
fast_10_to_11,final_precharge,DEC3,settled_max_v,0.0003202233462645758,,0.18000000000000002,PASS,False
fast_10_to_11,final_precharge,DEC3,settled_min_v,0.0002378649115311474,-0.18000000000000002,,PASS,False
fast_10_to_11,final_precharge,WL0,settled_max_v,0.00014468778592460576,,0.18000000000000002,PASS,False
fast_10_to_11,final_precharge,WL0,settled_min_v,0.00014468715803513265,-0.18000000000000002,,PASS,False
fast_10_to_11,final_precharge,WL1,settled_max_v,0.0001446878522346481,,0.18000000000000002,PASS,False
fast_10_to_11,final_precharge,WL1,settled_min_v,0.00014468715839102646,-0.18000000000000002,,PASS,False
fast_10_to_11,final_precharge,WL2,settled_max_v,0.00014468811036318283,,0.18000000000000002,PASS,False
fast_10_to_11,final_precharge,WL2,settled_min_v,0.0001446871589145143,-0.18000000000000002,,PASS,False
fast_10_to_11,final_precharge,WL3,settled_max_v,0.0001446983826543153,,0.18000000000000002,PASS,False
fast_10_to_11,final_precharge,WL3,settled_min_v,0.0001446871665611815,-0.18000000000000002,,PASS,False
fast_10_to_11,final_precharge,N0,end_level_v,1.7999937260362475,1.62,1.9800000000000002,PASS,False
fast_10_to_11,final_precharge,N1,end_level_v,1.8000004652126624,1.62,1.9800000000000002,PASS,False
fast_10_to_11,final_precharge,N2,end_level_v,1.7999340077085142,1.62,1.9800000000000002,PASS,False
fast_10_to_11,final_precharge,N3,end_level_v,1.7987903923705162,1.62,1.9800000000000002,PASS,False
fast_10_to_11,pex_recovery,N0.N0.t1,dynamic_segment_level_v,1.7999966095379232,1.62,1.9800000000000002,PASS,False
fast_10_to_11,pex_final_precharge,N0.N0.t1,dynamic_segment_level_v,1.7999935182855022,1.62,1.9800000000000002,PASS,False
fast_10_to_11,pex_recovery,N0.N0.t3,dynamic_segment_level_v,1.7999970392930142,1.62,1.9800000000000002,PASS,False
fast_10_to_11,pex_final_precharge,N0.N0.t3,dynamic_segment_level_v,1.7999937260362475,1.62,1.9800000000000002,PASS,False
fast_10_to_11,pex_recovery,N0.N0.n1,dynamic_segment_level_v,1.7999970258256663,1.62,1.9800000000000002,PASS,False
fast_10_to_11,pex_final_precharge,N0.N0.n1,dynamic_segment_level_v,1.7999937208988352,1.62,1.9800000000000002,PASS,False
fast_10_to_11,pex_recovery,N0.N0.n0,dynamic_segment_level_v,1.799997036070429,1.62,1.9800000000000002,PASS,False
fast_10_to_11,pex_final_precharge,N0.N0.n0,dynamic_segment_level_v,1.799993725948603,1.62,1.9800000000000002,PASS,False
fast_10_to_11,pex_recovery,N0.N0.t0,dynamic_segment_level_v,1.799997024071293,1.62,1.9800000000000002,PASS,False
fast_10_to_11,pex_final_precharge,N0.N0.t0,dynamic_segment_level_v,1.7999937193624693,1.62,1.9800000000000002,PASS,False
fast_10_to_11,pex_recovery,N0.N0,dynamic_segment_level_v,1.7999970392930142,1.62,1.9800000000000002,PASS,False
fast_10_to_11,pex_final_precharge,N0.N0,dynamic_segment_level_v,1.7999937260362475,1.62,1.9800000000000002,PASS,False
fast_10_to_11,pex_recovery,N0.N0.t2,dynamic_segment_level_v,1.7999970380410617,1.62,1.9800000000000002,PASS,False
fast_10_to_11,pex_final_precharge,N0.N0.t2,dynamic_segment_level_v,1.7999937254706844,1.62,1.9800000000000002,PASS,False
fast_10_to_11,pex_recovery,N1.N1,dynamic_segment_level_v,1.8000189452192883,1.62,1.9800000000000002,PASS,False
fast_10_to_11,pex_final_precharge,N1.N1,dynamic_segment_level_v,1.8000004652126624,1.62,1.9800000000000002,PASS,False
fast_10_to_11,pex_recovery,N1.N1.n0,dynamic_segment_level_v,1.8000189234918684,1.62,1.9800000000000002,PASS,False
fast_10_to_11,pex_final_precharge,N1.N1.n0,dynamic_segment_level_v,1.8000004625886552,1.62,1.9800000000000002,PASS,False
fast_10_to_11,pex_recovery,N1.N1.t1,dynamic_segment_level_v,1.8000164736998714,1.62,1.9800000000000002,PASS,False
fast_10_to_11,pex_final_precharge,N1.N1.t1,dynamic_segment_level_v,1.7999993660085298,1.62,1.9800000000000002,PASS,False
fast_10_to_11,pex_recovery,N1.N1.t2,dynamic_segment_level_v,1.8000189422865767,1.62,1.9800000000000002,PASS,False
fast_10_to_11,pex_final_precharge,N1.N1.t2,dynamic_segment_level_v,1.800000464188971,1.62,1.9800000000000002,PASS,False
fast_10_to_11,pex_recovery,N1.N1.n1,dynamic_segment_level_v,1.800018865615278,1.62,1.9800000000000002,PASS,False
fast_10_to_11,pex_final_precharge,N1.N1.n1,dynamic_segment_level_v,1.8000004366206224,1.62,1.9800000000000002,PASS,False
fast_10_to_11,pex_recovery,N1.N1.t0,dynamic_segment_level_v,1.8000188649820372,1.62,1.9800000000000002,PASS,False
fast_10_to_11,pex_final_precharge,N1.N1.t0,dynamic_segment_level_v,1.8000004352155856,1.62,1.9800000000000002,PASS,False
fast_10_to_11,pex_recovery,N1.N1.t3,dynamic_segment_level_v,1.8000189452192883,1.62,1.9800000000000002,PASS,False
fast_10_to_11,pex_final_precharge,N1.N1.t3,dynamic_segment_level_v,1.8000004652126624,1.62,1.9800000000000002,PASS,False
fast_10_to_11,pex_recovery,N2.N2.t3,dynamic_segment_level_v,1.7994143722714773,1.62,1.9800000000000002,PASS,False
fast_10_to_11,pex_final_precharge,N2.N2.t3,dynamic_segment_level_v,1.7999340077085142,1.62,1.9800000000000002,PASS,False
fast_10_to_11,pex_recovery,N2.N2.t2,dynamic_segment_level_v,1.7994143992860339,1.62,1.9800000000000002,PASS,False
fast_10_to_11,pex_final_precharge,N2.N2.t2,dynamic_segment_level_v,1.7999340068443233,1.62,1.9800000000000002,PASS,False
fast_10_to_11,pex_recovery,N2.N2.n0,dynamic_segment_level_v,1.7994147057205225,1.62,1.9800000000000002,PASS,False
fast_10_to_11,pex_final_precharge,N2.N2.n0,dynamic_segment_level_v,1.799934010614955,1.62,1.9800000000000002,PASS,False
fast_10_to_11,pex_recovery,N2.N2.t0,dynamic_segment_level_v,1.7994048054356238,1.62,1.9800000000000002,PASS,False
fast_10_to_11,pex_final_precharge,N2.N2.t0,dynamic_segment_level_v,1.799933069218827,1.62,1.9800000000000002,PASS,False
fast_10_to_11,pex_recovery,N2.N2,dynamic_segment_level_v,1.7994143722714773,1.62,1.9800000000000002,PASS,False
fast_10_to_11,pex_final_precharge,N2.N2,dynamic_segment_level_v,1.7999340077085142,1.62,1.9800000000000002,PASS,False
fast_10_to_11,pex_recovery,N2.N2.t1,dynamic_segment_level_v,1.7994578128855456,1.62,1.9800000000000002,PASS,False
fast_10_to_11,pex_final_precharge,N2.N2.t1,dynamic_segment_level_v,1.7999376179860254,1.62,1.9800000000000002,PASS,False
fast_10_to_11,pex_recovery,N2.N2.n1,dynamic_segment_level_v,1.7994146856937978,1.62,1.9800000000000002,PASS,False
fast_10_to_11,pex_final_precharge,N2.N2.n1,dynamic_segment_level_v,1.7999339980298312,1.62,1.9800000000000002,PASS,False
fast_10_to_11,pex_recovery,N3.N3,dynamic_segment_level_v,1.799875085683311,1.62,1.9800000000000002,PASS,False
fast_10_to_11,pex_final_precharge,N3.N3,dynamic_segment_level_v,1.7987903923705162,1.62,1.9800000000000002,PASS,False
fast_10_to_11,pex_recovery,N3.N3.n0,dynamic_segment_level_v,1.7998749568977712,1.62,1.9800000000000002,PASS,False
fast_10_to_11,pex_final_precharge,N3.N3.n0,dynamic_segment_level_v,1.798790661794016,1.62,1.9800000000000002,PASS,False
fast_10_to_11,pex_recovery,N3.N3.t2,dynamic_segment_level_v,1.799875074289516,1.62,1.9800000000000002,PASS,False
fast_10_to_11,pex_final_precharge,N3.N3.t2,dynamic_segment_level_v,1.7987904139339146,1.62,1.9800000000000002,PASS,False
fast_10_to_11,pex_recovery,N3.N3.t3,dynamic_segment_level_v,1.799875085683311,1.62,1.9800000000000002,PASS,False
fast_10_to_11,pex_final_precharge,N3.N3.t3,dynamic_segment_level_v,1.7987903923705162,1.62,1.9800000000000002,PASS,False
fast_10_to_11,pex_recovery,N3.N3.n1,dynamic_segment_level_v,1.7998750556513843,1.62,1.9800000000000002,PASS,False
fast_10_to_11,pex_final_precharge,N3.N3.n1,dynamic_segment_level_v,1.7987906704126058,1.62,1.9800000000000002,PASS,False
fast_10_to_11,pex_recovery,N3.N3.t1,dynamic_segment_level_v,1.7998831954800405,1.62,1.9800000000000002,PASS,False
fast_10_to_11,pex_final_precharge,N3.N3.t1,dynamic_segment_level_v,1.7988809241533708,1.62,1.9800000000000002,PASS,False
fast_10_to_11,pex_recovery,N3.N3.t0,dynamic_segment_level_v,1.799874159956902,1.62,1.9800000000000002,PASS,False
fast_10_to_11,pex_final_precharge,N3.N3.t0,dynamic_segment_level_v,1.7987704972010454,1.62,1.9800000000000002,PASS,False
fast_11_to_00,prime,DEC0,upper_excursion_v,0.005228509899496175,,1.9800000000000002,PASS,False
fast_11_to_00,prime,DEC0,lower_excursion_v,0.00010623656792830069,-0.18000000000000002,,PASS,False
fast_11_to_00,prime,DEC0,end_level_v,0.00011047625809382026,-0.18000000000000002,0.18000000000000002,PASS,False
fast_11_to_00,prime,DEC0,unselected_max_v,0.005228509899496175,,0.18000000000000002,PASS,False
fast_11_to_00,prime,DEC1,upper_excursion_v,0.006393443255919343,,1.9800000000000002,PASS,False
fast_11_to_00,prime,DEC1,lower_excursion_v,0.0001378438605193124,-0.18000000000000002,,PASS,False
fast_11_to_00,prime,DEC1,end_level_v,0.00014108549922425828,-0.18000000000000002,0.18000000000000002,PASS,False
fast_11_to_00,prime,DEC1,unselected_max_v,0.006393443255919343,,0.18000000000000002,PASS,False
fast_11_to_00,prime,DEC2,upper_excursion_v,0.0065090074583828254,,1.9800000000000002,PASS,False
fast_11_to_00,prime,DEC2,lower_excursion_v,0.00011532552562872566,-0.18000000000000002,,PASS,False
fast_11_to_00,prime,DEC2,end_level_v,0.00011933675777036268,-0.18000000000000002,0.18000000000000002,PASS,False
fast_11_to_00,prime,DEC2,unselected_max_v,0.0065090074583828254,,0.18000000000000002,PASS,False
fast_11_to_00,prime,DEC3,upper_excursion_v,1.799991161453933,,1.9800000000000002,PASS,False
fast_11_to_00,prime,DEC3,lower_excursion_v,-0.02002597956985429,-0.18000000000000002,,PASS,False
fast_11_to_00,prime,DEC3,end_level_v,1.79999099563401,1.62,1.9800000000000002,PASS,False
fast_11_to_00,prime,DEC3,settled_min_v,1.799990690672597,1.62,,PASS,False
fast_11_to_00,prime,WL0,upper_excursion_v,0.00014790987416919194,,1.9800000000000002,PASS,False
fast_11_to_00,prime,WL0,lower_excursion_v,0.0001261962413967185,-0.18000000000000002,,PASS,False
fast_11_to_00,prime,WL0,end_level_v,0.00014468714640906774,-0.18000000000000002,0.18000000000000002,PASS,False
fast_11_to_00,prime,WL0,unselected_max_v,0.00014790987416919194,,0.18000000000000002,PASS,False
fast_11_to_00,prime,WL1,upper_excursion_v,0.00014868264224969017,,1.9800000000000002,PASS,False
fast_11_to_00,prime,WL1,lower_excursion_v,0.0001244109379248881,-0.18000000000000002,,PASS,False
fast_11_to_00,prime,WL1,end_level_v,0.00014468714852108901,-0.18000000000000002,0.18000000000000002,PASS,False
fast_11_to_00,prime,WL1,unselected_max_v,0.00014868264224969017,,0.18000000000000002,PASS,False
fast_11_to_00,prime,WL2,upper_excursion_v,0.00014871304726958573,,1.9800000000000002,PASS,False
fast_11_to_00,prime,WL2,lower_excursion_v,0.00012557037320633604,-0.18000000000000002,,PASS,False
fast_11_to_00,prime,WL2,end_level_v,0.00014468714686544795,-0.18000000000000002,0.18000000000000002,PASS,False
fast_11_to_00,prime,WL2,unselected_max_v,0.00014871304726958573,,0.18000000000000002,PASS,False
fast_11_to_00,prime,WL3,upper_excursion_v,1.7999992960662694,,1.9800000000000002,PASS,False
fast_11_to_00,prime,WL3,lower_excursion_v,-0.021550997496709766,-0.18000000000000002,,PASS,False
fast_11_to_00,prime,WL3,end_level_v,1.799999296066269,1.62,1.9800000000000002,PASS,False
fast_11_to_00,prime,WL3,settled_min_v,1.799480905297156,1.62,,PASS,False
fast_11_to_00,test,DEC0,upper_excursion_v,1.7999929028500945,,1.9800000000000002,PASS,False
fast_11_to_00,test,DEC0,lower_excursion_v,-0.01943829427400748,-0.18000000000000002,,PASS,False
fast_11_to_00,test,DEC0,end_level_v,1.7999926026749729,1.62,1.9800000000000002,PASS,False
fast_11_to_00,test,DEC0,settled_min_v,1.7999883053504662,1.62,,PASS,False
fast_11_to_00,test,DEC1,upper_excursion_v,0.006486173470258875,,1.9800000000000002,PASS,False
fast_11_to_00,test,DEC1,lower_excursion_v,0.00011818831058016556,-0.18000000000000002,,PASS,False
fast_11_to_00,test,DEC1,end_level_v,0.00017796543562211386,-0.18000000000000002,0.18000000000000002,PASS,False
fast_11_to_00,test,DEC1,unselected_max_v,0.006486173470258875,,0.18000000000000002,PASS,False
fast_11_to_00,test,DEC2,upper_excursion_v,0.006494637620523803,,1.9800000000000002,PASS,False
fast_11_to_00,test,DEC2,lower_excursion_v,0.00013530221925237855,-0.18000000000000002,,PASS,False
fast_11_to_00,test,DEC2,end_level_v,0.00013884591640325674,-0.18000000000000002,0.18000000000000002,PASS,False
fast_11_to_00,test,DEC2,unselected_max_v,0.006494637620523803,,0.18000000000000002,PASS,False
fast_11_to_00,test,DEC3,upper_excursion_v,0.005739129533519533,,1.9800000000000002,PASS,False
fast_11_to_00,test,DEC3,lower_excursion_v,0.00011478684547193809,-0.18000000000000002,,PASS,False
fast_11_to_00,test,DEC3,end_level_v,0.00011897437857538544,-0.18000000000000002,0.18000000000000002,PASS,False
fast_11_to_00,test,DEC3,unselected_max_v,0.005739129533519533,,0.18000000000000002,PASS,False
fast_11_to_00,test,WL0,upper_excursion_v,1.7999992960664417,,1.9800000000000002,PASS,False
fast_11_to_00,test,WL0,lower_excursion_v,-0.021449812539498462,-0.18000000000000002,,PASS,False
fast_11_to_00,test,WL0,end_level_v,1.799999296066437,1.62,1.9800000000000002,PASS,False
fast_11_to_00,test,WL0,settled_min_v,1.799546251486728,1.62,,PASS,False
fast_11_to_00,test,WL1,upper_excursion_v,0.0001487742112228515,,1.9800000000000002,PASS,False
fast_11_to_00,test,WL1,lower_excursion_v,0.00012609190019102033,-0.18000000000000002,,PASS,False
fast_11_to_00,test,WL1,end_level_v,0.00014468709811377685,-0.18000000000000002,0.18000000000000002,PASS,False
fast_11_to_00,test,WL1,unselected_max_v,0.0001487742112228515,,0.18000000000000002,PASS,False
fast_11_to_00,test,WL2,upper_excursion_v,0.00014870814577793153,,1.9800000000000002,PASS,False
fast_11_to_00,test,WL2,lower_excursion_v,0.00012584306692168062,-0.18000000000000002,,PASS,False
fast_11_to_00,test,WL2,end_level_v,0.00014468714735043476,-0.18000000000000002,0.18000000000000002,PASS,False
fast_11_to_00,test,WL2,unselected_max_v,0.00014870814577793153,,0.18000000000000002,PASS,False
fast_11_to_00,test,WL3,upper_excursion_v,0.00014785287778756672,,1.9800000000000002,PASS,False
fast_11_to_00,test,WL3,lower_excursion_v,0.0001345179687762864,-0.18000000000000002,,PASS,False
fast_11_to_00,test,WL3,end_level_v,0.00014468714591437374,-0.18000000000000002,0.18000000000000002,PASS,False
fast_11_to_00,test,WL3,unselected_max_v,0.00014785287778756672,,0.18000000000000002,PASS,False
fast_11_to_00,recovery,DEC0,end_level_v,0.00023378434644531984,-0.18000000000000002,0.18000000000000002,PASS,False
fast_11_to_00,recovery,DEC0,settled_max_v,0.0016881919789442153,,0.18000000000000002,PASS,False
fast_11_to_00,recovery,DEC1,end_level_v,0.00023660792128018363,-0.18000000000000002,0.18000000000000002,PASS,False
fast_11_to_00,recovery,DEC1,settled_max_v,0.0011783093695102859,,0.18000000000000002,PASS,False
fast_11_to_00,recovery,DEC2,end_level_v,0.00023584070515723023,-0.18000000000000002,0.18000000000000002,PASS,False
fast_11_to_00,recovery,DEC2,settled_max_v,0.0016991282365260811,,0.18000000000000002,PASS,False
fast_11_to_00,recovery,DEC3,end_level_v,0.00023572304950882086,-0.18000000000000002,0.18000000000000002,PASS,False
fast_11_to_00,recovery,DEC3,settled_max_v,0.001402496973775914,,0.18000000000000002,PASS,False
fast_11_to_00,recovery,WL0,end_level_v,0.00014468723916525453,-0.18000000000000002,0.18000000000000002,PASS,False
fast_11_to_00,recovery,WL0,settled_max_v,0.00014790118974737786,,0.18000000000000002,PASS,False
fast_11_to_00,recovery,WL1,end_level_v,0.00014468725973821112,-0.18000000000000002,0.18000000000000002,PASS,False
fast_11_to_00,recovery,WL1,settled_max_v,0.0001472248642697948,,0.18000000000000002,PASS,False
fast_11_to_00,recovery,WL2,end_level_v,0.00014468718433849635,-0.18000000000000002,0.18000000000000002,PASS,False
fast_11_to_00,recovery,WL2,settled_max_v,0.00014667196645318811,,0.18000000000000002,PASS,False
fast_11_to_00,recovery,WL3,end_level_v,0.0001446871740336406,-0.18000000000000002,0.18000000000000002,PASS,False
fast_11_to_00,recovery,WL3,settled_max_v,0.00014618990428291994,,0.18000000000000002,PASS,False
fast_11_to_00,recovery,N0,end_level_v,1.7989884457836707,1.62,1.9800000000000002,PASS,False
fast_11_to_00,recovery,N1,end_level_v,1.7991327612079877,1.62,1.9800000000000002,PASS,False
fast_11_to_00,recovery,N2,end_level_v,1.7999438384851965,1.62,1.9800000000000002,PASS,False
fast_11_to_00,recovery,N3,end_level_v,1.7999856261145661,1.62,1.9800000000000002,PASS,False
fast_11_to_00,final_precharge,DEC0,settled_max_v,0.00030567928702437383,,0.18000000000000002,PASS,False
fast_11_to_00,final_precharge,DEC0,settled_min_v,0.0002322186180215846,-0.18000000000000002,,PASS,False
fast_11_to_00,final_precharge,DEC1,settled_max_v,0.0002427051471648501,,0.18000000000000002,PASS,False
fast_11_to_00,final_precharge,DEC1,settled_min_v,0.0002320744417610763,-0.18000000000000002,,PASS,False
fast_11_to_00,final_precharge,DEC2,settled_max_v,0.0002443345237520181,,0.18000000000000002,PASS,False
fast_11_to_00,final_precharge,DEC2,settled_min_v,0.00023465717064675228,-0.18000000000000002,,PASS,False
fast_11_to_00,final_precharge,DEC3,settled_max_v,0.0002432234373267778,,0.18000000000000002,PASS,False
fast_11_to_00,final_precharge,DEC3,settled_min_v,0.00023527706963159074,-0.18000000000000002,,PASS,False
fast_11_to_00,final_precharge,WL0,settled_max_v,0.00014469883559692224,,0.18000000000000002,PASS,False
fast_11_to_00,final_precharge,WL0,settled_min_v,0.00014468716587942029,-0.18000000000000002,,PASS,False
fast_11_to_00,final_precharge,WL1,settled_max_v,0.00014468778116892697,,0.18000000000000002,PASS,False
fast_11_to_00,final_precharge,WL1,settled_min_v,0.000144687158322004,-0.18000000000000002,,PASS,False
fast_11_to_00,final_precharge,WL2,settled_max_v,0.00014468757888414164,,0.18000000000000002,PASS,False
fast_11_to_00,final_precharge,WL2,settled_min_v,0.00014468715844594574,-0.18000000000000002,,PASS,False
fast_11_to_00,final_precharge,WL3,settled_max_v,0.0001446876003729706,,0.18000000000000002,PASS,False
fast_11_to_00,final_precharge,WL3,settled_min_v,0.00014468715776379856,-0.18000000000000002,,PASS,False
fast_11_to_00,final_precharge,N0,end_level_v,1.7988309551517463,1.62,1.9800000000000002,PASS,False
fast_11_to_00,final_precharge,N1,end_level_v,1.7999370392672263,1.62,1.9800000000000002,PASS,False
fast_11_to_00,final_precharge,N2,end_level_v,1.799996173446725,1.62,1.9800000000000002,PASS,False
fast_11_to_00,final_precharge,N3,end_level_v,1.799983778043876,1.62,1.9800000000000002,PASS,False
fast_11_to_00,pex_recovery,N0.N0.t1,dynamic_segment_level_v,1.7990649442450621,1.62,1.9800000000000002,PASS,False
fast_11_to_00,pex_final_precharge,N0.N0.t1,dynamic_segment_level_v,1.7989192372970368,1.62,1.9800000000000002,PASS,False
fast_11_to_00,pex_recovery,N0.N0.t3,dynamic_segment_level_v,1.7989884457836707,1.62,1.9800000000000002,PASS,False
fast_11_to_00,pex_final_precharge,N0.N0.t3,dynamic_segment_level_v,1.7988309551517463,1.62,1.9800000000000002,PASS,False
fast_11_to_00,pex_recovery,N0.N0.n1,dynamic_segment_level_v,1.7989891339158206,1.62,1.9800000000000002,PASS,False
fast_11_to_00,pex_final_precharge,N0.N0.n1,dynamic_segment_level_v,1.7988312199533838,1.62,1.9800000000000002,PASS,False
fast_11_to_00,pex_recovery,N0.N0.n0,dynamic_segment_level_v,1.7989891154838624,1.62,1.9800000000000002,PASS,False
fast_11_to_00,pex_final_precharge,N0.N0.n0,dynamic_segment_level_v,1.7988312125818966,1.62,1.9800000000000002,PASS,False
fast_11_to_00,pex_recovery,N0.N0.t0,dynamic_segment_level_v,1.7989722584544052,1.62,1.9800000000000002,PASS,False
fast_11_to_00,pex_final_precharge,N0.N0.t0,dynamic_segment_level_v,1.7988115375620033,1.62,1.9800000000000002,PASS,False
fast_11_to_00,pex_recovery,N0.N0,dynamic_segment_level_v,1.7989884457836707,1.62,1.9800000000000002,PASS,False
fast_11_to_00,pex_final_precharge,N0.N0,dynamic_segment_level_v,1.7988309551517463,1.62,1.9800000000000002,PASS,False
fast_11_to_00,pex_recovery,N0.N0.t2,dynamic_segment_level_v,1.7989884986413294,1.62,1.9800000000000002,PASS,False
fast_11_to_00,pex_final_precharge,N0.N0.t2,dynamic_segment_level_v,1.7988309764400423,1.62,1.9800000000000002,PASS,False
fast_11_to_00,pex_recovery,N1.N1,dynamic_segment_level_v,1.7991327612079877,1.62,1.9800000000000002,PASS,False
fast_11_to_00,pex_final_precharge,N1.N1,dynamic_segment_level_v,1.7999370392672263,1.62,1.9800000000000002,PASS,False
fast_11_to_00,pex_recovery,N1.N1.n0,dynamic_segment_level_v,1.7991334980457911,1.62,1.9800000000000002,PASS,False
fast_11_to_00,pex_final_precharge,N1.N1.n0,dynamic_segment_level_v,1.7999370425080283,1.62,1.9800000000000002,PASS,False
fast_11_to_00,pex_recovery,N1.N1.t1,dynamic_segment_level_v,1.7991979790914578,1.62,1.9800000000000002,PASS,False
fast_11_to_00,pex_final_precharge,N1.N1.t1,dynamic_segment_level_v,1.7999407749525869,1.62,1.9800000000000002,PASS,False
fast_11_to_00,pex_recovery,N1.N1.t2,dynamic_segment_level_v,1.7991328193086158,1.62,1.9800000000000002,PASS,False
fast_11_to_00,pex_final_precharge,N1.N1.t2,dynamic_segment_level_v,1.7999370391118692,1.62,1.9800000000000002,PASS,False
fast_11_to_00,pex_recovery,N1.N1.n1,dynamic_segment_level_v,1.7991335005924298,1.62,1.9800000000000002,PASS,False
fast_11_to_00,pex_final_precharge,N1.N1.n1,dynamic_segment_level_v,1.7999370289950056,1.62,1.9800000000000002,PASS,False
fast_11_to_00,pex_recovery,N1.N1.t0,dynamic_segment_level_v,1.7991190125140184,1.62,1.9800000000000002,PASS,False
fast_11_to_00,pex_final_precharge,N1.N1.t0,dynamic_segment_level_v,1.7999360633039756,1.62,1.9800000000000002,PASS,False
fast_11_to_00,pex_recovery,N1.N1.t3,dynamic_segment_level_v,1.7991327612079877,1.62,1.9800000000000002,PASS,False
fast_11_to_00,pex_final_precharge,N1.N1.t3,dynamic_segment_level_v,1.7999370392672263,1.62,1.9800000000000002,PASS,False
fast_11_to_00,pex_recovery,N2.N2.t3,dynamic_segment_level_v,1.7999438384851965,1.62,1.9800000000000002,PASS,False
fast_11_to_00,pex_final_precharge,N2.N2.t3,dynamic_segment_level_v,1.799996173446725,1.62,1.9800000000000002,PASS,False
fast_11_to_00,pex_recovery,N2.N2.t2,dynamic_segment_level_v,1.7999438374711383,1.62,1.9800000000000002,PASS,False
fast_11_to_00,pex_final_precharge,N2.N2.t2,dynamic_segment_level_v,1.7999961728140166,1.62,1.9800000000000002,PASS,False
fast_11_to_00,pex_recovery,N2.N2.n0,dynamic_segment_level_v,1.7999438647386936,1.62,1.9800000000000002,PASS,False
fast_11_to_00,pex_final_precharge,N2.N2.n0,dynamic_segment_level_v,1.7999961712403594,1.62,1.9800000000000002,PASS,False
fast_11_to_00,pex_recovery,N2.N2.t0,dynamic_segment_level_v,1.7999439302534108,1.62,1.9800000000000002,PASS,False
fast_11_to_00,pex_final_precharge,N2.N2.t0,dynamic_segment_level_v,1.7999961455869722,1.62,1.9800000000000002,PASS,False
fast_11_to_00,pex_recovery,N2.N2,dynamic_segment_level_v,1.7999438384851965,1.62,1.9800000000000002,PASS,False
fast_11_to_00,pex_final_precharge,N2.N2,dynamic_segment_level_v,1.799996173446725,1.62,1.9800000000000002,PASS,False
fast_11_to_00,pex_recovery,N2.N2.t1,dynamic_segment_level_v,1.7999467695078788,1.62,1.9800000000000002,PASS,False
fast_11_to_00,pex_final_precharge,N2.N2.t1,dynamic_segment_level_v,1.799995145968309,1.62,1.9800000000000002,PASS,False
fast_11_to_00,pex_recovery,N2.N2.n1,dynamic_segment_level_v,1.7999439330111326,1.62,1.9800000000000002,PASS,False
fast_11_to_00,pex_final_precharge,N2.N2.n1,dynamic_segment_level_v,1.799996146955767,1.62,1.9800000000000002,PASS,False
fast_11_to_00,pex_recovery,N3.N3,dynamic_segment_level_v,1.7999856261145661,1.62,1.9800000000000002,PASS,False
fast_11_to_00,pex_final_precharge,N3.N3,dynamic_segment_level_v,1.799983778043876,1.62,1.9800000000000002,PASS,False
fast_11_to_00,pex_recovery,N3.N3.n0,dynamic_segment_level_v,1.7999856233678102,1.62,1.9800000000000002,PASS,False
fast_11_to_00,pex_final_precharge,N3.N3.n0,dynamic_segment_level_v,1.7999837781712869,1.62,1.9800000000000002,PASS,False
fast_11_to_00,pex_recovery,N3.N3.t2,dynamic_segment_level_v,1.7999856228569528,1.62,1.9800000000000002,PASS,False
fast_11_to_00,pex_final_precharge,N3.N3.t2,dynamic_segment_level_v,1.7999837776448098,1.62,1.9800000000000002,PASS,False
fast_11_to_00,pex_recovery,N3.N3.t3,dynamic_segment_level_v,1.7999856261145661,1.62,1.9800000000000002,PASS,False
fast_11_to_00,pex_final_precharge,N3.N3.t3,dynamic_segment_level_v,1.799983778043876,1.62,1.9800000000000002,PASS,False
fast_11_to_00,pex_recovery,N3.N3.n1,dynamic_segment_level_v,1.7999856123905396,1.62,1.9800000000000002,PASS,False
fast_11_to_00,pex_final_precharge,N3.N3.n1,dynamic_segment_level_v,1.799983773518099,1.62,1.9800000000000002,PASS,False
fast_11_to_00,pex_recovery,N3.N3.t1,dynamic_segment_level_v,1.7999851621835186,1.62,1.9800000000000002,PASS,False
fast_11_to_00,pex_final_precharge,N3.N3.t1,dynamic_segment_level_v,1.7999835871858134,1.62,1.9800000000000002,PASS,False
fast_11_to_00,pex_recovery,N3.N3.t0,dynamic_segment_level_v,1.7999856113094685,1.62,1.9800000000000002,PASS,False
fast_11_to_00,pex_final_precharge,N3.N3.t0,dynamic_segment_level_v,1.7999837720104308,1.62,1.9800000000000002,PASS,False
fast_11_to_01,prime,DEC0,upper_excursion_v,0.005228509899496175,,1.9800000000000002,PASS,False
fast_11_to_01,prime,DEC0,lower_excursion_v,0.00010623656792830069,-0.18000000000000002,,PASS,False
fast_11_to_01,prime,DEC0,end_level_v,0.00011047625809382026,-0.18000000000000002,0.18000000000000002,PASS,False
fast_11_to_01,prime,DEC0,unselected_max_v,0.005228509899496175,,0.18000000000000002,PASS,False
fast_11_to_01,prime,DEC1,upper_excursion_v,0.006393443255919343,,1.9800000000000002,PASS,False
fast_11_to_01,prime,DEC1,lower_excursion_v,0.0001378438605193124,-0.18000000000000002,,PASS,False
fast_11_to_01,prime,DEC1,end_level_v,0.00014108549922425828,-0.18000000000000002,0.18000000000000002,PASS,False
fast_11_to_01,prime,DEC1,unselected_max_v,0.006393443255919343,,0.18000000000000002,PASS,False
fast_11_to_01,prime,DEC2,upper_excursion_v,0.0065090074583828254,,1.9800000000000002,PASS,False
fast_11_to_01,prime,DEC2,lower_excursion_v,0.00011532552562872566,-0.18000000000000002,,PASS,False
fast_11_to_01,prime,DEC2,end_level_v,0.00011933675777036268,-0.18000000000000002,0.18000000000000002,PASS,False
fast_11_to_01,prime,DEC2,unselected_max_v,0.0065090074583828254,,0.18000000000000002,PASS,False
fast_11_to_01,prime,DEC3,upper_excursion_v,1.799991161453933,,1.9800000000000002,PASS,False
fast_11_to_01,prime,DEC3,lower_excursion_v,-0.02002597956985429,-0.18000000000000002,,PASS,False
fast_11_to_01,prime,DEC3,end_level_v,1.79999099563401,1.62,1.9800000000000002,PASS,False
fast_11_to_01,prime,DEC3,settled_min_v,1.799990690672597,1.62,,PASS,False
fast_11_to_01,prime,WL0,upper_excursion_v,0.00014790987416919194,,1.9800000000000002,PASS,False
fast_11_to_01,prime,WL0,lower_excursion_v,0.0001261962413967185,-0.18000000000000002,,PASS,False
fast_11_to_01,prime,WL0,end_level_v,0.00014468714640906774,-0.18000000000000002,0.18000000000000002,PASS,False
fast_11_to_01,prime,WL0,unselected_max_v,0.00014790987416919194,,0.18000000000000002,PASS,False
fast_11_to_01,prime,WL1,upper_excursion_v,0.00014868264224969017,,1.9800000000000002,PASS,False
fast_11_to_01,prime,WL1,lower_excursion_v,0.0001244109379248881,-0.18000000000000002,,PASS,False
fast_11_to_01,prime,WL1,end_level_v,0.00014468714852108901,-0.18000000000000002,0.18000000000000002,PASS,False
fast_11_to_01,prime,WL1,unselected_max_v,0.00014868264224969017,,0.18000000000000002,PASS,False
fast_11_to_01,prime,WL2,upper_excursion_v,0.00014871304726958573,,1.9800000000000002,PASS,False
fast_11_to_01,prime,WL2,lower_excursion_v,0.00012557037320633604,-0.18000000000000002,,PASS,False
fast_11_to_01,prime,WL2,end_level_v,0.00014468714686544795,-0.18000000000000002,0.18000000000000002,PASS,False
fast_11_to_01,prime,WL2,unselected_max_v,0.00014871304726958573,,0.18000000000000002,PASS,False
fast_11_to_01,prime,WL3,upper_excursion_v,1.7999992960662694,,1.9800000000000002,PASS,False
fast_11_to_01,prime,WL3,lower_excursion_v,-0.021550997496709766,-0.18000000000000002,,PASS,False
fast_11_to_01,prime,WL3,end_level_v,1.799999296066269,1.62,1.9800000000000002,PASS,False
fast_11_to_01,prime,WL3,settled_min_v,1.799480905297156,1.62,,PASS,False
fast_11_to_01,test,DEC0,upper_excursion_v,0.005313977252397366,,1.9800000000000002,PASS,False
fast_11_to_01,test,DEC0,lower_excursion_v,0.00010994471126538081,-0.18000000000000002,,PASS,False
fast_11_to_01,test,DEC0,end_level_v,0.0001638238422967289,-0.18000000000000002,0.18000000000000002,PASS,False
fast_11_to_01,test,DEC0,unselected_max_v,0.005313977252397366,,0.18000000000000002,PASS,False
fast_11_to_01,test,DEC1,upper_excursion_v,1.799992065132032,,1.9800000000000002,PASS,False
fast_11_to_01,test,DEC1,lower_excursion_v,-0.02037221257697145,-0.18000000000000002,,PASS,False
fast_11_to_01,test,DEC1,end_level_v,1.7999917268196346,1.62,1.9800000000000002,PASS,False
fast_11_to_01,test,DEC1,settled_min_v,1.7999898920990494,1.62,,PASS,False
fast_11_to_01,test,DEC2,upper_excursion_v,0.006507472509501663,,1.9800000000000002,PASS,False
fast_11_to_01,test,DEC2,lower_excursion_v,0.0001070491297721426,-0.18000000000000002,,PASS,False
fast_11_to_01,test,DEC2,end_level_v,0.00011150518485771397,-0.18000000000000002,0.18000000000000002,PASS,False
fast_11_to_01,test,DEC2,unselected_max_v,0.006507472509501663,,0.18000000000000002,PASS,False
fast_11_to_01,test,DEC3,upper_excursion_v,0.005599210808189343,,1.9800000000000002,PASS,False
fast_11_to_01,test,DEC3,lower_excursion_v,0.00013266535477224946,-0.18000000000000002,,PASS,False
fast_11_to_01,test,DEC3,end_level_v,0.00013638511743755983,-0.18000000000000002,0.18000000000000002,PASS,False
fast_11_to_01,test,DEC3,unselected_max_v,0.005599210808189343,,0.18000000000000002,PASS,False
fast_11_to_01,test,WL0,upper_excursion_v,0.0001480265657357341,,1.9800000000000002,PASS,False
fast_11_to_01,test,WL0,lower_excursion_v,0.00012705996722095803,-0.18000000000000002,,PASS,False
fast_11_to_01,test,WL0,end_level_v,0.00014468710299699917,-0.18000000000000002,0.18000000000000002,PASS,False
fast_11_to_01,test,WL0,unselected_max_v,0.0001480265657357341,,0.18000000000000002,PASS,False
fast_11_to_01,test,WL1,upper_excursion_v,1.7999992960664462,,1.9800000000000002,PASS,False
fast_11_to_01,test,WL1,lower_excursion_v,-0.021476630108564085,-0.18000000000000002,,PASS,False
fast_11_to_01,test,WL1,end_level_v,1.7999992960664457,1.62,1.9800000000000002,PASS,False
fast_11_to_01,test,WL1,settled_min_v,1.7995647035259168,1.62,,PASS,False
fast_11_to_01,test,WL2,upper_excursion_v,0.00014864436955969892,,1.9800000000000002,PASS,False
fast_11_to_01,test,WL2,lower_excursion_v,0.00012685664112498771,-0.18000000000000002,,PASS,False
fast_11_to_01,test,WL2,end_level_v,0.0001446871457226519,-0.18000000000000002,0.18000000000000002,PASS,False
fast_11_to_01,test,WL2,unselected_max_v,0.00014864436955969892,,0.18000000000000002,PASS,False
fast_11_to_01,test,WL3,upper_excursion_v,0.00014781353069251495,,1.9800000000000002,PASS,False
fast_11_to_01,test,WL3,lower_excursion_v,0.00013277480200879997,-0.18000000000000002,,PASS,False
fast_11_to_01,test,WL3,end_level_v,0.00014468714741082268,-0.18000000000000002,0.18000000000000002,PASS,False
fast_11_to_01,test,WL3,unselected_max_v,0.00014781353069251495,,0.18000000000000002,PASS,False
fast_11_to_01,recovery,DEC0,end_level_v,0.00023179622683589378,-0.18000000000000002,0.18000000000000002,PASS,False
fast_11_to_01,recovery,DEC0,settled_max_v,0.0014511234764404796,,0.18000000000000002,PASS,False
fast_11_to_01,recovery,DEC1,end_level_v,0.00023168390929922286,-0.18000000000000002,0.18000000000000002,PASS,False
fast_11_to_01,recovery,DEC1,settled_max_v,0.001247084851155083,,0.18000000000000002,PASS,False
fast_11_to_01,recovery,DEC2,end_level_v,0.0002339219032235524,-0.18000000000000002,0.18000000000000002,PASS,False
fast_11_to_01,recovery,DEC2,settled_max_v,0.0013646573171734256,,0.18000000000000002,PASS,False
fast_11_to_01,recovery,DEC3,end_level_v,0.00023464579961717213,-0.18000000000000002,0.18000000000000002,PASS,False
fast_11_to_01,recovery,DEC3,settled_max_v,0.0014211457229164196,,0.18000000000000002,PASS,False
fast_11_to_01,recovery,WL0,end_level_v,0.00014468724323700067,-0.18000000000000002,0.18000000000000002,PASS,False
fast_11_to_01,recovery,WL0,settled_max_v,0.00014685137397551314,,0.18000000000000002,PASS,False
fast_11_to_01,recovery,WL1,end_level_v,0.00014468715580151674,-0.18000000000000002,0.18000000000000002,PASS,False
fast_11_to_01,recovery,WL1,settled_max_v,0.0001466378631931209,,0.18000000000000002,PASS,False
fast_11_to_01,recovery,WL2,end_level_v,0.0001446871609667529,-0.18000000000000002,0.18000000000000002,PASS,False
fast_11_to_01,recovery,WL2,settled_max_v,0.00014554920004525212,,0.18000000000000002,PASS,False
fast_11_to_01,recovery,WL3,end_level_v,0.00014468716124105862,-0.18000000000000002,0.18000000000000002,PASS,False
fast_11_to_01,recovery,WL3,settled_max_v,0.00014555604099641804,,0.18000000000000002,PASS,False
fast_11_to_01,recovery,N0,end_level_v,1.7991097544882872,1.62,1.9800000000000002,PASS,False
fast_11_to_01,recovery,N1,end_level_v,1.7996939486987118,1.62,1.9800000000000002,PASS,False
fast_11_to_01,recovery,N2,end_level_v,1.799986251731482,1.62,1.9800000000000002,PASS,False
fast_11_to_01,recovery,N3,end_level_v,1.7999939500672477,1.62,1.9800000000000002,PASS,False
fast_11_to_01,final_precharge,DEC0,settled_max_v,0.00023932734406476592,,0.18000000000000002,PASS,False
fast_11_to_01,final_precharge,DEC0,settled_min_v,0.00022860996009125488,-0.18000000000000002,,PASS,False
fast_11_to_01,final_precharge,DEC1,settled_max_v,0.00031131289878334235,,0.18000000000000002,PASS,False
fast_11_to_01,final_precharge,DEC1,settled_min_v,0.00023504030076582257,-0.18000000000000002,,PASS,False
fast_11_to_01,final_precharge,DEC2,settled_max_v,0.0002468734927203112,,0.18000000000000002,PASS,False
fast_11_to_01,final_precharge,DEC2,settled_min_v,0.00023436637910297925,-0.18000000000000002,,PASS,False
fast_11_to_01,final_precharge,DEC3,settled_max_v,0.0002443081277104003,,0.18000000000000002,PASS,False
fast_11_to_01,final_precharge,DEC3,settled_min_v,0.00023495798615539307,-0.18000000000000002,,PASS,False
fast_11_to_01,final_precharge,WL0,settled_max_v,0.00014468779900601264,,0.18000000000000002,PASS,False
fast_11_to_01,final_precharge,WL0,settled_min_v,0.00014468715810796618,-0.18000000000000002,,PASS,False
fast_11_to_01,final_precharge,WL1,settled_max_v,0.00014469849145655342,,0.18000000000000002,PASS,False
fast_11_to_01,final_precharge,WL1,settled_min_v,0.0001446871665908269,-0.18000000000000002,,PASS,False
fast_11_to_01,final_precharge,WL2,settled_max_v,0.00014468789071736418,,0.18000000000000002,PASS,False
fast_11_to_01,final_precharge,WL2,settled_min_v,0.00014468715873074112,-0.18000000000000002,,PASS,False
fast_11_to_01,final_precharge,WL3,settled_max_v,0.00014468770768855368,,0.18000000000000002,PASS,False
fast_11_to_01,final_precharge,WL3,settled_min_v,0.00014468715796008957,-0.18000000000000002,,PASS,False
fast_11_to_01,final_precharge,N0,end_level_v,1.7999306325739748,1.62,1.9800000000000002,PASS,False
fast_11_to_01,final_precharge,N1,end_level_v,1.798813963916587,1.62,1.9800000000000002,PASS,False
fast_11_to_01,final_precharge,N2,end_level_v,1.799987456918704,1.62,1.9800000000000002,PASS,False
fast_11_to_01,final_precharge,N3,end_level_v,1.7999915901891237,1.62,1.9800000000000002,PASS,False
fast_11_to_01,pex_recovery,N0.N0.t1,dynamic_segment_level_v,1.7991771951442863,1.62,1.9800000000000002,PASS,False
fast_11_to_01,pex_final_precharge,N0.N0.t1,dynamic_segment_level_v,1.7999351722983055,1.62,1.9800000000000002,PASS,False
fast_11_to_01,pex_recovery,N0.N0.t3,dynamic_segment_level_v,1.7991097544882872,1.62,1.9800000000000002,PASS,False
fast_11_to_01,pex_final_precharge,N0.N0.t3,dynamic_segment_level_v,1.7999306325739748,1.62,1.9800000000000002,PASS,False
fast_11_to_01,pex_recovery,N0.N0.n1,dynamic_segment_level_v,1.7991105492829107,1.62,1.9800000000000002,PASS,False
fast_11_to_01,pex_final_precharge,N0.N0.n1,dynamic_segment_level_v,1.7999306285723427,1.62,1.9800000000000002,PASS,False
fast_11_to_01,pex_recovery,N0.N0.n0,dynamic_segment_level_v,1.7991105263683984,1.62,1.9800000000000002,PASS,False
fast_11_to_01,pex_final_precharge,N0.N0.n0,dynamic_segment_level_v,1.7999306372494517,1.62,1.9800000000000002,PASS,False
fast_11_to_01,pex_recovery,N0.N0.t0,dynamic_segment_level_v,1.7990957620090897,1.62,1.9800000000000002,PASS,False
fast_11_to_01,pex_final_precharge,N0.N0.t0,dynamic_segment_level_v,1.7999295289248662,1.62,1.9800000000000002,PASS,False
fast_11_to_01,pex_recovery,N0.N0,dynamic_segment_level_v,1.7991097544882872,1.62,1.9800000000000002,PASS,False
fast_11_to_01,pex_final_precharge,N0.N0,dynamic_segment_level_v,1.7999306325739748,1.62,1.9800000000000002,PASS,False
fast_11_to_01,pex_recovery,N0.N0.t2,dynamic_segment_level_v,1.7991098179254106,1.62,1.9800000000000002,PASS,False
fast_11_to_01,pex_final_precharge,N0.N0.t2,dynamic_segment_level_v,1.7999306324169673,1.62,1.9800000000000002,PASS,False
fast_11_to_01,pex_recovery,N1.N1,dynamic_segment_level_v,1.7996939486987118,1.62,1.9800000000000002,PASS,False
fast_11_to_01,pex_final_precharge,N1.N1,dynamic_segment_level_v,1.798813963916587,1.62,1.9800000000000002,PASS,False
fast_11_to_01,pex_recovery,N1.N1.n0,dynamic_segment_level_v,1.7996938264893623,1.62,1.9800000000000002,PASS,False
fast_11_to_01,pex_final_precharge,N1.N1.n0,dynamic_segment_level_v,1.7988142267478708,1.62,1.9800000000000002,PASS,False
fast_11_to_01,pex_recovery,N1.N1.t1,dynamic_segment_level_v,1.799716139035777,1.62,1.9800000000000002,PASS,False
fast_11_to_01,pex_final_precharge,N1.N1.t1,dynamic_segment_level_v,1.7989032140803425,1.62,1.9800000000000002,PASS,False
fast_11_to_01,pex_recovery,N1.N1.t2,dynamic_segment_level_v,1.799693937638969,1.62,1.9800000000000002,PASS,False
fast_11_to_01,pex_final_precharge,N1.N1.t2,dynamic_segment_level_v,1.798813985423423,1.62,1.9800000000000002,PASS,False
fast_11_to_01,pex_recovery,N1.N1.n1,dynamic_segment_level_v,1.799693834146926,1.62,1.9800000000000002,PASS,False
fast_11_to_01,pex_final_precharge,N1.N1.n1,dynamic_segment_level_v,1.7988142293984877,1.62,1.9800000000000002,PASS,False
fast_11_to_01,pex_recovery,N1.N1.t0,dynamic_segment_level_v,1.7996889148489783,1.62,1.9800000000000002,PASS,False
fast_11_to_01,pex_final_precharge,N1.N1.t0,dynamic_segment_level_v,1.7987942858767008,1.62,1.9800000000000002,PASS,False
fast_11_to_01,pex_recovery,N1.N1.t3,dynamic_segment_level_v,1.7996939486987118,1.62,1.9800000000000002,PASS,False
fast_11_to_01,pex_final_precharge,N1.N1.t3,dynamic_segment_level_v,1.798813963916587,1.62,1.9800000000000002,PASS,False
fast_11_to_01,pex_recovery,N2.N2.t3,dynamic_segment_level_v,1.799986251731482,1.62,1.9800000000000002,PASS,False
fast_11_to_01,pex_final_precharge,N2.N2.t3,dynamic_segment_level_v,1.799987456918704,1.62,1.9800000000000002,PASS,False
fast_11_to_01,pex_recovery,N2.N2.t2,dynamic_segment_level_v,1.7999862509386892,1.62,1.9800000000000002,PASS,False
fast_11_to_01,pex_final_precharge,N2.N2.t2,dynamic_segment_level_v,1.799987456220172,1.62,1.9800000000000002,PASS,False
fast_11_to_01,pex_recovery,N2.N2.n0,dynamic_segment_level_v,1.7999862528049746,1.62,1.9800000000000002,PASS,False
fast_11_to_01,pex_final_precharge,N2.N2.n0,dynamic_segment_level_v,1.7999874564878084,1.62,1.9800000000000002,PASS,False
fast_11_to_01,pex_recovery,N2.N2.t0,dynamic_segment_level_v,1.7999862454111495,1.62,1.9800000000000002,PASS,False
fast_11_to_01,pex_final_precharge,N2.N2.t0,dynamic_segment_level_v,1.7999874456347336,1.62,1.9800000000000002,PASS,False
fast_11_to_01,pex_recovery,N2.N2,dynamic_segment_level_v,1.799986251731482,1.62,1.9800000000000002,PASS,False
fast_11_to_01,pex_final_precharge,N2.N2,dynamic_segment_level_v,1.799987456918704,1.62,1.9800000000000002,PASS,False
fast_11_to_01,pex_recovery,N2.N2.t1,dynamic_segment_level_v,1.7999860161679646,1.62,1.9800000000000002,PASS,False
fast_11_to_01,pex_final_precharge,N2.N2.t1,dynamic_segment_level_v,1.7999870647862357,1.62,1.9800000000000002,PASS,False
fast_11_to_01,pex_recovery,N2.N2.n1,dynamic_segment_level_v,1.7999862470716217,1.62,1.9800000000000002,PASS,False
fast_11_to_01,pex_final_precharge,N2.N2.n1,dynamic_segment_level_v,1.799987447112321,1.62,1.9800000000000002,PASS,False
fast_11_to_01,pex_recovery,N3.N3,dynamic_segment_level_v,1.7999939500672477,1.62,1.9800000000000002,PASS,False
fast_11_to_01,pex_final_precharge,N3.N3,dynamic_segment_level_v,1.7999915901891237,1.62,1.9800000000000002,PASS,False
fast_11_to_01,pex_recovery,N3.N3.n0,dynamic_segment_level_v,1.7999939433219194,1.62,1.9800000000000002,PASS,False
fast_11_to_01,pex_final_precharge,N3.N3.n0,dynamic_segment_level_v,1.7999915884779312,1.62,1.9800000000000002,PASS,False
fast_11_to_01,pex_recovery,N3.N3.t2,dynamic_segment_level_v,1.7999939486161385,1.62,1.9800000000000002,PASS,False
fast_11_to_01,pex_final_precharge,N3.N3.t2,dynamic_segment_level_v,1.7999915894106462,1.62,1.9800000000000002,PASS,False
fast_11_to_01,pex_recovery,N3.N3.t3,dynamic_segment_level_v,1.7999939500672477,1.62,1.9800000000000002,PASS,False
fast_11_to_01,pex_final_precharge,N3.N3.t3,dynamic_segment_level_v,1.7999915901891237,1.62,1.9800000000000002,PASS,False
fast_11_to_01,pex_recovery,N3.N3.n1,dynamic_segment_level_v,1.7999939205447937,1.62,1.9800000000000002,PASS,False
fast_11_to_01,pex_final_precharge,N3.N3.n1,dynamic_segment_level_v,1.7999915685316168,1.62,1.9800000000000002,PASS,False
fast_11_to_01,pex_recovery,N3.N3.t1,dynamic_segment_level_v,1.7999929829286314,1.62,1.9800000000000002,PASS,False
fast_11_to_01,pex_final_precharge,N3.N3.t1,dynamic_segment_level_v,1.7999907476552899,1.62,1.9800000000000002,PASS,False
fast_11_to_01,pex_recovery,N3.N3.t0,dynamic_segment_level_v,1.7999939193381767,1.62,1.9800000000000002,PASS,False
fast_11_to_01,pex_final_precharge,N3.N3.t0,dynamic_segment_level_v,1.7999915671092468,1.62,1.9800000000000002,PASS,False
fast_11_to_10,prime,DEC0,upper_excursion_v,0.005228509899496175,,1.9800000000000002,PASS,False
fast_11_to_10,prime,DEC0,lower_excursion_v,0.00010623656792830069,-0.18000000000000002,,PASS,False
fast_11_to_10,prime,DEC0,end_level_v,0.00011047625809382026,-0.18000000000000002,0.18000000000000002,PASS,False
fast_11_to_10,prime,DEC0,unselected_max_v,0.005228509899496175,,0.18000000000000002,PASS,False
fast_11_to_10,prime,DEC1,upper_excursion_v,0.006393443255919343,,1.9800000000000002,PASS,False
fast_11_to_10,prime,DEC1,lower_excursion_v,0.0001378438605193124,-0.18000000000000002,,PASS,False
fast_11_to_10,prime,DEC1,end_level_v,0.00014108549922425828,-0.18000000000000002,0.18000000000000002,PASS,False
fast_11_to_10,prime,DEC1,unselected_max_v,0.006393443255919343,,0.18000000000000002,PASS,False
fast_11_to_10,prime,DEC2,upper_excursion_v,0.0065090074583828254,,1.9800000000000002,PASS,False
fast_11_to_10,prime,DEC2,lower_excursion_v,0.00011532552562872566,-0.18000000000000002,,PASS,False
fast_11_to_10,prime,DEC2,end_level_v,0.00011933675777036268,-0.18000000000000002,0.18000000000000002,PASS,False
fast_11_to_10,prime,DEC2,unselected_max_v,0.0065090074583828254,,0.18000000000000002,PASS,False
fast_11_to_10,prime,DEC3,upper_excursion_v,1.799991161453933,,1.9800000000000002,PASS,False
fast_11_to_10,prime,DEC3,lower_excursion_v,-0.02002597956985429,-0.18000000000000002,,PASS,False
fast_11_to_10,prime,DEC3,end_level_v,1.79999099563401,1.62,1.9800000000000002,PASS,False
fast_11_to_10,prime,DEC3,settled_min_v,1.799990690672597,1.62,,PASS,False
fast_11_to_10,prime,WL0,upper_excursion_v,0.00014790987416919194,,1.9800000000000002,PASS,False
fast_11_to_10,prime,WL0,lower_excursion_v,0.0001261962413967185,-0.18000000000000002,,PASS,False
fast_11_to_10,prime,WL0,end_level_v,0.00014468714640906774,-0.18000000000000002,0.18000000000000002,PASS,False
fast_11_to_10,prime,WL0,unselected_max_v,0.00014790987416919194,,0.18000000000000002,PASS,False
fast_11_to_10,prime,WL1,upper_excursion_v,0.00014868264224969017,,1.9800000000000002,PASS,False
fast_11_to_10,prime,WL1,lower_excursion_v,0.0001244109379248881,-0.18000000000000002,,PASS,False
fast_11_to_10,prime,WL1,end_level_v,0.00014468714852108901,-0.18000000000000002,0.18000000000000002,PASS,False
fast_11_to_10,prime,WL1,unselected_max_v,0.00014868264224969017,,0.18000000000000002,PASS,False
fast_11_to_10,prime,WL2,upper_excursion_v,0.00014871304726958573,,1.9800000000000002,PASS,False
fast_11_to_10,prime,WL2,lower_excursion_v,0.00012557037320633604,-0.18000000000000002,,PASS,False
fast_11_to_10,prime,WL2,end_level_v,0.00014468714686544795,-0.18000000000000002,0.18000000000000002,PASS,False
fast_11_to_10,prime,WL2,unselected_max_v,0.00014871304726958573,,0.18000000000000002,PASS,False
fast_11_to_10,prime,WL3,upper_excursion_v,1.7999992960662694,,1.9800000000000002,PASS,False
fast_11_to_10,prime,WL3,lower_excursion_v,-0.021550997496709766,-0.18000000000000002,,PASS,False
fast_11_to_10,prime,WL3,end_level_v,1.799999296066269,1.62,1.9800000000000002,PASS,False
fast_11_to_10,prime,WL3,settled_min_v,1.799480905297156,1.62,,PASS,False
fast_11_to_10,test,DEC0,upper_excursion_v,0.00525647757231459,,1.9800000000000002,PASS,False
fast_11_to_10,test,DEC0,lower_excursion_v,0.00012385726366427924,-0.18000000000000002,,PASS,False
fast_11_to_10,test,DEC0,end_level_v,0.00012742814199627234,-0.18000000000000002,0.18000000000000002,PASS,False
fast_11_to_10,test,DEC0,unselected_max_v,0.00525647757231459,,0.18000000000000002,PASS,False
fast_11_to_10,test,DEC1,upper_excursion_v,0.00644284307259312,,1.9800000000000002,PASS,False
fast_11_to_10,test,DEC1,lower_excursion_v,0.00011037788069968803,-0.18000000000000002,,PASS,False
fast_11_to_10,test,DEC1,end_level_v,0.00011452779641974261,-0.18000000000000002,0.18000000000000002,PASS,False
fast_11_to_10,test,DEC1,unselected_max_v,0.00644284307259312,,0.18000000000000002,PASS,False
fast_11_to_10,test,DEC2,upper_excursion_v,1.7999905320282679,,1.9800000000000002,PASS,False
fast_11_to_10,test,DEC2,lower_excursion_v,-0.020639128184300786,-0.18000000000000002,,PASS,False
fast_11_to_10,test,DEC2,end_level_v,1.7999899906674268,1.62,1.9800000000000002,PASS,False
fast_11_to_10,test,DEC2,settled_min_v,1.7999879975103916,1.62,,PASS,False
fast_11_to_10,test,DEC3,upper_excursion_v,0.005715885954974229,,1.9800000000000002,PASS,False
fast_11_to_10,test,DEC3,lower_excursion_v,0.0001166870685486562,-0.18000000000000002,,PASS,False
fast_11_to_10,test,DEC3,end_level_v,0.00017224797418561924,-0.18000000000000002,0.18000000000000002,PASS,False
fast_11_to_10,test,DEC3,unselected_max_v,0.005715885954974229,,0.18000000000000002,PASS,False
fast_11_to_10,test,WL0,upper_excursion_v,0.00014793540585832096,,1.9800000000000002,PASS,False
fast_11_to_10,test,WL0,lower_excursion_v,0.00012645140028080126,-0.18000000000000002,,PASS,False
fast_11_to_10,test,WL0,end_level_v,0.00014468714709920525,-0.18000000000000002,0.18000000000000002,PASS,False
fast_11_to_10,test,WL0,unselected_max_v,0.00014793540585832096,,0.18000000000000002,PASS,False
fast_11_to_10,test,WL1,upper_excursion_v,0.0001486407139780697,,1.9800000000000002,PASS,False
fast_11_to_10,test,WL1,lower_excursion_v,0.00012657170169946158,-0.18000000000000002,,PASS,False
fast_11_to_10,test,WL1,end_level_v,0.00014468714598963372,-0.18000000000000002,0.18000000000000002,PASS,False
fast_11_to_10,test,WL1,unselected_max_v,0.0001486407139780697,,0.18000000000000002,PASS,False
fast_11_to_10,test,WL2,upper_excursion_v,1.7999992960665916,,1.9800000000000002,PASS,False
fast_11_to_10,test,WL2,lower_excursion_v,-0.02146490307353075,-0.18000000000000002,,PASS,False
fast_11_to_10,test,WL2,end_level_v,1.7999992960665772,1.62,1.9800000000000002,PASS,False
fast_11_to_10,test,WL2,settled_min_v,1.7995651553914571,1.62,,PASS,False
fast_11_to_10,test,WL3,upper_excursion_v,0.00014778764835885028,,1.9800000000000002,PASS,False
fast_11_to_10,test,WL3,lower_excursion_v,0.0001342653965702139,-0.18000000000000002,,PASS,False
fast_11_to_10,test,WL3,end_level_v,0.00014468710174039658,-0.18000000000000002,0.18000000000000002,PASS,False
fast_11_to_10,test,WL3,unselected_max_v,0.00014778764835885028,,0.18000000000000002,PASS,False
fast_11_to_10,recovery,DEC0,end_level_v,0.0002291424484624218,-0.18000000000000002,0.18000000000000002,PASS,False
fast_11_to_10,recovery,DEC0,settled_max_v,0.000738361097185086,,0.18000000000000002,PASS,False
fast_11_to_10,recovery,DEC1,end_level_v,0.00023208790204965507,-0.18000000000000002,0.18000000000000002,PASS,False
fast_11_to_10,recovery,DEC1,settled_max_v,0.00040176293095225794,,0.18000000000000002,PASS,False
fast_11_to_10,recovery,DEC2,end_level_v,0.00023482142826019713,-0.18000000000000002,0.18000000000000002,PASS,False
fast_11_to_10,recovery,DEC2,settled_max_v,0.0006575365690596312,,0.18000000000000002,PASS,False
fast_11_to_10,recovery,DEC3,end_level_v,0.00023710714083507637,-0.18000000000000002,0.18000000000000002,PASS,False
fast_11_to_10,recovery,DEC3,settled_max_v,0.0005271768880586946,,0.18000000000000002,PASS,False
fast_11_to_10,recovery,WL0,end_level_v,0.0001446871893853237,-0.18000000000000002,0.18000000000000002,PASS,False
fast_11_to_10,recovery,WL0,settled_max_v,0.0001457307308666174,,0.18000000000000002,PASS,False
fast_11_to_10,recovery,WL1,end_level_v,0.00014468718753972158,-0.18000000000000002,0.18000000000000002,PASS,False
fast_11_to_10,recovery,WL1,settled_max_v,0.00014527062997585314,,0.18000000000000002,PASS,False
fast_11_to_10,recovery,WL2,end_level_v,0.00014468720231591503,-0.18000000000000002,0.18000000000000002,PASS,False
fast_11_to_10,recovery,WL2,settled_max_v,0.00014582144474187616,,0.18000000000000002,PASS,False
fast_11_to_10,recovery,WL3,end_level_v,0.00014468720587847394,-0.18000000000000002,0.18000000000000002,PASS,False
fast_11_to_10,recovery,WL3,settled_max_v,0.0001455417054956672,,0.18000000000000002,PASS,False
fast_11_to_10,recovery,N0,end_level_v,1.8000259819850417,1.62,1.9800000000000002,PASS,False
fast_11_to_10,recovery,N1,end_level_v,1.800002714661804,1.62,1.9800000000000002,PASS,False
fast_11_to_10,recovery,N2,end_level_v,1.7998977017872504,1.62,1.9800000000000002,PASS,False
fast_11_to_10,recovery,N3,end_level_v,1.7993324897180651,1.62,1.9800000000000002,PASS,False
fast_11_to_10,final_precharge,DEC0,settled_max_v,0.00023720010924629993,,0.18000000000000002,PASS,False
fast_11_to_10,final_precharge,DEC0,settled_min_v,0.00022813262929912808,-0.18000000000000002,,PASS,False
fast_11_to_10,final_precharge,DEC1,settled_max_v,0.00024277455663118447,,0.18000000000000002,PASS,False
fast_11_to_10,final_precharge,DEC1,settled_min_v,0.00023128582819945652,-0.18000000000000002,,PASS,False
fast_11_to_10,final_precharge,DEC2,settled_max_v,0.000321192351602854,,0.18000000000000002,PASS,False
fast_11_to_10,final_precharge,DEC2,settled_min_v,0.00023751918887415674,-0.18000000000000002,,PASS,False
fast_11_to_10,final_precharge,DEC3,settled_max_v,0.00024506501838288174,,0.18000000000000002,PASS,False
fast_11_to_10,final_precharge,DEC3,settled_min_v,0.000234804116718438,-0.18000000000000002,,PASS,False
fast_11_to_10,final_precharge,WL0,settled_max_v,0.00014468760596565356,,0.18000000000000002,PASS,False
fast_11_to_10,final_precharge,WL0,settled_min_v,0.000144687157900637,-0.18000000000000002,,PASS,False
fast_11_to_10,final_precharge,WL1,settled_max_v,0.00014468786646951355,,0.18000000000000002,PASS,False
fast_11_to_10,final_precharge,WL1,settled_min_v,0.00014468715832160667,-0.18000000000000002,,PASS,False
fast_11_to_10,final_precharge,WL2,settled_max_v,0.0001446989977753086,,0.18000000000000002,PASS,False
fast_11_to_10,final_precharge,WL2,settled_min_v,0.00014468716686469446,-0.18000000000000002,,PASS,False
fast_11_to_10,final_precharge,WL3,settled_max_v,0.00014468792543036242,,0.18000000000000002,PASS,False
fast_11_to_10,final_precharge,WL3,settled_min_v,0.00014468715797148513,-0.18000000000000002,,PASS,False
fast_11_to_10,final_precharge,N0,end_level_v,1.8000016711916638,1.62,1.9800000000000002,PASS,False
fast_11_to_10,final_precharge,N1,end_level_v,1.799991541116214,1.62,1.9800000000000002,PASS,False
fast_11_to_10,final_precharge,N2,end_level_v,1.7988093310146038,1.62,1.9800000000000002,PASS,False
fast_11_to_10,final_precharge,N3,end_level_v,1.7999297423392766,1.62,1.9800000000000002,PASS,False
fast_11_to_10,pex_recovery,N0.N0.t1,dynamic_segment_level_v,1.800023240107161,1.62,1.9800000000000002,PASS,False
fast_11_to_10,pex_final_precharge,N0.N0.t1,dynamic_segment_level_v,1.8000008113754025,1.62,1.9800000000000002,PASS,False
fast_11_to_10,pex_recovery,N0.N0.t3,dynamic_segment_level_v,1.8000259819850417,1.62,1.9800000000000002,PASS,False
fast_11_to_10,pex_final_precharge,N0.N0.t3,dynamic_segment_level_v,1.8000016711916638,1.62,1.9800000000000002,PASS,False
fast_11_to_10,pex_recovery,N0.N0.n1,dynamic_segment_level_v,1.8000258858827356,1.62,1.9800000000000002,PASS,False
fast_11_to_10,pex_final_precharge,N0.N0.n1,dynamic_segment_level_v,1.8000016489165207,1.62,1.9800000000000002,PASS,False
fast_11_to_10,pex_recovery,N0.N0.n0,dynamic_segment_level_v,1.8000259499496951,1.62,1.9800000000000002,PASS,False
fast_11_to_10,pex_final_precharge,N0.N0.n0,dynamic_segment_level_v,1.8000016692679948,1.62,1.9800000000000002,PASS,False
fast_11_to_10,pex_recovery,N0.N0.t0,dynamic_segment_level_v,1.800025885334018,1.62,1.9800000000000002,PASS,False
fast_11_to_10,pex_final_precharge,N0.N0.t0,dynamic_segment_level_v,1.8000016474795308,1.62,1.9800000000000002,PASS,False
fast_11_to_10,pex_recovery,N0.N0,dynamic_segment_level_v,1.8000259819850417,1.62,1.9800000000000002,PASS,False
fast_11_to_10,pex_final_precharge,N0.N0,dynamic_segment_level_v,1.8000016711916638,1.62,1.9800000000000002,PASS,False
fast_11_to_10,pex_recovery,N0.N0.t2,dynamic_segment_level_v,1.8000259774626906,1.62,1.9800000000000002,PASS,False
fast_11_to_10,pex_final_precharge,N0.N0.t2,dynamic_segment_level_v,1.8000016704755024,1.62,1.9800000000000002,PASS,False
fast_11_to_10,pex_recovery,N1.N1,dynamic_segment_level_v,1.800002714661804,1.62,1.9800000000000002,PASS,False
fast_11_to_10,pex_final_precharge,N1.N1,dynamic_segment_level_v,1.799991541116214,1.62,1.9800000000000002,PASS,False
fast_11_to_10,pex_recovery,N1.N1.n0,dynamic_segment_level_v,1.800002700438585,1.62,1.9800000000000002,PASS,False
fast_11_to_10,pex_final_precharge,N1.N1.n0,dynamic_segment_level_v,1.7999915404008378,1.62,1.9800000000000002,PASS,False
fast_11_to_10,pex_recovery,N1.N1.t1,dynamic_segment_level_v,1.8000014615349416,1.62,1.9800000000000002,PASS,False
fast_11_to_10,pex_final_precharge,N1.N1.t1,dynamic_segment_level_v,1.7999911044058026,1.62,1.9800000000000002,PASS,False
fast_11_to_10,pex_recovery,N1.N1.t2,dynamic_segment_level_v,1.8000027115613988,1.62,1.9800000000000002,PASS,False
fast_11_to_10,pex_final_precharge,N1.N1.t2,dynamic_segment_level_v,1.7999915402711826,1.62,1.9800000000000002,PASS,False
fast_11_to_10,pex_recovery,N1.N1.n1,dynamic_segment_level_v,1.80000267102553,1.62,1.9800000000000002,PASS,False
fast_11_to_10,pex_final_precharge,N1.N1.n1,dynamic_segment_level_v,1.7999915299782168,1.62,1.9800000000000002,PASS,False
fast_11_to_10,pex_recovery,N1.N1.t0,dynamic_segment_level_v,1.8000026695477125,1.62,1.9800000000000002,PASS,False
fast_11_to_10,pex_final_precharge,N1.N1.t0,dynamic_segment_level_v,1.799991528470788,1.62,1.9800000000000002,PASS,False
fast_11_to_10,pex_recovery,N1.N1.t3,dynamic_segment_level_v,1.800002714661804,1.62,1.9800000000000002,PASS,False
fast_11_to_10,pex_final_precharge,N1.N1.t3,dynamic_segment_level_v,1.799991541116214,1.62,1.9800000000000002,PASS,False
fast_11_to_10,pex_recovery,N2.N2.t3,dynamic_segment_level_v,1.7998977017872504,1.62,1.9800000000000002,PASS,False
fast_11_to_10,pex_final_precharge,N2.N2.t3,dynamic_segment_level_v,1.7988093310146038,1.62,1.9800000000000002,PASS,False
fast_11_to_10,pex_recovery,N2.N2.t2,dynamic_segment_level_v,1.7998976925577932,1.62,1.9800000000000002,PASS,False
fast_11_to_10,pex_final_precharge,N2.N2.t2,dynamic_segment_level_v,1.7988093522735067,1.62,1.9800000000000002,PASS,False
fast_11_to_10,pex_recovery,N2.N2.n0,dynamic_segment_level_v,1.7998976196581251,1.62,1.9800000000000002,PASS,False
fast_11_to_10,pex_final_precharge,N2.N2.n0,dynamic_segment_level_v,1.7988095944862554,1.62,1.9800000000000002,PASS,False
fast_11_to_10,pex_recovery,N2.N2.t0,dynamic_segment_level_v,1.7998975722746573,1.62,1.9800000000000002,PASS,False
fast_11_to_10,pex_final_precharge,N2.N2.t0,dynamic_segment_level_v,1.798789662741178,1.62,1.9800000000000002,PASS,False
fast_11_to_10,pex_recovery,N2.N2,dynamic_segment_level_v,1.7998977017872504,1.62,1.9800000000000002,PASS,False
fast_11_to_10,pex_final_precharge,N2.N2,dynamic_segment_level_v,1.7988093310146038,1.62,1.9800000000000002,PASS,False
fast_11_to_10,pex_recovery,N2.N2.t1,dynamic_segment_level_v,1.7999042335187427,1.62,1.9800000000000002,PASS,False
fast_11_to_10,pex_final_precharge,N2.N2.t1,dynamic_segment_level_v,1.79889858960127,1.62,1.9800000000000002,PASS,False
fast_11_to_10,pex_recovery,N2.N2.n1,dynamic_segment_level_v,1.7998977553725148,1.62,1.9800000000000002,PASS,False
fast_11_to_10,pex_final_precharge,N2.N2.n1,dynamic_segment_level_v,1.7988095981810996,1.62,1.9800000000000002,PASS,False
fast_11_to_10,pex_recovery,N3.N3,dynamic_segment_level_v,1.7993324897180651,1.62,1.9800000000000002,PASS,False
fast_11_to_10,pex_final_precharge,N3.N3,dynamic_segment_level_v,1.7999297423392766,1.62,1.9800000000000002,PASS,False
fast_11_to_10,pex_recovery,N3.N3.n0,dynamic_segment_level_v,1.7993329168087364,1.62,1.9800000000000002,PASS,False
fast_11_to_10,pex_final_precharge,N3.N3.n0,dynamic_segment_level_v,1.799929745917908,1.62,1.9800000000000002,PASS,False
fast_11_to_10,pex_recovery,N3.N3.t2,dynamic_segment_level_v,1.7993325233591764,1.62,1.9800000000000002,PASS,False
fast_11_to_10,pex_final_precharge,N3.N3.t2,dynamic_segment_level_v,1.7999297417324553,1.62,1.9800000000000002,PASS,False
fast_11_to_10,pex_recovery,N3.N3.t3,dynamic_segment_level_v,1.7993324897180651,1.62,1.9800000000000002,PASS,False
fast_11_to_10,pex_final_precharge,N3.N3.t3,dynamic_segment_level_v,1.7999297423392766,1.62,1.9800000000000002,PASS,False
fast_11_to_10,pex_recovery,N3.N3.n1,dynamic_segment_level_v,1.7993329076436422,1.62,1.9800000000000002,PASS,False
fast_11_to_10,pex_final_precharge,N3.N3.n1,dynamic_segment_level_v,1.7999297381364523,1.62,1.9800000000000002,PASS,False
fast_11_to_10,pex_recovery,N3.N3.t1,dynamic_segment_level_v,1.7993819992033235,1.62,1.9800000000000002,PASS,False
fast_11_to_10,pex_final_precharge,N3.N3.t1,dynamic_segment_level_v,1.7999335212958658,1.62,1.9800000000000002,PASS,False
fast_11_to_10,pex_recovery,N3.N3.t0,dynamic_segment_level_v,1.799321783815597,1.62,1.9800000000000002,PASS,False
fast_11_to_10,pex_final_precharge,N3.N3.t0,dynamic_segment_level_v,1.799928817390333,1.62,1.9800000000000002,PASS,False
fast_11_to_11,prime,DEC0,upper_excursion_v,0.005228509899496175,,1.9800000000000002,PASS,False
fast_11_to_11,prime,DEC0,lower_excursion_v,0.00010623656792830069,-0.18000000000000002,,PASS,False
fast_11_to_11,prime,DEC0,end_level_v,0.00011047625809382026,-0.18000000000000002,0.18000000000000002,PASS,False
fast_11_to_11,prime,DEC0,unselected_max_v,0.005228509899496175,,0.18000000000000002,PASS,False
fast_11_to_11,prime,DEC1,upper_excursion_v,0.006393443255919343,,1.9800000000000002,PASS,False
fast_11_to_11,prime,DEC1,lower_excursion_v,0.0001378438605193124,-0.18000000000000002,,PASS,False
fast_11_to_11,prime,DEC1,end_level_v,0.00014108549922425828,-0.18000000000000002,0.18000000000000002,PASS,False
fast_11_to_11,prime,DEC1,unselected_max_v,0.006393443255919343,,0.18000000000000002,PASS,False
fast_11_to_11,prime,DEC2,upper_excursion_v,0.0065090074583828254,,1.9800000000000002,PASS,False
fast_11_to_11,prime,DEC2,lower_excursion_v,0.00011532552562872566,-0.18000000000000002,,PASS,False
fast_11_to_11,prime,DEC2,end_level_v,0.00011933675777036268,-0.18000000000000002,0.18000000000000002,PASS,False
fast_11_to_11,prime,DEC2,unselected_max_v,0.0065090074583828254,,0.18000000000000002,PASS,False
fast_11_to_11,prime,DEC3,upper_excursion_v,1.799991161453933,,1.9800000000000002,PASS,False
fast_11_to_11,prime,DEC3,lower_excursion_v,-0.02002597956985429,-0.18000000000000002,,PASS,False
fast_11_to_11,prime,DEC3,end_level_v,1.79999099563401,1.62,1.9800000000000002,PASS,False
fast_11_to_11,prime,DEC3,settled_min_v,1.799990690672597,1.62,,PASS,False
fast_11_to_11,prime,WL0,upper_excursion_v,0.00014790987416919194,,1.9800000000000002,PASS,False
fast_11_to_11,prime,WL0,lower_excursion_v,0.0001261962413967185,-0.18000000000000002,,PASS,False
fast_11_to_11,prime,WL0,end_level_v,0.00014468714640906774,-0.18000000000000002,0.18000000000000002,PASS,False
fast_11_to_11,prime,WL0,unselected_max_v,0.00014790987416919194,,0.18000000000000002,PASS,False
fast_11_to_11,prime,WL1,upper_excursion_v,0.00014868264224969017,,1.9800000000000002,PASS,False
fast_11_to_11,prime,WL1,lower_excursion_v,0.0001244109379248881,-0.18000000000000002,,PASS,False
fast_11_to_11,prime,WL1,end_level_v,0.00014468714852108901,-0.18000000000000002,0.18000000000000002,PASS,False
fast_11_to_11,prime,WL1,unselected_max_v,0.00014868264224969017,,0.18000000000000002,PASS,False
fast_11_to_11,prime,WL2,upper_excursion_v,0.00014871304726958573,,1.9800000000000002,PASS,False
fast_11_to_11,prime,WL2,lower_excursion_v,0.00012557037320633604,-0.18000000000000002,,PASS,False
fast_11_to_11,prime,WL2,end_level_v,0.00014468714686544795,-0.18000000000000002,0.18000000000000002,PASS,False
fast_11_to_11,prime,WL2,unselected_max_v,0.00014871304726958573,,0.18000000000000002,PASS,False
fast_11_to_11,prime,WL3,upper_excursion_v,1.7999992960662694,,1.9800000000000002,PASS,False
fast_11_to_11,prime,WL3,lower_excursion_v,-0.021550997496709766,-0.18000000000000002,,PASS,False
fast_11_to_11,prime,WL3,end_level_v,1.799999296066269,1.62,1.9800000000000002,PASS,False
fast_11_to_11,prime,WL3,settled_min_v,1.799480905297156,1.62,,PASS,False
fast_11_to_11,test,DEC0,upper_excursion_v,0.005232342682186131,,1.9800000000000002,PASS,False
fast_11_to_11,test,DEC0,lower_excursion_v,0.00010480590429586884,-0.18000000000000002,,PASS,False
fast_11_to_11,test,DEC0,end_level_v,0.00010911846829767636,-0.18000000000000002,0.18000000000000002,PASS,False
fast_11_to_11,test,DEC0,unselected_max_v,0.005232342682186131,,0.18000000000000002,PASS,False
fast_11_to_11,test,DEC1,upper_excursion_v,0.0063720788859913755,,1.9800000000000002,PASS,False
fast_11_to_11,test,DEC1,lower_excursion_v,0.00012956937352926606,-0.18000000000000002,,PASS,False
fast_11_to_11,test,DEC1,end_level_v,0.0001331186028561259,-0.18000000000000002,0.18000000000000002,PASS,False
fast_11_to_11,test,DEC1,unselected_max_v,0.0063720788859913755,,0.18000000000000002,PASS,False
fast_11_to_11,test,DEC2,upper_excursion_v,0.006497369365827836,,1.9800000000000002,PASS,False
fast_11_to_11,test,DEC2,lower_excursion_v,0.00011263191064627631,-0.18000000000000002,,PASS,False
fast_11_to_11,test,DEC2,end_level_v,0.00011675919237757585,-0.18000000000000002,0.18000000000000002,PASS,False
fast_11_to_11,test,DEC2,unselected_max_v,0.006497369365827836,,0.18000000000000002,PASS,False
fast_11_to_11,test,DEC3,upper_excursion_v,1.7999913654344715,,1.9800000000000002,PASS,False
fast_11_to_11,test,DEC3,lower_excursion_v,-0.01999543910518152,-0.18000000000000002,,PASS,False
fast_11_to_11,test,DEC3,end_level_v,1.7999911914586368,1.62,1.9800000000000002,PASS,False
fast_11_to_11,test,DEC3,settled_min_v,1.7999909843366229,1.62,,PASS,False
fast_11_to_11,test,WL0,upper_excursion_v,0.00014789438605709323,,1.9800000000000002,PASS,False
fast_11_to_11,test,WL0,lower_excursion_v,0.00012734215724512812,-0.18000000000000002,,PASS,False
fast_11_to_11,test,WL0,end_level_v,0.00014468714629516343,-0.18000000000000002,0.18000000000000002,PASS,False
fast_11_to_11,test,WL0,unselected_max_v,0.00014789438605709323,,0.18000000000000002,PASS,False
fast_11_to_11,test,WL1,upper_excursion_v,0.00014863197945611578,,1.9800000000000002,PASS,False
fast_11_to_11,test,WL1,lower_excursion_v,0.00012495035598605194,-0.18000000000000002,,PASS,False
fast_11_to_11,test,WL1,end_level_v,0.00014468714790086726,-0.18000000000000002,0.18000000000000002,PASS,False
fast_11_to_11,test,WL1,unselected_max_v,0.00014863197945611578,,0.18000000000000002,PASS,False
fast_11_to_11,test,WL2,upper_excursion_v,0.00014866199767636263,,1.9800000000000002,PASS,False
fast_11_to_11,test,WL2,lower_excursion_v,0.00012664733469400872,-0.18000000000000002,,PASS,False
fast_11_to_11,test,WL2,end_level_v,0.00014468714665745133,-0.18000000000000002,0.18000000000000002,PASS,False
fast_11_to_11,test,WL2,unselected_max_v,0.00014866199767636263,,0.18000000000000002,PASS,False
fast_11_to_11,test,WL3,upper_excursion_v,1.7999992960662774,,1.9800000000000002,PASS,False
fast_11_to_11,test,WL3,lower_excursion_v,-0.021547898070657344,-0.18000000000000002,,PASS,False
fast_11_to_11,test,WL3,end_level_v,1.7999992960662774,1.62,1.9800000000000002,PASS,False
fast_11_to_11,test,WL3,settled_min_v,1.799564603751444,1.62,,PASS,False
fast_11_to_11,recovery,DEC0,end_level_v,0.00022704962015540218,-0.18000000000000002,0.18000000000000002,PASS,False
fast_11_to_11,recovery,DEC0,settled_max_v,0.00023867209063451183,,0.18000000000000002,PASS,False
fast_11_to_11,recovery,DEC1,end_level_v,0.00023009156127785924,-0.18000000000000002,0.18000000000000002,PASS,False
fast_11_to_11,recovery,DEC1,settled_max_v,0.0002429150503432767,,0.18000000000000002,PASS,False
fast_11_to_11,recovery,DEC2,end_level_v,0.00023281146781322062,-0.18000000000000002,0.18000000000000002,PASS,False
fast_11_to_11,recovery,DEC2,settled_max_v,0.00024803878219555834,,0.18000000000000002,PASS,False
fast_11_to_11,recovery,DEC3,end_level_v,0.00023508290388639345,-0.18000000000000002,0.18000000000000002,PASS,False
fast_11_to_11,recovery,DEC3,settled_max_v,0.00032018257199940354,,0.18000000000000002,PASS,False
fast_11_to_11,recovery,WL0,end_level_v,0.00014468715590580024,-0.18000000000000002,0.18000000000000002,PASS,False
fast_11_to_11,recovery,WL0,settled_max_v,0.00014468778627122454,,0.18000000000000002,PASS,False
fast_11_to_11,recovery,WL1,end_level_v,0.0001446871560210363,-0.18000000000000002,0.18000000000000002,PASS,False
fast_11_to_11,recovery,WL1,settled_max_v,0.00014468785230008286,,0.18000000000000002,PASS,False
fast_11_to_11,recovery,WL2,end_level_v,0.00014468715614251751,-0.18000000000000002,0.18000000000000002,PASS,False
fast_11_to_11,recovery,WL2,settled_max_v,0.00014468810152139144,,0.18000000000000002,PASS,False
fast_11_to_11,recovery,WL3,end_level_v,0.00014468715735298771,-0.18000000000000002,0.18000000000000002,PASS,False
fast_11_to_11,recovery,WL3,settled_max_v,0.00014469838383110442,,0.18000000000000002,PASS,False
fast_11_to_11,recovery,N0,end_level_v,1.799993046593139,1.62,1.9800000000000002,PASS,False
fast_11_to_11,recovery,N1,end_level_v,1.7999942451075226,1.62,1.9800000000000002,PASS,False
fast_11_to_11,recovery,N2,end_level_v,1.7999859524972153,1.62,1.9800000000000002,PASS,False
fast_11_to_11,recovery,N3,end_level_v,1.7994467564080867,1.62,1.9800000000000002,PASS,False
fast_11_to_11,final_precharge,DEC0,settled_max_v,0.00023867235675106624,,0.18000000000000002,PASS,False
fast_11_to_11,final_precharge,DEC0,settled_min_v,0.00022775628997804683,-0.18000000000000002,,PASS,False
fast_11_to_11,final_precharge,DEC1,settled_max_v,0.00024291533692764823,,0.18000000000000002,PASS,False
fast_11_to_11,final_precharge,DEC1,settled_min_v,0.00023087704835498234,-0.18000000000000002,,PASS,False
fast_11_to_11,final_precharge,DEC2,settled_max_v,0.0002480391548090498,,0.18000000000000002,PASS,False
fast_11_to_11,final_precharge,DEC2,settled_min_v,0.0002336974288876446,-0.18000000000000002,,PASS,False
fast_11_to_11,final_precharge,DEC3,settled_max_v,0.0003201855552925722,,0.18000000000000002,PASS,False
fast_11_to_11,final_precharge,DEC3,settled_min_v,0.00023782169712320122,-0.18000000000000002,,PASS,False
fast_11_to_11,final_precharge,WL0,settled_max_v,0.00014468778630438595,,0.18000000000000002,PASS,False
fast_11_to_11,final_precharge,WL0,settled_min_v,0.00014468715802163569,-0.18000000000000002,,PASS,False
fast_11_to_11,final_precharge,WL1,settled_max_v,0.00014468785231612198,,0.18000000000000002,PASS,False
fast_11_to_11,final_precharge,WL1,settled_min_v,0.0001446871583724555,-0.18000000000000002,,PASS,False
fast_11_to_11,final_precharge,WL2,settled_max_v,0.0001446881015776047,,0.18000000000000002,PASS,False
fast_11_to_11,final_precharge,WL2,settled_min_v,0.00014468715881369373,-0.18000000000000002,,PASS,False
fast_11_to_11,final_precharge,WL3,settled_max_v,0.00014469838499319782,,0.18000000000000002,PASS,False
fast_11_to_11,final_precharge,WL3,settled_min_v,0.0001446871665396748,-0.18000000000000002,,PASS,False
fast_11_to_11,final_precharge,N0,end_level_v,1.7999936711188826,1.62,1.9800000000000002,PASS,False
fast_11_to_11,final_precharge,N1,end_level_v,1.8000005695137484,1.62,1.9800000000000002,PASS,False
fast_11_to_11,final_precharge,N2,end_level_v,1.7999865857347044,1.62,1.9800000000000002,PASS,False
fast_11_to_11,final_precharge,N3,end_level_v,1.7987894870442969,1.62,1.9800000000000002,PASS,False
fast_11_to_11,pex_recovery,N0.N0.t1,dynamic_segment_level_v,1.7999929647060797,1.62,1.9800000000000002,PASS,False
fast_11_to_11,pex_final_precharge,N0.N0.t1,dynamic_segment_level_v,1.7999934728015416,1.62,1.9800000000000002,PASS,False
fast_11_to_11,pex_recovery,N0.N0.t3,dynamic_segment_level_v,1.799993046593139,1.62,1.9800000000000002,PASS,False
fast_11_to_11,pex_final_precharge,N0.N0.t3,dynamic_segment_level_v,1.7999936711188826,1.62,1.9800000000000002,PASS,False
fast_11_to_11,pex_recovery,N0.N0.n1,dynamic_segment_level_v,1.7999930448200705,1.62,1.9800000000000002,PASS,False
fast_11_to_11,pex_final_precharge,N0.N0.n1,dynamic_segment_level_v,1.7999936660165234,1.62,1.9800000000000002,PASS,False
fast_11_to_11,pex_recovery,N0.N0.n0,dynamic_segment_level_v,1.7999930470926853,1.62,1.9800000000000002,PASS,False
fast_11_to_11,pex_final_precharge,N0.N0.n0,dynamic_segment_level_v,1.7999936710413178,1.62,1.9800000000000002,PASS,False
fast_11_to_11,pex_recovery,N0.N0.t0,dynamic_segment_level_v,1.7999930416392773,1.62,1.9800000000000002,PASS,False
fast_11_to_11,pex_final_precharge,N0.N0.t0,dynamic_segment_level_v,1.7999936626051993,1.62,1.9800000000000002,PASS,False
fast_11_to_11,pex_recovery,N0.N0,dynamic_segment_level_v,1.799993046593139,1.62,1.9800000000000002,PASS,False
fast_11_to_11,pex_final_precharge,N0.N0,dynamic_segment_level_v,1.7999936711188826,1.62,1.9800000000000002,PASS,False
fast_11_to_11,pex_recovery,N0.N0.t2,dynamic_segment_level_v,1.7999930465923586,1.62,1.9800000000000002,PASS,False
fast_11_to_11,pex_final_precharge,N0.N0.t2,dynamic_segment_level_v,1.799993670561513,1.62,1.9800000000000002,PASS,False
fast_11_to_11,pex_recovery,N1.N1,dynamic_segment_level_v,1.7999942451075226,1.62,1.9800000000000002,PASS,False
fast_11_to_11,pex_final_precharge,N1.N1,dynamic_segment_level_v,1.8000005695137484,1.62,1.9800000000000002,PASS,False
fast_11_to_11,pex_recovery,N1.N1.n0,dynamic_segment_level_v,1.7999942450600823,1.62,1.9800000000000002,PASS,False
fast_11_to_11,pex_final_precharge,N1.N1.n0,dynamic_segment_level_v,1.8000005668919168,1.62,1.9800000000000002,PASS,False
fast_11_to_11,pex_recovery,N1.N1.t1,dynamic_segment_level_v,1.7999937508871913,1.62,1.9800000000000002,PASS,False
fast_11_to_11,pex_final_precharge,N1.N1.t1,dynamic_segment_level_v,1.799999471007879,1.62,1.9800000000000002,PASS,False
fast_11_to_11,pex_recovery,N1.N1.t2,dynamic_segment_level_v,1.799994245009479,1.62,1.9800000000000002,PASS,False
fast_11_to_11,pex_final_precharge,N1.N1.t2,dynamic_segment_level_v,1.8000005685008702,1.62,1.9800000000000002,PASS,False
fast_11_to_11,pex_recovery,N1.N1.n1,dynamic_segment_level_v,1.7999942332760204,1.62,1.9800000000000002,PASS,False
fast_11_to_11,pex_final_precharge,N1.N1.n1,dynamic_segment_level_v,1.8000005409403035,1.62,1.9800000000000002,PASS,False
fast_11_to_11,pex_recovery,N1.N1.t0,dynamic_segment_level_v,1.799994231813506,1.62,1.9800000000000002,PASS,False
fast_11_to_11,pex_final_precharge,N1.N1.t0,dynamic_segment_level_v,1.8000005395359362,1.62,1.9800000000000002,PASS,False
fast_11_to_11,pex_recovery,N1.N1.t3,dynamic_segment_level_v,1.7999942451075226,1.62,1.9800000000000002,PASS,False
fast_11_to_11,pex_final_precharge,N1.N1.t3,dynamic_segment_level_v,1.8000005695137484,1.62,1.9800000000000002,PASS,False
fast_11_to_11,pex_recovery,N2.N2.t3,dynamic_segment_level_v,1.7999859524972153,1.62,1.9800000000000002,PASS,False
fast_11_to_11,pex_final_precharge,N2.N2.t3,dynamic_segment_level_v,1.7999865857347044,1.62,1.9800000000000002,PASS,False
fast_11_to_11,pex_recovery,N2.N2.t2,dynamic_segment_level_v,1.7999859523719046,1.62,1.9800000000000002,PASS,False
fast_11_to_11,pex_final_precharge,N2.N2.t2,dynamic_segment_level_v,1.7999865845899898,1.62,1.9800000000000002,PASS,False
fast_11_to_11,pex_recovery,N2.N2.n0,dynamic_segment_level_v,1.7999859528854096,1.62,1.9800000000000002,PASS,False
fast_11_to_11,pex_final_precharge,N2.N2.n0,dynamic_segment_level_v,1.7999865851367318,1.62,1.9800000000000002,PASS,False
fast_11_to_11,pex_recovery,N2.N2.t0,dynamic_segment_level_v,1.7999859424531992,1.62,1.9800000000000002,PASS,False
fast_11_to_11,pex_final_precharge,N2.N2.t0,dynamic_segment_level_v,1.799986568775029,1.62,1.9800000000000002,PASS,False
fast_11_to_11,pex_recovery,N2.N2,dynamic_segment_level_v,1.7999859524972153,1.62,1.9800000000000002,PASS,False
fast_11_to_11,pex_final_precharge,N2.N2,dynamic_segment_level_v,1.7999865857347044,1.62,1.9800000000000002,PASS,False
fast_11_to_11,pex_recovery,N2.N2.t1,dynamic_segment_level_v,1.7999857964430663,1.62,1.9800000000000002,PASS,False
fast_11_to_11,pex_final_precharge,N2.N2.t1,dynamic_segment_level_v,1.7999862101358506,1.62,1.9800000000000002,PASS,False
fast_11_to_11,pex_recovery,N2.N2.n1,dynamic_segment_level_v,1.7999859485627732,1.62,1.9800000000000002,PASS,False
fast_11_to_11,pex_final_precharge,N2.N2.n1,dynamic_segment_level_v,1.7999865755938202,1.62,1.9800000000000002,PASS,False
fast_11_to_11,pex_recovery,N3.N3,dynamic_segment_level_v,1.7994467564080867,1.62,1.9800000000000002,PASS,False
fast_11_to_11,pex_final_precharge,N3.N3,dynamic_segment_level_v,1.7987894870442969,1.62,1.9800000000000002,PASS,False
fast_11_to_11,pex_recovery,N3.N3.n0,dynamic_segment_level_v,1.7994468140610875,1.62,1.9800000000000002,PASS,False
fast_11_to_11,pex_final_precharge,N3.N3.n0,dynamic_segment_level_v,1.7987897565366848,1.62,1.9800000000000002,PASS,False
fast_11_to_11,pex_recovery,N3.N3.t2,dynamic_segment_level_v,1.7994467610878067,1.62,1.9800000000000002,PASS,False
fast_11_to_11,pex_final_precharge,N3.N3.t2,dynamic_segment_level_v,1.7987895086264498,1.62,1.9800000000000002,PASS,False
fast_11_to_11,pex_recovery,N3.N3.t3,dynamic_segment_level_v,1.7994467564080867,1.62,1.9800000000000002,PASS,False
fast_11_to_11,pex_final_precharge,N3.N3.t3,dynamic_segment_level_v,1.7987894870442969,1.62,1.9800000000000002,PASS,False
fast_11_to_11,pex_recovery,N3.N3.n1,dynamic_segment_level_v,1.7994468112124011,1.62,1.9800000000000002,PASS,False
fast_11_to_11,pex_final_precharge,N3.N3.n1,dynamic_segment_level_v,1.7987897651729836,1.62,1.9800000000000002,PASS,False
fast_11_to_11,pex_recovery,N3.N3.t1,dynamic_segment_level_v,1.7994874827036376,1.62,1.9800000000000002,PASS,False
fast_11_to_11,pex_final_precharge,N3.N3.t1,dynamic_segment_level_v,1.7988801007842856,1.62,1.9800000000000002,PASS,False
fast_11_to_11,pex_recovery,N3.N3.t0,dynamic_segment_level_v,1.7994376628737367,1.62,1.9800000000000002,PASS,False
fast_11_to_11,pex_final_precharge,N3.N3.t0,dynamic_segment_level_v,1.798769573768368,1.62,1.9800000000000002,PASS,False
