case,phase,output,metric,value,low,high,result,settling_allowance_only
slow_nominal_a0_to_1_p1500ps,prime,DEC0,upper_excursion_v,1.6199999960144627,,1.7820000000000003,PASS,False
slow_nominal_a0_to_1_p1500ps,prime,DEC0,lower_excursion_v,-0.12619640919731967,-0.16200000000000003,,PASS,False
slow_nominal_a0_to_1_p1500ps,prime,DEC0,end_level_v,1.61999999600763,1.4580000000000002,1.7820000000000003,PASS,False
slow_nominal_a0_to_1_p1500ps,prime,DEC0,settled_min_v,1.6199982214646111,1.4580000000000002,,PASS,False
slow_nominal_a0_to_1_p1500ps,prime,DEC1,upper_excursion_v,0.002329414732176331,,1.7820000000000003,PASS,False
slow_nominal_a0_to_1_p1500ps,prime,DEC1,lower_excursion_v,-0.0001731685966565033,-0.16200000000000003,,PASS,False
slow_nominal_a0_to_1_p1500ps,prime,DEC1,end_level_v,-6.390448994732235e-07,-0.16200000000000003,0.16200000000000003,PASS,False
slow_nominal_a0_to_1_p1500ps,prime,DEC1,unselected_max_v,0.002329414732176331,,0.16200000000000003,PASS,False
slow_nominal_a0_to_1_p1500ps,prime,DEC2,upper_excursion_v,0.002322790206042388,,1.7820000000000003,PASS,False
slow_nominal_a0_to_1_p1500ps,prime,DEC2,lower_excursion_v,-3.0617403232792055e-05,-0.16200000000000003,,PASS,False
slow_nominal_a0_to_1_p1500ps,prime,DEC2,end_level_v,6.696077070897753e-10,-0.16200000000000003,0.16200000000000003,PASS,False
slow_nominal_a0_to_1_p1500ps,prime,DEC2,unselected_max_v,0.002322790206042388,,0.16200000000000003,PASS,False
slow_nominal_a0_to_1_p1500ps,prime,DEC3,upper_excursion_v,0.002322786824796902,,1.7820000000000003,PASS,False
slow_nominal_a0_to_1_p1500ps,prime,DEC3,lower_excursion_v,-2.9339621016326293e-05,-0.16200000000000003,,PASS,False
slow_nominal_a0_to_1_p1500ps,prime,DEC3,end_level_v,6.69607046289653e-10,-0.16200000000000003,0.16200000000000003,PASS,False
slow_nominal_a0_to_1_p1500ps,prime,DEC3,unselected_max_v,0.002322786824796902,,0.16200000000000003,PASS,False
slow_nominal_a0_to_1_p1500ps,prime,WL0,upper_excursion_v,1.6199999895090338,,1.7820000000000003,PASS,False
slow_nominal_a0_to_1_p1500ps,prime,WL0,lower_excursion_v,-0.035181663042681055,-0.16200000000000003,,PASS,False
slow_nominal_a0_to_1_p1500ps,prime,WL0,end_level_v,1.6199999895090336,1.4580000000000002,1.7820000000000003,PASS,False
slow_nominal_a0_to_1_p1500ps,prime,WL0,settled_min_v,1.6072605572600354,1.4580000000000002,,PASS,False
slow_nominal_a0_to_1_p1500ps,prime,WL1,upper_excursion_v,5.984424762073265e-06,,1.7820000000000003,PASS,False
slow_nominal_a0_to_1_p1500ps,prime,WL1,lower_excursion_v,-5.767749986576158e-06,-0.16200000000000003,,PASS,False
slow_nominal_a0_to_1_p1500ps,prime,WL1,end_level_v,2.3802451425263016e-09,-0.16200000000000003,0.16200000000000003,PASS,False
slow_nominal_a0_to_1_p1500ps,prime,WL1,unselected_max_v,5.984424762073265e-06,,0.16200000000000003,PASS,False
slow_nominal_a0_to_1_p1500ps,prime,WL2,upper_excursion_v,5.964842872391838e-06,,1.7820000000000003,PASS,False
slow_nominal_a0_to_1_p1500ps,prime,WL2,lower_excursion_v,-5.52962670533503e-06,-0.16200000000000003,,PASS,False
slow_nominal_a0_to_1_p1500ps,prime,WL2,end_level_v,2.380327066651997e-09,-0.16200000000000003,0.16200000000000003,PASS,False
slow_nominal_a0_to_1_p1500ps,prime,WL2,unselected_max_v,5.964842872391838e-06,,0.16200000000000003,PASS,False
slow_nominal_a0_to_1_p1500ps,prime,WL3,upper_excursion_v,5.964822897484868e-06,,1.7820000000000003,PASS,False
slow_nominal_a0_to_1_p1500ps,prime,WL3,lower_excursion_v,-5.521043588201706e-06,-0.16200000000000003,,PASS,False
slow_nominal_a0_to_1_p1500ps,prime,WL3,end_level_v,2.3803269845475247e-09,-0.16200000000000003,0.16200000000000003,PASS,False
slow_nominal_a0_to_1_p1500ps,prime,WL3,unselected_max_v,5.964822897484868e-06,,0.16200000000000003,PASS,False
slow_nominal_a0_to_1_p1500ps,test,DEC0,upper_excursion_v,0.002323099069494334,,1.7820000000000003,PASS,False
slow_nominal_a0_to_1_p1500ps,test,DEC0,lower_excursion_v,-0.0001935620064075945,-0.16200000000000003,,PASS,False
slow_nominal_a0_to_1_p1500ps,test,DEC0,end_level_v,-1.644772442355169e-06,-0.16200000000000003,0.16200000000000003,PASS,False
slow_nominal_a0_to_1_p1500ps,test,DEC0,unselected_max_v,0.002323099069494334,,0.16200000000000003,PASS,False
slow_nominal_a0_to_1_p1500ps,test,DEC1,upper_excursion_v,1.6200027484702868,,1.7820000000000003,PASS,False
slow_nominal_a0_to_1_p1500ps,test,DEC1,lower_excursion_v,-0.13103723946692034,-0.16200000000000003,,PASS,False
slow_nominal_a0_to_1_p1500ps,test,DEC1,end_level_v,1.619999996090184,1.4580000000000002,1.7820000000000003,PASS,False
slow_nominal_a0_to_1_p1500ps,test,DEC1,settled_min_v,1.6199983747925952,1.4580000000000002,,PASS,False
slow_nominal_a0_to_1_p1500ps,test,DEC2,upper_excursion_v,0.002323145742591889,,1.7820000000000003,PASS,False
slow_nominal_a0_to_1_p1500ps,test,DEC2,lower_excursion_v,-2.2122576073965836e-05,-0.16200000000000003,,PASS,False
slow_nominal_a0_to_1_p1500ps,test,DEC2,end_level_v,6.697437103492111e-10,-0.16200000000000003,0.16200000000000003,PASS,False
slow_nominal_a0_to_1_p1500ps,test,DEC2,unselected_max_v,0.002323145742591889,,0.16200000000000003,PASS,False
slow_nominal_a0_to_1_p1500ps,test,DEC3,upper_excursion_v,0.002323150030880432,,1.7820000000000003,PASS,False
slow_nominal_a0_to_1_p1500ps,test,DEC3,lower_excursion_v,-2.3286200692944055e-05,-0.16200000000000003,,PASS,False
slow_nominal_a0_to_1_p1500ps,test,DEC3,end_level_v,6.697411621933883e-10,-0.16200000000000003,0.16200000000000003,PASS,False
slow_nominal_a0_to_1_p1500ps,test,DEC3,unselected_max_v,0.002323150030880432,,0.16200000000000003,PASS,False
slow_nominal_a0_to_1_p1500ps,test,WL0,upper_excursion_v,5.961331157957436e-06,,1.7820000000000003,PASS,False
slow_nominal_a0_to_1_p1500ps,test,WL0,lower_excursion_v,-5.8779504813863475e-06,-0.16200000000000003,,PASS,False
slow_nominal_a0_to_1_p1500ps,test,WL0,end_level_v,2.379090382693872e-09,-0.16200000000000003,0.16200000000000003,PASS,False
slow_nominal_a0_to_1_p1500ps,test,WL0,unselected_max_v,5.961331157957436e-06,,0.16200000000000003,PASS,False
slow_nominal_a0_to_1_p1500ps,test,WL1,upper_excursion_v,1.6199999894879515,,1.7820000000000003,PASS,False
slow_nominal_a0_to_1_p1500ps,test,WL1,lower_excursion_v,-0.035210821477144,-0.16200000000000003,,PASS,False
slow_nominal_a0_to_1_p1500ps,test,WL1,end_level_v,1.6199999894879515,1.4580000000000002,1.7820000000000003,PASS,False
slow_nominal_a0_to_1_p1500ps,test,WL1,settled_min_v,1.6077407796456429,1.4580000000000002,,PASS,False
slow_nominal_a0_to_1_p1500ps,test,WL2,upper_excursion_v,5.966825042279099e-06,,1.7820000000000003,PASS,False
slow_nominal_a0_to_1_p1500ps,test,WL2,lower_excursion_v,-5.508789893049464e-06,-0.16200000000000003,,PASS,False
slow_nominal_a0_to_1_p1500ps,test,WL2,end_level_v,2.3803273375688735e-09,-0.16200000000000003,0.16200000000000003,PASS,False
slow_nominal_a0_to_1_p1500ps,test,WL2,unselected_max_v,5.966825042279099e-06,,0.16200000000000003,PASS,False
slow_nominal_a0_to_1_p1500ps,test,WL3,upper_excursion_v,5.966845251011243e-06,,1.7820000000000003,PASS,False
slow_nominal_a0_to_1_p1500ps,test,WL3,lower_excursion_v,-5.516638164572479e-06,-0.16200000000000003,,PASS,False
slow_nominal_a0_to_1_p1500ps,test,WL3,end_level_v,2.3803273821057612e-09,-0.16200000000000003,0.16200000000000003,PASS,False
slow_nominal_a0_to_1_p1500ps,test,WL3,unselected_max_v,5.966845251011243e-06,,0.16200000000000003,PASS,False
slow_nominal_a0_to_1_p1500ps,recovery,DEC0,end_level_v,1.9267355060373617e-06,-0.16200000000000003,0.16200000000000003,PASS,False
slow_nominal_a0_to_1_p1500ps,recovery,DEC0,settled_max_v,5.4997297350242724e-05,,0.16200000000000003,PASS,False
slow_nominal_a0_to_1_p1500ps,recovery,DEC1,end_level_v,-4.345564512703284e-06,-0.16200000000000003,0.16200000000000003,PASS,False
slow_nominal_a0_to_1_p1500ps,recovery,DEC1,settled_max_v,5.049945338408274e-06,,0.16200000000000003,PASS,False
slow_nominal_a0_to_1_p1500ps,recovery,DEC2,end_level_v,9.466163783279168e-10,-0.16200000000000003,0.16200000000000003,PASS,False
slow_nominal_a0_to_1_p1500ps,recovery,DEC2,settled_max_v,1.721094247691153e-06,,0.16200000000000003,PASS,False
slow_nominal_a0_to_1_p1500ps,recovery,DEC3,end_level_v,9.60008613269334e-10,-0.16200000000000003,0.16200000000000003,PASS,False
slow_nominal_a0_to_1_p1500ps,recovery,DEC3,settled_max_v,1.8555751644258744e-06,,0.16200000000000003,PASS,False
slow_nominal_a0_to_1_p1500ps,recovery,WL0,end_level_v,2.7650336544613364e-09,-0.16200000000000003,0.16200000000000003,PASS,False
slow_nominal_a0_to_1_p1500ps,recovery,WL0,settled_max_v,1.1179879820748518e-06,,0.16200000000000003,PASS,False
slow_nominal_a0_to_1_p1500ps,recovery,WL1,end_level_v,2.8828168629386144e-09,-0.16200000000000003,0.16200000000000003,PASS,False
slow_nominal_a0_to_1_p1500ps,recovery,WL1,settled_max_v,2.2114157656177756e-08,,0.16200000000000003,PASS,False
slow_nominal_a0_to_1_p1500ps,recovery,WL2,end_level_v,2.3804570749046523e-09,-0.16200000000000003,0.16200000000000003,PASS,False
slow_nominal_a0_to_1_p1500ps,recovery,WL2,settled_max_v,7.045553921677028e-09,,0.16200000000000003,PASS,False
slow_nominal_a0_to_1_p1500ps,recovery,WL3,end_level_v,2.3804805442705205e-09,-0.16200000000000003,0.16200000000000003,PASS,False
slow_nominal_a0_to_1_p1500ps,recovery,WL3,settled_max_v,7.583481671059715e-09,,0.16200000000000003,PASS,False
slow_nominal_a0_to_1_p1500ps,recovery,N0,end_level_v,1.6187443818486358,1.4580000000000002,1.7820000000000003,PASS,False
slow_nominal_a0_to_1_p1500ps,recovery,N1,end_level_v,1.6192140765764378,1.4580000000000002,1.7820000000000003,PASS,False
slow_nominal_a0_to_1_p1500ps,recovery,N2,end_level_v,1.6199999497531161,1.4580000000000002,1.7820000000000003,PASS,False
slow_nominal_a0_to_1_p1500ps,recovery,N3,end_level_v,1.619999946884475,1.4580000000000002,1.7820000000000003,PASS,False
slow_nominal_a0_to_1_p1500ps,final_precharge,DEC0,settled_max_v,1.8791546329908075e-07,,0.16200000000000003,PASS,False
slow_nominal_a0_to_1_p1500ps,final_precharge,DEC0,settled_min_v,5.363102177635692e-09,-0.16200000000000003,,PASS,False
slow_nominal_a0_to_1_p1500ps,final_precharge,DEC1,settled_max_v,1.4520621509331072e-05,,0.16200000000000003,PASS,False
slow_nominal_a0_to_1_p1500ps,final_precharge,DEC1,settled_min_v,1.4895320392394051e-07,-0.16200000000000003,,PASS,False
slow_nominal_a0_to_1_p1500ps,final_precharge,DEC2,settled_max_v,8.89598103060604e-10,,0.16200000000000003,PASS,False
slow_nominal_a0_to_1_p1500ps,final_precharge,DEC2,settled_min_v,2.8253715244270954e-10,-0.16200000000000003,,PASS,False
slow_nominal_a0_to_1_p1500ps,final_precharge,DEC3,settled_max_v,8.903044189650887e-10,,0.16200000000000003,PASS,False
slow_nominal_a0_to_1_p1500ps,final_precharge,DEC3,settled_min_v,2.90684939200478e-10,-0.16200000000000003,,PASS,False
slow_nominal_a0_to_1_p1500ps,final_precharge,WL0,settled_max_v,2.4245960092101677e-09,,0.16200000000000003,PASS,False
slow_nominal_a0_to_1_p1500ps,final_precharge,WL0,settled_min_v,2.380328757700231e-09,-0.16200000000000003,,PASS,False
slow_nominal_a0_to_1_p1500ps,final_precharge,WL1,settled_max_v,1.1403610244273082e-06,,0.16200000000000003,PASS,False
slow_nominal_a0_to_1_p1500ps,final_precharge,WL1,settled_min_v,2.380552096333188e-09,-0.16200000000000003,,PASS,False
slow_nominal_a0_to_1_p1500ps,final_precharge,WL2,settled_max_v,2.380466716547791e-09,,0.16200000000000003,PASS,False
slow_nominal_a0_to_1_p1500ps,final_precharge,WL2,settled_min_v,2.380257532071382e-09,-0.16200000000000003,,PASS,False
slow_nominal_a0_to_1_p1500ps,final_precharge,WL3,settled_max_v,2.38046997904408e-09,,0.16200000000000003,PASS,False
slow_nominal_a0_to_1_p1500ps,final_precharge,WL3,settled_min_v,2.3802575543576485e-09,-0.16200000000000003,,PASS,False
slow_nominal_a0_to_1_p1500ps,final_precharge,N0,end_level_v,1.6199472405943438,1.4580000000000002,1.7820000000000003,PASS,False
slow_nominal_a0_to_1_p1500ps,final_precharge,N1,end_level_v,1.6192147600507294,1.4580000000000002,1.7820000000000003,PASS,False
slow_nominal_a0_to_1_p1500ps,final_precharge,N2,end_level_v,1.6199999804164587,1.4580000000000002,1.7820000000000003,PASS,False
slow_nominal_a0_to_1_p1500ps,final_precharge,N3,end_level_v,1.619999980380379,1.4580000000000002,1.7820000000000003,PASS,False
slow_nominal_a0_to_2_p1500ps,prime,DEC0,upper_excursion_v,1.6199999960144627,,1.7820000000000003,PASS,False
slow_nominal_a0_to_2_p1500ps,prime,DEC0,lower_excursion_v,-0.12619640919731967,-0.16200000000000003,,PASS,False
slow_nominal_a0_to_2_p1500ps,prime,DEC0,end_level_v,1.61999999600763,1.4580000000000002,1.7820000000000003,PASS,False
slow_nominal_a0_to_2_p1500ps,prime,DEC0,settled_min_v,1.6199982214646111,1.4580000000000002,,PASS,False
slow_nominal_a0_to_2_p1500ps,prime,DEC1,upper_excursion_v,0.002329414732176331,,1.7820000000000003,PASS,False
slow_nominal_a0_to_2_p1500ps,prime,DEC1,lower_excursion_v,-0.0001731685966565033,-0.16200000000000003,,PASS,False
slow_nominal_a0_to_2_p1500ps,prime,DEC1,end_level_v,-6.390448994732235e-07,-0.16200000000000003,0.16200000000000003,PASS,False
slow_nominal_a0_to_2_p1500ps,prime,DEC1,unselected_max_v,0.002329414732176331,,0.16200000000000003,PASS,False
slow_nominal_a0_to_2_p1500ps,prime,DEC2,upper_excursion_v,0.002322790206042388,,1.7820000000000003,PASS,False
slow_nominal_a0_to_2_p1500ps,prime,DEC2,lower_excursion_v,-3.0617403232792055e-05,-0.16200000000000003,,PASS,False
slow_nominal_a0_to_2_p1500ps,prime,DEC2,end_level_v,6.696077070897753e-10,-0.16200000000000003,0.16200000000000003,PASS,False
slow_nominal_a0_to_2_p1500ps,prime,DEC2,unselected_max_v,0.002322790206042388,,0.16200000000000003,PASS,False
slow_nominal_a0_to_2_p1500ps,prime,DEC3,upper_excursion_v,0.002322786824796902,,1.7820000000000003,PASS,False
slow_nominal_a0_to_2_p1500ps,prime,DEC3,lower_excursion_v,-2.9339621016326293e-05,-0.16200000000000003,,PASS,False
slow_nominal_a0_to_2_p1500ps,prime,DEC3,end_level_v,6.69607046289653e-10,-0.16200000000000003,0.16200000000000003,PASS,False
slow_nominal_a0_to_2_p1500ps,prime,DEC3,unselected_max_v,0.002322786824796902,,0.16200000000000003,PASS,False
slow_nominal_a0_to_2_p1500ps,prime,WL0,upper_excursion_v,1.6199999895090338,,1.7820000000000003,PASS,False
slow_nominal_a0_to_2_p1500ps,prime,WL0,lower_excursion_v,-0.035181663042681055,-0.16200000000000003,,PASS,False
slow_nominal_a0_to_2_p1500ps,prime,WL0,end_level_v,1.6199999895090336,1.4580000000000002,1.7820000000000003,PASS,False
slow_nominal_a0_to_2_p1500ps,prime,WL0,settled_min_v,1.6072605572600354,1.4580000000000002,,PASS,False
slow_nominal_a0_to_2_p1500ps,prime,WL1,upper_excursion_v,5.984424762073265e-06,,1.7820000000000003,PASS,False
slow_nominal_a0_to_2_p1500ps,prime,WL1,lower_excursion_v,-5.767749986576158e-06,-0.16200000000000003,,PASS,False
slow_nominal_a0_to_2_p1500ps,prime,WL1,end_level_v,2.3802451425263016e-09,-0.16200000000000003,0.16200000000000003,PASS,False
slow_nominal_a0_to_2_p1500ps,prime,WL1,unselected_max_v,5.984424762073265e-06,,0.16200000000000003,PASS,False
slow_nominal_a0_to_2_p1500ps,prime,WL2,upper_excursion_v,5.964842872391838e-06,,1.7820000000000003,PASS,False
slow_nominal_a0_to_2_p1500ps,prime,WL2,lower_excursion_v,-5.52962670533503e-06,-0.16200000000000003,,PASS,False
slow_nominal_a0_to_2_p1500ps,prime,WL2,end_level_v,2.380327066651997e-09,-0.16200000000000003,0.16200000000000003,PASS,False
slow_nominal_a0_to_2_p1500ps,prime,WL2,unselected_max_v,5.964842872391838e-06,,0.16200000000000003,PASS,False
slow_nominal_a0_to_2_p1500ps,prime,WL3,upper_excursion_v,5.964822897484868e-06,,1.7820000000000003,PASS,False
slow_nominal_a0_to_2_p1500ps,prime,WL3,lower_excursion_v,-5.521043588201706e-06,-0.16200000000000003,,PASS,False
slow_nominal_a0_to_2_p1500ps,prime,WL3,end_level_v,2.3803269845475247e-09,-0.16200000000000003,0.16200000000000003,PASS,False
slow_nominal_a0_to_2_p1500ps,prime,WL3,unselected_max_v,5.964822897484868e-06,,0.16200000000000003,PASS,False
slow_nominal_a0_to_2_p1500ps,test,DEC0,upper_excursion_v,0.0023230240221154,,1.7820000000000003,PASS,False
slow_nominal_a0_to_2_p1500ps,test,DEC0,lower_excursion_v,-7.603879750680068e-05,-0.16200000000000003,,PASS,False
slow_nominal_a0_to_2_p1500ps,test,DEC0,end_level_v,6.697301810354439e-10,-0.16200000000000003,0.16200000000000003,PASS,False
slow_nominal_a0_to_2_p1500ps,test,DEC0,unselected_max_v,0.0023230240221154,,0.16200000000000003,PASS,False
slow_nominal_a0_to_2_p1500ps,test,DEC1,upper_excursion_v,0.002323018846206739,,1.7820000000000003,PASS,False
slow_nominal_a0_to_2_p1500ps,test,DEC1,lower_excursion_v,-7.573747771846777e-05,-0.16200000000000003,,PASS,False
slow_nominal_a0_to_2_p1500ps,test,DEC1,end_level_v,6.69732849984904e-10,-0.16200000000000003,0.16200000000000003,PASS,False
slow_nominal_a0_to_2_p1500ps,test,DEC1,unselected_max_v,0.002323018846206739,,0.16200000000000003,PASS,False
slow_nominal_a0_to_2_p1500ps,test,DEC2,upper_excursion_v,1.620001905666903,,1.7820000000000003,PASS,False
slow_nominal_a0_to_2_p1500ps,test,DEC2,lower_excursion_v,-0.12967767847739825,-0.16200000000000003,,PASS,False
slow_nominal_a0_to_2_p1500ps,test,DEC2,end_level_v,1.61999999601542,1.4580000000000002,1.7820000000000003,PASS,False
slow_nominal_a0_to_2_p1500ps,test,DEC2,settled_min_v,1.6199982852976358,1.4580000000000002,,PASS,False
slow_nominal_a0_to_2_p1500ps,test,DEC3,upper_excursion_v,0.0023131037112541233,,1.7820000000000003,PASS,False
slow_nominal_a0_to_2_p1500ps,test,DEC3,lower_excursion_v,-0.0002302617779624122,-0.16200000000000003,,PASS,False
slow_nominal_a0_to_2_p1500ps,test,DEC3,end_level_v,-1.5925533988353502e-06,-0.16200000000000003,0.16200000000000003,PASS,False
slow_nominal_a0_to_2_p1500ps,test,DEC3,unselected_max_v,0.0023131037112541233,,0.16200000000000003,PASS,False
slow_nominal_a0_to_2_p1500ps,test,WL0,upper_excursion_v,5.9649114067934585e-06,,1.7820000000000003,PASS,False
slow_nominal_a0_to_2_p1500ps,test,WL0,lower_excursion_v,-5.56377351241632e-06,-0.16200000000000003,,PASS,False
slow_nominal_a0_to_2_p1500ps,test,WL0,end_level_v,2.380327248400408e-09,-0.16200000000000003,0.16200000000000003,PASS,False
slow_nominal_a0_to_2_p1500ps,test,WL0,unselected_max_v,5.9649114067934585e-06,,0.16200000000000003,PASS,False
slow_nominal_a0_to_2_p1500ps,test,WL1,upper_excursion_v,5.964892107922246e-06,,1.7820000000000003,PASS,False
slow_nominal_a0_to_2_p1500ps,test,WL1,lower_excursion_v,-5.555315134456346e-06,-0.16200000000000003,,PASS,False
slow_nominal_a0_to_2_p1500ps,test,WL1,end_level_v,2.380327169000855e-09,-0.16200000000000003,0.16200000000000003,PASS,False
slow_nominal_a0_to_2_p1500ps,test,WL1,unselected_max_v,5.964892107922246e-06,,0.16200000000000003,PASS,False
slow_nominal_a0_to_2_p1500ps,test,WL2,upper_excursion_v,1.6199999894873034,,1.7820000000000003,PASS,False
slow_nominal_a0_to_2_p1500ps,test,WL2,lower_excursion_v,-0.035175364962976775,-0.16200000000000003,,PASS,False
slow_nominal_a0_to_2_p1500ps,test,WL2,end_level_v,1.6199999894873034,1.4580000000000002,1.7820000000000003,PASS,False
slow_nominal_a0_to_2_p1500ps,test,WL2,settled_min_v,1.607362381851519,1.4580000000000002,,PASS,False
slow_nominal_a0_to_2_p1500ps,test,WL3,upper_excursion_v,5.918254074941355e-06,,1.7820000000000003,PASS,False
slow_nominal_a0_to_2_p1500ps,test,WL3,lower_excursion_v,-5.865126461312327e-06,-0.16200000000000003,,PASS,False
slow_nominal_a0_to_2_p1500ps,test,WL3,end_level_v,2.379205601779415e-09,-0.16200000000000003,0.16200000000000003,PASS,False
slow_nominal_a0_to_2_p1500ps,test,WL3,unselected_max_v,5.918254074941355e-06,,0.16200000000000003,PASS,False
slow_nominal_a0_to_2_p1500ps,recovery,DEC0,end_level_v,2.721587898796414e-08,-0.16200000000000003,0.16200000000000003,PASS,False
slow_nominal_a0_to_2_p1500ps,recovery,DEC0,settled_max_v,0.00020803844461877302,,0.16200000000000003,PASS,False
slow_nominal_a0_to_2_p1500ps,recovery,DEC1,end_level_v,2.6957492504259293e-08,-0.16200000000000003,0.16200000000000003,PASS,False
slow_nominal_a0_to_2_p1500ps,recovery,DEC1,settled_max_v,0.00020497725448258319,,0.16200000000000003,PASS,False
slow_nominal_a0_to_2_p1500ps,recovery,DEC2,end_level_v,-4.577966451410789e-08,-0.16200000000000003,0.16200000000000003,PASS,False
slow_nominal_a0_to_2_p1500ps,recovery,DEC2,settled_max_v,0.0006503174588408309,,0.16200000000000003,PASS,False
slow_nominal_a0_to_2_p1500ps,recovery,DEC3,end_level_v,2.90078215966013e-06,-0.16200000000000003,0.16200000000000003,PASS,False
slow_nominal_a0_to_2_p1500ps,recovery,DEC3,settled_max_v,0.0008063989897343464,,0.16200000000000003,PASS,False
slow_nominal_a0_to_2_p1500ps,recovery,WL0,end_level_v,2.470801041893187e-09,-0.16200000000000003,0.16200000000000003,PASS,False
slow_nominal_a0_to_2_p1500ps,recovery,WL0,settled_max_v,1.1179879820748518e-06,,0.16200000000000003,PASS,False
slow_nominal_a0_to_2_p1500ps,recovery,WL1,end_level_v,2.4699054040699544e-09,-0.16200000000000003,0.16200000000000003,PASS,False
slow_nominal_a0_to_2_p1500ps,recovery,WL1,settled_max_v,6.323023585305803e-07,,0.16200000000000003,PASS,False
slow_nominal_a0_to_2_p1500ps,recovery,WL2,end_level_v,2.2316974345086865e-09,-0.16200000000000003,0.16200000000000003,PASS,False
slow_nominal_a0_to_2_p1500ps,recovery,WL2,settled_max_v,1.3398520588141793e-06,,0.16200000000000003,PASS,False
slow_nominal_a0_to_2_p1500ps,recovery,WL3,end_level_v,3.494214382325859e-09,-0.16200000000000003,0.16200000000000003,PASS,False
slow_nominal_a0_to_2_p1500ps,recovery,WL3,settled_max_v,4.92846839159001e-06,,0.16200000000000003,PASS,False
slow_nominal_a0_to_2_p1500ps,recovery,N0,end_level_v,1.6199975945770828,1.4580000000000002,1.7820000000000003,PASS,False
slow_nominal_a0_to_2_p1500ps,recovery,N1,end_level_v,1.6199976178526874,1.4580000000000002,1.7820000000000003,PASS,False
slow_nominal_a0_to_2_p1500ps,recovery,N2,end_level_v,1.6200354762303446,1.4580000000000002,1.7820000000000003,PASS,False
slow_nominal_a0_to_2_p1500ps,recovery,N3,end_level_v,1.6184748387404855,1.4580000000000002,1.7820000000000003,PASS,False
slow_nominal_a0_to_2_p1500ps,final_precharge,DEC0,settled_max_v,1.4141878290167857e-09,,0.16200000000000003,PASS,False
slow_nominal_a0_to_2_p1500ps,final_precharge,DEC0,settled_min_v,8.843906128264134e-10,-0.16200000000000003,,PASS,False
slow_nominal_a0_to_2_p1500ps,final_precharge,DEC1,settled_max_v,1.406207255313598e-09,,0.16200000000000003,PASS,False
slow_nominal_a0_to_2_p1500ps,final_precharge,DEC1,settled_min_v,8.843799092834052e-10,-0.16200000000000003,,PASS,False
slow_nominal_a0_to_2_p1500ps,final_precharge,DEC2,settled_max_v,1.739374574899864e-05,,0.16200000000000003,PASS,False
slow_nominal_a0_to_2_p1500ps,final_precharge,DEC2,settled_min_v,1.5067604285448621e-07,-0.16200000000000003,,PASS,False
slow_nominal_a0_to_2_p1500ps,final_precharge,DEC3,settled_max_v,2.9015880423920788e-08,,0.16200000000000003,PASS,False
slow_nominal_a0_to_2_p1500ps,final_precharge,DEC3,settled_min_v,5.798980490245853e-09,-0.16200000000000003,,PASS,False
slow_nominal_a0_to_2_p1500ps,final_precharge,WL0,settled_max_v,2.3805625974337895e-09,,0.16200000000000003,PASS,False
slow_nominal_a0_to_2_p1500ps,final_precharge,WL0,settled_min_v,2.380327081717215e-09,-0.16200000000000003,,PASS,False
slow_nominal_a0_to_2_p1500ps,final_precharge,WL1,settled_max_v,2.3805592021986958e-09,,0.16200000000000003,PASS,False
slow_nominal_a0_to_2_p1500ps,final_precharge,WL1,settled_min_v,2.3803268092277986e-09,-0.16200000000000003,,PASS,False
slow_nominal_a0_to_2_p1500ps,final_precharge,WL2,settled_max_v,9.8472503248051e-07,,0.16200000000000003,PASS,False
slow_nominal_a0_to_2_p1500ps,final_precharge,WL2,settled_min_v,2.3805584765540985e-09,-0.16200000000000003,,PASS,False
slow_nominal_a0_to_2_p1500ps,final_precharge,WL3,settled_max_v,2.388507793768398e-09,,0.16200000000000003,PASS,False
slow_nominal_a0_to_2_p1500ps,final_precharge,WL3,settled_min_v,2.380328959069004e-09,-0.16200000000000003,,PASS,False
slow_nominal_a0_to_2_p1500ps,final_precharge,N0,end_level_v,1.6199999769825038,1.4580000000000002,1.7820000000000003,PASS,False
slow_nominal_a0_to_2_p1500ps,final_precharge,N1,end_level_v,1.6199999770188134,1.4580000000000002,1.7820000000000003,PASS,False
slow_nominal_a0_to_2_p1500ps,final_precharge,N2,end_level_v,1.6192107373905362,1.4580000000000002,1.7820000000000003,PASS,False
slow_nominal_a0_to_2_p1500ps,final_precharge,N3,end_level_v,1.6199445260055179,1.4580000000000002,1.7820000000000003,PASS,False
slow_nominal_a0_to_3_p1500ps,prime,DEC0,upper_excursion_v,1.6199999960144627,,1.7820000000000003,PASS,False
slow_nominal_a0_to_3_p1500ps,prime,DEC0,lower_excursion_v,-0.12619640919731967,-0.16200000000000003,,PASS,False
slow_nominal_a0_to_3_p1500ps,prime,DEC0,end_level_v,1.61999999600763,1.4580000000000002,1.7820000000000003,PASS,False
slow_nominal_a0_to_3_p1500ps,prime,DEC0,settled_min_v,1.6199982214646111,1.4580000000000002,,PASS,False
slow_nominal_a0_to_3_p1500ps,prime,DEC1,upper_excursion_v,0.002329414732176331,,1.7820000000000003,PASS,False
slow_nominal_a0_to_3_p1500ps,prime,DEC1,lower_excursion_v,-0.0001731685966565033,-0.16200000000000003,,PASS,False
slow_nominal_a0_to_3_p1500ps,prime,DEC1,end_level_v,-6.390448994732235e-07,-0.16200000000000003,0.16200000000000003,PASS,False
slow_nominal_a0_to_3_p1500ps,prime,DEC1,unselected_max_v,0.002329414732176331,,0.16200000000000003,PASS,False
slow_nominal_a0_to_3_p1500ps,prime,DEC2,upper_excursion_v,0.002322790206042388,,1.7820000000000003,PASS,False
slow_nominal_a0_to_3_p1500ps,prime,DEC2,lower_excursion_v,-3.0617403232792055e-05,-0.16200000000000003,,PASS,False
slow_nominal_a0_to_3_p1500ps,prime,DEC2,end_level_v,6.696077070897753e-10,-0.16200000000000003,0.16200000000000003,PASS,False
slow_nominal_a0_to_3_p1500ps,prime,DEC2,unselected_max_v,0.002322790206042388,,0.16200000000000003,PASS,False
slow_nominal_a0_to_3_p1500ps,prime,DEC3,upper_excursion_v,0.002322786824796902,,1.7820000000000003,PASS,False
slow_nominal_a0_to_3_p1500ps,prime,DEC3,lower_excursion_v,-2.9339621016326293e-05,-0.16200000000000003,,PASS,False
slow_nominal_a0_to_3_p1500ps,prime,DEC3,end_level_v,6.69607046289653e-10,-0.16200000000000003,0.16200000000000003,PASS,False
slow_nominal_a0_to_3_p1500ps,prime,DEC3,unselected_max_v,0.002322786824796902,,0.16200000000000003,PASS,False
slow_nominal_a0_to_3_p1500ps,prime,WL0,upper_excursion_v,1.6199999895090338,,1.7820000000000003,PASS,False
slow_nominal_a0_to_3_p1500ps,prime,WL0,lower_excursion_v,-0.035181663042681055,-0.16200000000000003,,PASS,False
slow_nominal_a0_to_3_p1500ps,prime,WL0,end_level_v,1.6199999895090336,1.4580000000000002,1.7820000000000003,PASS,False
slow_nominal_a0_to_3_p1500ps,prime,WL0,settled_min_v,1.6072605572600354,1.4580000000000002,,PASS,False
slow_nominal_a0_to_3_p1500ps,prime,WL1,upper_excursion_v,5.984424762073265e-06,,1.7820000000000003,PASS,False
slow_nominal_a0_to_3_p1500ps,prime,WL1,lower_excursion_v,-5.767749986576158e-06,-0.16200000000000003,,PASS,False
slow_nominal_a0_to_3_p1500ps,prime,WL1,end_level_v,2.3802451425263016e-09,-0.16200000000000003,0.16200000000000003,PASS,False
slow_nominal_a0_to_3_p1500ps,prime,WL1,unselected_max_v,5.984424762073265e-06,,0.16200000000000003,PASS,False
slow_nominal_a0_to_3_p1500ps,prime,WL2,upper_excursion_v,5.964842872391838e-06,,1.7820000000000003,PASS,False
slow_nominal_a0_to_3_p1500ps,prime,WL2,lower_excursion_v,-5.52962670533503e-06,-0.16200000000000003,,PASS,False
slow_nominal_a0_to_3_p1500ps,prime,WL2,end_level_v,2.380327066651997e-09,-0.16200000000000003,0.16200000000000003,PASS,False
slow_nominal_a0_to_3_p1500ps,prime,WL2,unselected_max_v,5.964842872391838e-06,,0.16200000000000003,PASS,False
slow_nominal_a0_to_3_p1500ps,prime,WL3,upper_excursion_v,5.964822897484868e-06,,1.7820000000000003,PASS,False
slow_nominal_a0_to_3_p1500ps,prime,WL3,lower_excursion_v,-5.521043588201706e-06,-0.16200000000000003,,PASS,False
slow_nominal_a0_to_3_p1500ps,prime,WL3,end_level_v,2.3803269845475247e-09,-0.16200000000000003,0.16200000000000003,PASS,False
slow_nominal_a0_to_3_p1500ps,prime,WL3,unselected_max_v,5.964822897484868e-06,,0.16200000000000003,PASS,False
slow_nominal_a0_to_3_p1500ps,test,DEC0,upper_excursion_v,0.0023219192749797833,,1.7820000000000003,PASS,False
slow_nominal_a0_to_3_p1500ps,test,DEC0,lower_excursion_v,-8.114604176717027e-05,-0.16200000000000003,,PASS,False
slow_nominal_a0_to_3_p1500ps,test,DEC0,end_level_v,6.697130280897134e-10,-0.16200000000000003,0.16200000000000003,PASS,False
slow_nominal_a0_to_3_p1500ps,test,DEC0,unselected_max_v,0.0023219192749797833,,0.16200000000000003,PASS,False
slow_nominal_a0_to_3_p1500ps,test,DEC1,upper_excursion_v,0.0023219347075434105,,1.7820000000000003,PASS,False
slow_nominal_a0_to_3_p1500ps,test,DEC1,lower_excursion_v,-8.210301076268196e-05,-0.16200000000000003,,PASS,False
slow_nominal_a0_to_3_p1500ps,test,DEC1,end_level_v,6.697102313974387e-10,-0.16200000000000003,0.16200000000000003,PASS,False
slow_nominal_a0_to_3_p1500ps,test,DEC1,unselected_max_v,0.0023219347075434105,,0.16200000000000003,PASS,False
slow_nominal_a0_to_3_p1500ps,test,DEC2,upper_excursion_v,0.0023148818490122606,,1.7820000000000003,PASS,False
slow_nominal_a0_to_3_p1500ps,test,DEC2,lower_excursion_v,-0.00020644507827374814,-0.16200000000000003,,PASS,False
slow_nominal_a0_to_3_p1500ps,test,DEC2,end_level_v,-1.4873689008661206e-06,-0.16200000000000003,0.16200000000000003,PASS,False
slow_nominal_a0_to_3_p1500ps,test,DEC2,unselected_max_v,0.0023148818490122606,,0.16200000000000003,PASS,False
slow_nominal_a0_to_3_p1500ps,test,DEC3,upper_excursion_v,1.6200064301126467,,1.7820000000000003,PASS,False
slow_nominal_a0_to_3_p1500ps,test,DEC3,lower_excursion_v,-0.1347562622074035,-0.16200000000000003,,PASS,False
slow_nominal_a0_to_3_p1500ps,test,DEC3,end_level_v,1.6199999960138267,1.4580000000000002,1.7820000000000003,PASS,False
slow_nominal_a0_to_3_p1500ps,test,DEC3,settled_min_v,1.6199984332150144,1.4580000000000002,,PASS,False
slow_nominal_a0_to_3_p1500ps,test,WL0,upper_excursion_v,5.96068888103611e-06,,1.7820000000000003,PASS,False
slow_nominal_a0_to_3_p1500ps,test,WL0,lower_excursion_v,-5.570007489117621e-06,-0.16200000000000003,,PASS,False
slow_nominal_a0_to_3_p1500ps,test,WL0,end_level_v,2.3803271510256797e-09,-0.16200000000000003,0.16200000000000003,PASS,False
slow_nominal_a0_to_3_p1500ps,test,WL0,unselected_max_v,5.96068888103611e-06,,0.16200000000000003,PASS,False
slow_nominal_a0_to_3_p1500ps,test,WL1,upper_excursion_v,5.960751114060712e-06,,1.7820000000000003,PASS,False
slow_nominal_a0_to_3_p1500ps,test,WL1,lower_excursion_v,-5.578846946519629e-06,-0.16200000000000003,,PASS,False
slow_nominal_a0_to_3_p1500ps,test,WL1,end_level_v,2.3803271736788314e-09,-0.16200000000000003,0.16200000000000003,PASS,False
slow_nominal_a0_to_3_p1500ps,test,WL1,unselected_max_v,5.960751114060712e-06,,0.16200000000000003,PASS,False
slow_nominal_a0_to_3_p1500ps,test,WL2,upper_excursion_v,5.927017144614097e-06,,1.7820000000000003,PASS,False
slow_nominal_a0_to_3_p1500ps,test,WL2,lower_excursion_v,-5.907285305475715e-06,-0.16200000000000003,,PASS,False
slow_nominal_a0_to_3_p1500ps,test,WL2,end_level_v,2.3794007107722214e-09,-0.16200000000000003,0.16200000000000003,PASS,False
slow_nominal_a0_to_3_p1500ps,test,WL2,unselected_max_v,5.927017144614097e-06,,0.16200000000000003,PASS,False
slow_nominal_a0_to_3_p1500ps,test,WL3,upper_excursion_v,1.6199999894881205,,1.7820000000000003,PASS,False
slow_nominal_a0_to_3_p1500ps,test,WL3,lower_excursion_v,-0.03521049876420154,-0.16200000000000003,,PASS,False
slow_nominal_a0_to_3_p1500ps,test,WL3,end_level_v,1.6199999894881205,1.4580000000000002,1.7820000000000003,PASS,False
slow_nominal_a0_to_3_p1500ps,test,WL3,settled_min_v,1.607838414035748,1.4580000000000002,,PASS,False
slow_nominal_a0_to_3_p1500ps,recovery,DEC0,end_level_v,2.6368439882963502e-08,-0.16200000000000003,0.16200000000000003,PASS,False
slow_nominal_a0_to_3_p1500ps,recovery,DEC0,settled_max_v,0.0002049100241493726,,0.16200000000000003,PASS,False
slow_nominal_a0_to_3_p1500ps,recovery,DEC1,end_level_v,2.611492372771954e-08,-0.16200000000000003,0.16200000000000003,PASS,False
slow_nominal_a0_to_3_p1500ps,recovery,DEC1,settled_max_v,0.00020176635198639883,,0.16200000000000003,PASS,False
slow_nominal_a0_to_3_p1500ps,recovery,DEC2,end_level_v,1.033491835698155e-06,-0.16200000000000003,0.16200000000000003,PASS,False
slow_nominal_a0_to_3_p1500ps,recovery,DEC2,settled_max_v,0.0006561685449136753,,0.16200000000000003,PASS,False
slow_nominal_a0_to_3_p1500ps,recovery,DEC3,end_level_v,2.5055972892873767e-06,-0.16200000000000003,0.16200000000000003,PASS,False
slow_nominal_a0_to_3_p1500ps,recovery,DEC3,settled_max_v,0.0006933539821283117,,0.16200000000000003,PASS,False
slow_nominal_a0_to_3_p1500ps,recovery,WL0,end_level_v,2.470430091792301e-09,-0.16200000000000003,0.16200000000000003,PASS,False
slow_nominal_a0_to_3_p1500ps,recovery,WL0,settled_max_v,1.1179879820748518e-06,,0.16200000000000003,PASS,False
slow_nominal_a0_to_3_p1500ps,recovery,WL1,end_level_v,2.469540681021946e-09,-0.16200000000000003,0.16200000000000003,PASS,False
slow_nominal_a0_to_3_p1500ps,recovery,WL1,settled_max_v,6.462559968720032e-07,,0.16200000000000003,PASS,False
slow_nominal_a0_to_3_p1500ps,recovery,WL2,end_level_v,2.279251394661559e-09,-0.16200000000000003,0.16200000000000003,PASS,False
slow_nominal_a0_to_3_p1500ps,recovery,WL2,settled_max_v,1.3644393456441085e-06,,0.16200000000000003,PASS,False
slow_nominal_a0_to_3_p1500ps,recovery,WL3,end_level_v,2.9117767535637363e-09,-0.16200000000000003,0.16200000000000003,PASS,False
slow_nominal_a0_to_3_p1500ps,recovery,WL3,settled_max_v,1.785660851056326e-06,,0.16200000000000003,PASS,False
slow_nominal_a0_to_3_p1500ps,recovery,N0,end_level_v,1.6199979285686879,1.4580000000000002,1.7820000000000003,PASS,False
slow_nominal_a0_to_3_p1500ps,recovery,N1,end_level_v,1.6199979515001144,1.4580000000000002,1.7820000000000003,PASS,False
slow_nominal_a0_to_3_p1500ps,recovery,N2,end_level_v,1.6190760881745354,1.4580000000000002,1.7820000000000003,PASS,False
slow_nominal_a0_to_3_p1500ps,recovery,N3,end_level_v,1.6181411452901102,1.4580000000000002,1.7820000000000003,PASS,False
slow_nominal_a0_to_3_p1500ps,final_precharge,DEC0,settled_max_v,1.5252104883231199e-09,,0.16200000000000003,PASS,False
slow_nominal_a0_to_3_p1500ps,final_precharge,DEC0,settled_min_v,8.844114260386782e-10,-0.16200000000000003,,PASS,False
slow_nominal_a0_to_3_p1500ps,final_precharge,DEC1,settled_max_v,1.5342864579902562e-09,,0.16200000000000003,PASS,False
slow_nominal_a0_to_3_p1500ps,final_precharge,DEC1,settled_min_v,8.844251055994814e-10,-0.16200000000000003,,PASS,False
slow_nominal_a0_to_3_p1500ps,final_precharge,DEC2,settled_max_v,2.6388254748756475e-08,,0.16200000000000003,PASS,False
slow_nominal_a0_to_3_p1500ps,final_precharge,DEC2,settled_min_v,5.504116908777723e-09,-0.16200000000000003,,PASS,False
slow_nominal_a0_to_3_p1500ps,final_precharge,DEC3,settled_max_v,1.658989545374579e-05,,0.16200000000000003,PASS,False
slow_nominal_a0_to_3_p1500ps,final_precharge,DEC3,settled_min_v,1.5269782062746207e-07,-0.16200000000000003,,PASS,False
slow_nominal_a0_to_3_p1500ps,final_precharge,WL0,settled_max_v,2.380516973966335e-09,,0.16200000000000003,PASS,False
slow_nominal_a0_to_3_p1500ps,final_precharge,WL0,settled_min_v,2.3803270330746543e-09,-0.16200000000000003,,PASS,False
slow_nominal_a0_to_3_p1500ps,final_precharge,WL1,settled_max_v,2.380520110442395e-09,,0.16200000000000003,PASS,False
slow_nominal_a0_to_3_p1500ps,final_precharge,WL1,settled_min_v,2.3803268286065654e-09,-0.16200000000000003,,PASS,False
slow_nominal_a0_to_3_p1500ps,final_precharge,WL2,settled_max_v,2.3887238553758542e-09,,0.16200000000000003,PASS,False
slow_nominal_a0_to_3_p1500ps,final_precharge,WL2,settled_min_v,2.3803287754131583e-09,-0.16200000000000003,,PASS,False
slow_nominal_a0_to_3_p1500ps,final_precharge,WL3,settled_max_v,1.0210937270604297e-06,,0.16200000000000003,PASS,False
slow_nominal_a0_to_3_p1500ps,final_precharge,WL3,settled_min_v,2.3805632733112877e-09,-0.16200000000000003,,PASS,False
slow_nominal_a0_to_3_p1500ps,final_precharge,N0,end_level_v,1.6199999769485327,1.4580000000000002,1.7820000000000003,PASS,False
slow_nominal_a0_to_3_p1500ps,final_precharge,N1,end_level_v,1.6199999769115794,1.4580000000000002,1.7820000000000003,PASS,False
slow_nominal_a0_to_3_p1500ps,final_precharge,N2,end_level_v,1.619946260758985,1.4580000000000002,1.7820000000000003,PASS,False
slow_nominal_a0_to_3_p1500ps,final_precharge,N3,end_level_v,1.6192040161449737,1.4580000000000002,1.7820000000000003,PASS,False
slow_nominal_a1_to_0_p1500ps,prime,DEC0,upper_excursion_v,0.0023260321889051454,,1.7820000000000003,PASS,False
slow_nominal_a1_to_0_p1500ps,prime,DEC0,lower_excursion_v,-0.00017561434414873484,-0.16200000000000003,,PASS,False
slow_nominal_a1_to_0_p1500ps,prime,DEC0,end_level_v,-6.387595137199998e-07,-0.16200000000000003,0.16200000000000003,PASS,False
slow_nominal_a1_to_0_p1500ps,prime,DEC0,unselected_max_v,0.0023260321889051454,,0.16200000000000003,PASS,False
slow_nominal_a1_to_0_p1500ps,prime,DEC1,upper_excursion_v,1.620002788701113,,1.7820000000000003,PASS,False
slow_nominal_a1_to_0_p1500ps,prime,DEC1,lower_excursion_v,-0.13080894290162137,-0.16200000000000003,,PASS,False
slow_nominal_a1_to_0_p1500ps,prime,DEC1,end_level_v,1.6199999960076785,1.4580000000000002,1.7820000000000003,PASS,False
slow_nominal_a1_to_0_p1500ps,prime,DEC1,settled_min_v,1.6199983600415175,1.4580000000000002,,PASS,False
slow_nominal_a1_to_0_p1500ps,prime,DEC2,upper_excursion_v,0.0023197478697235467,,1.7820000000000003,PASS,False
slow_nominal_a1_to_0_p1500ps,prime,DEC2,lower_excursion_v,-3.044708786316908e-05,-0.16200000000000003,,PASS,False
slow_nominal_a1_to_0_p1500ps,prime,DEC2,end_level_v,6.696080790622977e-10,-0.16200000000000003,0.16200000000000003,PASS,False
slow_nominal_a1_to_0_p1500ps,prime,DEC2,unselected_max_v,0.0023197478697235467,,0.16200000000000003,PASS,False
slow_nominal_a1_to_0_p1500ps,prime,DEC3,upper_excursion_v,0.00231975020667251,,1.7820000000000003,PASS,False
slow_nominal_a1_to_0_p1500ps,prime,DEC3,lower_excursion_v,-3.173592711490863e-05,-0.16200000000000003,,PASS,False
slow_nominal_a1_to_0_p1500ps,prime,DEC3,end_level_v,6.696082284874095e-10,-0.16200000000000003,0.16200000000000003,PASS,False
slow_nominal_a1_to_0_p1500ps,prime,DEC3,unselected_max_v,0.00231975020667251,,0.16200000000000003,PASS,False
slow_nominal_a1_to_0_p1500ps,prime,WL0,upper_excursion_v,5.973456397762013e-06,,1.7820000000000003,PASS,False
slow_nominal_a1_to_0_p1500ps,prime,WL0,lower_excursion_v,-5.735246036038204e-06,-0.16200000000000003,,PASS,False
slow_nominal_a1_to_0_p1500ps,prime,WL0,end_level_v,2.3802452377275142e-09,-0.16200000000000003,0.16200000000000003,PASS,False
slow_nominal_a1_to_0_p1500ps,prime,WL0,unselected_max_v,5.973456397762013e-06,,0.16200000000000003,PASS,False
slow_nominal_a1_to_0_p1500ps,prime,WL1,upper_excursion_v,1.6199999895090338,,1.7820000000000003,PASS,False
slow_nominal_a1_to_0_p1500ps,prime,WL1,lower_excursion_v,-0.035182442880249694,-0.16200000000000003,,PASS,False
slow_nominal_a1_to_0_p1500ps,prime,WL1,end_level_v,1.6199999895090336,1.4580000000000002,1.7820000000000003,PASS,False
slow_nominal_a1_to_0_p1500ps,prime,WL1,settled_min_v,1.6076266574210265,1.4580000000000002,,PASS,False
slow_nominal_a1_to_0_p1500ps,prime,WL2,upper_excursion_v,5.955080222647034e-06,,1.7820000000000003,PASS,False
slow_nominal_a1_to_0_p1500ps,prime,WL2,lower_excursion_v,-5.5153007231918205e-06,-0.16200000000000003,,PASS,False
slow_nominal_a1_to_0_p1500ps,prime,WL2,end_level_v,2.380327070413382e-09,-0.16200000000000003,0.16200000000000003,PASS,False
slow_nominal_a1_to_0_p1500ps,prime,WL2,unselected_max_v,5.955080222647034e-06,,0.16200000000000003,PASS,False
slow_nominal_a1_to_0_p1500ps,prime,WL3,upper_excursion_v,5.955099460324474e-06,,1.7820000000000003,PASS,False
slow_nominal_a1_to_0_p1500ps,prime,WL3,lower_excursion_v,-5.5239055552316395e-06,-0.16200000000000003,,PASS,False
slow_nominal_a1_to_0_p1500ps,prime,WL3,end_level_v,2.3803270480649546e-09,-0.16200000000000003,0.16200000000000003,PASS,False
slow_nominal_a1_to_0_p1500ps,prime,WL3,unselected_max_v,5.955099460324474e-06,,0.16200000000000003,PASS,False
slow_nominal_a1_to_0_p1500ps,test,DEC0,upper_excursion_v,1.6199999962830465,,1.7820000000000003,PASS,False
slow_nominal_a1_to_0_p1500ps,test,DEC0,lower_excursion_v,-0.12646249836053686,-0.16200000000000003,,PASS,False
slow_nominal_a1_to_0_p1500ps,test,DEC0,end_level_v,1.6199999960927216,1.4580000000000002,1.7820000000000003,PASS,False
slow_nominal_a1_to_0_p1500ps,test,DEC0,settled_min_v,1.6199982414199354,1.4580000000000002,,PASS,False
slow_nominal_a1_to_0_p1500ps,test,DEC1,upper_excursion_v,0.002320691034181696,,1.7820000000000003,PASS,False
slow_nominal_a1_to_0_p1500ps,test,DEC1,lower_excursion_v,-0.00020170449550173733,-0.16200000000000003,,PASS,False
slow_nominal_a1_to_0_p1500ps,test,DEC1,end_level_v,-1.6667220258184678e-06,-0.16200000000000003,0.16200000000000003,PASS,False
slow_nominal_a1_to_0_p1500ps,test,DEC1,unselected_max_v,0.002320691034181696,,0.16200000000000003,PASS,False
slow_nominal_a1_to_0_p1500ps,test,DEC2,upper_excursion_v,0.002321734327669161,,1.7820000000000003,PASS,False
slow_nominal_a1_to_0_p1500ps,test,DEC2,lower_excursion_v,-2.0885213511296656e-05,-0.16200000000000003,,PASS,False
slow_nominal_a1_to_0_p1500ps,test,DEC2,end_level_v,6.697455506863752e-10,-0.16200000000000003,0.16200000000000003,PASS,False
slow_nominal_a1_to_0_p1500ps,test,DEC2,unselected_max_v,0.002321734327669161,,0.16200000000000003,PASS,False
slow_nominal_a1_to_0_p1500ps,test,DEC3,upper_excursion_v,0.00232172465142407,,1.7820000000000003,PASS,False
slow_nominal_a1_to_0_p1500ps,test,DEC3,lower_excursion_v,-2.039717266761865e-05,-0.16200000000000003,,PASS,False
slow_nominal_a1_to_0_p1500ps,test,DEC3,end_level_v,6.697495242880352e-10,-0.16200000000000003,0.16200000000000003,PASS,False
slow_nominal_a1_to_0_p1500ps,test,DEC3,unselected_max_v,0.00232172465142407,,0.16200000000000003,PASS,False
slow_nominal_a1_to_0_p1500ps,test,WL0,upper_excursion_v,1.6199999894873316,,1.7820000000000003,PASS,False
slow_nominal_a1_to_0_p1500ps,test,WL0,lower_excursion_v,-0.03519230655433288,-0.16200000000000003,,PASS,False
slow_nominal_a1_to_0_p1500ps,test,WL0,end_level_v,1.6199999894873316,1.4580000000000002,1.7820000000000003,PASS,False
slow_nominal_a1_to_0_p1500ps,test,WL0,settled_min_v,1.6073832159869124,1.4580000000000002,,PASS,False
slow_nominal_a1_to_0_p1500ps,test,WL1,upper_excursion_v,5.950885506079358e-06,,1.7820000000000003,PASS,False
slow_nominal_a1_to_0_p1500ps,test,WL1,lower_excursion_v,-5.92373477374488e-06,-0.16200000000000003,,PASS,False
slow_nominal_a1_to_0_p1500ps,test,WL1,end_level_v,2.3790431828824955e-09,-0.16200000000000003,0.16200000000000003,PASS,False
slow_nominal_a1_to_0_p1500ps,test,WL1,unselected_max_v,5.950885506079358e-06,,0.16200000000000003,PASS,False
slow_nominal_a1_to_0_p1500ps,test,WL2,upper_excursion_v,5.961795903409754e-06,,1.7820000000000003,PASS,False
slow_nominal_a1_to_0_p1500ps,test,WL2,lower_excursion_v,-5.533897943865553e-06,-0.16200000000000003,,PASS,False
slow_nominal_a1_to_0_p1500ps,test,WL2,end_level_v,2.3803273825013827e-09,-0.16200000000000003,0.16200000000000003,PASS,False
slow_nominal_a1_to_0_p1500ps,test,WL2,unselected_max_v,5.961795903409754e-06,,0.16200000000000003,PASS,False
slow_nominal_a1_to_0_p1500ps,test,WL3,upper_excursion_v,5.961762611671325e-06,,1.7820000000000003,PASS,False
slow_nominal_a1_to_0_p1500ps,test,WL3,lower_excursion_v,-5.526264953297884e-06,-0.16200000000000003,,PASS,False
slow_nominal_a1_to_0_p1500ps,test,WL3,end_level_v,2.3803270402876494e-09,-0.16200000000000003,0.16200000000000003,PASS,False
slow_nominal_a1_to_0_p1500ps,test,WL3,unselected_max_v,5.961762611671325e-06,,0.16200000000000003,PASS,False
slow_nominal_a1_to_0_p1500ps,recovery,DEC0,end_level_v,-1.2024602703240149e-06,-0.16200000000000003,0.16200000000000003,PASS,False
slow_nominal_a1_to_0_p1500ps,recovery,DEC0,settled_max_v,7.728416828070572e-06,,0.16200000000000003,PASS,False
slow_nominal_a1_to_0_p1500ps,recovery,DEC1,end_level_v,2.3122427430973345e-06,-0.16200000000000003,0.16200000000000003,PASS,False
slow_nominal_a1_to_0_p1500ps,recovery,DEC1,settled_max_v,6.581680030423587e-05,,0.16200000000000003,PASS,False
slow_nominal_a1_to_0_p1500ps,recovery,DEC2,end_level_v,1.2841995104853307e-09,-0.16200000000000003,0.16200000000000003,PASS,False
slow_nominal_a1_to_0_p1500ps,recovery,DEC2,settled_max_v,1.0390821544713374e-06,,0.16200000000000003,PASS,False
slow_nominal_a1_to_0_p1500ps,recovery,DEC3,end_level_v,1.2348366409604621e-09,-0.16200000000000003,0.16200000000000003,PASS,False
slow_nominal_a1_to_0_p1500ps,recovery,DEC3,settled_max_v,1.0676673620138582e-06,,0.16200000000000003,PASS,False
slow_nominal_a1_to_0_p1500ps,recovery,WL0,end_level_v,1.9280297615398833e-09,-0.16200000000000003,0.16200000000000003,PASS,False
slow_nominal_a1_to_0_p1500ps,recovery,WL0,settled_max_v,2.3647512634000063e-08,,0.16200000000000003,PASS,False
slow_nominal_a1_to_0_p1500ps,recovery,WL1,end_level_v,3.0622041521127232e-09,-0.16200000000000003,0.16200000000000003,PASS,False
slow_nominal_a1_to_0_p1500ps,recovery,WL1,settled_max_v,1.139942900661354e-06,,0.16200000000000003,PASS,False
slow_nominal_a1_to_0_p1500ps,recovery,WL2,end_level_v,2.3809590086272304e-09,-0.16200000000000003,0.16200000000000003,PASS,False
slow_nominal_a1_to_0_p1500ps,recovery,WL2,settled_max_v,5.177713686048002e-09,,0.16200000000000003,PASS,False
slow_nominal_a1_to_0_p1500ps,recovery,WL3,end_level_v,2.3809198834046435e-09,-0.16200000000000003,0.16200000000000003,PASS,False
slow_nominal_a1_to_0_p1500ps,recovery,WL3,settled_max_v,5.272373296026263e-09,,0.16200000000000003,PASS,False
slow_nominal_a1_to_0_p1500ps,recovery,N0,end_level_v,1.620184456885763,1.4580000000000002,1.7820000000000003,PASS,False
slow_nominal_a1_to_0_p1500ps,recovery,N1,end_level_v,1.6186523551515566,1.4580000000000002,1.7820000000000003,PASS,False
slow_nominal_a1_to_0_p1500ps,recovery,N2,end_level_v,1.6199998718782507,1.4580000000000002,1.7820000000000003,PASS,False
slow_nominal_a1_to_0_p1500ps,recovery,N3,end_level_v,1.6199998816603831,1.4580000000000002,1.7820000000000003,PASS,False
slow_nominal_a1_to_0_p1500ps,final_precharge,DEC0,settled_max_v,1.4927765358448694e-05,,0.16200000000000003,PASS,False
slow_nominal_a1_to_0_p1500ps,final_precharge,DEC0,settled_min_v,1.4612619785719927e-07,-0.16200000000000003,,PASS,False
slow_nominal_a1_to_0_p1500ps,final_precharge,DEC1,settled_max_v,1.911647977532045e-07,,0.16200000000000003,PASS,False
slow_nominal_a1_to_0_p1500ps,final_precharge,DEC1,settled_min_v,5.402286656214228e-09,-0.16200000000000003,,PASS,False
slow_nominal_a1_to_0_p1500ps,final_precharge,DEC2,settled_max_v,8.887630266930748e-10,,0.16200000000000003,PASS,False
slow_nominal_a1_to_0_p1500ps,final_precharge,DEC2,settled_min_v,2.7907445395236355e-10,-0.16200000000000003,,PASS,False
slow_nominal_a1_to_0_p1500ps,final_precharge,DEC3,settled_max_v,8.882082428393907e-10,,0.16200000000000003,PASS,False
slow_nominal_a1_to_0_p1500ps,final_precharge,DEC3,settled_min_v,2.724598095601137e-10,-0.16200000000000003,,PASS,False
slow_nominal_a1_to_0_p1500ps,final_precharge,WL0,settled_max_v,1.1183738885584462e-06,,0.16200000000000003,PASS,False
slow_nominal_a1_to_0_p1500ps,final_precharge,WL0,settled_min_v,2.3805452744460737e-09,-0.16200000000000003,,PASS,False
slow_nominal_a1_to_0_p1500ps,final_precharge,WL1,settled_max_v,2.421369019565623e-09,,0.16200000000000003,PASS,False
slow_nominal_a1_to_0_p1500ps,final_precharge,WL1,settled_min_v,2.3803286738351376e-09,-0.16200000000000003,,PASS,False
slow_nominal_a1_to_0_p1500ps,final_precharge,WL2,settled_max_v,2.3804837786643973e-09,,0.16200000000000003,PASS,False
slow_nominal_a1_to_0_p1500ps,final_precharge,WL2,settled_min_v,2.3802634606605723e-09,-0.16200000000000003,,PASS,False
slow_nominal_a1_to_0_p1500ps,final_precharge,WL3,settled_max_v,2.380480302195808e-09,,0.16200000000000003,PASS,False
slow_nominal_a1_to_0_p1500ps,final_precharge,WL3,settled_min_v,2.3802640542185552e-09,-0.16200000000000003,,PASS,False
slow_nominal_a1_to_0_p1500ps,final_precharge,N0,end_level_v,1.6192238209407828,1.4580000000000002,1.7820000000000003,PASS,False
slow_nominal_a1_to_0_p1500ps,final_precharge,N1,end_level_v,1.6199470041180621,1.4580000000000002,1.7820000000000003,PASS,False
slow_nominal_a1_to_0_p1500ps,final_precharge,N2,end_level_v,1.6199999803944818,1.4580000000000002,1.7820000000000003,PASS,False
slow_nominal_a1_to_0_p1500ps,final_precharge,N3,end_level_v,1.6199999804297391,1.4580000000000002,1.7820000000000003,PASS,False
slow_nominal_a1_to_2_p1500ps,prime,DEC0,upper_excursion_v,0.0023260321889051454,,1.7820000000000003,PASS,False
slow_nominal_a1_to_2_p1500ps,prime,DEC0,lower_excursion_v,-0.00017561434414873484,-0.16200000000000003,,PASS,False
slow_nominal_a1_to_2_p1500ps,prime,DEC0,end_level_v,-6.387595137199998e-07,-0.16200000000000003,0.16200000000000003,PASS,False
slow_nominal_a1_to_2_p1500ps,prime,DEC0,unselected_max_v,0.0023260321889051454,,0.16200000000000003,PASS,False
slow_nominal_a1_to_2_p1500ps,prime,DEC1,upper_excursion_v,1.620002788701113,,1.7820000000000003,PASS,False
slow_nominal_a1_to_2_p1500ps,prime,DEC1,lower_excursion_v,-0.13080894290162137,-0.16200000000000003,,PASS,False
slow_nominal_a1_to_2_p1500ps,prime,DEC1,end_level_v,1.6199999960076785,1.4580000000000002,1.7820000000000003,PASS,False
slow_nominal_a1_to_2_p1500ps,prime,DEC1,settled_min_v,1.6199983600415175,1.4580000000000002,,PASS,False
slow_nominal_a1_to_2_p1500ps,prime,DEC2,upper_excursion_v,0.0023197478697235467,,1.7820000000000003,PASS,False
slow_nominal_a1_to_2_p1500ps,prime,DEC2,lower_excursion_v,-3.044708786316908e-05,-0.16200000000000003,,PASS,False
slow_nominal_a1_to_2_p1500ps,prime,DEC2,end_level_v,6.696080790622977e-10,-0.16200000000000003,0.16200000000000003,PASS,False
slow_nominal_a1_to_2_p1500ps,prime,DEC2,unselected_max_v,0.0023197478697235467,,0.16200000000000003,PASS,False
slow_nominal_a1_to_2_p1500ps,prime,DEC3,upper_excursion_v,0.00231975020667251,,1.7820000000000003,PASS,False
slow_nominal_a1_to_2_p1500ps,prime,DEC3,lower_excursion_v,-3.173592711490863e-05,-0.16200000000000003,,PASS,False
slow_nominal_a1_to_2_p1500ps,prime,DEC3,end_level_v,6.696082284874095e-10,-0.16200000000000003,0.16200000000000003,PASS,False
slow_nominal_a1_to_2_p1500ps,prime,DEC3,unselected_max_v,0.00231975020667251,,0.16200000000000003,PASS,False
slow_nominal_a1_to_2_p1500ps,prime,WL0,upper_excursion_v,5.973456397762013e-06,,1.7820000000000003,PASS,False
slow_nominal_a1_to_2_p1500ps,prime,WL0,lower_excursion_v,-5.735246036038204e-06,-0.16200000000000003,,PASS,False
slow_nominal_a1_to_2_p1500ps,prime,WL0,end_level_v,2.3802452377275142e-09,-0.16200000000000003,0.16200000000000003,PASS,False
slow_nominal_a1_to_2_p1500ps,prime,WL0,unselected_max_v,5.973456397762013e-06,,0.16200000000000003,PASS,False
slow_nominal_a1_to_2_p1500ps,prime,WL1,upper_excursion_v,1.6199999895090338,,1.7820000000000003,PASS,False
slow_nominal_a1_to_2_p1500ps,prime,WL1,lower_excursion_v,-0.035182442880249694,-0.16200000000000003,,PASS,False
slow_nominal_a1_to_2_p1500ps,prime,WL1,end_level_v,1.6199999895090336,1.4580000000000002,1.7820000000000003,PASS,False
slow_nominal_a1_to_2_p1500ps,prime,WL1,settled_min_v,1.6076266574210265,1.4580000000000002,,PASS,False
slow_nominal_a1_to_2_p1500ps,prime,WL2,upper_excursion_v,5.955080222647034e-06,,1.7820000000000003,PASS,False
slow_nominal_a1_to_2_p1500ps,prime,WL2,lower_excursion_v,-5.5153007231918205e-06,-0.16200000000000003,,PASS,False
slow_nominal_a1_to_2_p1500ps,prime,WL2,end_level_v,2.380327070413382e-09,-0.16200000000000003,0.16200000000000003,PASS,False
slow_nominal_a1_to_2_p1500ps,prime,WL2,unselected_max_v,5.955080222647034e-06,,0.16200000000000003,PASS,False
slow_nominal_a1_to_2_p1500ps,prime,WL3,upper_excursion_v,5.955099460324474e-06,,1.7820000000000003,PASS,False
slow_nominal_a1_to_2_p1500ps,prime,WL3,lower_excursion_v,-5.5239055552316395e-06,-0.16200000000000003,,PASS,False
slow_nominal_a1_to_2_p1500ps,prime,WL3,end_level_v,2.3803270480649546e-09,-0.16200000000000003,0.16200000000000003,PASS,False
slow_nominal_a1_to_2_p1500ps,prime,WL3,unselected_max_v,5.955099460324474e-06,,0.16200000000000003,PASS,False
slow_nominal_a1_to_2_p1500ps,test,DEC0,upper_excursion_v,0.002325333290218894,,1.7820000000000003,PASS,False
slow_nominal_a1_to_2_p1500ps,test,DEC0,lower_excursion_v,-8.237408687651257e-05,-0.16200000000000003,,PASS,False
slow_nominal_a1_to_2_p1500ps,test,DEC0,end_level_v,6.697020993318148e-10,-0.16200000000000003,0.16200000000000003,PASS,False
slow_nominal_a1_to_2_p1500ps,test,DEC0,unselected_max_v,0.002325333290218894,,0.16200000000000003,PASS,False
slow_nominal_a1_to_2_p1500ps,test,DEC1,upper_excursion_v,0.00232532740157344,,1.7820000000000003,PASS,False
slow_nominal_a1_to_2_p1500ps,test,DEC1,lower_excursion_v,-8.151933178720527e-05,-0.16200000000000003,,PASS,False
slow_nominal_a1_to_2_p1500ps,test,DEC1,end_level_v,6.697046328165284e-10,-0.16200000000000003,0.16200000000000003,PASS,False
slow_nominal_a1_to_2_p1500ps,test,DEC1,unselected_max_v,0.00232532740157344,,0.16200000000000003,PASS,False
slow_nominal_a1_to_2_p1500ps,test,DEC2,upper_excursion_v,1.620001811041323,,1.7820000000000003,PASS,False
slow_nominal_a1_to_2_p1500ps,test,DEC2,lower_excursion_v,-0.12937059758839342,-0.16200000000000003,,PASS,False
slow_nominal_a1_to_2_p1500ps,test,DEC2,end_level_v,1.619999996012533,1.4580000000000002,1.7820000000000003,PASS,False
slow_nominal_a1_to_2_p1500ps,test,DEC2,settled_min_v,1.6199982905998291,1.4580000000000002,,PASS,False
slow_nominal_a1_to_2_p1500ps,test,DEC3,upper_excursion_v,0.002319380198759851,,1.7820000000000003,PASS,False
slow_nominal_a1_to_2_p1500ps,test,DEC3,lower_excursion_v,-0.0002065299653250495,-0.16200000000000003,,PASS,False
slow_nominal_a1_to_2_p1500ps,test,DEC3,end_level_v,-1.4567987764099732e-06,-0.16200000000000003,0.16200000000000003,PASS,False
slow_nominal_a1_to_2_p1500ps,test,DEC3,unselected_max_v,0.002319380198759851,,0.16200000000000003,PASS,False
slow_nominal_a1_to_2_p1500ps,test,WL0,upper_excursion_v,5.9717852841054e-06,,1.7820000000000003,PASS,False
slow_nominal_a1_to_2_p1500ps,test,WL0,lower_excursion_v,-5.592304631125249e-06,-0.16200000000000003,,PASS,False
slow_nominal_a1_to_2_p1500ps,test,WL0,end_level_v,2.380327112641517e-09,-0.16200000000000003,0.16200000000000003,PASS,False
slow_nominal_a1_to_2_p1500ps,test,WL0,unselected_max_v,5.9717852841054e-06,,0.16200000000000003,PASS,False
slow_nominal_a1_to_2_p1500ps,test,WL1,upper_excursion_v,5.9717586321998574e-06,,1.7820000000000003,PASS,False
slow_nominal_a1_to_2_p1500ps,test,WL1,lower_excursion_v,-5.583034342311115e-06,-0.16200000000000003,,PASS,False
slow_nominal_a1_to_2_p1500ps,test,WL1,end_level_v,2.3803271946064417e-09,-0.16200000000000003,0.16200000000000003,PASS,False
slow_nominal_a1_to_2_p1500ps,test,WL1,unselected_max_v,5.9717586321998574e-06,,0.16200000000000003,PASS,False
slow_nominal_a1_to_2_p1500ps,test,WL2,upper_excursion_v,1.6199999894874038,,1.7820000000000003,PASS,False
slow_nominal_a1_to_2_p1500ps,test,WL2,lower_excursion_v,-0.03518347390224669,-0.16200000000000003,,PASS,False
slow_nominal_a1_to_2_p1500ps,test,WL2,end_level_v,1.6199999894874038,1.4580000000000002,1.7820000000000003,PASS,False
slow_nominal_a1_to_2_p1500ps,test,WL2,settled_min_v,1.6074191368930055,1.4580000000000002,,PASS,False
slow_nominal_a1_to_2_p1500ps,test,WL3,upper_excursion_v,5.942060565461407e-06,,1.7820000000000003,PASS,False
slow_nominal_a1_to_2_p1500ps,test,WL3,lower_excursion_v,-5.936458746542447e-06,-0.16200000000000003,,PASS,False
slow_nominal_a1_to_2_p1500ps,test,WL3,end_level_v,2.3794532670322927e-09,-0.16200000000000003,0.16200000000000003,PASS,False
slow_nominal_a1_to_2_p1500ps,test,WL3,unselected_max_v,5.942060565461407e-06,,0.16200000000000003,PASS,False
slow_nominal_a1_to_2_p1500ps,recovery,DEC0,end_level_v,2.839465881865477e-08,-0.16200000000000003,0.16200000000000003,PASS,False
slow_nominal_a1_to_2_p1500ps,recovery,DEC0,settled_max_v,0.00020218055606973512,,0.16200000000000003,PASS,False
slow_nominal_a1_to_2_p1500ps,recovery,DEC1,end_level_v,2.864874079781534e-08,-0.16200000000000003,0.16200000000000003,PASS,False
slow_nominal_a1_to_2_p1500ps,recovery,DEC1,settled_max_v,0.00020544687923876792,,0.16200000000000003,PASS,False
slow_nominal_a1_to_2_p1500ps,recovery,DEC2,end_level_v,5.61954511597868e-07,-0.16200000000000003,0.16200000000000003,PASS,False
slow_nominal_a1_to_2_p1500ps,recovery,DEC2,settled_max_v,0.0007097963340231481,,0.16200000000000003,PASS,False
slow_nominal_a1_to_2_p1500ps,recovery,DEC3,end_level_v,7.994219604762258e-07,-0.16200000000000003,0.16200000000000003,PASS,False
slow_nominal_a1_to_2_p1500ps,recovery,DEC3,settled_max_v,0.000653560707517137,,0.16200000000000003,PASS,False
slow_nominal_a1_to_2_p1500ps,recovery,WL0,end_level_v,2.470062136250675e-09,-0.16200000000000003,0.16200000000000003,PASS,False
slow_nominal_a1_to_2_p1500ps,recovery,WL0,settled_max_v,6.361402853225481e-07,,0.16200000000000003,PASS,False
slow_nominal_a1_to_2_p1500ps,recovery,WL1,end_level_v,2.4710081600034177e-09,-0.16200000000000003,0.16200000000000003,PASS,False
slow_nominal_a1_to_2_p1500ps,recovery,WL1,settled_max_v,1.139942900661354e-06,,0.16200000000000003,PASS,False
slow_nominal_a1_to_2_p1500ps,recovery,WL2,end_level_v,3.140174670356018e-09,-0.16200000000000003,0.16200000000000003,PASS,False
slow_nominal_a1_to_2_p1500ps,recovery,WL2,settled_max_v,3.3381993701336954e-06,,0.16200000000000003,PASS,False
slow_nominal_a1_to_2_p1500ps,recovery,WL3,end_level_v,2.253770581722682e-09,-0.16200000000000003,0.16200000000000003,PASS,False
slow_nominal_a1_to_2_p1500ps,recovery,WL3,settled_max_v,1.3439268926886694e-06,,0.16200000000000003,PASS,False
slow_nominal_a1_to_2_p1500ps,recovery,N0,end_level_v,1.6199976625075254,1.4580000000000002,1.7820000000000003,PASS,False
slow_nominal_a1_to_2_p1500ps,recovery,N1,end_level_v,1.6199976401168243,1.4580000000000002,1.7820000000000003,PASS,False
slow_nominal_a1_to_2_p1500ps,recovery,N2,end_level_v,1.6190375841682334,1.4580000000000002,1.7820000000000003,PASS,False
slow_nominal_a1_to_2_p1500ps,recovery,N3,end_level_v,1.6191886378469003,1.4580000000000002,1.7820000000000003,PASS,False
slow_nominal_a1_to_2_p1500ps,final_precharge,DEC0,settled_max_v,1.414213741612233e-09,,0.16200000000000003,PASS,False
slow_nominal_a1_to_2_p1500ps,final_precharge,DEC0,settled_min_v,8.843914801881514e-10,-0.16200000000000003,,PASS,False
slow_nominal_a1_to_2_p1500ps,final_precharge,DEC1,settled_max_v,1.4062347634351987e-09,,0.16200000000000003,PASS,False
slow_nominal_a1_to_2_p1500ps,final_precharge,DEC1,settled_min_v,8.843790884669614e-10,-0.16200000000000003,,PASS,False
slow_nominal_a1_to_2_p1500ps,final_precharge,DEC2,settled_max_v,1.739379713820004e-05,,0.16200000000000003,PASS,False
slow_nominal_a1_to_2_p1500ps,final_precharge,DEC2,settled_min_v,1.506762998919331e-07,-0.16200000000000003,,PASS,False
slow_nominal_a1_to_2_p1500ps,final_precharge,DEC3,settled_max_v,2.663537412358117e-08,,0.16200000000000003,PASS,False
slow_nominal_a1_to_2_p1500ps,final_precharge,DEC3,settled_min_v,5.409098856323791e-09,-0.16200000000000003,,PASS,False
slow_nominal_a1_to_2_p1500ps,final_precharge,WL0,settled_max_v,2.3805625964631224e-09,,0.16200000000000003,PASS,False
slow_nominal_a1_to_2_p1500ps,final_precharge,WL0,settled_min_v,2.3803269923893433e-09,-0.16200000000000003,,PASS,False
slow_nominal_a1_to_2_p1500ps,final_precharge,WL1,settled_max_v,2.3805593518989214e-09,,0.16200000000000003,PASS,False
slow_nominal_a1_to_2_p1500ps,final_precharge,WL1,settled_min_v,2.38032684296305e-09,-0.16200000000000003,,PASS,False
slow_nominal_a1_to_2_p1500ps,final_precharge,WL2,settled_max_v,9.847178395788046e-07,,0.16200000000000003,PASS,False
slow_nominal_a1_to_2_p1500ps,final_precharge,WL2,settled_min_v,2.3805585267837507e-09,-0.16200000000000003,,PASS,False
slow_nominal_a1_to_2_p1500ps,final_precharge,WL3,settled_max_v,2.3883489860064644e-09,,0.16200000000000003,PASS,False
slow_nominal_a1_to_2_p1500ps,final_precharge,WL3,settled_min_v,2.38032869082516e-09,-0.16200000000000003,,PASS,False
slow_nominal_a1_to_2_p1500ps,final_precharge,N0,end_level_v,1.6199999769823696,1.4580000000000002,1.7820000000000003,PASS,False
slow_nominal_a1_to_2_p1500ps,final_precharge,N1,end_level_v,1.6199999770186793,1.4580000000000002,1.7820000000000003,PASS,False
slow_nominal_a1_to_2_p1500ps,final_precharge,N2,end_level_v,1.6192107363029145,1.4580000000000002,1.7820000000000003,PASS,False
slow_nominal_a1_to_2_p1500ps,final_precharge,N3,end_level_v,1.6199468362724216,1.4580000000000002,1.7820000000000003,PASS,False
slow_nominal_a1_to_3_p1500ps,prime,DEC0,upper_excursion_v,0.0023260321889051454,,1.7820000000000003,PASS,False
slow_nominal_a1_to_3_p1500ps,prime,DEC0,lower_excursion_v,-0.00017561434414873484,-0.16200000000000003,,PASS,False
slow_nominal_a1_to_3_p1500ps,prime,DEC0,end_level_v,-6.387595137199998e-07,-0.16200000000000003,0.16200000000000003,PASS,False
slow_nominal_a1_to_3_p1500ps,prime,DEC0,unselected_max_v,0.0023260321889051454,,0.16200000000000003,PASS,False
slow_nominal_a1_to_3_p1500ps,prime,DEC1,upper_excursion_v,1.620002788701113,,1.7820000000000003,PASS,False
slow_nominal_a1_to_3_p1500ps,prime,DEC1,lower_excursion_v,-0.13080894290162137,-0.16200000000000003,,PASS,False
slow_nominal_a1_to_3_p1500ps,prime,DEC1,end_level_v,1.6199999960076785,1.4580000000000002,1.7820000000000003,PASS,False
slow_nominal_a1_to_3_p1500ps,prime,DEC1,settled_min_v,1.6199983600415175,1.4580000000000002,,PASS,False
slow_nominal_a1_to_3_p1500ps,prime,DEC2,upper_excursion_v,0.0023197478697235467,,1.7820000000000003,PASS,False
slow_nominal_a1_to_3_p1500ps,prime,DEC2,lower_excursion_v,-3.044708786316908e-05,-0.16200000000000003,,PASS,False
slow_nominal_a1_to_3_p1500ps,prime,DEC2,end_level_v,6.696080790622977e-10,-0.16200000000000003,0.16200000000000003,PASS,False
slow_nominal_a1_to_3_p1500ps,prime,DEC2,unselected_max_v,0.0023197478697235467,,0.16200000000000003,PASS,False
slow_nominal_a1_to_3_p1500ps,prime,DEC3,upper_excursion_v,0.00231975020667251,,1.7820000000000003,PASS,False
slow_nominal_a1_to_3_p1500ps,prime,DEC3,lower_excursion_v,-3.173592711490863e-05,-0.16200000000000003,,PASS,False
slow_nominal_a1_to_3_p1500ps,prime,DEC3,end_level_v,6.696082284874095e-10,-0.16200000000000003,0.16200000000000003,PASS,False
slow_nominal_a1_to_3_p1500ps,prime,DEC3,unselected_max_v,0.00231975020667251,,0.16200000000000003,PASS,False
slow_nominal_a1_to_3_p1500ps,prime,WL0,upper_excursion_v,5.973456397762013e-06,,1.7820000000000003,PASS,False
slow_nominal_a1_to_3_p1500ps,prime,WL0,lower_excursion_v,-5.735246036038204e-06,-0.16200000000000003,,PASS,False
slow_nominal_a1_to_3_p1500ps,prime,WL0,end_level_v,2.3802452377275142e-09,-0.16200000000000003,0.16200000000000003,PASS,False
slow_nominal_a1_to_3_p1500ps,prime,WL0,unselected_max_v,5.973456397762013e-06,,0.16200000000000003,PASS,False
slow_nominal_a1_to_3_p1500ps,prime,WL1,upper_excursion_v,1.6199999895090338,,1.7820000000000003,PASS,False
slow_nominal_a1_to_3_p1500ps,prime,WL1,lower_excursion_v,-0.035182442880249694,-0.16200000000000003,,PASS,False
slow_nominal_a1_to_3_p1500ps,prime,WL1,end_level_v,1.6199999895090336,1.4580000000000002,1.7820000000000003,PASS,False
slow_nominal_a1_to_3_p1500ps,prime,WL1,settled_min_v,1.6076266574210265,1.4580000000000002,,PASS,False
slow_nominal_a1_to_3_p1500ps,prime,WL2,upper_excursion_v,5.955080222647034e-06,,1.7820000000000003,PASS,False
slow_nominal_a1_to_3_p1500ps,prime,WL2,lower_excursion_v,-5.5153007231918205e-06,-0.16200000000000003,,PASS,False
slow_nominal_a1_to_3_p1500ps,prime,WL2,end_level_v,2.380327070413382e-09,-0.16200000000000003,0.16200000000000003,PASS,False
slow_nominal_a1_to_3_p1500ps,prime,WL2,unselected_max_v,5.955080222647034e-06,,0.16200000000000003,PASS,False
slow_nominal_a1_to_3_p1500ps,prime,WL3,upper_excursion_v,5.955099460324474e-06,,1.7820000000000003,PASS,False
slow_nominal_a1_to_3_p1500ps,prime,WL3,lower_excursion_v,-5.5239055552316395e-06,-0.16200000000000003,,PASS,False
slow_nominal_a1_to_3_p1500ps,prime,WL3,end_level_v,2.3803270480649546e-09,-0.16200000000000003,0.16200000000000003,PASS,False
slow_nominal_a1_to_3_p1500ps,prime,WL3,unselected_max_v,5.955099460324474e-06,,0.16200000000000003,PASS,False
slow_nominal_a1_to_3_p1500ps,test,DEC0,upper_excursion_v,0.002323003614151606,,1.7820000000000003,PASS,False
slow_nominal_a1_to_3_p1500ps,test,DEC0,lower_excursion_v,-7.689145157711852e-05,-0.16200000000000003,,PASS,False
slow_nominal_a1_to_3_p1500ps,test,DEC0,end_level_v,6.69735447655917e-10,-0.16200000000000003,0.16200000000000003,PASS,False
slow_nominal_a1_to_3_p1500ps,test,DEC0,unselected_max_v,0.002323003614151606,,0.16200000000000003,PASS,False
slow_nominal_a1_to_3_p1500ps,test,DEC1,upper_excursion_v,0.0023230060747043268,,1.7820000000000003,PASS,False
slow_nominal_a1_to_3_p1500ps,test,DEC1,lower_excursion_v,-7.721071509343586e-05,-0.16200000000000003,,PASS,False
slow_nominal_a1_to_3_p1500ps,test,DEC1,end_level_v,6.697330114190643e-10,-0.16200000000000003,0.16200000000000003,PASS,False
slow_nominal_a1_to_3_p1500ps,test,DEC1,unselected_max_v,0.0023230060747043268,,0.16200000000000003,PASS,False
slow_nominal_a1_to_3_p1500ps,test,DEC2,upper_excursion_v,0.0023125958461769095,,1.7820000000000003,PASS,False
slow_nominal_a1_to_3_p1500ps,test,DEC2,lower_excursion_v,-0.00023439992173608995,-0.16200000000000003,,PASS,False
slow_nominal_a1_to_3_p1500ps,test,DEC2,end_level_v,-1.5914383885290428e-06,-0.16200000000000003,0.16200000000000003,PASS,False
slow_nominal_a1_to_3_p1500ps,test,DEC2,unselected_max_v,0.0023125958461769095,,0.16200000000000003,PASS,False
slow_nominal_a1_to_3_p1500ps,test,DEC3,upper_excursion_v,1.620006431149391,,1.7820000000000003,PASS,False
slow_nominal_a1_to_3_p1500ps,test,DEC3,lower_excursion_v,-0.13503294133998334,-0.16200000000000003,,PASS,False
slow_nominal_a1_to_3_p1500ps,test,DEC3,end_level_v,1.619999996016244,1.4580000000000002,1.7820000000000003,PASS,False
slow_nominal_a1_to_3_p1500ps,test,DEC3,settled_min_v,1.6199984223613624,1.4580000000000002,,PASS,False
slow_nominal_a1_to_3_p1500ps,test,WL0,upper_excursion_v,5.964696653518943e-06,,1.7820000000000003,PASS,False
slow_nominal_a1_to_3_p1500ps,test,WL0,lower_excursion_v,-5.552131199692728e-06,-0.16200000000000003,,PASS,False
slow_nominal_a1_to_3_p1500ps,test,WL0,end_level_v,2.3803274056652705e-09,-0.16200000000000003,0.16200000000000003,PASS,False
slow_nominal_a1_to_3_p1500ps,test,WL0,unselected_max_v,5.964696653518943e-06,,0.16200000000000003,PASS,False
slow_nominal_a1_to_3_p1500ps,test,WL1,upper_excursion_v,5.9647104173405265e-06,,1.7820000000000003,PASS,False
slow_nominal_a1_to_3_p1500ps,test,WL1,lower_excursion_v,-5.5605092714081655e-06,-0.16200000000000003,,PASS,False
slow_nominal_a1_to_3_p1500ps,test,WL1,end_level_v,2.38032727124843e-09,-0.16200000000000003,0.16200000000000003,PASS,False
slow_nominal_a1_to_3_p1500ps,test,WL1,unselected_max_v,5.9647104173405265e-06,,0.16200000000000003,PASS,False
slow_nominal_a1_to_3_p1500ps,test,WL2,upper_excursion_v,5.916597120859012e-06,,1.7820000000000003,PASS,False
slow_nominal_a1_to_3_p1500ps,test,WL2,lower_excursion_v,-5.827525031729723e-06,-0.16200000000000003,,PASS,False
slow_nominal_a1_to_3_p1500ps,test,WL2,end_level_v,2.3792077009962114e-09,-0.16200000000000003,0.16200000000000003,PASS,False
slow_nominal_a1_to_3_p1500ps,test,WL2,unselected_max_v,5.916597120859012e-06,,0.16200000000000003,PASS,False
slow_nominal_a1_to_3_p1500ps,test,WL3,upper_excursion_v,1.6199999894879626,,1.7820000000000003,PASS,False
slow_nominal_a1_to_3_p1500ps,test,WL3,lower_excursion_v,-0.03521683176186237,-0.16200000000000003,,PASS,False
slow_nominal_a1_to_3_p1500ps,test,WL3,end_level_v,1.6199999894879626,1.4580000000000002,1.7820000000000003,PASS,False
slow_nominal_a1_to_3_p1500ps,test,WL3,settled_min_v,1.607748631580444,1.4580000000000002,,PASS,False
slow_nominal_a1_to_3_p1500ps,recovery,DEC0,end_level_v,2.6956880817831264e-08,-0.16200000000000003,0.16200000000000003,PASS,False
slow_nominal_a1_to_3_p1500ps,recovery,DEC0,settled_max_v,0.00020495965739059444,,0.16200000000000003,PASS,False
slow_nominal_a1_to_3_p1500ps,recovery,DEC1,end_level_v,2.7217185468876703e-08,-0.16200000000000003,0.16200000000000003,PASS,False
slow_nominal_a1_to_3_p1500ps,recovery,DEC1,settled_max_v,0.00020804391693754986,,0.16200000000000003,PASS,False
slow_nominal_a1_to_3_p1500ps,recovery,DEC2,end_level_v,2.9074699596510144e-06,-0.16200000000000003,0.16200000000000003,PASS,False
slow_nominal_a1_to_3_p1500ps,recovery,DEC2,settled_max_v,0.0008061284594075378,,0.16200000000000003,PASS,False
slow_nominal_a1_to_3_p1500ps,recovery,DEC3,end_level_v,-4.5925000954906705e-08,-0.16200000000000003,0.16200000000000003,PASS,False
slow_nominal_a1_to_3_p1500ps,recovery,DEC3,settled_max_v,0.0006501938640717155,,0.16200000000000003,PASS,False
slow_nominal_a1_to_3_p1500ps,recovery,WL0,end_level_v,2.469899308779478e-09,-0.16200000000000003,0.16200000000000003,PASS,False
slow_nominal_a1_to_3_p1500ps,recovery,WL0,settled_max_v,6.320156300005445e-07,,0.16200000000000003,PASS,False
slow_nominal_a1_to_3_p1500ps,recovery,WL1,end_level_v,2.4708014091620777e-09,-0.16200000000000003,0.16200000000000003,PASS,False
slow_nominal_a1_to_3_p1500ps,recovery,WL1,settled_max_v,1.139942900661354e-06,,0.16200000000000003,PASS,False
slow_nominal_a1_to_3_p1500ps,recovery,WL2,end_level_v,3.497471627664692e-09,-0.16200000000000003,0.16200000000000003,PASS,False
slow_nominal_a1_to_3_p1500ps,recovery,WL2,settled_max_v,4.908982032438057e-06,,0.16200000000000003,PASS,False
slow_nominal_a1_to_3_p1500ps,recovery,WL3,end_level_v,2.231728000638548e-09,-0.16200000000000003,0.16200000000000003,PASS,False
slow_nominal_a1_to_3_p1500ps,recovery,WL3,settled_max_v,1.3394211031214597e-06,,0.16200000000000003,PASS,False
slow_nominal_a1_to_3_p1500ps,recovery,N0,end_level_v,1.619997617844379,1.4580000000000002,1.7820000000000003,PASS,False
slow_nominal_a1_to_3_p1500ps,recovery,N1,end_level_v,1.6199975944001046,1.4580000000000002,1.7820000000000003,PASS,False
slow_nominal_a1_to_3_p1500ps,recovery,N2,end_level_v,1.6184727843251943,1.4580000000000002,1.7820000000000003,PASS,False
slow_nominal_a1_to_3_p1500ps,recovery,N3,end_level_v,1.6200357431980588,1.4580000000000002,1.7820000000000003,PASS,False
slow_nominal_a1_to_3_p1500ps,final_precharge,DEC0,settled_max_v,1.5250719409368155e-09,,0.16200000000000003,PASS,False
slow_nominal_a1_to_3_p1500ps,final_precharge,DEC0,settled_min_v,8.844116619610709e-10,-0.16200000000000003,,PASS,False
slow_nominal_a1_to_3_p1500ps,final_precharge,DEC1,settled_max_v,1.5341500965590117e-09,,0.16200000000000003,PASS,False
slow_nominal_a1_to_3_p1500ps,final_precharge,DEC1,settled_min_v,8.844248893688841e-10,-0.16200000000000003,,PASS,False
slow_nominal_a1_to_3_p1500ps,final_precharge,DEC2,settled_max_v,2.8215473644052936e-08,,0.16200000000000003,PASS,False
slow_nominal_a1_to_3_p1500ps,final_precharge,DEC2,settled_min_v,5.802635864859962e-09,-0.16200000000000003,,PASS,False
slow_nominal_a1_to_3_p1500ps,final_precharge,DEC3,settled_max_v,1.6589868003919822e-05,,0.16200000000000003,PASS,False
slow_nominal_a1_to_3_p1500ps,final_precharge,DEC3,settled_min_v,1.5269766068942703e-07,-0.16200000000000003,,PASS,False
slow_nominal_a1_to_3_p1500ps,final_precharge,WL0,settled_max_v,2.3805165951177092e-09,,0.16200000000000003,PASS,False
slow_nominal_a1_to_3_p1500ps,final_precharge,WL0,settled_min_v,2.3803270452992803e-09,-0.16200000000000003,,PASS,False
slow_nominal_a1_to_3_p1500ps,final_precharge,WL1,settled_max_v,2.3805202625317925e-09,,0.16200000000000003,PASS,False
slow_nominal_a1_to_3_p1500ps,final_precharge,WL1,settled_min_v,2.380326830752054e-09,-0.16200000000000003,,PASS,False
slow_nominal_a1_to_3_p1500ps,final_precharge,WL2,settled_max_v,2.3888487023857168e-09,,0.16200000000000003,PASS,False
slow_nominal_a1_to_3_p1500ps,final_precharge,WL2,settled_min_v,2.380328847603842e-09,-0.16200000000000003,,PASS,False
slow_nominal_a1_to_3_p1500ps,final_precharge,WL3,settled_max_v,1.0210990239584267e-06,,0.16200000000000003,PASS,False
slow_nominal_a1_to_3_p1500ps,final_precharge,WL3,settled_min_v,2.38056309187685e-09,-0.16200000000000003,,PASS,False
slow_nominal_a1_to_3_p1500ps,final_precharge,N0,end_level_v,1.6199999769486761,1.4580000000000002,1.7820000000000003,PASS,False
slow_nominal_a1_to_3_p1500ps,final_precharge,N1,end_level_v,1.6199999769117246,1.4580000000000002,1.7820000000000003,PASS,False
slow_nominal_a1_to_3_p1500ps,final_precharge,N2,end_level_v,1.619944500831831,1.4580000000000002,1.7820000000000003,PASS,False
slow_nominal_a1_to_3_p1500ps,final_precharge,N3,end_level_v,1.6192040168289676,1.4580000000000002,1.7820000000000003,PASS,False
slow_nominal_a2_to_0_p1500ps,prime,DEC0,upper_excursion_v,0.002322229874087347,,1.7820000000000003,PASS,False
slow_nominal_a2_to_0_p1500ps,prime,DEC0,lower_excursion_v,-7.767867356032673e-05,-0.16200000000000003,,PASS,False
slow_nominal_a2_to_0_p1500ps,prime,DEC0,end_level_v,6.696066340294848e-10,-0.16200000000000003,0.16200000000000003,PASS,False
slow_nominal_a2_to_0_p1500ps,prime,DEC0,unselected_max_v,0.002322229874087347,,0.16200000000000003,PASS,False
slow_nominal_a2_to_0_p1500ps,prime,DEC1,upper_excursion_v,0.0023222306287366008,,1.7820000000000003,PASS,False
slow_nominal_a2_to_0_p1500ps,prime,DEC1,lower_excursion_v,-7.702996297637781e-05,-0.16200000000000003,,PASS,False
slow_nominal_a2_to_0_p1500ps,prime,DEC1,end_level_v,6.69605454117244e-10,-0.16200000000000003,0.16200000000000003,PASS,False
slow_nominal_a2_to_0_p1500ps,prime,DEC1,unselected_max_v,0.0023222306287366008,,0.16200000000000003,PASS,False
slow_nominal_a2_to_0_p1500ps,prime,DEC2,upper_excursion_v,1.620001878005251,,1.7820000000000003,PASS,False
slow_nominal_a2_to_0_p1500ps,prime,DEC2,lower_excursion_v,-0.12958994485639638,-0.16200000000000003,,PASS,False
slow_nominal_a2_to_0_p1500ps,prime,DEC2,end_level_v,1.619999996003297,1.4580000000000002,1.7820000000000003,PASS,False
slow_nominal_a2_to_0_p1500ps,prime,DEC2,settled_min_v,1.619998296638939,1.4580000000000002,,PASS,False
slow_nominal_a2_to_0_p1500ps,prime,DEC3,upper_excursion_v,0.0023210614428765576,,1.7820000000000003,PASS,False
slow_nominal_a2_to_0_p1500ps,prime,DEC3,lower_excursion_v,-0.000188537275635621,-0.16200000000000003,,PASS,False
slow_nominal_a2_to_0_p1500ps,prime,DEC3,end_level_v,-6.125550310841222e-07,-0.16200000000000003,0.16200000000000003,PASS,False
slow_nominal_a2_to_0_p1500ps,prime,DEC3,unselected_max_v,0.0023210614428765576,,0.16200000000000003,PASS,False
slow_nominal_a2_to_0_p1500ps,prime,WL0,upper_excursion_v,5.963036581006358e-06,,1.7820000000000003,PASS,False
slow_nominal_a2_to_0_p1500ps,prime,WL0,lower_excursion_v,-5.572427493759553e-06,-0.16200000000000003,,PASS,False
slow_nominal_a2_to_0_p1500ps,prime,WL0,end_level_v,2.3803271994585562e-09,-0.16200000000000003,0.16200000000000003,PASS,False
slow_nominal_a2_to_0_p1500ps,prime,WL0,unselected_max_v,5.963036581006358e-06,,0.16200000000000003,PASS,False
slow_nominal_a2_to_0_p1500ps,prime,WL1,upper_excursion_v,5.963028427213071e-06,,1.7820000000000003,PASS,False
slow_nominal_a2_to_0_p1500ps,prime,WL1,lower_excursion_v,-5.56388038025181e-06,-0.16200000000000003,,PASS,False
slow_nominal_a2_to_0_p1500ps,prime,WL1,end_level_v,2.380327209324581e-09,-0.16200000000000003,0.16200000000000003,PASS,False
slow_nominal_a2_to_0_p1500ps,prime,WL1,unselected_max_v,5.963028427213071e-06,,0.16200000000000003,PASS,False
slow_nominal_a2_to_0_p1500ps,prime,WL2,upper_excursion_v,1.6199999895090338,,1.7820000000000003,PASS,False
slow_nominal_a2_to_0_p1500ps,prime,WL2,lower_excursion_v,-0.035185460524167905,-0.16200000000000003,,PASS,False
slow_nominal_a2_to_0_p1500ps,prime,WL2,end_level_v,1.6199999895090338,1.4580000000000002,1.7820000000000003,PASS,False
slow_nominal_a2_to_0_p1500ps,prime,WL2,settled_min_v,1.6074564910987288,1.4580000000000002,,PASS,False
slow_nominal_a2_to_0_p1500ps,prime,WL3,upper_excursion_v,5.952169403492447e-06,,1.7820000000000003,PASS,False
slow_nominal_a2_to_0_p1500ps,prime,WL3,lower_excursion_v,-5.874688148872073e-06,-0.16200000000000003,,PASS,False
slow_nominal_a2_to_0_p1500ps,prime,WL3,end_level_v,2.3802548379472628e-09,-0.16200000000000003,0.16200000000000003,PASS,False
slow_nominal_a2_to_0_p1500ps,prime,WL3,unselected_max_v,5.952169403492447e-06,,0.16200000000000003,PASS,False
slow_nominal_a2_to_0_p1500ps,test,DEC0,upper_excursion_v,1.619999996430645,,1.7820000000000003,PASS,False
slow_nominal_a2_to_0_p1500ps,test,DEC0,lower_excursion_v,-0.12604621632193694,-0.16200000000000003,,PASS,False
slow_nominal_a2_to_0_p1500ps,test,DEC0,end_level_v,1.6199999961155496,1.4580000000000002,1.7820000000000003,PASS,False
slow_nominal_a2_to_0_p1500ps,test,DEC0,settled_min_v,1.619998207925809,1.4580000000000002,,PASS,False
slow_nominal_a2_to_0_p1500ps,test,DEC1,upper_excursion_v,0.002308313205063047,,1.7820000000000003,PASS,False
slow_nominal_a2_to_0_p1500ps,test,DEC1,lower_excursion_v,-0.00023317708356062478,-0.16200000000000003,,PASS,False
slow_nominal_a2_to_0_p1500ps,test,DEC1,end_level_v,-1.8048202930602553e-06,-0.16200000000000003,0.16200000000000003,PASS,False
slow_nominal_a2_to_0_p1500ps,test,DEC1,unselected_max_v,0.002308313205063047,,0.16200000000000003,PASS,False
slow_nominal_a2_to_0_p1500ps,test,DEC2,upper_excursion_v,0.002317219341011131,,1.7820000000000003,PASS,False
slow_nominal_a2_to_0_p1500ps,test,DEC2,lower_excursion_v,-2.8990723945547395e-05,-0.16200000000000003,,PASS,False
slow_nominal_a2_to_0_p1500ps,test,DEC2,end_level_v,6.697807394181286e-10,-0.16200000000000003,0.16200000000000003,PASS,False
slow_nominal_a2_to_0_p1500ps,test,DEC2,unselected_max_v,0.002317219341011131,,0.16200000000000003,PASS,False
slow_nominal_a2_to_0_p1500ps,test,DEC3,upper_excursion_v,0.002317214092426158,,1.7820000000000003,PASS,False
slow_nominal_a2_to_0_p1500ps,test,DEC3,lower_excursion_v,-2.788889095444736e-05,-0.16200000000000003,,PASS,False
slow_nominal_a2_to_0_p1500ps,test,DEC3,end_level_v,6.69783759041022e-10,-0.16200000000000003,0.16200000000000003,PASS,False
slow_nominal_a2_to_0_p1500ps,test,DEC3,unselected_max_v,0.002317214092426158,,0.16200000000000003,PASS,False
slow_nominal_a2_to_0_p1500ps,test,WL0,upper_excursion_v,1.619999989486908,,1.7820000000000003,PASS,False
slow_nominal_a2_to_0_p1500ps,test,WL0,lower_excursion_v,-0.03516450383996464,-0.16200000000000003,,PASS,False
slow_nominal_a2_to_0_p1500ps,test,WL0,end_level_v,1.619999989486908,1.4580000000000002,1.7820000000000003,PASS,False
slow_nominal_a2_to_0_p1500ps,test,WL0,settled_min_v,1.6071353220051183,1.4580000000000002,,PASS,False
slow_nominal_a2_to_0_p1500ps,test,WL1,upper_excursion_v,5.895862657736894e-06,,1.7820000000000003,PASS,False
slow_nominal_a2_to_0_p1500ps,test,WL1,lower_excursion_v,-5.789725896652411e-06,-0.16200000000000003,,PASS,False
slow_nominal_a2_to_0_p1500ps,test,WL1,end_level_v,2.378730134098828e-09,-0.16200000000000003,0.16200000000000003,PASS,False
slow_nominal_a2_to_0_p1500ps,test,WL1,unselected_max_v,5.895862657736894e-06,,0.16200000000000003,PASS,False
slow_nominal_a2_to_0_p1500ps,test,WL2,upper_excursion_v,5.947922053623545e-06,,1.7820000000000003,PASS,False
slow_nominal_a2_to_0_p1500ps,test,WL2,lower_excursion_v,-5.523451744307368e-06,-0.16200000000000003,,PASS,False
slow_nominal_a2_to_0_p1500ps,test,WL2,end_level_v,2.3803270785928487e-09,-0.16200000000000003,0.16200000000000003,PASS,False
slow_nominal_a2_to_0_p1500ps,test,WL2,unselected_max_v,5.947922053623545e-06,,0.16200000000000003,PASS,False
slow_nominal_a2_to_0_p1500ps,test,WL3,upper_excursion_v,5.947902378399532e-06,,1.7820000000000003,PASS,False
slow_nominal_a2_to_0_p1500ps,test,WL3,lower_excursion_v,-5.514977781713784e-06,-0.16200000000000003,,PASS,False
slow_nominal_a2_to_0_p1500ps,test,WL3,end_level_v,2.380327460625451e-09,-0.16200000000000003,0.16200000000000003,PASS,False
slow_nominal_a2_to_0_p1500ps,test,WL3,unselected_max_v,5.947902378399532e-06,,0.16200000000000003,PASS,False
slow_nominal_a2_to_0_p1500ps,recovery,DEC0,end_level_v,-7.416201208698943e-07,-0.16200000000000003,0.16200000000000003,PASS,False
slow_nominal_a2_to_0_p1500ps,recovery,DEC0,settled_max_v,0.00015183664165140803,,0.16200000000000003,PASS,False
slow_nominal_a2_to_0_p1500ps,recovery,DEC1,end_level_v,9.260760227773794e-06,-0.16200000000000003,0.16200000000000003,PASS,False
slow_nominal_a2_to_0_p1500ps,recovery,DEC1,settled_max_v,0.00015200252985822987,,0.16200000000000003,PASS,False
slow_nominal_a2_to_0_p1500ps,recovery,DEC2,end_level_v,6.232972305297491e-08,-0.16200000000000003,0.16200000000000003,PASS,False
slow_nominal_a2_to_0_p1500ps,recovery,DEC2,settled_max_v,0.00036934035636045445,,0.16200000000000003,PASS,False
slow_nominal_a2_to_0_p1500ps,recovery,DEC3,end_level_v,6.113908713451712e-08,-0.16200000000000003,0.16200000000000003,PASS,False
slow_nominal_a2_to_0_p1500ps,recovery,DEC3,settled_max_v,0.0003607394652054639,,0.16200000000000003,PASS,False
slow_nominal_a2_to_0_p1500ps,recovery,WL0,end_level_v,1.703597607062969e-09,-0.16200000000000003,0.16200000000000003,PASS,False
slow_nominal_a2_to_0_p1500ps,recovery,WL0,settled_max_v,3.6031734941162705e-07,,0.16200000000000003,PASS,False
slow_nominal_a2_to_0_p1500ps,recovery,WL1,end_level_v,5.0685291399852294e-09,-0.16200000000000003,0.16200000000000003,PASS,False
slow_nominal_a2_to_0_p1500ps,recovery,WL1,settled_max_v,4.924071423603716e-07,,0.16200000000000003,PASS,False
slow_nominal_a2_to_0_p1500ps,recovery,WL2,end_level_v,2.578266536974917e-09,-0.16200000000000003,0.16200000000000003,PASS,False
slow_nominal_a2_to_0_p1500ps,recovery,WL2,settled_max_v,2.052951664970396e-06,,0.16200000000000003,PASS,False
slow_nominal_a2_to_0_p1500ps,recovery,WL3,end_level_v,2.5740939025308192e-09,-0.16200000000000003,0.16200000000000003,PASS,False
slow_nominal_a2_to_0_p1500ps,recovery,WL3,settled_max_v,2.0774189750886497e-06,,0.16200000000000003,PASS,False
slow_nominal_a2_to_0_p1500ps,recovery,N0,end_level_v,1.6201127530640471,1.4580000000000002,1.7820000000000003,PASS,False
slow_nominal_a2_to_0_p1500ps,recovery,N1,end_level_v,1.6168346454776574,1.4580000000000002,1.7820000000000003,PASS,False
slow_nominal_a2_to_0_p1500ps,recovery,N2,end_level_v,1.619994459497673,1.4580000000000002,1.7820000000000003,PASS,False
slow_nominal_a2_to_0_p1500ps,recovery,N3,end_level_v,1.6199945632546116,1.4580000000000002,1.7820000000000003,PASS,False
slow_nominal_a2_to_0_p1500ps,final_precharge,DEC0,settled_max_v,1.4926061576617634e-05,,0.16200000000000003,PASS,False
slow_nominal_a2_to_0_p1500ps,final_precharge,DEC0,settled_min_v,1.4612222111812234e-07,-0.16200000000000003,,PASS,False
slow_nominal_a2_to_0_p1500ps,final_precharge,DEC1,settled_max_v,1.946947524043967e-07,,0.16200000000000003,PASS,False
slow_nominal_a2_to_0_p1500ps,final_precharge,DEC1,settled_min_v,5.71682765362902e-09,-0.16200000000000003,,PASS,False
slow_nominal_a2_to_0_p1500ps,final_precharge,DEC2,settled_max_v,8.887594219106661e-10,,0.16200000000000003,PASS,False
slow_nominal_a2_to_0_p1500ps,final_precharge,DEC2,settled_min_v,2.7878383044421697e-10,-0.16200000000000003,,PASS,False
slow_nominal_a2_to_0_p1500ps,final_precharge,DEC3,settled_max_v,8.882053274864263e-10,,0.16200000000000003,PASS,False
slow_nominal_a2_to_0_p1500ps,final_precharge,DEC3,settled_min_v,2.7216891883985706e-10,-0.16200000000000003,,PASS,False
slow_nominal_a2_to_0_p1500ps,final_precharge,WL0,settled_max_v,1.1185154305005465e-06,,0.16200000000000003,PASS,False
slow_nominal_a2_to_0_p1500ps,final_precharge,WL0,settled_min_v,2.3805454873089577e-09,-0.16200000000000003,,PASS,False
slow_nominal_a2_to_0_p1500ps,final_precharge,WL1,settled_max_v,2.42216218708371e-09,,0.16200000000000003,PASS,False
slow_nominal_a2_to_0_p1500ps,final_precharge,WL1,settled_min_v,2.3803290058187345e-09,-0.16200000000000003,,PASS,False
slow_nominal_a2_to_0_p1500ps,final_precharge,WL2,settled_max_v,2.3804833174116976e-09,,0.16200000000000003,PASS,False
slow_nominal_a2_to_0_p1500ps,final_precharge,WL2,settled_min_v,2.380263847019344e-09,-0.16200000000000003,,PASS,False
slow_nominal_a2_to_0_p1500ps,final_precharge,WL3,settled_max_v,2.380480031873611e-09,,0.16200000000000003,PASS,False
slow_nominal_a2_to_0_p1500ps,final_precharge,WL3,settled_min_v,2.380263992524611e-09,-0.16200000000000003,,PASS,False
slow_nominal_a2_to_0_p1500ps,final_precharge,N0,end_level_v,1.619223834032376,1.4580000000000002,1.7820000000000003,PASS,False
slow_nominal_a2_to_0_p1500ps,final_precharge,N1,end_level_v,1.6199451302287475,1.4580000000000002,1.7820000000000003,PASS,False
slow_nominal_a2_to_0_p1500ps,final_precharge,N2,end_level_v,1.6199999803945766,1.4580000000000002,1.7820000000000003,PASS,False
slow_nominal_a2_to_0_p1500ps,final_precharge,N3,end_level_v,1.6199999804298308,1.4580000000000002,1.7820000000000003,PASS,False
slow_nominal_a2_to_1_p1500ps,prime,DEC0,upper_excursion_v,0.002322229874087347,,1.7820000000000003,PASS,False
slow_nominal_a2_to_1_p1500ps,prime,DEC0,lower_excursion_v,-7.767867356032673e-05,-0.16200000000000003,,PASS,False
slow_nominal_a2_to_1_p1500ps,prime,DEC0,end_level_v,6.696066340294848e-10,-0.16200000000000003,0.16200000000000003,PASS,False
slow_nominal_a2_to_1_p1500ps,prime,DEC0,unselected_max_v,0.002322229874087347,,0.16200000000000003,PASS,False
slow_nominal_a2_to_1_p1500ps,prime,DEC1,upper_excursion_v,0.0023222306287366008,,1.7820000000000003,PASS,False
slow_nominal_a2_to_1_p1500ps,prime,DEC1,lower_excursion_v,-7.702996297637781e-05,-0.16200000000000003,,PASS,False
slow_nominal_a2_to_1_p1500ps,prime,DEC1,end_level_v,6.69605454117244e-10,-0.16200000000000003,0.16200000000000003,PASS,False
slow_nominal_a2_to_1_p1500ps,prime,DEC1,unselected_max_v,0.0023222306287366008,,0.16200000000000003,PASS,False
slow_nominal_a2_to_1_p1500ps,prime,DEC2,upper_excursion_v,1.620001878005251,,1.7820000000000003,PASS,False
slow_nominal_a2_to_1_p1500ps,prime,DEC2,lower_excursion_v,-0.12958994485639638,-0.16200000000000003,,PASS,False
slow_nominal_a2_to_1_p1500ps,prime,DEC2,end_level_v,1.619999996003297,1.4580000000000002,1.7820000000000003,PASS,False
slow_nominal_a2_to_1_p1500ps,prime,DEC2,settled_min_v,1.619998296638939,1.4580000000000002,,PASS,False
slow_nominal_a2_to_1_p1500ps,prime,DEC3,upper_excursion_v,0.0023210614428765576,,1.7820000000000003,PASS,False
slow_nominal_a2_to_1_p1500ps,prime,DEC3,lower_excursion_v,-0.000188537275635621,-0.16200000000000003,,PASS,False
slow_nominal_a2_to_1_p1500ps,prime,DEC3,end_level_v,-6.125550310841222e-07,-0.16200000000000003,0.16200000000000003,PASS,False
slow_nominal_a2_to_1_p1500ps,prime,DEC3,unselected_max_v,0.0023210614428765576,,0.16200000000000003,PASS,False
slow_nominal_a2_to_1_p1500ps,prime,WL0,upper_excursion_v,5.963036581006358e-06,,1.7820000000000003,PASS,False
slow_nominal_a2_to_1_p1500ps,prime,WL0,lower_excursion_v,-5.572427493759553e-06,-0.16200000000000003,,PASS,False
slow_nominal_a2_to_1_p1500ps,prime,WL0,end_level_v,2.3803271994585562e-09,-0.16200000000000003,0.16200000000000003,PASS,False
slow_nominal_a2_to_1_p1500ps,prime,WL0,unselected_max_v,5.963036581006358e-06,,0.16200000000000003,PASS,False
slow_nominal_a2_to_1_p1500ps,prime,WL1,upper_excursion_v,5.963028427213071e-06,,1.7820000000000003,PASS,False
slow_nominal_a2_to_1_p1500ps,prime,WL1,lower_excursion_v,-5.56388038025181e-06,-0.16200000000000003,,PASS,False
slow_nominal_a2_to_1_p1500ps,prime,WL1,end_level_v,2.380327209324581e-09,-0.16200000000000003,0.16200000000000003,PASS,False
slow_nominal_a2_to_1_p1500ps,prime,WL1,unselected_max_v,5.963028427213071e-06,,0.16200000000000003,PASS,False
slow_nominal_a2_to_1_p1500ps,prime,WL2,upper_excursion_v,1.6199999895090338,,1.7820000000000003,PASS,False
slow_nominal_a2_to_1_p1500ps,prime,WL2,lower_excursion_v,-0.035185460524167905,-0.16200000000000003,,PASS,False
slow_nominal_a2_to_1_p1500ps,prime,WL2,end_level_v,1.6199999895090338,1.4580000000000002,1.7820000000000003,PASS,False
slow_nominal_a2_to_1_p1500ps,prime,WL2,settled_min_v,1.6074564910987288,1.4580000000000002,,PASS,False
slow_nominal_a2_to_1_p1500ps,prime,WL3,upper_excursion_v,5.952169403492447e-06,,1.7820000000000003,PASS,False
slow_nominal_a2_to_1_p1500ps,prime,WL3,lower_excursion_v,-5.874688148872073e-06,-0.16200000000000003,,PASS,False
slow_nominal_a2_to_1_p1500ps,prime,WL3,end_level_v,2.3802548379472628e-09,-0.16200000000000003,0.16200000000000003,PASS,False
slow_nominal_a2_to_1_p1500ps,prime,WL3,unselected_max_v,5.952169403492447e-06,,0.16200000000000003,PASS,False
slow_nominal_a2_to_1_p1500ps,test,DEC0,upper_excursion_v,0.0023201234054882032,,1.7820000000000003,PASS,False
slow_nominal_a2_to_1_p1500ps,test,DEC0,lower_excursion_v,-0.00019577297454013293,-0.16200000000000003,,PASS,False
slow_nominal_a2_to_1_p1500ps,test,DEC0,end_level_v,-1.69961192439394e-06,-0.16200000000000003,0.16200000000000003,PASS,False
slow_nominal_a2_to_1_p1500ps,test,DEC0,unselected_max_v,0.0023201234054882032,,0.16200000000000003,PASS,False
slow_nominal_a2_to_1_p1500ps,test,DEC1,upper_excursion_v,1.6200027698567676,,1.7820000000000003,PASS,False
slow_nominal_a2_to_1_p1500ps,test,DEC1,lower_excursion_v,-0.13100336120909942,-0.16200000000000003,,PASS,False
slow_nominal_a2_to_1_p1500ps,test,DEC1,end_level_v,1.6199999960989353,1.4580000000000002,1.7820000000000003,PASS,False
slow_nominal_a2_to_1_p1500ps,test,DEC1,settled_min_v,1.6199983758876133,1.4580000000000002,,PASS,False
slow_nominal_a2_to_1_p1500ps,test,DEC2,upper_excursion_v,0.0023237360538694777,,1.7820000000000003,PASS,False
slow_nominal_a2_to_1_p1500ps,test,DEC2,lower_excursion_v,-2.661284229733741e-05,-0.16200000000000003,,PASS,False
slow_nominal_a2_to_1_p1500ps,test,DEC2,end_level_v,6.697560364520956e-10,-0.16200000000000003,0.16200000000000003,PASS,False
slow_nominal_a2_to_1_p1500ps,test,DEC2,unselected_max_v,0.0023237360538694777,,0.16200000000000003,PASS,False
slow_nominal_a2_to_1_p1500ps,test,DEC3,upper_excursion_v,0.0023237431207241,,1.7820000000000003,PASS,False
slow_nominal_a2_to_1_p1500ps,test,DEC3,lower_excursion_v,-2.7814088026969464e-05,-0.16200000000000003,,PASS,False
slow_nominal_a2_to_1_p1500ps,test,DEC3,end_level_v,6.697533561107466e-10,-0.16200000000000003,0.16200000000000003,PASS,False
slow_nominal_a2_to_1_p1500ps,test,DEC3,unselected_max_v,0.0023237431207241,,0.16200000000000003,PASS,False
slow_nominal_a2_to_1_p1500ps,test,WL0,upper_excursion_v,5.948277156495366e-06,,1.7820000000000003,PASS,False
slow_nominal_a2_to_1_p1500ps,test,WL0,lower_excursion_v,-5.865763885581177e-06,-0.16200000000000003,,PASS,False
slow_nominal_a2_to_1_p1500ps,test,WL0,end_level_v,2.3789718140115974e-09,-0.16200000000000003,0.16200000000000003,PASS,False
slow_nominal_a2_to_1_p1500ps,test,WL0,unselected_max_v,5.948277156495366e-06,,0.16200000000000003,PASS,False
slow_nominal_a2_to_1_p1500ps,test,WL1,upper_excursion_v,1.6199999894879458,,1.7820000000000003,PASS,False
slow_nominal_a2_to_1_p1500ps,test,WL1,lower_excursion_v,-0.03519212851522065,-0.16200000000000003,,PASS,False
slow_nominal_a2_to_1_p1500ps,test,WL1,end_level_v,1.6199999894879458,1.4580000000000002,1.7820000000000003,PASS,False
slow_nominal_a2_to_1_p1500ps,test,WL1,settled_min_v,1.607739045592746,1.4580000000000002,,PASS,False
slow_nominal_a2_to_1_p1500ps,test,WL2,upper_excursion_v,5.966970442663331e-06,,1.7820000000000003,PASS,False
slow_nominal_a2_to_1_p1500ps,test,WL2,lower_excursion_v,-5.5250031165377985e-06,-0.16200000000000003,,PASS,False
slow_nominal_a2_to_1_p1500ps,test,WL2,end_level_v,2.380327004445992e-09,-0.16200000000000003,0.16200000000000003,PASS,False
slow_nominal_a2_to_1_p1500ps,test,WL2,unselected_max_v,5.966970442663331e-06,,0.16200000000000003,PASS,False
slow_nominal_a2_to_1_p1500ps,test,WL3,upper_excursion_v,5.9669797963602065e-06,,1.7820000000000003,PASS,False
slow_nominal_a2_to_1_p1500ps,test,WL3,lower_excursion_v,-5.533563576282923e-06,-0.16200000000000003,,PASS,False
slow_nominal_a2_to_1_p1500ps,test,WL3,end_level_v,2.3803273864523455e-09,-0.16200000000000003,0.16200000000000003,PASS,False
slow_nominal_a2_to_1_p1500ps,test,WL3,unselected_max_v,5.9669797963602065e-06,,0.16200000000000003,PASS,False
slow_nominal_a2_to_1_p1500ps,recovery,DEC0,end_level_v,8.195492556435224e-07,-0.16200000000000003,0.16200000000000003,PASS,False
slow_nominal_a2_to_1_p1500ps,recovery,DEC0,settled_max_v,0.00015189977633973603,,0.16200000000000003,PASS,False
slow_nominal_a2_to_1_p1500ps,recovery,DEC1,end_level_v,3.901183923946092e-06,-0.16200000000000003,0.16200000000000003,PASS,False
slow_nominal_a2_to_1_p1500ps,recovery,DEC1,settled_max_v,0.0001520607685429556,,0.16200000000000003,PASS,False
slow_nominal_a2_to_1_p1500ps,recovery,DEC2,end_level_v,6.853362071977012e-08,-0.16200000000000003,0.16200000000000003,PASS,False
slow_nominal_a2_to_1_p1500ps,recovery,DEC2,settled_max_v,0.0004173654078038313,,0.16200000000000003,PASS,False
slow_nominal_a2_to_1_p1500ps,recovery,DEC3,end_level_v,6.165054044233977e-08,-0.16200000000000003,0.16200000000000003,PASS,False
slow_nominal_a2_to_1_p1500ps,recovery,DEC3,settled_max_v,0.0003668338078614523,,0.16200000000000003,PASS,False
slow_nominal_a2_to_1_p1500ps,recovery,WL0,end_level_v,9.00325503280997e-10,-0.16200000000000003,0.16200000000000003,PASS,False
slow_nominal_a2_to_1_p1500ps,recovery,WL0,settled_max_v,3.612158278283702e-07,,0.16200000000000003,PASS,False
slow_nominal_a2_to_1_p1500ps,recovery,WL1,end_level_v,-5.5333506638170184e-11,-0.16200000000000003,0.16200000000000003,PASS,False
slow_nominal_a2_to_1_p1500ps,recovery,WL1,settled_max_v,3.616383093577431e-07,,0.16200000000000003,PASS,False
slow_nominal_a2_to_1_p1500ps,recovery,WL2,end_level_v,2.5992632861484878e-09,-0.16200000000000003,0.16200000000000003,PASS,False
slow_nominal_a2_to_1_p1500ps,recovery,WL2,settled_max_v,2.0696594194523682e-06,,0.16200000000000003,PASS,False
slow_nominal_a2_to_1_p1500ps,recovery,WL3,end_level_v,2.5750582062669472e-09,-0.16200000000000003,0.16200000000000003,PASS,False
slow_nominal_a2_to_1_p1500ps,recovery,WL3,settled_max_v,2.2299604942695156e-06,,0.16200000000000003,PASS,False
slow_nominal_a2_to_1_p1500ps,recovery,N0,end_level_v,1.6185517085527659,1.4580000000000002,1.7820000000000003,PASS,False
slow_nominal_a2_to_1_p1500ps,recovery,N1,end_level_v,1.6164576846300107,1.4580000000000002,1.7820000000000003,PASS,False
slow_nominal_a2_to_1_p1500ps,recovery,N2,end_level_v,1.6199939323033326,1.4580000000000002,1.7820000000000003,PASS,False
slow_nominal_a2_to_1_p1500ps,recovery,N3,end_level_v,1.619994529762752,1.4580000000000002,1.7820000000000003,PASS,False
slow_nominal_a2_to_1_p1500ps,final_precharge,DEC0,settled_max_v,1.8927140963049072e-07,,0.16200000000000003,PASS,False
slow_nominal_a2_to_1_p1500ps,final_precharge,DEC0,settled_min_v,5.488946387688376e-09,-0.16200000000000003,,PASS,False
slow_nominal_a2_to_1_p1500ps,final_precharge,DEC1,settled_max_v,1.4520215199652276e-05,,0.16200000000000003,PASS,False
slow_nominal_a2_to_1_p1500ps,final_precharge,DEC1,settled_min_v,1.4895213363078086e-07,-0.16200000000000003,,PASS,False
slow_nominal_a2_to_1_p1500ps,final_precharge,DEC2,settled_max_v,8.895973858385661e-10,,0.16200000000000003,PASS,False
slow_nominal_a2_to_1_p1500ps,final_precharge,DEC2,settled_min_v,2.82455046087748e-10,-0.16200000000000003,,PASS,False
slow_nominal_a2_to_1_p1500ps,final_precharge,DEC3,settled_max_v,8.903029516269582e-10,,0.16200000000000003,PASS,False
slow_nominal_a2_to_1_p1500ps,final_precharge,DEC3,settled_min_v,2.906018869297673e-10,-0.16200000000000003,,PASS,False
slow_nominal_a2_to_1_p1500ps,final_precharge,WL0,settled_max_v,2.42491317311378e-09,,0.16200000000000003,PASS,False
slow_nominal_a2_to_1_p1500ps,final_precharge,WL0,settled_min_v,2.3803289514387875e-09,-0.16200000000000003,,PASS,False
slow_nominal_a2_to_1_p1500ps,final_precharge,WL1,settled_max_v,1.1403979639781929e-06,,0.16200000000000003,PASS,False
slow_nominal_a2_to_1_p1500ps,final_precharge,WL1,settled_min_v,2.38055221270839e-09,-0.16200000000000003,,PASS,False
slow_nominal_a2_to_1_p1500ps,final_precharge,WL2,settled_max_v,2.380466803391109e-09,,0.16200000000000003,PASS,False
slow_nominal_a2_to_1_p1500ps,final_precharge,WL2,settled_min_v,2.3802575669502222e-09,-0.16200000000000003,,PASS,False
slow_nominal_a2_to_1_p1500ps,final_precharge,WL3,settled_max_v,2.3804701798463145e-09,,0.16200000000000003,PASS,False
slow_nominal_a2_to_1_p1500ps,final_precharge,WL3,settled_min_v,2.380257723583274e-09,-0.16200000000000003,,PASS,False
slow_nominal_a2_to_1_p1500ps,final_precharge,N0,end_level_v,1.6199464803815882,1.4580000000000002,1.7820000000000003,PASS,False
slow_nominal_a2_to_1_p1500ps,final_precharge,N1,end_level_v,1.6192147637602516,1.4580000000000002,1.7820000000000003,PASS,False
slow_nominal_a2_to_1_p1500ps,final_precharge,N2,end_level_v,1.6199999804164997,1.4580000000000002,1.7820000000000003,PASS,False
slow_nominal_a2_to_1_p1500ps,final_precharge,N3,end_level_v,1.6199999803804155,1.4580000000000002,1.7820000000000003,PASS,False
slow_nominal_a2_to_3_p1500ps,prime,DEC0,upper_excursion_v,0.002322229874087347,,1.7820000000000003,PASS,False
slow_nominal_a2_to_3_p1500ps,prime,DEC0,lower_excursion_v,-7.767867356032673e-05,-0.16200000000000003,,PASS,False
slow_nominal_a2_to_3_p1500ps,prime,DEC0,end_level_v,6.696066340294848e-10,-0.16200000000000003,0.16200000000000003,PASS,False
slow_nominal_a2_to_3_p1500ps,prime,DEC0,unselected_max_v,0.002322229874087347,,0.16200000000000003,PASS,False
slow_nominal_a2_to_3_p1500ps,prime,DEC1,upper_excursion_v,0.0023222306287366008,,1.7820000000000003,PASS,False
slow_nominal_a2_to_3_p1500ps,prime,DEC1,lower_excursion_v,-7.702996297637781e-05,-0.16200000000000003,,PASS,False
slow_nominal_a2_to_3_p1500ps,prime,DEC1,end_level_v,6.69605454117244e-10,-0.16200000000000003,0.16200000000000003,PASS,False
slow_nominal_a2_to_3_p1500ps,prime,DEC1,unselected_max_v,0.0023222306287366008,,0.16200000000000003,PASS,False
slow_nominal_a2_to_3_p1500ps,prime,DEC2,upper_excursion_v,1.620001878005251,,1.7820000000000003,PASS,False
slow_nominal_a2_to_3_p1500ps,prime,DEC2,lower_excursion_v,-0.12958994485639638,-0.16200000000000003,,PASS,False
slow_nominal_a2_to_3_p1500ps,prime,DEC2,end_level_v,1.619999996003297,1.4580000000000002,1.7820000000000003,PASS,False
slow_nominal_a2_to_3_p1500ps,prime,DEC2,settled_min_v,1.619998296638939,1.4580000000000002,,PASS,False
slow_nominal_a2_to_3_p1500ps,prime,DEC3,upper_excursion_v,0.0023210614428765576,,1.7820000000000003,PASS,False
slow_nominal_a2_to_3_p1500ps,prime,DEC3,lower_excursion_v,-0.000188537275635621,-0.16200000000000003,,PASS,False
slow_nominal_a2_to_3_p1500ps,prime,DEC3,end_level_v,-6.125550310841222e-07,-0.16200000000000003,0.16200000000000003,PASS,False
slow_nominal_a2_to_3_p1500ps,prime,DEC3,unselected_max_v,0.0023210614428765576,,0.16200000000000003,PASS,False
slow_nominal_a2_to_3_p1500ps,prime,WL0,upper_excursion_v,5.963036581006358e-06,,1.7820000000000003,PASS,False
slow_nominal_a2_to_3_p1500ps,prime,WL0,lower_excursion_v,-5.572427493759553e-06,-0.16200000000000003,,PASS,False
slow_nominal_a2_to_3_p1500ps,prime,WL0,end_level_v,2.3803271994585562e-09,-0.16200000000000003,0.16200000000000003,PASS,False
slow_nominal_a2_to_3_p1500ps,prime,WL0,unselected_max_v,5.963036581006358e-06,,0.16200000000000003,PASS,False
slow_nominal_a2_to_3_p1500ps,prime,WL1,upper_excursion_v,5.963028427213071e-06,,1.7820000000000003,PASS,False
slow_nominal_a2_to_3_p1500ps,prime,WL1,lower_excursion_v,-5.56388038025181e-06,-0.16200000000000003,,PASS,False
slow_nominal_a2_to_3_p1500ps,prime,WL1,end_level_v,2.380327209324581e-09,-0.16200000000000003,0.16200000000000003,PASS,False
slow_nominal_a2_to_3_p1500ps,prime,WL1,unselected_max_v,5.963028427213071e-06,,0.16200000000000003,PASS,False
slow_nominal_a2_to_3_p1500ps,prime,WL2,upper_excursion_v,1.6199999895090338,,1.7820000000000003,PASS,False
slow_nominal_a2_to_3_p1500ps,prime,WL2,lower_excursion_v,-0.035185460524167905,-0.16200000000000003,,PASS,False
slow_nominal_a2_to_3_p1500ps,prime,WL2,end_level_v,1.6199999895090338,1.4580000000000002,1.7820000000000003,PASS,False
slow_nominal_a2_to_3_p1500ps,prime,WL2,settled_min_v,1.6074564910987288,1.4580000000000002,,PASS,False
slow_nominal_a2_to_3_p1500ps,prime,WL3,upper_excursion_v,5.952169403492447e-06,,1.7820000000000003,PASS,False
slow_nominal_a2_to_3_p1500ps,prime,WL3,lower_excursion_v,-5.874688148872073e-06,-0.16200000000000003,,PASS,False
slow_nominal_a2_to_3_p1500ps,prime,WL3,end_level_v,2.3802548379472628e-09,-0.16200000000000003,0.16200000000000003,PASS,False
slow_nominal_a2_to_3_p1500ps,prime,WL3,unselected_max_v,5.952169403492447e-06,,0.16200000000000003,PASS,False
slow_nominal_a2_to_3_p1500ps,test,DEC0,upper_excursion_v,0.002326351921669914,,1.7820000000000003,PASS,False
slow_nominal_a2_to_3_p1500ps,test,DEC0,lower_excursion_v,-6.99009880504621e-05,-0.16200000000000003,,PASS,False
slow_nominal_a2_to_3_p1500ps,test,DEC0,end_level_v,6.697278912004556e-10,-0.16200000000000003,0.16200000000000003,PASS,False
slow_nominal_a2_to_3_p1500ps,test,DEC0,unselected_max_v,0.002326351921669914,,0.16200000000000003,PASS,False
slow_nominal_a2_to_3_p1500ps,test,DEC1,upper_excursion_v,0.002326356159378281,,1.7820000000000003,PASS,False
slow_nominal_a2_to_3_p1500ps,test,DEC1,lower_excursion_v,-7.045538283337752e-05,-0.16200000000000003,,PASS,False
slow_nominal_a2_to_3_p1500ps,test,DEC1,end_level_v,6.697252477245704e-10,-0.16200000000000003,0.16200000000000003,PASS,False
slow_nominal_a2_to_3_p1500ps,test,DEC1,unselected_max_v,0.002326356159378281,,0.16200000000000003,PASS,False
slow_nominal_a2_to_3_p1500ps,test,DEC2,upper_excursion_v,0.0023184672009765863,,1.7820000000000003,PASS,False
slow_nominal_a2_to_3_p1500ps,test,DEC2,lower_excursion_v,-0.0002077155126437094,-0.16200000000000003,,PASS,False
slow_nominal_a2_to_3_p1500ps,test,DEC2,end_level_v,-1.55975484686377e-06,-0.16200000000000003,0.16200000000000003,PASS,False
slow_nominal_a2_to_3_p1500ps,test,DEC2,unselected_max_v,0.0023184672009765863,,0.16200000000000003,PASS,False
slow_nominal_a2_to_3_p1500ps,test,DEC3,upper_excursion_v,1.6200064309459257,,1.7820000000000003,PASS,False
slow_nominal_a2_to_3_p1500ps,test,DEC3,lower_excursion_v,-0.13496779547031906,-0.16200000000000003,,PASS,False
slow_nominal_a2_to_3_p1500ps,test,DEC3,end_level_v,1.6199999960154896,1.4580000000000002,1.7820000000000003,PASS,False
slow_nominal_a2_to_3_p1500ps,test,DEC3,settled_min_v,1.619998446122023,1.4580000000000002,,PASS,False
slow_nominal_a2_to_3_p1500ps,test,WL0,upper_excursion_v,5.976105615954495e-06,,1.7820000000000003,PASS,False
slow_nominal_a2_to_3_p1500ps,test,WL0,lower_excursion_v,-5.5883230551499755e-06,-0.16200000000000003,,PASS,False
slow_nominal_a2_to_3_p1500ps,test,WL0,end_level_v,2.380327056221326e-09,-0.16200000000000003,0.16200000000000003,PASS,False
slow_nominal_a2_to_3_p1500ps,test,WL0,unselected_max_v,5.976105615954495e-06,,0.16200000000000003,PASS,False
slow_nominal_a2_to_3_p1500ps,test,WL1,upper_excursion_v,5.9761259144253605e-06,,1.7820000000000003,PASS,False
slow_nominal_a2_to_3_p1500ps,test,WL1,lower_excursion_v,-5.596617237637707e-06,-0.16200000000000003,,PASS,False
slow_nominal_a2_to_3_p1500ps,test,WL1,end_level_v,2.3803271701613356e-09,-0.16200000000000003,0.16200000000000003,PASS,False
slow_nominal_a2_to_3_p1500ps,test,WL1,unselected_max_v,5.9761259144253605e-06,,0.16200000000000003,PASS,False
slow_nominal_a2_to_3_p1500ps,test,WL2,upper_excursion_v,5.940615348714076e-06,,1.7820000000000003,PASS,False
slow_nominal_a2_to_3_p1500ps,test,WL2,lower_excursion_v,-5.988605284894736e-06,-0.16200000000000003,,PASS,False
slow_nominal_a2_to_3_p1500ps,test,WL2,end_level_v,2.3792688105082033e-09,-0.16200000000000003,0.16200000000000003,PASS,False
slow_nominal_a2_to_3_p1500ps,test,WL2,unselected_max_v,5.940615348714076e-06,,0.16200000000000003,PASS,False
slow_nominal_a2_to_3_p1500ps,test,WL3,upper_excursion_v,1.6199999894882993,,1.7820000000000003,PASS,False
slow_nominal_a2_to_3_p1500ps,test,WL3,lower_excursion_v,-0.035216347150390626,-0.16200000000000003,,PASS,False
slow_nominal_a2_to_3_p1500ps,test,WL3,end_level_v,1.6199999894882993,1.4580000000000002,1.7820000000000003,PASS,False
slow_nominal_a2_to_3_p1500ps,test,WL3,settled_min_v,1.607942980539935,1.4580000000000002,,PASS,False
slow_nominal_a2_to_3_p1500ps,recovery,DEC0,end_level_v,2.070640520157634e-09,-0.16200000000000003,0.16200000000000003,PASS,False
slow_nominal_a2_to_3_p1500ps,recovery,DEC0,settled_max_v,5.899047019048559e-06,,0.16200000000000003,PASS,False
slow_nominal_a2_to_3_p1500ps,recovery,DEC1,end_level_v,2.0840147580465417e-09,-0.16200000000000003,0.16200000000000003,PASS,False
slow_nominal_a2_to_3_p1500ps,recovery,DEC1,settled_max_v,5.978244325499952e-06,,0.16200000000000003,PASS,False
slow_nominal_a2_to_3_p1500ps,recovery,DEC2,end_level_v,1.9995871536823958e-06,-0.16200000000000003,0.16200000000000003,PASS,False
slow_nominal_a2_to_3_p1500ps,recovery,DEC2,settled_max_v,5.723921653153635e-05,,0.16200000000000003,PASS,False
slow_nominal_a2_to_3_p1500ps,recovery,DEC3,end_level_v,-4.436745009751825e-06,-0.16200000000000003,0.16200000000000003,PASS,False
slow_nominal_a2_to_3_p1500ps,recovery,DEC3,settled_max_v,3.841052254420496e-06,,0.16200000000000003,PASS,False
slow_nominal_a2_to_3_p1500ps,recovery,WL0,end_level_v,2.3819573447335486e-09,-0.16200000000000003,0.16200000000000003,PASS,False
slow_nominal_a2_to_3_p1500ps,recovery,WL0,settled_max_v,1.461867959884091e-08,,0.16200000000000003,PASS,False
slow_nominal_a2_to_3_p1500ps,recovery,WL1,end_level_v,2.3819806930988316e-09,-0.16200000000000003,0.16200000000000003,PASS,False
slow_nominal_a2_to_3_p1500ps,recovery,WL1,settled_max_v,1.4963742501768704e-08,,0.16200000000000003,PASS,False
slow_nominal_a2_to_3_p1500ps,recovery,WL2,end_level_v,2.7592292306033165e-09,-0.16200000000000003,0.16200000000000003,PASS,False
slow_nominal_a2_to_3_p1500ps,recovery,WL2,settled_max_v,9.846186560991007e-07,,0.16200000000000003,PASS,False
slow_nominal_a2_to_3_p1500ps,recovery,WL3,end_level_v,2.91634739359903e-09,-0.16200000000000003,0.16200000000000003,PASS,False
slow_nominal_a2_to_3_p1500ps,recovery,WL3,settled_max_v,2.1888927796482492e-08,,0.16200000000000003,PASS,False
slow_nominal_a2_to_3_p1500ps,recovery,N0,end_level_v,1.6199996716205092,1.4580000000000002,1.7820000000000003,PASS,False
slow_nominal_a2_to_3_p1500ps,recovery,N1,end_level_v,1.6199996687510487,1.4580000000000002,1.7820000000000003,PASS,False
slow_nominal_a2_to_3_p1500ps,recovery,N2,end_level_v,1.6187213626957189,1.4580000000000002,1.7820000000000003,PASS,False
slow_nominal_a2_to_3_p1500ps,recovery,N3,end_level_v,1.6191639817435317,1.4580000000000002,1.7820000000000003,PASS,False
slow_nominal_a2_to_3_p1500ps,final_precharge,DEC0,settled_max_v,1.5251236887493766e-09,,0.16200000000000003,PASS,False
slow_nominal_a2_to_3_p1500ps,final_precharge,DEC0,settled_min_v,8.844123558504613e-10,-0.16200000000000003,,PASS,False
slow_nominal_a2_to_3_p1500ps,final_precharge,DEC1,settled_max_v,1.5342014845916536e-09,,0.16200000000000003,PASS,False
slow_nominal_a2_to_3_p1500ps,final_precharge,DEC1,settled_min_v,8.844243859878841e-10,-0.16200000000000003,,PASS,False
slow_nominal_a2_to_3_p1500ps,final_precharge,DEC2,settled_max_v,2.7649413445250337e-08,,0.16200000000000003,PASS,False
slow_nominal_a2_to_3_p1500ps,final_precharge,DEC2,settled_min_v,5.712383014527811e-09,-0.16200000000000003,,PASS,False
slow_nominal_a2_to_3_p1500ps,final_precharge,DEC3,settled_max_v,1.658987520062123e-05,,0.16200000000000003,PASS,False
slow_nominal_a2_to_3_p1500ps,final_precharge,DEC3,settled_min_v,1.526977081202363e-07,-0.16200000000000003,,PASS,False
slow_nominal_a2_to_3_p1500ps,final_precharge,WL0,settled_max_v,2.3805167683102675e-09,,0.16200000000000003,PASS,False
slow_nominal_a2_to_3_p1500ps,final_precharge,WL0,settled_min_v,2.380327020788935e-09,-0.16200000000000003,,PASS,False
slow_nominal_a2_to_3_p1500ps,final_precharge,WL1,settled_max_v,2.3805198436322333e-09,,0.16200000000000003,PASS,False
slow_nominal_a2_to_3_p1500ps,final_precharge,WL1,settled_min_v,2.380326837815803e-09,-0.16200000000000003,,PASS,False
slow_nominal_a2_to_3_p1500ps,final_precharge,WL2,settled_max_v,2.388807840370891e-09,,0.16200000000000003,PASS,False
slow_nominal_a2_to_3_p1500ps,final_precharge,WL2,settled_min_v,2.380328860440902e-09,-0.16200000000000003,,PASS,False
slow_nominal_a2_to_3_p1500ps,final_precharge,WL3,settled_max_v,1.0210972240968e-06,,0.16200000000000003,PASS,False
slow_nominal_a2_to_3_p1500ps,final_precharge,WL3,settled_min_v,2.3805633173415302e-09,-0.16200000000000003,,PASS,False
slow_nominal_a2_to_3_p1500ps,final_precharge,N0,end_level_v,1.6199999769486302,1.4580000000000002,1.7820000000000003,PASS,False
slow_nominal_a2_to_3_p1500ps,final_precharge,N1,end_level_v,1.619999976911674,1.4580000000000002,1.7820000000000003,PASS,False
slow_nominal_a2_to_3_p1500ps,final_precharge,N2,end_level_v,1.6199450273669982,1.4580000000000002,1.7820000000000003,PASS,False
slow_nominal_a2_to_3_p1500ps,final_precharge,N3,end_level_v,1.6192040166254338,1.4580000000000002,1.7820000000000003,PASS,False
slow_nominal_a3_to_0_p1500ps,prime,DEC0,upper_excursion_v,0.002326243202415689,,1.7820000000000003,PASS,False
slow_nominal_a3_to_0_p1500ps,prime,DEC0,lower_excursion_v,-7.788344201383607e-05,-0.16200000000000003,,PASS,False
slow_nominal_a3_to_0_p1500ps,prime,DEC0,end_level_v,6.696068491351959e-10,-0.16200000000000003,0.16200000000000003,PASS,False
slow_nominal_a3_to_0_p1500ps,prime,DEC0,unselected_max_v,0.002326243202415689,,0.16200000000000003,PASS,False
slow_nominal_a3_to_0_p1500ps,prime,DEC1,upper_excursion_v,0.002326241491283802,,1.7820000000000003,PASS,False
slow_nominal_a3_to_0_p1500ps,prime,DEC1,lower_excursion_v,-7.838955051001542e-05,-0.16200000000000003,,PASS,False
slow_nominal_a3_to_0_p1500ps,prime,DEC1,end_level_v,6.696071185024074e-10,-0.16200000000000003,0.16200000000000003,PASS,False
slow_nominal_a3_to_0_p1500ps,prime,DEC1,unselected_max_v,0.002326241491283802,,0.16200000000000003,PASS,False
slow_nominal_a3_to_0_p1500ps,prime,DEC2,upper_excursion_v,0.0023246852194125046,,1.7820000000000003,PASS,False
slow_nominal_a3_to_0_p1500ps,prime,DEC2,lower_excursion_v,-0.0001884116567741033,-0.16200000000000003,,PASS,False
slow_nominal_a3_to_0_p1500ps,prime,DEC2,end_level_v,-6.118138664197582e-07,-0.16200000000000003,0.16200000000000003,PASS,False
slow_nominal_a3_to_0_p1500ps,prime,DEC2,unselected_max_v,0.0023246852194125046,,0.16200000000000003,PASS,False
slow_nominal_a3_to_0_p1500ps,prime,DEC3,upper_excursion_v,1.6200064298279162,,1.7820000000000003,PASS,False
slow_nominal_a3_to_0_p1500ps,prime,DEC3,lower_excursion_v,-0.1349203669949563,-0.16200000000000003,,PASS,False
slow_nominal_a3_to_0_p1500ps,prime,DEC3,end_level_v,1.6199999960033582,1.4580000000000002,1.7820000000000003,PASS,False
slow_nominal_a3_to_0_p1500ps,prime,DEC3,settled_min_v,1.6199984319512464,1.4580000000000002,,PASS,False
slow_nominal_a3_to_0_p1500ps,prime,WL0,upper_excursion_v,5.974518882005604e-06,,1.7820000000000003,PASS,False
slow_nominal_a3_to_0_p1500ps,prime,WL0,lower_excursion_v,-5.5560444289870725e-06,-0.16200000000000003,,PASS,False
slow_nominal_a3_to_0_p1500ps,prime,WL0,end_level_v,2.3803273007387804e-09,-0.16200000000000003,0.16200000000000003,PASS,False
slow_nominal_a3_to_0_p1500ps,prime,WL0,unselected_max_v,5.974518882005604e-06,,0.16200000000000003,PASS,False
slow_nominal_a3_to_0_p1500ps,prime,WL1,upper_excursion_v,5.974526419678331e-06,,1.7820000000000003,PASS,False
slow_nominal_a3_to_0_p1500ps,prime,WL1,lower_excursion_v,-5.564606705239664e-06,-0.16200000000000003,,PASS,False
slow_nominal_a3_to_0_p1500ps,prime,WL1,end_level_v,2.380327169443586e-09,-0.16200000000000003,0.16200000000000003,PASS,False
slow_nominal_a3_to_0_p1500ps,prime,WL1,unselected_max_v,5.974526419678331e-06,,0.16200000000000003,PASS,False
slow_nominal_a3_to_0_p1500ps,prime,WL2,upper_excursion_v,5.962573321432844e-06,,1.7820000000000003,PASS,False
slow_nominal_a3_to_0_p1500ps,prime,WL2,lower_excursion_v,-5.8331617225509985e-06,-0.16200000000000003,,PASS,False
slow_nominal_a3_to_0_p1500ps,prime,WL2,end_level_v,2.3802549751178673e-09,-0.16200000000000003,0.16200000000000003,PASS,False
slow_nominal_a3_to_0_p1500ps,prime,WL2,unselected_max_v,5.962573321432844e-06,,0.16200000000000003,PASS,False
slow_nominal_a3_to_0_p1500ps,prime,WL3,upper_excursion_v,1.6199999895090338,,1.7820000000000003,PASS,False
slow_nominal_a3_to_0_p1500ps,prime,WL3,lower_excursion_v,-0.035216560258685164,-0.16200000000000003,,PASS,False
slow_nominal_a3_to_0_p1500ps,prime,WL3,end_level_v,1.6199999895090338,1.4580000000000002,1.7820000000000003,PASS,False
slow_nominal_a3_to_0_p1500ps,prime,WL3,settled_min_v,1.6078298360303391,1.4580000000000002,,PASS,False
slow_nominal_a3_to_0_p1500ps,test,DEC0,upper_excursion_v,1.6199999963059444,,1.7820000000000003,PASS,False
slow_nominal_a3_to_0_p1500ps,test,DEC0,lower_excursion_v,-0.12609567665091773,-0.16200000000000003,,PASS,False
slow_nominal_a3_to_0_p1500ps,test,DEC0,end_level_v,1.6199999960967748,1.4580000000000002,1.7820000000000003,PASS,False
slow_nominal_a3_to_0_p1500ps,test,DEC0,settled_min_v,1.6199982271251814,1.4580000000000002,,PASS,False
slow_nominal_a3_to_0_p1500ps,test,DEC1,upper_excursion_v,0.00232190623899156,,1.7820000000000003,PASS,False
slow_nominal_a3_to_0_p1500ps,test,DEC1,lower_excursion_v,-0.0001955801559730061,-0.16200000000000003,,PASS,False
slow_nominal_a3_to_0_p1500ps,test,DEC1,end_level_v,-1.6924209587342032e-06,-0.16200000000000003,0.16200000000000003,PASS,False
slow_nominal_a3_to_0_p1500ps,test,DEC1,unselected_max_v,0.00232190623899156,,0.16200000000000003,PASS,False
slow_nominal_a3_to_0_p1500ps,test,DEC2,upper_excursion_v,0.0023245588433247217,,1.7820000000000003,PASS,False
slow_nominal_a3_to_0_p1500ps,test,DEC2,lower_excursion_v,-3.059940916965623e-05,-0.16200000000000003,,PASS,False
slow_nominal_a3_to_0_p1500ps,test,DEC2,end_level_v,6.69750962032199e-10,-0.16200000000000003,0.16200000000000003,PASS,False
slow_nominal_a3_to_0_p1500ps,test,DEC2,unselected_max_v,0.0023245588433247217,,0.16200000000000003,PASS,False
slow_nominal_a3_to_0_p1500ps,test,DEC3,upper_excursion_v,0.002324552832041331,,1.7820000000000003,PASS,False
slow_nominal_a3_to_0_p1500ps,test,DEC3,lower_excursion_v,-2.915465393047887e-05,-0.16200000000000003,,PASS,False
slow_nominal_a3_to_0_p1500ps,test,DEC3,end_level_v,6.69754427253732e-10,-0.16200000000000003,0.16200000000000003,PASS,False
slow_nominal_a3_to_0_p1500ps,test,DEC3,unselected_max_v,0.002324552832041331,,0.16200000000000003,PASS,False
slow_nominal_a3_to_0_p1500ps,test,WL0,upper_excursion_v,1.619999989487192,,1.7820000000000003,PASS,False
slow_nominal_a3_to_0_p1500ps,test,WL0,lower_excursion_v,-0.03519104716039012,-0.16200000000000003,,PASS,False
slow_nominal_a3_to_0_p1500ps,test,WL0,end_level_v,1.619999989487192,1.4580000000000002,1.7820000000000003,PASS,False
slow_nominal_a3_to_0_p1500ps,test,WL0,settled_min_v,1.6073013560430223,1.4580000000000002,,PASS,False
slow_nominal_a3_to_0_p1500ps,test,WL1,upper_excursion_v,5.954517929916721e-06,,1.7820000000000003,PASS,False
slow_nominal_a3_to_0_p1500ps,test,WL1,lower_excursion_v,-5.861129230781098e-06,-0.16200000000000003,,PASS,False
slow_nominal_a3_to_0_p1500ps,test,WL1,end_level_v,2.37898760037087e-09,-0.16200000000000003,0.16200000000000003,PASS,False
slow_nominal_a3_to_0_p1500ps,test,WL1,unselected_max_v,5.954517929916721e-06,,0.16200000000000003,PASS,False
slow_nominal_a3_to_0_p1500ps,test,WL2,upper_excursion_v,5.970406083001555e-06,,1.7820000000000003,PASS,False
slow_nominal_a3_to_0_p1500ps,test,WL2,lower_excursion_v,-5.537813146963855e-06,-0.16200000000000003,,PASS,False
slow_nominal_a3_to_0_p1500ps,test,WL2,end_level_v,2.3803273480567135e-09,-0.16200000000000003,0.16200000000000003,PASS,False
slow_nominal_a3_to_0_p1500ps,test,WL2,unselected_max_v,5.970406083001555e-06,,0.16200000000000003,PASS,False
slow_nominal_a3_to_0_p1500ps,test,WL3,upper_excursion_v,5.9703827980970845e-06,,1.7820000000000003,PASS,False
slow_nominal_a3_to_0_p1500ps,test,WL3,lower_excursion_v,-5.528966444846802e-06,-0.16200000000000003,,PASS,False
slow_nominal_a3_to_0_p1500ps,test,WL3,end_level_v,2.3803270906382996e-09,-0.16200000000000003,0.16200000000000003,PASS,False
slow_nominal_a3_to_0_p1500ps,test,WL3,unselected_max_v,5.9703827980970845e-06,,0.16200000000000003,PASS,False
slow_nominal_a3_to_0_p1500ps,recovery,DEC0,end_level_v,5.738566510000379e-06,-0.16200000000000003,0.16200000000000003,PASS,False
slow_nominal_a3_to_0_p1500ps,recovery,DEC0,settled_max_v,0.00015299382460306002,,0.16200000000000003,PASS,False
slow_nominal_a3_to_0_p1500ps,recovery,DEC1,end_level_v,9.545190984040408e-07,-0.16200000000000003,0.16200000000000003,PASS,False
slow_nominal_a3_to_0_p1500ps,recovery,DEC1,settled_max_v,0.00015285998539590678,,0.16200000000000003,PASS,False
slow_nominal_a3_to_0_p1500ps,recovery,DEC2,end_level_v,6.030900774105796e-08,-0.16200000000000003,0.16200000000000003,PASS,False
slow_nominal_a3_to_0_p1500ps,recovery,DEC2,settled_max_v,0.00035497879768694757,,0.16200000000000003,PASS,False
slow_nominal_a3_to_0_p1500ps,recovery,DEC3,end_level_v,6.15808601847692e-08,-0.16200000000000003,0.16200000000000003,PASS,False
slow_nominal_a3_to_0_p1500ps,recovery,DEC3,settled_max_v,0.0003644984233659508,,0.16200000000000003,PASS,False
slow_nominal_a3_to_0_p1500ps,recovery,WL0,end_level_v,3.424245850805441e-09,-0.16200000000000003,0.16200000000000003,PASS,False
slow_nominal_a3_to_0_p1500ps,recovery,WL0,settled_max_v,3.6290511156106315e-07,,0.16200000000000003,PASS,False
slow_nominal_a3_to_0_p1500ps,recovery,WL1,end_level_v,8.271781892403413e-10,-0.16200000000000003,0.16200000000000003,PASS,False
slow_nominal_a3_to_0_p1500ps,recovery,WL1,settled_max_v,3.6257136191674843e-07,,0.16200000000000003,PASS,False
slow_nominal_a3_to_0_p1500ps,recovery,WL2,end_level_v,2.5696350737616535e-09,-0.16200000000000003,0.16200000000000003,PASS,False
slow_nominal_a3_to_0_p1500ps,recovery,WL2,settled_max_v,2.010845589200533e-06,,0.16200000000000003,PASS,False
slow_nominal_a3_to_0_p1500ps,recovery,WL3,end_level_v,2.5741731692687073e-09,-0.16200000000000003,0.16200000000000003,PASS,False
slow_nominal_a3_to_0_p1500ps,recovery,WL3,settled_max_v,1.9832621621926084e-06,,0.16200000000000003,PASS,False
slow_nominal_a3_to_0_p1500ps,recovery,N0,end_level_v,1.6170475014124484,1.4580000000000002,1.7820000000000003,PASS,False
slow_nominal_a3_to_0_p1500ps,recovery,N1,end_level_v,1.6185749284521764,1.4580000000000002,1.7820000000000003,PASS,False
slow_nominal_a3_to_0_p1500ps,recovery,N2,end_level_v,1.619994629573826,1.4580000000000002,1.7820000000000003,PASS,False
slow_nominal_a3_to_0_p1500ps,recovery,N3,end_level_v,1.6199945192137697,1.4580000000000002,1.7820000000000003,PASS,False
slow_nominal_a3_to_0_p1500ps,final_precharge,DEC0,settled_max_v,1.492748586445531e-05,,0.16200000000000003,PASS,False
slow_nominal_a3_to_0_p1500ps,final_precharge,DEC0,settled_min_v,1.461255175888576e-07,-0.16200000000000003,,PASS,False
slow_nominal_a3_to_0_p1500ps,final_precharge,DEC1,settled_max_v,1.9181485793878452e-07,,0.16200000000000003,PASS,False
slow_nominal_a3_to_0_p1500ps,final_precharge,DEC1,settled_min_v,5.461404255918678e-09,-0.16200000000000003,,PASS,False
slow_nominal_a3_to_0_p1500ps,final_precharge,DEC2,settled_max_v,8.887621775789345e-10,,0.16200000000000003,PASS,False
slow_nominal_a3_to_0_p1500ps,final_precharge,DEC2,settled_min_v,2.790324925099899e-10,-0.16200000000000003,,PASS,False
slow_nominal_a3_to_0_p1500ps,final_precharge,DEC3,settled_max_v,8.882082222851039e-10,,0.16200000000000003,PASS,False
slow_nominal_a3_to_0_p1500ps,final_precharge,DEC3,settled_min_v,2.7241461569435694e-10,-0.16200000000000003,,PASS,False
slow_nominal_a3_to_0_p1500ps,final_precharge,WL0,settled_max_v,1.1183957323562362e-06,,0.16200000000000003,PASS,False
slow_nominal_a3_to_0_p1500ps,final_precharge,WL0,settled_min_v,2.380545387111799e-09,-0.16200000000000003,,PASS,False
slow_nominal_a3_to_0_p1500ps,final_precharge,WL1,settled_max_v,2.4215114782695553e-09,,0.16200000000000003,PASS,False
slow_nominal_a3_to_0_p1500ps,final_precharge,WL1,settled_min_v,2.380328840874645e-09,-0.16200000000000003,,PASS,False
slow_nominal_a3_to_0_p1500ps,final_precharge,WL2,settled_max_v,2.3804835349355913e-09,,0.16200000000000003,PASS,False
slow_nominal_a3_to_0_p1500ps,final_precharge,WL2,settled_min_v,2.3802639157439443e-09,-0.16200000000000003,,PASS,False
slow_nominal_a3_to_0_p1500ps,final_precharge,WL3,settled_max_v,2.3804801004961025e-09,,0.16200000000000003,PASS,False
slow_nominal_a3_to_0_p1500ps,final_precharge,WL3,settled_min_v,2.3802640179433957e-09,-0.16200000000000003,,PASS,False
slow_nominal_a3_to_0_p1500ps,final_precharge,N0,end_level_v,1.6192238232108256,1.4580000000000002,1.7820000000000003,PASS,False
slow_nominal_a3_to_0_p1500ps,final_precharge,N1,end_level_v,1.6199466472293944,1.4580000000000002,1.7820000000000003,PASS,False
slow_nominal_a3_to_0_p1500ps,final_precharge,N2,end_level_v,1.6199999803945038,1.4580000000000002,1.7820000000000003,PASS,False
slow_nominal_a3_to_0_p1500ps,final_precharge,N3,end_level_v,1.6199999804297587,1.4580000000000002,1.7820000000000003,PASS,False
slow_nominal_a3_to_1_p1500ps,prime,DEC0,upper_excursion_v,0.002326243202415689,,1.7820000000000003,PASS,False
slow_nominal_a3_to_1_p1500ps,prime,DEC0,lower_excursion_v,-7.788344201383607e-05,-0.16200000000000003,,PASS,False
slow_nominal_a3_to_1_p1500ps,prime,DEC0,end_level_v,6.696068491351959e-10,-0.16200000000000003,0.16200000000000003,PASS,False
slow_nominal_a3_to_1_p1500ps,prime,DEC0,unselected_max_v,0.002326243202415689,,0.16200000000000003,PASS,False
slow_nominal_a3_to_1_p1500ps,prime,DEC1,upper_excursion_v,0.002326241491283802,,1.7820000000000003,PASS,False
slow_nominal_a3_to_1_p1500ps,prime,DEC1,lower_excursion_v,-7.838955051001542e-05,-0.16200000000000003,,PASS,False
slow_nominal_a3_to_1_p1500ps,prime,DEC1,end_level_v,6.696071185024074e-10,-0.16200000000000003,0.16200000000000003,PASS,False
slow_nominal_a3_to_1_p1500ps,prime,DEC1,unselected_max_v,0.002326241491283802,,0.16200000000000003,PASS,False
slow_nominal_a3_to_1_p1500ps,prime,DEC2,upper_excursion_v,0.0023246852194125046,,1.7820000000000003,PASS,False
slow_nominal_a3_to_1_p1500ps,prime,DEC2,lower_excursion_v,-0.0001884116567741033,-0.16200000000000003,,PASS,False
slow_nominal_a3_to_1_p1500ps,prime,DEC2,end_level_v,-6.118138664197582e-07,-0.16200000000000003,0.16200000000000003,PASS,False
slow_nominal_a3_to_1_p1500ps,prime,DEC2,unselected_max_v,0.0023246852194125046,,0.16200000000000003,PASS,False
slow_nominal_a3_to_1_p1500ps,prime,DEC3,upper_excursion_v,1.6200064298279162,,1.7820000000000003,PASS,False
slow_nominal_a3_to_1_p1500ps,prime,DEC3,lower_excursion_v,-0.1349203669949563,-0.16200000000000003,,PASS,False
slow_nominal_a3_to_1_p1500ps,prime,DEC3,end_level_v,1.6199999960033582,1.4580000000000002,1.7820000000000003,PASS,False
slow_nominal_a3_to_1_p1500ps,prime,DEC3,settled_min_v,1.6199984319512464,1.4580000000000002,,PASS,False
slow_nominal_a3_to_1_p1500ps,prime,WL0,upper_excursion_v,5.974518882005604e-06,,1.7820000000000003,PASS,False
slow_nominal_a3_to_1_p1500ps,prime,WL0,lower_excursion_v,-5.5560444289870725e-06,-0.16200000000000003,,PASS,False
slow_nominal_a3_to_1_p1500ps,prime,WL0,end_level_v,2.3803273007387804e-09,-0.16200000000000003,0.16200000000000003,PASS,False
slow_nominal_a3_to_1_p1500ps,prime,WL0,unselected_max_v,5.974518882005604e-06,,0.16200000000000003,PASS,False
slow_nominal_a3_to_1_p1500ps,prime,WL1,upper_excursion_v,5.974526419678331e-06,,1.7820000000000003,PASS,False
slow_nominal_a3_to_1_p1500ps,prime,WL1,lower_excursion_v,-5.564606705239664e-06,-0.16200000000000003,,PASS,False
slow_nominal_a3_to_1_p1500ps,prime,WL1,end_level_v,2.380327169443586e-09,-0.16200000000000003,0.16200000000000003,PASS,False
slow_nominal_a3_to_1_p1500ps,prime,WL1,unselected_max_v,5.974526419678331e-06,,0.16200000000000003,PASS,False
slow_nominal_a3_to_1_p1500ps,prime,WL2,upper_excursion_v,5.962573321432844e-06,,1.7820000000000003,PASS,False
slow_nominal_a3_to_1_p1500ps,prime,WL2,lower_excursion_v,-5.8331617225509985e-06,-0.16200000000000003,,PASS,False
slow_nominal_a3_to_1_p1500ps,prime,WL2,end_level_v,2.3802549751178673e-09,-0.16200000000000003,0.16200000000000003,PASS,False
slow_nominal_a3_to_1_p1500ps,prime,WL2,unselected_max_v,5.962573321432844e-06,,0.16200000000000003,PASS,False
slow_nominal_a3_to_1_p1500ps,prime,WL3,upper_excursion_v,1.6199999895090338,,1.7820000000000003,PASS,False
slow_nominal_a3_to_1_p1500ps,prime,WL3,lower_excursion_v,-0.035216560258685164,-0.16200000000000003,,PASS,False
slow_nominal_a3_to_1_p1500ps,prime,WL3,end_level_v,1.6199999895090338,1.4580000000000002,1.7820000000000003,PASS,False
slow_nominal_a3_to_1_p1500ps,prime,WL3,settled_min_v,1.6078298360303391,1.4580000000000002,,PASS,False
slow_nominal_a3_to_1_p1500ps,test,DEC0,upper_excursion_v,0.002307909031949647,,1.7820000000000003,PASS,False
slow_nominal_a3_to_1_p1500ps,test,DEC0,lower_excursion_v,-0.0002397555243570451,-0.16200000000000003,,PASS,False
slow_nominal_a3_to_1_p1500ps,test,DEC0,end_level_v,-1.802796889514846e-06,-0.16200000000000003,0.16200000000000003,PASS,False
slow_nominal_a3_to_1_p1500ps,test,DEC0,unselected_max_v,0.002307909031949647,,0.16200000000000003,PASS,False
slow_nominal_a3_to_1_p1500ps,test,DEC1,upper_excursion_v,1.620002639365126,,1.7820000000000003,PASS,False
slow_nominal_a3_to_1_p1500ps,test,DEC1,lower_excursion_v,-0.13075494238935742,-0.16200000000000003,,PASS,False
slow_nominal_a3_to_1_p1500ps,test,DEC1,end_level_v,1.6199999961163354,1.4580000000000002,1.7820000000000003,PASS,False
slow_nominal_a3_to_1_p1500ps,test,DEC1,settled_min_v,1.619998348362541,1.4580000000000002,,PASS,False
slow_nominal_a3_to_1_p1500ps,test,DEC2,upper_excursion_v,0.0023171837337630004,,1.7820000000000003,PASS,False
slow_nominal_a3_to_1_p1500ps,test,DEC2,lower_excursion_v,-2.9073225930102695e-05,-0.16200000000000003,,PASS,False
slow_nominal_a3_to_1_p1500ps,test,DEC2,end_level_v,6.697845240403629e-10,-0.16200000000000003,0.16200000000000003,PASS,False
slow_nominal_a3_to_1_p1500ps,test,DEC2,unselected_max_v,0.0023171837337630004,,0.16200000000000003,PASS,False
slow_nominal_a3_to_1_p1500ps,test,DEC3,upper_excursion_v,0.0023171862445134717,,1.7820000000000003,PASS,False
slow_nominal_a3_to_1_p1500ps,test,DEC3,lower_excursion_v,-2.992226624194589e-05,-0.16200000000000003,,PASS,False
slow_nominal_a3_to_1_p1500ps,test,DEC3,end_level_v,6.69781395110993e-10,-0.16200000000000003,0.16200000000000003,PASS,False
slow_nominal_a3_to_1_p1500ps,test,DEC3,unselected_max_v,0.0023171862445134717,,0.16200000000000003,PASS,False
slow_nominal_a3_to_1_p1500ps,test,WL0,upper_excursion_v,5.891383619971857e-06,,1.7820000000000003,PASS,False
slow_nominal_a3_to_1_p1500ps,test,WL0,lower_excursion_v,-5.746561620589999e-06,-0.16200000000000003,,PASS,False
slow_nominal_a3_to_1_p1500ps,test,WL0,end_level_v,2.3787350245279926e-09,-0.16200000000000003,0.16200000000000003,PASS,False
slow_nominal_a3_to_1_p1500ps,test,WL0,unselected_max_v,5.891383619971857e-06,,0.16200000000000003,PASS,False
slow_nominal_a3_to_1_p1500ps,test,WL1,upper_excursion_v,1.6199999894875547,,1.7820000000000003,PASS,False
slow_nominal_a3_to_1_p1500ps,test,WL1,lower_excursion_v,-0.0352075685009813,-0.16200000000000003,,PASS,False
slow_nominal_a3_to_1_p1500ps,test,WL1,end_level_v,1.6199999894875547,1.4580000000000002,1.7820000000000003,PASS,False
slow_nominal_a3_to_1_p1500ps,test,WL1,settled_min_v,1.607512199577646,1.4580000000000002,,PASS,False
slow_nominal_a3_to_1_p1500ps,test,WL2,upper_excursion_v,5.947599786439347e-06,,1.7820000000000003,PASS,False
slow_nominal_a3_to_1_p1500ps,test,WL2,lower_excursion_v,-5.491993193457189e-06,-0.16200000000000003,,PASS,False
slow_nominal_a3_to_1_p1500ps,test,WL2,end_level_v,2.3803270872985107e-09,-0.16200000000000003,0.16200000000000003,PASS,False
slow_nominal_a3_to_1_p1500ps,test,WL2,unselected_max_v,5.947599786439347e-06,,0.16200000000000003,PASS,False
slow_nominal_a3_to_1_p1500ps,test,WL3,upper_excursion_v,5.94761381074198e-06,,1.7820000000000003,PASS,False
slow_nominal_a3_to_1_p1500ps,test,WL3,lower_excursion_v,-5.50023212430345e-06,-0.16200000000000003,,PASS,False
slow_nominal_a3_to_1_p1500ps,test,WL3,end_level_v,2.38032701338188e-09,-0.16200000000000003,0.16200000000000003,PASS,False
slow_nominal_a3_to_1_p1500ps,test,WL3,unselected_max_v,5.94761381074198e-06,,0.16200000000000003,PASS,False
slow_nominal_a3_to_1_p1500ps,recovery,DEC0,end_level_v,9.269941730963475e-06,-0.16200000000000003,0.16200000000000003,PASS,False
slow_nominal_a3_to_1_p1500ps,recovery,DEC0,settled_max_v,0.00015199761728514755,,0.16200000000000003,PASS,False
slow_nominal_a3_to_1_p1500ps,recovery,DEC1,end_level_v,-7.428660349258472e-07,-0.16200000000000003,0.16200000000000003,PASS,False
slow_nominal_a3_to_1_p1500ps,recovery,DEC1,settled_max_v,0.0001518317636244368,,0.16200000000000003,PASS,False
slow_nominal_a3_to_1_p1500ps,recovery,DEC2,end_level_v,6.113533100203933e-08,-0.16200000000000003,0.16200000000000003,PASS,False
slow_nominal_a3_to_1_p1500ps,recovery,DEC2,settled_max_v,0.00036070952632970667,,0.16200000000000003,PASS,False
slow_nominal_a3_to_1_p1500ps,recovery,DEC3,end_level_v,6.233996787433792e-08,-0.16200000000000003,0.16200000000000003,PASS,False
slow_nominal_a3_to_1_p1500ps,recovery,DEC3,settled_max_v,0.00036941402531489784,,0.16200000000000003,PASS,False
slow_nominal_a3_to_1_p1500ps,recovery,WL0,end_level_v,5.068156061774169e-09,-0.16200000000000003,0.16200000000000003,PASS,False
slow_nominal_a3_to_1_p1500ps,recovery,WL0,settled_max_v,4.938135958909652e-07,,0.16200000000000003,PASS,False
slow_nominal_a3_to_1_p1500ps,recovery,WL1,end_level_v,1.7032031523286754e-09,-0.16200000000000003,0.16200000000000003,PASS,False
slow_nominal_a3_to_1_p1500ps,recovery,WL1,settled_max_v,3.603027065830193e-07,,0.16200000000000003,PASS,False
slow_nominal_a3_to_1_p1500ps,recovery,WL2,end_level_v,2.5740904133435994e-09,-0.16200000000000003,0.16200000000000003,PASS,False
slow_nominal_a3_to_1_p1500ps,recovery,WL2,settled_max_v,2.0776552157174304e-06,,0.16200000000000003,PASS,False
slow_nominal_a3_to_1_p1500ps,recovery,WL3,end_level_v,2.5783141681415362e-09,-0.16200000000000003,0.16200000000000003,PASS,False
slow_nominal_a3_to_1_p1500ps,recovery,WL3,settled_max_v,2.0528872219429344e-06,,0.16200000000000003,PASS,False
slow_nominal_a3_to_1_p1500ps,recovery,N0,end_level_v,1.616832149001508,1.4580000000000002,1.7820000000000003,PASS,False
slow_nominal_a3_to_1_p1500ps,recovery,N1,end_level_v,1.6201128948382841,1.4580000000000002,1.7820000000000003,PASS,False
slow_nominal_a3_to_1_p1500ps,recovery,N2,end_level_v,1.619994564031483,1.4580000000000002,1.7820000000000003,PASS,False
slow_nominal_a3_to_1_p1500ps,recovery,N3,end_level_v,1.619994459092812,1.4580000000000002,1.7820000000000003,PASS,False
slow_nominal_a3_to_1_p1500ps,final_precharge,DEC0,settled_max_v,1.918886269895056e-07,,0.16200000000000003,PASS,False
slow_nominal_a3_to_1_p1500ps,final_precharge,DEC0,settled_min_v,5.724476129231881e-09,-0.16200000000000003,,PASS,False
slow_nominal_a3_to_1_p1500ps,final_precharge,DEC1,settled_max_v,1.4519186017125605e-05,,0.16200000000000003,PASS,False
slow_nominal_a3_to_1_p1500ps,final_precharge,DEC1,settled_min_v,1.4894969621939702e-07,-0.16200000000000003,,PASS,False
slow_nominal_a3_to_1_p1500ps,final_precharge,DEC2,settled_max_v,8.895940540079586e-10,,0.16200000000000003,PASS,False
slow_nominal_a3_to_1_p1500ps,final_precharge,DEC2,settled_min_v,2.8221396987116197e-10,-0.16200000000000003,,PASS,False
slow_nominal_a3_to_1_p1500ps,final_precharge,DEC3,settled_max_v,8.902993208944246e-10,,0.16200000000000003,PASS,False
slow_nominal_a3_to_1_p1500ps,final_precharge,DEC3,settled_min_v,2.9036029769594063e-10,-0.16200000000000003,,PASS,False
slow_nominal_a3_to_1_p1500ps,final_precharge,WL0,settled_max_v,2.425553542755844e-09,,0.16200000000000003,PASS,False
slow_nominal_a3_to_1_p1500ps,final_precharge,WL0,settled_min_v,2.3803288942596104e-09,-0.16200000000000003,,PASS,False
slow_nominal_a3_to_1_p1500ps,final_precharge,WL1,settled_max_v,1.140494976165366e-06,,0.16200000000000003,PASS,False
slow_nominal_a3_to_1_p1500ps,final_precharge,WL1,settled_min_v,2.3805522999029146e-09,-0.16200000000000003,,PASS,False
slow_nominal_a3_to_1_p1500ps,final_precharge,WL2,settled_max_v,2.380466834087346e-09,,0.16200000000000003,PASS,False
slow_nominal_a3_to_1_p1500ps,final_precharge,WL2,settled_min_v,2.3802575612491896e-09,-0.16200000000000003,,PASS,False
slow_nominal_a3_to_1_p1500ps,final_precharge,WL3,settled_max_v,2.380469991736747e-09,,0.16200000000000003,PASS,False
slow_nominal_a3_to_1_p1500ps,final_precharge,WL3,settled_min_v,2.3802576271854466e-09,-0.16200000000000003,,PASS,False
slow_nominal_a3_to_1_p1500ps,final_precharge,N0,end_level_v,1.6199450840136504,1.4580000000000002,1.7820000000000003,PASS,False
slow_nominal_a3_to_1_p1500ps,final_precharge,N1,end_level_v,1.6192147719368577,1.4580000000000002,1.7820000000000003,PASS,False
slow_nominal_a3_to_1_p1500ps,final_precharge,N2,end_level_v,1.6199999804165703,1.4580000000000002,1.7820000000000003,PASS,False
slow_nominal_a3_to_1_p1500ps,final_precharge,N3,end_level_v,1.619999980380483,1.4580000000000002,1.7820000000000003,PASS,False
slow_nominal_a3_to_2_p1500ps,prime,DEC0,upper_excursion_v,0.002326243202415689,,1.7820000000000003,PASS,False
slow_nominal_a3_to_2_p1500ps,prime,DEC0,lower_excursion_v,-7.788344201383607e-05,-0.16200000000000003,,PASS,False
slow_nominal_a3_to_2_p1500ps,prime,DEC0,end_level_v,6.696068491351959e-10,-0.16200000000000003,0.16200000000000003,PASS,False
slow_nominal_a3_to_2_p1500ps,prime,DEC0,unselected_max_v,0.002326243202415689,,0.16200000000000003,PASS,False
slow_nominal_a3_to_2_p1500ps,prime,DEC1,upper_excursion_v,0.002326241491283802,,1.7820000000000003,PASS,False
slow_nominal_a3_to_2_p1500ps,prime,DEC1,lower_excursion_v,-7.838955051001542e-05,-0.16200000000000003,,PASS,False
slow_nominal_a3_to_2_p1500ps,prime,DEC1,end_level_v,6.696071185024074e-10,-0.16200000000000003,0.16200000000000003,PASS,False
slow_nominal_a3_to_2_p1500ps,prime,DEC1,unselected_max_v,0.002326241491283802,,0.16200000000000003,PASS,False
slow_nominal_a3_to_2_p1500ps,prime,DEC2,upper_excursion_v,0.0023246852194125046,,1.7820000000000003,PASS,False
slow_nominal_a3_to_2_p1500ps,prime,DEC2,lower_excursion_v,-0.0001884116567741033,-0.16200000000000003,,PASS,False
slow_nominal_a3_to_2_p1500ps,prime,DEC2,end_level_v,-6.118138664197582e-07,-0.16200000000000003,0.16200000000000003,PASS,False
slow_nominal_a3_to_2_p1500ps,prime,DEC2,unselected_max_v,0.0023246852194125046,,0.16200000000000003,PASS,False
slow_nominal_a3_to_2_p1500ps,prime,DEC3,upper_excursion_v,1.6200064298279162,,1.7820000000000003,PASS,False
slow_nominal_a3_to_2_p1500ps,prime,DEC3,lower_excursion_v,-0.1349203669949563,-0.16200000000000003,,PASS,False
slow_nominal_a3_to_2_p1500ps,prime,DEC3,end_level_v,1.6199999960033582,1.4580000000000002,1.7820000000000003,PASS,False
slow_nominal_a3_to_2_p1500ps,prime,DEC3,settled_min_v,1.6199984319512464,1.4580000000000002,,PASS,False
slow_nominal_a3_to_2_p1500ps,prime,WL0,upper_excursion_v,5.974518882005604e-06,,1.7820000000000003,PASS,False
slow_nominal_a3_to_2_p1500ps,prime,WL0,lower_excursion_v,-5.5560444289870725e-06,-0.16200000000000003,,PASS,False
slow_nominal_a3_to_2_p1500ps,prime,WL0,end_level_v,2.3803273007387804e-09,-0.16200000000000003,0.16200000000000003,PASS,False
slow_nominal_a3_to_2_p1500ps,prime,WL0,unselected_max_v,5.974518882005604e-06,,0.16200000000000003,PASS,False
slow_nominal_a3_to_2_p1500ps,prime,WL1,upper_excursion_v,5.974526419678331e-06,,1.7820000000000003,PASS,False
slow_nominal_a3_to_2_p1500ps,prime,WL1,lower_excursion_v,-5.564606705239664e-06,-0.16200000000000003,,PASS,False
slow_nominal_a3_to_2_p1500ps,prime,WL1,end_level_v,2.380327169443586e-09,-0.16200000000000003,0.16200000000000003,PASS,False
slow_nominal_a3_to_2_p1500ps,prime,WL1,unselected_max_v,5.974526419678331e-06,,0.16200000000000003,PASS,False
slow_nominal_a3_to_2_p1500ps,prime,WL2,upper_excursion_v,5.962573321432844e-06,,1.7820000000000003,PASS,False
slow_nominal_a3_to_2_p1500ps,prime,WL2,lower_excursion_v,-5.8331617225509985e-06,-0.16200000000000003,,PASS,False
slow_nominal_a3_to_2_p1500ps,prime,WL2,end_level_v,2.3802549751178673e-09,-0.16200000000000003,0.16200000000000003,PASS,False
slow_nominal_a3_to_2_p1500ps,prime,WL2,unselected_max_v,5.962573321432844e-06,,0.16200000000000003,PASS,False
slow_nominal_a3_to_2_p1500ps,prime,WL3,upper_excursion_v,1.6199999895090338,,1.7820000000000003,PASS,False
slow_nominal_a3_to_2_p1500ps,prime,WL3,lower_excursion_v,-0.035216560258685164,-0.16200000000000003,,PASS,False
slow_nominal_a3_to_2_p1500ps,prime,WL3,end_level_v,1.6199999895090338,1.4580000000000002,1.7820000000000003,PASS,False
slow_nominal_a3_to_2_p1500ps,prime,WL3,settled_min_v,1.6078298360303391,1.4580000000000002,,PASS,False
slow_nominal_a3_to_2_p1500ps,test,DEC0,upper_excursion_v,0.002325704794751527,,1.7820000000000003,PASS,False
slow_nominal_a3_to_2_p1500ps,test,DEC0,lower_excursion_v,-6.888729623052287e-05,-0.16200000000000003,,PASS,False
slow_nominal_a3_to_2_p1500ps,test,DEC0,end_level_v,6.69726711588492e-10,-0.16200000000000003,0.16200000000000003,PASS,False
slow_nominal_a3_to_2_p1500ps,test,DEC0,unselected_max_v,0.002325704794751527,,0.16200000000000003,PASS,False
slow_nominal_a3_to_2_p1500ps,test,DEC1,upper_excursion_v,0.002325695131392615,,1.7820000000000003,PASS,False
slow_nominal_a3_to_2_p1500ps,test,DEC1,lower_excursion_v,-6.87064299315354e-05,-0.16200000000000003,,PASS,False
slow_nominal_a3_to_2_p1500ps,test,DEC1,end_level_v,6.697298423019423e-10,-0.16200000000000003,0.16200000000000003,PASS,False
slow_nominal_a3_to_2_p1500ps,test,DEC1,unselected_max_v,0.002325695131392615,,0.16200000000000003,PASS,False
slow_nominal_a3_to_2_p1500ps,test,DEC2,upper_excursion_v,1.6200020580072763,,1.7820000000000003,PASS,False
slow_nominal_a3_to_2_p1500ps,test,DEC2,lower_excursion_v,-0.13011451581204653,-0.16200000000000003,,PASS,False
slow_nominal_a3_to_2_p1500ps,test,DEC2,end_level_v,1.619999996015091,1.4580000000000002,1.7820000000000003,PASS,False
slow_nominal_a3_to_2_p1500ps,test,DEC2,settled_min_v,1.619998318140072,1.4580000000000002,,PASS,False
slow_nominal_a3_to_2_p1500ps,test,DEC3,upper_excursion_v,0.002316532958741413,,1.7820000000000003,PASS,False
slow_nominal_a3_to_2_p1500ps,test,DEC3,lower_excursion_v,-0.00021414241405962736,-0.16200000000000003,,PASS,False
slow_nominal_a3_to_2_p1500ps,test,DEC3,end_level_v,-1.5778086683224113e-06,-0.16200000000000003,0.16200000000000003,PASS,False
slow_nominal_a3_to_2_p1500ps,test,DEC3,unselected_max_v,0.002316532958741413,,0.16200000000000003,PASS,False
slow_nominal_a3_to_2_p1500ps,test,WL0,upper_excursion_v,5.972906883881011e-06,,1.7820000000000003,PASS,False
slow_nominal_a3_to_2_p1500ps,test,WL0,lower_excursion_v,-5.604914110672441e-06,-0.16200000000000003,,PASS,False
slow_nominal_a3_to_2_p1500ps,test,WL0,end_level_v,2.3803271325700713e-09,-0.16200000000000003,0.16200000000000003,PASS,False
slow_nominal_a3_to_2_p1500ps,test,WL0,unselected_max_v,5.972906883881011e-06,,0.16200000000000003,PASS,False
slow_nominal_a3_to_2_p1500ps,test,WL1,upper_excursion_v,5.972873270814709e-06,,1.7820000000000003,PASS,False
slow_nominal_a3_to_2_p1500ps,test,WL1,lower_excursion_v,-5.597380628214408e-06,-0.16200000000000003,,PASS,False
slow_nominal_a3_to_2_p1500ps,test,WL1,end_level_v,2.3803272010722963e-09,-0.16200000000000003,0.16200000000000003,PASS,False
slow_nominal_a3_to_2_p1500ps,test,WL1,unselected_max_v,5.972873270814709e-06,,0.16200000000000003,PASS,False
slow_nominal_a3_to_2_p1500ps,test,WL2,upper_excursion_v,1.6199999894877026,,1.7820000000000003,PASS,False
slow_nominal_a3_to_2_p1500ps,test,WL2,lower_excursion_v,-0.03518458860531555,-0.16200000000000003,,PASS,False
slow_nominal_a3_to_2_p1500ps,test,WL2,end_level_v,1.6199999894877026,1.4580000000000002,1.7820000000000003,PASS,False
slow_nominal_a3_to_2_p1500ps,test,WL2,settled_min_v,1.6075920483630104,1.4580000000000002,,PASS,False
slow_nominal_a3_to_2_p1500ps,test,WL3,upper_excursion_v,5.930519090770907e-06,,1.7820000000000003,PASS,False
slow_nominal_a3_to_2_p1500ps,test,WL3,lower_excursion_v,-6.02175822677173e-06,-0.16200000000000003,,PASS,False
slow_nominal_a3_to_2_p1500ps,test,WL3,end_level_v,2.3792339762355736e-09,-0.16200000000000003,0.16200000000000003,PASS,False
slow_nominal_a3_to_2_p1500ps,test,WL3,unselected_max_v,5.930519090770907e-06,,0.16200000000000003,PASS,False
slow_nominal_a3_to_2_p1500ps,recovery,DEC0,end_level_v,6.636849486652136e-09,-0.16200000000000003,0.16200000000000003,PASS,False
slow_nominal_a3_to_2_p1500ps,recovery,DEC0,settled_max_v,3.015777276845627e-06,,0.16200000000000003,PASS,False
slow_nominal_a3_to_2_p1500ps,recovery,DEC1,end_level_v,6.587450041196613e-09,-0.16200000000000003,0.16200000000000003,PASS,False
slow_nominal_a3_to_2_p1500ps,recovery,DEC1,settled_max_v,3.0281589341945274e-06,,0.16200000000000003,PASS,False
slow_nominal_a3_to_2_p1500ps,recovery,DEC2,end_level_v,-1.3888018045304206e-06,-0.16200000000000003,0.16200000000000003,PASS,False
slow_nominal_a3_to_2_p1500ps,recovery,DEC2,settled_max_v,6.577454377709735e-06,,0.16200000000000003,PASS,False
slow_nominal_a3_to_2_p1500ps,recovery,DEC3,end_level_v,2.347001501680524e-06,-0.16200000000000003,0.16200000000000003,PASS,False
slow_nominal_a3_to_2_p1500ps,recovery,DEC3,settled_max_v,7.088419127265072e-05,,0.16200000000000003,PASS,False
slow_nominal_a3_to_2_p1500ps,recovery,WL0,end_level_v,2.3833990791121137e-09,-0.16200000000000003,0.16200000000000003,PASS,False
slow_nominal_a3_to_2_p1500ps,recovery,WL0,settled_max_v,9.348322834884416e-09,,0.16200000000000003,PASS,False
slow_nominal_a3_to_2_p1500ps,recovery,WL1,end_level_v,2.3833603158361297e-09,-0.16200000000000003,0.16200000000000003,PASS,False
slow_nominal_a3_to_2_p1500ps,recovery,WL1,settled_max_v,9.359035727446643e-09,,0.16200000000000003,PASS,False
slow_nominal_a3_to_2_p1500ps,recovery,WL2,end_level_v,1.900146574489879e-09,-0.16200000000000003,0.16200000000000003,PASS,False
slow_nominal_a3_to_2_p1500ps,recovery,WL2,settled_max_v,1.5187116355556227e-08,,0.16200000000000003,PASS,False
slow_nominal_a3_to_2_p1500ps,recovery,WL3,end_level_v,2.9611944940174576e-09,-0.16200000000000003,0.16200000000000003,PASS,False
slow_nominal_a3_to_2_p1500ps,recovery,WL3,settled_max_v,1.0210632884847033e-06,,0.16200000000000003,PASS,False
slow_nominal_a3_to_2_p1500ps,recovery,N0,end_level_v,1.6199988109098584,1.4580000000000002,1.7820000000000003,PASS,False
slow_nominal_a3_to_2_p1500ps,recovery,N1,end_level_v,1.6199988207046006,1.4580000000000002,1.7820000000000003,PASS,False
slow_nominal_a3_to_2_p1500ps,recovery,N2,end_level_v,1.620177128572458,1.4580000000000002,1.7820000000000003,PASS,False
slow_nominal_a3_to_2_p1500ps,recovery,N3,end_level_v,1.6186138381498005,1.4580000000000002,1.7820000000000003,PASS,False
slow_nominal_a3_to_2_p1500ps,final_precharge,DEC0,settled_max_v,1.4141962464564802e-09,,0.16200000000000003,PASS,False
slow_nominal_a3_to_2_p1500ps,final_precharge,DEC0,settled_min_v,8.843920491774515e-10,-0.16200000000000003,,PASS,False
slow_nominal_a3_to_2_p1500ps,final_precharge,DEC1,settled_max_v,1.4062144828421402e-09,,0.16200000000000003,PASS,False
slow_nominal_a3_to_2_p1500ps,final_precharge,DEC1,settled_min_v,8.843787130778278e-10,-0.16200000000000003,,PASS,False
slow_nominal_a3_to_2_p1500ps,final_precharge,DEC2,settled_max_v,1.7393750254131147e-05,,0.16200000000000003,PASS,False
slow_nominal_a3_to_2_p1500ps,final_precharge,DEC2,settled_min_v,1.5067607151211804e-07,-0.16200000000000003,,PASS,False
slow_nominal_a3_to_2_p1500ps,final_precharge,DEC3,settled_max_v,2.8749182688083347e-08,,0.16200000000000003,PASS,False
slow_nominal_a3_to_2_p1500ps,final_precharge,DEC3,settled_min_v,5.7570475435475554e-09,-0.16200000000000003,,PASS,False
slow_nominal_a3_to_2_p1500ps,final_precharge,WL0,settled_max_v,2.3805627741953613e-09,,0.16200000000000003,PASS,False
slow_nominal_a3_to_2_p1500ps,final_precharge,WL0,settled_min_v,2.3803270305573965e-09,-0.16200000000000003,,PASS,False
slow_nominal_a3_to_2_p1500ps,final_precharge,WL1,settled_max_v,2.380559220603903e-09,,0.16200000000000003,PASS,False
slow_nominal_a3_to_2_p1500ps,final_precharge,WL1,settled_min_v,2.3803268339637014e-09,-0.16200000000000003,,PASS,False
slow_nominal_a3_to_2_p1500ps,final_precharge,WL2,settled_max_v,9.847234282064227e-07,,0.16200000000000003,PASS,False
slow_nominal_a3_to_2_p1500ps,final_precharge,WL2,settled_min_v,2.3805586252568833e-09,-0.16200000000000003,,PASS,False
slow_nominal_a3_to_2_p1500ps,final_precharge,WL3,settled_max_v,2.3884882686357863e-09,,0.16200000000000003,PASS,False
slow_nominal_a3_to_2_p1500ps,final_precharge,WL3,settled_min_v,2.3803289408289003e-09,-0.16200000000000003,,PASS,False
slow_nominal_a3_to_2_p1500ps,final_precharge,N0,end_level_v,1.619999976982482,1.4580000000000002,1.7820000000000003,PASS,False
slow_nominal_a3_to_2_p1500ps,final_precharge,N1,end_level_v,1.6199999770187916,1.4580000000000002,1.7820000000000003,PASS,False
slow_nominal_a3_to_2_p1500ps,final_precharge,N2,end_level_v,1.6192107372738798,1.4580000000000002,1.7820000000000003,PASS,False
slow_nominal_a3_to_2_p1500ps,final_precharge,N3,end_level_v,1.6199447701440814,1.4580000000000002,1.7820000000000003,PASS,False
