case,phase,output,metric,value,low,high,result,settling_allowance_only
slow_00_to_00,prime,DEC0,upper_excursion_v,1.6199999973977794,,1.7820000000000003,PASS,False
slow_00_to_00,prime,DEC0,lower_excursion_v,-0.1332219382322173,-0.16200000000000003,,PASS,False
slow_00_to_00,prime,DEC0,end_level_v,1.6199999973910535,1.4580000000000002,1.7820000000000003,PASS,False
slow_00_to_00,prime,DEC0,settled_min_v,1.6199989502717391,1.4580000000000002,,PASS,False
slow_00_to_00,prime,DEC1,upper_excursion_v,0.0017889891093126593,,1.7820000000000003,PASS,False
slow_00_to_00,prime,DEC1,lower_excursion_v,-0.0002478791319103779,-0.16200000000000003,,PASS,False
slow_00_to_00,prime,DEC1,end_level_v,-9.655193606017411e-07,-0.16200000000000003,0.16200000000000003,PASS,False
slow_00_to_00,prime,DEC1,unselected_max_v,0.0017889891093126593,,0.16200000000000003,PASS,False
slow_00_to_00,prime,DEC2,upper_excursion_v,0.0017810027651501657,,1.7820000000000003,PASS,False
slow_00_to_00,prime,DEC2,lower_excursion_v,-4.4721052208284944e-05,-0.16200000000000003,,PASS,False
slow_00_to_00,prime,DEC2,end_level_v,7.765769227362996e-10,-0.16200000000000003,0.16200000000000003,PASS,False
slow_00_to_00,prime,DEC2,unselected_max_v,0.0017810027651501657,,0.16200000000000003,PASS,False
slow_00_to_00,prime,DEC3,upper_excursion_v,0.0017810016645573182,,1.7820000000000003,PASS,False
slow_00_to_00,prime,DEC3,lower_excursion_v,-4.4199454656500235e-05,-0.16200000000000003,,PASS,False
slow_00_to_00,prime,DEC3,end_level_v,7.76568458044539e-10,-0.16200000000000003,0.16200000000000003,PASS,False
slow_00_to_00,prime,DEC3,unselected_max_v,0.0017810016645573182,,0.16200000000000003,PASS,False
slow_00_to_00,prime,WL0,upper_excursion_v,1.6199999895090977,,1.7820000000000003,PASS,False
slow_00_to_00,prime,WL0,lower_excursion_v,-0.034221175452960606,-0.16200000000000003,,PASS,False
slow_00_to_00,prime,WL0,end_level_v,1.619999989509097,1.4580000000000002,1.7820000000000003,PASS,False
slow_00_to_00,prime,WL0,settled_min_v,1.607607892575791,1.4580000000000002,,PASS,False
slow_00_to_00,prime,WL1,upper_excursion_v,6.791916030075423e-07,,1.7820000000000003,PASS,False
slow_00_to_00,prime,WL1,lower_excursion_v,-6.02568114976561e-06,-0.16200000000000003,,PASS,False
slow_00_to_00,prime,WL1,end_level_v,2.3802055780139924e-09,-0.16200000000000003,0.16200000000000003,PASS,False
slow_00_to_00,prime,WL1,unselected_max_v,6.791916030075423e-07,,0.16200000000000003,PASS,False
slow_00_to_00,prime,WL2,upper_excursion_v,5.357379858898714e-07,,1.7820000000000003,PASS,False
slow_00_to_00,prime,WL2,lower_excursion_v,-5.997876699455699e-06,-0.16200000000000003,,PASS,False
slow_00_to_00,prime,WL2,end_level_v,2.3803273410341676e-09,-0.16200000000000003,0.16200000000000003,PASS,False
slow_00_to_00,prime,WL2,unselected_max_v,5.357379858898714e-07,,0.16200000000000003,PASS,False
slow_00_to_00,prime,WL3,upper_excursion_v,5.367304733947483e-07,,1.7820000000000003,PASS,False
slow_00_to_00,prime,WL3,lower_excursion_v,-5.9976615177955505e-06,-0.16200000000000003,,PASS,False
slow_00_to_00,prime,WL3,end_level_v,2.380327431644264e-09,-0.16200000000000003,0.16200000000000003,PASS,False
slow_00_to_00,prime,WL3,unselected_max_v,5.367304733947483e-07,,0.16200000000000003,PASS,False
slow_00_to_00,test,DEC0,upper_excursion_v,1.619999997386484,,1.7820000000000003,PASS,False
slow_00_to_00,test,DEC0,lower_excursion_v,-0.1314417025589933,-0.16200000000000003,,PASS,False
slow_00_to_00,test,DEC0,end_level_v,1.6199999973864265,1.4580000000000002,1.7820000000000003,PASS,False
slow_00_to_00,test,DEC0,settled_min_v,1.6199989406165383,1.4580000000000002,,PASS,False
slow_00_to_00,test,DEC1,upper_excursion_v,0.0017900866880195244,,1.7820000000000003,PASS,False
slow_00_to_00,test,DEC1,lower_excursion_v,-0.0002480498871521783,-0.16200000000000003,,PASS,False
slow_00_to_00,test,DEC1,end_level_v,-3.5571213879981306e-07,-0.16200000000000003,0.16200000000000003,PASS,False
slow_00_to_00,test,DEC1,unselected_max_v,0.0017900866880195244,,0.16200000000000003,PASS,False
slow_00_to_00,test,DEC2,upper_excursion_v,0.001780985458448515,,1.7820000000000003,PASS,False
slow_00_to_00,test,DEC2,lower_excursion_v,-5.253562348777466e-05,-0.16200000000000003,,PASS,False
slow_00_to_00,test,DEC2,end_level_v,7.765671659169821e-10,-0.16200000000000003,0.16200000000000003,PASS,False
slow_00_to_00,test,DEC2,unselected_max_v,0.001780985458448515,,0.16200000000000003,PASS,False
slow_00_to_00,test,DEC3,upper_excursion_v,0.0017809849891963477,,1.7820000000000003,PASS,False
slow_00_to_00,test,DEC3,lower_excursion_v,-5.163048622332047e-05,-0.16200000000000003,,PASS,False
slow_00_to_00,test,DEC3,end_level_v,7.76556987666647e-10,-0.16200000000000003,0.16200000000000003,PASS,False
slow_00_to_00,test,DEC3,unselected_max_v,0.0017809849891963477,,0.16200000000000003,PASS,False
slow_00_to_00,test,WL0,upper_excursion_v,1.6199999895090968,,1.7820000000000003,PASS,False
slow_00_to_00,test,WL0,lower_excursion_v,-0.03437604226488308,-0.16200000000000003,,PASS,False
slow_00_to_00,test,WL0,end_level_v,1.6199999895090966,1.4580000000000002,1.7820000000000003,PASS,False
slow_00_to_00,test,WL0,settled_min_v,1.6074915366708895,1.4580000000000002,,PASS,False
slow_00_to_00,test,WL1,upper_excursion_v,6.793852806945892e-07,,1.7820000000000003,PASS,False
slow_00_to_00,test,WL1,lower_excursion_v,-6.02225099670494e-06,-0.16200000000000003,,PASS,False
slow_00_to_00,test,WL1,end_level_v,2.380320795800367e-09,-0.16200000000000003,0.16200000000000003,PASS,False
slow_00_to_00,test,WL1,unselected_max_v,6.793852806945892e-07,,0.16200000000000003,PASS,False
slow_00_to_00,test,WL2,upper_excursion_v,5.358376448285848e-07,,1.7820000000000003,PASS,False
slow_00_to_00,test,WL2,lower_excursion_v,-5.996926821940253e-06,-0.16200000000000003,,PASS,False
slow_00_to_00,test,WL2,end_level_v,2.3803274057650756e-09,-0.16200000000000003,0.16200000000000003,PASS,False
slow_00_to_00,test,WL2,unselected_max_v,5.358376448285848e-07,,0.16200000000000003,PASS,False
slow_00_to_00,test,WL3,upper_excursion_v,5.368811915417779e-07,,1.7820000000000003,PASS,False
slow_00_to_00,test,WL3,lower_excursion_v,-5.996800059260824e-06,-0.16200000000000003,,PASS,False
slow_00_to_00,test,WL3,end_level_v,2.3803274915999224e-09,-0.16200000000000003,0.16200000000000003,PASS,False
slow_00_to_00,test,WL3,unselected_max_v,5.368811915417779e-07,,0.16200000000000003,PASS,False
slow_00_to_00,recovery,DEC0,end_level_v,1.8629749886450533e-08,-0.16200000000000003,0.16200000000000003,PASS,False
slow_00_to_00,recovery,DEC0,settled_max_v,4.2672053819078655e-06,,0.16200000000000003,PASS,False
slow_00_to_00,recovery,DEC1,end_level_v,1.5365110821843594e-09,-0.16200000000000003,0.16200000000000003,PASS,False
slow_00_to_00,recovery,DEC1,settled_max_v,9.454955896345822e-09,,0.16200000000000003,PASS,False
slow_00_to_00,recovery,DEC2,end_level_v,9.067577639198838e-10,-0.16200000000000003,0.16200000000000003,PASS,False
slow_00_to_00,recovery,DEC2,settled_max_v,9.498290477893442e-10,,0.16200000000000003,PASS,False
slow_00_to_00,recovery,DEC3,end_level_v,9.067558827998968e-10,-0.16200000000000003,0.16200000000000003,PASS,False
slow_00_to_00,recovery,DEC3,settled_max_v,9.461102462163748e-10,,0.16200000000000003,PASS,False
slow_00_to_00,recovery,WL0,end_level_v,2.3803332054114656e-09,-0.16200000000000003,0.16200000000000003,PASS,False
slow_00_to_00,recovery,WL0,settled_max_v,2.4320977109968867e-08,,0.16200000000000003,PASS,False
slow_00_to_00,recovery,WL1,end_level_v,2.3803274525737127e-09,-0.16200000000000003,0.16200000000000003,PASS,False
slow_00_to_00,recovery,WL1,settled_max_v,2.3850517343080904e-09,,0.16200000000000003,PASS,False
slow_00_to_00,recovery,WL2,end_level_v,2.3803274296485964e-09,-0.16200000000000003,0.16200000000000003,PASS,False
slow_00_to_00,recovery,WL2,settled_max_v,2.3803282471361233e-09,,0.16200000000000003,PASS,False
slow_00_to_00,recovery,WL3,end_level_v,2.3803274966071423e-09,-0.16200000000000003,0.16200000000000003,PASS,False
slow_00_to_00,recovery,WL3,settled_max_v,2.3803281647007333e-09,,0.16200000000000003,PASS,False
slow_00_to_00,recovery,N0,end_level_v,1.6198034695763406,1.4580000000000002,1.7820000000000003,PASS,False
slow_00_to_00,recovery,N1,end_level_v,1.6199839821540434,1.4580000000000002,1.7820000000000003,PASS,False
slow_00_to_00,recovery,N2,end_level_v,1.6199999931931452,1.4580000000000002,1.7820000000000003,PASS,False
slow_00_to_00,recovery,N3,end_level_v,1.6199999932004432,1.4580000000000002,1.7820000000000003,PASS,False
slow_00_to_00,final_precharge,DEC0,settled_max_v,4.26931392157877e-06,,0.16200000000000003,PASS,False
slow_00_to_00,final_precharge,DEC0,settled_min_v,8.33579278944992e-08,-0.16200000000000003,,PASS,False
slow_00_to_00,final_precharge,DEC1,settled_max_v,7.244741542782165e-09,,0.16200000000000003,PASS,False
slow_00_to_00,final_precharge,DEC1,settled_min_v,1.1741470712367532e-09,-0.16200000000000003,,PASS,False
slow_00_to_00,final_precharge,DEC2,settled_max_v,9.50031030787815e-10,,0.16200000000000003,PASS,False
slow_00_to_00,final_precharge,DEC2,settled_min_v,9.0697706513402e-10,-0.16200000000000003,,PASS,False
slow_00_to_00,final_precharge,DEC3,settled_max_v,9.46310499133439e-10,,0.16200000000000003,PASS,False
slow_00_to_00,final_precharge,DEC3,settled_min_v,9.069638899929703e-10,-0.16200000000000003,,PASS,False
slow_00_to_00,final_precharge,WL0,settled_max_v,2.43186186526996e-08,,0.16200000000000003,PASS,False
slow_00_to_00,final_precharge,WL0,settled_min_v,2.3804444298182153e-09,-0.16200000000000003,,PASS,False
slow_00_to_00,final_precharge,WL1,settled_max_v,2.3847859067964703e-09,,0.16200000000000003,PASS,False
slow_00_to_00,final_precharge,WL1,settled_min_v,2.3803273581821515e-09,-0.16200000000000003,,PASS,False
slow_00_to_00,final_precharge,WL2,settled_max_v,2.3803282628462357e-09,,0.16200000000000003,PASS,False
slow_00_to_00,final_precharge,WL2,settled_min_v,2.3802971497812666e-09,-0.16200000000000003,,PASS,False
slow_00_to_00,final_precharge,WL3,settled_max_v,2.3803281572405634e-09,,0.16200000000000003,PASS,False
slow_00_to_00,final_precharge,WL3,settled_min_v,2.3802968304024493e-09,-0.16200000000000003,,PASS,False
slow_00_to_00,final_precharge,N0,end_level_v,1.6195585395111625,1.4580000000000002,1.7820000000000003,PASS,False
slow_00_to_00,final_precharge,N1,end_level_v,1.6199898170738993,1.4580000000000002,1.7820000000000003,PASS,False
slow_00_to_00,final_precharge,N2,end_level_v,1.6199999926309565,1.4580000000000002,1.7820000000000003,PASS,False
slow_00_to_00,final_precharge,N3,end_level_v,1.6199999926685067,1.4580000000000002,1.7820000000000003,PASS,False
slow_00_to_01,prime,DEC0,upper_excursion_v,1.6199999973977794,,1.7820000000000003,PASS,False
slow_00_to_01,prime,DEC0,lower_excursion_v,-0.1332219382322173,-0.16200000000000003,,PASS,False
slow_00_to_01,prime,DEC0,end_level_v,1.6199999973910535,1.4580000000000002,1.7820000000000003,PASS,False
slow_00_to_01,prime,DEC0,settled_min_v,1.6199989502717391,1.4580000000000002,,PASS,False
slow_00_to_01,prime,DEC1,upper_excursion_v,0.0017889891093126593,,1.7820000000000003,PASS,False
slow_00_to_01,prime,DEC1,lower_excursion_v,-0.0002478791319103779,-0.16200000000000003,,PASS,False
slow_00_to_01,prime,DEC1,end_level_v,-9.655193606017411e-07,-0.16200000000000003,0.16200000000000003,PASS,False
slow_00_to_01,prime,DEC1,unselected_max_v,0.0017889891093126593,,0.16200000000000003,PASS,False
slow_00_to_01,prime,DEC2,upper_excursion_v,0.0017810027651501657,,1.7820000000000003,PASS,False
slow_00_to_01,prime,DEC2,lower_excursion_v,-4.4721052208284944e-05,-0.16200000000000003,,PASS,False
slow_00_to_01,prime,DEC2,end_level_v,7.765769227362996e-10,-0.16200000000000003,0.16200000000000003,PASS,False
slow_00_to_01,prime,DEC2,unselected_max_v,0.0017810027651501657,,0.16200000000000003,PASS,False
slow_00_to_01,prime,DEC3,upper_excursion_v,0.0017810016645573182,,1.7820000000000003,PASS,False
slow_00_to_01,prime,DEC3,lower_excursion_v,-4.4199454656500235e-05,-0.16200000000000003,,PASS,False
slow_00_to_01,prime,DEC3,end_level_v,7.76568458044539e-10,-0.16200000000000003,0.16200000000000003,PASS,False
slow_00_to_01,prime,DEC3,unselected_max_v,0.0017810016645573182,,0.16200000000000003,PASS,False
slow_00_to_01,prime,WL0,upper_excursion_v,1.6199999895090977,,1.7820000000000003,PASS,False
slow_00_to_01,prime,WL0,lower_excursion_v,-0.034221175452960606,-0.16200000000000003,,PASS,False
slow_00_to_01,prime,WL0,end_level_v,1.619999989509097,1.4580000000000002,1.7820000000000003,PASS,False
slow_00_to_01,prime,WL0,settled_min_v,1.607607892575791,1.4580000000000002,,PASS,False
slow_00_to_01,prime,WL1,upper_excursion_v,6.791916030075423e-07,,1.7820000000000003,PASS,False
slow_00_to_01,prime,WL1,lower_excursion_v,-6.02568114976561e-06,-0.16200000000000003,,PASS,False
slow_00_to_01,prime,WL1,end_level_v,2.3802055780139924e-09,-0.16200000000000003,0.16200000000000003,PASS,False
slow_00_to_01,prime,WL1,unselected_max_v,6.791916030075423e-07,,0.16200000000000003,PASS,False
slow_00_to_01,prime,WL2,upper_excursion_v,5.357379858898714e-07,,1.7820000000000003,PASS,False
slow_00_to_01,prime,WL2,lower_excursion_v,-5.997876699455699e-06,-0.16200000000000003,,PASS,False
slow_00_to_01,prime,WL2,end_level_v,2.3803273410341676e-09,-0.16200000000000003,0.16200000000000003,PASS,False
slow_00_to_01,prime,WL2,unselected_max_v,5.357379858898714e-07,,0.16200000000000003,PASS,False
slow_00_to_01,prime,WL3,upper_excursion_v,5.367304733947483e-07,,1.7820000000000003,PASS,False
slow_00_to_01,prime,WL3,lower_excursion_v,-5.9976615177955505e-06,-0.16200000000000003,,PASS,False
slow_00_to_01,prime,WL3,end_level_v,2.380327431644264e-09,-0.16200000000000003,0.16200000000000003,PASS,False
slow_00_to_01,prime,WL3,unselected_max_v,5.367304733947483e-07,,0.16200000000000003,PASS,False
slow_00_to_01,test,DEC0,upper_excursion_v,0.0017859195784391596,,1.7820000000000003,PASS,False
slow_00_to_01,test,DEC0,lower_excursion_v,-0.00024604404752326544,-0.16200000000000003,,PASS,False
slow_00_to_01,test,DEC0,end_level_v,-1.3755213956656908e-06,-0.16200000000000003,0.16200000000000003,PASS,False
slow_00_to_01,test,DEC0,unselected_max_v,0.0017859195784391596,,0.16200000000000003,PASS,False
slow_00_to_01,test,DEC1,upper_excursion_v,1.6200018164057866,,1.7820000000000003,PASS,False
slow_00_to_01,test,DEC1,lower_excursion_v,-0.1324410094326671,-0.16200000000000003,,PASS,False
slow_00_to_01,test,DEC1,end_level_v,1.6199999974003922,1.4580000000000002,1.7820000000000003,PASS,False
slow_00_to_01,test,DEC1,settled_min_v,1.6199989959569647,1.4580000000000002,,PASS,False
slow_00_to_01,test,DEC2,upper_excursion_v,0.0017810466176474235,,1.7820000000000003,PASS,False
slow_00_to_01,test,DEC2,lower_excursion_v,-3.6374100778733396e-05,-0.16200000000000003,,PASS,False
slow_00_to_01,test,DEC2,end_level_v,7.766227001034275e-10,-0.16200000000000003,0.16200000000000003,PASS,False
slow_00_to_01,test,DEC2,unselected_max_v,0.0017810466176474235,,0.16200000000000003,PASS,False
slow_00_to_01,test,DEC3,upper_excursion_v,0.0017810469864496788,,1.7820000000000003,PASS,False
slow_00_to_01,test,DEC3,lower_excursion_v,-3.650877621023511e-05,-0.16200000000000003,,PASS,False
slow_00_to_01,test,DEC3,end_level_v,7.765981028895431e-10,-0.16200000000000003,0.16200000000000003,PASS,False
slow_00_to_01,test,DEC3,unselected_max_v,0.0017810469864496788,,0.16200000000000003,PASS,False
slow_00_to_01,test,WL0,upper_excursion_v,6.805680237503207e-07,,1.7820000000000003,PASS,False
slow_00_to_01,test,WL0,lower_excursion_v,-6.033147975563844e-06,-0.16200000000000003,,PASS,False
slow_00_to_01,test,WL0,end_level_v,2.379988362252378e-09,-0.16200000000000003,0.16200000000000003,PASS,False
slow_00_to_01,test,WL0,unselected_max_v,6.805680237503207e-07,,0.16200000000000003,PASS,False
slow_00_to_01,test,WL1,upper_excursion_v,1.6199999895091,,1.7820000000000003,PASS,False
slow_00_to_01,test,WL1,lower_excursion_v,-0.03432165416618495,-0.16200000000000003,,PASS,False
slow_00_to_01,test,WL1,end_level_v,1.6199999895090993,1.4580000000000002,1.7820000000000003,PASS,False
slow_00_to_01,test,WL1,settled_min_v,1.6079149191801023,1.4580000000000002,,PASS,False
slow_00_to_01,test,WL2,upper_excursion_v,5.36451156901664e-07,,1.7820000000000003,PASS,False
slow_00_to_01,test,WL2,lower_excursion_v,-6.000010640444584e-06,-0.16200000000000003,,PASS,False
slow_00_to_01,test,WL2,end_level_v,2.380327356247388e-09,-0.16200000000000003,0.16200000000000003,PASS,False
slow_00_to_01,test,WL2,unselected_max_v,5.36451156901664e-07,,0.16200000000000003,PASS,False
slow_00_to_01,test,WL3,upper_excursion_v,5.356554858036835e-07,,1.7820000000000003,PASS,False
slow_00_to_01,test,WL3,lower_excursion_v,-6.000296871646499e-06,-0.16200000000000003,,PASS,False
slow_00_to_01,test,WL3,end_level_v,2.380327478728491e-09,-0.16200000000000003,0.16200000000000003,PASS,False
slow_00_to_01,test,WL3,unselected_max_v,5.356554858036835e-07,,0.16200000000000003,PASS,False
slow_00_to_01,recovery,DEC0,end_level_v,1.0195256299271447e-07,-0.16200000000000003,0.16200000000000003,PASS,False
slow_00_to_01,recovery,DEC0,settled_max_v,0.0001048766954342276,,0.16200000000000003,PASS,False
slow_00_to_01,recovery,DEC1,end_level_v,3.9322529988373523e-07,-0.16200000000000003,0.16200000000000003,PASS,False
slow_00_to_01,recovery,DEC1,settled_max_v,8.979676058312736e-06,,0.16200000000000003,PASS,False
slow_00_to_01,recovery,DEC2,end_level_v,9.096301241951402e-10,-0.16200000000000003,0.16200000000000003,PASS,False
slow_00_to_01,recovery,DEC2,settled_max_v,3.993378126269163e-06,,0.16200000000000003,PASS,False
slow_00_to_01,recovery,DEC3,end_level_v,9.097924902977891e-10,-0.16200000000000003,0.16200000000000003,PASS,False
slow_00_to_01,recovery,DEC3,settled_max_v,3.881804021022731e-06,,0.16200000000000003,PASS,False
slow_00_to_01,recovery,WL0,end_level_v,2.381320426312417e-09,-0.16200000000000003,0.16200000000000003,PASS,False
slow_00_to_01,recovery,WL0,settled_max_v,1.0058590970608764e-06,,0.16200000000000003,PASS,False
slow_00_to_01,recovery,WL1,end_level_v,2.3812654195044045e-09,-0.16200000000000003,0.16200000000000003,PASS,False
slow_00_to_01,recovery,WL1,settled_max_v,5.649577786903429e-08,,0.16200000000000003,PASS,False
slow_00_to_01,recovery,WL2,end_level_v,2.380327572926348e-09,-0.16200000000000003,0.16200000000000003,PASS,False
slow_00_to_01,recovery,WL2,settled_max_v,1.8243633284381558e-08,,0.16200000000000003,PASS,False
slow_00_to_01,recovery,WL3,end_level_v,2.380327407228596e-09,-0.16200000000000003,0.16200000000000003,PASS,False
slow_00_to_01,recovery,WL3,settled_max_v,1.75632017017351e-08,,0.16200000000000003,PASS,False
slow_00_to_01,recovery,N0,end_level_v,1.6197825952394873,1.4580000000000002,1.7820000000000003,PASS,False
slow_00_to_01,recovery,N1,end_level_v,1.6189711116155634,1.4580000000000002,1.7820000000000003,PASS,False
slow_00_to_01,recovery,N2,end_level_v,1.6199999899732698,1.4580000000000002,1.7820000000000003,PASS,False
slow_00_to_01,recovery,N3,end_level_v,1.6199999897731565,1.4580000000000002,1.7820000000000003,PASS,False
slow_00_to_01,final_precharge,DEC0,settled_max_v,1.0658746926933507e-08,,0.16200000000000003,PASS,False
slow_00_to_01,final_precharge,DEC0,settled_min_v,2.6081696237471473e-09,-0.16200000000000003,,PASS,False
slow_00_to_01,final_precharge,DEC1,settled_max_v,4.418827427291928e-06,,0.16200000000000003,PASS,False
slow_00_to_01,final_precharge,DEC1,settled_min_v,8.450672340371027e-08,-0.16200000000000003,,PASS,False
slow_00_to_01,final_precharge,DEC2,settled_max_v,9.602446659772597e-10,,0.16200000000000003,PASS,False
slow_00_to_01,final_precharge,DEC2,settled_min_v,9.069688687673718e-10,-0.16200000000000003,,PASS,False
slow_00_to_01,final_precharge,DEC3,settled_max_v,9.645519727015914e-10,,0.16200000000000003,PASS,False
slow_00_to_01,final_precharge,DEC3,settled_min_v,9.069824043268466e-10,-0.16200000000000003,,PASS,False
slow_00_to_01,final_precharge,WL0,settled_max_v,2.3845772925660257e-09,,0.16200000000000003,PASS,False
slow_00_to_01,final_precharge,WL0,settled_min_v,2.3803276936481296e-09,-0.16200000000000003,,PASS,False
slow_00_to_01,final_precharge,WL1,settled_max_v,2.4959964918689637e-08,,0.16200000000000003,PASS,False
slow_00_to_01,final_precharge,WL1,settled_min_v,2.3804470621987335e-09,-0.16200000000000003,,PASS,False
slow_00_to_01,final_precharge,WL2,settled_max_v,2.380328692751562e-09,,0.16200000000000003,PASS,False
slow_00_to_01,final_precharge,WL2,settled_min_v,2.3803033966388843e-09,-0.16200000000000003,,PASS,False
slow_00_to_01,final_precharge,WL3,settled_max_v,2.3803288989721005e-09,,0.16200000000000003,PASS,False
slow_00_to_01,final_precharge,WL3,settled_min_v,2.3803040680425696e-09,-0.16200000000000003,,PASS,False
slow_00_to_01,final_precharge,N0,end_level_v,1.6199734732824096,1.4580000000000002,1.7820000000000003,PASS,False
slow_00_to_01,final_precharge,N1,end_level_v,1.6195549623951084,1.4580000000000002,1.7820000000000003,PASS,False
slow_00_to_01,final_precharge,N2,end_level_v,1.6199999926592088,1.4580000000000002,1.7820000000000003,PASS,False
slow_00_to_01,final_precharge,N3,end_level_v,1.6199999926189248,1.4580000000000002,1.7820000000000003,PASS,False
slow_00_to_10,prime,DEC0,upper_excursion_v,1.6199999973977794,,1.7820000000000003,PASS,False
slow_00_to_10,prime,DEC0,lower_excursion_v,-0.1332219382322173,-0.16200000000000003,,PASS,False
slow_00_to_10,prime,DEC0,end_level_v,1.6199999973910535,1.4580000000000002,1.7820000000000003,PASS,False
slow_00_to_10,prime,DEC0,settled_min_v,1.6199989502717391,1.4580000000000002,,PASS,False
slow_00_to_10,prime,DEC1,upper_excursion_v,0.0017889891093126593,,1.7820000000000003,PASS,False
slow_00_to_10,prime,DEC1,lower_excursion_v,-0.0002478791319103779,-0.16200000000000003,,PASS,False
slow_00_to_10,prime,DEC1,end_level_v,-9.655193606017411e-07,-0.16200000000000003,0.16200000000000003,PASS,False
slow_00_to_10,prime,DEC1,unselected_max_v,0.0017889891093126593,,0.16200000000000003,PASS,False
slow_00_to_10,prime,DEC2,upper_excursion_v,0.0017810027651501657,,1.7820000000000003,PASS,False
slow_00_to_10,prime,DEC2,lower_excursion_v,-4.4721052208284944e-05,-0.16200000000000003,,PASS,False
slow_00_to_10,prime,DEC2,end_level_v,7.765769227362996e-10,-0.16200000000000003,0.16200000000000003,PASS,False
slow_00_to_10,prime,DEC2,unselected_max_v,0.0017810027651501657,,0.16200000000000003,PASS,False
slow_00_to_10,prime,DEC3,upper_excursion_v,0.0017810016645573182,,1.7820000000000003,PASS,False
slow_00_to_10,prime,DEC3,lower_excursion_v,-4.4199454656500235e-05,-0.16200000000000003,,PASS,False
slow_00_to_10,prime,DEC3,end_level_v,7.76568458044539e-10,-0.16200000000000003,0.16200000000000003,PASS,False
slow_00_to_10,prime,DEC3,unselected_max_v,0.0017810016645573182,,0.16200000000000003,PASS,False
slow_00_to_10,prime,WL0,upper_excursion_v,1.6199999895090977,,1.7820000000000003,PASS,False
slow_00_to_10,prime,WL0,lower_excursion_v,-0.034221175452960606,-0.16200000000000003,,PASS,False
slow_00_to_10,prime,WL0,end_level_v,1.619999989509097,1.4580000000000002,1.7820000000000003,PASS,False
slow_00_to_10,prime,WL0,settled_min_v,1.607607892575791,1.4580000000000002,,PASS,False
slow_00_to_10,prime,WL1,upper_excursion_v,6.791916030075423e-07,,1.7820000000000003,PASS,False
slow_00_to_10,prime,WL1,lower_excursion_v,-6.02568114976561e-06,-0.16200000000000003,,PASS,False
slow_00_to_10,prime,WL1,end_level_v,2.3802055780139924e-09,-0.16200000000000003,0.16200000000000003,PASS,False
slow_00_to_10,prime,WL1,unselected_max_v,6.791916030075423e-07,,0.16200000000000003,PASS,False
slow_00_to_10,prime,WL2,upper_excursion_v,5.357379858898714e-07,,1.7820000000000003,PASS,False
slow_00_to_10,prime,WL2,lower_excursion_v,-5.997876699455699e-06,-0.16200000000000003,,PASS,False
slow_00_to_10,prime,WL2,end_level_v,2.3803273410341676e-09,-0.16200000000000003,0.16200000000000003,PASS,False
slow_00_to_10,prime,WL2,unselected_max_v,5.357379858898714e-07,,0.16200000000000003,PASS,False
slow_00_to_10,prime,WL3,upper_excursion_v,5.367304733947483e-07,,1.7820000000000003,PASS,False
slow_00_to_10,prime,WL3,lower_excursion_v,-5.9976615177955505e-06,-0.16200000000000003,,PASS,False
slow_00_to_10,prime,WL3,end_level_v,2.380327431644264e-09,-0.16200000000000003,0.16200000000000003,PASS,False
slow_00_to_10,prime,WL3,unselected_max_v,5.367304733947483e-07,,0.16200000000000003,PASS,False
slow_00_to_10,test,DEC0,upper_excursion_v,0.0017816636695549464,,1.7820000000000003,PASS,False
slow_00_to_10,test,DEC0,lower_excursion_v,-8.775064194459457e-05,-0.16200000000000003,,PASS,False
slow_00_to_10,test,DEC0,end_level_v,7.765839772395951e-10,-0.16200000000000003,0.16200000000000003,PASS,False
slow_00_to_10,test,DEC0,unselected_max_v,0.0017816636695549464,,0.16200000000000003,PASS,False
slow_00_to_10,test,DEC1,upper_excursion_v,0.0017816634435550744,,1.7820000000000003,PASS,False
slow_00_to_10,test,DEC1,lower_excursion_v,-8.722111068120877e-05,-0.16200000000000003,,PASS,False
slow_00_to_10,test,DEC1,end_level_v,7.766082946174012e-10,-0.16200000000000003,0.16200000000000003,PASS,False
slow_00_to_10,test,DEC1,unselected_max_v,0.0017816634435550744,,0.16200000000000003,PASS,False
slow_00_to_10,test,DEC2,upper_excursion_v,1.6199999974064172,,1.7820000000000003,PASS,False
slow_00_to_10,test,DEC2,lower_excursion_v,-0.13545991096177604,-0.16200000000000003,,PASS,False
slow_00_to_10,test,DEC2,end_level_v,1.6199999973913488,1.4580000000000002,1.7820000000000003,PASS,False
slow_00_to_10,test,DEC2,settled_min_v,1.619998953052693,1.4580000000000002,,PASS,False
slow_00_to_10,test,DEC3,upper_excursion_v,0.0017773040419325013,,1.7820000000000003,PASS,False
slow_00_to_10,test,DEC3,lower_excursion_v,-0.0002992115107967805,-0.16200000000000003,,PASS,False
slow_00_to_10,test,DEC3,end_level_v,-1.3684453167850394e-06,-0.16200000000000003,0.16200000000000003,PASS,False
slow_00_to_10,test,DEC3,unselected_max_v,0.0017773040419325013,,0.16200000000000003,PASS,False
slow_00_to_10,test,WL0,upper_excursion_v,4.972127950079254e-07,,1.7820000000000003,PASS,False
slow_00_to_10,test,WL0,lower_excursion_v,-6.017781334440515e-06,-0.16200000000000003,,PASS,False
slow_00_to_10,test,WL0,end_level_v,2.3803274744710567e-09,-0.16200000000000003,0.16200000000000003,PASS,False
slow_00_to_10,test,WL0,unselected_max_v,4.972127950079254e-07,,0.16200000000000003,PASS,False
slow_00_to_10,test,WL1,upper_excursion_v,4.982700383971183e-07,,1.7820000000000003,PASS,False
slow_00_to_10,test,WL1,lower_excursion_v,-6.017616667308179e-06,-0.16200000000000003,,PASS,False
slow_00_to_10,test,WL1,end_level_v,2.3803273842816855e-09,-0.16200000000000003,0.16200000000000003,PASS,False
slow_00_to_10,test,WL1,unselected_max_v,4.982700383971183e-07,,0.16200000000000003,PASS,False
slow_00_to_10,test,WL2,upper_excursion_v,1.6199999895090902,,1.7820000000000003,PASS,False
slow_00_to_10,test,WL2,lower_excursion_v,-0.03429699448182186,-0.16200000000000003,,PASS,False
slow_00_to_10,test,WL2,end_level_v,1.61999998950909,1.4580000000000002,1.7820000000000003,PASS,False
slow_00_to_10,test,WL2,settled_min_v,1.607573802743105,1.4580000000000002,,PASS,False
slow_00_to_10,test,WL3,upper_excursion_v,6.562318319976861e-07,,1.7820000000000003,PASS,False
slow_00_to_10,test,WL3,lower_excursion_v,-6.038405029099625e-06,-0.16200000000000003,,PASS,False
slow_00_to_10,test,WL3,end_level_v,2.3799939172605125e-09,-0.16200000000000003,0.16200000000000003,PASS,False
slow_00_to_10,test,WL3,unselected_max_v,6.562318319976861e-07,,0.16200000000000003,PASS,False
slow_00_to_10,recovery,DEC0,end_level_v,9.119459776620696e-10,-0.16200000000000003,0.16200000000000003,PASS,False
slow_00_to_10,recovery,DEC0,settled_max_v,0.000589897099837992,,0.16200000000000003,PASS,False
slow_00_to_10,recovery,DEC1,end_level_v,9.118383557407011e-10,-0.16200000000000003,0.16200000000000003,PASS,False
slow_00_to_10,recovery,DEC1,settled_max_v,0.000583635766542351,,0.16200000000000003,PASS,False
slow_00_to_10,recovery,DEC2,end_level_v,-2.815649182979399e-08,-0.16200000000000003,0.16200000000000003,PASS,False
slow_00_to_10,recovery,DEC2,settled_max_v,0.0008464464282886075,,0.16200000000000003,PASS,False
slow_00_to_10,recovery,DEC3,end_level_v,1.1059693025063067e-07,-0.16200000000000003,0.16200000000000003,PASS,False
slow_00_to_10,recovery,DEC3,settled_max_v,0.0008518961011651967,,0.16200000000000003,PASS,False
slow_00_to_10,recovery,WL0,end_level_v,2.380327522461597e-09,-0.16200000000000003,0.16200000000000003,PASS,False
slow_00_to_10,recovery,WL0,settled_max_v,2.872102863977864e-06,,0.16200000000000003,PASS,False
slow_00_to_10,recovery,WL1,end_level_v,2.3803275226352315e-09,-0.16200000000000003,0.16200000000000003,PASS,False
slow_00_to_10,recovery,WL1,settled_max_v,2.903467747677442e-06,,0.16200000000000003,PASS,False
slow_00_to_10,recovery,WL2,end_level_v,2.380453194739683e-09,-0.16200000000000003,0.16200000000000003,PASS,False
slow_00_to_10,recovery,WL2,settled_max_v,2.388854601922521e-06,,0.16200000000000003,PASS,False
slow_00_to_10,recovery,WL3,end_level_v,2.3815181590114794e-09,-0.16200000000000003,0.16200000000000003,PASS,False
slow_00_to_10,recovery,WL3,settled_max_v,7.526244227078838e-06,,0.16200000000000003,PASS,False
slow_00_to_10,recovery,N0,end_level_v,1.619999986577428,1.4580000000000002,1.7820000000000003,PASS,False
slow_00_to_10,recovery,N1,end_level_v,1.619999986717485,1.4580000000000002,1.7820000000000003,PASS,False
slow_00_to_10,recovery,N2,end_level_v,1.6199952066022456,1.4580000000000002,1.7820000000000003,PASS,False
slow_00_to_10,recovery,N3,end_level_v,1.6197727305829275,1.4580000000000002,1.7820000000000003,PASS,False
slow_00_to_10,final_precharge,DEC0,settled_max_v,1.1109628524308823e-09,,0.16200000000000003,PASS,False
slow_00_to_10,final_precharge,DEC0,settled_min_v,9.074071350923217e-10,-0.16200000000000003,,PASS,False
slow_00_to_10,final_precharge,DEC1,settled_max_v,1.106417529199223e-09,,0.16200000000000003,PASS,False
slow_00_to_10,final_precharge,DEC1,settled_min_v,9.073930009055897e-10,-0.16200000000000003,,PASS,False
slow_00_to_10,final_precharge,DEC2,settled_max_v,4.973776986429185e-06,,0.16200000000000003,PASS,False
slow_00_to_10,final_precharge,DEC2,settled_min_v,8.542834738917174e-08,-0.16200000000000003,,PASS,False
slow_00_to_10,final_precharge,DEC3,settled_max_v,7.3562513649960075e-09,,0.16200000000000003,PASS,False
slow_00_to_10,final_precharge,DEC3,settled_min_v,2.748392124996004e-09,-0.16200000000000003,,PASS,False
slow_00_to_10,final_precharge,WL0,settled_max_v,2.380350797302536e-09,,0.16200000000000003,PASS,False
slow_00_to_10,final_precharge,WL0,settled_min_v,2.380327321488636e-09,-0.16200000000000003,,PASS,False
slow_00_to_10,final_precharge,WL1,settled_max_v,2.3803500188628823e-09,,0.16200000000000003,PASS,False
slow_00_to_10,final_precharge,WL1,settled_min_v,2.3803273536418858e-09,-0.16200000000000003,,PASS,False
slow_00_to_10,final_precharge,WL2,settled_max_v,2.2391221448713113e-08,,0.16200000000000003,PASS,False
slow_00_to_10,final_precharge,WL2,settled_min_v,2.380449981973008e-09,-0.16200000000000003,,PASS,False
slow_00_to_10,final_precharge,WL3,settled_max_v,2.3810308436383027e-09,,0.16200000000000003,PASS,False
slow_00_to_10,final_precharge,WL3,settled_min_v,2.380327680954671e-09,-0.16200000000000003,,PASS,False
slow_00_to_10,final_precharge,N0,end_level_v,1.619999991413593,1.4580000000000002,1.7820000000000003,PASS,False
slow_00_to_10,final_precharge,N1,end_level_v,1.6199999914541672,1.4580000000000002,1.7820000000000003,PASS,False
slow_00_to_10,final_precharge,N2,end_level_v,1.6195526601620718,1.4580000000000002,1.7820000000000003,PASS,False
slow_00_to_10,final_precharge,N3,end_level_v,1.6199723141603408,1.4580000000000002,1.7820000000000003,PASS,False
slow_00_to_11,prime,DEC0,upper_excursion_v,1.6199999973977794,,1.7820000000000003,PASS,False
slow_00_to_11,prime,DEC0,lower_excursion_v,-0.1332219382322173,-0.16200000000000003,,PASS,False
slow_00_to_11,prime,DEC0,end_level_v,1.6199999973910535,1.4580000000000002,1.7820000000000003,PASS,False
slow_00_to_11,prime,DEC0,settled_min_v,1.6199989502717391,1.4580000000000002,,PASS,False
slow_00_to_11,prime,DEC1,upper_excursion_v,0.0017889891093126593,,1.7820000000000003,PASS,False
slow_00_to_11,prime,DEC1,lower_excursion_v,-0.0002478791319103779,-0.16200000000000003,,PASS,False
slow_00_to_11,prime,DEC1,end_level_v,-9.655193606017411e-07,-0.16200000000000003,0.16200000000000003,PASS,False
slow_00_to_11,prime,DEC1,unselected_max_v,0.0017889891093126593,,0.16200000000000003,PASS,False
slow_00_to_11,prime,DEC2,upper_excursion_v,0.0017810027651501657,,1.7820000000000003,PASS,False
slow_00_to_11,prime,DEC2,lower_excursion_v,-4.4721052208284944e-05,-0.16200000000000003,,PASS,False
slow_00_to_11,prime,DEC2,end_level_v,7.765769227362996e-10,-0.16200000000000003,0.16200000000000003,PASS,False
slow_00_to_11,prime,DEC2,unselected_max_v,0.0017810027651501657,,0.16200000000000003,PASS,False
slow_00_to_11,prime,DEC3,upper_excursion_v,0.0017810016645573182,,1.7820000000000003,PASS,False
slow_00_to_11,prime,DEC3,lower_excursion_v,-4.4199454656500235e-05,-0.16200000000000003,,PASS,False
slow_00_to_11,prime,DEC3,end_level_v,7.76568458044539e-10,-0.16200000000000003,0.16200000000000003,PASS,False
slow_00_to_11,prime,DEC3,unselected_max_v,0.0017810016645573182,,0.16200000000000003,PASS,False
slow_00_to_11,prime,WL0,upper_excursion_v,1.6199999895090977,,1.7820000000000003,PASS,False
slow_00_to_11,prime,WL0,lower_excursion_v,-0.034221175452960606,-0.16200000000000003,,PASS,False
slow_00_to_11,prime,WL0,end_level_v,1.619999989509097,1.4580000000000002,1.7820000000000003,PASS,False
slow_00_to_11,prime,WL0,settled_min_v,1.607607892575791,1.4580000000000002,,PASS,False
slow_00_to_11,prime,WL1,upper_excursion_v,6.791916030075423e-07,,1.7820000000000003,PASS,False
slow_00_to_11,prime,WL1,lower_excursion_v,-6.02568114976561e-06,-0.16200000000000003,,PASS,False
slow_00_to_11,prime,WL1,end_level_v,2.3802055780139924e-09,-0.16200000000000003,0.16200000000000003,PASS,False
slow_00_to_11,prime,WL1,unselected_max_v,6.791916030075423e-07,,0.16200000000000003,PASS,False
slow_00_to_11,prime,WL2,upper_excursion_v,5.357379858898714e-07,,1.7820000000000003,PASS,False
slow_00_to_11,prime,WL2,lower_excursion_v,-5.997876699455699e-06,-0.16200000000000003,,PASS,False
slow_00_to_11,prime,WL2,end_level_v,2.3803273410341676e-09,-0.16200000000000003,0.16200000000000003,PASS,False
slow_00_to_11,prime,WL2,unselected_max_v,5.357379858898714e-07,,0.16200000000000003,PASS,False
slow_00_to_11,prime,WL3,upper_excursion_v,5.367304733947483e-07,,1.7820000000000003,PASS,False
slow_00_to_11,prime,WL3,lower_excursion_v,-5.9976615177955505e-06,-0.16200000000000003,,PASS,False
slow_00_to_11,prime,WL3,end_level_v,2.380327431644264e-09,-0.16200000000000003,0.16200000000000003,PASS,False
slow_00_to_11,prime,WL3,unselected_max_v,5.367304733947483e-07,,0.16200000000000003,PASS,False
slow_00_to_11,test,DEC0,upper_excursion_v,0.0017815115667205274,,1.7820000000000003,PASS,False
slow_00_to_11,test,DEC0,lower_excursion_v,-9.37956574408134e-05,-0.16200000000000003,,PASS,False
slow_00_to_11,test,DEC0,end_level_v,7.766030413165498e-10,-0.16200000000000003,0.16200000000000003,PASS,False
slow_00_to_11,test,DEC0,unselected_max_v,0.0017815115667205274,,0.16200000000000003,PASS,False
slow_00_to_11,test,DEC1,upper_excursion_v,0.0017815089378444185,,1.7820000000000003,PASS,False
slow_00_to_11,test,DEC1,lower_excursion_v,-9.492603272081586e-05,-0.16200000000000003,,PASS,False
slow_00_to_11,test,DEC1,end_level_v,7.765781230203954e-10,-0.16200000000000003,0.16200000000000003,PASS,False
slow_00_to_11,test,DEC1,unselected_max_v,0.0017815089378444185,,0.16200000000000003,PASS,False
slow_00_to_11,test,DEC2,upper_excursion_v,0.001777698499414863,,1.7820000000000003,PASS,False
slow_00_to_11,test,DEC2,lower_excursion_v,-0.0002795041401637485,-0.16200000000000003,,PASS,False
slow_00_to_11,test,DEC2,end_level_v,-1.2980306202670106e-06,-0.16200000000000003,0.16200000000000003,PASS,False
slow_00_to_11,test,DEC2,unselected_max_v,0.001777698499414863,,0.16200000000000003,PASS,False
slow_00_to_11,test,DEC3,upper_excursion_v,1.6200042039995055,,1.7820000000000003,PASS,False
slow_00_to_11,test,DEC3,lower_excursion_v,-0.13721981007607906,-0.16200000000000003,,PASS,False
slow_00_to_11,test,DEC3,end_level_v,1.6199999973907657,1.4580000000000002,1.7820000000000003,PASS,False
slow_00_to_11,test,DEC3,settled_min_v,1.6199989910299717,1.4580000000000002,,PASS,False
slow_00_to_11,test,WL0,upper_excursion_v,5.016711805359777e-07,,1.7820000000000003,PASS,False
slow_00_to_11,test,WL0,lower_excursion_v,-6.013846548187315e-06,-0.16200000000000003,,PASS,False
slow_00_to_11,test,WL0,end_level_v,2.3803274698298054e-09,-0.16200000000000003,0.16200000000000003,PASS,False
slow_00_to_11,test,WL0,unselected_max_v,5.016711805359777e-07,,0.16200000000000003,PASS,False
slow_00_to_11,test,WL1,upper_excursion_v,5.01200343541036e-07,,1.7820000000000003,PASS,False
slow_00_to_11,test,WL1,lower_excursion_v,-6.0134068523909165e-06,-0.16200000000000003,,PASS,False
slow_00_to_11,test,WL1,end_level_v,2.3803274113905514e-09,-0.16200000000000003,0.16200000000000003,PASS,False
slow_00_to_11,test,WL1,unselected_max_v,5.01200343541036e-07,,0.16200000000000003,PASS,False
slow_00_to_11,test,WL2,upper_excursion_v,6.826154218864156e-07,,1.7820000000000003,PASS,False
slow_00_to_11,test,WL2,lower_excursion_v,-6.039291330267506e-06,-0.16200000000000003,,PASS,False
slow_00_to_11,test,WL2,end_level_v,2.380040845063676e-09,-0.16200000000000003,0.16200000000000003,PASS,False
slow_00_to_11,test,WL2,unselected_max_v,6.826154218864156e-07,,0.16200000000000003,PASS,False
slow_00_to_11,test,WL3,upper_excursion_v,1.6199999895091,,1.7820000000000003,PASS,False
slow_00_to_11,test,WL3,lower_excursion_v,-0.03402803319155222,-0.16200000000000003,,PASS,False
slow_00_to_11,test,WL3,end_level_v,1.6199999895090993,1.4580000000000002,1.7820000000000003,PASS,False
slow_00_to_11,test,WL3,settled_min_v,1.6078119709903531,1.4580000000000002,,PASS,False
slow_00_to_11,recovery,DEC0,end_level_v,8.976092829124599e-10,-0.16200000000000003,0.16200000000000003,PASS,False
slow_00_to_11,recovery,DEC0,settled_max_v,0.0005967940264186462,,0.16200000000000003,PASS,False
slow_00_to_11,recovery,DEC1,end_level_v,8.974311757732323e-10,-0.16200000000000003,0.16200000000000003,PASS,False
slow_00_to_11,recovery,DEC1,settled_max_v,0.0005898118205684262,,0.16200000000000003,PASS,False
slow_00_to_11,recovery,DEC2,end_level_v,7.547167366767143e-08,-0.16200000000000003,0.16200000000000003,PASS,False
slow_00_to_11,recovery,DEC2,settled_max_v,0.0008622524025680262,,0.16200000000000003,PASS,False
slow_00_to_11,recovery,DEC3,end_level_v,1.448406629902582e-07,-0.16200000000000003,0.16200000000000003,PASS,False
slow_00_to_11,recovery,DEC3,settled_max_v,0.0008658405808461898,,0.16200000000000003,PASS,False
slow_00_to_11,recovery,WL0,end_level_v,2.380327143009672e-09,-0.16200000000000003,0.16200000000000003,PASS,False
slow_00_to_11,recovery,WL0,settled_max_v,2.9378401861447557e-06,,0.16200000000000003,PASS,False
slow_00_to_11,recovery,WL1,end_level_v,2.3803271561594e-09,-0.16200000000000003,0.16200000000000003,PASS,False
slow_00_to_11,recovery,WL1,settled_max_v,2.9532345380645927e-06,,0.16200000000000003,PASS,False
slow_00_to_11,recovery,WL2,end_level_v,2.3808766770292663e-09,-0.16200000000000003,0.16200000000000003,PASS,False
slow_00_to_11,recovery,WL2,settled_max_v,2.463839669009518e-06,,0.16200000000000003,PASS,False
slow_00_to_11,recovery,WL3,end_level_v,2.38152698167026e-09,-0.16200000000000003,0.16200000000000003,PASS,False
slow_00_to_11,recovery,WL3,settled_max_v,2.9029767521441383e-06,,0.16200000000000003,PASS,False
slow_00_to_11,recovery,N0,end_level_v,1.6200000075212582,1.4580000000000002,1.7820000000000003,PASS,False
slow_00_to_11,recovery,N1,end_level_v,1.6200000078049928,1.4580000000000002,1.7820000000000003,PASS,False
slow_00_to_11,recovery,N2,end_level_v,1.6198141438556564,1.4580000000000002,1.7820000000000003,PASS,False
slow_00_to_11,recovery,N3,end_level_v,1.6196242249913697,1.4580000000000002,1.7820000000000003,PASS,False
slow_00_to_11,final_precharge,DEC0,settled_max_v,1.1306362391621113e-09,,0.16200000000000003,PASS,False
slow_00_to_11,final_precharge,DEC0,settled_min_v,9.074045428989585e-10,-0.16200000000000003,,PASS,False
slow_00_to_11,final_precharge,DEC1,settled_max_v,1.1356154374691828e-09,,0.16200000000000003,PASS,False
slow_00_to_11,final_precharge,DEC1,settled_min_v,9.07418350895426e-10,-0.16200000000000003,,PASS,False
slow_00_to_11,final_precharge,DEC2,settled_max_v,6.753231614543307e-09,,0.16200000000000003,PASS,False
slow_00_to_11,final_precharge,DEC2,settled_min_v,2.638444636382522e-09,-0.16200000000000003,,PASS,False
slow_00_to_11,final_precharge,DEC3,settled_max_v,4.979919621354261e-06,,0.16200000000000003,PASS,False
slow_00_to_11,final_precharge,DEC3,settled_min_v,8.616152138638004e-08,-0.16200000000000003,,PASS,False
slow_00_to_11,final_precharge,WL0,settled_max_v,2.3803634780531515e-09,,0.16200000000000003,PASS,False
slow_00_to_11,final_precharge,WL0,settled_min_v,2.380327347219125e-09,-0.16200000000000003,,PASS,False
slow_00_to_11,final_precharge,WL1,settled_max_v,2.3803643687360164e-09,,0.16200000000000003,PASS,False
slow_00_to_11,final_precharge,WL1,settled_min_v,2.38032734707889e-09,-0.16200000000000003,,PASS,False
slow_00_to_11,final_precharge,WL2,settled_max_v,2.380884730127339e-09,,0.16200000000000003,PASS,False
slow_00_to_11,final_precharge,WL2,settled_min_v,2.3803276015539566e-09,-0.16200000000000003,,PASS,False
slow_00_to_11,final_precharge,WL3,settled_max_v,2.3165502324643923e-08,,0.16200000000000003,PASS,False
slow_00_to_11,final_precharge,WL3,settled_min_v,2.3804516970369887e-09,-0.16200000000000003,,PASS,False
slow_00_to_11,final_precharge,N0,end_level_v,1.619999991431778,1.4580000000000002,1.7820000000000003,PASS,False
slow_00_to_11,final_precharge,N1,end_level_v,1.6199999913907042,1.4580000000000002,1.7820000000000003,PASS,False
slow_00_to_11,final_precharge,N2,end_level_v,1.61997317184307,1.4580000000000002,1.7820000000000003,PASS,False
slow_00_to_11,final_precharge,N3,end_level_v,1.619550262735037,1.4580000000000002,1.7820000000000003,PASS,False
slow_01_to_00,prime,DEC0,upper_excursion_v,0.0017888863345997558,,1.7820000000000003,PASS,False
slow_01_to_00,prime,DEC0,lower_excursion_v,-0.00025292081696629725,-0.16200000000000003,,PASS,False
slow_01_to_00,prime,DEC0,end_level_v,-9.651788842796078e-07,-0.16200000000000003,0.16200000000000003,PASS,False
slow_01_to_00,prime,DEC0,unselected_max_v,0.0017888863345997558,,0.16200000000000003,PASS,False
slow_01_to_00,prime,DEC1,upper_excursion_v,1.620001834336596,,1.7820000000000003,PASS,False
slow_01_to_00,prime,DEC1,lower_excursion_v,-0.1352530643096068,-0.16200000000000003,,PASS,False
slow_01_to_00,prime,DEC1,end_level_v,1.6199999973911081,1.4580000000000002,1.7820000000000003,PASS,False
slow_01_to_00,prime,DEC1,settled_min_v,1.6199989870041447,1.4580000000000002,,PASS,False
slow_01_to_00,prime,DEC2,upper_excursion_v,0.0017810356712905924,,1.7820000000000003,PASS,False
slow_01_to_00,prime,DEC2,lower_excursion_v,-4.553412531111335e-05,-0.16200000000000003,,PASS,False
slow_01_to_00,prime,DEC2,end_level_v,7.7657122709163e-10,-0.16200000000000003,0.16200000000000003,PASS,False
slow_01_to_00,prime,DEC2,unselected_max_v,0.0017810356712905924,,0.16200000000000003,PASS,False
slow_01_to_00,prime,DEC3,upper_excursion_v,0.0017810359185980932,,1.7820000000000003,PASS,False
slow_01_to_00,prime,DEC3,lower_excursion_v,-4.6119512787921836e-05,-0.16200000000000003,,PASS,False
slow_01_to_00,prime,DEC3,end_level_v,7.765782541532025e-10,-0.16200000000000003,0.16200000000000003,PASS,False
slow_01_to_00,prime,DEC3,unselected_max_v,0.0017810359185980932,,0.16200000000000003,PASS,False
slow_01_to_00,prime,WL0,upper_excursion_v,6.852748962884647e-07,,1.7820000000000003,PASS,False
slow_01_to_00,prime,WL0,lower_excursion_v,-6.024891263084484e-06,-0.16200000000000003,,PASS,False
slow_01_to_00,prime,WL0,end_level_v,2.3802056571556622e-09,-0.16200000000000003,0.16200000000000003,PASS,False
slow_01_to_00,prime,WL0,unselected_max_v,6.852748962884647e-07,,0.16200000000000003,PASS,False
slow_01_to_00,prime,WL1,upper_excursion_v,1.6199999895090968,,1.7820000000000003,PASS,False
slow_01_to_00,prime,WL1,lower_excursion_v,-0.034001573038829655,-0.16200000000000003,,PASS,False
slow_01_to_00,prime,WL1,end_level_v,1.6199999895090964,1.4580000000000002,1.7820000000000003,PASS,False
slow_01_to_00,prime,WL1,settled_min_v,1.6078049656002213,1.4580000000000002,,PASS,False
slow_01_to_00,prime,WL2,upper_excursion_v,5.365013994938545e-07,,1.7820000000000003,PASS,False
slow_01_to_00,prime,WL2,lower_excursion_v,-5.9984976281395695e-06,-0.16200000000000003,,PASS,False
slow_01_to_00,prime,WL2,end_level_v,2.380327339844016e-09,-0.16200000000000003,0.16200000000000003,PASS,False
slow_01_to_00,prime,WL2,unselected_max_v,5.365013994938545e-07,,0.16200000000000003,PASS,False
slow_01_to_00,prime,WL3,upper_excursion_v,5.356031403249934e-07,,1.7820000000000003,PASS,False
slow_01_to_00,prime,WL3,lower_excursion_v,-5.998715001170844e-06,-0.16200000000000003,,PASS,False
slow_01_to_00,prime,WL3,end_level_v,2.3803274329597942e-09,-0.16200000000000003,0.16200000000000003,PASS,False
slow_01_to_00,prime,WL3,unselected_max_v,5.356031403249934e-07,,0.16200000000000003,PASS,False
slow_01_to_00,test,DEC0,upper_excursion_v,1.6199999974569668,,1.7820000000000003,PASS,False
slow_01_to_00,test,DEC0,lower_excursion_v,-0.132584101936329,-0.16200000000000003,,PASS,False
slow_01_to_00,test,DEC0,end_level_v,1.6199999974010715,1.4580000000000002,1.7820000000000003,PASS,False
slow_01_to_00,test,DEC0,settled_min_v,1.619998962960145,1.4580000000000002,,PASS,False
slow_01_to_00,test,DEC1,upper_excursion_v,0.0017856479550229204,,1.7820000000000003,PASS,False
slow_01_to_00,test,DEC1,lower_excursion_v,-0.00023873383787805652,-0.16200000000000003,,PASS,False
slow_01_to_00,test,DEC1,end_level_v,-1.4035587467368946e-06,-0.16200000000000003,0.16200000000000003,PASS,False
slow_01_to_00,test,DEC1,unselected_max_v,0.0017856479550229204,,0.16200000000000003,PASS,False
slow_01_to_00,test,DEC2,upper_excursion_v,0.0017810221265980005,,1.7820000000000003,PASS,False
slow_01_to_00,test,DEC2,lower_excursion_v,-3.421766863228206e-05,-0.16200000000000003,,PASS,False
slow_01_to_00,test,DEC2,end_level_v,7.765996979122811e-10,-0.16200000000000003,0.16200000000000003,PASS,False
slow_01_to_00,test,DEC2,unselected_max_v,0.0017810221265980005,,0.16200000000000003,PASS,False
slow_01_to_00,test,DEC3,upper_excursion_v,0.001781020237483042,,1.7820000000000003,PASS,False
slow_01_to_00,test,DEC3,lower_excursion_v,-3.4174121844245375e-05,-0.16200000000000003,,PASS,False
slow_01_to_00,test,DEC3,end_level_v,7.766236186062971e-10,-0.16200000000000003,0.16200000000000003,PASS,False
slow_01_to_00,test,DEC3,unselected_max_v,0.001781020237483042,,0.16200000000000003,PASS,False
slow_01_to_00,test,WL0,upper_excursion_v,1.6199999895090988,,1.7820000000000003,PASS,False
slow_01_to_00,test,WL0,lower_excursion_v,-0.03377324262710705,-0.16200000000000003,,PASS,False
slow_01_to_00,test,WL0,end_level_v,1.6199999895090982,1.4580000000000002,1.7820000000000003,PASS,False
slow_01_to_00,test,WL0,settled_min_v,1.6077569475331044,1.4580000000000002,,PASS,False
slow_01_to_00,test,WL1,upper_excursion_v,6.74698474853746e-07,,1.7820000000000003,PASS,False
slow_01_to_00,test,WL1,lower_excursion_v,-6.036018357082987e-06,-0.16200000000000003,,PASS,False
slow_01_to_00,test,WL1,end_level_v,2.379968022071851e-09,-0.16200000000000003,0.16200000000000003,PASS,False
slow_01_to_00,test,WL1,unselected_max_v,6.74698474853746e-07,,0.16200000000000003,PASS,False
slow_01_to_00,test,WL2,upper_excursion_v,5.353162185611968e-07,,1.7820000000000003,PASS,False
slow_01_to_00,test,WL2,lower_excursion_v,-5.99976266476426e-06,-0.16200000000000003,,PASS,False
slow_01_to_00,test,WL2,end_level_v,2.380327365283328e-09,-0.16200000000000003,0.16200000000000003,PASS,False
slow_01_to_00,test,WL2,unselected_max_v,5.353162185611968e-07,,0.16200000000000003,PASS,False
slow_01_to_00,test,WL3,upper_excursion_v,5.362704642430383e-07,,1.7820000000000003,PASS,False
slow_01_to_00,test,WL3,lower_excursion_v,-5.999424114649205e-06,-0.16200000000000003,,PASS,False
slow_01_to_00,test,WL3,end_level_v,2.3803274944860076e-09,-0.16200000000000003,0.16200000000000003,PASS,False
slow_01_to_00,test,WL3,unselected_max_v,5.362704642430383e-07,,0.16200000000000003,PASS,False
slow_01_to_00,recovery,DEC0,end_level_v,4.851991726869478e-07,-0.16200000000000003,0.16200000000000003,PASS,False
slow_01_to_00,recovery,DEC0,settled_max_v,2.115099683676046e-05,,0.16200000000000003,PASS,False
slow_01_to_00,recovery,DEC1,end_level_v,1.1903309646904142e-07,-0.16200000000000003,0.16200000000000003,PASS,False
slow_01_to_00,recovery,DEC1,settled_max_v,0.0001173976751099523,,0.16200000000000003,PASS,False
slow_01_to_00,recovery,DEC2,end_level_v,9.113210508542605e-10,-0.16200000000000003,0.16200000000000003,PASS,False
slow_01_to_00,recovery,DEC2,settled_max_v,3.6292285057455955e-06,,0.16200000000000003,PASS,False
slow_01_to_00,recovery,DEC3,end_level_v,9.11088132938558e-10,-0.16200000000000003,0.16200000000000003,PASS,False
slow_01_to_00,recovery,DEC3,settled_max_v,3.728415547918019e-06,,0.16200000000000003,PASS,False
slow_01_to_00,recovery,WL0,end_level_v,2.380867342225863e-09,-0.16200000000000003,0.16200000000000003,PASS,False
slow_01_to_00,recovery,WL0,settled_max_v,6.789440196982726e-08,,0.16200000000000003,PASS,False
slow_01_to_00,recovery,WL1,end_level_v,2.381664680992139e-09,-0.16200000000000003,0.16200000000000003,PASS,False
slow_01_to_00,recovery,WL1,settled_max_v,1.2572173259550274e-06,,0.16200000000000003,PASS,False
slow_01_to_00,recovery,WL2,end_level_v,2.380327793705325e-09,-0.16200000000000003,0.16200000000000003,PASS,False
slow_01_to_00,recovery,WL2,settled_max_v,1.1645869706725983e-08,,0.16200000000000003,PASS,False
slow_01_to_00,recovery,WL3,end_level_v,2.380327718476668e-09,-0.16200000000000003,0.16200000000000003,PASS,False
slow_01_to_00,recovery,WL3,settled_max_v,1.2246219806629667e-08,,0.16200000000000003,PASS,False
slow_01_to_00,recovery,N0,end_level_v,1.6188444829998838,1.4580000000000002,1.7820000000000003,PASS,False
slow_01_to_00,recovery,N1,end_level_v,1.6197642141699888,1.4580000000000002,1.7820000000000003,PASS,False
slow_01_to_00,recovery,N2,end_level_v,1.619999988831171,1.4580000000000002,1.7820000000000003,PASS,False
slow_01_to_00,recovery,N3,end_level_v,1.6199999890816288,1.4580000000000002,1.7820000000000003,PASS,False
slow_01_to_00,final_precharge,DEC0,settled_max_v,4.265989460439315e-06,,0.16200000000000003,PASS,False
slow_01_to_00,final_precharge,DEC0,settled_min_v,8.334660929879374e-08,-0.16200000000000003,,PASS,False
slow_01_to_00,final_precharge,DEC1,settled_max_v,1.1494181975129412e-08,,0.16200000000000003,PASS,False
slow_01_to_00,final_precharge,DEC1,settled_min_v,2.643811232438955e-09,-0.16200000000000003,,PASS,False
slow_01_to_00,final_precharge,DEC2,settled_max_v,9.497370485848966e-10,,0.16200000000000003,PASS,False
slow_01_to_00,final_precharge,DEC2,settled_min_v,9.069773095617882e-10,-0.16200000000000003,,PASS,False
slow_01_to_00,final_precharge,DEC3,settled_max_v,9.45979230350864e-10,,0.16200000000000003,PASS,False
slow_01_to_00,final_precharge,DEC3,settled_min_v,9.06963520509625e-10,-0.16200000000000003,,PASS,False
slow_01_to_00,final_precharge,WL0,settled_max_v,2.4324267911508026e-08,,0.16200000000000003,PASS,False
slow_01_to_00,final_precharge,WL0,settled_min_v,2.380444334520212e-09,-0.16200000000000003,,PASS,False
slow_01_to_00,final_precharge,WL1,settled_max_v,2.3851844685398927e-09,,0.16200000000000003,PASS,False
slow_01_to_00,final_precharge,WL1,settled_min_v,2.3803276490042895e-09,-0.16200000000000003,,PASS,False
slow_01_to_00,final_precharge,WL2,settled_max_v,2.3803281989482924e-09,,0.16200000000000003,PASS,False
slow_01_to_00,final_precharge,WL2,settled_min_v,2.3802967383212623e-09,-0.16200000000000003,,PASS,False
slow_01_to_00,final_precharge,WL3,settled_max_v,2.3803281413834217e-09,,0.16200000000000003,PASS,False
slow_01_to_00,final_precharge,WL3,settled_min_v,2.3802963677549126e-09,-0.16200000000000003,,PASS,False
slow_01_to_00,final_precharge,N0,end_level_v,1.619558578639898,1.4580000000000002,1.7820000000000003,PASS,False
slow_01_to_00,final_precharge,N1,end_level_v,1.6199731893710616,1.4580000000000002,1.7820000000000003,PASS,False
slow_01_to_00,final_precharge,N2,end_level_v,1.6199999926312394,1.4580000000000002,1.7820000000000003,PASS,False
slow_01_to_00,final_precharge,N3,end_level_v,1.6199999926708506,1.4580000000000002,1.7820000000000003,PASS,False
slow_01_to_01,prime,DEC0,upper_excursion_v,0.0017888863345997558,,1.7820000000000003,PASS,False
slow_01_to_01,prime,DEC0,lower_excursion_v,-0.00025292081696629725,-0.16200000000000003,,PASS,False
slow_01_to_01,prime,DEC0,end_level_v,-9.651788842796078e-07,-0.16200000000000003,0.16200000000000003,PASS,False
slow_01_to_01,prime,DEC0,unselected_max_v,0.0017888863345997558,,0.16200000000000003,PASS,False
slow_01_to_01,prime,DEC1,upper_excursion_v,1.620001834336596,,1.7820000000000003,PASS,False
slow_01_to_01,prime,DEC1,lower_excursion_v,-0.1352530643096068,-0.16200000000000003,,PASS,False
slow_01_to_01,prime,DEC1,end_level_v,1.6199999973911081,1.4580000000000002,1.7820000000000003,PASS,False
slow_01_to_01,prime,DEC1,settled_min_v,1.6199989870041447,1.4580000000000002,,PASS,False
slow_01_to_01,prime,DEC2,upper_excursion_v,0.0017810356712905924,,1.7820000000000003,PASS,False
slow_01_to_01,prime,DEC2,lower_excursion_v,-4.553412531111335e-05,-0.16200000000000003,,PASS,False
slow_01_to_01,prime,DEC2,end_level_v,7.7657122709163e-10,-0.16200000000000003,0.16200000000000003,PASS,False
slow_01_to_01,prime,DEC2,unselected_max_v,0.0017810356712905924,,0.16200000000000003,PASS,False
slow_01_to_01,prime,DEC3,upper_excursion_v,0.0017810359185980932,,1.7820000000000003,PASS,False
slow_01_to_01,prime,DEC3,lower_excursion_v,-4.6119512787921836e-05,-0.16200000000000003,,PASS,False
slow_01_to_01,prime,DEC3,end_level_v,7.765782541532025e-10,-0.16200000000000003,0.16200000000000003,PASS,False
slow_01_to_01,prime,DEC3,unselected_max_v,0.0017810359185980932,,0.16200000000000003,PASS,False
slow_01_to_01,prime,WL0,upper_excursion_v,6.852748962884647e-07,,1.7820000000000003,PASS,False
slow_01_to_01,prime,WL0,lower_excursion_v,-6.024891263084484e-06,-0.16200000000000003,,PASS,False
slow_01_to_01,prime,WL0,end_level_v,2.3802056571556622e-09,-0.16200000000000003,0.16200000000000003,PASS,False
slow_01_to_01,prime,WL0,unselected_max_v,6.852748962884647e-07,,0.16200000000000003,PASS,False
slow_01_to_01,prime,WL1,upper_excursion_v,1.6199999895090968,,1.7820000000000003,PASS,False
slow_01_to_01,prime,WL1,lower_excursion_v,-0.034001573038829655,-0.16200000000000003,,PASS,False
slow_01_to_01,prime,WL1,end_level_v,1.6199999895090964,1.4580000000000002,1.7820000000000003,PASS,False
slow_01_to_01,prime,WL1,settled_min_v,1.6078049656002213,1.4580000000000002,,PASS,False
slow_01_to_01,prime,WL2,upper_excursion_v,5.365013994938545e-07,,1.7820000000000003,PASS,False
slow_01_to_01,prime,WL2,lower_excursion_v,-5.9984976281395695e-06,-0.16200000000000003,,PASS,False
slow_01_to_01,prime,WL2,end_level_v,2.380327339844016e-09,-0.16200000000000003,0.16200000000000003,PASS,False
slow_01_to_01,prime,WL2,unselected_max_v,5.365013994938545e-07,,0.16200000000000003,PASS,False
slow_01_to_01,prime,WL3,upper_excursion_v,5.356031403249934e-07,,1.7820000000000003,PASS,False
slow_01_to_01,prime,WL3,lower_excursion_v,-5.998715001170844e-06,-0.16200000000000003,,PASS,False
slow_01_to_01,prime,WL3,end_level_v,2.3803274329597942e-09,-0.16200000000000003,0.16200000000000003,PASS,False
slow_01_to_01,prime,WL3,unselected_max_v,5.356031403249934e-07,,0.16200000000000003,PASS,False
slow_01_to_01,test,DEC0,upper_excursion_v,0.0017900083733021518,,1.7820000000000003,PASS,False
slow_01_to_01,test,DEC0,lower_excursion_v,-0.0002525925324601702,-0.16200000000000003,,PASS,False
slow_01_to_01,test,DEC0,end_level_v,-3.557666042780202e-07,-0.16200000000000003,0.16200000000000003,PASS,False
slow_01_to_01,test,DEC0,unselected_max_v,0.0017900083733021518,,0.16200000000000003,PASS,False
slow_01_to_01,test,DEC1,upper_excursion_v,1.6200018503445737,,1.7820000000000003,PASS,False
slow_01_to_01,test,DEC1,lower_excursion_v,-0.1358547748619812,-0.16200000000000003,,PASS,False
slow_01_to_01,test,DEC1,end_level_v,1.6199999973864228,1.4580000000000002,1.7820000000000003,PASS,False
slow_01_to_01,test,DEC1,settled_min_v,1.6199989790840439,1.4580000000000002,,PASS,False
slow_01_to_01,test,DEC2,upper_excursion_v,0.0017810220176313026,,1.7820000000000003,PASS,False
slow_01_to_01,test,DEC2,lower_excursion_v,-5.329955572881769e-05,-0.16200000000000003,,PASS,False
slow_01_to_01,test,DEC2,end_level_v,7.765587345286548e-10,-0.16200000000000003,0.16200000000000003,PASS,False
slow_01_to_01,test,DEC2,unselected_max_v,0.0017810220176313026,,0.16200000000000003,PASS,False
slow_01_to_01,test,DEC3,upper_excursion_v,0.0017810217958845816,,1.7820000000000003,PASS,False
slow_01_to_01,test,DEC3,lower_excursion_v,-5.4310087893749435e-05,-0.16200000000000003,,PASS,False
slow_01_to_01,test,DEC3,end_level_v,7.765672704848555e-10,-0.16200000000000003,0.16200000000000003,PASS,False
slow_01_to_01,test,DEC3,unselected_max_v,0.0017810217958845816,,0.16200000000000003,PASS,False
slow_01_to_01,test,WL0,upper_excursion_v,6.861526878943752e-07,,1.7820000000000003,PASS,False
slow_01_to_01,test,WL0,lower_excursion_v,-6.0223480253844775e-06,-0.16200000000000003,,PASS,False
slow_01_to_01,test,WL0,end_level_v,2.380320886692359e-09,-0.16200000000000003,0.16200000000000003,PASS,False
slow_01_to_01,test,WL0,unselected_max_v,6.861526878943752e-07,,0.16200000000000003,PASS,False
slow_01_to_01,test,WL1,upper_excursion_v,1.619999989509095,,1.7820000000000003,PASS,False
slow_01_to_01,test,WL1,lower_excursion_v,-0.03384645974384433,-0.16200000000000003,,PASS,False
slow_01_to_01,test,WL1,end_level_v,1.619999989509095,1.4580000000000002,1.7820000000000003,PASS,False
slow_01_to_01,test,WL1,settled_min_v,1.60770493797575,1.4580000000000002,,PASS,False
slow_01_to_01,test,WL2,upper_excursion_v,5.36667468580853e-07,,1.7820000000000003,PASS,False
slow_01_to_01,test,WL2,lower_excursion_v,-5.997669671631796e-06,-0.16200000000000003,,PASS,False
slow_01_to_01,test,WL2,end_level_v,2.380327414792669e-09,-0.16200000000000003,0.16200000000000003,PASS,False
slow_01_to_01,test,WL2,unselected_max_v,5.36667468580853e-07,,0.16200000000000003,PASS,False
slow_01_to_01,test,WL3,upper_excursion_v,5.357198989199808e-07,,1.7820000000000003,PASS,False
slow_01_to_01,test,WL3,lower_excursion_v,-5.997802318955989e-06,-0.16200000000000003,,PASS,False
slow_01_to_01,test,WL3,end_level_v,2.3803275640884565e-09,-0.16200000000000003,0.16200000000000003,PASS,False
slow_01_to_01,test,WL3,unselected_max_v,5.357198989199808e-07,,0.16200000000000003,PASS,False
slow_01_to_01,recovery,DEC0,end_level_v,1.5370124304751395e-09,-0.16200000000000003,0.16200000000000003,PASS,False
slow_01_to_01,recovery,DEC0,settled_max_v,8.768998053066657e-09,,0.16200000000000003,PASS,False
slow_01_to_01,recovery,DEC1,end_level_v,1.8770211653718522e-08,-0.16200000000000003,0.16200000000000003,PASS,False
slow_01_to_01,recovery,DEC1,settled_max_v,4.41966532877497e-06,,0.16200000000000003,PASS,False
slow_01_to_01,recovery,DEC2,end_level_v,9.067567932058055e-10,-0.16200000000000003,0.16200000000000003,PASS,False
slow_01_to_01,recovery,DEC2,settled_max_v,9.603025682360195e-10,,0.16200000000000003,PASS,False
slow_01_to_01,recovery,DEC3,end_level_v,9.067572488281028e-10,-0.16200000000000003,0.16200000000000003,PASS,False
slow_01_to_01,recovery,DEC3,settled_max_v,9.646346202141437e-10,,0.16200000000000003,PASS,False
slow_01_to_01,recovery,WL0,end_level_v,2.380327476477607e-09,-0.16200000000000003,0.16200000000000003,PASS,False
slow_01_to_01,recovery,WL0,settled_max_v,2.3844676057283004e-09,,0.16200000000000003,PASS,False
slow_01_to_01,recovery,WL1,end_level_v,2.380333221364204e-09,-0.16200000000000003,0.16200000000000003,PASS,False
slow_01_to_01,recovery,WL1,settled_max_v,2.4957296461630132e-08,,0.16200000000000003,PASS,False
slow_01_to_01,recovery,WL2,end_level_v,2.3803274511379087e-09,-0.16200000000000003,0.16200000000000003,PASS,False
slow_01_to_01,recovery,WL2,settled_max_v,2.3803287333111983e-09,,0.16200000000000003,PASS,False
slow_01_to_01,recovery,WL3,end_level_v,2.3803274238279287e-09,-0.16200000000000003,0.16200000000000003,PASS,False
slow_01_to_01,recovery,WL3,settled_max_v,2.3803289316393576e-09,,0.16200000000000003,PASS,False
slow_01_to_01,recovery,N0,end_level_v,1.6199839754614322,1.4580000000000002,1.7820000000000003,PASS,False
slow_01_to_01,recovery,N1,end_level_v,1.6198025869179762,1.4580000000000002,1.7820000000000003,PASS,False
slow_01_to_01,recovery,N2,end_level_v,1.6199999931992144,1.4580000000000002,1.7820000000000003,PASS,False
slow_01_to_01,recovery,N3,end_level_v,1.6199999931916749,1.4580000000000002,1.7820000000000003,PASS,False
slow_01_to_01,final_precharge,DEC0,settled_max_v,6.593798382069883e-09,,0.16200000000000003,PASS,False
slow_01_to_01,final_precharge,DEC0,settled_min_v,1.1744807828324565e-09,-0.16200000000000003,,PASS,False
slow_01_to_01,final_precharge,DEC1,settled_max_v,4.421221015459874e-06,,0.16200000000000003,PASS,False
slow_01_to_01,final_precharge,DEC1,settled_min_v,8.451475329643324e-08,-0.16200000000000003,,PASS,False
slow_01_to_01,final_precharge,DEC2,settled_max_v,9.604731830958763e-10,,0.16200000000000003,PASS,False
slow_01_to_01,final_precharge,DEC2,settled_min_v,9.069686513332268e-10,-0.16200000000000003,,PASS,False
slow_01_to_01,final_precharge,DEC3,settled_max_v,9.648054030428847e-10,,0.16200000000000003,PASS,False
slow_01_to_01,final_precharge,DEC3,settled_min_v,9.069829734588618e-10,-0.16200000000000003,,PASS,False
slow_01_to_01,final_precharge,WL0,settled_max_v,2.384233634237619e-09,,0.16200000000000003,PASS,False
slow_01_to_01,final_precharge,WL0,settled_min_v,2.380327335196143e-09,-0.16200000000000003,,PASS,False
slow_01_to_01,final_precharge,WL1,settled_max_v,2.495541029802214e-08,,0.16200000000000003,PASS,False
slow_01_to_01,final_precharge,WL1,settled_min_v,2.3804471535060546e-09,-0.16200000000000003,,PASS,False
slow_01_to_01,final_precharge,WL2,settled_max_v,2.3803287437094157e-09,,0.16200000000000003,PASS,False
slow_01_to_01,final_precharge,WL2,settled_min_v,2.380303795514386e-09,-0.16200000000000003,,PASS,False
slow_01_to_01,final_precharge,WL3,settled_max_v,2.380328889844187e-09,,0.16200000000000003,PASS,False
slow_01_to_01,final_precharge,WL3,settled_min_v,2.380304448131418e-09,-0.16200000000000003,,PASS,False
slow_01_to_01,final_precharge,N0,end_level_v,1.6199898115998723,1.4580000000000002,1.7820000000000003,PASS,False
slow_01_to_01,final_precharge,N1,end_level_v,1.6195549329928582,1.4580000000000002,1.7820000000000003,PASS,False
slow_01_to_01,final_precharge,N2,end_level_v,1.619999992657578,1.4580000000000002,1.7820000000000003,PASS,False
slow_01_to_01,final_precharge,N3,end_level_v,1.6199999926186637,1.4580000000000002,1.7820000000000003,PASS,False
slow_01_to_10,prime,DEC0,upper_excursion_v,0.0017888863345997558,,1.7820000000000003,PASS,False
slow_01_to_10,prime,DEC0,lower_excursion_v,-0.00025292081696629725,-0.16200000000000003,,PASS,False
slow_01_to_10,prime,DEC0,end_level_v,-9.651788842796078e-07,-0.16200000000000003,0.16200000000000003,PASS,False
slow_01_to_10,prime,DEC0,unselected_max_v,0.0017888863345997558,,0.16200000000000003,PASS,False
slow_01_to_10,prime,DEC1,upper_excursion_v,1.620001834336596,,1.7820000000000003,PASS,False
slow_01_to_10,prime,DEC1,lower_excursion_v,-0.1352530643096068,-0.16200000000000003,,PASS,False
slow_01_to_10,prime,DEC1,end_level_v,1.6199999973911081,1.4580000000000002,1.7820000000000003,PASS,False
slow_01_to_10,prime,DEC1,settled_min_v,1.6199989870041447,1.4580000000000002,,PASS,False
slow_01_to_10,prime,DEC2,upper_excursion_v,0.0017810356712905924,,1.7820000000000003,PASS,False
slow_01_to_10,prime,DEC2,lower_excursion_v,-4.553412531111335e-05,-0.16200000000000003,,PASS,False
slow_01_to_10,prime,DEC2,end_level_v,7.7657122709163e-10,-0.16200000000000003,0.16200000000000003,PASS,False
slow_01_to_10,prime,DEC2,unselected_max_v,0.0017810356712905924,,0.16200000000000003,PASS,False
slow_01_to_10,prime,DEC3,upper_excursion_v,0.0017810359185980932,,1.7820000000000003,PASS,False
slow_01_to_10,prime,DEC3,lower_excursion_v,-4.6119512787921836e-05,-0.16200000000000003,,PASS,False
slow_01_to_10,prime,DEC3,end_level_v,7.765782541532025e-10,-0.16200000000000003,0.16200000000000003,PASS,False
slow_01_to_10,prime,DEC3,unselected_max_v,0.0017810359185980932,,0.16200000000000003,PASS,False
slow_01_to_10,prime,WL0,upper_excursion_v,6.852748962884647e-07,,1.7820000000000003,PASS,False
slow_01_to_10,prime,WL0,lower_excursion_v,-6.024891263084484e-06,-0.16200000000000003,,PASS,False
slow_01_to_10,prime,WL0,end_level_v,2.3802056571556622e-09,-0.16200000000000003,0.16200000000000003,PASS,False
slow_01_to_10,prime,WL0,unselected_max_v,6.852748962884647e-07,,0.16200000000000003,PASS,False
slow_01_to_10,prime,WL1,upper_excursion_v,1.6199999895090968,,1.7820000000000003,PASS,False
slow_01_to_10,prime,WL1,lower_excursion_v,-0.034001573038829655,-0.16200000000000003,,PASS,False
slow_01_to_10,prime,WL1,end_level_v,1.6199999895090964,1.4580000000000002,1.7820000000000003,PASS,False
slow_01_to_10,prime,WL1,settled_min_v,1.6078049656002213,1.4580000000000002,,PASS,False
slow_01_to_10,prime,WL2,upper_excursion_v,5.365013994938545e-07,,1.7820000000000003,PASS,False
slow_01_to_10,prime,WL2,lower_excursion_v,-5.9984976281395695e-06,-0.16200000000000003,,PASS,False
slow_01_to_10,prime,WL2,end_level_v,2.380327339844016e-09,-0.16200000000000003,0.16200000000000003,PASS,False
slow_01_to_10,prime,WL2,unselected_max_v,5.365013994938545e-07,,0.16200000000000003,PASS,False
slow_01_to_10,prime,WL3,upper_excursion_v,5.356031403249934e-07,,1.7820000000000003,PASS,False
slow_01_to_10,prime,WL3,lower_excursion_v,-5.998715001170844e-06,-0.16200000000000003,,PASS,False
slow_01_to_10,prime,WL3,end_level_v,2.3803274329597942e-09,-0.16200000000000003,0.16200000000000003,PASS,False
slow_01_to_10,prime,WL3,unselected_max_v,5.356031403249934e-07,,0.16200000000000003,PASS,False
slow_01_to_10,test,DEC0,upper_excursion_v,0.001781504617330493,,1.7820000000000003,PASS,False
slow_01_to_10,test,DEC0,lower_excursion_v,-9.168834262742646e-05,-0.16200000000000003,,PASS,False
slow_01_to_10,test,DEC0,end_level_v,7.765798736673641e-10,-0.16200000000000003,0.16200000000000003,PASS,False
slow_01_to_10,test,DEC0,unselected_max_v,0.001781504617330493,,0.16200000000000003,PASS,False
slow_01_to_10,test,DEC1,upper_excursion_v,0.0017815137319122127,,1.7820000000000003,PASS,False
slow_01_to_10,test,DEC1,lower_excursion_v,-9.07506742915498e-05,-0.16200000000000003,,PASS,False
slow_01_to_10,test,DEC1,end_level_v,7.766034183573982e-10,-0.16200000000000003,0.16200000000000003,PASS,False
slow_01_to_10,test,DEC1,unselected_max_v,0.0017815137319122127,,0.16200000000000003,PASS,False
slow_01_to_10,test,DEC2,upper_excursion_v,1.6199999974021595,,1.7820000000000003,PASS,False
slow_01_to_10,test,DEC2,lower_excursion_v,-0.13531387220990387,-0.16200000000000003,,PASS,False
slow_01_to_10,test,DEC2,end_level_v,1.6199999973906887,1.4580000000000002,1.7820000000000003,PASS,False
slow_01_to_10,test,DEC2,settled_min_v,1.6199989556306917,1.4580000000000002,,PASS,False
slow_01_to_10,test,DEC3,upper_excursion_v,0.001778002061684552,,1.7820000000000003,PASS,False
slow_01_to_10,test,DEC3,lower_excursion_v,-0.00027028345771033455,-0.16200000000000003,,PASS,False
slow_01_to_10,test,DEC3,end_level_v,-1.3058663036608082e-06,-0.16200000000000003,0.16200000000000003,PASS,False
slow_01_to_10,test,DEC3,unselected_max_v,0.001778002061684552,,0.16200000000000003,PASS,False
slow_01_to_10,test,WL0,upper_excursion_v,4.950739148676838e-07,,1.7820000000000003,PASS,False
slow_01_to_10,test,WL0,lower_excursion_v,-6.012296361817117e-06,-0.16200000000000003,,PASS,False
slow_01_to_10,test,WL0,end_level_v,2.380327415975099e-09,-0.16200000000000003,0.16200000000000003,PASS,False
slow_01_to_10,test,WL0,unselected_max_v,4.950739148676838e-07,,0.16200000000000003,PASS,False
slow_01_to_10,test,WL1,upper_excursion_v,4.962243724935927e-07,,1.7820000000000003,PASS,False
slow_01_to_10,test,WL1,lower_excursion_v,-6.012694323520489e-06,-0.16200000000000003,,PASS,False
slow_01_to_10,test,WL1,end_level_v,2.3803274267854088e-09,-0.16200000000000003,0.16200000000000003,PASS,False
slow_01_to_10,test,WL1,unselected_max_v,4.962243724935927e-07,,0.16200000000000003,PASS,False
slow_01_to_10,test,WL2,upper_excursion_v,1.6199999895090902,,1.7820000000000003,PASS,False
slow_01_to_10,test,WL2,lower_excursion_v,-0.03421685740233015,-0.16200000000000003,,PASS,False
slow_01_to_10,test,WL2,end_level_v,1.61999998950909,1.4580000000000002,1.7820000000000003,PASS,False
slow_01_to_10,test,WL2,settled_min_v,1.6076080344565176,1.4580000000000002,,PASS,False
slow_01_to_10,test,WL3,upper_excursion_v,6.660604093641861e-07,,1.7820000000000003,PASS,False
slow_01_to_10,test,WL3,lower_excursion_v,-6.040437667793339e-06,-0.16200000000000003,,PASS,False
slow_01_to_10,test,WL3,end_level_v,2.3800358962951882e-09,-0.16200000000000003,0.16200000000000003,PASS,False
slow_01_to_10,test,WL3,unselected_max_v,6.660604093641861e-07,,0.16200000000000003,PASS,False
slow_01_to_10,recovery,DEC0,end_level_v,8.924795350441957e-10,-0.16200000000000003,0.16200000000000003,PASS,False
slow_01_to_10,recovery,DEC0,settled_max_v,0.00058237497619782,,0.16200000000000003,PASS,False
slow_01_to_10,recovery,DEC1,end_level_v,8.927589704414881e-10,-0.16200000000000003,0.16200000000000003,PASS,False
slow_01_to_10,recovery,DEC1,settled_max_v,0.0005884442053867104,,0.16200000000000003,PASS,False
slow_01_to_10,recovery,DEC2,end_level_v,1.381394568755942e-07,-0.16200000000000003,0.16200000000000003,PASS,False
slow_01_to_10,recovery,DEC2,settled_max_v,0.0008483665825547622,,0.16200000000000003,PASS,False
slow_01_to_10,recovery,DEC3,end_level_v,7.842160452215556e-08,-0.16200000000000003,0.16200000000000003,PASS,False
slow_01_to_10,recovery,DEC3,settled_max_v,0.0008455482810558242,,0.16200000000000003,PASS,False
slow_01_to_10,recovery,WL0,end_level_v,2.3803271158451046e-09,-0.16200000000000003,0.16200000000000003,PASS,False
slow_01_to_10,recovery,WL0,settled_max_v,2.888624771171345e-06,,0.16200000000000003,PASS,False
slow_01_to_10,recovery,WL1,end_level_v,2.380327081800121e-09,-0.16200000000000003,0.16200000000000003,PASS,False
slow_01_to_10,recovery,WL1,settled_max_v,2.8572915044897572e-06,,0.16200000000000003,PASS,False
slow_01_to_10,recovery,WL2,end_level_v,2.3807485369804315e-09,-0.16200000000000003,0.16200000000000003,PASS,False
slow_01_to_10,recovery,WL2,settled_max_v,5.640896002631843e-06,,0.16200000000000003,PASS,False
slow_01_to_10,recovery,WL3,end_level_v,2.3809177105657978e-09,-0.16200000000000003,0.16200000000000003,PASS,False
slow_01_to_10,recovery,WL3,settled_max_v,2.3749235440148398e-06,,0.16200000000000003,PASS,False
slow_01_to_10,recovery,N0,end_level_v,1.6200000123413838,1.4580000000000002,1.7820000000000003,PASS,False
slow_01_to_10,recovery,N1,end_level_v,1.6200000119657088,1.4580000000000002,1.7820000000000003,PASS,False
slow_01_to_10,recovery,N2,end_level_v,1.6196056152840324,1.4580000000000002,1.7820000000000003,PASS,False
slow_01_to_10,recovery,N3,end_level_v,1.619810314086699,1.4580000000000002,1.7820000000000003,PASS,False
slow_01_to_10,final_precharge,DEC0,settled_max_v,1.1109675093979103e-09,,0.16200000000000003,PASS,False
slow_01_to_10,final_precharge,DEC0,settled_min_v,9.074071780945229e-10,-0.16200000000000003,,PASS,False
slow_01_to_10,final_precharge,DEC1,settled_max_v,1.1064228080017503e-09,,0.16200000000000003,PASS,False
slow_01_to_10,final_precharge,DEC1,settled_min_v,9.073931273681315e-10,-0.16200000000000003,,PASS,False
slow_01_to_10,final_precharge,DEC2,settled_max_v,4.973798118077699e-06,,0.16200000000000003,PASS,False
slow_01_to_10,final_precharge,DEC2,settled_min_v,8.542845845657701e-08,-0.16200000000000003,,PASS,False
slow_01_to_10,final_precharge,DEC3,settled_max_v,7.018867510634989e-09,,0.16200000000000003,PASS,False
slow_01_to_10,final_precharge,DEC3,settled_min_v,2.6492399628208506e-09,-0.16200000000000003,,PASS,False
slow_01_to_10,final_precharge,WL0,settled_max_v,2.380350837191008e-09,,0.16200000000000003,PASS,False
slow_01_to_10,final_precharge,WL0,settled_min_v,2.3803273486106606e-09,-0.16200000000000003,,PASS,False
slow_01_to_10,final_precharge,WL1,settled_max_v,2.38035011411495e-09,,0.16200000000000003,PASS,False
slow_01_to_10,final_precharge,WL1,settled_min_v,2.3803273338709067e-09,-0.16200000000000003,,PASS,False
slow_01_to_10,final_precharge,WL2,settled_max_v,2.239109998989974e-08,,0.16200000000000003,PASS,False
slow_01_to_10,final_precharge,WL2,settled_min_v,2.3804500104177186e-09,-0.16200000000000003,,PASS,False
slow_01_to_10,final_precharge,WL3,settled_max_v,2.381027589930552e-09,,0.16200000000000003,PASS,False
slow_01_to_10,final_precharge,WL3,settled_min_v,2.3803275993529593e-09,-0.16200000000000003,,PASS,False
slow_01_to_10,final_precharge,N0,end_level_v,1.6199999914135654,1.4580000000000002,1.7820000000000003,PASS,False
slow_01_to_10,final_precharge,N1,end_level_v,1.6199999914541376,1.4580000000000002,1.7820000000000003,PASS,False
slow_01_to_10,final_precharge,N2,end_level_v,1.6195526596727483,1.4580000000000002,1.7820000000000003,PASS,False
slow_01_to_10,final_precharge,N3,end_level_v,1.6199730875999037,1.4580000000000002,1.7820000000000003,PASS,False
slow_01_to_11,prime,DEC0,upper_excursion_v,0.0017888863345997558,,1.7820000000000003,PASS,False
slow_01_to_11,prime,DEC0,lower_excursion_v,-0.00025292081696629725,-0.16200000000000003,,PASS,False
slow_01_to_11,prime,DEC0,end_level_v,-9.651788842796078e-07,-0.16200000000000003,0.16200000000000003,PASS,False
slow_01_to_11,prime,DEC0,unselected_max_v,0.0017888863345997558,,0.16200000000000003,PASS,False
slow_01_to_11,prime,DEC1,upper_excursion_v,1.620001834336596,,1.7820000000000003,PASS,False
slow_01_to_11,prime,DEC1,lower_excursion_v,-0.1352530643096068,-0.16200000000000003,,PASS,False
slow_01_to_11,prime,DEC1,end_level_v,1.6199999973911081,1.4580000000000002,1.7820000000000003,PASS,False
slow_01_to_11,prime,DEC1,settled_min_v,1.6199989870041447,1.4580000000000002,,PASS,False
slow_01_to_11,prime,DEC2,upper_excursion_v,0.0017810356712905924,,1.7820000000000003,PASS,False
slow_01_to_11,prime,DEC2,lower_excursion_v,-4.553412531111335e-05,-0.16200000000000003,,PASS,False
slow_01_to_11,prime,DEC2,end_level_v,7.7657122709163e-10,-0.16200000000000003,0.16200000000000003,PASS,False
slow_01_to_11,prime,DEC2,unselected_max_v,0.0017810356712905924,,0.16200000000000003,PASS,False
slow_01_to_11,prime,DEC3,upper_excursion_v,0.0017810359185980932,,1.7820000000000003,PASS,False
slow_01_to_11,prime,DEC3,lower_excursion_v,-4.6119512787921836e-05,-0.16200000000000003,,PASS,False
slow_01_to_11,prime,DEC3,end_level_v,7.765782541532025e-10,-0.16200000000000003,0.16200000000000003,PASS,False
slow_01_to_11,prime,DEC3,unselected_max_v,0.0017810359185980932,,0.16200000000000003,PASS,False
slow_01_to_11,prime,WL0,upper_excursion_v,6.852748962884647e-07,,1.7820000000000003,PASS,False
slow_01_to_11,prime,WL0,lower_excursion_v,-6.024891263084484e-06,-0.16200000000000003,,PASS,False
slow_01_to_11,prime,WL0,end_level_v,2.3802056571556622e-09,-0.16200000000000003,0.16200000000000003,PASS,False
slow_01_to_11,prime,WL0,unselected_max_v,6.852748962884647e-07,,0.16200000000000003,PASS,False
slow_01_to_11,prime,WL1,upper_excursion_v,1.6199999895090968,,1.7820000000000003,PASS,False
slow_01_to_11,prime,WL1,lower_excursion_v,-0.034001573038829655,-0.16200000000000003,,PASS,False
slow_01_to_11,prime,WL1,end_level_v,1.6199999895090964,1.4580000000000002,1.7820000000000003,PASS,False
slow_01_to_11,prime,WL1,settled_min_v,1.6078049656002213,1.4580000000000002,,PASS,False
slow_01_to_11,prime,WL2,upper_excursion_v,5.365013994938545e-07,,1.7820000000000003,PASS,False
slow_01_to_11,prime,WL2,lower_excursion_v,-5.9984976281395695e-06,-0.16200000000000003,,PASS,False
slow_01_to_11,prime,WL2,end_level_v,2.380327339844016e-09,-0.16200000000000003,0.16200000000000003,PASS,False
slow_01_to_11,prime,WL2,unselected_max_v,5.365013994938545e-07,,0.16200000000000003,PASS,False
slow_01_to_11,prime,WL3,upper_excursion_v,5.356031403249934e-07,,1.7820000000000003,PASS,False
slow_01_to_11,prime,WL3,lower_excursion_v,-5.998715001170844e-06,-0.16200000000000003,,PASS,False
slow_01_to_11,prime,WL3,end_level_v,2.3803274329597942e-09,-0.16200000000000003,0.16200000000000003,PASS,False
slow_01_to_11,prime,WL3,unselected_max_v,5.356031403249934e-07,,0.16200000000000003,PASS,False
slow_01_to_11,test,DEC0,upper_excursion_v,0.001782003292056172,,1.7820000000000003,PASS,False
slow_01_to_11,test,DEC0,lower_excursion_v,-8.837880717283236e-05,-0.16200000000000003,,PASS,False
slow_01_to_11,test,DEC0,end_level_v,7.766141320361773e-10,-0.16200000000000003,0.16200000000000003,PASS,False
slow_01_to_11,test,DEC0,unselected_max_v,0.001782003292056172,,0.16200000000000003,PASS,False
slow_01_to_11,test,DEC1,upper_excursion_v,0.001782001992099815,,1.7820000000000003,PASS,False
slow_01_to_11,test,DEC1,lower_excursion_v,-8.897203710254075e-05,-0.16200000000000003,,PASS,False
slow_01_to_11,test,DEC1,end_level_v,7.765896705647534e-10,-0.16200000000000003,0.16200000000000003,PASS,False
slow_01_to_11,test,DEC1,unselected_max_v,0.001782001992099815,,0.16200000000000003,PASS,False
slow_01_to_11,test,DEC2,upper_excursion_v,0.001777552658357489,,1.7820000000000003,PASS,False
slow_01_to_11,test,DEC2,lower_excursion_v,-0.0003062741197756083,-0.16200000000000003,,PASS,False
slow_01_to_11,test,DEC2,end_level_v,-1.3678942086189924e-06,-0.16200000000000003,0.16200000000000003,PASS,False
slow_01_to_11,test,DEC2,unselected_max_v,0.001777552658357489,,0.16200000000000003,PASS,False
slow_01_to_11,test,DEC3,upper_excursion_v,1.6200042059338329,,1.7820000000000003,PASS,False
slow_01_to_11,test,DEC3,lower_excursion_v,-0.13797694161849233,-0.16200000000000003,,PASS,False
slow_01_to_11,test,DEC3,end_level_v,1.6199999973915364,1.4580000000000002,1.7820000000000003,PASS,False
slow_01_to_11,test,DEC3,settled_min_v,1.61999898953292,1.4580000000000002,,PASS,False
slow_01_to_11,test,WL0,upper_excursion_v,5.037757702148405e-07,,1.7820000000000003,PASS,False
slow_01_to_11,test,WL0,lower_excursion_v,-6.019329466929405e-06,-0.16200000000000003,,PASS,False
slow_01_to_11,test,WL0,end_level_v,2.3803274497330136e-09,-0.16200000000000003,0.16200000000000003,PASS,False
slow_01_to_11,test,WL0,unselected_max_v,5.037757702148405e-07,,0.16200000000000003,PASS,False
slow_01_to_11,test,WL1,upper_excursion_v,5.033405548838342e-07,,1.7820000000000003,PASS,False
slow_01_to_11,test,WL1,lower_excursion_v,-6.019465726049378e-06,-0.16200000000000003,,PASS,False
slow_01_to_11,test,WL1,end_level_v,2.380327453783995e-09,-0.16200000000000003,0.16200000000000003,PASS,False
slow_01_to_11,test,WL1,unselected_max_v,5.033405548838342e-07,,0.16200000000000003,PASS,False
slow_01_to_11,test,WL2,upper_excursion_v,6.759932146589983e-07,,1.7820000000000003,PASS,False
slow_01_to_11,test,WL2,lower_excursion_v,-6.037329309057754e-06,-0.16200000000000003,,PASS,False
slow_01_to_11,test,WL2,end_level_v,2.379994197451882e-09,-0.16200000000000003,0.16200000000000003,PASS,False
slow_01_to_11,test,WL2,unselected_max_v,6.759932146589983e-07,,0.16200000000000003,PASS,False
slow_01_to_11,test,WL3,upper_excursion_v,1.6199999895091,,1.7820000000000003,PASS,False
slow_01_to_11,test,WL3,lower_excursion_v,-0.033948370355916364,-0.16200000000000003,,PASS,False
slow_01_to_11,test,WL3,end_level_v,1.6199999895090993,1.4580000000000002,1.7820000000000003,PASS,False
slow_01_to_11,test,WL3,settled_min_v,1.6077925470954633,1.4580000000000002,,PASS,False
slow_01_to_11,recovery,DEC0,end_level_v,9.118391397890246e-10,-0.16200000000000003,0.16200000000000003,PASS,False
slow_01_to_11,recovery,DEC0,settled_max_v,0.0005836541455905193,,0.16200000000000003,PASS,False
slow_01_to_11,recovery,DEC1,end_level_v,9.119459743973464e-10,-0.16200000000000003,0.16200000000000003,PASS,False
slow_01_to_11,recovery,DEC1,settled_max_v,0.0005899388137750492,,0.16200000000000003,PASS,False
slow_01_to_11,recovery,DEC2,end_level_v,1.1064417145847644e-07,-0.16200000000000003,0.16200000000000003,PASS,False
slow_01_to_11,recovery,DEC2,settled_max_v,0.0008516155663306926,,0.16200000000000003,PASS,False
slow_01_to_11,recovery,DEC3,end_level_v,-2.865044261990154e-08,-0.16200000000000003,0.16200000000000003,PASS,False
slow_01_to_11,recovery,DEC3,settled_max_v,0.000846165654116163,,0.16200000000000003,PASS,False
slow_01_to_11,recovery,WL0,end_level_v,2.380327574126659e-09,-0.16200000000000003,0.16200000000000003,PASS,False
slow_01_to_11,recovery,WL0,settled_max_v,2.903647100981951e-06,,0.16200000000000003,PASS,False
slow_01_to_11,recovery,WL1,end_level_v,2.3803275087847266e-09,-0.16200000000000003,0.16200000000000003,PASS,False
slow_01_to_11,recovery,WL1,settled_max_v,2.871326475094541e-06,,0.16200000000000003,PASS,False
slow_01_to_11,recovery,WL2,end_level_v,2.3815188021550023e-09,-0.16200000000000003,0.16200000000000003,PASS,False
slow_01_to_11,recovery,WL2,settled_max_v,7.505426189805988e-06,,0.16200000000000003,PASS,False
slow_01_to_11,recovery,WL3,end_level_v,2.3804605781062853e-09,-0.16200000000000003,0.16200000000000003,PASS,False
slow_01_to_11,recovery,WL3,settled_max_v,2.3879429171254737e-06,,0.16200000000000003,PASS,False
slow_01_to_11,recovery,N0,end_level_v,1.619999986705276,1.4580000000000002,1.7820000000000003,PASS,False
slow_01_to_11,recovery,N1,end_level_v,1.6199999865648869,1.4580000000000002,1.7820000000000003,PASS,False
slow_01_to_11,recovery,N2,end_level_v,1.6197726719220729,1.4580000000000002,1.7820000000000003,PASS,False
slow_01_to_11,recovery,N3,end_level_v,1.6199949125960575,1.4580000000000002,1.7820000000000003,PASS,False
slow_01_to_11,final_precharge,DEC0,settled_max_v,1.1306146500558447e-09,,0.16200000000000003,PASS,False
slow_01_to_11,final_precharge,DEC0,settled_min_v,9.074037279577459e-10,-0.16200000000000003,,PASS,False
slow_01_to_11,final_precharge,DEC1,settled_max_v,1.1355941747199893e-09,,0.16200000000000003,PASS,False
slow_01_to_11,final_precharge,DEC1,settled_min_v,9.074188847666673e-10,-0.16200000000000003,,PASS,False
slow_01_to_11,final_precharge,DEC2,settled_max_v,7.128125385084391e-09,,0.16200000000000003,PASS,False
slow_01_to_11,final_precharge,DEC2,settled_min_v,2.7493401548450723e-09,-0.16200000000000003,,PASS,False
slow_01_to_11,final_precharge,DEC3,settled_max_v,4.979902548165912e-06,,0.16200000000000003,PASS,False
slow_01_to_11,final_precharge,DEC3,settled_min_v,8.616141879483368e-08,-0.16200000000000003,,PASS,False
slow_01_to_11,final_precharge,WL0,settled_max_v,2.380363484510492e-09,,0.16200000000000003,PASS,False
slow_01_to_11,final_precharge,WL0,settled_min_v,2.3803273554523475e-09,-0.16200000000000003,,PASS,False
slow_01_to_11,final_precharge,WL1,settled_max_v,2.380364441610783e-09,,0.16200000000000003,PASS,False
slow_01_to_11,final_precharge,WL1,settled_min_v,2.3803273510592095e-09,-0.16200000000000003,,PASS,False
slow_01_to_11,final_precharge,WL2,settled_max_v,2.3808875331385863e-09,,0.16200000000000003,PASS,False
slow_01_to_11,final_precharge,WL2,settled_min_v,2.3803277429855207e-09,-0.16200000000000003,,PASS,False
slow_01_to_11,final_precharge,WL3,settled_max_v,2.3165635868004533e-08,,0.16200000000000003,PASS,False
slow_01_to_11,final_precharge,WL3,settled_min_v,2.3804516157766724e-09,-0.16200000000000003,,PASS,False
slow_01_to_11,final_precharge,N0,end_level_v,1.6199999914318164,1.4580000000000002,1.7820000000000003,PASS,False
slow_01_to_11,final_precharge,N1,end_level_v,1.6199999913907457,1.4580000000000002,1.7820000000000003,PASS,False
slow_01_to_11,final_precharge,N2,end_level_v,1.619972305613064,1.4580000000000002,1.7820000000000003,PASS,False
slow_01_to_11,final_precharge,N3,end_level_v,1.6195502632114818,1.4580000000000002,1.7820000000000003,PASS,False
slow_10_to_00,prime,DEC0,upper_excursion_v,0.0017816198604825363,,1.7820000000000003,PASS,False
slow_10_to_00,prime,DEC0,lower_excursion_v,-8.375692689990973e-05,-0.16200000000000003,,PASS,False
slow_10_to_00,prime,DEC0,end_level_v,7.765636633412181e-10,-0.16200000000000003,0.16200000000000003,PASS,False
slow_10_to_00,prime,DEC0,unselected_max_v,0.0017816198604825363,,0.16200000000000003,PASS,False
slow_10_to_00,prime,DEC1,upper_excursion_v,0.0017816196646250875,,1.7820000000000003,PASS,False
slow_10_to_00,prime,DEC1,lower_excursion_v,-8.33684550239059e-05,-0.16200000000000003,,PASS,False
slow_10_to_00,prime,DEC1,end_level_v,7.76554577791073e-10,-0.16200000000000003,0.16200000000000003,PASS,False
slow_10_to_00,prime,DEC1,unselected_max_v,0.0017816196646250875,,0.16200000000000003,PASS,False
slow_10_to_00,prime,DEC2,upper_excursion_v,1.619999997389909,,1.7820000000000003,PASS,False
slow_10_to_00,prime,DEC2,lower_excursion_v,-0.1351390263839809,-0.16200000000000003,,PASS,False
slow_10_to_00,prime,DEC2,end_level_v,1.619999997387889,1.4580000000000002,1.7820000000000003,PASS,False
slow_10_to_00,prime,DEC2,settled_min_v,1.619998962403087,1.4580000000000002,,PASS,False
slow_10_to_00,prime,DEC3,upper_excursion_v,0.0017811661682195562,,1.7820000000000003,PASS,False
slow_10_to_00,prime,DEC3,lower_excursion_v,-0.00025311636489677714,-0.16200000000000003,,PASS,False
slow_10_to_00,prime,DEC3,end_level_v,-9.439234181125857e-07,-0.16200000000000003,0.16200000000000003,PASS,False
slow_10_to_00,prime,DEC3,unselected_max_v,0.0017811661682195562,,0.16200000000000003,PASS,False
slow_10_to_00,prime,WL0,upper_excursion_v,5.003797104722574e-07,,1.7820000000000003,PASS,False
slow_10_to_00,prime,WL0,lower_excursion_v,-6.017550227491728e-06,-0.16200000000000003,,PASS,False
slow_10_to_00,prime,WL0,end_level_v,2.3803274124544087e-09,-0.16200000000000003,0.16200000000000003,PASS,False
slow_10_to_00,prime,WL0,unselected_max_v,5.003797104722574e-07,,0.16200000000000003,PASS,False
slow_10_to_00,prime,WL1,upper_excursion_v,5.008769740877813e-07,,1.7820000000000003,PASS,False
slow_10_to_00,prime,WL1,lower_excursion_v,-6.017365866982224e-06,-0.16200000000000003,,PASS,False
slow_10_to_00,prime,WL1,end_level_v,2.380327466616644e-09,-0.16200000000000003,0.16200000000000003,PASS,False
slow_10_to_00,prime,WL1,unselected_max_v,5.008769740877813e-07,,0.16200000000000003,PASS,False
slow_10_to_00,prime,WL2,upper_excursion_v,1.6199999895090902,,1.7820000000000003,PASS,False
slow_10_to_00,prime,WL2,lower_excursion_v,-0.03390775390682602,-0.16200000000000003,,PASS,False
slow_10_to_00,prime,WL2,end_level_v,1.61999998950909,1.4580000000000002,1.7820000000000003,PASS,False
slow_10_to_00,prime,WL2,settled_min_v,1.6076903352041125,1.4580000000000002,,PASS,False
slow_10_to_00,prime,WL3,upper_excursion_v,6.668622103765494e-07,,1.7820000000000003,PASS,False
slow_10_to_00,prime,WL3,lower_excursion_v,-6.034667139532788e-06,-0.16200000000000003,,PASS,False
slow_10_to_00,prime,WL3,end_level_v,2.3802134543207137e-09,-0.16200000000000003,0.16200000000000003,PASS,False
slow_10_to_00,prime,WL3,unselected_max_v,6.668622103765494e-07,,0.16200000000000003,PASS,False
slow_10_to_00,test,DEC0,upper_excursion_v,1.6199999974658086,,1.7820000000000003,PASS,False
slow_10_to_00,test,DEC0,lower_excursion_v,-0.1309774610212806,-0.16200000000000003,,PASS,False
slow_10_to_00,test,DEC0,end_level_v,1.6199999974020272,1.4580000000000002,1.7820000000000003,PASS,False
slow_10_to_00,test,DEC0,settled_min_v,1.6199989393317313,1.4580000000000002,,PASS,False
slow_10_to_00,test,DEC1,upper_excursion_v,0.0017848352577378998,,1.7820000000000003,PASS,False
slow_10_to_00,test,DEC1,lower_excursion_v,-0.00028917135326638616,-0.16200000000000003,,PASS,False
slow_10_to_00,test,DEC1,end_level_v,-1.433691780673014e-06,-0.16200000000000003,0.16200000000000003,PASS,False
slow_10_to_00,test,DEC1,unselected_max_v,0.0017848352577378998,,0.16200000000000003,PASS,False
slow_10_to_00,test,DEC2,upper_excursion_v,0.0017810685397230425,,1.7820000000000003,PASS,False
slow_10_to_00,test,DEC2,lower_excursion_v,-4.883756818213771e-05,-0.16200000000000003,,PASS,False
slow_10_to_00,test,DEC2,end_level_v,7.766017638141552e-10,-0.16200000000000003,0.16200000000000003,PASS,False
slow_10_to_00,test,DEC2,unselected_max_v,0.0017810685397230425,,0.16200000000000003,PASS,False
slow_10_to_00,test,DEC3,upper_excursion_v,0.001781068428852419,,1.7820000000000003,PASS,False
slow_10_to_00,test,DEC3,lower_excursion_v,-4.8234703805439234e-05,-0.16200000000000003,,PASS,False
slow_10_to_00,test,DEC3,end_level_v,7.766260874301429e-10,-0.16200000000000003,0.16200000000000003,PASS,False
slow_10_to_00,test,DEC3,unselected_max_v,0.001781068428852419,,0.16200000000000003,PASS,False
slow_10_to_00,test,WL0,upper_excursion_v,1.6199999895090988,,1.7820000000000003,PASS,False
slow_10_to_00,test,WL0,lower_excursion_v,-0.034370668734147264,-0.16200000000000003,,PASS,False
slow_10_to_00,test,WL0,end_level_v,1.6199999895090984,1.4580000000000002,1.7820000000000003,PASS,False
slow_10_to_00,test,WL0,settled_min_v,1.6074701342371092,1.4580000000000002,,PASS,False
slow_10_to_00,test,WL1,upper_excursion_v,6.960447519580448e-07,,1.7820000000000003,PASS,False
slow_10_to_00,test,WL1,lower_excursion_v,-6.0310319361514835e-06,-0.16200000000000003,,PASS,False
slow_10_to_00,test,WL1,end_level_v,2.379945546592645e-09,-0.16200000000000003,0.16200000000000003,PASS,False
slow_10_to_00,test,WL1,unselected_max_v,6.960447519580448e-07,,0.16200000000000003,PASS,False
slow_10_to_00,test,WL2,upper_excursion_v,5.367148675751296e-07,,1.7820000000000003,PASS,False
slow_10_to_00,test,WL2,lower_excursion_v,-5.998238395254334e-06,-0.16200000000000003,,PASS,False
slow_10_to_00,test,WL2,end_level_v,2.3803273763617475e-09,-0.16200000000000003,0.16200000000000003,PASS,False
slow_10_to_00,test,WL2,unselected_max_v,5.367148675751296e-07,,0.16200000000000003,PASS,False
slow_10_to_00,test,WL3,upper_excursion_v,5.377305229374578e-07,,1.7820000000000003,PASS,False
slow_10_to_00,test,WL3,lower_excursion_v,-5.998072512809542e-06,-0.16200000000000003,,PASS,False
slow_10_to_00,test,WL3,end_level_v,2.3803274824462106e-09,-0.16200000000000003,0.16200000000000003,PASS,False
slow_10_to_00,test,WL3,unselected_max_v,5.377305229374578e-07,,0.16200000000000003,PASS,False
slow_10_to_00,recovery,DEC0,end_level_v,-2.1246687937368685e-08,-0.16200000000000003,0.16200000000000003,PASS,False
slow_10_to_00,recovery,DEC0,settled_max_v,0.00036141514677974886,,0.16200000000000003,PASS,False
slow_10_to_00,recovery,DEC1,end_level_v,1.3850791417473384e-07,-0.16200000000000003,0.16200000000000003,PASS,False
slow_10_to_00,recovery,DEC1,settled_max_v,0.00036201731852986927,,0.16200000000000003,PASS,False
slow_10_to_00,recovery,DEC2,end_level_v,9.090084771853096e-10,-0.16200000000000003,0.16200000000000003,PASS,False
slow_10_to_00,recovery,DEC2,settled_max_v,0.0008070464912992891,,0.16200000000000003,PASS,False
slow_10_to_00,recovery,DEC3,end_level_v,9.08878140311269e-10,-0.16200000000000003,0.16200000000000003,PASS,False
slow_10_to_00,recovery,DEC3,settled_max_v,0.0007983590695563799,,0.16200000000000003,PASS,False
slow_10_to_00,recovery,WL0,end_level_v,2.380317008450453e-09,-0.16200000000000003,0.16200000000000003,PASS,False
slow_10_to_00,recovery,WL0,settled_max_v,1.1336148730461172e-06,,0.16200000000000003,PASS,False
slow_10_to_00,recovery,WL1,end_level_v,2.3822225247401413e-09,-0.16200000000000003,0.16200000000000003,PASS,False
slow_10_to_00,recovery,WL1,settled_max_v,1.4104895538792242e-06,,0.16200000000000003,PASS,False
slow_10_to_00,recovery,WL2,end_level_v,2.3803274520163257e-09,-0.16200000000000003,0.16200000000000003,PASS,False
slow_10_to_00,recovery,WL2,settled_max_v,4.044292548585998e-06,,0.16200000000000003,PASS,False
slow_10_to_00,recovery,WL3,end_level_v,2.3803275374149535e-09,-0.16200000000000003,0.16200000000000003,PASS,False
slow_10_to_00,recovery,WL3,settled_max_v,4.091302713253851e-06,,0.16200000000000003,PASS,False
slow_10_to_00,recovery,N0,end_level_v,1.6200012302490643,1.4580000000000002,1.7820000000000003,PASS,False
slow_10_to_00,recovery,N1,end_level_v,1.6197444055862276,1.4580000000000002,1.7820000000000003,PASS,False
slow_10_to_00,recovery,N2,end_level_v,1.6199999905238132,1.4580000000000002,1.7820000000000003,PASS,False
slow_10_to_00,recovery,N3,end_level_v,1.6199999906803149,1.4580000000000002,1.7820000000000003,PASS,False
slow_10_to_00,final_precharge,DEC0,settled_max_v,4.2659036514700346e-06,,0.16200000000000003,PASS,False
slow_10_to_00,final_precharge,DEC0,settled_min_v,8.334629409433212e-08,-0.16200000000000003,,PASS,False
slow_10_to_00,final_precharge,DEC1,settled_max_v,1.1645403678691464e-08,,0.16200000000000003,PASS,False
slow_10_to_00,final_precharge,DEC1,settled_min_v,2.685125528173462e-09,-0.16200000000000003,,PASS,False
slow_10_to_00,final_precharge,DEC2,settled_max_v,9.49731736174332e-10,,0.16200000000000003,PASS,False
slow_10_to_00,final_precharge,DEC2,settled_min_v,9.069764166707617e-10,-0.16200000000000003,,PASS,False
slow_10_to_00,final_precharge,DEC3,settled_max_v,9.459736666433387e-10,,0.16200000000000003,PASS,False
slow_10_to_00,final_precharge,DEC3,settled_min_v,9.069634265190508e-10,-0.16200000000000003,,PASS,False
slow_10_to_00,final_precharge,WL0,settled_max_v,2.4324537167419287e-08,,0.16200000000000003,PASS,False
slow_10_to_00,final_precharge,WL0,settled_min_v,2.3804442209620573e-09,-0.16200000000000003,,PASS,False
slow_10_to_00,final_precharge,WL1,settled_max_v,2.3851928851307678e-09,,0.16200000000000003,PASS,False
slow_10_to_00,final_precharge,WL1,settled_min_v,2.380327655966088e-09,-0.16200000000000003,,PASS,False
slow_10_to_00,final_precharge,WL2,settled_max_v,2.380328192848904e-09,,0.16200000000000003,PASS,False
slow_10_to_00,final_precharge,WL2,settled_min_v,2.38029672901838e-09,-0.16200000000000003,,PASS,False
slow_10_to_00,final_precharge,WL3,settled_max_v,2.38032809258878e-09,,0.16200000000000003,PASS,False
slow_10_to_00,final_precharge,WL3,settled_min_v,2.3802963280732305e-09,-0.16200000000000003,,PASS,False
slow_10_to_00,final_precharge,N0,end_level_v,1.6195585797340941,1.4580000000000002,1.7820000000000003,PASS,False
slow_10_to_00,final_precharge,N1,end_level_v,1.6199728636841306,1.4580000000000002,1.7820000000000003,PASS,False
slow_10_to_00,final_precharge,N2,end_level_v,1.6199999926312518,1.4580000000000002,1.7820000000000003,PASS,False
slow_10_to_00,final_precharge,N3,end_level_v,1.6199999926708604,1.4580000000000002,1.7820000000000003,PASS,False
slow_10_to_01,prime,DEC0,upper_excursion_v,0.0017816198604825363,,1.7820000000000003,PASS,False
slow_10_to_01,prime,DEC0,lower_excursion_v,-8.375692689990973e-05,-0.16200000000000003,,PASS,False
slow_10_to_01,prime,DEC0,end_level_v,7.765636633412181e-10,-0.16200000000000003,0.16200000000000003,PASS,False
slow_10_to_01,prime,DEC0,unselected_max_v,0.0017816198604825363,,0.16200000000000003,PASS,False
slow_10_to_01,prime,DEC1,upper_excursion_v,0.0017816196646250875,,1.7820000000000003,PASS,False
slow_10_to_01,prime,DEC1,lower_excursion_v,-8.33684550239059e-05,-0.16200000000000003,,PASS,False
slow_10_to_01,prime,DEC1,end_level_v,7.76554577791073e-10,-0.16200000000000003,0.16200000000000003,PASS,False
slow_10_to_01,prime,DEC1,unselected_max_v,0.0017816196646250875,,0.16200000000000003,PASS,False
slow_10_to_01,prime,DEC2,upper_excursion_v,1.619999997389909,,1.7820000000000003,PASS,False
slow_10_to_01,prime,DEC2,lower_excursion_v,-0.1351390263839809,-0.16200000000000003,,PASS,False
slow_10_to_01,prime,DEC2,end_level_v,1.619999997387889,1.4580000000000002,1.7820000000000003,PASS,False
slow_10_to_01,prime,DEC2,settled_min_v,1.619998962403087,1.4580000000000002,,PASS,False
slow_10_to_01,prime,DEC3,upper_excursion_v,0.0017811661682195562,,1.7820000000000003,PASS,False
slow_10_to_01,prime,DEC3,lower_excursion_v,-0.00025311636489677714,-0.16200000000000003,,PASS,False
slow_10_to_01,prime,DEC3,end_level_v,-9.439234181125857e-07,-0.16200000000000003,0.16200000000000003,PASS,False
slow_10_to_01,prime,DEC3,unselected_max_v,0.0017811661682195562,,0.16200000000000003,PASS,False
slow_10_to_01,prime,WL0,upper_excursion_v,5.003797104722574e-07,,1.7820000000000003,PASS,False
slow_10_to_01,prime,WL0,lower_excursion_v,-6.017550227491728e-06,-0.16200000000000003,,PASS,False
slow_10_to_01,prime,WL0,end_level_v,2.3803274124544087e-09,-0.16200000000000003,0.16200000000000003,PASS,False
slow_10_to_01,prime,WL0,unselected_max_v,5.003797104722574e-07,,0.16200000000000003,PASS,False
slow_10_to_01,prime,WL1,upper_excursion_v,5.008769740877813e-07,,1.7820000000000003,PASS,False
slow_10_to_01,prime,WL1,lower_excursion_v,-6.017365866982224e-06,-0.16200000000000003,,PASS,False
slow_10_to_01,prime,WL1,end_level_v,2.380327466616644e-09,-0.16200000000000003,0.16200000000000003,PASS,False
slow_10_to_01,prime,WL1,unselected_max_v,5.008769740877813e-07,,0.16200000000000003,PASS,False
slow_10_to_01,prime,WL2,upper_excursion_v,1.6199999895090902,,1.7820000000000003,PASS,False
slow_10_to_01,prime,WL2,lower_excursion_v,-0.03390775390682602,-0.16200000000000003,,PASS,False
slow_10_to_01,prime,WL2,end_level_v,1.61999998950909,1.4580000000000002,1.7820000000000003,PASS,False
slow_10_to_01,prime,WL2,settled_min_v,1.6076903352041125,1.4580000000000002,,PASS,False
slow_10_to_01,prime,WL3,upper_excursion_v,6.668622103765494e-07,,1.7820000000000003,PASS,False
slow_10_to_01,prime,WL3,lower_excursion_v,-6.034667139532788e-06,-0.16200000000000003,,PASS,False
slow_10_to_01,prime,WL3,end_level_v,2.3802134543207137e-09,-0.16200000000000003,0.16200000000000003,PASS,False
slow_10_to_01,prime,WL3,unselected_max_v,6.668622103765494e-07,,0.16200000000000003,PASS,False
slow_10_to_01,test,DEC0,upper_excursion_v,0.0017860981511463102,,1.7820000000000003,PASS,False
slow_10_to_01,test,DEC0,lower_excursion_v,-0.00025474656138484717,-0.16200000000000003,,PASS,False
slow_10_to_01,test,DEC0,end_level_v,-1.3615794743758987e-06,-0.16200000000000003,0.16200000000000003,PASS,False
slow_10_to_01,test,DEC0,unselected_max_v,0.0017860981511463102,,0.16200000000000003,PASS,False
slow_10_to_01,test,DEC1,upper_excursion_v,1.6200018151657112,,1.7820000000000003,PASS,False
slow_10_to_01,test,DEC1,lower_excursion_v,-0.13421283445354568,-0.16200000000000003,,PASS,False
slow_10_to_01,test,DEC1,end_level_v,1.6199999973999728,1.4580000000000002,1.7820000000000003,PASS,False
slow_10_to_01,test,DEC1,settled_min_v,1.6199989915146622,1.4580000000000002,,PASS,False
slow_10_to_01,test,DEC2,upper_excursion_v,0.0017810400314717794,,1.7820000000000003,PASS,False
slow_10_to_01,test,DEC2,lower_excursion_v,-4.102688490958025e-05,-0.16200000000000003,,PASS,False
slow_10_to_01,test,DEC2,end_level_v,7.766215558186149e-10,-0.16200000000000003,0.16200000000000003,PASS,False
slow_10_to_01,test,DEC2,unselected_max_v,0.0017810400314717794,,0.16200000000000003,PASS,False
slow_10_to_01,test,DEC3,upper_excursion_v,0.0017810401150765724,,1.7820000000000003,PASS,False
slow_10_to_01,test,DEC3,lower_excursion_v,-4.143060364190759e-05,-0.16200000000000003,,PASS,False
slow_10_to_01,test,DEC3,end_level_v,7.765979183245721e-10,-0.16200000000000003,0.16200000000000003,PASS,False
slow_10_to_01,test,DEC3,unselected_max_v,0.0017810401150765724,,0.16200000000000003,PASS,False
slow_10_to_01,test,WL0,upper_excursion_v,6.863827671562909e-07,,1.7820000000000003,PASS,False
slow_10_to_01,test,WL0,lower_excursion_v,-6.032047027145125e-06,-0.16200000000000003,,PASS,False
slow_10_to_01,test,WL0,end_level_v,2.3799981888664756e-09,-0.16200000000000003,0.16200000000000003,PASS,False
slow_10_to_01,test,WL0,unselected_max_v,6.863827671562909e-07,,0.16200000000000003,PASS,False
slow_10_to_01,test,WL1,upper_excursion_v,1.6199999895090977,,1.7820000000000003,PASS,False
slow_10_to_01,test,WL1,lower_excursion_v,-0.034192153713616044,-0.16200000000000003,,PASS,False
slow_10_to_01,test,WL1,end_level_v,1.6199999895090975,1.4580000000000002,1.7820000000000003,PASS,False
slow_10_to_01,test,WL1,settled_min_v,1.6078592225796227,1.4580000000000002,,PASS,False
slow_10_to_01,test,WL2,upper_excursion_v,5.36195892107199e-07,,1.7820000000000003,PASS,False
slow_10_to_01,test,WL2,lower_excursion_v,-5.9992796522450405e-06,-0.16200000000000003,,PASS,False
slow_10_to_01,test,WL2,end_level_v,2.380327392269454e-09,-0.16200000000000003,0.16200000000000003,PASS,False
slow_10_to_01,test,WL2,unselected_max_v,5.36195892107199e-07,,0.16200000000000003,PASS,False
slow_10_to_01,test,WL3,upper_excursion_v,5.353133548992161e-07,,1.7820000000000003,PASS,False
slow_10_to_01,test,WL3,lower_excursion_v,-5.9994974113508046e-06,-0.16200000000000003,,PASS,False
slow_10_to_01,test,WL3,end_level_v,2.3803275351445883e-09,-0.16200000000000003,0.16200000000000003,PASS,False
slow_10_to_01,test,WL3,unselected_max_v,5.353133548992161e-07,,0.16200000000000003,PASS,False
slow_10_to_01,recovery,DEC0,end_level_v,9.454203287218532e-08,-0.16200000000000003,0.16200000000000003,PASS,False
slow_10_to_01,recovery,DEC0,settled_max_v,0.0003497845455283901,,0.16200000000000003,PASS,False
slow_10_to_01,recovery,DEC1,end_level_v,2.298144032810471e-07,-0.16200000000000003,0.16200000000000003,PASS,False
slow_10_to_01,recovery,DEC1,settled_max_v,0.00035030285155505654,,0.16200000000000003,PASS,False
slow_10_to_01,recovery,DEC2,end_level_v,9.04349277481572e-10,-0.16200000000000003,0.16200000000000003,PASS,False
slow_10_to_01,recovery,DEC2,settled_max_v,0.0008949036947143368,,0.16200000000000003,PASS,False
slow_10_to_01,recovery,DEC3,end_level_v,9.042391406972995e-10,-0.16200000000000003,0.16200000000000003,PASS,False
slow_10_to_01,recovery,DEC3,settled_max_v,0.0008045328854362876,,0.16200000000000003,PASS,False
slow_10_to_01,recovery,WL0,end_level_v,2.381212806083093e-09,-0.16200000000000003,0.16200000000000003,PASS,False
slow_10_to_01,recovery,WL0,settled_max_v,1.118174229155805e-06,,0.16200000000000003,PASS,False
slow_10_to_01,recovery,WL1,end_level_v,2.3826973545756662e-09,-0.16200000000000003,0.16200000000000003,PASS,False
slow_10_to_01,recovery,WL1,settled_max_v,1.1194969822370395e-06,,0.16200000000000003,PASS,False
slow_10_to_01,recovery,WL2,end_level_v,2.380327116898621e-09,-0.16200000000000003,0.16200000000000003,PASS,False
slow_10_to_01,recovery,WL2,settled_max_v,3.883438958139051e-06,,0.16200000000000003,PASS,False
slow_10_to_01,recovery,WL3,end_level_v,2.3803271648640685e-09,-0.16200000000000003,0.16200000000000003,PASS,False
slow_10_to_01,recovery,WL3,settled_max_v,4.339376668283144e-06,,0.16200000000000003,PASS,False
slow_10_to_01,recovery,N0,end_level_v,1.6197912657441509,1.4580000000000002,1.7820000000000003,PASS,False
slow_10_to_01,recovery,N1,end_level_v,1.6192981667405384,1.4580000000000002,1.7820000000000003,PASS,False
slow_10_to_01,recovery,N2,end_level_v,1.6199999931493432,1.4580000000000002,1.7820000000000003,PASS,False
slow_10_to_01,recovery,N3,end_level_v,1.6199999931227727,1.4580000000000002,1.7820000000000003,PASS,False
slow_10_to_01,final_precharge,DEC0,settled_max_v,1.0589993512856214e-08,,0.16200000000000003,PASS,False
slow_10_to_01,final_precharge,DEC0,settled_min_v,2.5888199885954687e-09,-0.16200000000000003,,PASS,False
slow_10_to_01,final_precharge,DEC1,settled_max_v,4.418857208550984e-06,,0.16200000000000003,PASS,False
slow_10_to_01,final_precharge,DEC1,settled_min_v,8.45068337806956e-08,-0.16200000000000003,,PASS,False
slow_10_to_01,final_precharge,DEC2,settled_max_v,9.602459322717694e-10,,0.16200000000000003,PASS,False
slow_10_to_01,final_precharge,DEC2,settled_min_v,9.069691337253426e-10,-0.16200000000000003,,PASS,False
slow_10_to_01,final_precharge,DEC3,settled_max_v,9.64554092658656e-10,,0.16200000000000003,PASS,False
slow_10_to_01,final_precharge,DEC3,settled_min_v,9.069832393115707e-10,-0.16200000000000003,,PASS,False
slow_10_to_01,final_precharge,WL0,settled_max_v,2.3845737768731473e-09,,0.16200000000000003,PASS,False
slow_10_to_01,final_precharge,WL0,settled_min_v,2.3803276044269357e-09,-0.16200000000000003,,PASS,False
slow_10_to_01,final_precharge,WL1,settled_max_v,2.4959862091385292e-08,,0.16200000000000003,PASS,False
slow_10_to_01,final_precharge,WL1,settled_min_v,2.380447024216381e-09,-0.16200000000000003,,PASS,False
slow_10_to_01,final_precharge,WL2,settled_max_v,2.380328698678169e-09,,0.16200000000000003,PASS,False
slow_10_to_01,final_precharge,WL2,settled_min_v,2.3803034089302952e-09,-0.16200000000000003,,PASS,False
slow_10_to_01,final_precharge,WL3,settled_max_v,2.3803289004629972e-09,,0.16200000000000003,PASS,False
slow_10_to_01,final_precharge,WL3,settled_min_v,2.3803040955559376e-09,-0.16200000000000003,,PASS,False
slow_10_to_01,final_precharge,N0,end_level_v,1.61997362870419,1.4580000000000002,1.7820000000000003,PASS,False
slow_10_to_01,final_precharge,N1,end_level_v,1.6195549619909644,1.4580000000000002,1.7820000000000003,PASS,False
slow_10_to_01,final_precharge,N2,end_level_v,1.6199999926592066,1.4580000000000002,1.7820000000000003,PASS,False
slow_10_to_01,final_precharge,N3,end_level_v,1.619999992618927,1.4580000000000002,1.7820000000000003,PASS,False
slow_10_to_10,prime,DEC0,upper_excursion_v,0.0017816198604825363,,1.7820000000000003,PASS,False
slow_10_to_10,prime,DEC0,lower_excursion_v,-8.375692689990973e-05,-0.16200000000000003,,PASS,False
slow_10_to_10,prime,DEC0,end_level_v,7.765636633412181e-10,-0.16200000000000003,0.16200000000000003,PASS,False
slow_10_to_10,prime,DEC0,unselected_max_v,0.0017816198604825363,,0.16200000000000003,PASS,False
slow_10_to_10,prime,DEC1,upper_excursion_v,0.0017816196646250875,,1.7820000000000003,PASS,False
slow_10_to_10,prime,DEC1,lower_excursion_v,-8.33684550239059e-05,-0.16200000000000003,,PASS,False
slow_10_to_10,prime,DEC1,end_level_v,7.76554577791073e-10,-0.16200000000000003,0.16200000000000003,PASS,False
slow_10_to_10,prime,DEC1,unselected_max_v,0.0017816196646250875,,0.16200000000000003,PASS,False
slow_10_to_10,prime,DEC2,upper_excursion_v,1.619999997389909,,1.7820000000000003,PASS,False
slow_10_to_10,prime,DEC2,lower_excursion_v,-0.1351390263839809,-0.16200000000000003,,PASS,False
slow_10_to_10,prime,DEC2,end_level_v,1.619999997387889,1.4580000000000002,1.7820000000000003,PASS,False
slow_10_to_10,prime,DEC2,settled_min_v,1.619998962403087,1.4580000000000002,,PASS,False
slow_10_to_10,prime,DEC3,upper_excursion_v,0.0017811661682195562,,1.7820000000000003,PASS,False
slow_10_to_10,prime,DEC3,lower_excursion_v,-0.00025311636489677714,-0.16200000000000003,,PASS,False
slow_10_to_10,prime,DEC3,end_level_v,-9.439234181125857e-07,-0.16200000000000003,0.16200000000000003,PASS,False
slow_10_to_10,prime,DEC3,unselected_max_v,0.0017811661682195562,,0.16200000000000003,PASS,False
slow_10_to_10,prime,WL0,upper_excursion_v,5.003797104722574e-07,,1.7820000000000003,PASS,False
slow_10_to_10,prime,WL0,lower_excursion_v,-6.017550227491728e-06,-0.16200000000000003,,PASS,False
slow_10_to_10,prime,WL0,end_level_v,2.3803274124544087e-09,-0.16200000000000003,0.16200000000000003,PASS,False
slow_10_to_10,prime,WL0,unselected_max_v,5.003797104722574e-07,,0.16200000000000003,PASS,False
slow_10_to_10,prime,WL1,upper_excursion_v,5.008769740877813e-07,,1.7820000000000003,PASS,False
slow_10_to_10,prime,WL1,lower_excursion_v,-6.017365866982224e-06,-0.16200000000000003,,PASS,False
slow_10_to_10,prime,WL1,end_level_v,2.380327466616644e-09,-0.16200000000000003,0.16200000000000003,PASS,False
slow_10_to_10,prime,WL1,unselected_max_v,5.008769740877813e-07,,0.16200000000000003,PASS,False
slow_10_to_10,prime,WL2,upper_excursion_v,1.6199999895090902,,1.7820000000000003,PASS,False
slow_10_to_10,prime,WL2,lower_excursion_v,-0.03390775390682602,-0.16200000000000003,,PASS,False
slow_10_to_10,prime,WL2,end_level_v,1.61999998950909,1.4580000000000002,1.7820000000000003,PASS,False
slow_10_to_10,prime,WL2,settled_min_v,1.6076903352041125,1.4580000000000002,,PASS,False
slow_10_to_10,prime,WL3,upper_excursion_v,6.668622103765494e-07,,1.7820000000000003,PASS,False
slow_10_to_10,prime,WL3,lower_excursion_v,-6.034667139532788e-06,-0.16200000000000003,,PASS,False
slow_10_to_10,prime,WL3,end_level_v,2.3802134543207137e-09,-0.16200000000000003,0.16200000000000003,PASS,False
slow_10_to_10,prime,WL3,unselected_max_v,6.668622103765494e-07,,0.16200000000000003,PASS,False
slow_10_to_10,test,DEC0,upper_excursion_v,0.0017815832297669726,,1.7820000000000003,PASS,False
slow_10_to_10,test,DEC0,lower_excursion_v,-9.197969960402377e-05,-0.16200000000000003,,PASS,False
slow_10_to_10,test,DEC0,end_level_v,7.765538604563251e-10,-0.16200000000000003,0.16200000000000003,PASS,False
slow_10_to_10,test,DEC0,unselected_max_v,0.0017815832297669726,,0.16200000000000003,PASS,False
slow_10_to_10,test,DEC1,upper_excursion_v,0.0017815836346306404,,1.7820000000000003,PASS,False
slow_10_to_10,test,DEC1,lower_excursion_v,-9.121638662287681e-05,-0.16200000000000003,,PASS,False
slow_10_to_10,test,DEC1,end_level_v,7.76544556907783e-10,-0.16200000000000003,0.16200000000000003,PASS,False
slow_10_to_10,test,DEC1,unselected_max_v,0.0017815836346306404,,0.16200000000000003,PASS,False
slow_10_to_10,test,DEC2,upper_excursion_v,1.6199999973862955,,1.7820000000000003,PASS,False
slow_10_to_10,test,DEC2,lower_excursion_v,-0.13529034289683986,-0.16200000000000003,,PASS,False
slow_10_to_10,test,DEC2,end_level_v,1.6199999973862658,1.4580000000000002,1.7820000000000003,PASS,False
slow_10_to_10,test,DEC2,settled_min_v,1.6199989532294763,1.4580000000000002,,PASS,False
slow_10_to_10,test,DEC3,upper_excursion_v,0.0017824597890165883,,1.7820000000000003,PASS,False
slow_10_to_10,test,DEC3,lower_excursion_v,-0.0002611514543930313,-0.16200000000000003,,PASS,False
slow_10_to_10,test,DEC3,end_level_v,-3.5903087957853136e-07,-0.16200000000000003,0.16200000000000003,PASS,False
slow_10_to_10,test,DEC3,unselected_max_v,0.0017824597890165883,,0.16200000000000003,PASS,False
slow_10_to_10,test,WL0,upper_excursion_v,4.965885243011212e-07,,1.7820000000000003,PASS,False
slow_10_to_10,test,WL0,lower_excursion_v,-6.016487235711321e-06,-0.16200000000000003,,PASS,False
slow_10_to_10,test,WL0,end_level_v,2.3803274005711093e-09,-0.16200000000000003,0.16200000000000003,PASS,False
slow_10_to_10,test,WL0,unselected_max_v,4.965885243011212e-07,,0.16200000000000003,PASS,False
slow_10_to_10,test,WL1,upper_excursion_v,4.976213283733402e-07,,1.7820000000000003,PASS,False
slow_10_to_10,test,WL1,lower_excursion_v,-6.016390496768088e-06,-0.16200000000000003,,PASS,False
slow_10_to_10,test,WL1,end_level_v,2.3803273742172086e-09,-0.16200000000000003,0.16200000000000003,PASS,False
slow_10_to_10,test,WL1,unselected_max_v,4.976213283733402e-07,,0.16200000000000003,PASS,False
slow_10_to_10,test,WL2,upper_excursion_v,1.6199999895090942,,1.7820000000000003,PASS,False
slow_10_to_10,test,WL2,lower_excursion_v,-0.03428611269619393,-0.16200000000000003,,PASS,False
slow_10_to_10,test,WL2,end_level_v,1.6199999895090942,1.4580000000000002,1.7820000000000003,PASS,False
slow_10_to_10,test,WL2,settled_min_v,1.607579074827289,1.4580000000000002,,PASS,False
slow_10_to_10,test,WL3,upper_excursion_v,6.49445584408452e-07,,1.7820000000000003,PASS,False
slow_10_to_10,test,WL3,lower_excursion_v,-6.030896576947733e-06,-0.16200000000000003,,PASS,False
slow_10_to_10,test,WL3,end_level_v,2.380320533978713e-09,-0.16200000000000003,0.16200000000000003,PASS,False
slow_10_to_10,test,WL3,unselected_max_v,6.49445584408452e-07,,0.16200000000000003,PASS,False
slow_10_to_10,recovery,DEC0,end_level_v,9.068016676771154e-10,-0.16200000000000003,0.16200000000000003,PASS,False
slow_10_to_10,recovery,DEC0,settled_max_v,1.1109941989000487e-09,,0.16200000000000003,PASS,False
slow_10_to_10,recovery,DEC1,end_level_v,9.068005173765305e-10,-0.16200000000000003,0.16200000000000003,PASS,False
slow_10_to_10,recovery,DEC1,settled_max_v,1.1067344350526087e-09,,0.16200000000000003,PASS,False
slow_10_to_10,recovery,DEC2,end_level_v,1.8848776647280175e-08,-0.16200000000000003,0.16200000000000003,PASS,False
slow_10_to_10,recovery,DEC2,settled_max_v,4.973919505668248e-06,,0.16200000000000003,PASS,False
slow_10_to_10,recovery,DEC3,end_level_v,1.5585985610460602e-09,-0.16200000000000003,0.16200000000000003,PASS,False
slow_10_to_10,recovery,DEC3,settled_max_v,5.272210439924617e-09,,0.16200000000000003,PASS,False
slow_10_to_10,recovery,WL0,end_level_v,2.3803274019464083e-09,-0.16200000000000003,0.16200000000000003,PASS,False
slow_10_to_10,recovery,WL0,settled_max_v,2.3803508222258813e-09,,0.16200000000000003,PASS,False
slow_10_to_10,recovery,WL1,end_level_v,2.3803275007495603e-09,-0.16200000000000003,0.16200000000000003,PASS,False
slow_10_to_10,recovery,WL1,settled_max_v,2.3803501852764056e-09,,0.16200000000000003,PASS,False
slow_10_to_10,recovery,WL2,end_level_v,2.380333445708714e-09,-0.16200000000000003,0.16200000000000003,PASS,False
slow_10_to_10,recovery,WL2,settled_max_v,2.23902026958595e-08,,0.16200000000000003,PASS,False
slow_10_to_10,recovery,WL3,end_level_v,2.3803274548325213e-09,-0.16200000000000003,0.16200000000000003,PASS,False
slow_10_to_10,recovery,WL3,settled_max_v,2.3810077109921024e-09,,0.16200000000000003,PASS,False
slow_10_to_10,recovery,N0,end_level_v,1.619999992930232,1.4580000000000002,1.7820000000000003,PASS,False
slow_10_to_10,recovery,N1,end_level_v,1.6199999929372217,1.4580000000000002,1.7820000000000003,PASS,False
slow_10_to_10,recovery,N2,end_level_v,1.6198021886271141,1.4580000000000002,1.7820000000000003,PASS,False
slow_10_to_10,recovery,N3,end_level_v,1.619983687744396,1.4580000000000002,1.7820000000000003,PASS,False
slow_10_to_10,final_precharge,DEC0,settled_max_v,1.1110224104514712e-09,,0.16200000000000003,PASS,False
slow_10_to_10,final_precharge,DEC0,settled_min_v,9.07407584928063e-10,-0.16200000000000003,,PASS,False
slow_10_to_10,final_precharge,DEC1,settled_max_v,1.1067628580416928e-09,,0.16200000000000003,PASS,False
slow_10_to_10,final_precharge,DEC1,settled_min_v,9.073945661296666e-10,-0.16200000000000003,,PASS,False
slow_10_to_10,final_precharge,DEC2,settled_max_v,4.97421476286061e-06,,0.16200000000000003,PASS,False
slow_10_to_10,final_precharge,DEC2,settled_min_v,8.543010424078038e-08,-0.16200000000000003,,PASS,False
slow_10_to_10,final_precharge,DEC3,settled_max_v,3.304878531428861e-09,,0.16200000000000003,PASS,False
slow_10_to_10,final_precharge,DEC3,settled_min_v,1.1820069124868218e-09,-0.16200000000000003,,PASS,False
slow_10_to_10,final_precharge,WL0,settled_max_v,2.3803507097586515e-09,,0.16200000000000003,PASS,False
slow_10_to_10,final_precharge,WL0,settled_min_v,2.380327346247192e-09,-0.16200000000000003,,PASS,False
slow_10_to_10,final_precharge,WL1,settled_max_v,2.380350026119519e-09,,0.16200000000000003,PASS,False
slow_10_to_10,final_precharge,WL1,settled_min_v,2.380327280911281e-09,-0.16200000000000003,,PASS,False
slow_10_to_10,final_precharge,WL2,settled_max_v,2.238914973585359e-08,,0.16200000000000003,PASS,False
slow_10_to_10,final_precharge,WL2,settled_min_v,2.380449992544801e-09,-0.16200000000000003,,PASS,False
slow_10_to_10,final_precharge,WL3,settled_max_v,2.380967938489157e-09,,0.16200000000000003,PASS,False
slow_10_to_10,final_precharge,WL3,settled_min_v,2.3803273362948818e-09,-0.16200000000000003,,PASS,False
slow_10_to_10,final_precharge,N0,end_level_v,1.6199999914133238,1.4580000000000002,1.7820000000000003,PASS,False
slow_10_to_10,final_precharge,N1,end_level_v,1.6199999914499656,1.4580000000000002,1.7820000000000003,PASS,False
slow_10_to_10,final_precharge,N2,end_level_v,1.6195526525491728,1.4580000000000002,1.7820000000000003,PASS,False
slow_10_to_10,final_precharge,N3,end_level_v,1.6199895464790253,1.4580000000000002,1.7820000000000003,PASS,False
slow_10_to_11,prime,DEC0,upper_excursion_v,0.0017816198604825363,,1.7820000000000003,PASS,False
slow_10_to_11,prime,DEC0,lower_excursion_v,-8.375692689990973e-05,-0.16200000000000003,,PASS,False
slow_10_to_11,prime,DEC0,end_level_v,7.765636633412181e-10,-0.16200000000000003,0.16200000000000003,PASS,False
slow_10_to_11,prime,DEC0,unselected_max_v,0.0017816198604825363,,0.16200000000000003,PASS,False
slow_10_to_11,prime,DEC1,upper_excursion_v,0.0017816196646250875,,1.7820000000000003,PASS,False
slow_10_to_11,prime,DEC1,lower_excursion_v,-8.33684550239059e-05,-0.16200000000000003,,PASS,False
slow_10_to_11,prime,DEC1,end_level_v,7.76554577791073e-10,-0.16200000000000003,0.16200000000000003,PASS,False
slow_10_to_11,prime,DEC1,unselected_max_v,0.0017816196646250875,,0.16200000000000003,PASS,False
slow_10_to_11,prime,DEC2,upper_excursion_v,1.619999997389909,,1.7820000000000003,PASS,False
slow_10_to_11,prime,DEC2,lower_excursion_v,-0.1351390263839809,-0.16200000000000003,,PASS,False
slow_10_to_11,prime,DEC2,end_level_v,1.619999997387889,1.4580000000000002,1.7820000000000003,PASS,False
slow_10_to_11,prime,DEC2,settled_min_v,1.619998962403087,1.4580000000000002,,PASS,False
slow_10_to_11,prime,DEC3,upper_excursion_v,0.0017811661682195562,,1.7820000000000003,PASS,False
slow_10_to_11,prime,DEC3,lower_excursion_v,-0.00025311636489677714,-0.16200000000000003,,PASS,False
slow_10_to_11,prime,DEC3,end_level_v,-9.439234181125857e-07,-0.16200000000000003,0.16200000000000003,PASS,False
slow_10_to_11,prime,DEC3,unselected_max_v,0.0017811661682195562,,0.16200000000000003,PASS,False
slow_10_to_11,prime,WL0,upper_excursion_v,5.003797104722574e-07,,1.7820000000000003,PASS,False
slow_10_to_11,prime,WL0,lower_excursion_v,-6.017550227491728e-06,-0.16200000000000003,,PASS,False
slow_10_to_11,prime,WL0,end_level_v,2.3803274124544087e-09,-0.16200000000000003,0.16200000000000003,PASS,False
slow_10_to_11,prime,WL0,unselected_max_v,5.003797104722574e-07,,0.16200000000000003,PASS,False
slow_10_to_11,prime,WL1,upper_excursion_v,5.008769740877813e-07,,1.7820000000000003,PASS,False
slow_10_to_11,prime,WL1,lower_excursion_v,-6.017365866982224e-06,-0.16200000000000003,,PASS,False
slow_10_to_11,prime,WL1,end_level_v,2.380327466616644e-09,-0.16200000000000003,0.16200000000000003,PASS,False
slow_10_to_11,prime,WL1,unselected_max_v,5.008769740877813e-07,,0.16200000000000003,PASS,False
slow_10_to_11,prime,WL2,upper_excursion_v,1.6199999895090902,,1.7820000000000003,PASS,False
slow_10_to_11,prime,WL2,lower_excursion_v,-0.03390775390682602,-0.16200000000000003,,PASS,False
slow_10_to_11,prime,WL2,end_level_v,1.61999998950909,1.4580000000000002,1.7820000000000003,PASS,False
slow_10_to_11,prime,WL2,settled_min_v,1.6076903352041125,1.4580000000000002,,PASS,False
slow_10_to_11,prime,WL3,upper_excursion_v,6.668622103765494e-07,,1.7820000000000003,PASS,False
slow_10_to_11,prime,WL3,lower_excursion_v,-6.034667139532788e-06,-0.16200000000000003,,PASS,False
slow_10_to_11,prime,WL3,end_level_v,2.3802134543207137e-09,-0.16200000000000003,0.16200000000000003,PASS,False
slow_10_to_11,prime,WL3,unselected_max_v,6.668622103765494e-07,,0.16200000000000003,PASS,False
slow_10_to_11,test,DEC0,upper_excursion_v,0.0017815683161596801,,1.7820000000000003,PASS,False
slow_10_to_11,test,DEC0,lower_excursion_v,-7.416499875748122e-05,-0.16200000000000003,,PASS,False
slow_10_to_11,test,DEC0,end_level_v,7.766060653613534e-10,-0.16200000000000003,0.16200000000000003,PASS,False
slow_10_to_11,test,DEC0,unselected_max_v,0.0017815683161596801,,0.16200000000000003,PASS,False
slow_10_to_11,test,DEC1,upper_excursion_v,0.0017815688108520481,,1.7820000000000003,PASS,False
slow_10_to_11,test,DEC1,lower_excursion_v,-7.422256511158591e-05,-0.16200000000000003,,PASS,False
slow_10_to_11,test,DEC1,end_level_v,7.765812572260286e-10,-0.16200000000000003,0.16200000000000003,PASS,False
slow_10_to_11,test,DEC1,unselected_max_v,0.0017815688108520481,,0.16200000000000003,PASS,False
slow_10_to_11,test,DEC2,upper_excursion_v,0.0017778225057093803,,1.7820000000000003,PASS,False
slow_10_to_11,test,DEC2,lower_excursion_v,-0.0002433938700768419,-0.16200000000000003,,PASS,False
slow_10_to_11,test,DEC2,end_level_v,-1.349920222600693e-06,-0.16200000000000003,0.16200000000000003,PASS,False
slow_10_to_11,test,DEC2,unselected_max_v,0.0017778225057093803,,0.16200000000000003,PASS,False
slow_10_to_11,test,DEC3,upper_excursion_v,1.620004209976698,,1.7820000000000003,PASS,False
slow_10_to_11,test,DEC3,lower_excursion_v,-0.13545224993091795,-0.16200000000000003,,PASS,False
slow_10_to_11,test,DEC3,end_level_v,1.6199999973913264,1.4580000000000002,1.7820000000000003,PASS,False
slow_10_to_11,test,DEC3,settled_min_v,1.619999005804333,1.4580000000000002,,PASS,False
slow_10_to_11,test,WL0,upper_excursion_v,5.148334164051721e-07,,1.7820000000000003,PASS,False
slow_10_to_11,test,WL0,lower_excursion_v,-6.020401283393921e-06,-0.16200000000000003,,PASS,False
slow_10_to_11,test,WL0,end_level_v,2.3803274108985055e-09,-0.16200000000000003,0.16200000000000003,PASS,False
slow_10_to_11,test,WL0,unselected_max_v,5.148334164051721e-07,,0.16200000000000003,PASS,False
slow_10_to_11,test,WL1,upper_excursion_v,5.145645133813277e-07,,1.7820000000000003,PASS,False
slow_10_to_11,test,WL1,lower_excursion_v,-6.02068814439863e-06,-0.16200000000000003,,PASS,False
slow_10_to_11,test,WL1,end_level_v,2.3803274101783745e-09,-0.16200000000000003,0.16200000000000003,PASS,False
slow_10_to_11,test,WL1,unselected_max_v,5.145645133813277e-07,,0.16200000000000003,PASS,False
slow_10_to_11,test,WL2,upper_excursion_v,6.92515840106384e-07,,1.7820000000000003,PASS,False
slow_10_to_11,test,WL2,lower_excursion_v,-6.042680395321512e-06,-0.16200000000000003,,PASS,False
slow_10_to_11,test,WL2,end_level_v,2.3800067123390335e-09,-0.16200000000000003,0.16200000000000003,PASS,False
slow_10_to_11,test,WL2,unselected_max_v,6.92515840106384e-07,,0.16200000000000003,PASS,False
slow_10_to_11,test,WL3,upper_excursion_v,1.6199999895090957,,1.7820000000000003,PASS,False
slow_10_to_11,test,WL3,lower_excursion_v,-0.03437802729116486,-0.16200000000000003,,PASS,False
slow_10_to_11,test,WL3,end_level_v,1.6199999895090955,1.4580000000000002,1.7820000000000003,PASS,False
slow_10_to_11,test,WL3,settled_min_v,1.60799894105264,1.4580000000000002,,PASS,False
slow_10_to_11,recovery,DEC0,end_level_v,9.14495797021774e-10,-0.16200000000000003,0.16200000000000003,PASS,False
slow_10_to_11,recovery,DEC0,settled_max_v,7.879955530895216e-06,,0.16200000000000003,PASS,False
slow_10_to_11,recovery,DEC1,end_level_v,9.146586514536034e-10,-0.16200000000000003,0.16200000000000003,PASS,False
slow_10_to_11,recovery,DEC1,settled_max_v,7.67224373944296e-06,,0.16200000000000003,PASS,False
slow_10_to_11,recovery,DEC2,end_level_v,1.0064189204082201e-07,-0.16200000000000003,0.16200000000000003,PASS,False
slow_10_to_11,recovery,DEC2,settled_max_v,0.00012009578039730295,,0.16200000000000003,PASS,False
slow_10_to_11,recovery,DEC3,end_level_v,3.929846249369783e-07,-0.16200000000000003,0.16200000000000003,PASS,False
slow_10_to_11,recovery,DEC3,settled_max_v,1.2557535378428936e-05,,0.16200000000000003,PASS,False
slow_10_to_11,recovery,WL0,end_level_v,2.3803276035769935e-09,-0.16200000000000003,0.16200000000000003,PASS,False
slow_10_to_11,recovery,WL0,settled_max_v,2.7327072846704464e-08,,0.16200000000000003,PASS,False
slow_10_to_11,recovery,WL1,end_level_v,2.380327612643032e-09,-0.16200000000000003,0.16200000000000003,PASS,False
slow_10_to_11,recovery,WL1,settled_max_v,2.6887109726073466e-08,,0.16200000000000003,PASS,False
slow_10_to_11,recovery,WL2,end_level_v,2.381304862484584e-09,-0.16200000000000003,0.16200000000000003,PASS,False
slow_10_to_11,recovery,WL2,settled_max_v,1.0820805897498698e-06,,0.16200000000000003,PASS,False
slow_10_to_11,recovery,WL3,end_level_v,2.381255862797753e-09,-0.16200000000000003,0.16200000000000003,PASS,False
slow_10_to_11,recovery,WL3,settled_max_v,6.683286438178721e-08,,0.16200000000000003,PASS,False
slow_10_to_11,recovery,N0,end_level_v,1.6199999840146997,1.4580000000000002,1.7820000000000003,PASS,False
slow_10_to_11,recovery,N1,end_level_v,1.6199999838145316,1.4580000000000002,1.7820000000000003,PASS,False
slow_10_to_11,recovery,N2,end_level_v,1.6197838216437477,1.4580000000000002,1.7820000000000003,PASS,False
slow_10_to_11,recovery,N3,end_level_v,1.6189705131260894,1.4580000000000002,1.7820000000000003,PASS,False
slow_10_to_11,final_precharge,DEC0,settled_max_v,1.1306218073798162e-09,,0.16200000000000003,PASS,False
slow_10_to_11,final_precharge,DEC0,settled_min_v,9.074042273686965e-10,-0.16200000000000003,,PASS,False
slow_10_to_11,final_precharge,DEC1,settled_max_v,1.135601370900204e-09,,0.16200000000000003,PASS,False
slow_10_to_11,final_precharge,DEC1,settled_min_v,9.074182645170971e-10,-0.16200000000000003,,PASS,False
slow_10_to_11,final_precharge,DEC2,settled_max_v,7.030563896682502e-09,,0.16200000000000003,PASS,False
slow_10_to_11,final_precharge,DEC2,settled_min_v,2.7209144694284613e-09,-0.16200000000000003,,PASS,False
slow_10_to_11,final_precharge,DEC3,settled_max_v,4.9799063230612385e-06,,0.16200000000000003,PASS,False
slow_10_to_11,final_precharge,DEC3,settled_min_v,8.616144326831247e-08,-0.16200000000000003,,PASS,False
slow_10_to_11,final_precharge,WL0,settled_max_v,2.380363556818287e-09,,0.16200000000000003,PASS,False
slow_10_to_11,final_precharge,WL0,settled_min_v,2.3803273143609884e-09,-0.16200000000000003,,PASS,False
slow_10_to_11,final_precharge,WL1,settled_max_v,2.3803643815305798e-09,,0.16200000000000003,PASS,False
slow_10_to_11,final_precharge,WL1,settled_min_v,2.3803273553656888e-09,-0.16200000000000003,,PASS,False
slow_10_to_11,final_precharge,WL2,settled_max_v,2.3808869338703543e-09,,0.16200000000000003,PASS,False
slow_10_to_11,final_precharge,WL2,settled_min_v,2.3803276006584675e-09,-0.16200000000000003,,PASS,False
slow_10_to_11,final_precharge,WL3,settled_max_v,2.316559711611599e-08,,0.16200000000000003,PASS,False
slow_10_to_11,final_precharge,WL3,settled_min_v,2.3804516555347934e-09,-0.16200000000000003,,PASS,False
slow_10_to_11,final_precharge,N0,end_level_v,1.6199999914318113,1.4580000000000002,1.7820000000000003,PASS,False
slow_10_to_11,final_precharge,N1,end_level_v,1.6199999913907348,1.4580000000000002,1.7820000000000003,PASS,False
slow_10_to_11,final_precharge,N2,end_level_v,1.6199725251738633,1.4580000000000002,1.7820000000000003,PASS,False
slow_10_to_11,final_precharge,N3,end_level_v,1.6195502630922962,1.4580000000000002,1.7820000000000003,PASS,False
slow_11_to_00,prime,DEC0,upper_excursion_v,0.0017815437839143705,,1.7820000000000003,PASS,False
slow_11_to_00,prime,DEC0,lower_excursion_v,-8.486578440496124e-05,-0.16200000000000003,,PASS,False
slow_11_to_00,prime,DEC0,end_level_v,7.765565568896585e-10,-0.16200000000000003,0.16200000000000003,PASS,False
slow_11_to_00,prime,DEC0,unselected_max_v,0.0017815437839143705,,0.16200000000000003,PASS,False
slow_11_to_00,prime,DEC1,upper_excursion_v,0.0017815431839652192,,1.7820000000000003,PASS,False
slow_11_to_00,prime,DEC1,lower_excursion_v,-8.532622828128788e-05,-0.16200000000000003,,PASS,False
slow_11_to_00,prime,DEC1,end_level_v,7.765630994962821e-10,-0.16200000000000003,0.16200000000000003,PASS,False
slow_11_to_00,prime,DEC1,unselected_max_v,0.0017815431839652192,,0.16200000000000003,PASS,False
slow_11_to_00,prime,DEC2,upper_excursion_v,0.0017809527956380604,,1.7820000000000003,PASS,False
slow_11_to_00,prime,DEC2,lower_excursion_v,-0.00026036048573073456,-0.16200000000000003,,PASS,False
slow_11_to_00,prime,DEC2,end_level_v,-9.425318807272656e-07,-0.16200000000000003,0.16200000000000003,PASS,False
slow_11_to_00,prime,DEC2,unselected_max_v,0.0017809527956380604,,0.16200000000000003,PASS,False
slow_11_to_00,prime,DEC3,upper_excursion_v,1.620004201463398,,1.7820000000000003,PASS,False
slow_11_to_00,prime,DEC3,lower_excursion_v,-0.1350844062383475,-0.16200000000000003,,PASS,False
slow_11_to_00,prime,DEC3,end_level_v,1.6199999973879622,1.4580000000000002,1.7820000000000003,PASS,False
slow_11_to_00,prime,DEC3,settled_min_v,1.6199989972722861,1.4580000000000002,,PASS,False
slow_11_to_00,prime,WL0,upper_excursion_v,5.086034189545058e-07,,1.7820000000000003,PASS,False
slow_11_to_00,prime,WL0,lower_excursion_v,-6.018528618949746e-06,-0.16200000000000003,,PASS,False
slow_11_to_00,prime,WL0,end_level_v,2.380327445348861e-09,-0.16200000000000003,0.16200000000000003,PASS,False
slow_11_to_00,prime,WL0,unselected_max_v,5.086034189545058e-07,,0.16200000000000003,PASS,False
slow_11_to_00,prime,WL1,upper_excursion_v,5.082470505589266e-07,,1.7820000000000003,PASS,False
slow_11_to_00,prime,WL1,lower_excursion_v,-6.0187118482903284e-06,-0.16200000000000003,,PASS,False
slow_11_to_00,prime,WL1,end_level_v,2.380327411024442e-09,-0.16200000000000003,0.16200000000000003,PASS,False
slow_11_to_00,prime,WL1,unselected_max_v,5.082470505589266e-07,,0.16200000000000003,PASS,False
slow_11_to_00,prime,WL2,upper_excursion_v,6.789389382808587e-07,,1.7820000000000003,PASS,False
slow_11_to_00,prime,WL2,lower_excursion_v,-6.034012912071539e-06,-0.16200000000000003,,PASS,False
slow_11_to_00,prime,WL2,end_level_v,2.380213944286062e-09,-0.16200000000000003,0.16200000000000003,PASS,False
slow_11_to_00,prime,WL2,unselected_max_v,6.789389382808587e-07,,0.16200000000000003,PASS,False
slow_11_to_00,prime,WL3,upper_excursion_v,1.6199999895090957,,1.7820000000000003,PASS,False
slow_11_to_00,prime,WL3,lower_excursion_v,-0.03427434611424503,-0.16200000000000003,,PASS,False
slow_11_to_00,prime,WL3,end_level_v,1.619999989509095,1.4580000000000002,1.7820000000000003,PASS,False
slow_11_to_00,prime,WL3,settled_min_v,1.6078920061106718,1.4580000000000002,,PASS,False
slow_11_to_00,test,DEC0,upper_excursion_v,1.6199999974457349,,1.7820000000000003,PASS,False
slow_11_to_00,test,DEC0,lower_excursion_v,-0.13175721805076965,-0.16200000000000003,,PASS,False
slow_11_to_00,test,DEC0,end_level_v,1.6199999973997612,1.4580000000000002,1.7820000000000003,PASS,False
slow_11_to_00,test,DEC0,settled_min_v,1.6199989421361884,1.4580000000000002,,PASS,False
slow_11_to_00,test,DEC1,upper_excursion_v,0.0017856459331806265,,1.7820000000000003,PASS,False
slow_11_to_00,test,DEC1,lower_excursion_v,-0.0002620540707154381,-0.16200000000000003,,PASS,False
slow_11_to_00,test,DEC1,end_level_v,-1.3608104514097059e-06,-0.16200000000000003,0.16200000000000003,PASS,False
slow_11_to_00,test,DEC1,unselected_max_v,0.0017856459331806265,,0.16200000000000003,PASS,False
slow_11_to_00,test,DEC2,upper_excursion_v,0.0017809630364018039,,1.7820000000000003,PASS,False
slow_11_to_00,test,DEC2,lower_excursion_v,-5.2603121337782606e-05,-0.16200000000000003,,PASS,False
slow_11_to_00,test,DEC2,end_level_v,7.765964807671703e-10,-0.16200000000000003,0.16200000000000003,PASS,False
slow_11_to_00,test,DEC2,unselected_max_v,0.0017809630364018039,,0.16200000000000003,PASS,False
slow_11_to_00,test,DEC3,upper_excursion_v,0.0017809628266284147,,1.7820000000000003,PASS,False
slow_11_to_00,test,DEC3,lower_excursion_v,-5.149627826316625e-05,-0.16200000000000003,,PASS,False
slow_11_to_00,test,DEC3,end_level_v,7.766213465181076e-10,-0.16200000000000003,0.16200000000000003,PASS,False
slow_11_to_00,test,DEC3,unselected_max_v,0.0017809628266284147,,0.16200000000000003,PASS,False
slow_11_to_00,test,WL0,upper_excursion_v,1.619999989509099,,1.7820000000000003,PASS,False
slow_11_to_00,test,WL0,lower_excursion_v,-0.034373019379656436,-0.16200000000000003,,PASS,False
slow_11_to_00,test,WL0,end_level_v,1.6199999895090986,1.4580000000000002,1.7820000000000003,PASS,False
slow_11_to_00,test,WL0,settled_min_v,1.607508575759752,1.4580000000000002,,PASS,False
slow_11_to_00,test,WL1,upper_excursion_v,6.89108537623271e-07,,1.7820000000000003,PASS,False
slow_11_to_00,test,WL1,lower_excursion_v,-6.0333351286276275e-06,-0.16200000000000003,,PASS,False
slow_11_to_00,test,WL1,end_level_v,2.379998624980142e-09,-0.16200000000000003,0.16200000000000003,PASS,False
slow_11_to_00,test,WL1,unselected_max_v,6.89108537623271e-07,,0.16200000000000003,PASS,False
slow_11_to_00,test,WL2,upper_excursion_v,5.346747002009604e-07,,1.7820000000000003,PASS,False
slow_11_to_00,test,WL2,lower_excursion_v,-5.9923742063037225e-06,-0.16200000000000003,,PASS,False
slow_11_to_00,test,WL2,end_level_v,2.3803273399019257e-09,-0.16200000000000003,0.16200000000000003,PASS,False
slow_11_to_00,test,WL2,unselected_max_v,5.346747002009604e-07,,0.16200000000000003,PASS,False
slow_11_to_00,test,WL3,upper_excursion_v,5.358040553262446e-07,,1.7820000000000003,PASS,False
slow_11_to_00,test,WL3,lower_excursion_v,-5.992748385333296e-06,-0.16200000000000003,,PASS,False
slow_11_to_00,test,WL3,end_level_v,2.3803275343169375e-09,-0.16200000000000003,0.16200000000000003,PASS,False
slow_11_to_00,test,WL3,unselected_max_v,5.358040553262446e-07,,0.16200000000000003,PASS,False
slow_11_to_00,recovery,DEC0,end_level_v,1.704074720324565e-07,-0.16200000000000003,0.16200000000000003,PASS,False
slow_11_to_00,recovery,DEC0,settled_max_v,0.000366024500477934,,0.16200000000000003,PASS,False
slow_11_to_00,recovery,DEC1,end_level_v,9.378601339353336e-08,-0.16200000000000003,0.16200000000000003,PASS,False
slow_11_to_00,recovery,DEC1,settled_max_v,0.00036551423789374176,,0.16200000000000003,PASS,False
slow_11_to_00,recovery,DEC2,end_level_v,9.022389533467235e-10,-0.16200000000000003,0.16200000000000003,PASS,False
slow_11_to_00,recovery,DEC2,settled_max_v,0.0007786722509596209,,0.16200000000000003,PASS,False
slow_11_to_00,recovery,DEC3,end_level_v,9.024291088908914e-10,-0.16200000000000003,0.16200000000000003,PASS,False
slow_11_to_00,recovery,DEC3,settled_max_v,0.0007906568972812621,,0.16200000000000003,PASS,False
slow_11_to_00,recovery,WL0,end_level_v,2.3821153989648106e-09,-0.16200000000000003,0.16200000000000003,PASS,False
slow_11_to_00,recovery,WL0,settled_max_v,1.1471067831681974e-06,,0.16200000000000003,PASS,False
slow_11_to_00,recovery,WL1,end_level_v,2.381195452338051e-09,-0.16200000000000003,0.16200000000000003,PASS,False
slow_11_to_00,recovery,WL1,settled_max_v,1.1454631948283385e-06,,0.16200000000000003,PASS,False
slow_11_to_00,recovery,WL2,end_level_v,2.380327315359282e-09,-0.16200000000000003,0.16200000000000003,PASS,False
slow_11_to_00,recovery,WL2,settled_max_v,4.004383993726721e-06,,0.16200000000000003,PASS,False
slow_11_to_00,recovery,WL3,end_level_v,2.3803273784494976e-09,-0.16200000000000003,0.16200000000000003,PASS,False
slow_11_to_00,recovery,WL3,settled_max_v,3.95292559024827e-06,,0.16200000000000003,PASS,False
slow_11_to_00,recovery,N0,end_level_v,1.6195976614514116,1.4580000000000002,1.7820000000000003,PASS,False
slow_11_to_00,recovery,N1,end_level_v,1.6197921549291705,1.4580000000000002,1.7820000000000003,PASS,False
slow_11_to_00,recovery,N2,end_level_v,1.6199999995837984,1.4580000000000002,1.7820000000000003,PASS,False
slow_11_to_00,recovery,N3,end_level_v,1.6199999992735974,1.4580000000000002,1.7820000000000003,PASS,False
slow_11_to_00,final_precharge,DEC0,settled_max_v,4.266112647238654e-06,,0.16200000000000003,PASS,False
slow_11_to_00,final_precharge,DEC0,settled_min_v,8.334705924124798e-08,-0.16200000000000003,,PASS,False
slow_11_to_00,final_precharge,DEC1,settled_max_v,1.1281597919735688e-08,,0.16200000000000003,PASS,False
slow_11_to_00,final_precharge,DEC1,settled_min_v,2.584750621870137e-09,-0.16200000000000003,,PASS,False
slow_11_to_00,final_precharge,DEC2,settled_max_v,9.49745340233821e-10,,0.16200000000000003,PASS,False
slow_11_to_00,final_precharge,DEC2,settled_min_v,9.069772742654356e-10,-0.16200000000000003,,PASS,False
slow_11_to_00,final_precharge,DEC3,settled_max_v,9.459873180044497e-10,,0.16200000000000003,PASS,False
slow_11_to_00,final_precharge,DEC3,settled_min_v,9.069631494273893e-10,-0.16200000000000003,,PASS,False
slow_11_to_00,final_precharge,WL0,settled_max_v,2.4323879537896072e-08,,0.16200000000000003,PASS,False
slow_11_to_00,final_precharge,WL0,settled_min_v,2.3804443971447295e-09,-0.16200000000000003,,PASS,False
slow_11_to_00,final_precharge,WL1,settled_max_v,2.385172564605577e-09,,0.16200000000000003,PASS,False
slow_11_to_00,final_precharge,WL1,settled_min_v,2.3803276639902305e-09,-0.16200000000000003,,PASS,False
slow_11_to_00,final_precharge,WL2,settled_max_v,2.380328193674879e-09,,0.16200000000000003,PASS,False
slow_11_to_00,final_precharge,WL2,settled_min_v,2.3802967503303093e-09,-0.16200000000000003,,PASS,False
slow_11_to_00,final_precharge,WL3,settled_max_v,2.380328069204467e-09,,0.16200000000000003,PASS,False
slow_11_to_00,final_precharge,WL3,settled_min_v,2.380296379971616e-09,-0.16200000000000003,,PASS,False
slow_11_to_00,final_precharge,N0,end_level_v,1.6195585770791667,1.4580000000000002,1.7820000000000003,PASS,False
slow_11_to_00,final_precharge,N1,end_level_v,1.619973661607758,1.4580000000000002,1.7820000000000003,PASS,False
slow_11_to_00,final_precharge,N2,end_level_v,1.6199999926312283,1.4580000000000002,1.7820000000000003,PASS,False
slow_11_to_00,final_precharge,N3,end_level_v,1.619999992670832,1.4580000000000002,1.7820000000000003,PASS,False
slow_11_to_01,prime,DEC0,upper_excursion_v,0.0017815437839143705,,1.7820000000000003,PASS,False
slow_11_to_01,prime,DEC0,lower_excursion_v,-8.486578440496124e-05,-0.16200000000000003,,PASS,False
slow_11_to_01,prime,DEC0,end_level_v,7.765565568896585e-10,-0.16200000000000003,0.16200000000000003,PASS,False
slow_11_to_01,prime,DEC0,unselected_max_v,0.0017815437839143705,,0.16200000000000003,PASS,False
slow_11_to_01,prime,DEC1,upper_excursion_v,0.0017815431839652192,,1.7820000000000003,PASS,False
slow_11_to_01,prime,DEC1,lower_excursion_v,-8.532622828128788e-05,-0.16200000000000003,,PASS,False
slow_11_to_01,prime,DEC1,end_level_v,7.765630994962821e-10,-0.16200000000000003,0.16200000000000003,PASS,False
slow_11_to_01,prime,DEC1,unselected_max_v,0.0017815431839652192,,0.16200000000000003,PASS,False
slow_11_to_01,prime,DEC2,upper_excursion_v,0.0017809527956380604,,1.7820000000000003,PASS,False
slow_11_to_01,prime,DEC2,lower_excursion_v,-0.00026036048573073456,-0.16200000000000003,,PASS,False
slow_11_to_01,prime,DEC2,end_level_v,-9.425318807272656e-07,-0.16200000000000003,0.16200000000000003,PASS,False
slow_11_to_01,prime,DEC2,unselected_max_v,0.0017809527956380604,,0.16200000000000003,PASS,False
slow_11_to_01,prime,DEC3,upper_excursion_v,1.620004201463398,,1.7820000000000003,PASS,False
slow_11_to_01,prime,DEC3,lower_excursion_v,-0.1350844062383475,-0.16200000000000003,,PASS,False
slow_11_to_01,prime,DEC3,end_level_v,1.6199999973879622,1.4580000000000002,1.7820000000000003,PASS,False
slow_11_to_01,prime,DEC3,settled_min_v,1.6199989972722861,1.4580000000000002,,PASS,False
slow_11_to_01,prime,WL0,upper_excursion_v,5.086034189545058e-07,,1.7820000000000003,PASS,False
slow_11_to_01,prime,WL0,lower_excursion_v,-6.018528618949746e-06,-0.16200000000000003,,PASS,False
slow_11_to_01,prime,WL0,end_level_v,2.380327445348861e-09,-0.16200000000000003,0.16200000000000003,PASS,False
slow_11_to_01,prime,WL0,unselected_max_v,5.086034189545058e-07,,0.16200000000000003,PASS,False
slow_11_to_01,prime,WL1,upper_excursion_v,5.082470505589266e-07,,1.7820000000000003,PASS,False
slow_11_to_01,prime,WL1,lower_excursion_v,-6.0187118482903284e-06,-0.16200000000000003,,PASS,False
slow_11_to_01,prime,WL1,end_level_v,2.380327411024442e-09,-0.16200000000000003,0.16200000000000003,PASS,False
slow_11_to_01,prime,WL1,unselected_max_v,5.082470505589266e-07,,0.16200000000000003,PASS,False
slow_11_to_01,prime,WL2,upper_excursion_v,6.789389382808587e-07,,1.7820000000000003,PASS,False
slow_11_to_01,prime,WL2,lower_excursion_v,-6.034012912071539e-06,-0.16200000000000003,,PASS,False
slow_11_to_01,prime,WL2,end_level_v,2.380213944286062e-09,-0.16200000000000003,0.16200000000000003,PASS,False
slow_11_to_01,prime,WL2,unselected_max_v,6.789389382808587e-07,,0.16200000000000003,PASS,False
slow_11_to_01,prime,WL3,upper_excursion_v,1.6199999895090957,,1.7820000000000003,PASS,False
slow_11_to_01,prime,WL3,lower_excursion_v,-0.03427434611424503,-0.16200000000000003,,PASS,False
slow_11_to_01,prime,WL3,end_level_v,1.619999989509095,1.4580000000000002,1.7820000000000003,PASS,False
slow_11_to_01,prime,WL3,settled_min_v,1.6078920061106718,1.4580000000000002,,PASS,False
slow_11_to_01,test,DEC0,upper_excursion_v,0.0017851284019813648,,1.7820000000000003,PASS,False
slow_11_to_01,test,DEC0,lower_excursion_v,-0.00029469071288633033,-0.16200000000000003,,PASS,False
slow_11_to_01,test,DEC0,end_level_v,-1.4328912169835998e-06,-0.16200000000000003,0.16200000000000003,PASS,False
slow_11_to_01,test,DEC0,unselected_max_v,0.0017851284019813648,,0.16200000000000003,PASS,False
slow_11_to_01,test,DEC1,upper_excursion_v,1.6200017747912225,,1.7820000000000003,PASS,False
slow_11_to_01,test,DEC1,lower_excursion_v,-0.13580853842756574,-0.16200000000000003,,PASS,False
slow_11_to_01,test,DEC1,end_level_v,1.6199999974022166,1.4580000000000002,1.7820000000000003,PASS,False
slow_11_to_01,test,DEC1,settled_min_v,1.6199989773975996,1.4580000000000002,,PASS,False
slow_11_to_01,test,DEC2,upper_excursion_v,0.0017814409720845101,,1.7820000000000003,PASS,False
slow_11_to_01,test,DEC2,lower_excursion_v,-4.9536689449725726e-05,-0.16200000000000003,,PASS,False
slow_11_to_01,test,DEC2,end_level_v,7.766326837020049e-10,-0.16200000000000003,0.16200000000000003,PASS,False
slow_11_to_01,test,DEC2,unselected_max_v,0.0017814409720845101,,0.16200000000000003,PASS,False
slow_11_to_01,test,DEC3,upper_excursion_v,0.001781439530367288,,1.7820000000000003,PASS,False
slow_11_to_01,test,DEC3,lower_excursion_v,-5.0207229632019565e-05,-0.16200000000000003,,PASS,False
slow_11_to_01,test,DEC3,end_level_v,7.766088980779503e-10,-0.16200000000000003,0.16200000000000003,PASS,False
slow_11_to_01,test,DEC3,unselected_max_v,0.001781439530367288,,0.16200000000000003,PASS,False
slow_11_to_01,test,WL0,upper_excursion_v,7.045459736781886e-07,,1.7820000000000003,PASS,False
slow_11_to_01,test,WL0,lower_excursion_v,-6.02950690446181e-06,-0.16200000000000003,,PASS,False
slow_11_to_01,test,WL0,end_level_v,2.3799463007241068e-09,-0.16200000000000003,0.16200000000000003,PASS,False
slow_11_to_01,test,WL0,unselected_max_v,7.045459736781886e-07,,0.16200000000000003,PASS,False
slow_11_to_01,test,WL1,upper_excursion_v,1.6199999895090977,,1.7820000000000003,PASS,False
slow_11_to_01,test,WL1,lower_excursion_v,-0.033966014373044535,-0.16200000000000003,,PASS,False
slow_11_to_01,test,WL1,end_level_v,1.6199999895090975,1.4580000000000002,1.7820000000000003,PASS,False
slow_11_to_01,test,WL1,settled_min_v,1.6076801820655007,1.4580000000000002,,PASS,False
slow_11_to_01,test,WL2,upper_excursion_v,5.379423913596989e-07,,1.7820000000000003,PASS,False
slow_11_to_01,test,WL2,lower_excursion_v,-5.999234881332565e-06,-0.16200000000000003,,PASS,False
slow_11_to_01,test,WL2,end_level_v,2.380327391368888e-09,-0.16200000000000003,0.16200000000000003,PASS,False
slow_11_to_01,test,WL2,unselected_max_v,5.379423913596989e-07,,0.16200000000000003,PASS,False
slow_11_to_01,test,WL3,upper_excursion_v,5.370466268688713e-07,,1.7820000000000003,PASS,False
slow_11_to_01,test,WL3,lower_excursion_v,-5.999372002992287e-06,-0.16200000000000003,,PASS,False
slow_11_to_01,test,WL3,end_level_v,2.3803274006397826e-09,-0.16200000000000003,0.16200000000000003,PASS,False
slow_11_to_01,test,WL3,unselected_max_v,5.370466268688713e-07,,0.16200000000000003,PASS,False
slow_11_to_01,recovery,DEC0,end_level_v,1.3854928621197932e-07,-0.16200000000000003,0.16200000000000003,PASS,False
slow_11_to_01,recovery,DEC0,settled_max_v,0.0003620175581721027,,0.16200000000000003,PASS,False
slow_11_to_01,recovery,DEC1,end_level_v,-2.1534040334049683e-08,-0.16200000000000003,0.16200000000000003,PASS,False
slow_11_to_01,recovery,DEC1,settled_max_v,0.0003614148572521716,,0.16200000000000003,PASS,False
slow_11_to_01,recovery,DEC2,end_level_v,9.088595927902275e-10,-0.16200000000000003,0.16200000000000003,PASS,False
slow_11_to_01,recovery,DEC2,settled_max_v,0.00079826813522564,,0.16200000000000003,PASS,False
slow_11_to_01,recovery,DEC3,end_level_v,9.089896502116407e-10,-0.16200000000000003,0.16200000000000003,PASS,False
slow_11_to_01,recovery,DEC3,settled_max_v,0.0008070519551185546,,0.16200000000000003,PASS,False
slow_11_to_01,recovery,WL0,end_level_v,2.382223606184738e-09,-0.16200000000000003,0.16200000000000003,PASS,False
slow_11_to_01,recovery,WL0,settled_max_v,1.411906171914984e-06,,0.16200000000000003,PASS,False
slow_11_to_01,recovery,WL1,end_level_v,2.3803175823449535e-09,-0.16200000000000003,0.16200000000000003,PASS,False
slow_11_to_01,recovery,WL1,settled_max_v,1.1335380528727747e-06,,0.16200000000000003,PASS,False
slow_11_to_01,recovery,WL2,end_level_v,2.380327446052839e-09,-0.16200000000000003,0.16200000000000003,PASS,False
slow_11_to_01,recovery,WL2,settled_max_v,4.09117989636264e-06,,0.16200000000000003,PASS,False
slow_11_to_01,recovery,WL3,end_level_v,2.3803275300651133e-09,-0.16200000000000003,0.16200000000000003,PASS,False
slow_11_to_01,recovery,WL3,settled_max_v,4.0437656831571935e-06,,0.16200000000000003,PASS,False
slow_11_to_01,recovery,N0,end_level_v,1.6197443587006897,1.4580000000000002,1.7820000000000003,PASS,False
slow_11_to_01,recovery,N1,end_level_v,1.6200010013634438,1.4580000000000002,1.7820000000000003,PASS,False
slow_11_to_01,recovery,N2,end_level_v,1.6199999906935654,1.4580000000000002,1.7820000000000003,PASS,False
slow_11_to_01,recovery,N3,end_level_v,1.6199999905376743,1.4580000000000002,1.7820000000000003,PASS,False
slow_11_to_01,final_precharge,DEC0,settled_max_v,1.0944548071940007e-08,,0.16200000000000003,PASS,False
slow_11_to_01,final_precharge,DEC0,settled_min_v,2.6872734522088554e-09,-0.16200000000000003,,PASS,False
slow_11_to_01,final_precharge,DEC1,settled_max_v,4.418705591193426e-06,,0.16200000000000003,PASS,False
slow_11_to_01,final_precharge,DEC1,settled_min_v,8.450626911085693e-08,-0.16200000000000003,,PASS,False
slow_11_to_01,final_precharge,DEC2,settled_max_v,9.602339706034276e-10,,0.16200000000000003,PASS,False
slow_11_to_01,final_precharge,DEC2,settled_min_v,9.069689476265131e-10,-0.16200000000000003,,PASS,False
slow_11_to_01,final_precharge,DEC3,settled_max_v,9.645415976012531e-10,,0.16200000000000003,PASS,False
slow_11_to_01,final_precharge,DEC3,settled_min_v,9.069828590973801e-10,-0.16200000000000003,,PASS,False
slow_11_to_01,final_precharge,WL0,settled_max_v,2.384591052947851e-09,,0.16200000000000003,PASS,False
slow_11_to_01,final_precharge,WL0,settled_min_v,2.3803276610749217e-09,-0.16200000000000003,,PASS,False
slow_11_to_01,final_precharge,WL1,settled_max_v,2.496040583856652e-08,,0.16200000000000003,PASS,False
slow_11_to_01,final_precharge,WL1,settled_min_v,2.3804470629238826e-09,-0.16200000000000003,,PASS,False
slow_11_to_01,final_precharge,WL2,settled_max_v,2.380328657797004e-09,,0.16200000000000003,PASS,False
slow_11_to_01,final_precharge,WL2,settled_min_v,2.3803034030732994e-09,-0.16200000000000003,,PASS,False
slow_11_to_01,final_precharge,WL3,settled_max_v,2.3803289849828618e-09,,0.16200000000000003,PASS,False
slow_11_to_01,final_precharge,WL3,settled_min_v,2.3803040473337977e-09,-0.16200000000000003,,PASS,False
slow_11_to_01,final_precharge,N0,end_level_v,1.6199728467093264,1.4580000000000002,1.7820000000000003,PASS,False
slow_11_to_01,final_precharge,N1,end_level_v,1.6195549640536773,1.4580000000000002,1.7820000000000003,PASS,False
slow_11_to_01,final_precharge,N2,end_level_v,1.619999992659226,1.4580000000000002,1.7820000000000003,PASS,False
slow_11_to_01,final_precharge,N3,end_level_v,1.6199999926189401,1.4580000000000002,1.7820000000000003,PASS,False
slow_11_to_10,prime,DEC0,upper_excursion_v,0.0017815437839143705,,1.7820000000000003,PASS,False
slow_11_to_10,prime,DEC0,lower_excursion_v,-8.486578440496124e-05,-0.16200000000000003,,PASS,False
slow_11_to_10,prime,DEC0,end_level_v,7.765565568896585e-10,-0.16200000000000003,0.16200000000000003,PASS,False
slow_11_to_10,prime,DEC0,unselected_max_v,0.0017815437839143705,,0.16200000000000003,PASS,False
slow_11_to_10,prime,DEC1,upper_excursion_v,0.0017815431839652192,,1.7820000000000003,PASS,False
slow_11_to_10,prime,DEC1,lower_excursion_v,-8.532622828128788e-05,-0.16200000000000003,,PASS,False
slow_11_to_10,prime,DEC1,end_level_v,7.765630994962821e-10,-0.16200000000000003,0.16200000000000003,PASS,False
slow_11_to_10,prime,DEC1,unselected_max_v,0.0017815431839652192,,0.16200000000000003,PASS,False
slow_11_to_10,prime,DEC2,upper_excursion_v,0.0017809527956380604,,1.7820000000000003,PASS,False
slow_11_to_10,prime,DEC2,lower_excursion_v,-0.00026036048573073456,-0.16200000000000003,,PASS,False
slow_11_to_10,prime,DEC2,end_level_v,-9.425318807272656e-07,-0.16200000000000003,0.16200000000000003,PASS,False
slow_11_to_10,prime,DEC2,unselected_max_v,0.0017809527956380604,,0.16200000000000003,PASS,False
slow_11_to_10,prime,DEC3,upper_excursion_v,1.620004201463398,,1.7820000000000003,PASS,False
slow_11_to_10,prime,DEC3,lower_excursion_v,-0.1350844062383475,-0.16200000000000003,,PASS,False
slow_11_to_10,prime,DEC3,end_level_v,1.6199999973879622,1.4580000000000002,1.7820000000000003,PASS,False
slow_11_to_10,prime,DEC3,settled_min_v,1.6199989972722861,1.4580000000000002,,PASS,False
slow_11_to_10,prime,WL0,upper_excursion_v,5.086034189545058e-07,,1.7820000000000003,PASS,False
slow_11_to_10,prime,WL0,lower_excursion_v,-6.018528618949746e-06,-0.16200000000000003,,PASS,False
slow_11_to_10,prime,WL0,end_level_v,2.380327445348861e-09,-0.16200000000000003,0.16200000000000003,PASS,False
slow_11_to_10,prime,WL0,unselected_max_v,5.086034189545058e-07,,0.16200000000000003,PASS,False
slow_11_to_10,prime,WL1,upper_excursion_v,5.082470505589266e-07,,1.7820000000000003,PASS,False
slow_11_to_10,prime,WL1,lower_excursion_v,-6.0187118482903284e-06,-0.16200000000000003,,PASS,False
slow_11_to_10,prime,WL1,end_level_v,2.380327411024442e-09,-0.16200000000000003,0.16200000000000003,PASS,False
slow_11_to_10,prime,WL1,unselected_max_v,5.082470505589266e-07,,0.16200000000000003,PASS,False
slow_11_to_10,prime,WL2,upper_excursion_v,6.789389382808587e-07,,1.7820000000000003,PASS,False
slow_11_to_10,prime,WL2,lower_excursion_v,-6.034012912071539e-06,-0.16200000000000003,,PASS,False
slow_11_to_10,prime,WL2,end_level_v,2.380213944286062e-09,-0.16200000000000003,0.16200000000000003,PASS,False
slow_11_to_10,prime,WL2,unselected_max_v,6.789389382808587e-07,,0.16200000000000003,PASS,False
slow_11_to_10,prime,WL3,upper_excursion_v,1.6199999895090957,,1.7820000000000003,PASS,False
slow_11_to_10,prime,WL3,lower_excursion_v,-0.03427434611424503,-0.16200000000000003,,PASS,False
slow_11_to_10,prime,WL3,end_level_v,1.619999989509095,1.4580000000000002,1.7820000000000003,PASS,False
slow_11_to_10,prime,WL3,settled_min_v,1.6078920061106718,1.4580000000000002,,PASS,False
slow_11_to_10,test,DEC0,upper_excursion_v,0.001781660363360009,,1.7820000000000003,PASS,False
slow_11_to_10,test,DEC0,lower_excursion_v,-7.167846196623033e-05,-0.16200000000000003,,PASS,False
slow_11_to_10,test,DEC0,end_level_v,7.765830618738316e-10,-0.16200000000000003,0.16200000000000003,PASS,False
slow_11_to_10,test,DEC0,unselected_max_v,0.001781660363360009,,0.16200000000000003,PASS,False
slow_11_to_10,test,DEC1,upper_excursion_v,0.0017816583745392087,,1.7820000000000003,PASS,False
slow_11_to_10,test,DEC1,lower_excursion_v,-7.170720967407819e-05,-0.16200000000000003,,PASS,False
slow_11_to_10,test,DEC1,end_level_v,7.76607448202006e-10,-0.16200000000000003,0.16200000000000003,PASS,False
slow_11_to_10,test,DEC1,unselected_max_v,0.0017816583745392087,,0.16200000000000003,PASS,False
slow_11_to_10,test,DEC2,upper_excursion_v,1.6199999974070094,,1.7820000000000003,PASS,False
slow_11_to_10,test,DEC2,lower_excursion_v,-0.13200244287091945,-0.16200000000000003,,PASS,False
slow_11_to_10,test,DEC2,end_level_v,1.6199999973914234,1.4580000000000002,1.7820000000000003,PASS,False
slow_11_to_10,test,DEC2,settled_min_v,1.6199989742066025,1.4580000000000002,,PASS,False
slow_11_to_10,test,DEC3,upper_excursion_v,0.0017776882543141278,,1.7820000000000003,PASS,False
slow_11_to_10,test,DEC3,lower_excursion_v,-0.00023326543179421483,-0.16200000000000003,,PASS,False
slow_11_to_10,test,DEC3,end_level_v,-1.3755322091565944e-06,-0.16200000000000003,0.16200000000000003,PASS,False
slow_11_to_10,test,DEC3,unselected_max_v,0.0017776882543141278,,0.16200000000000003,PASS,False
slow_11_to_10,test,WL0,upper_excursion_v,5.084592330464573e-07,,1.7820000000000003,PASS,False
slow_11_to_10,test,WL0,lower_excursion_v,-6.019809926232751e-06,-0.16200000000000003,,PASS,False
slow_11_to_10,test,WL0,end_level_v,2.380327491796045e-09,-0.16200000000000003,0.16200000000000003,PASS,False
slow_11_to_10,test,WL0,unselected_max_v,5.084592330464573e-07,,0.16200000000000003,PASS,False
slow_11_to_10,test,WL1,upper_excursion_v,5.088817791184236e-07,,1.7820000000000003,PASS,False
slow_11_to_10,test,WL1,lower_excursion_v,-6.019470633753058e-06,-0.16200000000000003,,PASS,False
slow_11_to_10,test,WL1,end_level_v,2.3803274860744006e-09,-0.16200000000000003,0.16200000000000003,PASS,False
slow_11_to_10,test,WL1,unselected_max_v,5.088817791184236e-07,,0.16200000000000003,PASS,False
slow_11_to_10,test,WL2,upper_excursion_v,1.6199999895090902,,1.7820000000000003,PASS,False
slow_11_to_10,test,WL2,lower_excursion_v,-0.03409725672596723,-0.16200000000000003,,PASS,False
slow_11_to_10,test,WL2,end_level_v,1.61999998950909,1.4580000000000002,1.7820000000000003,PASS,False
slow_11_to_10,test,WL2,settled_min_v,1.6078321463377148,1.4580000000000002,,PASS,False
slow_11_to_10,test,WL3,upper_excursion_v,6.816677592154231e-07,,1.7820000000000003,PASS,False
slow_11_to_10,test,WL3,lower_excursion_v,-6.045528427760984e-06,-0.16200000000000003,,PASS,False
slow_11_to_10,test,WL3,end_level_v,2.3799889861031815e-09,-0.16200000000000003,0.16200000000000003,PASS,False
slow_11_to_10,test,WL3,unselected_max_v,6.816677592154231e-07,,0.16200000000000003,PASS,False
slow_11_to_10,recovery,DEC0,end_level_v,9.182621545440774e-10,-0.16200000000000003,0.16200000000000003,PASS,False
slow_11_to_10,recovery,DEC0,settled_max_v,6.3931813414948765e-06,,0.16200000000000003,PASS,False
slow_11_to_10,recovery,DEC1,end_level_v,9.180290503036611e-10,-0.16200000000000003,0.16200000000000003,PASS,False
slow_11_to_10,recovery,DEC1,settled_max_v,6.492562869993539e-06,,0.16200000000000003,PASS,False
slow_11_to_10,recovery,DEC2,end_level_v,4.843124486855079e-07,-0.16200000000000003,0.16200000000000003,PASS,False
slow_11_to_10,recovery,DEC2,settled_max_v,2.247431543951628e-05,,0.16200000000000003,PASS,False
slow_11_to_10,recovery,DEC3,end_level_v,1.1647624627368267e-07,-0.16200000000000003,0.16200000000000003,PASS,False
slow_11_to_10,recovery,DEC3,settled_max_v,0.00012901595717625114,,0.16200000000000003,PASS,False
slow_11_to_10,recovery,WL0,end_level_v,2.3803280421729408e-09,-0.16200000000000003,0.16200000000000003,PASS,False
slow_11_to_10,recovery,WL0,settled_max_v,1.9297729330979052e-08,,0.16200000000000003,PASS,False
slow_11_to_10,recovery,WL1,end_level_v,2.380327878506532e-09,-0.16200000000000003,0.16200000000000003,PASS,False
slow_11_to_10,recovery,WL1,settled_max_v,1.943657860468939e-08,,0.16200000000000003,PASS,False
slow_11_to_10,recovery,WL2,end_level_v,2.380860112076836e-09,-0.16200000000000003,0.16200000000000003,PASS,False
slow_11_to_10,recovery,WL2,settled_max_v,5.697029696449815e-08,,0.16200000000000003,PASS,False
slow_11_to_10,recovery,WL3,end_level_v,2.3816378888228467e-09,-0.16200000000000003,0.16200000000000003,PASS,False
slow_11_to_10,recovery,WL3,settled_max_v,1.3104461853780546e-06,,0.16200000000000003,PASS,False
slow_11_to_10,recovery,N0,end_level_v,1.6199999813666854,1.4580000000000002,1.7820000000000003,PASS,False
slow_11_to_10,recovery,N1,end_level_v,1.6199999816171873,1.4580000000000002,1.7820000000000003,PASS,False
slow_11_to_10,recovery,N2,end_level_v,1.6188442693838372,1.4580000000000002,1.7820000000000003,PASS,False
slow_11_to_10,recovery,N3,end_level_v,1.6197666388814413,1.4580000000000002,1.7820000000000003,PASS,False
slow_11_to_10,final_precharge,DEC0,settled_max_v,1.1109646580634235e-09,,0.16200000000000003,PASS,False
slow_11_to_10,final_precharge,DEC0,settled_min_v,9.074072883850538e-10,-0.16200000000000003,,PASS,False
slow_11_to_10,final_precharge,DEC1,settled_max_v,1.1064193343570617e-09,,0.16200000000000003,PASS,False
slow_11_to_10,final_precharge,DEC1,settled_min_v,9.073934403117e-10,-0.16200000000000003,,PASS,False
slow_11_to_10,final_precharge,DEC2,settled_max_v,4.973773917496924e-06,,0.16200000000000003,PASS,False
slow_11_to_10,final_precharge,DEC2,settled_min_v,8.542833360158955e-08,-0.16200000000000003,,PASS,False
slow_11_to_10,final_precharge,DEC3,settled_max_v,7.395292612661298e-09,,0.16200000000000003,PASS,False
slow_11_to_10,final_precharge,DEC3,settled_min_v,2.7596374248262133e-09,-0.16200000000000003,,PASS,False
slow_11_to_10,final_precharge,WL0,settled_max_v,2.3803507351938994e-09,,0.16200000000000003,PASS,False
slow_11_to_10,final_precharge,WL0,settled_min_v,2.380327372068335e-09,-0.16200000000000003,,PASS,False
slow_11_to_10,final_precharge,WL1,settled_max_v,2.3803500639190397e-09,,0.16200000000000003,PASS,False
slow_11_to_10,final_precharge,WL1,settled_min_v,2.3803273547026804e-09,-0.16200000000000003,,PASS,False
slow_11_to_10,final_precharge,WL2,settled_max_v,2.2391224680952657e-08,,0.16200000000000003,PASS,False
slow_11_to_10,final_precharge,WL2,settled_min_v,2.3804499719110437e-09,-0.16200000000000003,,PASS,False
slow_11_to_10,final_precharge,WL3,settled_max_v,2.381031000166779e-09,,0.16200000000000003,PASS,False
slow_11_to_10,final_precharge,WL3,settled_min_v,2.380327704376493e-09,-0.16200000000000003,,PASS,False
slow_11_to_10,final_precharge,N0,end_level_v,1.619999991413591,1.4580000000000002,1.7820000000000003,PASS,False
slow_11_to_10,final_precharge,N1,end_level_v,1.6199999914541627,1.4580000000000002,1.7820000000000003,PASS,False
slow_11_to_10,final_precharge,N2,end_level_v,1.61955266022318,1.4580000000000002,1.7820000000000003,PASS,False
slow_11_to_10,final_precharge,N3,end_level_v,1.6199722277390287,1.4580000000000002,1.7820000000000003,PASS,False
slow_11_to_11,prime,DEC0,upper_excursion_v,0.0017815437839143705,,1.7820000000000003,PASS,False
slow_11_to_11,prime,DEC0,lower_excursion_v,-8.486578440496124e-05,-0.16200000000000003,,PASS,False
slow_11_to_11,prime,DEC0,end_level_v,7.765565568896585e-10,-0.16200000000000003,0.16200000000000003,PASS,False
slow_11_to_11,prime,DEC0,unselected_max_v,0.0017815437839143705,,0.16200000000000003,PASS,False
slow_11_to_11,prime,DEC1,upper_excursion_v,0.0017815431839652192,,1.7820000000000003,PASS,False
slow_11_to_11,prime,DEC1,lower_excursion_v,-8.532622828128788e-05,-0.16200000000000003,,PASS,False
slow_11_to_11,prime,DEC1,end_level_v,7.765630994962821e-10,-0.16200000000000003,0.16200000000000003,PASS,False
slow_11_to_11,prime,DEC1,unselected_max_v,0.0017815431839652192,,0.16200000000000003,PASS,False
slow_11_to_11,prime,DEC2,upper_excursion_v,0.0017809527956380604,,1.7820000000000003,PASS,False
slow_11_to_11,prime,DEC2,lower_excursion_v,-0.00026036048573073456,-0.16200000000000003,,PASS,False
slow_11_to_11,prime,DEC2,end_level_v,-9.425318807272656e-07,-0.16200000000000003,0.16200000000000003,PASS,False
slow_11_to_11,prime,DEC2,unselected_max_v,0.0017809527956380604,,0.16200000000000003,PASS,False
slow_11_to_11,prime,DEC3,upper_excursion_v,1.620004201463398,,1.7820000000000003,PASS,False
slow_11_to_11,prime,DEC3,lower_excursion_v,-0.1350844062383475,-0.16200000000000003,,PASS,False
slow_11_to_11,prime,DEC3,end_level_v,1.6199999973879622,1.4580000000000002,1.7820000000000003,PASS,False
slow_11_to_11,prime,DEC3,settled_min_v,1.6199989972722861,1.4580000000000002,,PASS,False
slow_11_to_11,prime,WL0,upper_excursion_v,5.086034189545058e-07,,1.7820000000000003,PASS,False
slow_11_to_11,prime,WL0,lower_excursion_v,-6.018528618949746e-06,-0.16200000000000003,,PASS,False
slow_11_to_11,prime,WL0,end_level_v,2.380327445348861e-09,-0.16200000000000003,0.16200000000000003,PASS,False
slow_11_to_11,prime,WL0,unselected_max_v,5.086034189545058e-07,,0.16200000000000003,PASS,False
slow_11_to_11,prime,WL1,upper_excursion_v,5.082470505589266e-07,,1.7820000000000003,PASS,False
slow_11_to_11,prime,WL1,lower_excursion_v,-6.0187118482903284e-06,-0.16200000000000003,,PASS,False
slow_11_to_11,prime,WL1,end_level_v,2.380327411024442e-09,-0.16200000000000003,0.16200000000000003,PASS,False
slow_11_to_11,prime,WL1,unselected_max_v,5.082470505589266e-07,,0.16200000000000003,PASS,False
slow_11_to_11,prime,WL2,upper_excursion_v,6.789389382808587e-07,,1.7820000000000003,PASS,False
slow_11_to_11,prime,WL2,lower_excursion_v,-6.034012912071539e-06,-0.16200000000000003,,PASS,False
slow_11_to_11,prime,WL2,end_level_v,2.380213944286062e-09,-0.16200000000000003,0.16200000000000003,PASS,False
slow_11_to_11,prime,WL2,unselected_max_v,6.789389382808587e-07,,0.16200000000000003,PASS,False
slow_11_to_11,prime,WL3,upper_excursion_v,1.6199999895090957,,1.7820000000000003,PASS,False
slow_11_to_11,prime,WL3,lower_excursion_v,-0.03427434611424503,-0.16200000000000003,,PASS,False
slow_11_to_11,prime,WL3,end_level_v,1.619999989509095,1.4580000000000002,1.7820000000000003,PASS,False
slow_11_to_11,prime,WL3,settled_min_v,1.6078920061106718,1.4580000000000002,,PASS,False
slow_11_to_11,test,DEC0,upper_excursion_v,0.0017815141548612496,,1.7820000000000003,PASS,False
slow_11_to_11,test,DEC0,lower_excursion_v,-9.273306179924252e-05,-0.16200000000000003,,PASS,False
slow_11_to_11,test,DEC0,end_level_v,7.765449345768904e-10,-0.16200000000000003,0.16200000000000003,PASS,False
slow_11_to_11,test,DEC0,unselected_max_v,0.0017815141548612496,,0.16200000000000003,PASS,False
slow_11_to_11,test,DEC1,upper_excursion_v,0.0017815131234459286,,1.7820000000000003,PASS,False
slow_11_to_11,test,DEC1,lower_excursion_v,-9.359730181966322e-05,-0.16200000000000003,,PASS,False
slow_11_to_11,test,DEC1,end_level_v,7.765541582405089e-10,-0.16200000000000003,0.16200000000000003,PASS,False
slow_11_to_11,test,DEC1,unselected_max_v,0.0017815131234459286,,0.16200000000000003,PASS,False
slow_11_to_11,test,DEC2,upper_excursion_v,0.0017822726555499005,,1.7820000000000003,PASS,False
slow_11_to_11,test,DEC2,lower_excursion_v,-0.00026725161407901987,-0.16200000000000003,,PASS,False
slow_11_to_11,test,DEC2,end_level_v,-3.588668879908608e-07,-0.16200000000000003,0.16200000000000003,PASS,False
slow_11_to_11,test,DEC2,unselected_max_v,0.0017822726555499005,,0.16200000000000003,PASS,False
slow_11_to_11,test,DEC3,upper_excursion_v,1.6200042046019603,,1.7820000000000003,PASS,False
slow_11_to_11,test,DEC3,lower_excursion_v,-0.13759702693356451,-0.16200000000000003,,PASS,False
slow_11_to_11,test,DEC3,end_level_v,1.6199999973862673,1.4580000000000002,1.7820000000000003,PASS,False
slow_11_to_11,test,DEC3,settled_min_v,1.6199989901060197,1.4580000000000002,,PASS,False
slow_11_to_11,test,WL0,upper_excursion_v,5.028195927286509e-07,,1.7820000000000003,PASS,False
slow_11_to_11,test,WL0,lower_excursion_v,-6.017604087159035e-06,-0.16200000000000003,,PASS,False
slow_11_to_11,test,WL0,end_level_v,2.380327414436117e-09,-0.16200000000000003,0.16200000000000003,PASS,False
slow_11_to_11,test,WL0,unselected_max_v,5.028195927286509e-07,,0.16200000000000003,PASS,False
slow_11_to_11,test,WL1,upper_excursion_v,5.023812566346558e-07,,1.7820000000000003,PASS,False
slow_11_to_11,test,WL1,lower_excursion_v,-6.017706172937834e-06,-0.16200000000000003,,PASS,False
slow_11_to_11,test,WL1,end_level_v,2.3803273432323992e-09,-0.16200000000000003,0.16200000000000003,PASS,False
slow_11_to_11,test,WL1,unselected_max_v,5.023812566346558e-07,,0.16200000000000003,PASS,False
slow_11_to_11,test,WL2,upper_excursion_v,6.674778942851036e-07,,1.7820000000000003,PASS,False
slow_11_to_11,test,WL2,lower_excursion_v,-6.031174376954145e-06,-0.16200000000000003,,PASS,False
slow_11_to_11,test,WL2,end_level_v,2.380320632444266e-09,-0.16200000000000003,0.16200000000000003,PASS,False
slow_11_to_11,test,WL2,unselected_max_v,6.674778942851036e-07,,0.16200000000000003,PASS,False
slow_11_to_11,test,WL3,upper_excursion_v,1.6199999895090957,,1.7820000000000003,PASS,False
slow_11_to_11,test,WL3,lower_excursion_v,-0.033984940038086664,-0.16200000000000003,,PASS,False
slow_11_to_11,test,WL3,end_level_v,1.6199999895090955,1.4580000000000002,1.7820000000000003,PASS,False
slow_11_to_11,test,WL3,settled_min_v,1.6078012526210135,1.4580000000000002,,PASS,False
slow_11_to_11,recovery,DEC0,end_level_v,9.068015787034665e-10,-0.16200000000000003,0.16200000000000003,PASS,False
slow_11_to_11,recovery,DEC0,settled_max_v,1.1309001520087956e-09,,0.16200000000000003,PASS,False
slow_11_to_11,recovery,DEC1,end_level_v,9.06802829083028e-10,-0.16200000000000003,0.16200000000000003,PASS,False
slow_11_to_11,recovery,DEC1,settled_max_v,1.1356581172450213e-09,,0.16200000000000003,PASS,False
slow_11_to_11,recovery,DEC2,end_level_v,1.5580635761426152e-09,-0.16200000000000003,0.16200000000000003,PASS,False
slow_11_to_11,recovery,DEC2,settled_max_v,5.048451249060835e-09,,0.16200000000000003,PASS,False
slow_11_to_11,recovery,DEC3,end_level_v,1.8944005974895478e-08,-0.16200000000000003,0.16200000000000003,PASS,False
slow_11_to_11,recovery,DEC3,settled_max_v,4.980011030605449e-06,,0.16200000000000003,PASS,False
slow_11_to_11,recovery,WL0,end_level_v,2.380327414347469e-09,-0.16200000000000003,0.16200000000000003,PASS,False
slow_11_to_11,recovery,WL0,settled_max_v,2.3803635905442136e-09,,0.16200000000000003,PASS,False
slow_11_to_11,recovery,WL1,end_level_v,2.380327458794488e-09,-0.16200000000000003,0.16200000000000003,PASS,False
slow_11_to_11,recovery,WL1,settled_max_v,2.3803644003695826e-09,,0.16200000000000003,PASS,False
slow_11_to_11,recovery,WL2,end_level_v,2.3803275826429092e-09,-0.16200000000000003,0.16200000000000003,PASS,False
slow_11_to_11,recovery,WL2,settled_max_v,2.3808693160914216e-09,,0.16200000000000003,PASS,False
slow_11_to_11,recovery,WL3,end_level_v,2.3803333264844166e-09,-0.16200000000000003,0.16200000000000003,PASS,False
slow_11_to_11,recovery,WL3,settled_max_v,2.3164662393850472e-08,,0.16200000000000003,PASS,False
slow_11_to_11,recovery,N0,end_level_v,1.6199999929346676,1.4580000000000002,1.7820000000000003,PASS,False
slow_11_to_11,recovery,N1,end_level_v,1.6199999929274163,1.4580000000000002,1.7820000000000003,PASS,False
slow_11_to_11,recovery,N2,end_level_v,1.619983694285313,1.4580000000000002,1.7820000000000003,PASS,False
slow_11_to_11,recovery,N3,end_level_v,1.6198015704151223,1.4580000000000002,1.7820000000000003,PASS,False
slow_11_to_11,final_precharge,DEC0,settled_max_v,1.1309235909584158e-09,,0.16200000000000003,PASS,False
slow_11_to_11,final_precharge,DEC0,settled_min_v,9.074051647435043e-10,-0.16200000000000003,,PASS,False
slow_11_to_11,final_precharge,DEC1,settled_max_v,1.1356810376734443e-09,,0.16200000000000003,PASS,False
slow_11_to_11,final_precharge,DEC1,settled_min_v,9.074191023974431e-10,-0.16200000000000003,,PASS,False
slow_11_to_11,final_precharge,DEC2,settled_max_v,3.1040647604353173e-09,,0.16200000000000003,PASS,False
slow_11_to_11,final_precharge,DEC2,settled_min_v,1.1818608383618037e-09,-0.16200000000000003,,PASS,False
slow_11_to_11,final_precharge,DEC3,settled_max_v,4.980243035578482e-06,,0.16200000000000003,PASS,False
slow_11_to_11,final_precharge,DEC3,settled_min_v,8.616288100019047e-08,-0.16200000000000003,,PASS,False
slow_11_to_11,final_precharge,WL0,settled_max_v,2.3803636075490957e-09,,0.16200000000000003,PASS,False
slow_11_to_11,final_precharge,WL0,settled_min_v,2.380327355289034e-09,-0.16200000000000003,,PASS,False
slow_11_to_11,final_precharge,WL1,settled_max_v,2.380364449426378e-09,,0.16200000000000003,PASS,False
slow_11_to_11,final_precharge,WL1,settled_min_v,2.380327373077337e-09,-0.16200000000000003,,PASS,False
slow_11_to_11,final_precharge,WL2,settled_max_v,2.3808385817358932e-09,,0.16200000000000003,PASS,False
slow_11_to_11,final_precharge,WL2,settled_min_v,2.38032732716297e-09,-0.16200000000000003,,PASS,False
slow_11_to_11,final_precharge,WL3,settled_max_v,2.316370807017521e-08,,0.16200000000000003,PASS,False
slow_11_to_11,final_precharge,WL3,settled_min_v,2.380451624977225e-09,-0.16200000000000003,,PASS,False
slow_11_to_11,final_precharge,N0,end_level_v,1.6199999914282814,1.4580000000000002,1.7820000000000003,PASS,False
slow_11_to_11,final_precharge,N1,end_level_v,1.619999991390465,1.4580000000000002,1.7820000000000003,PASS,False
slow_11_to_11,final_precharge,N2,end_level_v,1.6199895481784499,1.4580000000000002,1.7820000000000003,PASS,False
slow_11_to_11,final_precharge,N3,end_level_v,1.6195502565497522,1.4580000000000002,1.7820000000000003,PASS,False
