case,phase,output,metric,value,low,high,result,settling_allowance_only
fast_00_to_00,prime,DEC0,upper_excursion_v,1.799999402562484,,1.9800000000000002,PASS,False
fast_00_to_00,prime,DEC0,lower_excursion_v,-0.03769945792637641,-0.18000000000000002,,PASS,False
fast_00_to_00,prime,DEC0,end_level_v,1.7999994025503847,1.62,1.9800000000000002,PASS,False
fast_00_to_00,prime,DEC0,settled_min_v,1.7999993823489926,1.62,,PASS,False
fast_00_to_00,prime,DEC1,upper_excursion_v,0.002714999208969282,,1.9800000000000002,PASS,False
fast_00_to_00,prime,DEC1,lower_excursion_v,-0.0001263240488410186,-0.18000000000000002,,PASS,False
fast_00_to_00,prime,DEC1,end_level_v,6.987057112468885e-05,-0.18000000000000002,0.18000000000000002,PASS,False
fast_00_to_00,prime,DEC1,unselected_max_v,0.002714999208969282,,0.18000000000000002,PASS,False
fast_00_to_00,prime,DEC2,upper_excursion_v,0.0027038259671215755,,1.9800000000000002,PASS,False
fast_00_to_00,prime,DEC2,lower_excursion_v,3.909823206861719e-05,-0.18000000000000002,,PASS,False
fast_00_to_00,prime,DEC2,end_level_v,6.283879324645422e-05,-0.18000000000000002,0.18000000000000002,PASS,False
fast_00_to_00,prime,DEC2,unselected_max_v,0.0027038259671215755,,0.18000000000000002,PASS,False
fast_00_to_00,prime,DEC3,upper_excursion_v,0.002705783471453656,,1.9800000000000002,PASS,False
fast_00_to_00,prime,DEC3,lower_excursion_v,3.704278880577008e-05,-0.18000000000000002,,PASS,False
fast_00_to_00,prime,DEC3,end_level_v,6.332583745813911e-05,-0.18000000000000002,0.18000000000000002,PASS,False
fast_00_to_00,prime,DEC3,unselected_max_v,0.002705783471453656,,0.18000000000000002,PASS,False
fast_00_to_00,prime,WL0,upper_excursion_v,1.7999993201191125,,1.9800000000000002,PASS,False
fast_00_to_00,prime,WL0,lower_excursion_v,-0.026499919923094414,-0.18000000000000002,,PASS,False
fast_00_to_00,prime,WL0,end_level_v,1.7999993201191122,1.62,1.9800000000000002,PASS,False
fast_00_to_00,prime,WL0,settled_min_v,1.7998605374744054,1.62,,PASS,False
fast_00_to_00,prime,WL1,upper_excursion_v,0.00014649761950481452,,1.9800000000000002,PASS,False
fast_00_to_00,prime,WL1,lower_excursion_v,0.0001321713004540373,-0.18000000000000002,,PASS,False
fast_00_to_00,prime,WL1,end_level_v,0.0001446870375424604,-0.18000000000000002,0.18000000000000002,PASS,False
fast_00_to_00,prime,WL1,unselected_max_v,0.00014649761950481452,,0.18000000000000002,PASS,False
fast_00_to_00,prime,WL2,upper_excursion_v,0.00014627927162300106,,1.9800000000000002,PASS,False
fast_00_to_00,prime,WL2,lower_excursion_v,0.0001331751536452585,-0.18000000000000002,,PASS,False
fast_00_to_00,prime,WL2,end_level_v,0.00014468704670588144,-0.18000000000000002,0.18000000000000002,PASS,False
fast_00_to_00,prime,WL2,unselected_max_v,0.00014627927162300106,,0.18000000000000002,PASS,False
fast_00_to_00,prime,WL3,upper_excursion_v,0.00014627309532660166,,1.9800000000000002,PASS,False
fast_00_to_00,prime,WL3,lower_excursion_v,0.00013316092367122274,-0.18000000000000002,,PASS,False
fast_00_to_00,prime,WL3,end_level_v,0.0001446870468635887,-0.18000000000000002,0.18000000000000002,PASS,False
fast_00_to_00,prime,WL3,unselected_max_v,0.00014627309532660166,,0.18000000000000002,PASS,False
fast_00_to_00,test,DEC0,upper_excursion_v,1.799999402544172,,1.9800000000000002,PASS,False
fast_00_to_00,test,DEC0,lower_excursion_v,-0.037659891662914766,-0.18000000000000002,,PASS,False
fast_00_to_00,test,DEC0,end_level_v,1.7999994025441708,1.62,1.9800000000000002,PASS,False
fast_00_to_00,test,DEC0,settled_min_v,1.7999993820664137,1.62,,PASS,False
fast_00_to_00,test,DEC1,upper_excursion_v,0.002715447997248266,,1.9800000000000002,PASS,False
fast_00_to_00,test,DEC1,lower_excursion_v,-0.00014202007808792466,-0.18000000000000002,,PASS,False
fast_00_to_00,test,DEC1,end_level_v,6.50021448046628e-05,-0.18000000000000002,0.18000000000000002,PASS,False
fast_00_to_00,test,DEC1,unselected_max_v,0.002715447997248266,,0.18000000000000002,PASS,False
fast_00_to_00,test,DEC2,upper_excursion_v,0.0027046874343420995,,1.9800000000000002,PASS,False
fast_00_to_00,test,DEC2,lower_excursion_v,3.891917937866654e-05,-0.18000000000000002,,PASS,False
fast_00_to_00,test,DEC2,end_level_v,6.283924914854678e-05,-0.18000000000000002,0.18000000000000002,PASS,False
fast_00_to_00,test,DEC2,unselected_max_v,0.0027046874343420995,,0.18000000000000002,PASS,False
fast_00_to_00,test,DEC3,upper_excursion_v,0.002706683963208374,,1.9800000000000002,PASS,False
fast_00_to_00,test,DEC3,lower_excursion_v,3.6903899406882354e-05,-0.18000000000000002,,PASS,False
fast_00_to_00,test,DEC3,end_level_v,6.331811642351534e-05,-0.18000000000000002,0.18000000000000002,PASS,False
fast_00_to_00,test,DEC3,unselected_max_v,0.002706683963208374,,0.18000000000000002,PASS,False
fast_00_to_00,test,WL0,upper_excursion_v,1.7999993201190922,,1.9800000000000002,PASS,False
fast_00_to_00,test,WL0,lower_excursion_v,-0.02649937935757128,-0.18000000000000002,,PASS,False
fast_00_to_00,test,WL0,end_level_v,1.7999993201190922,1.62,1.9800000000000002,PASS,False
fast_00_to_00,test,WL0,settled_min_v,1.7998588981221295,1.62,,PASS,False
fast_00_to_00,test,WL1,upper_excursion_v,0.00014646122072131218,,1.9800000000000002,PASS,False
fast_00_to_00,test,WL1,lower_excursion_v,0.00013195013272749735,-0.18000000000000002,,PASS,False
fast_00_to_00,test,WL1,end_level_v,0.0001446870439765446,-0.18000000000000002,0.18000000000000002,PASS,False
fast_00_to_00,test,WL1,unselected_max_v,0.00014646122072131218,,0.18000000000000002,PASS,False
fast_00_to_00,test,WL2,upper_excursion_v,0.00014627384896903975,,1.9800000000000002,PASS,False
fast_00_to_00,test,WL2,lower_excursion_v,0.0001331089514703927,-0.18000000000000002,,PASS,False
fast_00_to_00,test,WL2,end_level_v,0.00014468704670612427,-0.18000000000000002,0.18000000000000002,PASS,False
fast_00_to_00,test,WL2,unselected_max_v,0.00014627384896903975,,0.18000000000000002,PASS,False
fast_00_to_00,test,WL3,upper_excursion_v,0.00014626761606889317,,1.9800000000000002,PASS,False
fast_00_to_00,test,WL3,lower_excursion_v,0.00013309230817870683,-0.18000000000000002,,PASS,False
fast_00_to_00,test,WL3,end_level_v,0.00014468704687840373,-0.18000000000000002,0.18000000000000002,PASS,False
fast_00_to_00,test,WL3,unselected_max_v,0.00014626761606889317,,0.18000000000000002,PASS,False
fast_00_to_00,recovery,DEC0,end_level_v,0.00020576677383081303,-0.18000000000000002,0.18000000000000002,PASS,False
fast_00_to_00,recovery,DEC0,settled_max_v,0.0002166171465091936,,0.18000000000000002,PASS,False
fast_00_to_00,recovery,DEC1,end_level_v,0.0002053549666265048,-0.18000000000000002,0.18000000000000002,PASS,False
fast_00_to_00,recovery,DEC1,settled_max_v,0.00020539503104917767,,0.18000000000000002,PASS,False
fast_00_to_00,recovery,DEC2,end_level_v,0.00020531577873099467,-0.18000000000000002,0.18000000000000002,PASS,False
fast_00_to_00,recovery,DEC2,settled_max_v,0.00020531597595034432,,0.18000000000000002,PASS,False
fast_00_to_00,recovery,DEC3,end_level_v,0.00020531872274179793,-0.18000000000000002,0.18000000000000002,PASS,False
fast_00_to_00,recovery,DEC3,settled_max_v,0.00020531902361461079,,0.18000000000000002,PASS,False
fast_00_to_00,recovery,WL0,end_level_v,0.00014468707240216248,-0.18000000000000002,0.18000000000000002,PASS,False
fast_00_to_00,recovery,WL0,settled_max_v,0.00014468762868567354,,0.18000000000000002,PASS,False
fast_00_to_00,recovery,WL1,end_level_v,0.00014468707202406144,-0.18000000000000002,0.18000000000000002,PASS,False
fast_00_to_00,recovery,WL1,settled_max_v,0.00014468707305560213,,0.18000000000000002,PASS,False
fast_00_to_00,recovery,WL2,end_level_v,0.000144687072008946,-0.18000000000000002,0.18000000000000002,PASS,False
fast_00_to_00,recovery,WL2,settled_max_v,0.00014468707202500172,,0.18000000000000002,PASS,False
fast_00_to_00,recovery,WL3,end_level_v,0.00014468707200943138,-0.18000000000000002,0.18000000000000002,PASS,False
fast_00_to_00,recovery,WL3,settled_max_v,0.00014468707202349397,,0.18000000000000002,PASS,False
fast_00_to_00,recovery,N0,end_level_v,1.7998192323533158,1.62,1.9800000000000002,PASS,False
fast_00_to_00,recovery,N1,end_level_v,1.7999837749419758,1.62,1.9800000000000002,PASS,False
fast_00_to_00,recovery,N2,end_level_v,1.7999999245248843,1.62,1.9800000000000002,PASS,False
fast_00_to_00,recovery,N3,end_level_v,1.7999986842853122,1.62,1.9800000000000002,PASS,False
fast_00_to_00,final_precharge,DEC0,settled_max_v,0.00021661904403211512,,0.18000000000000002,PASS,False
fast_00_to_00,final_precharge,DEC0,settled_min_v,0.00020634382877655842,-0.18000000000000002,,PASS,False
fast_00_to_00,final_precharge,DEC1,settled_max_v,0.00020535069720868315,,0.18000000000000002,PASS,False
fast_00_to_00,final_precharge,DEC1,settled_min_v,0.0002053409401399156,-0.18000000000000002,,PASS,False
fast_00_to_00,final_precharge,DEC2,settled_max_v,0.00020531597603343197,,0.18000000000000002,PASS,False
fast_00_to_00,final_precharge,DEC2,settled_min_v,0.00020531578148890806,-0.18000000000000002,,PASS,False
fast_00_to_00,final_precharge,DEC3,settled_max_v,0.0002053188514623545,,0.18000000000000002,PASS,False
fast_00_to_00,final_precharge,DEC3,settled_min_v,0.00020531862454664507,-0.18000000000000002,,PASS,False
fast_00_to_00,final_precharge,WL0,settled_max_v,0.00014468762890913585,,0.18000000000000002,PASS,False
fast_00_to_00,final_precharge,WL0,settled_min_v,0.00014468707421298816,-0.18000000000000002,,PASS,False
fast_00_to_00,final_precharge,WL1,settled_max_v,0.00014468707296148568,,0.18000000000000002,PASS,False
fast_00_to_00,final_precharge,WL1,settled_min_v,0.00014468707201544247,-0.18000000000000002,,PASS,False
fast_00_to_00,final_precharge,WL2,settled_max_v,0.00014468707202488183,,0.18000000000000002,PASS,False
fast_00_to_00,final_precharge,WL2,settled_min_v,0.00014468707200884692,-0.18000000000000002,,PASS,False
fast_00_to_00,final_precharge,WL3,settled_max_v,0.00014468707202365828,,0.18000000000000002,PASS,False
fast_00_to_00,final_precharge,WL3,settled_min_v,0.00014468707200881482,-0.18000000000000002,,PASS,False
fast_00_to_00,final_precharge,N0,end_level_v,1.799609283893778,1.62,1.9800000000000002,PASS,False
fast_00_to_00,final_precharge,N1,end_level_v,1.7999894732123172,1.62,1.9800000000000002,PASS,False
fast_00_to_00,final_precharge,N2,end_level_v,1.7999999235725281,1.62,1.9800000000000002,PASS,False
fast_00_to_00,final_precharge,N3,end_level_v,1.7999987257192986,1.62,1.9800000000000002,PASS,False
fast_00_to_01,prime,DEC0,upper_excursion_v,1.799999402562484,,1.9800000000000002,PASS,False
fast_00_to_01,prime,DEC0,lower_excursion_v,-0.03769945792637641,-0.18000000000000002,,PASS,False
fast_00_to_01,prime,DEC0,end_level_v,1.7999994025503847,1.62,1.9800000000000002,PASS,False
fast_00_to_01,prime,DEC0,settled_min_v,1.7999993823489926,1.62,,PASS,False
fast_00_to_01,prime,DEC1,upper_excursion_v,0.002714999208969282,,1.9800000000000002,PASS,False
fast_00_to_01,prime,DEC1,lower_excursion_v,-0.0001263240488410186,-0.18000000000000002,,PASS,False
fast_00_to_01,prime,DEC1,end_level_v,6.987057112468885e-05,-0.18000000000000002,0.18000000000000002,PASS,False
fast_00_to_01,prime,DEC1,unselected_max_v,0.002714999208969282,,0.18000000000000002,PASS,False
fast_00_to_01,prime,DEC2,upper_excursion_v,0.0027038259671215755,,1.9800000000000002,PASS,False
fast_00_to_01,prime,DEC2,lower_excursion_v,3.909823206861719e-05,-0.18000000000000002,,PASS,False
fast_00_to_01,prime,DEC2,end_level_v,6.283879324645422e-05,-0.18000000000000002,0.18000000000000002,PASS,False
fast_00_to_01,prime,DEC2,unselected_max_v,0.0027038259671215755,,0.18000000000000002,PASS,False
fast_00_to_01,prime,DEC3,upper_excursion_v,0.002705783471453656,,1.9800000000000002,PASS,False
fast_00_to_01,prime,DEC3,lower_excursion_v,3.704278880577008e-05,-0.18000000000000002,,PASS,False
fast_00_to_01,prime,DEC3,end_level_v,6.332583745813911e-05,-0.18000000000000002,0.18000000000000002,PASS,False
fast_00_to_01,prime,DEC3,unselected_max_v,0.002705783471453656,,0.18000000000000002,PASS,False
fast_00_to_01,prime,WL0,upper_excursion_v,1.7999993201191125,,1.9800000000000002,PASS,False
fast_00_to_01,prime,WL0,lower_excursion_v,-0.026499919923094414,-0.18000000000000002,,PASS,False
fast_00_to_01,prime,WL0,end_level_v,1.7999993201191122,1.62,1.9800000000000002,PASS,False
fast_00_to_01,prime,WL0,settled_min_v,1.7998605374744054,1.62,,PASS,False
fast_00_to_01,prime,WL1,upper_excursion_v,0.00014649761950481452,,1.9800000000000002,PASS,False
fast_00_to_01,prime,WL1,lower_excursion_v,0.0001321713004540373,-0.18000000000000002,,PASS,False
fast_00_to_01,prime,WL1,end_level_v,0.0001446870375424604,-0.18000000000000002,0.18000000000000002,PASS,False
fast_00_to_01,prime,WL1,unselected_max_v,0.00014649761950481452,,0.18000000000000002,PASS,False
fast_00_to_01,prime,WL2,upper_excursion_v,0.00014627927162300106,,1.9800000000000002,PASS,False
fast_00_to_01,prime,WL2,lower_excursion_v,0.0001331751536452585,-0.18000000000000002,,PASS,False
fast_00_to_01,prime,WL2,end_level_v,0.00014468704670588144,-0.18000000000000002,0.18000000000000002,PASS,False
fast_00_to_01,prime,WL2,unselected_max_v,0.00014627927162300106,,0.18000000000000002,PASS,False
fast_00_to_01,prime,WL3,upper_excursion_v,0.00014627309532660166,,1.9800000000000002,PASS,False
fast_00_to_01,prime,WL3,lower_excursion_v,0.00013316092367122274,-0.18000000000000002,,PASS,False
fast_00_to_01,prime,WL3,end_level_v,0.0001446870468635887,-0.18000000000000002,0.18000000000000002,PASS,False
fast_00_to_01,prime,WL3,unselected_max_v,0.00014627309532660166,,0.18000000000000002,PASS,False
fast_00_to_01,test,DEC0,upper_excursion_v,0.002712161094960336,,1.9800000000000002,PASS,False
fast_00_to_01,test,DEC0,lower_excursion_v,-0.00012405405916939282,-0.18000000000000002,,PASS,False
fast_00_to_01,test,DEC0,end_level_v,7.663818947376018e-05,-0.18000000000000002,0.18000000000000002,PASS,False
fast_00_to_01,test,DEC0,unselected_max_v,0.002712161094960336,,0.18000000000000002,PASS,False
fast_00_to_01,test,DEC1,upper_excursion_v,1.7999994026817603,,1.9800000000000002,PASS,False
fast_00_to_01,test,DEC1,lower_excursion_v,-0.03838308123787212,-0.18000000000000002,,PASS,False
fast_00_to_01,test,DEC1,end_level_v,1.799999402558312,1.62,1.9800000000000002,PASS,False
fast_00_to_01,test,DEC1,settled_min_v,1.7999993839934614,1.62,,PASS,False
fast_00_to_01,test,DEC2,upper_excursion_v,0.0027018561023193196,,1.9800000000000002,PASS,False
fast_00_to_01,test,DEC2,lower_excursion_v,3.723203935686798e-05,-0.18000000000000002,,PASS,False
fast_00_to_01,test,DEC2,end_level_v,6.317793645274722e-05,-0.18000000000000002,0.18000000000000002,PASS,False
fast_00_to_01,test,DEC2,unselected_max_v,0.0027018561023193196,,0.18000000000000002,PASS,False
fast_00_to_01,test,DEC3,upper_excursion_v,0.002702037274035998,,1.9800000000000002,PASS,False
fast_00_to_01,test,DEC3,lower_excursion_v,3.9611214255355276e-05,-0.18000000000000002,,PASS,False
fast_00_to_01,test,DEC3,end_level_v,6.283821823072259e-05,-0.18000000000000002,0.18000000000000002,PASS,False
fast_00_to_01,test,DEC3,unselected_max_v,0.002702037274035998,,0.18000000000000002,PASS,False
fast_00_to_01,test,WL0,upper_excursion_v,0.0001465661723683822,,1.9800000000000002,PASS,False
fast_00_to_01,test,WL0,lower_excursion_v,0.00013231136343144702,-0.18000000000000002,,PASS,False
fast_00_to_01,test,WL0,end_level_v,0.0001446870319010065,-0.18000000000000002,0.18000000000000002,PASS,False
fast_00_to_01,test,WL0,unselected_max_v,0.0001465661723683822,,0.18000000000000002,PASS,False
fast_00_to_01,test,WL1,upper_excursion_v,1.7999993201190922,,1.9800000000000002,PASS,False
fast_00_to_01,test,WL1,lower_excursion_v,-0.02651765536962696,-0.18000000000000002,,PASS,False
fast_00_to_01,test,WL1,end_level_v,1.7999993201190922,1.62,1.9800000000000002,PASS,False
fast_00_to_01,test,WL1,settled_min_v,1.7998633549066434,1.62,,PASS,False
fast_00_to_01,test,WL2,upper_excursion_v,0.0001462832650330807,,1.9800000000000002,PASS,False
fast_00_to_01,test,WL2,lower_excursion_v,0.0001331919322395496,-0.18000000000000002,,PASS,False
fast_00_to_01,test,WL2,end_level_v,0.00014468704713036898,-0.18000000000000002,0.18000000000000002,PASS,False
fast_00_to_01,test,WL2,unselected_max_v,0.0001462832650330807,,0.18000000000000002,PASS,False
fast_00_to_01,test,WL3,upper_excursion_v,0.00014629220445008933,,1.9800000000000002,PASS,False
fast_00_to_01,test,WL3,lower_excursion_v,0.00013321692684717398,-0.18000000000000002,,PASS,False
fast_00_to_01,test,WL3,end_level_v,0.00014468704670593947,-0.18000000000000002,0.18000000000000002,PASS,False
fast_00_to_01,test,WL3,unselected_max_v,0.00014629220445008933,,0.18000000000000002,PASS,False
fast_00_to_01,recovery,DEC0,end_level_v,0.00020593242078391523,-0.18000000000000002,0.18000000000000002,PASS,False
fast_00_to_01,recovery,DEC0,settled_max_v,0.00041489418901670324,,0.18000000000000002,PASS,False
fast_00_to_01,recovery,DEC1,end_level_v,0.0002076367729243592,-0.18000000000000002,0.18000000000000002,PASS,False
fast_00_to_01,recovery,DEC1,settled_max_v,0.00024071770023041672,,0.18000000000000002,PASS,False
fast_00_to_01,recovery,DEC2,end_level_v,0.00020531579086591488,-0.18000000000000002,0.18000000000000002,PASS,False
fast_00_to_01,recovery,DEC2,settled_max_v,0.00021945841637060936,,0.18000000000000002,PASS,False
fast_00_to_01,recovery,DEC3,end_level_v,0.00020531579436198905,-0.18000000000000002,0.18000000000000002,PASS,False
fast_00_to_01,recovery,DEC3,settled_max_v,0.00021448754054354593,,0.18000000000000002,PASS,False
fast_00_to_01,recovery,WL0,end_level_v,0.00014468707734620678,-0.18000000000000002,0.18000000000000002,PASS,False
fast_00_to_01,recovery,WL0,settled_max_v,0.000146660668754538,,0.18000000000000002,PASS,False
fast_00_to_01,recovery,WL1,end_level_v,0.00014468708276502216,-0.18000000000000002,0.18000000000000002,PASS,False
fast_00_to_01,recovery,WL1,settled_max_v,0.00014482008298448223,,0.18000000000000002,PASS,False
fast_00_to_01,recovery,WL2,end_level_v,0.0001446870720093569,-0.18000000000000002,0.18000000000000002,PASS,False
fast_00_to_01,recovery,WL2,settled_max_v,0.00014474889424769327,,0.18000000000000002,PASS,False
fast_00_to_01,recovery,WL3,end_level_v,0.00014468707200949538,-0.18000000000000002,0.18000000000000002,PASS,False
fast_00_to_01,recovery,WL3,settled_max_v,0.00014475493167430544,,0.18000000000000002,PASS,False
fast_00_to_01,recovery,N0,end_level_v,1.7997956080378132,1.62,1.9800000000000002,PASS,False
fast_00_to_01,recovery,N1,end_level_v,1.7991910325249079,1.62,1.9800000000000002,PASS,False
fast_00_to_01,recovery,N2,end_level_v,1.799999921221523,1.62,1.9800000000000002,PASS,False
fast_00_to_01,recovery,N3,end_level_v,1.7999999200944885,1.62,1.9800000000000002,PASS,False
fast_00_to_01,final_precharge,DEC0,settled_max_v,0.00020542357818657125,,0.18000000000000002,PASS,False
fast_00_to_01,final_precharge,DEC0,settled_min_v,0.000205382395955085,-0.18000000000000002,,PASS,False
fast_00_to_01,final_precharge,DEC1,settled_max_v,0.00021657303306361474,,0.18000000000000002,PASS,False
fast_00_to_01,final_precharge,DEC1,settled_min_v,0.00020634419465916792,-0.18000000000000002,,PASS,False
fast_00_to_01,final_precharge,DEC2,settled_max_v,0.00020531595292198933,,0.18000000000000002,PASS,False
fast_00_to_01,final_precharge,DEC2,settled_min_v,0.0002053157803684445,-0.18000000000000002,,PASS,False
fast_00_to_01,final_precharge,DEC3,settled_max_v,0.00020531598137588824,,0.18000000000000002,PASS,False
fast_00_to_01,final_precharge,DEC3,settled_min_v,0.00020531578149674326,-0.18000000000000002,,PASS,False
fast_00_to_01,final_precharge,WL0,settled_max_v,0.00014468707301799004,,0.18000000000000002,PASS,False
fast_00_to_01,final_precharge,WL0,settled_min_v,0.00014468707205188305,-0.18000000000000002,,PASS,False
fast_00_to_01,final_precharge,WL1,settled_max_v,0.00014468761491649967,,0.18000000000000002,PASS,False
fast_00_to_01,final_precharge,WL1,settled_min_v,0.00014468707421652876,-0.18000000000000002,,PASS,False
fast_00_to_01,final_precharge,WL2,settled_max_v,0.00014468707202552439,,0.18000000000000002,PASS,False
fast_00_to_01,final_precharge,WL2,settled_min_v,0.0001446870720088634,-0.18000000000000002,,PASS,False
fast_00_to_01,final_precharge,WL3,settled_max_v,0.0001446870720281541,,0.18000000000000002,PASS,False
fast_00_to_01,final_precharge,WL3,settled_min_v,0.00014468707200892856,-0.18000000000000002,,PASS,False
fast_00_to_01,final_precharge,N0,end_level_v,1.7999728881652928,1.62,1.9800000000000002,PASS,False
fast_00_to_01,final_precharge,N1,end_level_v,1.7996091949103274,1.62,1.9800000000000002,PASS,False
fast_00_to_01,final_precharge,N2,end_level_v,1.7999999239868092,1.62,1.9800000000000002,PASS,False
fast_00_to_01,final_precharge,N3,end_level_v,1.7999999235704838,1.62,1.9800000000000002,PASS,False
fast_00_to_10,prime,DEC0,upper_excursion_v,1.799999402562484,,1.9800000000000002,PASS,False
fast_00_to_10,prime,DEC0,lower_excursion_v,-0.03769945792637641,-0.18000000000000002,,PASS,False
fast_00_to_10,prime,DEC0,end_level_v,1.7999994025503847,1.62,1.9800000000000002,PASS,False
fast_00_to_10,prime,DEC0,settled_min_v,1.7999993823489926,1.62,,PASS,False
fast_00_to_10,prime,DEC1,upper_excursion_v,0.002714999208969282,,1.9800000000000002,PASS,False
fast_00_to_10,prime,DEC1,lower_excursion_v,-0.0001263240488410186,-0.18000000000000002,,PASS,False
fast_00_to_10,prime,DEC1,end_level_v,6.987057112468885e-05,-0.18000000000000002,0.18000000000000002,PASS,False
fast_00_to_10,prime,DEC1,unselected_max_v,0.002714999208969282,,0.18000000000000002,PASS,False
fast_00_to_10,prime,DEC2,upper_excursion_v,0.0027038259671215755,,1.9800000000000002,PASS,False
fast_00_to_10,prime,DEC2,lower_excursion_v,3.909823206861719e-05,-0.18000000000000002,,PASS,False
fast_00_to_10,prime,DEC2,end_level_v,6.283879324645422e-05,-0.18000000000000002,0.18000000000000002,PASS,False
fast_00_to_10,prime,DEC2,unselected_max_v,0.0027038259671215755,,0.18000000000000002,PASS,False
fast_00_to_10,prime,DEC3,upper_excursion_v,0.002705783471453656,,1.9800000000000002,PASS,False
fast_00_to_10,prime,DEC3,lower_excursion_v,3.704278880577008e-05,-0.18000000000000002,,PASS,False
fast_00_to_10,prime,DEC3,end_level_v,6.332583745813911e-05,-0.18000000000000002,0.18000000000000002,PASS,False
fast_00_to_10,prime,DEC3,unselected_max_v,0.002705783471453656,,0.18000000000000002,PASS,False
fast_00_to_10,prime,WL0,upper_excursion_v,1.7999993201191125,,1.9800000000000002,PASS,False
fast_00_to_10,prime,WL0,lower_excursion_v,-0.026499919923094414,-0.18000000000000002,,PASS,False
fast_00_to_10,prime,WL0,end_level_v,1.7999993201191122,1.62,1.9800000000000002,PASS,False
fast_00_to_10,prime,WL0,settled_min_v,1.7998605374744054,1.62,,PASS,False
fast_00_to_10,prime,WL1,upper_excursion_v,0.00014649761950481452,,1.9800000000000002,PASS,False
fast_00_to_10,prime,WL1,lower_excursion_v,0.0001321713004540373,-0.18000000000000002,,PASS,False
fast_00_to_10,prime,WL1,end_level_v,0.0001446870375424604,-0.18000000000000002,0.18000000000000002,PASS,False
fast_00_to_10,prime,WL1,unselected_max_v,0.00014649761950481452,,0.18000000000000002,PASS,False
fast_00_to_10,prime,WL2,upper_excursion_v,0.00014627927162300106,,1.9800000000000002,PASS,False
fast_00_to_10,prime,WL2,lower_excursion_v,0.0001331751536452585,-0.18000000000000002,,PASS,False
fast_00_to_10,prime,WL2,end_level_v,0.00014468704670588144,-0.18000000000000002,0.18000000000000002,PASS,False
fast_00_to_10,prime,WL2,unselected_max_v,0.00014627927162300106,,0.18000000000000002,PASS,False
fast_00_to_10,prime,WL3,upper_excursion_v,0.00014627309532660166,,1.9800000000000002,PASS,False
fast_00_to_10,prime,WL3,lower_excursion_v,0.00013316092367122274,-0.18000000000000002,,PASS,False
fast_00_to_10,prime,WL3,end_level_v,0.0001446870468635887,-0.18000000000000002,0.18000000000000002,PASS,False
fast_00_to_10,prime,WL3,unselected_max_v,0.00014627309532660166,,0.18000000000000002,PASS,False
fast_00_to_10,test,DEC0,upper_excursion_v,0.002700187747772814,,1.9800000000000002,PASS,False
fast_00_to_10,test,DEC0,lower_excursion_v,4.2436346118346086e-05,-0.18000000000000002,,PASS,False
fast_00_to_10,test,DEC0,end_level_v,6.286402945907862e-05,-0.18000000000000002,0.18000000000000002,PASS,False
fast_00_to_10,test,DEC0,unselected_max_v,0.002700187747772814,,0.18000000000000002,PASS,False
fast_00_to_10,test,DEC1,upper_excursion_v,0.0026999843387324352,,1.9800000000000002,PASS,False
fast_00_to_10,test,DEC1,lower_excursion_v,4.05210451696263e-05,-0.18000000000000002,,PASS,False
fast_00_to_10,test,DEC1,end_level_v,6.320461045699013e-05,-0.18000000000000002,0.18000000000000002,PASS,False
fast_00_to_10,test,DEC1,unselected_max_v,0.0026999843387324352,,0.18000000000000002,PASS,False
fast_00_to_10,test,DEC2,upper_excursion_v,1.799999402590248,,1.9800000000000002,PASS,False
fast_00_to_10,test,DEC2,lower_excursion_v,-0.03916622374154742,-0.18000000000000002,,PASS,False
fast_00_to_10,test,DEC2,end_level_v,1.7999994025495636,1.62,1.9800000000000002,PASS,False
fast_00_to_10,test,DEC2,settled_min_v,1.799999382625545,1.62,,PASS,False
fast_00_to_10,test,DEC3,upper_excursion_v,0.0027066547107752748,,1.9800000000000002,PASS,False
fast_00_to_10,test,DEC3,lower_excursion_v,-6.210131381975681e-05,-0.18000000000000002,,PASS,False
fast_00_to_10,test,DEC3,end_level_v,7.694284444077075e-05,-0.18000000000000002,0.18000000000000002,PASS,False
fast_00_to_10,test,DEC3,unselected_max_v,0.0027066547107752748,,0.18000000000000002,PASS,False
fast_00_to_10,test,WL0,upper_excursion_v,0.00014622679368781917,,1.9800000000000002,PASS,False
fast_00_to_10,test,WL0,lower_excursion_v,0.00013283540292120894,-0.18000000000000002,,PASS,False
fast_00_to_10,test,WL0,end_level_v,0.00014468704671315917,-0.18000000000000002,0.18000000000000002,PASS,False
fast_00_to_10,test,WL0,unselected_max_v,0.00014622679368781917,,0.18000000000000002,PASS,False
fast_00_to_10,test,WL1,upper_excursion_v,0.0001462176075900934,,1.9800000000000002,PASS,False
fast_00_to_10,test,WL1,lower_excursion_v,0.0001328120478277181,-0.18000000000000002,,PASS,False
fast_00_to_10,test,WL1,end_level_v,0.00014468704713822722,-0.18000000000000002,0.18000000000000002,PASS,False
fast_00_to_10,test,WL1,unselected_max_v,0.0001462176075900934,,0.18000000000000002,PASS,False
fast_00_to_10,test,WL2,upper_excursion_v,1.7999993201190922,,1.9800000000000002,PASS,False
fast_00_to_10,test,WL2,lower_excursion_v,-0.026469357983756832,-0.18000000000000002,,PASS,False
fast_00_to_10,test,WL2,end_level_v,1.7999993201190922,1.62,1.9800000000000002,PASS,False
fast_00_to_10,test,WL2,settled_min_v,1.7998600012286974,1.62,,PASS,False
fast_00_to_10,test,WL3,upper_excursion_v,0.00014655384806626444,,1.9800000000000002,PASS,False
fast_00_to_10,test,WL3,lower_excursion_v,0.00013239551753618898,-0.18000000000000002,,PASS,False
fast_00_to_10,test,WL3,end_level_v,0.00014468703203582037,-0.18000000000000002,0.18000000000000002,PASS,False
fast_00_to_10,test,WL3,unselected_max_v,0.00014655384806626444,,0.18000000000000002,PASS,False
fast_00_to_10,recovery,DEC0,end_level_v,0.00020531581218626886,-0.18000000000000002,0.18000000000000002,PASS,False
fast_00_to_10,recovery,DEC0,settled_max_v,0.0013100552359203595,,0.18000000000000002,PASS,False
fast_00_to_10,recovery,DEC1,end_level_v,0.0002053158099329141,-0.18000000000000002,0.18000000000000002,PASS,False
fast_00_to_10,recovery,DEC1,settled_max_v,0.001297133604852117,,0.18000000000000002,PASS,False
fast_00_to_10,recovery,DEC2,end_level_v,0.00020529945533099647,-0.18000000000000002,0.18000000000000002,PASS,False
fast_00_to_10,recovery,DEC2,settled_max_v,0.0020335277081199466,,0.18000000000000002,PASS,False
fast_00_to_10,recovery,DEC3,end_level_v,0.00020594663879177635,-0.18000000000000002,0.18000000000000002,PASS,False
fast_00_to_10,recovery,DEC3,settled_max_v,0.002542753351000189,,0.18000000000000002,PASS,False
fast_00_to_10,recovery,WL0,end_level_v,0.00014468707200925677,-0.18000000000000002,0.18000000000000002,PASS,False
fast_00_to_10,recovery,WL0,settled_max_v,0.0001506138779605334,,0.18000000000000002,PASS,False
fast_00_to_10,recovery,WL1,end_level_v,0.00014468707200968473,-0.18000000000000002,0.18000000000000002,PASS,False
fast_00_to_10,recovery,WL1,settled_max_v,0.00015065336351374918,,0.18000000000000002,PASS,False
fast_00_to_10,recovery,WL2,end_level_v,0.00014468707175190325,-0.18000000000000002,0.18000000000000002,PASS,False
fast_00_to_10,recovery,WL2,settled_max_v,0.00015016047460106885,,0.18000000000000002,PASS,False
fast_00_to_10,recovery,WL3,end_level_v,0.00014468707763867555,-0.18000000000000002,0.18000000000000002,PASS,False
fast_00_to_10,recovery,WL3,settled_max_v,0.00016198068959336715,,0.18000000000000002,PASS,False
fast_00_to_10,recovery,N0,end_level_v,1.7999999149870265,1.62,1.9800000000000002,PASS,False
fast_00_to_10,recovery,N1,end_level_v,1.7999999157041575,1.62,1.9800000000000002,PASS,False
fast_00_to_10,recovery,N2,end_level_v,1.799979893738983,1.62,1.9800000000000002,PASS,False
fast_00_to_10,recovery,N3,end_level_v,1.7997916373676037,1.62,1.9800000000000002,PASS,False
fast_00_to_10,final_precharge,DEC0,settled_max_v,0.00020531636118912295,,0.18000000000000002,PASS,False
fast_00_to_10,final_precharge,DEC0,settled_min_v,0.0002053157857931015,-0.18000000000000002,,PASS,False
fast_00_to_10,final_precharge,DEC1,settled_max_v,0.00020531633096356697,,0.18000000000000002,PASS,False
fast_00_to_10,final_precharge,DEC1,settled_min_v,0.00020531578467546124,-0.18000000000000002,,PASS,False
fast_00_to_10,final_precharge,DEC2,settled_max_v,0.00021730703596535423,,0.18000000000000002,PASS,False
fast_00_to_10,final_precharge,DEC2,settled_min_v,0.00020635147278988408,-0.18000000000000002,,PASS,False
fast_00_to_10,final_precharge,DEC3,settled_max_v,0.00020542201088660786,,0.18000000000000002,PASS,False
fast_00_to_10,final_precharge,DEC3,settled_min_v,0.0002053833347555739,-0.18000000000000002,,PASS,False
fast_00_to_10,final_precharge,WL0,settled_max_v,0.00014468707207532526,,0.18000000000000002,PASS,False
fast_00_to_10,final_precharge,WL0,settled_min_v,0.00014468707200868776,-0.18000000000000002,,PASS,False
fast_00_to_10,final_precharge,WL1,settled_max_v,0.00014468707207305464,,0.18000000000000002,PASS,False
fast_00_to_10,final_precharge,WL1,settled_min_v,0.00014468707200886012,-0.18000000000000002,,PASS,False
fast_00_to_10,final_precharge,WL2,settled_max_v,0.00014468771113288235,,0.18000000000000002,PASS,False
fast_00_to_10,final_precharge,WL2,settled_min_v,0.00014468707425153255,-0.18000000000000002,,PASS,False
fast_00_to_10,final_precharge,WL3,settled_max_v,0.00014468707248721437,,0.18000000000000002,PASS,False
fast_00_to_10,final_precharge,WL3,settled_min_v,0.00014468707205310096,-0.18000000000000002,,PASS,False
fast_00_to_10,final_precharge,N0,end_level_v,1.7999999220697909,1.62,1.9800000000000002,PASS,False
fast_00_to_10,final_precharge,N1,end_level_v,1.7999999224815542,1.62,1.9800000000000002,PASS,False
fast_00_to_10,final_precharge,N2,end_level_v,1.7996066821877308,1.62,1.9800000000000002,PASS,False
fast_00_to_10,final_precharge,N3,end_level_v,1.7999725184780622,1.62,1.9800000000000002,PASS,False
fast_00_to_11,prime,DEC0,upper_excursion_v,1.799999402562484,,1.9800000000000002,PASS,False
fast_00_to_11,prime,DEC0,lower_excursion_v,-0.03769945792637641,-0.18000000000000002,,PASS,False
fast_00_to_11,prime,DEC0,end_level_v,1.7999994025503847,1.62,1.9800000000000002,PASS,False
fast_00_to_11,prime,DEC0,settled_min_v,1.7999993823489926,1.62,,PASS,False
fast_00_to_11,prime,DEC1,upper_excursion_v,0.002714999208969282,,1.9800000000000002,PASS,False
fast_00_to_11,prime,DEC1,lower_excursion_v,-0.0001263240488410186,-0.18000000000000002,,PASS,False
fast_00_to_11,prime,DEC1,end_level_v,6.987057112468885e-05,-0.18000000000000002,0.18000000000000002,PASS,False
fast_00_to_11,prime,DEC1,unselected_max_v,0.002714999208969282,,0.18000000000000002,PASS,False
fast_00_to_11,prime,DEC2,upper_excursion_v,0.0027038259671215755,,1.9800000000000002,PASS,False
fast_00_to_11,prime,DEC2,lower_excursion_v,3.909823206861719e-05,-0.18000000000000002,,PASS,False
fast_00_to_11,prime,DEC2,end_level_v,6.283879324645422e-05,-0.18000000000000002,0.18000000000000002,PASS,False
fast_00_to_11,prime,DEC2,unselected_max_v,0.0027038259671215755,,0.18000000000000002,PASS,False
fast_00_to_11,prime,DEC3,upper_excursion_v,0.002705783471453656,,1.9800000000000002,PASS,False
fast_00_to_11,prime,DEC3,lower_excursion_v,3.704278880577008e-05,-0.18000000000000002,,PASS,False
fast_00_to_11,prime,DEC3,end_level_v,6.332583745813911e-05,-0.18000000000000002,0.18000000000000002,PASS,False
fast_00_to_11,prime,DEC3,unselected_max_v,0.002705783471453656,,0.18000000000000002,PASS,False
fast_00_to_11,prime,WL0,upper_excursion_v,1.7999993201191125,,1.9800000000000002,PASS,False
fast_00_to_11,prime,WL0,lower_excursion_v,-0.026499919923094414,-0.18000000000000002,,PASS,False
fast_00_to_11,prime,WL0,end_level_v,1.7999993201191122,1.62,1.9800000000000002,PASS,False
fast_00_to_11,prime,WL0,settled_min_v,1.7998605374744054,1.62,,PASS,False
fast_00_to_11,prime,WL1,upper_excursion_v,0.00014649761950481452,,1.9800000000000002,PASS,False
fast_00_to_11,prime,WL1,lower_excursion_v,0.0001321713004540373,-0.18000000000000002,,PASS,False
fast_00_to_11,prime,WL1,end_level_v,0.0001446870375424604,-0.18000000000000002,0.18000000000000002,PASS,False
fast_00_to_11,prime,WL1,unselected_max_v,0.00014649761950481452,,0.18000000000000002,PASS,False
fast_00_to_11,prime,WL2,upper_excursion_v,0.00014627927162300106,,1.9800000000000002,PASS,False
fast_00_to_11,prime,WL2,lower_excursion_v,0.0001331751536452585,-0.18000000000000002,,PASS,False
fast_00_to_11,prime,WL2,end_level_v,0.00014468704670588144,-0.18000000000000002,0.18000000000000002,PASS,False
fast_00_to_11,prime,WL2,unselected_max_v,0.00014627927162300106,,0.18000000000000002,PASS,False
fast_00_to_11,prime,WL3,upper_excursion_v,0.00014627309532660166,,1.9800000000000002,PASS,False
fast_00_to_11,prime,WL3,lower_excursion_v,0.00013316092367122274,-0.18000000000000002,,PASS,False
fast_00_to_11,prime,WL3,end_level_v,0.0001446870468635887,-0.18000000000000002,0.18000000000000002,PASS,False
fast_00_to_11,prime,WL3,unselected_max_v,0.00014627309532660166,,0.18000000000000002,PASS,False
fast_00_to_11,test,DEC0,upper_excursion_v,0.002702666086504866,,1.9800000000000002,PASS,False
fast_00_to_11,test,DEC0,lower_excursion_v,4.1131291972684036e-05,-0.18000000000000002,,PASS,False
fast_00_to_11,test,DEC0,end_level_v,6.32046928377692e-05,-0.18000000000000002,0.18000000000000002,PASS,False
fast_00_to_11,test,DEC0,unselected_max_v,0.002702666086504866,,0.18000000000000002,PASS,False
fast_00_to_11,test,DEC1,upper_excursion_v,0.0027026544617202897,,1.9800000000000002,PASS,False
fast_00_to_11,test,DEC1,lower_excursion_v,4.381727769989825e-05,-0.18000000000000002,,PASS,False
fast_00_to_11,test,DEC1,end_level_v,6.286459611789509e-05,-0.18000000000000002,0.18000000000000002,PASS,False
fast_00_to_11,test,DEC1,unselected_max_v,0.0027026544617202897,,0.18000000000000002,PASS,False
fast_00_to_11,test,DEC2,upper_excursion_v,0.0027147171712326584,,1.9800000000000002,PASS,False
fast_00_to_11,test,DEC2,lower_excursion_v,-5.007190811104345e-05,-0.18000000000000002,,PASS,False
fast_00_to_11,test,DEC2,end_level_v,7.495621659097533e-05,-0.18000000000000002,0.18000000000000002,PASS,False
fast_00_to_11,test,DEC2,unselected_max_v,0.0027147171712326584,,0.18000000000000002,PASS,False
fast_00_to_11,test,DEC3,upper_excursion_v,1.7999994025770263,,1.9800000000000002,PASS,False
fast_00_to_11,test,DEC3,lower_excursion_v,-0.0394569760212262,-0.18000000000000002,,PASS,False
fast_00_to_11,test,DEC3,end_level_v,1.7999994025495067,1.62,1.9800000000000002,PASS,False
fast_00_to_11,test,DEC3,settled_min_v,1.7999993836383923,1.62,,PASS,False
fast_00_to_11,test,WL0,upper_excursion_v,0.00014622340066334754,,1.9800000000000002,PASS,False
fast_00_to_11,test,WL0,lower_excursion_v,0.00013276875601801768,-0.18000000000000002,,PASS,False
fast_00_to_11,test,WL0,end_level_v,0.00014468704713817661,-0.18000000000000002,0.18000000000000002,PASS,False
fast_00_to_11,test,WL0,unselected_max_v,0.00014622340066334754,,0.18000000000000002,PASS,False
fast_00_to_11,test,WL1,upper_excursion_v,0.0001462326507765101,,1.9800000000000002,PASS,False
fast_00_to_11,test,WL1,lower_excursion_v,0.00013279217547031011,-0.18000000000000002,,PASS,False
fast_00_to_11,test,WL1,end_level_v,0.0001446870467134636,-0.18000000000000002,0.18000000000000002,PASS,False
fast_00_to_11,test,WL1,unselected_max_v,0.0001462326507765101,,0.18000000000000002,PASS,False
fast_00_to_11,test,WL2,upper_excursion_v,0.00014659643436174148,,1.9800000000000002,PASS,False
fast_00_to_11,test,WL2,lower_excursion_v,0.0001324984643941776,-0.18000000000000002,,PASS,False
fast_00_to_11,test,WL2,end_level_v,0.00014468703337425467,-0.18000000000000002,0.18000000000000002,PASS,False
fast_00_to_11,test,WL2,unselected_max_v,0.00014659643436174148,,0.18000000000000002,PASS,False
fast_00_to_11,test,WL3,upper_excursion_v,1.7999993201191047,,1.9800000000000002,PASS,False
fast_00_to_11,test,WL3,lower_excursion_v,-0.026522280201891776,-0.18000000000000002,,PASS,False
fast_00_to_11,test,WL3,end_level_v,1.7999993201191047,1.62,1.9800000000000002,PASS,False
fast_00_to_11,test,WL3,settled_min_v,1.7998619324834872,1.62,,PASS,False
fast_00_to_11,recovery,DEC0,end_level_v,0.0002053156956775379,-0.18000000000000002,0.18000000000000002,PASS,False
fast_00_to_11,recovery,DEC0,settled_max_v,0.0013132442918162303,,0.18000000000000002,PASS,False
fast_00_to_11,recovery,DEC1,end_level_v,0.0002053156938521365,-0.18000000000000002,0.18000000000000002,PASS,False
fast_00_to_11,recovery,DEC1,settled_max_v,0.0012962796718717798,,0.18000000000000002,PASS,False
fast_00_to_11,recovery,DEC2,end_level_v,0.00020578739422115252,-0.18000000000000002,0.18000000000000002,PASS,False
fast_00_to_11,recovery,DEC2,settled_max_v,0.0021132979664843423,,0.18000000000000002,PASS,False
fast_00_to_11,recovery,DEC3,end_level_v,0.00020628614250095838,-0.18000000000000002,0.18000000000000002,PASS,False
fast_00_to_11,recovery,DEC3,settled_max_v,0.002388390785379585,,0.18000000000000002,PASS,False
fast_00_to_11,recovery,WL0,end_level_v,0.00014468707200855407,-0.18000000000000002,0.18000000000000002,PASS,False
fast_00_to_11,recovery,WL0,settled_max_v,0.00015087588747221802,,0.18000000000000002,PASS,False
fast_00_to_11,recovery,WL1,end_level_v,0.00014468707200855917,-0.18000000000000002,0.18000000000000002,PASS,False
fast_00_to_11,recovery,WL1,settled_max_v,0.00015081264020793298,,0.18000000000000002,PASS,False
fast_00_to_11,recovery,WL2,end_level_v,0.00014468707487957095,-0.18000000000000002,0.18000000000000002,PASS,False
fast_00_to_11,recovery,WL2,settled_max_v,0.00015036932606713724,,0.18000000000000002,PASS,False
fast_00_to_11,recovery,WL3,end_level_v,0.00014468707841143095,-0.18000000000000002,0.18000000000000002,PASS,False
fast_00_to_11,recovery,WL3,settled_max_v,0.00015083995359912428,,0.18000000000000002,PASS,False
fast_00_to_11,recovery,N0,end_level_v,1.799999948972453,1.62,1.9800000000000002,PASS,False
fast_00_to_11,recovery,N1,end_level_v,1.7999999494820889,1.62,1.9800000000000002,PASS,False
fast_00_to_11,recovery,N2,end_level_v,1.7998369209691167,1.62,1.9800000000000002,PASS,False
fast_00_to_11,recovery,N3,end_level_v,1.7996642906649614,1.62,1.9800000000000002,PASS,False
fast_00_to_11,final_precharge,DEC0,settled_max_v,0.00020531633712179222,,0.18000000000000002,PASS,False
fast_00_to_11,final_precharge,DEC0,settled_min_v,0.00020531578454713057,-0.18000000000000002,,PASS,False
fast_00_to_11,final_precharge,DEC1,settled_max_v,0.0002053163673519818,,0.18000000000000002,PASS,False
fast_00_to_11,final_precharge,DEC1,settled_min_v,0.00020531578580973377,-0.18000000000000002,,PASS,False
fast_00_to_11,final_precharge,DEC2,settled_max_v,0.0002054154341941117,,0.18000000000000002,PASS,False
fast_00_to_11,final_precharge,DEC2,settled_min_v,0.00020538051509604027,-0.18000000000000002,,PASS,False
fast_00_to_11,final_precharge,DEC3,settled_max_v,0.00021717817033267838,,0.18000000000000002,PASS,False
fast_00_to_11,final_precharge,DEC3,settled_min_v,0.0002063518094381489,-0.18000000000000002,,PASS,False
fast_00_to_11,final_precharge,WL0,settled_max_v,0.00014468707207589094,,0.18000000000000002,PASS,False
fast_00_to_11,final_precharge,WL0,settled_min_v,0.00014468707200867594,-0.18000000000000002,,PASS,False
fast_00_to_11,final_precharge,WL1,settled_max_v,0.00014468707207877145,,0.18000000000000002,PASS,False
fast_00_to_11,final_precharge,WL1,settled_min_v,0.00014468707200897038,-0.18000000000000002,,PASS,False
fast_00_to_11,final_precharge,WL2,settled_max_v,0.00014468707242807507,,0.18000000000000002,PASS,False
fast_00_to_11,final_precharge,WL2,settled_min_v,0.0001446870720492542,-0.18000000000000002,,PASS,False
fast_00_to_11,final_precharge,WL3,settled_max_v,0.00014468768512406155,,0.18000000000000002,PASS,False
fast_00_to_11,final_precharge,WL3,settled_min_v,0.00014468707425072745,-0.18000000000000002,,PASS,False
fast_00_to_11,final_precharge,N0,end_level_v,1.799999922536765,1.62,1.9800000000000002,PASS,False
fast_00_to_11,final_precharge,N1,end_level_v,1.7999999220635623,1.62,1.9800000000000002,PASS,False
fast_00_to_11,final_precharge,N2,end_level_v,1.799973622556546,1.62,1.9800000000000002,PASS,False
fast_00_to_11,final_precharge,N3,end_level_v,1.7996065427097876,1.62,1.9800000000000002,PASS,False
fast_01_to_00,prime,DEC0,upper_excursion_v,0.0027160461400588176,,1.9800000000000002,PASS,False
fast_01_to_00,prime,DEC0,lower_excursion_v,-0.00013129530177504456,-0.18000000000000002,,PASS,False
fast_01_to_00,prime,DEC0,end_level_v,6.987465406385645e-05,-0.18000000000000002,0.18000000000000002,PASS,False
fast_01_to_00,prime,DEC0,unselected_max_v,0.0027160461400588176,,0.18000000000000002,PASS,False
fast_01_to_00,prime,DEC1,upper_excursion_v,1.7999994025624637,,1.9800000000000002,PASS,False
fast_01_to_00,prime,DEC1,lower_excursion_v,-0.038439803181697395,-0.18000000000000002,,PASS,False
fast_01_to_00,prime,DEC1,end_level_v,1.799999402550038,1.62,1.9800000000000002,PASS,False
fast_01_to_00,prime,DEC1,settled_min_v,1.7999993835144898,1.62,,PASS,False
fast_01_to_00,prime,DEC2,upper_excursion_v,0.002706202601212464,,1.9800000000000002,PASS,False
fast_01_to_00,prime,DEC2,lower_excursion_v,3.677599116148912e-05,-0.18000000000000002,,PASS,False
fast_01_to_00,prime,DEC2,end_level_v,6.330280156163412e-05,-0.18000000000000002,0.18000000000000002,PASS,False
fast_01_to_00,prime,DEC2,unselected_max_v,0.002706202601212464,,0.18000000000000002,PASS,False
fast_01_to_00,prime,DEC3,upper_excursion_v,0.0027034956856067396,,1.9800000000000002,PASS,False
fast_01_to_00,prime,DEC3,lower_excursion_v,3.9505015370251244e-05,-0.18000000000000002,,PASS,False
fast_01_to_00,prime,DEC3,end_level_v,6.283876308489308e-05,-0.18000000000000002,0.18000000000000002,PASS,False
fast_01_to_00,prime,DEC3,unselected_max_v,0.0027034956856067396,,0.18000000000000002,PASS,False
fast_01_to_00,prime,WL0,upper_excursion_v,0.00014653321206817432,,1.9800000000000002,PASS,False
fast_01_to_00,prime,WL0,lower_excursion_v,0.00013211677166703056,-0.18000000000000002,,PASS,False
fast_01_to_00,prime,WL0,end_level_v,0.0001446870375466376,-0.18000000000000002,0.18000000000000002,PASS,False
fast_01_to_00,prime,WL0,unselected_max_v,0.00014653321206817432,,0.18000000000000002,PASS,False
fast_01_to_00,prime,WL1,upper_excursion_v,1.7999993201190925,,1.9800000000000002,PASS,False
fast_01_to_00,prime,WL1,lower_excursion_v,-0.026527987719668605,-0.18000000000000002,,PASS,False
fast_01_to_00,prime,WL1,end_level_v,1.7999993201190925,1.62,1.9800000000000002,PASS,False
fast_01_to_00,prime,WL1,settled_min_v,1.7998618854646709,1.62,,PASS,False
fast_01_to_00,prime,WL2,upper_excursion_v,0.00014628186500445113,,1.9800000000000002,PASS,False
fast_01_to_00,prime,WL2,lower_excursion_v,0.00013317242707301875,-0.18000000000000002,,PASS,False
fast_01_to_00,prime,WL2,end_level_v,0.00014468704690254132,-0.18000000000000002,0.18000000000000002,PASS,False
fast_01_to_00,prime,WL2,unselected_max_v,0.00014628186500445113,,0.18000000000000002,PASS,False
fast_01_to_00,prime,WL3,upper_excursion_v,0.00014628777532999128,,1.9800000000000002,PASS,False
fast_01_to_00,prime,WL3,lower_excursion_v,0.0001331911238200202,-0.18000000000000002,,PASS,False
fast_01_to_00,prime,WL3,end_level_v,0.0001446870467057876,-0.18000000000000002,0.18000000000000002,PASS,False
fast_01_to_00,prime,WL3,unselected_max_v,0.00014628777532999128,,0.18000000000000002,PASS,False
fast_01_to_00,test,DEC0,upper_excursion_v,1.7999994026852706,,1.9800000000000002,PASS,False
fast_01_to_00,test,DEC0,lower_excursion_v,-0.03771354074265337,-0.18000000000000002,,PASS,False
fast_01_to_00,test,DEC0,end_level_v,1.799999402558304,1.62,1.9800000000000002,PASS,False
fast_01_to_00,test,DEC0,settled_min_v,1.7999993828908454,1.62,,PASS,False
fast_01_to_00,test,DEC1,upper_excursion_v,0.0027099707515975124,,1.9800000000000002,PASS,False
fast_01_to_00,test,DEC1,lower_excursion_v,-0.00011899254345663912,-0.18000000000000002,,PASS,False
fast_01_to_00,test,DEC1,end_level_v,7.686160059524465e-05,-0.18000000000000002,0.18000000000000002,PASS,False
fast_01_to_00,test,DEC1,unselected_max_v,0.0027099707515975124,,0.18000000000000002,PASS,False
fast_01_to_00,test,DEC2,upper_excursion_v,0.0027020216855682274,,1.9800000000000002,PASS,False
fast_01_to_00,test,DEC2,lower_excursion_v,3.927250500184911e-05,-0.18000000000000002,,PASS,False
fast_01_to_00,test,DEC2,end_level_v,6.283818845685347e-05,-0.18000000000000002,0.18000000000000002,PASS,False
fast_01_to_00,test,DEC2,unselected_max_v,0.0027020216855682274,,0.18000000000000002,PASS,False
fast_01_to_00,test,DEC3,upper_excursion_v,0.0027018708111171187,,1.9800000000000002,PASS,False
fast_01_to_00,test,DEC3,lower_excursion_v,3.7465873686068765e-05,-0.18000000000000002,,PASS,False
fast_01_to_00,test,DEC3,end_level_v,6.317840918203145e-05,-0.18000000000000002,0.18000000000000002,PASS,False
fast_01_to_00,test,DEC3,unselected_max_v,0.0027018708111171187,,0.18000000000000002,PASS,False
fast_01_to_00,test,WL0,upper_excursion_v,1.799999320119113,,1.9800000000000002,PASS,False
fast_01_to_00,test,WL0,lower_excursion_v,-0.026501589403835436,-0.18000000000000002,,PASS,False
fast_01_to_00,test,WL0,end_level_v,1.799999320119113,1.62,1.9800000000000002,PASS,False
fast_01_to_00,test,WL0,settled_min_v,1.7998622491931633,1.62,,PASS,False
fast_01_to_00,test,WL1,upper_excursion_v,0.00014653412441250688,,1.9800000000000002,PASS,False
fast_01_to_00,test,WL1,lower_excursion_v,0.00013237246765720586,-0.18000000000000002,,PASS,False
fast_01_to_00,test,WL1,end_level_v,0.00014468703174432397,-0.18000000000000002,0.18000000000000002,PASS,False
fast_01_to_00,test,WL1,unselected_max_v,0.00014653412441250688,,0.18000000000000002,PASS,False
fast_01_to_00,test,WL2,upper_excursion_v,0.00014628487516413772,,1.9800000000000002,PASS,False
fast_01_to_00,test,WL2,lower_excursion_v,0.00013320148630328565,-0.18000000000000002,,PASS,False
fast_01_to_00,test,WL2,end_level_v,0.00014468704670580332,-0.18000000000000002,0.18000000000000002,PASS,False
fast_01_to_00,test,WL2,unselected_max_v,0.00014628487516413772,,0.18000000000000002,PASS,False
fast_01_to_00,test,WL3,upper_excursion_v,0.00014627704064101976,,1.9800000000000002,PASS,False
fast_01_to_00,test,WL3,lower_excursion_v,0.00013317619036625907,-0.18000000000000002,,PASS,False
fast_01_to_00,test,WL3,end_level_v,0.00014468704713099025,-0.18000000000000002,0.18000000000000002,PASS,False
fast_01_to_00,test,WL3,unselected_max_v,0.00014627704064101976,,0.18000000000000002,PASS,False
fast_01_to_00,recovery,DEC0,end_level_v,0.00020773697593516792,-0.18000000000000002,0.18000000000000002,PASS,False
fast_01_to_00,recovery,DEC0,settled_max_v,0.00026644327080892097,,0.18000000000000002,PASS,False
fast_01_to_00,recovery,DEC1,end_level_v,0.00020595271324460365,-0.18000000000000002,0.18000000000000002,PASS,False
fast_01_to_00,recovery,DEC1,settled_max_v,0.0004524834460559596,,0.18000000000000002,PASS,False
fast_01_to_00,recovery,DEC2,end_level_v,0.00020531579686329643,-0.18000000000000002,0.18000000000000002,PASS,False
fast_01_to_00,recovery,DEC2,settled_max_v,0.00022570832278503227,,0.18000000000000002,PASS,False
fast_01_to_00,recovery,DEC3,end_level_v,0.00020531579311022796,-0.18000000000000002,0.18000000000000002,PASS,False
fast_01_to_00,recovery,DEC3,settled_max_v,0.00022233095905345454,,0.18000000000000002,PASS,False
fast_01_to_00,recovery,WL0,end_level_v,0.00014468708254095758,-0.18000000000000002,0.18000000000000002,PASS,False
fast_01_to_00,recovery,WL0,settled_max_v,0.0001449628775896738,,0.18000000000000002,PASS,False
fast_01_to_00,recovery,WL1,end_level_v,0.00014468707775460053,-0.18000000000000002,0.18000000000000002,PASS,False
fast_01_to_00,recovery,WL1,settled_max_v,0.00014769109047002186,,0.18000000000000002,PASS,False
fast_01_to_00,recovery,WL2,end_level_v,0.00014468707200937845,-0.18000000000000002,0.18000000000000002,PASS,False
fast_01_to_00,recovery,WL2,settled_max_v,0.00014475250000322738,,0.18000000000000002,PASS,False
fast_01_to_00,recovery,WL3,end_level_v,0.0001446870720094383,-0.18000000000000002,0.18000000000000002,PASS,False
fast_01_to_00,recovery,WL3,settled_max_v,0.0001447599053553319,,0.18000000000000002,PASS,False
fast_01_to_00,recovery,N0,end_level_v,1.799159358693984,1.62,1.9800000000000002,PASS,False
fast_01_to_00,recovery,N1,end_level_v,1.7997900336571357,1.62,1.9800000000000002,PASS,False
fast_01_to_00,recovery,N2,end_level_v,1.799999919582118,1.62,1.9800000000000002,PASS,False
fast_01_to_00,recovery,N3,end_level_v,1.799999920775026,1.62,1.9800000000000002,PASS,False
fast_01_to_00,final_precharge,DEC0,settled_max_v,0.0002166162467578938,,0.18000000000000002,PASS,False
fast_01_to_00,final_precharge,DEC0,settled_min_v,0.00020634299498677655,-0.18000000000000002,,PASS,False
fast_01_to_00,final_precharge,DEC1,settled_max_v,0.00020542440182702923,,0.18000000000000002,PASS,False
fast_01_to_00,final_precharge,DEC1,settled_min_v,0.00020538263548324637,-0.18000000000000002,,PASS,False
fast_01_to_00,final_precharge,DEC2,settled_max_v,0.00020531597585780247,,0.18000000000000002,PASS,False
fast_01_to_00,final_precharge,DEC2,settled_min_v,0.00020531578148185766,-0.18000000000000002,,PASS,False
fast_01_to_00,final_precharge,DEC3,settled_max_v,0.00020531594790733693,,0.18000000000000002,PASS,False
fast_01_to_00,final_precharge,DEC3,settled_min_v,0.00020531578035886853,-0.18000000000000002,,PASS,False
fast_01_to_00,final_precharge,WL0,settled_max_v,0.00014468762865612036,,0.18000000000000002,PASS,False
fast_01_to_00,final_precharge,WL0,settled_min_v,0.00014468707421261577,-0.18000000000000002,,PASS,False
fast_01_to_00,final_precharge,WL1,settled_max_v,0.00014468707313493014,,0.18000000000000002,PASS,False
fast_01_to_00,final_precharge,WL1,settled_min_v,0.00014468707205255252,-0.18000000000000002,,PASS,False
fast_01_to_00,final_precharge,WL2,settled_max_v,0.0001446870720248647,,0.18000000000000002,PASS,False
fast_01_to_00,final_precharge,WL2,settled_min_v,0.00014468707200882436,-0.18000000000000002,,PASS,False
fast_01_to_00,final_precharge,WL3,settled_max_v,0.00014468707202310596,,0.18000000000000002,PASS,False
fast_01_to_00,final_precharge,WL3,settled_min_v,0.00014468707200894875,-0.18000000000000002,,PASS,False
fast_01_to_00,final_precharge,N0,end_level_v,1.799609634148954,1.62,1.9800000000000002,PASS,False
fast_01_to_00,final_precharge,N1,end_level_v,1.7999727945589143,1.62,1.9800000000000002,PASS,False
fast_01_to_00,final_precharge,N2,end_level_v,1.7999999235751305,1.62,1.9800000000000002,PASS,False
fast_01_to_00,final_precharge,N3,end_level_v,1.799999923989714,1.62,1.9800000000000002,PASS,False
fast_01_to_01,prime,DEC0,upper_excursion_v,0.0027160461400588176,,1.9800000000000002,PASS,False
fast_01_to_01,prime,DEC0,lower_excursion_v,-0.00013129530177504456,-0.18000000000000002,,PASS,False
fast_01_to_01,prime,DEC0,end_level_v,6.987465406385645e-05,-0.18000000000000002,0.18000000000000002,PASS,False
fast_01_to_01,prime,DEC0,unselected_max_v,0.0027160461400588176,,0.18000000000000002,PASS,False
fast_01_to_01,prime,DEC1,upper_excursion_v,1.7999994025624637,,1.9800000000000002,PASS,False
fast_01_to_01,prime,DEC1,lower_excursion_v,-0.038439803181697395,-0.18000000000000002,,PASS,False
fast_01_to_01,prime,DEC1,end_level_v,1.799999402550038,1.62,1.9800000000000002,PASS,False
fast_01_to_01,prime,DEC1,settled_min_v,1.7999993835144898,1.62,,PASS,False
fast_01_to_01,prime,DEC2,upper_excursion_v,0.002706202601212464,,1.9800000000000002,PASS,False
fast_01_to_01,prime,DEC2,lower_excursion_v,3.677599116148912e-05,-0.18000000000000002,,PASS,False
fast_01_to_01,prime,DEC2,end_level_v,6.330280156163412e-05,-0.18000000000000002,0.18000000000000002,PASS,False
fast_01_to_01,prime,DEC2,unselected_max_v,0.002706202601212464,,0.18000000000000002,PASS,False
fast_01_to_01,prime,DEC3,upper_excursion_v,0.0027034956856067396,,1.9800000000000002,PASS,False
fast_01_to_01,prime,DEC3,lower_excursion_v,3.9505015370251244e-05,-0.18000000000000002,,PASS,False
fast_01_to_01,prime,DEC3,end_level_v,6.283876308489308e-05,-0.18000000000000002,0.18000000000000002,PASS,False
fast_01_to_01,prime,DEC3,unselected_max_v,0.0027034956856067396,,0.18000000000000002,PASS,False
fast_01_to_01,prime,WL0,upper_excursion_v,0.00014653321206817432,,1.9800000000000002,PASS,False
fast_01_to_01,prime,WL0,lower_excursion_v,0.00013211677166703056,-0.18000000000000002,,PASS,False
fast_01_to_01,prime,WL0,end_level_v,0.0001446870375466376,-0.18000000000000002,0.18000000000000002,PASS,False
fast_01_to_01,prime,WL0,unselected_max_v,0.00014653321206817432,,0.18000000000000002,PASS,False
fast_01_to_01,prime,WL1,upper_excursion_v,1.7999993201190925,,1.9800000000000002,PASS,False
fast_01_to_01,prime,WL1,lower_excursion_v,-0.026527987719668605,-0.18000000000000002,,PASS,False
fast_01_to_01,prime,WL1,end_level_v,1.7999993201190925,1.62,1.9800000000000002,PASS,False
fast_01_to_01,prime,WL1,settled_min_v,1.7998618854646709,1.62,,PASS,False
fast_01_to_01,prime,WL2,upper_excursion_v,0.00014628186500445113,,1.9800000000000002,PASS,False
fast_01_to_01,prime,WL2,lower_excursion_v,0.00013317242707301875,-0.18000000000000002,,PASS,False
fast_01_to_01,prime,WL2,end_level_v,0.00014468704690254132,-0.18000000000000002,0.18000000000000002,PASS,False
fast_01_to_01,prime,WL2,unselected_max_v,0.00014628186500445113,,0.18000000000000002,PASS,False
fast_01_to_01,prime,WL3,upper_excursion_v,0.00014628777532999128,,1.9800000000000002,PASS,False
fast_01_to_01,prime,WL3,lower_excursion_v,0.0001331911238200202,-0.18000000000000002,,PASS,False
fast_01_to_01,prime,WL3,end_level_v,0.0001446870467057876,-0.18000000000000002,0.18000000000000002,PASS,False
fast_01_to_01,prime,WL3,unselected_max_v,0.00014628777532999128,,0.18000000000000002,PASS,False
fast_01_to_01,test,DEC0,upper_excursion_v,0.002715624666549804,,1.9800000000000002,PASS,False
fast_01_to_01,test,DEC0,lower_excursion_v,-0.00014733001310786135,-0.18000000000000002,,PASS,False
fast_01_to_01,test,DEC0,end_level_v,6.500334590104948e-05,-0.18000000000000002,0.18000000000000002,PASS,False
fast_01_to_01,test,DEC0,unselected_max_v,0.002715624666549804,,0.18000000000000002,PASS,False
fast_01_to_01,test,DEC1,upper_excursion_v,1.7999994025438122,,1.9800000000000002,PASS,False
fast_01_to_01,test,DEC1,lower_excursion_v,-0.03846844159977293,-0.18000000000000002,,PASS,False
fast_01_to_01,test,DEC1,end_level_v,1.799999402543812,1.62,1.9800000000000002,PASS,False
fast_01_to_01,test,DEC1,settled_min_v,1.7999993832718009,1.62,,PASS,False
fast_01_to_01,test,DEC2,upper_excursion_v,0.0027069330884613866,,1.9800000000000002,PASS,False
fast_01_to_01,test,DEC2,lower_excursion_v,3.6642679821405156e-05,-0.18000000000000002,,PASS,False
fast_01_to_01,test,DEC2,end_level_v,6.32974807496766e-05,-0.18000000000000002,0.18000000000000002,PASS,False
fast_01_to_01,test,DEC2,unselected_max_v,0.0027069330884613866,,0.18000000000000002,PASS,False
fast_01_to_01,test,DEC3,upper_excursion_v,0.0027041846460763696,,1.9800000000000002,PASS,False
fast_01_to_01,test,DEC3,lower_excursion_v,3.935753714050382e-05,-0.18000000000000002,,PASS,False
fast_01_to_01,test,DEC3,end_level_v,6.283927407127472e-05,-0.18000000000000002,0.18000000000000002,PASS,False
fast_01_to_01,test,DEC3,unselected_max_v,0.0027041846460763696,,0.18000000000000002,PASS,False
fast_01_to_01,test,WL0,upper_excursion_v,0.0001464980288746899,,1.9800000000000002,PASS,False
fast_01_to_01,test,WL0,lower_excursion_v,0.00013189235610115745,-0.18000000000000002,,PASS,False
fast_01_to_01,test,WL0,end_level_v,0.00014468704397626488,-0.18000000000000002,0.18000000000000002,PASS,False
fast_01_to_01,test,WL0,unselected_max_v,0.0001464980288746899,,0.18000000000000002,PASS,False
fast_01_to_01,test,WL1,upper_excursion_v,1.7999993201190922,,1.9800000000000002,PASS,False
fast_01_to_01,test,WL1,lower_excursion_v,-0.026535091784992464,-0.18000000000000002,,PASS,False
fast_01_to_01,test,WL1,end_level_v,1.7999993201190922,1.62,1.9800000000000002,PASS,False
fast_01_to_01,test,WL1,settled_min_v,1.7998603896899377,1.62,,PASS,False
fast_01_to_01,test,WL2,upper_excursion_v,0.00014627727239413838,,1.9800000000000002,PASS,False
fast_01_to_01,test,WL2,lower_excursion_v,0.00013310246517126843,-0.18000000000000002,,PASS,False
fast_01_to_01,test,WL2,end_level_v,0.00014468704691333908,-0.18000000000000002,0.18000000000000002,PASS,False
fast_01_to_01,test,WL2,unselected_max_v,0.00014627727239413838,,0.18000000000000002,PASS,False
fast_01_to_01,test,WL3,upper_excursion_v,0.00014628249337329756,,1.9800000000000002,PASS,False
fast_01_to_01,test,WL3,lower_excursion_v,0.00013312423643868616,-0.18000000000000002,,PASS,False
fast_01_to_01,test,WL3,end_level_v,0.00014468704670619702,-0.18000000000000002,0.18000000000000002,PASS,False
fast_01_to_01,test,WL3,unselected_max_v,0.00014628249337329756,,0.18000000000000002,PASS,False
fast_01_to_01,recovery,DEC0,end_level_v,0.0002053549846068683,-0.18000000000000002,0.18000000000000002,PASS,False
fast_01_to_01,recovery,DEC0,settled_max_v,0.00020539483724585277,,0.18000000000000002,PASS,False
fast_01_to_01,recovery,DEC1,end_level_v,0.0002057669980251366,-0.18000000000000002,0.18000000000000002,PASS,False
fast_01_to_01,recovery,DEC1,settled_max_v,0.00021657369719693288,,0.18000000000000002,PASS,False
fast_01_to_01,recovery,DEC2,end_level_v,0.00020531828833217271,-0.18000000000000002,0.18000000000000002,PASS,False
fast_01_to_01,recovery,DEC2,settled_max_v,0.00020531855049505141,,0.18000000000000002,PASS,False
fast_01_to_01,recovery,DEC3,end_level_v,0.0002053157787334809,-0.18000000000000002,0.18000000000000002,PASS,False
fast_01_to_01,recovery,DEC3,settled_max_v,0.00020531598147474753,,0.18000000000000002,PASS,False
fast_01_to_01,recovery,WL0,end_level_v,0.00014468707202396078,-0.18000000000000002,0.18000000000000002,PASS,False
fast_01_to_01,recovery,WL0,settled_max_v,0.0001446870729430524,,0.18000000000000002,PASS,False
fast_01_to_01,recovery,WL1,end_level_v,0.00014468707240273987,-0.18000000000000002,0.18000000000000002,PASS,False
fast_01_to_01,recovery,WL1,settled_max_v,0.00014468761493102828,,0.18000000000000002,PASS,False
fast_01_to_01,recovery,WL2,end_level_v,0.00014468707200923005,-0.18000000000000002,0.18000000000000002,PASS,False
fast_01_to_01,recovery,WL2,settled_max_v,0.000144687072025174,,0.18000000000000002,PASS,False
fast_01_to_01,recovery,WL3,end_level_v,0.00014468707200900909,-0.18000000000000002,0.18000000000000002,PASS,False
fast_01_to_01,recovery,WL3,settled_max_v,0.000144687072027926,,0.18000000000000002,PASS,False
fast_01_to_01,recovery,N0,end_level_v,1.7999837676794856,1.62,1.9800000000000002,PASS,False
fast_01_to_01,recovery,N1,end_level_v,1.7998191494555826,1.62,1.9800000000000002,PASS,False
fast_01_to_01,recovery,N2,end_level_v,1.7999988669486735,1.62,1.9800000000000002,PASS,False
fast_01_to_01,recovery,N3,end_level_v,1.799999924524253,1.62,1.9800000000000002,PASS,False
fast_01_to_01,final_precharge,DEC0,settled_max_v,0.00020535049835409047,,0.18000000000000002,PASS,False
fast_01_to_01,final_precharge,DEC0,settled_min_v,0.00020534095320788275,-0.18000000000000002,,PASS,False
fast_01_to_01,final_precharge,DEC1,settled_max_v,0.00021657519912401523,,0.18000000000000002,PASS,False
fast_01_to_01,final_precharge,DEC1,settled_min_v,0.0002063449009157281,-0.18000000000000002,,PASS,False
fast_01_to_01,final_precharge,DEC2,settled_max_v,0.00020531842756210073,,0.18000000000000002,PASS,False
fast_01_to_01,final_precharge,DEC2,settled_min_v,0.00020531821833463023,-0.18000000000000002,,PASS,False
fast_01_to_01,final_precharge,DEC3,settled_max_v,0.00020531598154428183,,0.18000000000000002,PASS,False
fast_01_to_01,final_precharge,DEC3,settled_min_v,0.00020531578150202872,-0.18000000000000002,,PASS,False
fast_01_to_01,final_precharge,WL0,settled_max_v,0.00014468707285514556,,0.18000000000000002,PASS,False
fast_01_to_01,final_precharge,WL0,settled_min_v,0.00014468707201567473,-0.18000000000000002,,PASS,False
fast_01_to_01,final_precharge,WL1,settled_max_v,0.000144687615104978,,0.18000000000000002,PASS,False
fast_01_to_01,final_precharge,WL1,settled_min_v,0.0001446870742164004,-0.18000000000000002,,PASS,False
fast_01_to_01,final_precharge,WL2,settled_max_v,0.00014468707202514066,,0.18000000000000002,PASS,False
fast_01_to_01,final_precharge,WL2,settled_min_v,0.000144687072008865,-0.18000000000000002,,PASS,False
fast_01_to_01,final_precharge,WL3,settled_max_v,0.00014468707202816496,,0.18000000000000002,PASS,False
fast_01_to_01,final_precharge,WL3,settled_min_v,0.00014468707200886987,-0.18000000000000002,,PASS,False
fast_01_to_01,final_precharge,N0,end_level_v,1.799989467796292,1.62,1.9800000000000002,PASS,False
fast_01_to_01,final_precharge,N1,end_level_v,1.799608897957194,1.62,1.9800000000000002,PASS,False
fast_01_to_01,final_precharge,N2,end_level_v,1.7999988965455376,1.62,1.9800000000000002,PASS,False
fast_01_to_01,final_precharge,N3,end_level_v,1.7999999235679374,1.62,1.9800000000000002,PASS,False
fast_01_to_10,prime,DEC0,upper_excursion_v,0.0027160461400588176,,1.9800000000000002,PASS,False
fast_01_to_10,prime,DEC0,lower_excursion_v,-0.00013129530177504456,-0.18000000000000002,,PASS,False
fast_01_to_10,prime,DEC0,end_level_v,6.987465406385645e-05,-0.18000000000000002,0.18000000000000002,PASS,False
fast_01_to_10,prime,DEC0,unselected_max_v,0.0027160461400588176,,0.18000000000000002,PASS,False
fast_01_to_10,prime,DEC1,upper_excursion_v,1.7999994025624637,,1.9800000000000002,PASS,False
fast_01_to_10,prime,DEC1,lower_excursion_v,-0.038439803181697395,-0.18000000000000002,,PASS,False
fast_01_to_10,prime,DEC1,end_level_v,1.799999402550038,1.62,1.9800000000000002,PASS,False
fast_01_to_10,prime,DEC1,settled_min_v,1.7999993835144898,1.62,,PASS,False
fast_01_to_10,prime,DEC2,upper_excursion_v,0.002706202601212464,,1.9800000000000002,PASS,False
fast_01_to_10,prime,DEC2,lower_excursion_v,3.677599116148912e-05,-0.18000000000000002,,PASS,False
fast_01_to_10,prime,DEC2,end_level_v,6.330280156163412e-05,-0.18000000000000002,0.18000000000000002,PASS,False
fast_01_to_10,prime,DEC2,unselected_max_v,0.002706202601212464,,0.18000000000000002,PASS,False
fast_01_to_10,prime,DEC3,upper_excursion_v,0.0027034956856067396,,1.9800000000000002,PASS,False
fast_01_to_10,prime,DEC3,lower_excursion_v,3.9505015370251244e-05,-0.18000000000000002,,PASS,False
fast_01_to_10,prime,DEC3,end_level_v,6.283876308489308e-05,-0.18000000000000002,0.18000000000000002,PASS,False
fast_01_to_10,prime,DEC3,unselected_max_v,0.0027034956856067396,,0.18000000000000002,PASS,False
fast_01_to_10,prime,WL0,upper_excursion_v,0.00014653321206817432,,1.9800000000000002,PASS,False
fast_01_to_10,prime,WL0,lower_excursion_v,0.00013211677166703056,-0.18000000000000002,,PASS,False
fast_01_to_10,prime,WL0,end_level_v,0.0001446870375466376,-0.18000000000000002,0.18000000000000002,PASS,False
fast_01_to_10,prime,WL0,unselected_max_v,0.00014653321206817432,,0.18000000000000002,PASS,False
fast_01_to_10,prime,WL1,upper_excursion_v,1.7999993201190925,,1.9800000000000002,PASS,False
fast_01_to_10,prime,WL1,lower_excursion_v,-0.026527987719668605,-0.18000000000000002,,PASS,False
fast_01_to_10,prime,WL1,end_level_v,1.7999993201190925,1.62,1.9800000000000002,PASS,False
fast_01_to_10,prime,WL1,settled_min_v,1.7998618854646709,1.62,,PASS,False
fast_01_to_10,prime,WL2,upper_excursion_v,0.00014628186500445113,,1.9800000000000002,PASS,False
fast_01_to_10,prime,WL2,lower_excursion_v,0.00013317242707301875,-0.18000000000000002,,PASS,False
fast_01_to_10,prime,WL2,end_level_v,0.00014468704690254132,-0.18000000000000002,0.18000000000000002,PASS,False
fast_01_to_10,prime,WL2,unselected_max_v,0.00014628186500445113,,0.18000000000000002,PASS,False
fast_01_to_10,prime,WL3,upper_excursion_v,0.00014628777532999128,,1.9800000000000002,PASS,False
fast_01_to_10,prime,WL3,lower_excursion_v,0.0001331911238200202,-0.18000000000000002,,PASS,False
fast_01_to_10,prime,WL3,end_level_v,0.0001446870467057876,-0.18000000000000002,0.18000000000000002,PASS,False
fast_01_to_10,prime,WL3,unselected_max_v,0.00014628777532999128,,0.18000000000000002,PASS,False
fast_01_to_10,test,DEC0,upper_excursion_v,0.0027034257387878917,,1.9800000000000002,PASS,False
fast_01_to_10,test,DEC0,lower_excursion_v,4.431759372181964e-05,-0.18000000000000002,,PASS,False
fast_01_to_10,test,DEC0,end_level_v,6.286439010115625e-05,-0.18000000000000002,0.18000000000000002,PASS,False
fast_01_to_10,test,DEC0,unselected_max_v,0.0027034257387878917,,0.18000000000000002,PASS,False
fast_01_to_10,test,DEC1,upper_excursion_v,0.0027034126488258673,,1.9800000000000002,PASS,False
fast_01_to_10,test,DEC1,lower_excursion_v,4.22516516752958e-05,-0.18000000000000002,,PASS,False
fast_01_to_10,test,DEC1,end_level_v,6.320504847481723e-05,-0.18000000000000002,0.18000000000000002,PASS,False
fast_01_to_10,test,DEC1,unselected_max_v,0.0027034126488258673,,0.18000000000000002,PASS,False
fast_01_to_10,test,DEC2,upper_excursion_v,1.799999402574743,,1.9800000000000002,PASS,False
fast_01_to_10,test,DEC2,lower_excursion_v,-0.038409928572288046,-0.18000000000000002,,PASS,False
fast_01_to_10,test,DEC2,end_level_v,1.7999994025490964,1.62,1.9800000000000002,PASS,False
fast_01_to_10,test,DEC2,settled_min_v,1.7999993825512453,1.62,,PASS,False
fast_01_to_10,test,DEC3,upper_excursion_v,0.0027129941218770673,,1.9800000000000002,PASS,False
fast_01_to_10,test,DEC3,lower_excursion_v,-5.050970308383834e-05,-0.18000000000000002,,PASS,False
fast_01_to_10,test,DEC3,end_level_v,7.490908368659037e-05,-0.18000000000000002,0.18000000000000002,PASS,False
fast_01_to_10,test,DEC3,unselected_max_v,0.0027129941218770673,,0.18000000000000002,PASS,False
fast_01_to_10,test,WL0,upper_excursion_v,0.00014621439289939038,,1.9800000000000002,PASS,False
fast_01_to_10,test,WL0,lower_excursion_v,0.00013273576488841493,-0.18000000000000002,,PASS,False
fast_01_to_10,test,WL0,end_level_v,0.00014468704671308607,-0.18000000000000002,0.18000000000000002,PASS,False
fast_01_to_10,test,WL0,unselected_max_v,0.00014621439289939038,,0.18000000000000002,PASS,False
fast_01_to_10,test,WL1,upper_excursion_v,0.00014620583220766855,,1.9800000000000002,PASS,False
fast_01_to_10,test,WL1,lower_excursion_v,0.0001327147670419385,-0.18000000000000002,,PASS,False
fast_01_to_10,test,WL1,end_level_v,0.00014468704713850087,-0.18000000000000002,0.18000000000000002,PASS,False
fast_01_to_10,test,WL1,unselected_max_v,0.00014620583220766855,,0.18000000000000002,PASS,False
fast_01_to_10,test,WL2,upper_excursion_v,1.7999993201190843,,1.9800000000000002,PASS,False
fast_01_to_10,test,WL2,lower_excursion_v,-0.026452690677780413,-0.18000000000000002,,PASS,False
fast_01_to_10,test,WL2,end_level_v,1.7999993201190843,1.62,1.9800000000000002,PASS,False
fast_01_to_10,test,WL2,settled_min_v,1.7998598346377304,1.62,,PASS,False
fast_01_to_10,test,WL3,upper_excursion_v,0.0001465604431918408,,1.9800000000000002,PASS,False
fast_01_to_10,test,WL3,lower_excursion_v,0.00013247707341713024,-0.18000000000000002,,PASS,False
fast_01_to_10,test,WL3,end_level_v,0.00014468703339380227,-0.18000000000000002,0.18000000000000002,PASS,False
fast_01_to_10,test,WL3,unselected_max_v,0.0001465604431918408,,0.18000000000000002,PASS,False
fast_01_to_10,recovery,DEC0,end_level_v,0.00020531572198387074,-0.18000000000000002,0.18000000000000002,PASS,False
fast_01_to_10,recovery,DEC0,settled_max_v,0.0012674736192706437,,0.18000000000000002,PASS,False
fast_01_to_10,recovery,DEC1,end_level_v,0.0002053157234090686,-0.18000000000000002,0.18000000000000002,PASS,False
fast_01_to_10,recovery,DEC1,settled_max_v,0.0012803534613603318,,0.18000000000000002,PASS,False
fast_01_to_10,recovery,DEC2,end_level_v,0.00020613361337582997,-0.18000000000000002,0.18000000000000002,PASS,False
fast_01_to_10,recovery,DEC2,settled_max_v,0.002357719074773189,,0.18000000000000002,PASS,False
fast_01_to_10,recovery,DEC3,end_level_v,0.00020578422637367372,-0.18000000000000002,0.18000000000000002,PASS,False
fast_01_to_10,recovery,DEC3,settled_max_v,0.002059302221011732,,0.18000000000000002,PASS,False
fast_01_to_10,recovery,WL0,end_level_v,0.00014468707200842763,-0.18000000000000002,0.18000000000000002,PASS,False
fast_01_to_10,recovery,WL0,settled_max_v,0.0001505442643051919,,0.18000000000000002,PASS,False
fast_01_to_10,recovery,WL1,end_level_v,0.00014468707200835827,-0.18000000000000002,0.18000000000000002,PASS,False
fast_01_to_10,recovery,WL1,settled_max_v,0.00015050952762463905,,0.18000000000000002,PASS,False
fast_01_to_10,recovery,WL2,end_level_v,0.00014468707654263134,-0.18000000000000002,0.18000000000000002,PASS,False
fast_01_to_10,recovery,WL2,settled_max_v,0.00015637850064651097,,0.18000000000000002,PASS,False
fast_01_to_10,recovery,WL3,end_level_v,0.0001446870748349196,-0.18000000000000002,0.18000000000000002,PASS,False
fast_01_to_10,recovery,WL3,settled_max_v,0.0001501968310713026,,0.18000000000000002,PASS,False
fast_01_to_10,recovery,N0,end_level_v,1.7999999426726123,1.62,1.9800000000000002,PASS,False
fast_01_to_10,recovery,N1,end_level_v,1.7999999422006956,1.62,1.9800000000000002,PASS,False
fast_01_to_10,recovery,N2,end_level_v,1.799712270658631,1.62,1.9800000000000002,PASS,False
fast_01_to_10,recovery,N3,end_level_v,1.7998378555112575,1.62,1.9800000000000002,PASS,False
fast_01_to_10,final_precharge,DEC0,settled_max_v,0.00020531636122858392,,0.18000000000000002,PASS,False
fast_01_to_10,final_precharge,DEC0,settled_min_v,0.00020531578579229974,-0.18000000000000002,,PASS,False
fast_01_to_10,final_precharge,DEC1,settled_max_v,0.00020531633133357105,,0.18000000000000002,PASS,False
fast_01_to_10,final_precharge,DEC1,settled_min_v,0.00020531578458598184,-0.18000000000000002,,PASS,False
fast_01_to_10,final_precharge,DEC2,settled_max_v,0.00021730696159097951,,0.18000000000000002,PASS,False
fast_01_to_10,final_precharge,DEC2,settled_min_v,0.0002063514705370889,-0.18000000000000002,,PASS,False
fast_01_to_10,final_precharge,DEC3,settled_max_v,0.00020541542842795332,,0.18000000000000002,PASS,False
fast_01_to_10,final_precharge,DEC3,settled_min_v,0.0002053804308778176,-0.18000000000000002,,PASS,False
fast_01_to_10,final_precharge,WL0,settled_max_v,0.0001446870720750422,,0.18000000000000002,PASS,False
fast_01_to_10,final_precharge,WL0,settled_min_v,0.00014468707200868838,-0.18000000000000002,,PASS,False
fast_01_to_10,final_precharge,WL1,settled_max_v,0.0001446870720733603,,0.18000000000000002,PASS,False
fast_01_to_10,final_precharge,WL1,settled_min_v,0.0001446870720089089,-0.18000000000000002,,PASS,False
fast_01_to_10,final_precharge,WL2,settled_max_v,0.00014468771112466168,,0.18000000000000002,PASS,False
fast_01_to_10,final_precharge,WL2,settled_min_v,0.00014468707425121255,-0.18000000000000002,,PASS,False
fast_01_to_10,final_precharge,WL3,settled_max_v,0.00014468707247160877,,0.18000000000000002,PASS,False
fast_01_to_10,final_precharge,WL3,settled_min_v,0.00014468707204948048,-0.18000000000000002,,PASS,False
fast_01_to_10,final_precharge,N0,end_level_v,1.7999999220697083,1.62,1.9800000000000002,PASS,False
fast_01_to_10,final_precharge,N1,end_level_v,1.7999999225185592,1.62,1.9800000000000002,PASS,False
fast_01_to_10,final_precharge,N2,end_level_v,1.7996066830235584,1.62,1.9800000000000002,PASS,False
fast_01_to_10,final_precharge,N3,end_level_v,1.7999736557271244,1.62,1.9800000000000002,PASS,False
fast_01_to_11,prime,DEC0,upper_excursion_v,0.0027160461400588176,,1.9800000000000002,PASS,False
fast_01_to_11,prime,DEC0,lower_excursion_v,-0.00013129530177504456,-0.18000000000000002,,PASS,False
fast_01_to_11,prime,DEC0,end_level_v,6.987465406385645e-05,-0.18000000000000002,0.18000000000000002,PASS,False
fast_01_to_11,prime,DEC0,unselected_max_v,0.0027160461400588176,,0.18000000000000002,PASS,False
fast_01_to_11,prime,DEC1,upper_excursion_v,1.7999994025624637,,1.9800000000000002,PASS,False
fast_01_to_11,prime,DEC1,lower_excursion_v,-0.038439803181697395,-0.18000000000000002,,PASS,False
fast_01_to_11,prime,DEC1,end_level_v,1.799999402550038,1.62,1.9800000000000002,PASS,False
fast_01_to_11,prime,DEC1,settled_min_v,1.7999993835144898,1.62,,PASS,False
fast_01_to_11,prime,DEC2,upper_excursion_v,0.002706202601212464,,1.9800000000000002,PASS,False
fast_01_to_11,prime,DEC2,lower_excursion_v,3.677599116148912e-05,-0.18000000000000002,,PASS,False
fast_01_to_11,prime,DEC2,end_level_v,6.330280156163412e-05,-0.18000000000000002,0.18000000000000002,PASS,False
fast_01_to_11,prime,DEC2,unselected_max_v,0.002706202601212464,,0.18000000000000002,PASS,False
fast_01_to_11,prime,DEC3,upper_excursion_v,0.0027034956856067396,,1.9800000000000002,PASS,False
fast_01_to_11,prime,DEC3,lower_excursion_v,3.9505015370251244e-05,-0.18000000000000002,,PASS,False
fast_01_to_11,prime,DEC3,end_level_v,6.283876308489308e-05,-0.18000000000000002,0.18000000000000002,PASS,False
fast_01_to_11,prime,DEC3,unselected_max_v,0.0027034956856067396,,0.18000000000000002,PASS,False
fast_01_to_11,prime,WL0,upper_excursion_v,0.00014653321206817432,,1.9800000000000002,PASS,False
fast_01_to_11,prime,WL0,lower_excursion_v,0.00013211677166703056,-0.18000000000000002,,PASS,False
fast_01_to_11,prime,WL0,end_level_v,0.0001446870375466376,-0.18000000000000002,0.18000000000000002,PASS,False
fast_01_to_11,prime,WL0,unselected_max_v,0.00014653321206817432,,0.18000000000000002,PASS,False
fast_01_to_11,prime,WL1,upper_excursion_v,1.7999993201190925,,1.9800000000000002,PASS,False
fast_01_to_11,prime,WL1,lower_excursion_v,-0.026527987719668605,-0.18000000000000002,,PASS,False
fast_01_to_11,prime,WL1,end_level_v,1.7999993201190925,1.62,1.9800000000000002,PASS,False
fast_01_to_11,prime,WL1,settled_min_v,1.7998618854646709,1.62,,PASS,False
fast_01_to_11,prime,WL2,upper_excursion_v,0.00014628186500445113,,1.9800000000000002,PASS,False
fast_01_to_11,prime,WL2,lower_excursion_v,0.00013317242707301875,-0.18000000000000002,,PASS,False
fast_01_to_11,prime,WL2,end_level_v,0.00014468704690254132,-0.18000000000000002,0.18000000000000002,PASS,False
fast_01_to_11,prime,WL2,unselected_max_v,0.00014628186500445113,,0.18000000000000002,PASS,False
fast_01_to_11,prime,WL3,upper_excursion_v,0.00014628777532999128,,1.9800000000000002,PASS,False
fast_01_to_11,prime,WL3,lower_excursion_v,0.0001331911238200202,-0.18000000000000002,,PASS,False
fast_01_to_11,prime,WL3,end_level_v,0.0001446870467057876,-0.18000000000000002,0.18000000000000002,PASS,False
fast_01_to_11,prime,WL3,unselected_max_v,0.00014628777532999128,,0.18000000000000002,PASS,False
fast_01_to_11,test,DEC0,upper_excursion_v,0.002698999313217338,,1.9800000000000002,PASS,False
fast_01_to_11,test,DEC0,lower_excursion_v,3.955342244047784e-05,-0.18000000000000002,,PASS,False
fast_01_to_11,test,DEC0,end_level_v,6.320383382372149e-05,-0.18000000000000002,0.18000000000000002,PASS,False
fast_01_to_11,test,DEC0,unselected_max_v,0.002698999313217338,,0.18000000000000002,PASS,False
fast_01_to_11,test,DEC1,upper_excursion_v,0.0026992243786309166,,1.9800000000000002,PASS,False
fast_01_to_11,test,DEC1,lower_excursion_v,4.21820282971565e-05,-0.18000000000000002,,PASS,False
fast_01_to_11,test,DEC1,end_level_v,6.286379052181024e-05,-0.18000000000000002,0.18000000000000002,PASS,False
fast_01_to_11,test,DEC1,unselected_max_v,0.0026992243786309166,,0.18000000000000002,PASS,False
fast_01_to_11,test,DEC2,upper_excursion_v,0.0027085049255293203,,1.9800000000000002,PASS,False
fast_01_to_11,test,DEC2,lower_excursion_v,-6.946751946507873e-05,-0.18000000000000002,,PASS,False
fast_01_to_11,test,DEC2,end_level_v,7.695025837243379e-05,-0.18000000000000002,0.18000000000000002,PASS,False
fast_01_to_11,test,DEC2,unselected_max_v,0.0027085049255293203,,0.18000000000000002,PASS,False
fast_01_to_11,test,DEC3,upper_excursion_v,1.799999402593004,,1.9800000000000002,PASS,False
fast_01_to_11,test,DEC3,lower_excursion_v,-0.040104672623548276,-0.18000000000000002,,PASS,False
fast_01_to_11,test,DEC3,end_level_v,1.7999994025498782,1.62,1.9800000000000002,PASS,False
fast_01_to_11,test,DEC3,settled_min_v,1.799999383630594,1.62,,PASS,False
fast_01_to_11,test,WL0,upper_excursion_v,0.00014623032970401256,,1.9800000000000002,PASS,False
fast_01_to_11,test,WL0,lower_excursion_v,0.0001328178330087508,-0.18000000000000002,,PASS,False
fast_01_to_11,test,WL0,end_level_v,0.00014468704713791478,-0.18000000000000002,0.18000000000000002,PASS,False
fast_01_to_11,test,WL0,unselected_max_v,0.00014623032970401256,,0.18000000000000002,PASS,False
fast_01_to_11,test,WL1,upper_excursion_v,0.00014623996972986894,,1.9800000000000002,PASS,False
fast_01_to_11,test,WL1,lower_excursion_v,0.00013284132167843744,-0.18000000000000002,,PASS,False
fast_01_to_11,test,WL1,end_level_v,0.000144687046713013,-0.18000000000000002,0.18000000000000002,PASS,False
fast_01_to_11,test,WL1,unselected_max_v,0.00014623996972986894,,0.18000000000000002,PASS,False
fast_01_to_11,test,WL2,upper_excursion_v,0.0001465837535134256,,1.9800000000000002,PASS,False
fast_01_to_11,test,WL2,lower_excursion_v,0.00013231920623798057,-0.18000000000000002,,PASS,False
fast_01_to_11,test,WL2,end_level_v,0.0001446870320461578,-0.18000000000000002,0.18000000000000002,PASS,False
fast_01_to_11,test,WL2,unselected_max_v,0.0001465837535134256,,0.18000000000000002,PASS,False
fast_01_to_11,test,WL3,upper_excursion_v,1.7999993201191125,,1.9800000000000002,PASS,False
fast_01_to_11,test,WL3,lower_excursion_v,-0.026500162715505933,-0.18000000000000002,,PASS,False
fast_01_to_11,test,WL3,end_level_v,1.7999993201191122,1.62,1.9800000000000002,PASS,False
fast_01_to_11,test,WL3,settled_min_v,1.7998615559712705,1.62,,PASS,False
fast_01_to_11,recovery,DEC0,end_level_v,0.0002053158099602851,-0.18000000000000002,0.18000000000000002,PASS,False
fast_01_to_11,recovery,DEC0,settled_max_v,0.0012963611059872262,,0.18000000000000002,PASS,False
fast_01_to_11,recovery,DEC1,end_level_v,0.00020531581221625828,-0.18000000000000002,0.18000000000000002,PASS,False
fast_01_to_11,recovery,DEC1,settled_max_v,0.0013092897934008738,,0.18000000000000002,PASS,False
fast_01_to_11,recovery,DEC2,end_level_v,0.00020594692816455342,-0.18000000000000002,0.18000000000000002,PASS,False
fast_01_to_11,recovery,DEC2,settled_max_v,0.002539720436792497,,0.18000000000000002,PASS,False
fast_01_to_11,recovery,DEC3,end_level_v,0.0002052993334237342,-0.18000000000000002,0.18000000000000002,PASS,False
fast_01_to_11,recovery,DEC3,settled_max_v,0.002035231352026089,,0.18000000000000002,PASS,False
fast_01_to_11,recovery,WL0,end_level_v,0.00014468707200926387,-0.18000000000000002,0.18000000000000002,PASS,False
fast_01_to_11,recovery,WL0,settled_max_v,0.0001506517197088743,,0.18000000000000002,PASS,False
fast_01_to_11,recovery,WL1,end_level_v,0.00014468707200949527,-0.18000000000000002,0.18000000000000002,PASS,False
fast_01_to_11,recovery,WL1,settled_max_v,0.00015061218946498873,,0.18000000000000002,PASS,False
fast_01_to_11,recovery,WL2,end_level_v,0.00014468707764374485,-0.18000000000000002,0.18000000000000002,PASS,False
fast_01_to_11,recovery,WL2,settled_max_v,0.0001616983475579886,,0.18000000000000002,PASS,False
fast_01_to_11,recovery,WL3,end_level_v,0.0001446870717538135,-0.18000000000000002,0.18000000000000002,PASS,False
fast_01_to_11,recovery,WL3,settled_max_v,0.00015016428605309757,,0.18000000000000002,PASS,False
fast_01_to_11,recovery,N0,end_level_v,1.7999999156953639,1.62,1.9800000000000002,PASS,False
fast_01_to_11,recovery,N1,end_level_v,1.7999999149770414,1.62,1.9800000000000002,PASS,False
fast_01_to_11,recovery,N2,end_level_v,1.7997915546724415,1.62,1.9800000000000002,PASS,False
fast_01_to_11,recovery,N3,end_level_v,1.7999799578080529,1.62,1.9800000000000002,PASS,False
fast_01_to_11,final_precharge,DEC0,settled_max_v,0.00020531633678825216,,0.18000000000000002,PASS,False
fast_01_to_11,final_precharge,DEC0,settled_min_v,0.00020531578469068886,-0.18000000000000002,,PASS,False
fast_01_to_11,final_precharge,DEC1,settled_max_v,0.0002053163672709598,,0.18000000000000002,PASS,False
fast_01_to_11,final_precharge,DEC1,settled_min_v,0.000205315785809709,-0.18000000000000002,,PASS,False
fast_01_to_11,final_precharge,DEC2,settled_max_v,0.0002054218756365016,,0.18000000000000002,PASS,False
fast_01_to_11,final_precharge,DEC2,settled_min_v,0.00020538335653709494,-0.18000000000000002,,PASS,False
fast_01_to_11,final_precharge,DEC3,settled_max_v,0.00021717829287586578,,0.18000000000000002,PASS,False
fast_01_to_11,final_precharge,DEC3,settled_min_v,0.00020635181367283095,-0.18000000000000002,,PASS,False
fast_01_to_11,final_precharge,WL0,settled_max_v,0.00014468707207598497,,0.18000000000000002,PASS,False
fast_01_to_11,final_precharge,WL0,settled_min_v,0.00014468707200861514,-0.18000000000000002,,PASS,False
fast_01_to_11,final_precharge,WL1,settled_max_v,0.00014468707207855515,,0.18000000000000002,PASS,False
fast_01_to_11,final_precharge,WL1,settled_min_v,0.00014468707200893216,-0.18000000000000002,,PASS,False
fast_01_to_11,final_precharge,WL2,settled_max_v,0.00014468707244271795,,0.18000000000000002,PASS,False
fast_01_to_11,final_precharge,WL2,settled_min_v,0.00014468707205325502,-0.18000000000000002,,PASS,False
fast_01_to_11,final_precharge,WL3,settled_max_v,0.00014468768513670665,,0.18000000000000002,PASS,False
fast_01_to_11,final_precharge,WL3,settled_min_v,0.00014468707425075122,-0.18000000000000002,,PASS,False
fast_01_to_11,final_precharge,N0,end_level_v,1.7999999224763723,1.62,1.9800000000000002,PASS,False
fast_01_to_11,final_precharge,N1,end_level_v,1.7999999220636809,1.62,1.9800000000000002,PASS,False
fast_01_to_11,final_precharge,N2,end_level_v,1.7999725098152828,1.62,1.9800000000000002,PASS,False
fast_01_to_11,final_precharge,N3,end_level_v,1.7996065411305682,1.62,1.9800000000000002,PASS,False
fast_10_to_00,prime,DEC0,upper_excursion_v,0.0027012329112186644,,1.9800000000000002,PASS,False
fast_10_to_00,prime,DEC0,lower_excursion_v,4.3639390097132216e-05,-0.18000000000000002,,PASS,False
fast_10_to_00,prime,DEC0,end_level_v,6.286340250363631e-05,-0.18000000000000002,0.18000000000000002,PASS,False
fast_10_to_00,prime,DEC0,unselected_max_v,0.0027012329112186644,,0.18000000000000002,PASS,False
fast_10_to_00,prime,DEC1,upper_excursion_v,0.00270304161215448,,1.9800000000000002,PASS,False
fast_10_to_00,prime,DEC1,lower_excursion_v,4.157219789462109e-05,-0.18000000000000002,,PASS,False
fast_10_to_00,prime,DEC1,end_level_v,6.334555080715711e-05,-0.18000000000000002,0.18000000000000002,PASS,False
fast_10_to_00,prime,DEC1,unselected_max_v,0.00270304161215448,,0.18000000000000002,PASS,False
fast_10_to_00,prime,DEC2,upper_excursion_v,1.7999994025519526,,1.9800000000000002,PASS,False
fast_10_to_00,prime,DEC2,lower_excursion_v,-0.03875214252811546,-0.18000000000000002,,PASS,False
fast_10_to_00,prime,DEC2,end_level_v,1.7999994025478818,1.62,1.9800000000000002,PASS,False
fast_10_to_00,prime,DEC2,settled_min_v,1.799999382754498,1.62,,PASS,False
fast_10_to_00,prime,DEC3,upper_excursion_v,0.002712842525190662,,1.9800000000000002,PASS,False
fast_10_to_00,prime,DEC3,lower_excursion_v,-4.639829735395701e-05,-0.18000000000000002,,PASS,False
fast_10_to_00,prime,DEC3,end_level_v,6.991613455967909e-05,-0.18000000000000002,0.18000000000000002,PASS,False
fast_10_to_00,prime,DEC3,unselected_max_v,0.002712842525190662,,0.18000000000000002,PASS,False
fast_10_to_00,prime,WL0,upper_excursion_v,0.00014623040048018356,,1.9800000000000002,PASS,False
fast_10_to_00,prime,WL0,lower_excursion_v,0.00013288801543405863,-0.18000000000000002,,PASS,False
fast_10_to_00,prime,WL0,end_level_v,0.00014468704671268912,-0.18000000000000002,0.18000000000000002,PASS,False
fast_10_to_00,prime,WL0,unselected_max_v,0.00014623040048018356,,0.18000000000000002,PASS,False
fast_10_to_00,prime,WL1,upper_excursion_v,0.00014621966987877604,,1.9800000000000002,PASS,False
fast_10_to_00,prime,WL1,lower_excursion_v,0.00013286045962807494,-0.18000000000000002,,PASS,False
fast_10_to_00,prime,WL1,end_level_v,0.00014468704688178524,-0.18000000000000002,0.18000000000000002,PASS,False
fast_10_to_00,prime,WL1,unselected_max_v,0.00014621966987877604,,0.18000000000000002,PASS,False
fast_10_to_00,prime,WL2,upper_excursion_v,1.7999993201190925,,1.9800000000000002,PASS,False
fast_10_to_00,prime,WL2,lower_excursion_v,-0.026460366979754686,-0.18000000000000002,,PASS,False
fast_10_to_00,prime,WL2,end_level_v,1.7999993201190925,1.62,1.9800000000000002,PASS,False
fast_10_to_00,prime,WL2,settled_min_v,1.799861548737389,1.62,,PASS,False
fast_10_to_00,prime,WL3,upper_excursion_v,0.00014656986295304004,,1.9800000000000002,PASS,False
fast_10_to_00,prime,WL3,lower_excursion_v,0.00013274792389751314,-0.18000000000000002,,PASS,False
fast_10_to_00,prime,WL3,end_level_v,0.00014468703772475464,-0.18000000000000002,0.18000000000000002,PASS,False
fast_10_to_00,prime,WL3,unselected_max_v,0.00014656986295304004,,0.18000000000000002,PASS,False
fast_10_to_00,test,DEC0,upper_excursion_v,1.7999994026981256,,1.9800000000000002,PASS,False
fast_10_to_00,test,DEC0,lower_excursion_v,-0.03800581855385925,-0.18000000000000002,,PASS,False
fast_10_to_00,test,DEC0,end_level_v,1.799999402558599,1.62,1.9800000000000002,PASS,False
fast_10_to_00,test,DEC0,settled_min_v,1.79999938240914,1.62,,PASS,False
fast_10_to_00,test,DEC1,upper_excursion_v,0.002711210517215165,,1.9800000000000002,PASS,False
fast_10_to_00,test,DEC1,lower_excursion_v,-0.00018044371447175495,-0.18000000000000002,,PASS,False
fast_10_to_00,test,DEC1,end_level_v,7.728513502180955e-05,-0.18000000000000002,0.18000000000000002,PASS,False
fast_10_to_00,test,DEC1,unselected_max_v,0.002711210517215165,,0.18000000000000002,PASS,False
fast_10_to_00,test,DEC2,upper_excursion_v,0.002702969797161262,,1.9800000000000002,PASS,False
fast_10_to_00,test,DEC2,lower_excursion_v,3.8693630754917566e-05,-0.18000000000000002,,PASS,False
fast_10_to_00,test,DEC2,end_level_v,6.283911547860145e-05,-0.18000000000000002,0.18000000000000002,PASS,False
fast_10_to_00,test,DEC2,unselected_max_v,0.002702969797161262,,0.18000000000000002,PASS,False
fast_10_to_00,test,DEC3,upper_excursion_v,0.0027027635109782506,,1.9800000000000002,PASS,False
fast_10_to_00,test,DEC3,lower_excursion_v,3.700420308459444e-05,-0.18000000000000002,,PASS,False
fast_10_to_00,test,DEC3,end_level_v,6.317952310854841e-05,-0.18000000000000002,0.18000000000000002,PASS,False
fast_10_to_00,test,DEC3,unselected_max_v,0.0027027635109782506,,0.18000000000000002,PASS,False
fast_10_to_00,test,WL0,upper_excursion_v,1.799999320119113,,1.9800000000000002,PASS,False
fast_10_to_00,test,WL0,lower_excursion_v,-0.026500138396502948,-0.18000000000000002,,PASS,False
fast_10_to_00,test,WL0,end_level_v,1.799999320119113,1.62,1.9800000000000002,PASS,False
fast_10_to_00,test,WL0,settled_min_v,1.7998588200341203,1.62,,PASS,False
fast_10_to_00,test,WL1,upper_excursion_v,0.00014646654600097264,,1.9800000000000002,PASS,False
fast_10_to_00,test,WL1,lower_excursion_v,0.00013184054347387721,-0.18000000000000002,,PASS,False
fast_10_to_00,test,WL1,end_level_v,0.00014468703145324976,-0.18000000000000002,0.18000000000000002,PASS,False
fast_10_to_00,test,WL1,unselected_max_v,0.00014646654600097264,,0.18000000000000002,PASS,False
fast_10_to_00,test,WL2,upper_excursion_v,0.00014627559710962882,,1.9800000000000002,PASS,False
fast_10_to_00,test,WL2,lower_excursion_v,0.00013314176119726058,-0.18000000000000002,,PASS,False
fast_10_to_00,test,WL2,end_level_v,0.0001446870467057375,-0.18000000000000002,0.18000000000000002,PASS,False
fast_10_to_00,test,WL2,unselected_max_v,0.00014627559710962882,,0.18000000000000002,PASS,False
fast_10_to_00,test,WL3,upper_excursion_v,0.0001462685533509907,,1.9800000000000002,PASS,False
fast_10_to_00,test,WL3,lower_excursion_v,0.00013311772354234047,-0.18000000000000002,,PASS,False
fast_10_to_00,test,WL3,end_level_v,0.00014468704713080407,-0.18000000000000002,0.18000000000000002,PASS,False
fast_10_to_00,test,WL3,unselected_max_v,0.0001462685533509907,,0.18000000000000002,PASS,False
fast_10_to_00,recovery,DEC0,end_level_v,0.00020529447459270326,-0.18000000000000002,0.18000000000000002,PASS,False
fast_10_to_00,recovery,DEC0,settled_max_v,0.0009930924824840116,,0.18000000000000002,PASS,False
fast_10_to_00,recovery,DEC1,end_level_v,0.0002059895668685541,-0.18000000000000002,0.18000000000000002,PASS,False
fast_10_to_00,recovery,DEC1,settled_max_v,0.0010974907660177202,,0.18000000000000002,PASS,False
fast_10_to_00,recovery,DEC2,end_level_v,0.00020531579340969344,-0.18000000000000002,0.18000000000000002,PASS,False
fast_10_to_00,recovery,DEC2,settled_max_v,0.0019445638354186614,,0.18000000000000002,PASS,False
fast_10_to_00,recovery,DEC3,end_level_v,0.00020531579107941044,-0.18000000000000002,0.18000000000000002,PASS,False
fast_10_to_00,recovery,DEC3,settled_max_v,0.0019223081120794423,,0.18000000000000002,PASS,False
fast_10_to_00,recovery,WL0,end_level_v,0.00014468707179007443,-0.18000000000000002,0.18000000000000002,PASS,False
fast_10_to_00,recovery,WL0,settled_max_v,0.00014631091730217703,,0.18000000000000002,PASS,False
fast_10_to_00,recovery,WL1,end_level_v,0.00014468707858446102,-0.18000000000000002,0.18000000000000002,PASS,False
fast_10_to_00,recovery,WL1,settled_max_v,0.00015007945359166681,,0.18000000000000002,PASS,False
fast_10_to_00,recovery,WL2,end_level_v,0.00014468707200908295,-0.18000000000000002,0.18000000000000002,PASS,False
fast_10_to_00,recovery,WL2,settled_max_v,0.00015742004445996,,0.18000000000000002,PASS,False
fast_10_to_00,recovery,WL3,end_level_v,0.00014468707200938118,-0.18000000000000002,0.18000000000000002,PASS,False
fast_10_to_00,recovery,WL3,settled_max_v,0.00015744960296297576,,0.18000000000000002,PASS,False
fast_10_to_00,recovery,N0,end_level_v,1.7999830320122097,1.62,1.9800000000000002,PASS,False
fast_10_to_00,recovery,N1,end_level_v,1.7997799840769226,1.62,1.9800000000000002,PASS,False
fast_10_to_00,recovery,N2,end_level_v,1.7999999203104184,1.62,1.9800000000000002,PASS,False
fast_10_to_00,recovery,N3,end_level_v,1.7999999210477122,1.62,1.9800000000000002,PASS,False
fast_10_to_00,final_precharge,DEC0,settled_max_v,0.0002166162426991066,,0.18000000000000002,PASS,False
fast_10_to_00,final_precharge,DEC0,settled_min_v,0.00020634299497642006,-0.18000000000000002,,PASS,False
fast_10_to_00,final_precharge,DEC1,settled_max_v,0.00020542567366438688,,0.18000000000000002,PASS,False
fast_10_to_00,final_precharge,DEC1,settled_min_v,0.00020538318491183233,-0.18000000000000002,,PASS,False
fast_10_to_00,final_precharge,DEC2,settled_max_v,0.0002053159758522411,,0.18000000000000002,PASS,False
fast_10_to_00,final_precharge,DEC2,settled_min_v,0.00020531578148187264,-0.18000000000000002,,PASS,False
fast_10_to_00,final_precharge,DEC3,settled_max_v,0.0002053159479076574,,0.18000000000000002,PASS,False
fast_10_to_00,final_precharge,DEC3,settled_min_v,0.00020531578037782158,-0.18000000000000002,,PASS,False
fast_10_to_00,final_precharge,WL0,settled_max_v,0.0001446876286555634,,0.18000000000000002,PASS,False
fast_10_to_00,final_precharge,WL0,settled_min_v,0.0001446870742126142,-0.18000000000000002,,PASS,False
fast_10_to_00,final_precharge,WL1,settled_max_v,0.00014468707313884598,,0.18000000000000002,PASS,False
fast_10_to_00,final_precharge,WL1,settled_min_v,0.0001446870720532822,-0.18000000000000002,,PASS,False
fast_10_to_00,final_precharge,WL2,settled_max_v,0.00014468707202481708,,0.18000000000000002,PASS,False
fast_10_to_00,final_precharge,WL2,settled_min_v,0.0001446870720087566,-0.18000000000000002,,PASS,False
fast_10_to_00,final_precharge,WL3,settled_max_v,0.00014468707202304606,,0.18000000000000002,PASS,False
fast_10_to_00,final_precharge,WL3,settled_min_v,0.000144687072008886,-0.18000000000000002,,PASS,False
fast_10_to_00,final_precharge,N0,end_level_v,1.7996096341524417,1.62,1.9800000000000002,PASS,False
fast_10_to_00,final_precharge,N1,end_level_v,1.79997257961262,1.62,1.9800000000000002,PASS,False
fast_10_to_00,final_precharge,N2,end_level_v,1.7999999235751816,1.62,1.9800000000000002,PASS,False
fast_10_to_00,final_precharge,N3,end_level_v,1.7999999239828819,1.62,1.9800000000000002,PASS,False
fast_10_to_01,prime,DEC0,upper_excursion_v,0.0027012329112186644,,1.9800000000000002,PASS,False
fast_10_to_01,prime,DEC0,lower_excursion_v,4.3639390097132216e-05,-0.18000000000000002,,PASS,False
fast_10_to_01,prime,DEC0,end_level_v,6.286340250363631e-05,-0.18000000000000002,0.18000000000000002,PASS,False
fast_10_to_01,prime,DEC0,unselected_max_v,0.0027012329112186644,,0.18000000000000002,PASS,False
fast_10_to_01,prime,DEC1,upper_excursion_v,0.00270304161215448,,1.9800000000000002,PASS,False
fast_10_to_01,prime,DEC1,lower_excursion_v,4.157219789462109e-05,-0.18000000000000002,,PASS,False
fast_10_to_01,prime,DEC1,end_level_v,6.334555080715711e-05,-0.18000000000000002,0.18000000000000002,PASS,False
fast_10_to_01,prime,DEC1,unselected_max_v,0.00270304161215448,,0.18000000000000002,PASS,False
fast_10_to_01,prime,DEC2,upper_excursion_v,1.7999994025519526,,1.9800000000000002,PASS,False
fast_10_to_01,prime,DEC2,lower_excursion_v,-0.03875214252811546,-0.18000000000000002,,PASS,False
fast_10_to_01,prime,DEC2,end_level_v,1.7999994025478818,1.62,1.9800000000000002,PASS,False
fast_10_to_01,prime,DEC2,settled_min_v,1.799999382754498,1.62,,PASS,False
fast_10_to_01,prime,DEC3,upper_excursion_v,0.002712842525190662,,1.9800000000000002,PASS,False
fast_10_to_01,prime,DEC3,lower_excursion_v,-4.639829735395701e-05,-0.18000000000000002,,PASS,False
fast_10_to_01,prime,DEC3,end_level_v,6.991613455967909e-05,-0.18000000000000002,0.18000000000000002,PASS,False
fast_10_to_01,prime,DEC3,unselected_max_v,0.002712842525190662,,0.18000000000000002,PASS,False
fast_10_to_01,prime,WL0,upper_excursion_v,0.00014623040048018356,,1.9800000000000002,PASS,False
fast_10_to_01,prime,WL0,lower_excursion_v,0.00013288801543405863,-0.18000000000000002,,PASS,False
fast_10_to_01,prime,WL0,end_level_v,0.00014468704671268912,-0.18000000000000002,0.18000000000000002,PASS,False
fast_10_to_01,prime,WL0,unselected_max_v,0.00014623040048018356,,0.18000000000000002,PASS,False
fast_10_to_01,prime,WL1,upper_excursion_v,0.00014621966987877604,,1.9800000000000002,PASS,False
fast_10_to_01,prime,WL1,lower_excursion_v,0.00013286045962807494,-0.18000000000000002,,PASS,False
fast_10_to_01,prime,WL1,end_level_v,0.00014468704688178524,-0.18000000000000002,0.18000000000000002,PASS,False
fast_10_to_01,prime,WL1,unselected_max_v,0.00014621966987877604,,0.18000000000000002,PASS,False
fast_10_to_01,prime,WL2,upper_excursion_v,1.7999993201190925,,1.9800000000000002,PASS,False
fast_10_to_01,prime,WL2,lower_excursion_v,-0.026460366979754686,-0.18000000000000002,,PASS,False
fast_10_to_01,prime,WL2,end_level_v,1.7999993201190925,1.62,1.9800000000000002,PASS,False
fast_10_to_01,prime,WL2,settled_min_v,1.799861548737389,1.62,,PASS,False
fast_10_to_01,prime,WL3,upper_excursion_v,0.00014656986295304004,,1.9800000000000002,PASS,False
fast_10_to_01,prime,WL3,lower_excursion_v,0.00013274792389751314,-0.18000000000000002,,PASS,False
fast_10_to_01,prime,WL3,end_level_v,0.00014468703772475464,-0.18000000000000002,0.18000000000000002,PASS,False
fast_10_to_01,prime,WL3,unselected_max_v,0.00014656986295304004,,0.18000000000000002,PASS,False
fast_10_to_01,test,DEC0,upper_excursion_v,0.002714264646474608,,1.9800000000000002,PASS,False
fast_10_to_01,test,DEC0,lower_excursion_v,-0.00013325315040892225,-0.18000000000000002,,PASS,False
fast_10_to_01,test,DEC0,end_level_v,7.523281608167882e-05,-0.18000000000000002,0.18000000000000002,PASS,False
fast_10_to_01,test,DEC0,unselected_max_v,0.002714264646474608,,0.18000000000000002,PASS,False
fast_10_to_01,test,DEC1,upper_excursion_v,1.7999994026454584,,1.9800000000000002,PASS,False
fast_10_to_01,test,DEC1,lower_excursion_v,-0.03840004368319907,-0.18000000000000002,,PASS,False
fast_10_to_01,test,DEC1,end_level_v,1.7999994025566495,1.62,1.9800000000000002,PASS,False
fast_10_to_01,test,DEC1,settled_min_v,1.7999993837587225,1.62,,PASS,False
fast_10_to_01,test,DEC2,upper_excursion_v,0.002703212288909399,,1.9800000000000002,PASS,False
fast_10_to_01,test,DEC2,lower_excursion_v,3.71192450346012e-05,-0.18000000000000002,,PASS,False
fast_10_to_01,test,DEC2,end_level_v,6.317833680045719e-05,-0.18000000000000002,0.18000000000000002,PASS,False
fast_10_to_01,test,DEC2,unselected_max_v,0.002703212288909399,,0.18000000000000002,PASS,False
fast_10_to_01,test,DEC3,upper_excursion_v,0.0027033559623667134,,1.9800000000000002,PASS,False
fast_10_to_01,test,DEC3,lower_excursion_v,3.953883809849606e-05,-0.18000000000000002,,PASS,False
fast_10_to_01,test,DEC3,end_level_v,6.28385606962788e-05,-0.18000000000000002,0.18000000000000002,PASS,False
fast_10_to_01,test,DEC3,unselected_max_v,0.0027033559623667134,,0.18000000000000002,PASS,False
fast_10_to_01,test,WL0,upper_excursion_v,0.0001465476521762206,,1.9800000000000002,PASS,False
fast_10_to_01,test,WL0,lower_excursion_v,0.0001321695410932101,-0.18000000000000002,,PASS,False
fast_10_to_01,test,WL0,end_level_v,0.00014468703284991884,-0.18000000000000002,0.18000000000000002,PASS,False
fast_10_to_01,test,WL0,unselected_max_v,0.0001465476521762206,,0.18000000000000002,PASS,False
fast_10_to_01,test,WL1,upper_excursion_v,1.7999993201191125,,1.9800000000000002,PASS,False
fast_10_to_01,test,WL1,lower_excursion_v,-0.02653957682898458,-0.18000000000000002,,PASS,False
fast_10_to_01,test,WL1,end_level_v,1.7999993201191125,1.62,1.9800000000000002,PASS,False
fast_10_to_01,test,WL1,settled_min_v,1.7998623123786877,1.62,,PASS,False
fast_10_to_01,test,WL2,upper_excursion_v,0.00014628076992020148,,1.9800000000000002,PASS,False
fast_10_to_01,test,WL2,lower_excursion_v,0.0001331795203010927,-0.18000000000000002,,PASS,False
fast_10_to_01,test,WL2,end_level_v,0.00014468704713055278,-0.18000000000000002,0.18000000000000002,PASS,False
fast_10_to_01,test,WL2,unselected_max_v,0.00014628076992020148,,0.18000000000000002,PASS,False
fast_10_to_01,test,WL3,upper_excursion_v,0.00014628924041075827,,1.9800000000000002,PASS,False
fast_10_to_01,test,WL3,lower_excursion_v,0.00013320437852331352,-0.18000000000000002,,PASS,False
fast_10_to_01,test,WL3,end_level_v,0.00014468704670580904,-0.18000000000000002,0.18000000000000002,PASS,False
fast_10_to_01,test,WL3,unselected_max_v,0.00014628924041075827,,0.18000000000000002,PASS,False
fast_10_to_01,recovery,DEC0,end_level_v,0.00020581782523002823,-0.18000000000000002,0.18000000000000002,PASS,False
fast_10_to_01,recovery,DEC0,settled_max_v,0.0009752899943804643,,0.18000000000000002,PASS,False
fast_10_to_01,recovery,DEC1,end_level_v,0.00020675439710882008,-0.18000000000000002,0.18000000000000002,PASS,False
fast_10_to_01,recovery,DEC1,settled_max_v,0.00107897055332957,,0.18000000000000002,PASS,False
fast_10_to_01,recovery,DEC2,end_level_v,0.0002053157598856654,-0.18000000000000002,0.18000000000000002,PASS,False
fast_10_to_01,recovery,DEC2,settled_max_v,0.002235376741985284,,0.18000000000000002,PASS,False
fast_10_to_01,recovery,DEC3,end_level_v,0.00020531576027362923,-0.18000000000000002,0.18000000000000002,PASS,False
fast_10_to_01,recovery,DEC3,settled_max_v,0.0019620662062761743,,0.18000000000000002,PASS,False
fast_10_to_01,recovery,WL0,end_level_v,0.00014468707534751464,-0.18000000000000002,0.18000000000000002,PASS,False
fast_10_to_01,recovery,WL0,settled_max_v,0.00014625770201927442,,0.18000000000000002,PASS,False
fast_10_to_01,recovery,WL1,end_level_v,0.00014468708112458972,-0.18000000000000002,0.18000000000000002,PASS,False
fast_10_to_01,recovery,WL1,settled_max_v,0.00014639581346637194,,0.18000000000000002,PASS,False
fast_10_to_01,recovery,WL2,end_level_v,0.00014468707200790838,-0.18000000000000002,0.18000000000000002,PASS,False
fast_10_to_01,recovery,WL2,settled_max_v,0.00015749235214654843,,0.18000000000000002,PASS,False
fast_10_to_01,recovery,WL3,end_level_v,0.00014468707200785184,-0.18000000000000002,0.18000000000000002,PASS,False
fast_10_to_01,recovery,WL3,settled_max_v,0.0001581704225124188,,0.18000000000000002,PASS,False
fast_10_to_01,recovery,N0,end_level_v,1.799828078227088,1.62,1.9800000000000002,PASS,False
fast_10_to_01,recovery,N1,end_level_v,1.7994880036529557,1.62,1.9800000000000002,PASS,False
fast_10_to_01,recovery,N2,end_level_v,1.7999999276807561,1.62,1.9800000000000002,PASS,False
fast_10_to_01,recovery,N3,end_level_v,1.799999927337357,1.62,1.9800000000000002,PASS,False
fast_10_to_01,final_precharge,DEC0,settled_max_v,0.00020541922972904607,,0.18000000000000002,PASS,False
fast_10_to_01,final_precharge,DEC0,settled_min_v,0.00020538047607950626,-0.18000000000000002,,PASS,False
fast_10_to_01,final_precharge,DEC1,settled_max_v,0.00021657311728686117,,0.18000000000000002,PASS,False
fast_10_to_01,final_precharge,DEC1,settled_min_v,0.00020634419575323026,-0.18000000000000002,,PASS,False
fast_10_to_01,final_precharge,DEC2,settled_max_v,0.0002053159528094697,,0.18000000000000002,PASS,False
fast_10_to_01,final_precharge,DEC2,settled_min_v,0.00020531578030957636,-0.18000000000000002,,PASS,False
fast_10_to_01,final_precharge,DEC3,settled_max_v,0.00020531598138901082,,0.18000000000000002,PASS,False
fast_10_to_01,final_precharge,DEC3,settled_min_v,0.00020531578149724446,-0.18000000000000002,,PASS,False
fast_10_to_01,final_precharge,WL0,settled_max_v,0.00014468707300538213,,0.18000000000000002,PASS,False
fast_10_to_01,final_precharge,WL0,settled_min_v,0.0001446870720494226,-0.18000000000000002,,PASS,False
fast_10_to_01,final_precharge,WL1,settled_max_v,0.00014468761492651385,,0.18000000000000002,PASS,False
fast_10_to_01,final_precharge,WL1,settled_min_v,0.0001446870742165577,-0.18000000000000002,,PASS,False
fast_10_to_01,final_precharge,WL2,settled_max_v,0.00014468707202551766,,0.18000000000000002,PASS,False
fast_10_to_01,final_precharge,WL2,settled_min_v,0.00014468707200885575,-0.18000000000000002,,PASS,False
fast_10_to_01,final_precharge,WL3,settled_max_v,0.00014468707202764668,,0.18000000000000002,PASS,False
fast_10_to_01,final_precharge,WL3,settled_min_v,0.00014468707200897363,-0.18000000000000002,,PASS,False
fast_10_to_01,final_precharge,N0,end_level_v,1.799973640374708,1.62,1.9800000000000002,PASS,False
fast_10_to_01,final_precharge,N1,end_level_v,1.7996091945268429,1.62,1.9800000000000002,PASS,False
fast_10_to_01,final_precharge,N2,end_level_v,1.7999999240120956,1.62,1.9800000000000002,PASS,False
fast_10_to_01,final_precharge,N3,end_level_v,1.7999999235703064,1.62,1.9800000000000002,PASS,False
fast_10_to_10,prime,DEC0,upper_excursion_v,0.0027012329112186644,,1.9800000000000002,PASS,False
fast_10_to_10,prime,DEC0,lower_excursion_v,4.3639390097132216e-05,-0.18000000000000002,,PASS,False
fast_10_to_10,prime,DEC0,end_level_v,6.286340250363631e-05,-0.18000000000000002,0.18000000000000002,PASS,False
fast_10_to_10,prime,DEC0,unselected_max_v,0.0027012329112186644,,0.18000000000000002,PASS,False
fast_10_to_10,prime,DEC1,upper_excursion_v,0.00270304161215448,,1.9800000000000002,PASS,False
fast_10_to_10,prime,DEC1,lower_excursion_v,4.157219789462109e-05,-0.18000000000000002,,PASS,False
fast_10_to_10,prime,DEC1,end_level_v,6.334555080715711e-05,-0.18000000000000002,0.18000000000000002,PASS,False
fast_10_to_10,prime,DEC1,unselected_max_v,0.00270304161215448,,0.18000000000000002,PASS,False
fast_10_to_10,prime,DEC2,upper_excursion_v,1.7999994025519526,,1.9800000000000002,PASS,False
fast_10_to_10,prime,DEC2,lower_excursion_v,-0.03875214252811546,-0.18000000000000002,,PASS,False
fast_10_to_10,prime,DEC2,end_level_v,1.7999994025478818,1.62,1.9800000000000002,PASS,False
fast_10_to_10,prime,DEC2,settled_min_v,1.799999382754498,1.62,,PASS,False
fast_10_to_10,prime,DEC3,upper_excursion_v,0.002712842525190662,,1.9800000000000002,PASS,False
fast_10_to_10,prime,DEC3,lower_excursion_v,-4.639829735395701e-05,-0.18000000000000002,,PASS,False
fast_10_to_10,prime,DEC3,end_level_v,6.991613455967909e-05,-0.18000000000000002,0.18000000000000002,PASS,False
fast_10_to_10,prime,DEC3,unselected_max_v,0.002712842525190662,,0.18000000000000002,PASS,False
fast_10_to_10,prime,WL0,upper_excursion_v,0.00014623040048018356,,1.9800000000000002,PASS,False
fast_10_to_10,prime,WL0,lower_excursion_v,0.00013288801543405863,-0.18000000000000002,,PASS,False
fast_10_to_10,prime,WL0,end_level_v,0.00014468704671268912,-0.18000000000000002,0.18000000000000002,PASS,False
fast_10_to_10,prime,WL0,unselected_max_v,0.00014623040048018356,,0.18000000000000002,PASS,False
fast_10_to_10,prime,WL1,upper_excursion_v,0.00014621966987877604,,1.9800000000000002,PASS,False
fast_10_to_10,prime,WL1,lower_excursion_v,0.00013286045962807494,-0.18000000000000002,,PASS,False
fast_10_to_10,prime,WL1,end_level_v,0.00014468704688178524,-0.18000000000000002,0.18000000000000002,PASS,False
fast_10_to_10,prime,WL1,unselected_max_v,0.00014621966987877604,,0.18000000000000002,PASS,False
fast_10_to_10,prime,WL2,upper_excursion_v,1.7999993201190925,,1.9800000000000002,PASS,False
fast_10_to_10,prime,WL2,lower_excursion_v,-0.026460366979754686,-0.18000000000000002,,PASS,False
fast_10_to_10,prime,WL2,end_level_v,1.7999993201190925,1.62,1.9800000000000002,PASS,False
fast_10_to_10,prime,WL2,settled_min_v,1.799861548737389,1.62,,PASS,False
fast_10_to_10,prime,WL3,upper_excursion_v,0.00014656986295304004,,1.9800000000000002,PASS,False
fast_10_to_10,prime,WL3,lower_excursion_v,0.00013274792389751314,-0.18000000000000002,,PASS,False
fast_10_to_10,prime,WL3,end_level_v,0.00014468703772475464,-0.18000000000000002,0.18000000000000002,PASS,False
fast_10_to_10,prime,WL3,unselected_max_v,0.00014656986295304004,,0.18000000000000002,PASS,False
fast_10_to_10,test,DEC0,upper_excursion_v,0.0027023270230916423,,1.9800000000000002,PASS,False
fast_10_to_10,test,DEC0,lower_excursion_v,4.3431167377501654e-05,-0.18000000000000002,,PASS,False
fast_10_to_10,test,DEC0,end_level_v,6.286383549302605e-05,-0.18000000000000002,0.18000000000000002,PASS,False
fast_10_to_10,test,DEC0,unselected_max_v,0.0027023270230916423,,0.18000000000000002,PASS,False
fast_10_to_10,test,DEC1,upper_excursion_v,0.0027041895360881978,,1.9800000000000002,PASS,False
fast_10_to_10,test,DEC1,lower_excursion_v,4.142548286784841e-05,-0.18000000000000002,,PASS,False
fast_10_to_10,test,DEC1,end_level_v,6.333846738005901e-05,-0.18000000000000002,0.18000000000000002,PASS,False
fast_10_to_10,test,DEC1,unselected_max_v,0.0027041895360881978,,0.18000000000000002,PASS,False
fast_10_to_10,test,DEC2,upper_excursion_v,1.7999994025447492,,1.9800000000000002,PASS,False
fast_10_to_10,test,DEC2,lower_excursion_v,-0.038768743715000935,-0.18000000000000002,,PASS,False
fast_10_to_10,test,DEC2,end_level_v,1.799999402544742,1.62,1.9800000000000002,PASS,False
fast_10_to_10,test,DEC2,settled_min_v,1.7999993825084954,1.62,,PASS,False
fast_10_to_10,test,DEC3,upper_excursion_v,0.0027136554551369027,,1.9800000000000002,PASS,False
fast_10_to_10,test,DEC3,lower_excursion_v,-4.202947664951051e-05,-0.18000000000000002,,PASS,False
fast_10_to_10,test,DEC3,end_level_v,6.506233127983456e-05,-0.18000000000000002,0.18000000000000002,PASS,False
fast_10_to_10,test,DEC3,unselected_max_v,0.0027136554551369027,,0.18000000000000002,PASS,False
fast_10_to_10,test,WL0,upper_excursion_v,0.00014622185132173471,,1.9800000000000002,PASS,False
fast_10_to_10,test,WL0,lower_excursion_v,0.00013277204079522058,-0.18000000000000002,,PASS,False
fast_10_to_10,test,WL0,end_level_v,0.00014468704671294873,-0.18000000000000002,0.18000000000000002,PASS,False
fast_10_to_10,test,WL0,unselected_max_v,0.00014622185132173471,,0.18000000000000002,PASS,False
fast_10_to_10,test,WL1,upper_excursion_v,0.00014621089648889717,,1.9800000000000002,PASS,False
fast_10_to_10,test,WL1,lower_excursion_v,0.00013273997023984007,-0.18000000000000002,,PASS,False
fast_10_to_10,test,WL1,end_level_v,0.0001446870468951827,-0.18000000000000002,0.18000000000000002,PASS,False
fast_10_to_10,test,WL1,unselected_max_v,0.00014621089648889717,,0.18000000000000002,PASS,False
fast_10_to_10,test,WL2,upper_excursion_v,1.7999993201190922,,1.9800000000000002,PASS,False
fast_10_to_10,test,WL2,lower_excursion_v,-0.026466521428401047,-0.18000000000000002,,PASS,False
fast_10_to_10,test,WL2,end_level_v,1.7999993201190922,1.62,1.9800000000000002,PASS,False
fast_10_to_10,test,WL2,settled_min_v,1.7998599885087312,1.62,,PASS,False
fast_10_to_10,test,WL3,upper_excursion_v,0.00014653809244746552,,1.9800000000000002,PASS,False
fast_10_to_10,test,WL3,lower_excursion_v,0.0001324443690038634,-0.18000000000000002,,PASS,False
fast_10_to_10,test,WL3,end_level_v,0.00014468704399039589,-0.18000000000000002,0.18000000000000002,PASS,False
fast_10_to_10,test,WL3,unselected_max_v,0.00014653809244746552,,0.18000000000000002,PASS,False
fast_10_to_10,recovery,DEC0,end_level_v,0.0002053157796245335,-0.18000000000000002,0.18000000000000002,PASS,False
fast_10_to_10,recovery,DEC0,settled_max_v,0.00020531636145179968,,0.18000000000000002,PASS,False
fast_10_to_10,recovery,DEC1,end_level_v,0.00020531860412978335,-0.18000000000000002,0.18000000000000002,PASS,False
fast_10_to_10,recovery,DEC1,settled_max_v,0.00020531929917986307,,0.18000000000000002,PASS,False
fast_10_to_10,recovery,DEC2,end_level_v,0.0002057684908622866,-0.18000000000000002,0.18000000000000002,PASS,False
fast_10_to_10,recovery,DEC2,settled_max_v,0.00021730684749853187,,0.18000000000000002,PASS,False
fast_10_to_10,recovery,DEC3,end_level_v,0.000205355136507631,-0.18000000000000002,0.18000000000000002,PASS,False
fast_10_to_10,recovery,DEC3,settled_max_v,0.00020539172848641624,,0.18000000000000002,PASS,False
fast_10_to_10,recovery,WL0,end_level_v,0.0001446870720091403,-0.18000000000000002,0.18000000000000002,PASS,False
fast_10_to_10,recovery,WL0,settled_max_v,0.00014468707207508373,,0.18000000000000002,PASS,False
fast_10_to_10,recovery,WL1,end_level_v,0.00014468707200928835,-0.18000000000000002,0.18000000000000002,PASS,False
fast_10_to_10,recovery,WL1,settled_max_v,0.00014468707207662812,,0.18000000000000002,PASS,False
fast_10_to_10,recovery,WL2,end_level_v,0.00014468707240551922,-0.18000000000000002,0.18000000000000002,PASS,False
fast_10_to_10,recovery,WL2,settled_max_v,0.0001446877110365066,,0.18000000000000002,PASS,False
fast_10_to_10,recovery,WL3,end_level_v,0.00014468707202406074,-0.18000000000000002,0.18000000000000002,PASS,False
fast_10_to_10,recovery,WL3,settled_max_v,0.0001446870724231071,,0.18000000000000002,PASS,False
fast_10_to_10,recovery,N0,end_level_v,1.799999924182395,1.62,1.9800000000000002,PASS,False
fast_10_to_10,recovery,N1,end_level_v,1.799998734185674,1.62,1.9800000000000002,PASS,False
fast_10_to_10,recovery,N2,end_level_v,1.7998185768930828,1.62,1.9800000000000002,PASS,False
fast_10_to_10,recovery,N3,end_level_v,1.7999837062269683,1.62,1.9800000000000002,PASS,False
fast_10_to_10,final_precharge,DEC0,settled_max_v,0.00020531636147820524,,0.18000000000000002,PASS,False
fast_10_to_10,final_precharge,DEC0,settled_min_v,0.00020531578579607504,-0.18000000000000002,,PASS,False
fast_10_to_10,final_precharge,DEC1,settled_max_v,0.00020531914092485995,,0.18000000000000002,PASS,False
fast_10_to_10,final_precharge,DEC1,settled_min_v,0.00020531851788077577,-0.18000000000000002,,PASS,False
fast_10_to_10,final_precharge,DEC2,settled_max_v,0.0002173071003052557,,0.18000000000000002,PASS,False
fast_10_to_10,final_precharge,DEC2,settled_min_v,0.00020635222661694042,-0.18000000000000002,,PASS,False
fast_10_to_10,final_precharge,DEC3,settled_max_v,0.00020534739721681308,,0.18000000000000002,PASS,False
fast_10_to_10,final_precharge,DEC3,settled_min_v,0.00020534109468105938,-0.18000000000000002,,PASS,False
fast_10_to_10,final_precharge,WL0,settled_max_v,0.00014468707207511105,,0.18000000000000002,PASS,False
fast_10_to_10,final_precharge,WL0,settled_min_v,0.00014468707200858833,-0.18000000000000002,,PASS,False
fast_10_to_10,final_precharge,WL1,settled_max_v,0.00014468707207673822,,0.18000000000000002,PASS,False
fast_10_to_10,final_precharge,WL1,settled_min_v,0.00014468707200886022,-0.18000000000000002,,PASS,False
fast_10_to_10,final_precharge,WL2,settled_max_v,0.0001446877110692358,,0.18000000000000002,PASS,False
fast_10_to_10,final_precharge,WL2,settled_min_v,0.00014468707425112224,-0.18000000000000002,,PASS,False
fast_10_to_10,final_precharge,WL3,settled_max_v,0.00014468707236177538,,0.18000000000000002,PASS,False
fast_10_to_10,final_precharge,WL3,settled_min_v,0.00014468707201532063,-0.18000000000000002,,PASS,False
fast_10_to_10,final_precharge,N0,end_level_v,1.7999999220688365,1.62,1.9800000000000002,PASS,False
fast_10_to_10,final_precharge,N1,end_level_v,1.7999987708980865,1.62,1.9800000000000002,PASS,False
fast_10_to_10,final_precharge,N2,end_level_v,1.7996063628090935,1.62,1.9800000000000002,PASS,False
fast_10_to_10,final_precharge,N3,end_level_v,1.7999894076949088,1.62,1.9800000000000002,PASS,False
fast_10_to_11,prime,DEC0,upper_excursion_v,0.0027012329112186644,,1.9800000000000002,PASS,False
fast_10_to_11,prime,DEC0,lower_excursion_v,4.3639390097132216e-05,-0.18000000000000002,,PASS,False
fast_10_to_11,prime,DEC0,end_level_v,6.286340250363631e-05,-0.18000000000000002,0.18000000000000002,PASS,False
fast_10_to_11,prime,DEC0,unselected_max_v,0.0027012329112186644,,0.18000000000000002,PASS,False
fast_10_to_11,prime,DEC1,upper_excursion_v,0.00270304161215448,,1.9800000000000002,PASS,False
fast_10_to_11,prime,DEC1,lower_excursion_v,4.157219789462109e-05,-0.18000000000000002,,PASS,False
fast_10_to_11,prime,DEC1,end_level_v,6.334555080715711e-05,-0.18000000000000002,0.18000000000000002,PASS,False
fast_10_to_11,prime,DEC1,unselected_max_v,0.00270304161215448,,0.18000000000000002,PASS,False
fast_10_to_11,prime,DEC2,upper_excursion_v,1.7999994025519526,,1.9800000000000002,PASS,False
fast_10_to_11,prime,DEC2,lower_excursion_v,-0.03875214252811546,-0.18000000000000002,,PASS,False
fast_10_to_11,prime,DEC2,end_level_v,1.7999994025478818,1.62,1.9800000000000002,PASS,False
fast_10_to_11,prime,DEC2,settled_min_v,1.799999382754498,1.62,,PASS,False
fast_10_to_11,prime,DEC3,upper_excursion_v,0.002712842525190662,,1.9800000000000002,PASS,False
fast_10_to_11,prime,DEC3,lower_excursion_v,-4.639829735395701e-05,-0.18000000000000002,,PASS,False
fast_10_to_11,prime,DEC3,end_level_v,6.991613455967909e-05,-0.18000000000000002,0.18000000000000002,PASS,False
fast_10_to_11,prime,DEC3,unselected_max_v,0.002712842525190662,,0.18000000000000002,PASS,False
fast_10_to_11,prime,WL0,upper_excursion_v,0.00014623040048018356,,1.9800000000000002,PASS,False
fast_10_to_11,prime,WL0,lower_excursion_v,0.00013288801543405863,-0.18000000000000002,,PASS,False
fast_10_to_11,prime,WL0,end_level_v,0.00014468704671268912,-0.18000000000000002,0.18000000000000002,PASS,False
fast_10_to_11,prime,WL0,unselected_max_v,0.00014623040048018356,,0.18000000000000002,PASS,False
fast_10_to_11,prime,WL1,upper_excursion_v,0.00014621966987877604,,1.9800000000000002,PASS,False
fast_10_to_11,prime,WL1,lower_excursion_v,0.00013286045962807494,-0.18000000000000002,,PASS,False
fast_10_to_11,prime,WL1,end_level_v,0.00014468704688178524,-0.18000000000000002,0.18000000000000002,PASS,False
fast_10_to_11,prime,WL1,unselected_max_v,0.00014621966987877604,,0.18000000000000002,PASS,False
fast_10_to_11,prime,WL2,upper_excursion_v,1.7999993201190925,,1.9800000000000002,PASS,False
fast_10_to_11,prime,WL2,lower_excursion_v,-0.026460366979754686,-0.18000000000000002,,PASS,False
fast_10_to_11,prime,WL2,end_level_v,1.7999993201190925,1.62,1.9800000000000002,PASS,False
fast_10_to_11,prime,WL2,settled_min_v,1.799861548737389,1.62,,PASS,False
fast_10_to_11,prime,WL3,upper_excursion_v,0.00014656986295304004,,1.9800000000000002,PASS,False
fast_10_to_11,prime,WL3,lower_excursion_v,0.00013274792389751314,-0.18000000000000002,,PASS,False
fast_10_to_11,prime,WL3,end_level_v,0.00014468703772475464,-0.18000000000000002,0.18000000000000002,PASS,False
fast_10_to_11,prime,WL3,unselected_max_v,0.00014656986295304004,,0.18000000000000002,PASS,False
fast_10_to_11,test,DEC0,upper_excursion_v,0.00269831560533945,,1.9800000000000002,PASS,False
fast_10_to_11,test,DEC0,lower_excursion_v,4.0605090546557416e-05,-0.18000000000000002,,PASS,False
fast_10_to_11,test,DEC0,end_level_v,6.320280376687993e-05,-0.18000000000000002,0.18000000000000002,PASS,False
fast_10_to_11,test,DEC0,unselected_max_v,0.00269831560533945,,0.18000000000000002,PASS,False
fast_10_to_11,test,DEC1,upper_excursion_v,0.002698495838026673,,1.9800000000000002,PASS,False
fast_10_to_11,test,DEC1,lower_excursion_v,4.327098260092838e-05,-0.18000000000000002,,PASS,False
fast_10_to_11,test,DEC1,end_level_v,6.286292646353934e-05,-0.18000000000000002,0.18000000000000002,PASS,False
fast_10_to_11,test,DEC1,unselected_max_v,0.002698495838026673,,0.18000000000000002,PASS,False
fast_10_to_11,test,DEC2,upper_excursion_v,0.002709528688828247,,1.9800000000000002,PASS,False
fast_10_to_11,test,DEC2,lower_excursion_v,-5.199664769366813e-05,-0.18000000000000002,,PASS,False
fast_10_to_11,test,DEC2,end_level_v,7.674650554380379e-05,-0.18000000000000002,0.18000000000000002,PASS,False
fast_10_to_11,test,DEC2,unselected_max_v,0.002709528688828247,,0.18000000000000002,PASS,False
fast_10_to_11,test,DEC3,upper_excursion_v,1.79999940259142,,1.9800000000000002,PASS,False
fast_10_to_11,test,DEC3,lower_excursion_v,-0.03950171869292061,-0.18000000000000002,,PASS,False
fast_10_to_11,test,DEC3,end_level_v,1.7999994025500727,1.62,1.9800000000000002,PASS,False
fast_10_to_11,test,DEC3,settled_min_v,1.7999993840159119,1.62,,PASS,False
fast_10_to_11,test,WL0,upper_excursion_v,0.00014624115308495167,,1.9800000000000002,PASS,False
fast_10_to_11,test,WL0,lower_excursion_v,0.00013295725582355603,-0.18000000000000002,,PASS,False
fast_10_to_11,test,WL0,end_level_v,0.00014468704713748893,-0.18000000000000002,0.18000000000000002,PASS,False
fast_10_to_11,test,WL0,unselected_max_v,0.00014624115308495167,,0.18000000000000002,PASS,False
fast_10_to_11,test,WL1,upper_excursion_v,0.00014625119871847139,,1.9800000000000002,PASS,False
fast_10_to_11,test,WL1,lower_excursion_v,0.00013298150263051003,-0.18000000000000002,,PASS,False
fast_10_to_11,test,WL1,end_level_v,0.00014468704671287882,-0.18000000000000002,0.18000000000000002,PASS,False
fast_10_to_11,test,WL1,unselected_max_v,0.00014625119871847139,,0.18000000000000002,PASS,False
fast_10_to_11,test,WL2,upper_excursion_v,0.00014662658943482372,,1.9800000000000002,PASS,False
fast_10_to_11,test,WL2,lower_excursion_v,0.0001329378709610272,-0.18000000000000002,,PASS,False
fast_10_to_11,test,WL2,end_level_v,0.0001446870321816058,-0.18000000000000002,0.18000000000000002,PASS,False
fast_10_to_11,test,WL2,unselected_max_v,0.00014662658943482372,,0.18000000000000002,PASS,False
fast_10_to_11,test,WL3,upper_excursion_v,1.7999993201190922,,1.9800000000000002,PASS,False
fast_10_to_11,test,WL3,lower_excursion_v,-0.026521533451729987,-0.18000000000000002,,PASS,False
fast_10_to_11,test,WL3,end_level_v,1.7999993201190922,1.62,1.9800000000000002,PASS,False
fast_10_to_11,test,WL3,settled_min_v,1.7998643836362171,1.62,,PASS,False
fast_10_to_11,recovery,DEC0,end_level_v,0.00020531581352761666,-0.18000000000000002,0.18000000000000002,PASS,False
fast_10_to_11,recovery,DEC0,settled_max_v,0.00022992506880298535,,0.18000000000000002,PASS,False
fast_10_to_11,recovery,DEC1,end_level_v,0.0002053158170096986,-0.18000000000000002,0.18000000000000002,PASS,False
fast_10_to_11,recovery,DEC1,settled_max_v,0.00022729934970674623,,0.18000000000000002,PASS,False
fast_10_to_11,recovery,DEC2,end_level_v,0.0002059299166107086,-0.18000000000000002,0.18000000000000002,PASS,False
fast_10_to_11,recovery,DEC2,settled_max_v,0.00044041634284178177,,0.18000000000000002,PASS,False
fast_10_to_11,recovery,DEC3,end_level_v,0.00020762911443272398,-0.18000000000000002,0.18000000000000002,PASS,False
fast_10_to_11,recovery,DEC3,settled_max_v,0.00022213164818248032,,0.18000000000000002,PASS,False
fast_10_to_11,recovery,WL0,end_level_v,0.00014468707200968517,-0.18000000000000002,0.18000000000000002,PASS,False
fast_10_to_11,recovery,WL0,settled_max_v,0.00014478667701420364,,0.18000000000000002,PASS,False
fast_10_to_11,recovery,WL1,end_level_v,0.00014468707200978247,-0.18000000000000002,0.18000000000000002,PASS,False
fast_10_to_11,recovery,WL1,settled_max_v,0.00014475977405477124,,0.18000000000000002,PASS,False
fast_10_to_11,recovery,WL2,end_level_v,0.00014468707729474136,-0.18000000000000002,0.18000000000000002,PASS,False
fast_10_to_11,recovery,WL2,settled_max_v,0.00014684504178148758,,0.18000000000000002,PASS,False
fast_10_to_11,recovery,WL3,end_level_v,0.0001446870825608109,-0.18000000000000002,0.18000000000000002,PASS,False
fast_10_to_11,recovery,WL3,settled_max_v,0.00014479433382585943,,0.18000000000000002,PASS,False
fast_10_to_11,recovery,N0,end_level_v,1.7999999147717947,1.62,1.9800000000000002,PASS,False
fast_10_to_11,recovery,N1,end_level_v,1.7999999136486455,1.62,1.9800000000000002,PASS,False
fast_10_to_11,recovery,N2,end_level_v,1.7997962604534803,1.62,1.9800000000000002,PASS,False
fast_10_to_11,recovery,N3,end_level_v,1.7991930259754407,1.62,1.9800000000000002,PASS,False
fast_10_to_11,final_precharge,DEC0,settled_max_v,0.00020531633682770802,,0.18000000000000002,PASS,False
fast_10_to_11,final_precharge,DEC0,settled_min_v,0.00020531578467308773,-0.18000000000000002,,PASS,False
fast_10_to_11,final_precharge,DEC1,settled_max_v,0.00020531636729286692,,0.18000000000000002,PASS,False
fast_10_to_11,final_precharge,DEC1,settled_min_v,0.0002053157858087503,-0.18000000000000002,,PASS,False
fast_10_to_11,final_precharge,DEC2,settled_max_v,0.0002054212400269748,,0.18000000000000002,PASS,False
fast_10_to_11,final_precharge,DEC2,settled_min_v,0.0002053830812513563,-0.18000000000000002,,PASS,False
fast_10_to_11,final_precharge,DEC3,settled_max_v,0.0002171782414600185,,0.18000000000000002,PASS,False
fast_10_to_11,final_precharge,DEC3,settled_min_v,0.00020635181264583302,-0.18000000000000002,,PASS,False
fast_10_to_11,final_precharge,WL0,settled_max_v,0.0001446870720761076,,0.18000000000000002,PASS,False
fast_10_to_11,final_precharge,WL0,settled_min_v,0.00014468707200869117,-0.18000000000000002,,PASS,False
fast_10_to_11,final_precharge,WL1,settled_max_v,0.0001446870720785968,,0.18000000000000002,PASS,False
fast_10_to_11,final_precharge,WL1,settled_min_v,0.00014468707200895778,-0.18000000000000002,,PASS,False
fast_10_to_11,final_precharge,WL2,settled_max_v,0.00014468707244139637,,0.18000000000000002,PASS,False
fast_10_to_11,final_precharge,WL2,settled_min_v,0.00014468707205304407,-0.18000000000000002,,PASS,False
fast_10_to_11,final_precharge,WL3,settled_max_v,0.00014468768513064583,,0.18000000000000002,PASS,False
fast_10_to_11,final_precharge,WL3,settled_min_v,0.00014468707425068327,-0.18000000000000002,,PASS,False
fast_10_to_11,final_precharge,N0,end_level_v,1.7999999224834404,1.62,1.9800000000000002,PASS,False
fast_10_to_11,final_precharge,N1,end_level_v,1.7999999220636633,1.62,1.9800000000000002,PASS,False
fast_10_to_11,final_precharge,N2,end_level_v,1.7999726174814852,1.62,1.9800000000000002,PASS,False
fast_10_to_11,final_precharge,N3,end_level_v,1.7996065415035996,1.62,1.9800000000000002,PASS,False
fast_11_to_00,prime,DEC0,upper_excursion_v,0.0027030380029389976,,1.9800000000000002,PASS,False
fast_11_to_00,prime,DEC0,lower_excursion_v,4.053884348257294e-05,-0.18000000000000002,,PASS,False
fast_11_to_00,prime,DEC0,end_level_v,6.335827371476506e-05,-0.18000000000000002,0.18000000000000002,PASS,False
fast_11_to_00,prime,DEC0,unselected_max_v,0.0027030380029389976,,0.18000000000000002,PASS,False
fast_11_to_00,prime,DEC1,upper_excursion_v,0.0027003216327188685,,1.9800000000000002,PASS,False
fast_11_to_00,prime,DEC1,lower_excursion_v,4.3298210528203667e-05,-0.18000000000000002,,PASS,False
fast_11_to_00,prime,DEC1,end_level_v,6.286318818660874e-05,-0.18000000000000002,0.18000000000000002,PASS,False
fast_11_to_00,prime,DEC1,unselected_max_v,0.0027003216327188685,,0.18000000000000002,PASS,False
fast_11_to_00,prime,DEC2,upper_excursion_v,0.0027140394223711603,,1.9800000000000002,PASS,False
fast_11_to_00,prime,DEC2,lower_excursion_v,-4.6566306861249573e-05,-0.18000000000000002,,PASS,False
fast_11_to_00,prime,DEC2,end_level_v,6.991516199967433e-05,-0.18000000000000002,0.18000000000000002,PASS,False
fast_11_to_00,prime,DEC2,unselected_max_v,0.0027140394223711603,,0.18000000000000002,PASS,False
fast_11_to_00,prime,DEC3,upper_excursion_v,1.799999402552738,,1.9800000000000002,PASS,False
fast_11_to_00,prime,DEC3,lower_excursion_v,-0.03963494536212642,-0.18000000000000002,,PASS,False
fast_11_to_00,prime,DEC3,end_level_v,1.7999994025483328,1.62,1.9800000000000002,PASS,False
fast_11_to_00,prime,DEC3,settled_min_v,1.799999383722572,1.62,,PASS,False
fast_11_to_00,prime,WL0,upper_excursion_v,0.000146233415316601,,1.9800000000000002,PASS,False
fast_11_to_00,prime,WL0,lower_excursion_v,0.00013286126512591825,-0.18000000000000002,,PASS,False
fast_11_to_00,prime,WL0,end_level_v,0.00014468704685908037,-0.18000000000000002,0.18000000000000002,PASS,False
fast_11_to_00,prime,WL0,unselected_max_v,0.000146233415316601,,0.18000000000000002,PASS,False
fast_11_to_00,prime,WL1,upper_excursion_v,0.00014624332544442884,,1.9800000000000002,PASS,False
fast_11_to_00,prime,WL1,lower_excursion_v,0.00013289397500931046,-0.18000000000000002,,PASS,False
fast_11_to_00,prime,WL1,end_level_v,0.00014468704671288536,-0.18000000000000002,0.18000000000000002,PASS,False
fast_11_to_00,prime,WL1,unselected_max_v,0.00014624332544442884,,0.18000000000000002,PASS,False
fast_11_to_00,prime,WL2,upper_excursion_v,0.00014659810043294116,,1.9800000000000002,PASS,False
fast_11_to_00,prime,WL2,lower_excursion_v,0.0001326901882828352,-0.18000000000000002,,PASS,False
fast_11_to_00,prime,WL2,end_level_v,0.00014468703773408203,-0.18000000000000002,0.18000000000000002,PASS,False
fast_11_to_00,prime,WL2,unselected_max_v,0.00014659810043294116,,0.18000000000000002,PASS,False
fast_11_to_00,prime,WL3,upper_excursion_v,1.7999993201191125,,1.9800000000000002,PASS,False
fast_11_to_00,prime,WL3,lower_excursion_v,-0.026509648558162225,-0.18000000000000002,,PASS,False
fast_11_to_00,prime,WL3,end_level_v,1.7999993201191122,1.62,1.9800000000000002,PASS,False
fast_11_to_00,prime,WL3,settled_min_v,1.7998629714091112,1.62,,PASS,False
fast_11_to_00,test,DEC0,upper_excursion_v,1.7999994026429036,,1.9800000000000002,PASS,False
fast_11_to_00,test,DEC0,lower_excursion_v,-0.03740266128124066,-0.18000000000000002,,PASS,False
fast_11_to_00,test,DEC0,end_level_v,1.7999994025565056,1.62,1.9800000000000002,PASS,False
fast_11_to_00,test,DEC0,settled_min_v,1.7999993823354763,1.62,,PASS,False
fast_11_to_00,test,DEC1,upper_excursion_v,0.00271336805387299,,1.9800000000000002,PASS,False
fast_11_to_00,test,DEC1,lower_excursion_v,-0.00014481721139134734,-0.18000000000000002,,PASS,False
fast_11_to_00,test,DEC1,end_level_v,7.520983457339618e-05,-0.18000000000000002,0.18000000000000002,PASS,False
fast_11_to_00,test,DEC1,unselected_max_v,0.00271336805387299,,0.18000000000000002,PASS,False
fast_11_to_00,test,DEC2,upper_excursion_v,0.0027045895561624766,,1.9800000000000002,PASS,False
fast_11_to_00,test,DEC2,lower_excursion_v,3.915880530153855e-05,-0.18000000000000002,,PASS,False
fast_11_to_00,test,DEC2,end_level_v,6.28396122881169e-05,-0.18000000000000002,0.18000000000000002,PASS,False
fast_11_to_00,test,DEC2,unselected_max_v,0.0027045895561624766,,0.18000000000000002,PASS,False
fast_11_to_00,test,DEC3,upper_excursion_v,0.0027045989542832135,,1.9800000000000002,PASS,False
fast_11_to_00,test,DEC3,lower_excursion_v,3.738974692092059e-05,-0.18000000000000002,,PASS,False
fast_11_to_00,test,DEC3,end_level_v,6.318003458073648e-05,-0.18000000000000002,0.18000000000000002,PASS,False
fast_11_to_00,test,DEC3,unselected_max_v,0.0027045989542832135,,0.18000000000000002,PASS,False
fast_11_to_00,test,WL0,upper_excursion_v,1.799999320119113,,1.9800000000000002,PASS,False
fast_11_to_00,test,WL0,lower_excursion_v,-0.026494548876604705,-0.18000000000000002,,PASS,False
fast_11_to_00,test,WL0,end_level_v,1.7999993201191127,1.62,1.9800000000000002,PASS,False
fast_11_to_00,test,WL0,settled_min_v,1.7998593017070446,1.62,,PASS,False
fast_11_to_00,test,WL1,upper_excursion_v,0.00014648821309704458,,1.9800000000000002,PASS,False
fast_11_to_00,test,WL1,lower_excursion_v,0.00013202757359016658,-0.18000000000000002,,PASS,False
fast_11_to_00,test,WL1,end_level_v,0.00014468703285203785,-0.18000000000000002,0.18000000000000002,PASS,False
fast_11_to_00,test,WL1,unselected_max_v,0.00014648821309704458,,0.18000000000000002,PASS,False
fast_11_to_00,test,WL2,upper_excursion_v,0.0001462736501703139,,1.9800000000000002,PASS,False
fast_11_to_00,test,WL2,lower_excursion_v,0.0001331207826803042,-0.18000000000000002,,PASS,False
fast_11_to_00,test,WL2,end_level_v,0.00014468704670591055,-0.18000000000000002,0.18000000000000002,PASS,False
fast_11_to_00,test,WL2,unselected_max_v,0.0001462736501703139,,0.18000000000000002,PASS,False
fast_11_to_00,test,WL3,upper_excursion_v,0.00014626712868954378,,1.9800000000000002,PASS,False
fast_11_to_00,test,WL3,lower_excursion_v,0.00013309830958599316,-0.18000000000000002,,PASS,False
fast_11_to_00,test,WL3,end_level_v,0.00014468704713124311,-0.18000000000000002,0.18000000000000002,PASS,False
fast_11_to_00,test,WL3,unselected_max_v,0.00014626712868954378,,0.18000000000000002,PASS,False
fast_11_to_00,recovery,DEC0,end_level_v,0.00020631645272263088,-0.18000000000000002,0.18000000000000002,PASS,False
fast_11_to_00,recovery,DEC0,settled_max_v,0.001071697061187529,,0.18000000000000002,PASS,False
fast_11_to_00,recovery,DEC1,end_level_v,0.00020581633717361945,-0.18000000000000002,0.18000000000000002,PASS,False
fast_11_to_00,recovery,DEC1,settled_max_v,0.0010089861112374896,,0.18000000000000002,PASS,False
fast_11_to_00,recovery,DEC2,end_level_v,0.00020531574204831683,-0.18000000000000002,0.18000000000000002,PASS,False
fast_11_to_00,recovery,DEC2,settled_max_v,0.0018916805451339026,,0.18000000000000002,PASS,False
fast_11_to_00,recovery,DEC3,end_level_v,0.00020531574404592223,-0.18000000000000002,0.18000000000000002,PASS,False
fast_11_to_00,recovery,DEC3,settled_max_v,0.0019308427854152917,,0.18000000000000002,PASS,False
fast_11_to_00,recovery,WL0,end_level_v,0.00014468707911653633,-0.18000000000000002,0.18000000000000002,PASS,False
fast_11_to_00,recovery,WL0,settled_max_v,0.00014673777404937597,,0.18000000000000002,PASS,False
fast_11_to_00,recovery,WL1,end_level_v,0.00014468707531742288,-0.18000000000000002,0.18000000000000002,PASS,False
fast_11_to_00,recovery,WL1,settled_max_v,0.00014634679738870636,,0.18000000000000002,PASS,False
fast_11_to_00,recovery,WL2,end_level_v,0.00014468707200901047,-0.18000000000000002,0.18000000000000002,PASS,False
fast_11_to_00,recovery,WL2,settled_max_v,0.0001570824827410191,,0.18000000000000002,PASS,False
fast_11_to_00,recovery,WL3,end_level_v,0.00014468707200895336,-0.18000000000000002,0.18000000000000002,PASS,False
fast_11_to_00,recovery,WL3,settled_max_v,0.00015721822226149047,,0.18000000000000002,PASS,False
fast_11_to_00,recovery,N0,end_level_v,1.7996566215909122,1.62,1.9800000000000002,PASS,False
fast_11_to_00,recovery,N1,end_level_v,1.7998284971405032,1.62,1.9800000000000002,PASS,False
fast_11_to_00,recovery,N2,end_level_v,1.7999999356685952,1.62,1.9800000000000002,PASS,False
fast_11_to_00,recovery,N3,end_level_v,1.799999935079574,1.62,1.9800000000000002,PASS,False
fast_11_to_00,final_precharge,DEC0,settled_max_v,0.0002166163563301103,,0.18000000000000002,PASS,False
fast_11_to_00,final_precharge,DEC0,settled_min_v,0.00020634299500903712,-0.18000000000000002,,PASS,False
fast_11_to_00,final_precharge,DEC1,settled_max_v,0.00020541934913478196,,0.18000000000000002,PASS,False
fast_11_to_00,final_precharge,DEC1,settled_min_v,0.00020538040904148624,-0.18000000000000002,,PASS,False
fast_11_to_00,final_precharge,DEC2,settled_max_v,0.00020531597587351478,,0.18000000000000002,PASS,False
fast_11_to_00,final_precharge,DEC2,settled_min_v,0.00020531578148270897,-0.18000000000000002,,PASS,False
fast_11_to_00,final_precharge,DEC3,settled_max_v,0.00020531594793027127,,0.18000000000000002,PASS,False
fast_11_to_00,final_precharge,DEC3,settled_min_v,0.00020531578023283783,-0.18000000000000002,,PASS,False
fast_11_to_00,final_precharge,WL0,settled_max_v,0.00014468762867026424,,0.18000000000000002,PASS,False
fast_11_to_00,final_precharge,WL0,settled_min_v,0.00014468707421246485,-0.18000000000000002,,PASS,False
fast_11_to_00,final_precharge,WL1,settled_max_v,0.00014468707311992538,,0.18000000000000002,PASS,False
fast_11_to_00,final_precharge,WL1,settled_min_v,0.00014468707204972687,-0.18000000000000002,,PASS,False
fast_11_to_00,final_precharge,WL2,settled_max_v,0.00014468707202516554,,0.18000000000000002,PASS,False
fast_11_to_00,final_precharge,WL2,settled_min_v,0.00014468707200887443,-0.18000000000000002,,PASS,False
fast_11_to_00,final_precharge,WL3,settled_max_v,0.00014468707202310306,,0.18000000000000002,PASS,False
fast_11_to_00,final_precharge,WL3,settled_min_v,0.0001446870720089067,-0.18000000000000002,,PASS,False
fast_11_to_00,final_precharge,N0,end_level_v,1.79960963419053,1.62,1.9800000000000002,PASS,False
fast_11_to_00,final_precharge,N1,end_level_v,1.799973666802159,1.62,1.9800000000000002,PASS,False
fast_11_to_00,final_precharge,N2,end_level_v,1.7999999235749187,1.62,1.9800000000000002,PASS,False
fast_11_to_00,final_precharge,N3,end_level_v,1.799999924043355,1.62,1.9800000000000002,PASS,False
fast_11_to_01,prime,DEC0,upper_excursion_v,0.0027030380029389976,,1.9800000000000002,PASS,False
fast_11_to_01,prime,DEC0,lower_excursion_v,4.053884348257294e-05,-0.18000000000000002,,PASS,False
fast_11_to_01,prime,DEC0,end_level_v,6.335827371476506e-05,-0.18000000000000002,0.18000000000000002,PASS,False
fast_11_to_01,prime,DEC0,unselected_max_v,0.0027030380029389976,,0.18000000000000002,PASS,False
fast_11_to_01,prime,DEC1,upper_excursion_v,0.0027003216327188685,,1.9800000000000002,PASS,False
fast_11_to_01,prime,DEC1,lower_excursion_v,4.3298210528203667e-05,-0.18000000000000002,,PASS,False
fast_11_to_01,prime,DEC1,end_level_v,6.286318818660874e-05,-0.18000000000000002,0.18000000000000002,PASS,False
fast_11_to_01,prime,DEC1,unselected_max_v,0.0027003216327188685,,0.18000000000000002,PASS,False
fast_11_to_01,prime,DEC2,upper_excursion_v,0.0027140394223711603,,1.9800000000000002,PASS,False
fast_11_to_01,prime,DEC2,lower_excursion_v,-4.6566306861249573e-05,-0.18000000000000002,,PASS,False
fast_11_to_01,prime,DEC2,end_level_v,6.991516199967433e-05,-0.18000000000000002,0.18000000000000002,PASS,False
fast_11_to_01,prime,DEC2,unselected_max_v,0.0027140394223711603,,0.18000000000000002,PASS,False
fast_11_to_01,prime,DEC3,upper_excursion_v,1.799999402552738,,1.9800000000000002,PASS,False
fast_11_to_01,prime,DEC3,lower_excursion_v,-0.03963494536212642,-0.18000000000000002,,PASS,False
fast_11_to_01,prime,DEC3,end_level_v,1.7999994025483328,1.62,1.9800000000000002,PASS,False
fast_11_to_01,prime,DEC3,settled_min_v,1.799999383722572,1.62,,PASS,False
fast_11_to_01,prime,WL0,upper_excursion_v,0.000146233415316601,,1.9800000000000002,PASS,False
fast_11_to_01,prime,WL0,lower_excursion_v,0.00013286126512591825,-0.18000000000000002,,PASS,False
fast_11_to_01,prime,WL0,end_level_v,0.00014468704685908037,-0.18000000000000002,0.18000000000000002,PASS,False
fast_11_to_01,prime,WL0,unselected_max_v,0.000146233415316601,,0.18000000000000002,PASS,False
fast_11_to_01,prime,WL1,upper_excursion_v,0.00014624332544442884,,1.9800000000000002,PASS,False
fast_11_to_01,prime,WL1,lower_excursion_v,0.00013289397500931046,-0.18000000000000002,,PASS,False
fast_11_to_01,prime,WL1,end_level_v,0.00014468704671288536,-0.18000000000000002,0.18000000000000002,PASS,False
fast_11_to_01,prime,WL1,unselected_max_v,0.00014624332544442884,,0.18000000000000002,PASS,False
fast_11_to_01,prime,WL2,upper_excursion_v,0.00014659810043294116,,1.9800000000000002,PASS,False
fast_11_to_01,prime,WL2,lower_excursion_v,0.0001326901882828352,-0.18000000000000002,,PASS,False
fast_11_to_01,prime,WL2,end_level_v,0.00014468703773408203,-0.18000000000000002,0.18000000000000002,PASS,False
fast_11_to_01,prime,WL2,unselected_max_v,0.00014659810043294116,,0.18000000000000002,PASS,False
fast_11_to_01,prime,WL3,upper_excursion_v,1.7999993201191125,,1.9800000000000002,PASS,False
fast_11_to_01,prime,WL3,lower_excursion_v,-0.026509648558162225,-0.18000000000000002,,PASS,False
fast_11_to_01,prime,WL3,end_level_v,1.7999993201191122,1.62,1.9800000000000002,PASS,False
fast_11_to_01,prime,WL3,settled_min_v,1.7998629714091112,1.62,,PASS,False
fast_11_to_01,test,DEC0,upper_excursion_v,0.002713005786865047,,1.9800000000000002,PASS,False
fast_11_to_01,test,DEC0,lower_excursion_v,-0.00018688658172792512,-0.18000000000000002,,PASS,False
fast_11_to_01,test,DEC0,end_level_v,7.729178558505475e-05,-0.18000000000000002,0.18000000000000002,PASS,False
fast_11_to_01,test,DEC0,unselected_max_v,0.002713005786865047,,0.18000000000000002,PASS,False
fast_11_to_01,test,DEC1,upper_excursion_v,1.7999994027014388,,1.9800000000000002,PASS,False
fast_11_to_01,test,DEC1,lower_excursion_v,-0.03877867422260675,-0.18000000000000002,,PASS,False
fast_11_to_01,test,DEC1,end_level_v,1.7999994025589285,1.62,1.9800000000000002,PASS,False
fast_11_to_01,test,DEC1,settled_min_v,1.7999993836163257,1.62,,PASS,False
fast_11_to_01,test,DEC2,upper_excursion_v,0.002702380544019392,,1.9800000000000002,PASS,False
fast_11_to_01,test,DEC2,lower_excursion_v,3.681319959425201e-05,-0.18000000000000002,,PASS,False
fast_11_to_01,test,DEC2,end_level_v,6.317898420879103e-05,-0.18000000000000002,0.18000000000000002,PASS,False
fast_11_to_01,test,DEC2,unselected_max_v,0.002702380544019392,,0.18000000000000002,PASS,False
fast_11_to_01,test,DEC3,upper_excursion_v,0.0027026085041436092,,1.9800000000000002,PASS,False
fast_11_to_01,test,DEC3,lower_excursion_v,3.9140105984027355e-05,-0.18000000000000002,,PASS,False
fast_11_to_01,test,DEC3,end_level_v,6.283909308412874e-05,-0.18000000000000002,0.18000000000000002,PASS,False
fast_11_to_01,test,DEC3,unselected_max_v,0.0027026085041436092,,0.18000000000000002,PASS,False
fast_11_to_01,test,WL0,upper_excursion_v,0.00014650442291492982,,1.9800000000000002,PASS,False
fast_11_to_01,test,WL0,lower_excursion_v,0.00013176865261929727,-0.18000000000000002,,PASS,False
fast_11_to_01,test,WL0,end_level_v,0.00014468703146493762,-0.18000000000000002,0.18000000000000002,PASS,False
fast_11_to_01,test,WL0,unselected_max_v,0.00014650442291492982,,0.18000000000000002,PASS,False
fast_11_to_01,test,WL1,upper_excursion_v,1.7999993201190922,,1.9800000000000002,PASS,False
fast_11_to_01,test,WL1,lower_excursion_v,-0.026532267539339998,-0.18000000000000002,,PASS,False
fast_11_to_01,test,WL1,end_level_v,1.7999993201190922,1.62,1.9800000000000002,PASS,False
fast_11_to_01,test,WL1,settled_min_v,1.7998602765413279,1.62,,PASS,False
fast_11_to_01,test,WL2,upper_excursion_v,0.00014627630913457537,,1.9800000000000002,PASS,False
fast_11_to_01,test,WL2,lower_excursion_v,0.00013313227429556047,-0.18000000000000002,,PASS,False
fast_11_to_01,test,WL2,end_level_v,0.00014468704713102107,-0.18000000000000002,0.18000000000000002,PASS,False
fast_11_to_01,test,WL2,unselected_max_v,0.00014627630913457537,,0.18000000000000002,PASS,False
fast_11_to_01,test,WL3,upper_excursion_v,0.00014628409017757,,1.9800000000000002,PASS,False
fast_11_to_01,test,WL3,lower_excursion_v,0.00013315640999407387,-0.18000000000000002,,PASS,False
fast_11_to_01,test,WL3,end_level_v,0.00014468704670573458,-0.18000000000000002,0.18000000000000002,PASS,False
fast_11_to_01,test,WL3,unselected_max_v,0.00014628409017757,,0.18000000000000002,PASS,False
fast_11_to_01,recovery,DEC0,end_level_v,0.00020598976106717357,-0.18000000000000002,0.18000000000000002,PASS,False
fast_11_to_01,recovery,DEC0,settled_max_v,0.0010991478666512568,,0.18000000000000002,PASS,False
fast_11_to_01,recovery,DEC1,end_level_v,0.00020529469944157485,-0.18000000000000002,0.18000000000000002,PASS,False
fast_11_to_01,recovery,DEC1,settled_max_v,0.0009928218887530916,,0.18000000000000002,PASS,False
fast_11_to_01,recovery,DEC2,end_level_v,0.00020531579104289657,-0.18000000000000002,0.18000000000000002,PASS,False
fast_11_to_01,recovery,DEC2,settled_max_v,0.0019221495395664071,,0.18000000000000002,PASS,False
fast_11_to_01,recovery,DEC3,end_level_v,0.0002053157933700003,-0.18000000000000002,0.18000000000000002,PASS,False
fast_11_to_01,recovery,DEC3,settled_max_v,0.0019446379398457376,,0.18000000000000002,PASS,False
fast_11_to_01,recovery,WL0,end_level_v,0.00014468707858760006,-0.18000000000000002,0.18000000000000002,PASS,False
fast_11_to_01,recovery,WL0,settled_max_v,0.00015009392841763106,,0.18000000000000002,PASS,False
fast_11_to_01,recovery,WL1,end_level_v,0.0001446870717890913,-0.18000000000000002,0.18000000000000002,PASS,False
fast_11_to_01,recovery,WL1,settled_max_v,0.00014631064906714712,,0.18000000000000002,PASS,False
fast_11_to_01,recovery,WL2,end_level_v,0.00014468707200917624,-0.18000000000000002,0.18000000000000002,PASS,False
fast_11_to_01,recovery,WL2,settled_max_v,0.000157453344380979,,0.18000000000000002,PASS,False
fast_11_to_01,recovery,WL3,end_level_v,0.00014468707200906915,-0.18000000000000002,0.18000000000000002,PASS,False
fast_11_to_01,recovery,WL3,settled_max_v,0.00015742578578541248,,0.18000000000000002,PASS,False
fast_11_to_01,recovery,N0,end_level_v,1.7997799282418543,1.62,1.9800000000000002,PASS,False
fast_11_to_01,recovery,N1,end_level_v,1.7999828662199044,1.62,1.9800000000000002,PASS,False
fast_11_to_01,recovery,N2,end_level_v,1.7999999210556152,1.62,1.9800000000000002,PASS,False
fast_11_to_01,recovery,N3,end_level_v,1.7999999203184285,1.62,1.9800000000000002,PASS,False
fast_11_to_01,final_precharge,DEC0,settled_max_v,0.00020542550327207022,,0.18000000000000002,PASS,False
fast_11_to_01,final_precharge,DEC0,settled_min_v,0.00020538322933907037,-0.18000000000000002,,PASS,False
fast_11_to_01,final_precharge,DEC1,settled_max_v,0.00021657302385157736,,0.18000000000000002,PASS,False
fast_11_to_01,final_precharge,DEC1,settled_min_v,0.00020634419437830925,-0.18000000000000002,,PASS,False
fast_11_to_01,final_precharge,DEC2,settled_max_v,0.00020531595295249477,,0.18000000000000002,PASS,False
fast_11_to_01,final_precharge,DEC2,settled_min_v,0.00020531578038480967,-0.18000000000000002,,PASS,False
fast_11_to_01,final_precharge,DEC3,settled_max_v,0.0002053159813658947,,0.18000000000000002,PASS,False
fast_11_to_01,final_precharge,DEC3,settled_min_v,0.00020531578149717906,-0.18000000000000002,,PASS,False
fast_11_to_01,final_precharge,WL0,settled_max_v,0.00014468707302322842,,0.18000000000000002,PASS,False
fast_11_to_01,final_precharge,WL0,settled_min_v,0.00014468707205342508,-0.18000000000000002,,PASS,False
fast_11_to_01,final_precharge,WL1,settled_max_v,0.00014468761491538855,,0.18000000000000002,PASS,False
fast_11_to_01,final_precharge,WL1,settled_min_v,0.00014468707421639364,-0.18000000000000002,,PASS,False
fast_11_to_01,final_precharge,WL2,settled_max_v,0.00014468707202528418,,0.18000000000000002,PASS,False
fast_11_to_01,final_precharge,WL2,settled_min_v,0.0001446870720087816,-0.18000000000000002,,PASS,False
fast_11_to_01,final_precharge,WL3,settled_max_v,0.0001446870720274545,,0.18000000000000002,PASS,False
fast_11_to_01,final_precharge,WL3,settled_min_v,0.00014468707200895002,-0.18000000000000002,,PASS,False
fast_11_to_01,final_precharge,N0,end_level_v,1.79997256209676,1.62,1.9800000000000002,PASS,False
fast_11_to_01,final_precharge,N1,end_level_v,1.7996091950148199,1.62,1.9800000000000002,PASS,False
fast_11_to_01,final_precharge,N2,end_level_v,1.7999999239795836,1.62,1.9800000000000002,PASS,False
fast_11_to_01,final_precharge,N3,end_level_v,1.7999999235705626,1.62,1.9800000000000002,PASS,False
fast_11_to_10,prime,DEC0,upper_excursion_v,0.0027030380029389976,,1.9800000000000002,PASS,False
fast_11_to_10,prime,DEC0,lower_excursion_v,4.053884348257294e-05,-0.18000000000000002,,PASS,False
fast_11_to_10,prime,DEC0,end_level_v,6.335827371476506e-05,-0.18000000000000002,0.18000000000000002,PASS,False
fast_11_to_10,prime,DEC0,unselected_max_v,0.0027030380029389976,,0.18000000000000002,PASS,False
fast_11_to_10,prime,DEC1,upper_excursion_v,0.0027003216327188685,,1.9800000000000002,PASS,False
fast_11_to_10,prime,DEC1,lower_excursion_v,4.3298210528203667e-05,-0.18000000000000002,,PASS,False
fast_11_to_10,prime,DEC1,end_level_v,6.286318818660874e-05,-0.18000000000000002,0.18000000000000002,PASS,False
fast_11_to_10,prime,DEC1,unselected_max_v,0.0027003216327188685,,0.18000000000000002,PASS,False
fast_11_to_10,prime,DEC2,upper_excursion_v,0.0027140394223711603,,1.9800000000000002,PASS,False
fast_11_to_10,prime,DEC2,lower_excursion_v,-4.6566306861249573e-05,-0.18000000000000002,,PASS,False
fast_11_to_10,prime,DEC2,end_level_v,6.991516199967433e-05,-0.18000000000000002,0.18000000000000002,PASS,False
fast_11_to_10,prime,DEC2,unselected_max_v,0.0027140394223711603,,0.18000000000000002,PASS,False
fast_11_to_10,prime,DEC3,upper_excursion_v,1.799999402552738,,1.9800000000000002,PASS,False
fast_11_to_10,prime,DEC3,lower_excursion_v,-0.03963494536212642,-0.18000000000000002,,PASS,False
fast_11_to_10,prime,DEC3,end_level_v,1.7999994025483328,1.62,1.9800000000000002,PASS,False
fast_11_to_10,prime,DEC3,settled_min_v,1.799999383722572,1.62,,PASS,False
fast_11_to_10,prime,WL0,upper_excursion_v,0.000146233415316601,,1.9800000000000002,PASS,False
fast_11_to_10,prime,WL0,lower_excursion_v,0.00013286126512591825,-0.18000000000000002,,PASS,False
fast_11_to_10,prime,WL0,end_level_v,0.00014468704685908037,-0.18000000000000002,0.18000000000000002,PASS,False
fast_11_to_10,prime,WL0,unselected_max_v,0.000146233415316601,,0.18000000000000002,PASS,False
fast_11_to_10,prime,WL1,upper_excursion_v,0.00014624332544442884,,1.9800000000000002,PASS,False
fast_11_to_10,prime,WL1,lower_excursion_v,0.00013289397500931046,-0.18000000000000002,,PASS,False
fast_11_to_10,prime,WL1,end_level_v,0.00014468704671288536,-0.18000000000000002,0.18000000000000002,PASS,False
fast_11_to_10,prime,WL1,unselected_max_v,0.00014624332544442884,,0.18000000000000002,PASS,False
fast_11_to_10,prime,WL2,upper_excursion_v,0.00014659810043294116,,1.9800000000000002,PASS,False
fast_11_to_10,prime,WL2,lower_excursion_v,0.0001326901882828352,-0.18000000000000002,,PASS,False
fast_11_to_10,prime,WL2,end_level_v,0.00014468703773408203,-0.18000000000000002,0.18000000000000002,PASS,False
fast_11_to_10,prime,WL2,unselected_max_v,0.00014659810043294116,,0.18000000000000002,PASS,False
fast_11_to_10,prime,WL3,upper_excursion_v,1.7999993201191125,,1.9800000000000002,PASS,False
fast_11_to_10,prime,WL3,lower_excursion_v,-0.026509648558162225,-0.18000000000000002,,PASS,False
fast_11_to_10,prime,WL3,end_level_v,1.7999993201191122,1.62,1.9800000000000002,PASS,False
fast_11_to_10,prime,WL3,settled_min_v,1.7998629714091112,1.62,,PASS,False
fast_11_to_10,test,DEC0,upper_excursion_v,0.0026990427092713374,,1.9800000000000002,PASS,False
fast_11_to_10,test,DEC0,lower_excursion_v,4.3733969891885524e-05,-0.18000000000000002,,PASS,False
fast_11_to_10,test,DEC0,end_level_v,6.286316613862645e-05,-0.18000000000000002,0.18000000000000002,PASS,False
fast_11_to_10,test,DEC0,unselected_max_v,0.0026990427092713374,,0.18000000000000002,PASS,False
fast_11_to_10,test,DEC1,upper_excursion_v,0.0026988937163923443,,1.9800000000000002,PASS,False
fast_11_to_10,test,DEC1,lower_excursion_v,4.16560784391033e-05,-0.18000000000000002,,PASS,False
fast_11_to_10,test,DEC1,end_level_v,6.32035494020591e-05,-0.18000000000000002,0.18000000000000002,PASS,False
fast_11_to_10,test,DEC1,unselected_max_v,0.0026988937163923443,,0.18000000000000002,PASS,False
fast_11_to_10,test,DEC2,upper_excursion_v,1.799999402590617,,1.9800000000000002,PASS,False
fast_11_to_10,test,DEC2,lower_excursion_v,-0.03870762235453801,-0.18000000000000002,,PASS,False
fast_11_to_10,test,DEC2,end_level_v,1.7999994025498596,1.62,1.9800000000000002,PASS,False
fast_11_to_10,test,DEC2,settled_min_v,1.7999993831010002,1.62,,PASS,False
fast_11_to_10,test,DEC3,upper_excursion_v,0.0027068866286852553,,1.9800000000000002,PASS,False
fast_11_to_10,test,DEC3,lower_excursion_v,-5.17715211523842e-05,-0.18000000000000002,,PASS,False
fast_11_to_10,test,DEC3,end_level_v,7.69540279877065e-05,-0.18000000000000002,0.18000000000000002,PASS,False
fast_11_to_10,test,DEC3,unselected_max_v,0.0027068866286852553,,0.18000000000000002,PASS,False
fast_11_to_10,test,WL0,upper_excursion_v,0.00014623968577025248,,1.9800000000000002,PASS,False
fast_11_to_10,test,WL0,lower_excursion_v,0.00013297814190110823,-0.18000000000000002,,PASS,False
fast_11_to_10,test,WL0,end_level_v,0.00014468704671282513,-0.18000000000000002,0.18000000000000002,PASS,False
fast_11_to_10,test,WL0,unselected_max_v,0.00014623968577025248,,0.18000000000000002,PASS,False
fast_11_to_10,test,WL1,upper_excursion_v,0.00014623031915085956,,1.9800000000000002,PASS,False
fast_11_to_10,test,WL1,lower_excursion_v,0.00013295364698661364,-0.18000000000000002,,PASS,False
fast_11_to_10,test,WL1,end_level_v,0.00014468704713786068,-0.18000000000000002,0.18000000000000002,PASS,False
fast_11_to_10,test,WL1,unselected_max_v,0.00014623031915085956,,0.18000000000000002,PASS,False
fast_11_to_10,test,WL2,upper_excursion_v,1.7999993201191125,,1.9800000000000002,PASS,False
fast_11_to_10,test,WL2,lower_excursion_v,-0.026464898628311927,-0.18000000000000002,,PASS,False
fast_11_to_10,test,WL2,end_level_v,1.7999993201191125,1.62,1.9800000000000002,PASS,False
fast_11_to_10,test,WL2,settled_min_v,1.799863224898925,1.62,,PASS,False
fast_11_to_10,test,WL3,upper_excursion_v,0.00014660174779472542,,1.9800000000000002,PASS,False
fast_11_to_10,test,WL3,lower_excursion_v,0.0001330003393740289,-0.18000000000000002,,PASS,False
fast_11_to_10,test,WL3,end_level_v,0.0001446870320385243,-0.18000000000000002,0.18000000000000002,PASS,False
fast_11_to_10,test,WL3,unselected_max_v,0.00014660174779472542,,0.18000000000000002,PASS,False
fast_11_to_10,recovery,DEC0,end_level_v,0.00020531582249102616,-0.18000000000000002,0.18000000000000002,PASS,False
fast_11_to_10,recovery,DEC0,settled_max_v,0.0002323091247631055,,0.18000000000000002,PASS,False
fast_11_to_10,recovery,DEC1,end_level_v,0.00020531581869258722,-0.18000000000000002,0.18000000000000002,PASS,False
fast_11_to_10,recovery,DEC1,settled_max_v,0.00022877151551427624,,0.18000000000000002,PASS,False
fast_11_to_10,recovery,DEC2,end_level_v,0.00020778173187943288,-0.18000000000000002,0.18000000000000002,PASS,False
fast_11_to_10,recovery,DEC2,settled_max_v,0.0002798453519855734,,0.18000000000000002,PASS,False
fast_11_to_10,recovery,DEC3,end_level_v,0.00020594869345559851,-0.18000000000000002,0.18000000000000002,PASS,False
fast_11_to_10,recovery,DEC3,settled_max_v,0.0004725244481466051,,0.18000000000000002,PASS,False
fast_11_to_10,recovery,WL0,end_level_v,0.00014468707201016945,-0.18000000000000002,0.18000000000000002,PASS,False
fast_11_to_10,recovery,WL0,settled_max_v,0.00014478412020806663,,0.18000000000000002,PASS,False
fast_11_to_10,recovery,WL1,end_level_v,0.00014468707201036187,-0.18000000000000002,0.18000000000000002,PASS,False
fast_11_to_10,recovery,WL1,settled_max_v,0.00014479238748600425,,0.18000000000000002,PASS,False
fast_11_to_10,recovery,WL2,end_level_v,0.00014468708377138664,-0.18000000000000002,0.18000000000000002,PASS,False
fast_11_to_10,recovery,WL2,settled_max_v,0.00014496732359314568,,0.18000000000000002,PASS,False
fast_11_to_10,recovery,WL3,end_level_v,0.00014468707768033973,-0.18000000000000002,0.18000000000000002,PASS,False
fast_11_to_10,recovery,WL3,settled_max_v,0.00014777150135889436,,0.18000000000000002,PASS,False
fast_11_to_10,recovery,N0,end_level_v,1.7999999123746553,1.62,1.9800000000000002,PASS,False
fast_11_to_10,recovery,N1,end_level_v,1.7999999135823477,1.62,1.9800000000000002,PASS,False
fast_11_to_10,recovery,N2,end_level_v,1.7991471578826714,1.62,1.9800000000000002,PASS,False
fast_11_to_10,recovery,N3,end_level_v,1.7997911041334063,1.62,1.9800000000000002,PASS,False
fast_11_to_10,final_precharge,DEC0,settled_max_v,0.0002053163612036973,,0.18000000000000002,PASS,False
fast_11_to_10,final_precharge,DEC0,settled_min_v,0.00020531578579262815,-0.18000000000000002,,PASS,False
fast_11_to_10,final_precharge,DEC1,settled_max_v,0.00020531633102687321,,0.18000000000000002,PASS,False
fast_11_to_10,final_precharge,DEC1,settled_min_v,0.00020531578465778235,-0.18000000000000002,,PASS,False
fast_11_to_10,final_precharge,DEC2,settled_max_v,0.00021730698663156023,,0.18000000000000002,PASS,False
fast_11_to_10,final_precharge,DEC2,settled_min_v,0.0002063514717233622,-0.18000000000000002,,PASS,False
fast_11_to_10,final_precharge,DEC3,settled_max_v,0.00020542200208625852,,0.18000000000000002,PASS,False
fast_11_to_10,final_precharge,DEC3,settled_min_v,0.00020538333095947853,-0.18000000000000002,,PASS,False
fast_11_to_10,final_precharge,WL0,settled_max_v,0.00014468707207537053,,0.18000000000000002,PASS,False
fast_11_to_10,final_precharge,WL0,settled_min_v,0.00014468707200851737,-0.18000000000000002,,PASS,False
fast_11_to_10,final_precharge,WL1,settled_max_v,0.0001446870720731087,,0.18000000000000002,PASS,False
fast_11_to_10,final_precharge,WL1,settled_min_v,0.00014468707200886974,-0.18000000000000002,,PASS,False
fast_11_to_10,final_precharge,WL2,settled_max_v,0.00014468771112725618,,0.18000000000000002,PASS,False
fast_11_to_10,final_precharge,WL2,settled_min_v,0.000144687074251297,-0.18000000000000002,,PASS,False
fast_11_to_10,final_precharge,WL3,settled_max_v,0.0001446870724874592,,0.18000000000000002,PASS,False
fast_11_to_10,final_precharge,WL3,settled_min_v,0.00014468707205325253,-0.18000000000000002,,PASS,False
fast_11_to_10,final_precharge,N0,end_level_v,1.7999999220697824,1.62,1.9800000000000002,PASS,False
fast_11_to_10,final_precharge,N1,end_level_v,1.7999999224882346,1.62,1.9800000000000002,PASS,False
fast_11_to_10,final_precharge,N2,end_level_v,1.7996066825766768,1.62,1.9800000000000002,PASS,False
fast_11_to_10,final_precharge,N3,end_level_v,1.7999725199628358,1.62,1.9800000000000002,PASS,False
fast_11_to_11,prime,DEC0,upper_excursion_v,0.0027030380029389976,,1.9800000000000002,PASS,False
fast_11_to_11,prime,DEC0,lower_excursion_v,4.053884348257294e-05,-0.18000000000000002,,PASS,False
fast_11_to_11,prime,DEC0,end_level_v,6.335827371476506e-05,-0.18000000000000002,0.18000000000000002,PASS,False
fast_11_to_11,prime,DEC0,unselected_max_v,0.0027030380029389976,,0.18000000000000002,PASS,False
fast_11_to_11,prime,DEC1,upper_excursion_v,0.0027003216327188685,,1.9800000000000002,PASS,False
fast_11_to_11,prime,DEC1,lower_excursion_v,4.3298210528203667e-05,-0.18000000000000002,,PASS,False
fast_11_to_11,prime,DEC1,end_level_v,6.286318818660874e-05,-0.18000000000000002,0.18000000000000002,PASS,False
fast_11_to_11,prime,DEC1,unselected_max_v,0.0027003216327188685,,0.18000000000000002,PASS,False
fast_11_to_11,prime,DEC2,upper_excursion_v,0.0027140394223711603,,1.9800000000000002,PASS,False
fast_11_to_11,prime,DEC2,lower_excursion_v,-4.6566306861249573e-05,-0.18000000000000002,,PASS,False
fast_11_to_11,prime,DEC2,end_level_v,6.991516199967433e-05,-0.18000000000000002,0.18000000000000002,PASS,False
fast_11_to_11,prime,DEC2,unselected_max_v,0.0027140394223711603,,0.18000000000000002,PASS,False
fast_11_to_11,prime,DEC3,upper_excursion_v,1.799999402552738,,1.9800000000000002,PASS,False
fast_11_to_11,prime,DEC3,lower_excursion_v,-0.03963494536212642,-0.18000000000000002,,PASS,False
fast_11_to_11,prime,DEC3,end_level_v,1.7999994025483328,1.62,1.9800000000000002,PASS,False
fast_11_to_11,prime,DEC3,settled_min_v,1.799999383722572,1.62,,PASS,False
fast_11_to_11,prime,WL0,upper_excursion_v,0.000146233415316601,,1.9800000000000002,PASS,False
fast_11_to_11,prime,WL0,lower_excursion_v,0.00013286126512591825,-0.18000000000000002,,PASS,False
fast_11_to_11,prime,WL0,end_level_v,0.00014468704685908037,-0.18000000000000002,0.18000000000000002,PASS,False
fast_11_to_11,prime,WL0,unselected_max_v,0.000146233415316601,,0.18000000000000002,PASS,False
fast_11_to_11,prime,WL1,upper_excursion_v,0.00014624332544442884,,1.9800000000000002,PASS,False
fast_11_to_11,prime,WL1,lower_excursion_v,0.00013289397500931046,-0.18000000000000002,,PASS,False
fast_11_to_11,prime,WL1,end_level_v,0.00014468704671288536,-0.18000000000000002,0.18000000000000002,PASS,False
fast_11_to_11,prime,WL1,unselected_max_v,0.00014624332544442884,,0.18000000000000002,PASS,False
fast_11_to_11,prime,WL2,upper_excursion_v,0.00014659810043294116,,1.9800000000000002,PASS,False
fast_11_to_11,prime,WL2,lower_excursion_v,0.0001326901882828352,-0.18000000000000002,,PASS,False
fast_11_to_11,prime,WL2,end_level_v,0.00014468703773408203,-0.18000000000000002,0.18000000000000002,PASS,False
fast_11_to_11,prime,WL2,unselected_max_v,0.00014659810043294116,,0.18000000000000002,PASS,False
fast_11_to_11,prime,WL3,upper_excursion_v,1.7999993201191125,,1.9800000000000002,PASS,False
fast_11_to_11,prime,WL3,lower_excursion_v,-0.026509648558162225,-0.18000000000000002,,PASS,False
fast_11_to_11,prime,WL3,end_level_v,1.7999993201191122,1.62,1.9800000000000002,PASS,False
fast_11_to_11,prime,WL3,settled_min_v,1.7998629714091112,1.62,,PASS,False
fast_11_to_11,test,DEC0,upper_excursion_v,0.002704012421833626,,1.9800000000000002,PASS,False
fast_11_to_11,test,DEC0,lower_excursion_v,4.0444019170298616e-05,-0.18000000000000002,,PASS,False
fast_11_to_11,test,DEC0,end_level_v,6.334969740493704e-05,-0.18000000000000002,0.18000000000000002,PASS,False
fast_11_to_11,test,DEC0,unselected_max_v,0.002704012421833626,,0.18000000000000002,PASS,False
fast_11_to_11,test,DEC1,upper_excursion_v,0.0027012473864859573,,1.9800000000000002,PASS,False
fast_11_to_11,test,DEC1,lower_excursion_v,4.321059218012532e-05,-0.18000000000000002,,PASS,False
fast_11_to_11,test,DEC1,end_level_v,6.28636066319115e-05,-0.18000000000000002,0.18000000000000002,PASS,False
fast_11_to_11,test,DEC1,unselected_max_v,0.0027012473864859573,,0.18000000000000002,PASS,False
fast_11_to_11,test,DEC2,upper_excursion_v,0.0027138639310996457,,1.9800000000000002,PASS,False
fast_11_to_11,test,DEC2,lower_excursion_v,-4.204607574639224e-05,-0.18000000000000002,,PASS,False
fast_11_to_11,test,DEC2,end_level_v,6.506239500192466e-05,-0.18000000000000002,0.18000000000000002,PASS,False
fast_11_to_11,test,DEC2,unselected_max_v,0.0027138639310996457,,0.18000000000000002,PASS,False
fast_11_to_11,test,DEC3,upper_excursion_v,1.7999994025450157,,1.9800000000000002,PASS,False
fast_11_to_11,test,DEC3,lower_excursion_v,-0.0397369369967084,-0.18000000000000002,,PASS,False
fast_11_to_11,test,DEC3,end_level_v,1.7999994025450137,1.62,1.9800000000000002,PASS,False
fast_11_to_11,test,DEC3,settled_min_v,1.7999993835158228,1.62,,PASS,False
fast_11_to_11,test,WL0,upper_excursion_v,0.00014622541338879294,,1.9800000000000002,PASS,False
fast_11_to_11,test,WL0,lower_excursion_v,0.0001327385002620571,-0.18000000000000002,,PASS,False
fast_11_to_11,test,WL0,end_level_v,0.00014468704687446525,-0.18000000000000002,0.18000000000000002,PASS,False
fast_11_to_11,test,WL0,unselected_max_v,0.00014622541338879294,,0.18000000000000002,PASS,False
fast_11_to_11,test,WL1,upper_excursion_v,0.00014623519085294205,,1.9800000000000002,PASS,False
fast_11_to_11,test,WL1,lower_excursion_v,0.00013277677221443067,-0.18000000000000002,,PASS,False
fast_11_to_11,test,WL1,end_level_v,0.00014468704671301118,-0.18000000000000002,0.18000000000000002,PASS,False
fast_11_to_11,test,WL1,unselected_max_v,0.00014623519085294205,,0.18000000000000002,PASS,False
fast_11_to_11,test,WL2,upper_excursion_v,0.0001465672727252558,,1.9800000000000002,PASS,False
fast_11_to_11,test,WL2,lower_excursion_v,0.00013238058235421753,-0.18000000000000002,,PASS,False
fast_11_to_11,test,WL2,end_level_v,0.00014468704399089676,-0.18000000000000002,0.18000000000000002,PASS,False
fast_11_to_11,test,WL2,unselected_max_v,0.0001465672727252558,,0.18000000000000002,PASS,False
fast_11_to_11,test,WL3,upper_excursion_v,1.7999993201190922,,1.9800000000000002,PASS,False
fast_11_to_11,test,WL3,lower_excursion_v,-0.026500320743880378,-0.18000000000000002,,PASS,False
fast_11_to_11,test,WL3,end_level_v,1.7999993201190922,1.62,1.9800000000000002,PASS,False
fast_11_to_11,test,WL3,settled_min_v,1.79986157935065,1.62,,PASS,False
fast_11_to_11,recovery,DEC0,end_level_v,0.00020531885786034026,-0.18000000000000002,0.18000000000000002,PASS,False
fast_11_to_11,recovery,DEC0,settled_max_v,0.00020531957018952483,,0.18000000000000002,PASS,False
fast_11_to_11,recovery,DEC1,end_level_v,0.00020531577962805238,-0.18000000000000002,0.18000000000000002,PASS,False
fast_11_to_11,recovery,DEC1,settled_max_v,0.00020531636758511364,,0.18000000000000002,PASS,False
fast_11_to_11,recovery,DEC2,end_level_v,0.000205355136783814,-0.18000000000000002,0.18000000000000002,PASS,False
fast_11_to_11,recovery,DEC2,settled_max_v,0.00020539156074636175,,0.18000000000000002,PASS,False
fast_11_to_11,recovery,DEC3,end_level_v,0.00020576875946457939,-0.18000000000000002,0.18000000000000002,PASS,False
fast_11_to_11,recovery,DEC3,settled_max_v,0.00021717830434587535,,0.18000000000000002,PASS,False
fast_11_to_11,recovery,WL0,end_level_v,0.0001446870720090989,-0.18000000000000002,0.18000000000000002,PASS,False
fast_11_to_11,recovery,WL0,settled_max_v,0.00014468707207857456,,0.18000000000000002,PASS,False
fast_11_to_11,recovery,WL1,end_level_v,0.00014468707200910295,-0.18000000000000002,0.18000000000000002,PASS,False
fast_11_to_11,recovery,WL1,settled_max_v,0.00014468707207875576,,0.18000000000000002,PASS,False
fast_11_to_11,recovery,WL2,end_level_v,0.0001446870720238834,-0.18000000000000002,0.18000000000000002,PASS,False
fast_11_to_11,recovery,WL2,settled_max_v,0.00014468707238081673,,0.18000000000000002,PASS,False
fast_11_to_11,recovery,WL3,end_level_v,0.00014468707240575983,-0.18000000000000002,0.18000000000000002,PASS,False
fast_11_to_11,recovery,WL3,settled_max_v,0.00014468768505422632,,0.18000000000000002,PASS,False
fast_11_to_11,recovery,N0,end_level_v,1.7999986275269586,1.62,1.9800000000000002,PASS,False
fast_11_to_11,recovery,N1,end_level_v,1.7999999241813003,1.62,1.9800000000000002,PASS,False
fast_11_to_11,recovery,N2,end_level_v,1.7999837060953452,1.62,1.9800000000000002,PASS,False
fast_11_to_11,recovery,N3,end_level_v,1.7998184685322762,1.62,1.9800000000000002,PASS,False
fast_11_to_11,final_precharge,DEC0,settled_max_v,0.00020531938102901672,,0.18000000000000002,PASS,False
fast_11_to_11,final_precharge,DEC0,settled_min_v,0.0002053187536794134,-0.18000000000000002,,PASS,False
fast_11_to_11,final_precharge,DEC1,settled_max_v,0.0002053163676077466,,0.18000000000000002,PASS,False
fast_11_to_11,final_precharge,DEC1,settled_min_v,0.00020531578581226156,-0.18000000000000002,,PASS,False
fast_11_to_11,final_precharge,DEC2,settled_max_v,0.0002053472673862189,,0.18000000000000002,PASS,False
fast_11_to_11,final_precharge,DEC2,settled_min_v,0.00020534109650639093,-0.18000000000000002,,PASS,False
fast_11_to_11,final_precharge,DEC3,settled_max_v,0.00021717849478374856,,0.18000000000000002,PASS,False
fast_11_to_11,final_precharge,DEC3,settled_min_v,0.00020635264049118085,-0.18000000000000002,,PASS,False
fast_11_to_11,final_precharge,WL0,settled_max_v,0.00014468707207821482,,0.18000000000000002,PASS,False
fast_11_to_11,final_precharge,WL0,settled_min_v,0.00014468707200879783,-0.18000000000000002,,PASS,False
fast_11_to_11,final_precharge,WL1,settled_max_v,0.00014468707207867946,,0.18000000000000002,PASS,False
fast_11_to_11,final_precharge,WL1,settled_min_v,0.00014468707200884608,-0.18000000000000002,,PASS,False
fast_11_to_11,final_precharge,WL2,settled_max_v,0.0001446870723226894,,0.18000000000000002,PASS,False
fast_11_to_11,final_precharge,WL2,settled_min_v,0.00014468707201507528,-0.18000000000000002,,PASS,False
fast_11_to_11,final_precharge,WL3,settled_max_v,0.00014468768508043274,,0.18000000000000002,PASS,False
fast_11_to_11,final_precharge,WL3,settled_min_v,0.00014468707425041398,-0.18000000000000002,,PASS,False
fast_11_to_11,final_precharge,N0,end_level_v,1.7999986717507237,1.62,1.9800000000000002,PASS,False
fast_11_to_11,final_precharge,N1,end_level_v,1.799999922062602,1.62,1.9800000000000002,PASS,False
fast_11_to_11,final_precharge,N2,end_level_v,1.7999894068769566,1.62,1.9800000000000002,PASS,False
fast_11_to_11,final_precharge,N3,end_level_v,1.799606191136232,1.62,1.9800000000000002,PASS,False
