case,device,voltage,min_v,max_v,min_time_ns,max_time_ns
fast_00_to_00,x1.0,VGS,-1.203428027543369,1.7998668335338575,19.974999999999998,22.57749999999952
fast_00_to_00,x1.0,VGD,-0.009936964403124374,1.7999783259098567,9.340000004424843e-05,22.1674999999996
fast_00_to_00,x1.0,VDS,-1.2319934536734223,0.0383618904689816,19.9925,25.0125
fast_00_to_00,x1.0,VBS,-1.2322866427443822,0.03820651062864085,19.9975,25.0125
fast_00_to_00,x1.1,VGS,-1.8719864889233189,-0.06752742846723392,20.0625,5e-05
fast_00_to_00,x1.1,VGD,-0.10743645428710916,0.49295471727650897,19.974999999999998,0.10106247500632236
fast_00_to_00,x1.1,VDS,-1.7846277426264712,-0.10594909313991206,5.527499999999988,5e-05
fast_00_to_00,x1.1,VBS,-1.8670490949823786,-0.06952994793834666,5.0265,5e-05
fast_00_to_00,x1.2,VGS,-0.1279456454451683,1.8655340217512475,0.02106247500632238,5.0285
fast_00_to_00,x1.2,VGD,-1.183538869869364,0.07043421288594964,0.004722003437060591,5.0285
fast_00_to_00,x1.2,VDS,0.1647842537383906,1.8025678138928014,5e-05,25.0025
fast_00_to_00,x1.2,VBS,-0.03581854901609438,1.8022098642082347,5.4200000004282114e-05,25.0025
fast_00_to_00,x1.3,VGS,-0.5610515697803266,1.7996769027134547,0.12106247500632236,7.0424999999999525
fast_00_to_00,x1.3,VGD,0.04334664693697911,1.799759281197084,5e-05,7.0424999999999525
fast_00_to_00,x1.3,VDS,-1.2307202329420088,0.00013654424567502085,0.17606247500632244,24.978500000000004
fast_00_to_00,x1.3,VBS,-1.87531822650275,0.014795966941677874,20.032500000000002,24.997500000000002
fast_00_to_00,x1.4,VGS,-1.866700203881595,-0.041073013426917465,10.25750000000003,5e-05
fast_00_to_00,x1.4,VGD,-0.001418781586155782,0.009772546405279275,0.0020744278915940323,7.100000002141053e-05
fast_00_to_00,x1.4,VDS,-1.866469746788278,-0.04967922528741353,10.25750000000003,5e-05
fast_00_to_00,x1.4,VBS,-1.8663984119292996,-0.03697644119112045,10.25750000000003,5e-05
fast_00_to_00,x1.5,VGS,-0.11247447378398523,1.8722229431668862,0.02106247500632238,20.032500000000002
fast_00_to_00,x1.5,VGD,-1.183166033780219,0.0770196686937199,0.004722003437060591,20.026500000000006
fast_00_to_00,x1.5,VDS,0.2546398911953549,1.8044570310704824,5e-05,25.0025
fast_00_to_00,x1.5,VBS,-0.007177273309396881,1.8040922156840098,5.1400000001427375e-05,25.0025
fast_00_to_00,x1.6,VGS,-0.10986594701796226,1.873204402472544,0.02106247500632238,20.028500000000005
fast_00_to_00,x1.6,VGD,0.07169445302419727,1.8737669133101114,5e-05,20.026500000000006
fast_00_to_00,x1.6,VDS,-0.9546370132159984,0.003924605588353021,0.031062475006322383,10.007500000000006
fast_00_to_00,x1.6,VBS,-0.9594310651684614,0.00441908549252004,0.031062475006322383,10.007500000000006
fast_00_to_00,x1.7,VGS,-0.008349978919777429,1.8357862342699323,0.00013820000008992424,10.272500000000033
fast_00_to_00,x1.7,VGD,0.029079833350499032,1.8429889952790777,5e-05,20.025000000000002
fast_00_to_00,x1.7,VDS,-0.7800956251152211,0.01603795676674576,0.10606247500632235,25.022499999999997
fast_00_to_00,x1.7,VBS,-0.7846177270911515,0.018116993048745384,0.10606247500632235,25.022499999999997
fast_00_to_00,x1.8,VGS,-0.008793092404392716,1.8115564993863378,9.340000004424843e-05,25.0125
fast_00_to_00,x1.8,VGD,0.016705894539802937,1.8125224194800773,5e-05,25.0075
fast_00_to_00,x1.8,VDS,-0.3529436786229867,0.030013958478757763,20.032500000000002,4.9975
fast_00_to_00,x1.8,VBS,-1.2087501862120933,0.03850189606294564,20.007499999999997,25.0175
fast_00_to_00,x1.9,VGS,-1.8015842200040326,0.08588962596013905,10.247500000000029,0.00039646752911122484
fast_00_to_00,x1.9,VGD,-1.799984342891802,0.0014385225748838604,19.974999999999998,20.16749999999998
fast_00_to_00,x1.9,VDS,-0.07883101303861406,1.229165071269114,20.025500000000005,0.0012969337625852763
fast_00_to_00,x1.9,VBS,-0.07780866892449456,1.2582509361612475,20.028500000000005,0.0020744278915940323
fast_00_to_00,x1.10,VGS,-1.8432049907229884,0.11813275135963275,20.025000000000002,0.00013820000008992424
fast_00_to_00,x1.10,VGD,-1.8038236771003193,-0.5091302875818342,20.025000000000002,5e-05
fast_00_to_00,x1.10,VDS,-0.039381313622669056,1.4533710488047558,20.025000000000002,0.0012969337625852763
fast_00_to_00,x1.10,VBS,-0.04281973370330272,1.5199960176230811,20.025000000000002,0.0020744278915940323
fast_00_to_00,x1.11,VGS,-0.01570946489364533,1.8356720599891074,0.056062475006322394,10.272500000000033
fast_00_to_00,x1.11,VGD,-1.4953949917305858,0.04637746750013538,0.004722003437060591,20.025000000000002
fast_00_to_00,x1.11,VDS,0.5773359893989032,1.81858167595677,5e-05,25.0175
fast_00_to_00,x1.11,VBS,0.13754360891717432,1.8185402308922258,5e-05,25.0175
fast_00_to_00,x1.12,VGS,-1.7995036886495819,1.7996129814968873,19.974999999999998,22.63249999999951
fast_00_to_00,x1.12,VGD,-1.7999498919241204,0.0010615860236837804,19.974999999999998,20.172499999999978
fast_00_to_00,x1.12,VDS,-0.07548224960752647,1.8061213354925432,20.025000000000002,24.987500000000004
fast_00_to_00,x1.12,VBS,-0.07466758012005159,1.8104908184028552,20.028500000000005,24.987500000000004
fast_00_to_00,x1.13,VGS,-1.873898559154631,-0.06347364218807366,20.047500000000003,5e-05
fast_00_to_00,x1.13,VGD,-1.1954366250819788,0.5039579711332102,19.974999999999998,0.10106247500632236
fast_00_to_00,x1.13,VDS,-1.8540853796067045,-0.09717092425390116,5.9924999999999775,5e-05
fast_00_to_00,x1.13,VBS,-1.8764109407862561,-0.06654366482319843,5.0265,5e-05
fast_00_to_00,x1.14,VGS,-1.861595149649426,0.16563390441244497,10.25750000000003,0.00013820000008992424
fast_00_to_00,x1.14,VGD,-1.8049554124174667,-0.6071429168470919,10.25750000000003,5e-05
fast_00_to_00,x1.14,VDS,-0.056639737231959364,1.5288668416267353,10.25750000000003,0.0012969337625852763
fast_00_to_00,x1.14,VBS,-0.0618648458833595,1.6001032983263772,10.25750000000003,0.0012969337625852763
fast_00_to_00,x1.15,VGS,-0.09107821407265748,1.8644767225030217,0.08106247500632238,25.26249999999996
fast_00_to_00,x1.15,VGD,0.024071614653099982,1.8662246743554334,5e-05,10.25750000000003
fast_00_to_00,x1.15,VDS,-0.8579293252741087,0.010076419856719717,0.13106247500632237,20.047500000000003
fast_00_to_00,x1.15,VBS,-0.8619230918093228,0.011425803455444332,0.13106247500632237,20.047500000000003
fast_00_to_00,x1.16,VGS,-0.10805734728529459,1.8642694585774935,0.08106247500632238,25.26249999999996
fast_00_to_00,x1.16,VGD,-1.5634613057169302,0.0672920042689098,0.004722003437060591,10.25750000000003
fast_00_to_00,x1.16,VDS,0.7126123189429716,1.811416928752923,5e-05,20.047500000000003
fast_00_to_00,x1.16,VBS,0.18053618282848422,1.8112986511973101,5e-05,20.047500000000003
fast_00_to_00,x1.17,VGS,-1.8010003451449221,0.09467221208547805,25.232499999999966,0.00022780000018127585
fast_00_to_00,x1.17,VGD,-1.7999851064908376,0.0014389217798165266,30.000000000000004,5.167499999999997
fast_00_to_00,x1.17,VDS,-0.07752327603827291,1.234403505478449,20.025500000000005,0.0012969337625852763
fast_00_to_00,x1.17,VBS,-0.07675152000365792,1.2540266611066908,20.028500000000005,0.0020744278915940323
fast_00_to_00,x1.18,VGS,-0.10395742258916979,1.8721347314784509,0.000699689450202002,20.028500000000005
fast_00_to_00,x1.18,VGD,0.07641356249017811,1.8726821516877645,5e-05,20.026500000000006
fast_00_to_00,x1.18,VDS,-0.937962639974172,0.00412611587053849,0.031062475006322383,25.0075
fast_00_to_00,x1.18,VBS,-0.9433726698159673,0.004615990512330781,0.031062475006322383,25.0075
fast_00_to_00,x1.19,VGS,-0.5530828106258218,0.03683497245837919,0.12106247500632236,10.272500000000033
fast_00_to_00,x1.19,VGD,0.0463001112656605,0.7574166037046937,5e-05,0.2660624750063224
fast_00_to_00,x1.19,VDS,-1.2358675670780126,-0.10521825339751945,0.16106247500632243,5e-05
fast_00_to_00,x1.19,VBS,-1.8746356616506534,-0.06784066246131856,20.025500000000005,5e-05
fast_00_to_00,x1.20,VGS,-1.7999879206166385,0.07212174255188353,25.897499999999837,0.00039646752911122484
fast_00_to_00,x1.20,VGD,-1.79998229234214,0.0014412894944497712,19.974999999999998,5.167499999999997
fast_00_to_00,x1.20,VDS,-0.07070357257343485,1.2086052109055663,5.0265,0.0012969337625852763
fast_00_to_00,x1.20,VBS,-0.07043675932310278,1.2436741221748968,5.0285,0.0020744278915940323
fast_00_to_00,x1.21,VGS,-0.10891507235191844,1.8656114689349088,0.000699689450202002,5.0285
fast_00_to_00,x1.21,VGD,0.07411147840405508,1.866014159020374,5e-05,5.0265
fast_00_to_00,x1.21,VDS,-0.950891607818541,0.0027088289437944913,0.031062475006322383,10.012500000000006
fast_00_to_00,x1.21,VBS,-0.9563301582799678,0.003143089267969473,0.031062475006322383,10.012500000000006
fast_00_to_00,x1.22,VGS,-1.3899980815013029,0.526287202878587,30.000000000000004,0.12106247500632236
fast_00_to_00,x1.22,VGD,-1.2269708604202887,0.6529446488199055,19.9975,0.12606247500632237
fast_00_to_00,x1.22,VDS,-1.3782629526643664,-0.019715279125421897,25.0125,5e-05
fast_00_to_00,x1.22,VBS,-1.3901478112352905,-0.009480647880794599,30.000000000000004,5e-05
fast_00_to_00,x1.23,VGS,-1.8095998101405855,1.8714748268154733,24.997500000000002,20.028500000000005
fast_00_to_00,x1.23,VGD,-0.01434389043989443,1.8718694850303284,24.992500000000003,20.026500000000006
fast_00_to_00,x1.23,VDS,-1.8216781007502134,0.0191005048762011,25.112499999999986,20.087499999999995
fast_00_to_00,x1.23,VBS,-1.8211641009701667,0.021716808076765775,25.117499999999986,20.087499999999995
fast_00_to_00,x1.24,VGS,-1.809919191066694,1.87154211628486,24.997500000000002,20.028500000000005
fast_00_to_00,x1.24,VGD,-1.8136464444818257,0.07491602912363504,24.997500000000002,20.026500000000006
fast_00_to_00,x1.24,VDS,-0.02047141442339795,1.818553752728716,25.117499999999986,20.082499999999996
fast_00_to_00,x1.24,VBS,-0.022485230200120165,1.8181957786522205,25.117499999999986,5.0825
fast_00_to_00,x1.25,VGS,-1.846880163224689,-0.04960560155512344,20.025000000000002,5e-05
fast_00_to_00,x1.25,VGD,-0.0053476533800332895,0.008378912586012428,0.0012969337625852763,5.9800000009991584e-05
fast_00_to_00,x1.25,VDS,-1.8453762973325922,-0.057225675874385123,20.025000000000002,5e-05
fast_00_to_00,x1.25,VBS,-1.845290547265665,-0.043331471537504364,20.025000000000002,5e-05
fast_00_to_00,x1.26,VGS,-0.11327826838987773,0.5709276055321117,20.028500000000005,0.14106247500632238
fast_00_to_00,x1.26,VGD,-1.2269689119353924,0.6526275082843654,19.9975,0.12606247500632237
fast_00_to_00,x1.26,VDS,-0.11397215700075466,1.1207104073012917,0.09106247500632236,19.9975
fast_00_to_00,x1.26,VBS,-0.29993238617995677,-0.007468682790225861,0.12106247500632236,5e-05
fast_00_to_00,x1.27,VGS,-0.13239051321664785,1.8732556387046813,0.02106247500632238,20.028500000000005
fast_00_to_00,x1.27,VGD,-1.193268322678154,0.07834041889572929,0.004722003437060591,20.026500000000006
fast_00_to_00,x1.27,VDS,0.18898962202671474,1.8041534410784443,5e-05,25.0025
fast_00_to_00,x1.27,VBS,-0.025571110961701643,1.8037875137348014,5.4200000004282114e-05,25.0025
fast_00_to_00,x1.28,VGS,-0.01370628794422922,1.8042762310076614,0.00013820000008992424,24.992500000000003
fast_00_to_00,x1.28,VGD,0.013765721484521612,1.8117861283658305,5e-05,25.0075
fast_00_to_00,x1.28,VDS,-0.42137077874216433,-8.236602906715114e-05,20.032500000000002,7.452499999999942
fast_00_to_00,x1.28,VBS,-1.2754169315172441,0.022883304792663966,20.017499999999995,25.0025
fast_00_to_00,x2.mp1,VGS,-1.8209992246782658,0.022211910748709096,20.087499999999995,25.117499999999986
fast_00_to_00,x2.mp1,VGD,-1.8196985761791757,1.822169784236665,20.087499999999995,25.117499999999986
fast_00_to_00,x2.mp1,VDS,-1.814182223997642,0.05631469543663492,25.25749999999996,20.16249999999998
fast_00_to_00,x2.mp1,VBS,0.0,0.0,5e-05,5e-05
fast_00_to_00,x2.mn1,VGS,-0.02099922467826587,1.8222119107487091,20.087499999999995,25.117499999999986
fast_00_to_00,x2.mn1,VGD,-1.8196985761791757,1.822169784236665,20.087499999999995,25.117499999999986
fast_00_to_00,x2.mn1,VDS,-0.014182223997641852,1.856314695436635,25.25749999999996,20.16249999999998
fast_00_to_00,x2.mn1,VBS,0.0,0.0,5e-05,5e-05
fast_00_to_00,x2.mp2,VGS,-1.814182223997642,0.05631469543663492,25.25749999999996,20.16249999999998
fast_00_to_00,x2.mp2,VGD,-1.8137727708442974,1.8549466514511774,25.25749999999996,20.16249999999998
fast_00_to_00,x2.mp2,VDS,-1.8202325922988787,0.024912669731201875,20.202499999999972,25.32249999999995
fast_00_to_00,x2.mp2,VBS,0.0,0.0,5e-05,5e-05
fast_00_to_00,x2.mn2,VGS,-0.014182223997641852,1.856314695436635,25.25749999999996,20.16249999999998
fast_00_to_00,x2.mn2,VGD,-1.8137727708442974,1.8549466514511774,25.25749999999996,20.16249999999998
fast_00_to_00,x2.mn2,VDS,-0.020232592298878693,1.824912669731202,20.202499999999972,25.32249999999995
fast_00_to_00,x2.mn2,VBS,0.0,0.0,5e-05,5e-05
fast_00_to_00,x3.mp1,VGS,-1.805958795392413,-0.8442452535469033,25.0075,0.031062475006322383
fast_00_to_00,x3.mp1,VGD,-1.805588264077785,0.04825583892352037,25.0075,0.036062475006322384
fast_00_to_00,x3.mp1,VDS,-1.0746733167423965,0.0006885349481349223,0.00022780000018127585,10.0375
fast_00_to_00,x3.mp1,VBS,0.0,0.0,5e-05,5e-05
fast_00_to_00,x3.mn1,VGS,-0.005958795392413054,0.9557547464530968,25.0075,0.031062475006322383
fast_00_to_00,x3.mn1,VGD,-1.805588264077785,0.04825583892352037,25.0075,0.036062475006322384
fast_00_to_00,x3.mn1,VDS,0.7253266832576036,1.800688534948135,0.00022780000018127585,10.0375
fast_00_to_00,x3.mn1,VBS,0.0,0.0,5e-05,5e-05
fast_00_to_00,x3.mp2,VGS,-1.0746733167423965,0.0006885349481349223,0.00022780000018127585,10.0375
fast_00_to_00,x3.mp2,VGD,0.693346488647621,1.8005145848320943,0.00039646752911122484,10.0375
fast_00_to_00,x3.mp2,VDS,-1.7998750121550942,-1.669324010366166,20.032500000000002,0.07106247500632239
fast_00_to_00,x3.mp2,VBS,0.0,0.0,5e-05,5e-05
fast_00_to_00,x3.mn2,VGS,0.7253266832576036,1.800688534948135,0.00022780000018127585,10.0375
fast_00_to_00,x3.mn2,VGD,0.693346488647621,1.8005145848320943,0.00039646752911122484,10.0375
fast_00_to_00,x3.mn2,VDS,0.00012498784490584512,0.13067598963383417,20.032500000000002,0.07106247500632239
fast_00_to_00,x3.mn2,VBS,0.0,0.0,5e-05,5e-05
fast_00_to_00,x4.mp1,VGS,-1.8043121203782477,-0.829875620631926,25.0075,0.031062475006322383
fast_00_to_00,x4.mp1,VGD,-1.8040172527696543,0.08328090969194302,25.0075,0.036062475006322384
fast_00_to_00,x4.mp1,VDS,-1.074477037512863,0.0004896062136559021,0.00022780000018127585,10.0375
fast_00_to_00,x4.mp1,VBS,0.0,0.0,5e-05,5e-05
fast_00_to_00,x4.mn1,VGS,-0.00431212037824761,0.970124379368074,25.0075,0.031062475006322383
fast_00_to_00,x4.mn1,VGD,-1.8040172527696543,0.08328090969194302,25.0075,0.036062475006322384
fast_00_to_00,x4.mn1,VDS,0.7255229624871371,1.800489606213656,0.00022780000018127585,10.0375
fast_00_to_00,x4.mn1,VBS,0.0,0.0,5e-05,5e-05
fast_00_to_00,x4.mp2,VGS,-1.074477037512863,0.0004896062136559021,0.00022780000018127585,10.0375
fast_00_to_00,x4.mp2,VGD,0.6934034572226566,1.8003233298463615,0.00039646752911122484,10.0375
fast_00_to_00,x4.mp2,VDS,-1.799866171706649,-1.658523349494834,5.0375000000000005,0.07106247500632239
fast_00_to_00,x4.mp2,VBS,0.0,0.0,5e-05,5e-05
fast_00_to_00,x4.mn2,VGS,0.7255229624871371,1.800489606213656,0.00022780000018127585,10.0375
fast_00_to_00,x4.mn2,VGD,0.6934034572226566,1.8003233298463615,0.00039646752911122484,10.0375
fast_00_to_00,x4.mn2,VDS,0.00013382829335088761,0.14147665050516606,5.0375000000000005,0.07106247500632239
fast_00_to_00,x4.mn2,VBS,0.0,0.0,5e-05,5e-05
fast_00_to_00,x5.mp1,VGS,-1.8058317758375177,-0.8269675177986318,10.007500000000006,0.031062475006322383
fast_00_to_00,x5.mp1,VGD,-1.8054678011535619,0.08464785902327876,10.007500000000006,0.036062475006322384
fast_00_to_00,x5.mp1,VDS,-1.0750633726323349,0.0006776834356532202,0.00022780000018127585,25.0375
fast_00_to_00,x5.mp1,VBS,0.0,0.0,5e-05,5e-05
fast_00_to_00,x5.mn1,VGS,-0.005831775837517767,0.9730324822013683,10.007500000000006,0.031062475006322383
fast_00_to_00,x5.mn1,VGD,-1.8054678011535619,0.08464785902327876,10.007500000000006,0.036062475006322384
fast_00_to_00,x5.mn1,VDS,0.7249366273676653,1.8006776834356533,0.00022780000018127585,25.0375
fast_00_to_00,x5.mn1,VBS,0.0,0.0,5e-05,5e-05
fast_00_to_00,x5.mp2,VGS,-1.0750633726323349,0.0006776834356532202,0.00022780000018127585,25.0375
fast_00_to_00,x5.mp2,VGD,0.6927771837144543,1.800503894049358,0.00039646752911122484,25.0375
fast_00_to_00,x5.mp2,VDS,-1.7998749611078144,-1.657401464962661,20.032500000000002,0.07606247500632238
fast_00_to_00,x5.mp2,VBS,0.0,0.0,5e-05,5e-05
fast_00_to_00,x5.mn2,VGS,0.7249366273676653,1.8006776834356533,0.00022780000018127585,25.0375
fast_00_to_00,x5.mn2,VGD,0.6927771837144543,1.800503894049358,0.00039646752911122484,25.0375
fast_00_to_00,x5.mn2,VDS,0.00012503889218564923,0.14259853503733905,20.032500000000002,0.07606247500632238
fast_00_to_00,x5.mn2,VBS,0.0,0.0,5e-05,5e-05
fast_00_to_01,x1.0,VGS,-1.1949218523328595,1.7998668831195475,17.972499999999997,24.975000000000005
fast_00_to_01,x1.0,VGD,-0.009936964403124374,1.7999790352667746,9.340000004424843e-05,21.802499999999668
fast_00_to_01,x1.0,VDS,-1.1948385702088968,0.038351589988109044,17.972499999999997,10.012500000000006
fast_00_to_01,x1.0,VBS,-1.1948215984937613,0.03819645050574488,17.972499999999997,10.012500000000006
fast_00_to_01,x1.1,VGS,-1.8716685385420184,-0.06752742846723392,5.0625,5e-05
fast_00_to_01,x1.1,VGD,-1.1575735789065094,0.49295471727650897,30.000000000000004,0.10106247500632236
fast_00_to_01,x1.1,VDS,-1.8497371592916645,-0.10594909313991206,20.842499999999852,5e-05
fast_00_to_01,x1.1,VBS,-1.8679939369407728,-0.06952994793834666,20.026500000000006,5e-05
fast_00_to_01,x1.2,VGS,-0.1279456454451683,1.8655340217512475,0.02106247500632238,5.0285
fast_00_to_01,x1.2,VGD,-1.183538869869364,0.07043421288594964,0.004722003437060591,5.0285
fast_00_to_01,x1.2,VDS,0.1647842537383906,1.8025583654951869,5e-05,10.002500000000005
fast_00_to_01,x1.2,VBS,-0.03581854901609438,1.8022005210722396,5.4200000004282114e-05,10.002500000000005
fast_00_to_01,x1.3,VGS,-0.5610515697803266,1.7996769027134547,0.12106247500632236,7.0424999999999525
fast_00_to_01,x1.3,VGD,0.04334664693697911,1.799759281197084,5e-05,7.0424999999999525
fast_00_to_01,x1.3,VDS,-1.2307202329420088,0.0001365268241134616,0.17606247500632244,9.978500000000002
fast_00_to_01,x1.3,VBS,-1.874048336713598,0.014790626199700101,5.0285,9.997500000000004
fast_00_to_01,x1.4,VGS,-1.866700203881595,1.8209857540938712,10.25750000000003,25.025000000000002
fast_00_to_01,x1.4,VGD,-0.001418781586155782,1.8021834694596324,0.0020744278915940323,25.0255
fast_00_to_01,x1.4,VDS,-1.866469746788278,0.018805950987386907,10.25750000000003,25.025000000000002
fast_00_to_01,x1.4,VBS,-1.8663984119292996,0.02088137814433092,10.25750000000003,25.025000000000002
fast_00_to_01,x1.5,VGS,-1.809864762928176,1.872010215613962,24.997500000000002,5.032500000000001
fast_00_to_01,x1.5,VGD,-1.8141442312452758,0.07686174053726491,24.997500000000002,5.0265
fast_00_to_01,x1.5,VDS,-0.020325311184673733,1.817458525784714,25.117499999999986,20.077499999999997
fast_00_to_01,x1.5,VBS,-0.022327046546487317,1.8172043494977306,25.117499999999986,20.082499999999996
fast_00_to_01,x1.6,VGS,-0.10986594701796226,1.873804978414117,0.02106247500632238,20.028500000000005
fast_00_to_01,x1.6,VGD,0.07169445302419727,1.8743330730480623,5e-05,20.026500000000006
fast_00_to_01,x1.6,VDS,-0.9546370132159984,0.004065945246722066,0.031062475006322383,25.0125
fast_00_to_01,x1.6,VBS,-0.9594310651684614,0.004619268174162616,0.031062475006322383,25.0125
fast_00_to_01,x1.7,VGS,-0.008349978919777429,1.8357862342699323,0.00013820000008992424,10.272500000000033
fast_00_to_01,x1.7,VGD,0.029079833350499032,1.8426248507523535,5e-05,5.025
fast_00_to_01,x1.7,VDS,-0.7800956251152211,0.016105693307014068,0.10606247500632235,25.022499999999997
fast_00_to_01,x1.7,VBS,-0.7846177270911515,0.018115312805271854,0.10606247500632235,10.022500000000008
fast_00_to_01,x1.8,VGS,-0.8463930849697517,1.8115492745528383,30.000000000000004,10.012500000000006
fast_00_to_01,x1.8,VGD,-1.1656833634118198,1.8125144305875052,30.000000000000004,10.007500000000006
fast_00_to_01,x1.8,VDS,-0.8419984124822709,0.31929027844206814,25.0125,30.000000000000004
fast_00_to_01,x1.8,VBS,-1.1899507160809584,0.03849310414416985,17.972499999999997,10.017500000000007
fast_00_to_01,x1.9,VGS,-1.8015842200040326,0.08588962596013905,10.247500000000029,0.00039646752911122484
fast_00_to_01,x1.9,VGD,-1.8000264872559608,0.002044658376205044,17.972499999999997,20.16749999999998
fast_00_to_01,x1.9,VDS,-0.07929121374979364,1.229165071269114,20.025500000000005,0.0012969337625852763
fast_00_to_01,x1.9,VBS,-0.07863745475075845,1.2582509361612475,20.028500000000005,0.0020744278915940323
fast_00_to_01,x1.10,VGS,-1.8428282248534351,0.11813275135963275,5.025,0.00013820000008992424
fast_00_to_01,x1.10,VGD,-1.8038011448007796,-0.5091302875818342,5.025,5e-05
fast_00_to_01,x1.10,VDS,-0.03902708005265554,1.4533710488047558,5.025,0.0012969337625852763
fast_00_to_01,x1.10,VBS,-0.04244697540890674,1.5199960176230811,5.025,0.0020744278915940323
fast_00_to_01,x1.11,VGS,-0.01570946489364533,1.8356720599891074,0.056062475006322394,10.272500000000033
fast_00_to_01,x1.11,VGD,-1.4953949917305858,0.04597520569184166,0.004722003437060591,5.025
fast_00_to_01,x1.11,VDS,0.5773359893989032,1.8186242643257924,5e-05,25.0175
fast_00_to_01,x1.11,VBS,0.13754360891717432,1.8185823223284865,5e-05,25.0175
fast_00_to_01,x1.12,VGS,-1.800106219842864,1.7996122434085586,25.26249999999996,8.312500000000064
fast_00_to_01,x1.12,VGD,-1.7999859544288135,0.0010755322989806082,30.000000000000004,20.16749999999998
fast_00_to_01,x1.12,VDS,-0.07557580383303097,1.8061174010610115,20.025000000000002,9.987500000000002
fast_00_to_01,x1.12,VBS,-0.07491961736172859,1.8104868641439857,20.028500000000005,9.987500000000002
fast_00_to_01,x1.13,VGS,-1.8782692034483617,-0.06347364218807366,20.0575,5e-05
fast_00_to_01,x1.13,VGD,-1.1895173860809543,0.5039579711332102,17.972499999999997,0.10106247500632236
fast_00_to_01,x1.13,VDS,-1.8540853796067045,-0.09717092425390116,5.9924999999999775,5e-05
fast_00_to_01,x1.13,VBS,-1.8764109407862561,-0.06654366482319843,5.0265,5e-05
fast_00_to_01,x1.14,VGS,-1.861595149649426,1.8230586276679606,10.25750000000003,25.025000000000002
fast_00_to_01,x1.14,VGD,-1.8049554124174667,0.000445300701096496,10.25750000000003,25.025000000000002
fast_00_to_01,x1.14,VDS,-0.056639737231959364,1.822613326966864,10.25750000000003,25.025000000000002
fast_00_to_01,x1.14,VBS,-0.0618648458833595,1.8225702651954876,10.25750000000003,25.025000000000002
fast_00_to_01,x1.15,VGS,-1.8341990650653577,1.8644766659070766,25.18749999999997,10.262500000000031
fast_00_to_01,x1.15,VGD,-0.02303728919910808,1.8662246743554334,25.025000000000002,10.25750000000003
fast_00_to_01,x1.15,VDS,-1.8409612202095569,0.017137951885390128,25.182499999999973,18.0325
fast_00_to_01,x1.15,VBS,-1.8409418267647488,0.019311664837909033,25.182499999999973,18.0325
fast_00_to_01,x1.16,VGS,-1.8314820310275788,1.8642691228612225,25.18749999999997,10.262500000000031
fast_00_to_01,x1.16,VGD,-1.820915055428639,0.0672920042689098,25.025000000000002,10.25750000000003
fast_00_to_01,x1.16,VDS,-0.03592369999461731,1.8169766226491137,25.18749999999997,18.0225
fast_00_to_01,x1.16,VBS,-0.0387878380344564,1.8179662873268871,25.18749999999997,18.0275
fast_00_to_01,x1.17,VGS,-1.8021427670465529,1.7996135771405326,18.24249999999996,23.762499999999296
fast_00_to_01,x1.17,VGD,-1.8000187645797632,0.001664781952799732,17.967499999999998,20.16749999999998
fast_00_to_01,x1.17,VDS,-0.07736398306854242,1.8064738931232849,5.0255,24.987500000000004
fast_00_to_01,x1.17,VBS,-0.07659334356714975,1.8108521214178301,5.0285,24.992500000000003
fast_00_to_01,x1.18,VGS,-1.8095055694920197,1.871939734715847,24.997500000000002,5.0285
fast_00_to_01,x1.18,VGD,-0.01489488925174356,1.8725463663414494,24.992500000000003,5.0265
fast_00_to_01,x1.18,VDS,-1.8209406001636683,0.019060166362657453,25.112499999999986,20.082499999999996
fast_00_to_01,x1.18,VBS,-1.82038239143641,0.021584347957947475,25.117499999999986,20.082499999999996
fast_00_to_01,x1.19,VGS,-0.5530828106258218,1.79968939243805,0.12106247500632236,21.907499999999647
fast_00_to_01,x1.19,VGD,0.0463001112656605,1.7997717108055478,5e-05,21.907499999999647
fast_00_to_01,x1.19,VDS,-1.2358675670780126,0.000297014470958461,0.16106247500632243,24.978500000000004
fast_00_to_01,x1.19,VBS,-1.8744686473696333,0.01540297869180109,5.0255,24.997500000000002
fast_00_to_01,x1.20,VGS,-1.803539101398788,0.07212174255188353,18.29749999999995,0.00039646752911122484
fast_00_to_01,x1.20,VGD,-1.8001215343170074,0.002046464683677307,18.357499999999938,20.16749999999998
fast_00_to_01,x1.20,VDS,-0.07070357257343485,1.2086052109055663,5.0265,0.0012969337625852763
fast_00_to_01,x1.20,VBS,-0.07043675932310278,1.2436741221748968,5.0285,0.0020744278915940323
fast_00_to_01,x1.21,VGS,-0.10891507235191844,1.8656114689349088,0.000699689450202002,5.0285
fast_00_to_01,x1.21,VGD,0.07411147840405508,1.866014159020374,5e-05,5.0265
fast_00_to_01,x1.21,VDS,-0.950891607818541,0.0027088289437944913,0.031062475006322383,10.012500000000006
fast_00_to_01,x1.21,VBS,-0.9563301582799678,0.003143089267969473,0.031062475006322383,10.012500000000006
fast_00_to_01,x1.22,VGS,-1.3809933828028051,1.8061485120025391,18.0275,24.997500000000002
fast_00_to_01,x1.22,VGD,-1.1924097743630493,1.8155893566510726,17.982499999999995,25.0125
fast_00_to_01,x1.22,VDS,-1.3395772505261285,-8.230699105476157e-05,10.012500000000006,22.097499999999613
fast_00_to_01,x1.22,VBS,-1.6746615013075976,0.022994246057049132,18.372499999999935,25.0025
fast_00_to_01,x1.23,VGS,-1.8095922092372583,1.8716550441394748,9.997500000000004,20.032500000000002
fast_00_to_01,x1.23,VGD,-0.014340335204749532,1.8720235132570633,9.992500000000003,20.026500000000006
fast_00_to_01,x1.23,VDS,-1.8216729501127826,0.01903595731714551,10.11250000000001,5.0825
fast_00_to_01,x1.23,VBS,-1.8211585603325897,0.021630544803182834,10.11750000000001,5.0825
fast_00_to_01,x1.24,VGS,-1.8099123406617406,1.8718135714975828,9.997500000000004,20.032500000000002
fast_00_to_01,x1.24,VGD,-1.8136362946557163,0.07505064517902538,9.997500000000004,20.026500000000006
fast_00_to_01,x1.24,VDS,-0.020470758432784786,1.8183646578419141,10.11750000000001,5.0775
fast_00_to_01,x1.24,VBS,-0.022484586241675153,1.8181957786522205,10.11750000000001,5.0825
fast_00_to_01,x1.25,VGS,-1.84645577432179,-0.04960560155512344,5.025,5e-05
fast_00_to_01,x1.25,VGD,-0.0053476533800332895,0.008378912586012428,0.0012969337625852763,5.9800000009991584e-05
fast_00_to_01,x1.25,VDS,-1.844959455302018,-0.057225675874385123,5.025,5e-05
fast_00_to_01,x1.25,VBS,-1.8448821975297347,-0.043331471537504364,5.025,5e-05
fast_00_to_01,x1.26,VGS,-0.1225248891575377,1.8162443405154265,18.0275,25.0175
fast_00_to_01,x1.26,VGD,-1.192402741714991,1.8166982044040842,17.982499999999995,25.0125
fast_00_to_01,x1.26,VDS,-0.2889742978890768,1.0870804063922397,20.032500000000002,17.972499999999997
fast_00_to_01,x1.26,VBS,-1.157717662523646,0.03779788503854354,30.000000000000004,25.0175
fast_00_to_01,x1.27,VGS,-0.13239051321664785,1.8738909625567042,0.02106247500632238,20.032500000000002
fast_00_to_01,x1.27,VGD,-1.193268322678154,0.07884061838836409,0.004722003437060591,20.026500000000006
fast_00_to_01,x1.27,VDS,0.18898962202671474,1.8041495421593663,5e-05,10.002500000000005
fast_00_to_01,x1.27,VBS,-0.025571110961701643,1.8037820731128784,5.4200000004282114e-05,10.002500000000005
fast_00_to_01,x1.28,VGS,-1.3478633869475274,1.8042729740832832,30.000000000000004,9.992500000000003
fast_00_to_01,x1.28,VGD,-1.165683149381005,1.8117777244702051,30.000000000000004,10.007500000000006
fast_00_to_01,x1.28,VDS,-1.3307244739073618,0.05969293750731142,25.0075,18.212499999999967
fast_00_to_01,x1.28,VBS,-1.3480332333254728,0.022876961935765584,30.000000000000004,10.002500000000005
fast_00_to_01,x2.mp1,VGS,-1.8209878019851347,0.022208065674692135,5.0825,10.11750000000001
fast_00_to_01,x2.mp1,VGD,-1.8195628992580473,1.822165916519463,5.0825,10.11750000000001
fast_00_to_01,x2.mp1,VDS,-1.81418087834858,0.0551478412297719,10.25750000000003,5.162499999999997
fast_00_to_01,x2.mp1,VBS,0.0,0.0,5e-05,5e-05
fast_00_to_01,x2.mn1,VGS,-0.020987801985134613,1.8222080656746922,5.0825,10.11750000000001
fast_00_to_01,x2.mn1,VGD,-1.8195628992580473,1.822165916519463,5.0825,10.11750000000001
fast_00_to_01,x2.mn1,VDS,-0.014180878348580006,1.855147841229772,10.25750000000003,5.162499999999997
fast_00_to_01,x2.mn1,VBS,0.0,0.0,5e-05,5e-05
fast_00_to_01,x2.mp2,VGS,-1.81418087834858,0.0551478412297719,10.25750000000003,5.162499999999997
fast_00_to_01,x2.mp2,VGD,-1.8137714926790123,1.8539368636499407,10.25750000000003,5.162499999999997
fast_00_to_01,x2.mp2,VDS,-1.8199725271795761,0.02491251916374604,5.197499999999996,10.32250000000004
fast_00_to_01,x2.mp2,VBS,0.0,0.0,5e-05,5e-05
fast_00_to_01,x2.mn2,VGS,-0.014180878348580006,1.855147841229772,10.25750000000003,5.162499999999997
fast_00_to_01,x2.mn2,VGD,-1.8137714926790123,1.8539368636499407,10.25750000000003,5.162499999999997
fast_00_to_01,x2.mn2,VDS,-0.019972527179576045,1.824912519163746,5.197499999999996,10.32250000000004
fast_00_to_01,x2.mn2,VBS,0.0,0.0,5e-05,5e-05
fast_00_to_01,x3.mp1,VGS,-1.820219571037373,0.021569078387904783,20.082499999999996,25.117499999999986
fast_00_to_01,x3.mp1,VGD,-1.8188088421499105,1.821528891473023,20.082499999999996,25.117499999999986
fast_00_to_01,x3.mp1,VDS,-1.8141356263039214,0.05537758885565358,25.25749999999996,20.15749999999998
fast_00_to_01,x3.mp1,VBS,0.0,0.0,5e-05,5e-05
fast_00_to_01,x3.mn1,VGS,-0.020219571037373003,1.8215690783879048,20.082499999999996,25.117499999999986
fast_00_to_01,x3.mn1,VGD,-1.8188088421499105,1.821528891473023,20.082499999999996,25.117499999999986
fast_00_to_01,x3.mn1,VDS,-0.014135626303921428,1.8553775888556536,25.25749999999996,20.15749999999998
fast_00_to_01,x3.mn1,VBS,0.0,0.0,5e-05,5e-05
fast_00_to_01,x3.mp2,VGS,-1.8141356263039214,0.05537758885565358,25.25749999999996,20.15749999999998
fast_00_to_01,x3.mp2,VGD,-1.8137242181489528,1.853983415808031,25.25749999999996,20.15749999999998
fast_00_to_01,x3.mp2,VDS,-1.8201774051443962,0.024794035555860683,20.197499999999973,25.32249999999995
fast_00_to_01,x3.mp2,VBS,0.0,0.0,5e-05,5e-05
fast_00_to_01,x3.mn2,VGS,-0.014135626303921428,1.8553775888556536,25.25749999999996,20.15749999999998
fast_00_to_01,x3.mn2,VGD,-1.8137242181489528,1.853983415808031,25.25749999999996,20.15749999999998
fast_00_to_01,x3.mn2,VDS,-0.020177405144396185,1.8247940355558607,20.197499999999973,25.32249999999995
fast_00_to_01,x3.mn2,VBS,0.0,0.0,5e-05,5e-05
fast_00_to_01,x4.mp1,VGS,-1.80431083842271,-0.829875620631926,10.007500000000006,0.031062475006322383
fast_00_to_01,x4.mp1,VGD,-1.804016090004531,0.08328090969194302,10.007500000000006,0.036062475006322384
fast_00_to_01,x4.mp1,VDS,-1.074477037512863,0.0005108047689230677,0.00022780000018127585,25.0375
fast_00_to_01,x4.mp1,VBS,0.0,0.0,5e-05,5e-05
fast_00_to_01,x4.mn1,VGS,-0.004310838422710044,0.970124379368074,10.007500000000006,0.031062475006322383
fast_00_to_01,x4.mn1,VGD,-1.804016090004531,0.08328090969194302,10.007500000000006,0.036062475006322384
fast_00_to_01,x4.mn1,VDS,0.7255229624871371,1.8005108047689231,0.00022780000018127585,25.0375
fast_00_to_01,x4.mn1,VBS,0.0,0.0,5e-05,5e-05
fast_00_to_01,x4.mp2,VGS,-1.074477037512863,0.0005108047689230677,0.00022780000018127585,25.0375
fast_00_to_01,x4.mp2,VGD,0.6934034572226566,1.80034448512874,0.00039646752911122484,25.0375
fast_00_to_01,x4.mp2,VDS,-1.7998679752562896,-1.658523349494834,20.037500000000005,0.07106247500632239
fast_00_to_01,x4.mp2,VBS,0.0,0.0,5e-05,5e-05
fast_00_to_01,x4.mn2,VGS,0.7255229624871371,1.8005108047689231,0.00022780000018127585,25.0375
fast_00_to_01,x4.mn2,VGD,0.6934034572226566,1.80034448512874,0.00039646752911122484,25.0375
fast_00_to_01,x4.mn2,VDS,0.00013202474371036056,0.14147665050516606,20.037500000000005,0.07106247500632239
fast_00_to_01,x4.mn2,VBS,0.0,0.0,5e-05,5e-05
fast_00_to_01,x5.mp1,VGS,-1.8059148702721095,-0.8269675177986318,25.0075,0.031062475006322383
fast_00_to_01,x5.mp1,VGD,-1.8055430888510728,0.08464785902327876,25.0075,0.036062475006322384
fast_00_to_01,x5.mp1,VDS,-1.0750633726323349,0.0006772905899348203,0.00022780000018127585,10.0375
fast_00_to_01,x5.mp1,VBS,0.0,0.0,5e-05,5e-05
fast_00_to_01,x5.mn1,VGS,-0.005914870272109429,0.9730324822013683,25.0075,0.031062475006322383
fast_00_to_01,x5.mn1,VGD,-1.8055430888510728,0.08464785902327876,25.0075,0.036062475006322384
fast_00_to_01,x5.mn1,VDS,0.7249366273676653,1.8006772905899349,0.00022780000018127585,10.0375
fast_00_to_01,x5.mn1,VBS,0.0,0.0,5e-05,5e-05
fast_00_to_01,x5.mp2,VGS,-1.0750633726323349,0.0006772905899348203,0.00022780000018127585,10.0375
fast_00_to_01,x5.mp2,VGD,0.6927771837144543,1.8005034969276035,0.00039646752911122484,10.0375
fast_00_to_01,x5.mp2,VDS,-1.799874878715499,-1.657401464962661,5.032500000000001,0.07606247500632238
fast_00_to_01,x5.mp2,VBS,0.0,0.0,5e-05,5e-05
fast_00_to_01,x5.mn2,VGS,0.7249366273676653,1.8006772905899349,0.00022780000018127585,10.0375
fast_00_to_01,x5.mn2,VGD,0.6927771837144543,1.8005034969276035,0.00039646752911122484,10.0375
fast_00_to_01,x5.mn2,VDS,0.00012512128450093213,0.14259853503733905,5.032500000000001,0.07606247500632238
fast_00_to_01,x5.mn2,VBS,0.0,0.0,5e-05,5e-05
fast_00_to_10,x1.0,VGS,-1.1975913028714995,1.7998662847376035,19.974999999999998,24.975000000000005
fast_00_to_10,x1.0,VGD,-0.009936964403124374,1.7999789316563752,9.340000004424843e-05,22.032499999999626
fast_00_to_10,x1.0,VDS,-1.2262534324057288,0.03932544130875825,19.9925,25.0125
fast_00_to_10,x1.0,VBS,-1.2265782213243412,0.0393552864603079,19.9975,25.0125
fast_00_to_10,x1.1,VGS,-1.8716685385420184,0.026811236167078478,5.0625,25.127499999999984
fast_00_to_10,x1.1,VGD,-0.12342054312790018,0.8036198318977522,18.0275,18.282499999999953
fast_00_to_10,x1.1,VDS,-1.7846277426264712,-0.10594909313991206,5.527499999999988,5e-05
fast_00_to_10,x1.1,VBS,-1.8672228945071208,-0.06952994793834666,20.026500000000006,5e-05
fast_00_to_10,x1.2,VGS,-0.1279456454451683,1.8658508892101167,0.02106247500632238,20.028500000000005
fast_00_to_10,x1.2,VGD,-1.183538869869364,0.0706717064636957,0.004722003437060591,20.028500000000005
fast_00_to_10,x1.2,VDS,0.1647842537383906,1.8025583654951869,5e-05,10.002500000000005
fast_00_to_10,x1.2,VBS,-0.03581854901609438,1.8022005210722396,5.4200000004282114e-05,10.002500000000005
fast_00_to_10,x1.3,VGS,-1.8603830477873182,1.7996769027134547,20.082499999999996,7.0424999999999525
fast_00_to_10,x1.3,VGD,-1.1817867771177877,1.799759281197084,19.974999999999998,7.0424999999999525
fast_00_to_10,x1.3,VDS,-1.8515915652647001,0.0001365268241134616,20.972499999999826,9.978500000000002
fast_00_to_10,x1.3,VBS,-1.8744645868557521,0.014790626199700101,20.026500000000006,9.997500000000004
fast_00_to_10,x1.4,VGS,-1.866700203881595,-0.041073013426917465,10.25750000000003,5e-05
fast_00_to_10,x1.4,VGD,-0.001418781586155782,0.009772546405279275,0.0020744278915940323,7.100000002141053e-05
fast_00_to_10,x1.4,VDS,-1.866469746788278,-0.04967922528741353,10.25750000000003,5e-05
fast_00_to_10,x1.4,VBS,-1.8663984119292996,-0.03697644119112045,10.25750000000003,5e-05
fast_00_to_10,x1.5,VGS,-0.11247447378398523,1.872010215613962,0.02106247500632238,5.032500000000001
fast_00_to_10,x1.5,VGD,-1.183166033780219,0.07686174053726491,0.004722003437060591,5.0265
fast_00_to_10,x1.5,VDS,0.2546398911953549,1.804330900039769,5e-05,10.002500000000005
fast_00_to_10,x1.5,VBS,-0.007177273309396881,1.8039992092964456,5.1400000001427375e-05,10.002500000000005
fast_00_to_10,x1.6,VGS,-1.8106824815493234,1.8745592408617664,24.997500000000002,20.028500000000005
fast_00_to_10,x1.6,VGD,-0.01574612244023069,1.875064454146211,24.997500000000002,20.026500000000006
fast_00_to_10,x1.6,VDS,-1.8202333666748118,0.01914749009702222,25.112499999999986,20.087499999999995
fast_00_to_10,x1.6,VBS,-1.8197456453962089,0.021708369892063942,25.117499999999986,20.087499999999995
fast_00_to_10,x1.7,VGS,-1.8190862399271184,1.8357862342699323,25.18749999999997,10.272500000000033
fast_00_to_10,x1.7,VGD,-0.03646433986949617,1.8426248507523535,25.025000000000002,5.025
fast_00_to_10,x1.7,VDS,-1.8351031781659584,0.016036453852289172,20.025000000000002,10.022500000000008
fast_00_to_10,x1.7,VBS,-1.8350730473214265,0.018115312805271854,20.025000000000002,10.022500000000008
fast_00_to_10,x1.8,VGS,-0.008793092404392716,1.8115492745528383,9.340000004424843e-05,10.012500000000006
fast_00_to_10,x1.8,VGD,0.016705894539802937,1.8125144305875052,5e-05,10.007500000000006
fast_00_to_10,x1.8,VDS,-0.44743522513917644,0.030013958478757763,20.032500000000002,4.9975
fast_00_to_10,x1.8,VBS,-1.3274048734958253,0.03849310414416985,18.457499999999918,10.017500000000007
fast_00_to_10,x1.9,VGS,-1.8281043747366879,1.7996127485863815,18.24249999999996,24.975000000000005
fast_00_to_10,x1.9,VGD,-1.8016303750435587,0.0024629392245185677,18.25249999999996,20.172499999999978
fast_00_to_10,x1.9,VDS,-0.08004224857585429,1.806836106814723,20.025500000000005,24.987500000000004
fast_00_to_10,x1.9,VBS,-0.0792081018984061,1.8113220182297196,20.028500000000005,24.992500000000003
fast_00_to_10,x1.10,VGS,-1.8428282248534351,1.8364804658156186,5.025,25.025000000000002
fast_00_to_10,x1.10,VGD,-1.8038011448007796,0.0011082491885483492,5.025,25.025000000000002
fast_00_to_10,x1.10,VDS,-0.03902708005265554,1.8353722166270703,5.025,25.025000000000002
fast_00_to_10,x1.10,VBS,-0.04244697540890674,1.8353242642508603,5.025,25.025000000000002
fast_00_to_10,x1.11,VGS,-1.8175576387251766,1.8356720599891074,25.18749999999997,10.272500000000033
fast_00_to_10,x1.11,VGD,-1.8330882302753926,0.04597520569184166,25.025000000000002,5.025
fast_00_to_10,x1.11,VDS,-0.031748857112115836,1.8185706094509742,20.025000000000002,10.017500000000007
fast_00_to_10,x1.11,VBS,-0.03416983554288211,1.818529132741166,20.025000000000002,10.017500000000007
fast_00_to_10,x1.12,VGS,-1.801262145182515,1.7996122434085586,25.242499999999964,8.312500000000064
fast_00_to_10,x1.12,VGD,-1.8001604718605475,0.001095728107604943,17.972499999999997,20.172499999999978
fast_00_to_10,x1.12,VDS,-0.07504429163602655,1.8061174010610115,20.025000000000002,9.987500000000002
fast_00_to_10,x1.12,VBS,-0.07399139792925968,1.8104868641439857,20.028500000000005,9.987500000000002
fast_00_to_10,x1.13,VGS,-1.8735780931994073,1.7997722356337829,5.0475,24.982500000000005
fast_00_to_10,x1.13,VGD,-1.1999805616143067,1.8006547983887384,18.0275,24.992500000000003
fast_00_to_10,x1.13,VDS,-1.8540853796067045,0.00042612587462358565,5.9924999999999775,24.978500000000004
fast_00_to_10,x1.13,VBS,-1.8777823450548634,0.016071853085378805,20.028500000000005,24.997500000000002
fast_00_to_10,x1.14,VGS,-1.861595149649426,0.16563390441244497,10.25750000000003,0.00013820000008992424
fast_00_to_10,x1.14,VGD,-1.8049554124174667,-0.6071429168470919,10.25750000000003,5e-05
fast_00_to_10,x1.14,VDS,-0.056639737231959364,1.5288668416267353,10.25750000000003,0.0012969337625852763
fast_00_to_10,x1.14,VBS,-0.0618648458833595,1.6001032983263772,10.25750000000003,0.0012969337625852763
fast_00_to_10,x1.15,VGS,-0.09107821407265748,1.8644766659070766,0.08106247500632238,10.262500000000031
fast_00_to_10,x1.15,VGD,0.024071614653099982,1.8662246743554334,5e-05,10.25750000000003
fast_00_to_10,x1.15,VDS,-0.8579293252741087,0.01019771742936708,0.13106247500632237,20.047500000000003
fast_00_to_10,x1.15,VBS,-0.8619230918093228,0.011549710493474925,0.13106247500632237,20.047500000000003
fast_00_to_10,x1.16,VGS,-0.10805734728529459,1.8642691228612225,0.08106247500632238,10.262500000000031
fast_00_to_10,x1.16,VGD,-1.5634613057169302,0.0672920042689098,0.004722003437060591,10.25750000000003
fast_00_to_10,x1.16,VDS,0.7126123189429716,1.8115392962429515,5e-05,20.047500000000003
fast_00_to_10,x1.16,VBS,0.18053618282848422,1.8114149766386383,5e-05,20.047500000000003
fast_00_to_10,x1.17,VGS,-1.8017149178551626,0.09467221208547805,17.972499999999997,0.00022780000018127585
fast_00_to_10,x1.17,VGD,-1.8001984082092584,0.0016792839779855573,17.972499999999997,20.172499999999978
fast_00_to_10,x1.17,VDS,-0.07736398306854242,1.234403505478449,5.0255,0.0012969337625852763
fast_00_to_10,x1.17,VBS,-0.07659334356714975,1.2540266611066908,5.0285,0.0020744278915940323
fast_00_to_10,x1.18,VGS,-0.10395742258916979,1.871939734715847,0.000699689450202002,5.0285
fast_00_to_10,x1.18,VGD,0.07641356249017811,1.8725463663414494,5e-05,5.0265
fast_00_to_10,x1.18,VDS,-0.937962639974172,0.00425785628283998,0.031062475006322383,25.0125
fast_00_to_10,x1.18,VBS,-0.9433726698159673,0.004776030487403514,0.031062475006322383,25.0075
fast_00_to_10,x1.19,VGS,-1.8698639686768712,0.03683497245837919,20.097499999999993,10.272500000000033
fast_00_to_10,x1.19,VGD,-1.2071734858972714,0.7574166037046937,19.974999999999998,0.2660624750063224
fast_00_to_10,x1.19,VDS,-1.2358675670780126,-0.10521825339751945,0.16106247500632243,5e-05
fast_00_to_10,x1.19,VBS,-1.8744686473696333,-0.06784066246131856,5.0255,5e-05
fast_00_to_10,x1.20,VGS,-1.825017765640674,0.07212174255188353,18.19249999999997,0.00039646752911122484
fast_00_to_10,x1.20,VGD,-1.8013536291264434,0.002846242612887906,18.19749999999997,20.172499999999978
fast_00_to_10,x1.20,VDS,-0.07096983869952966,1.2086052109055663,20.026500000000006,0.0012969337625852763
fast_00_to_10,x1.20,VBS,-0.0706605465660255,1.2436741221748968,20.028500000000005,0.0020744278915940323
fast_00_to_10,x1.21,VGS,-0.10891507235191844,1.8659265250306156,0.000699689450202002,20.028500000000005
fast_00_to_10,x1.21,VGD,0.07411147840405508,1.86633761022811,5e-05,20.026500000000006
fast_00_to_10,x1.21,VDS,-0.950891607818541,0.0027088289437944913,0.031062475006322383,10.012500000000006
fast_00_to_10,x1.21,VBS,-0.9563301582799678,0.003143089267969473,0.031062475006322383,10.012500000000006
fast_00_to_10,x1.22,VGS,-1.3683826362769314,0.526287202878587,17.972499999999997,0.12106247500632236
fast_00_to_10,x1.22,VGD,-1.2210967545731952,0.6529446488199055,19.9975,0.12606247500632237
fast_00_to_10,x1.22,VDS,-1.3395772505261285,0.01291836591290041,10.012500000000006,19.9975
fast_00_to_10,x1.22,VBS,-1.3700586433647595,-0.009480647880794599,17.972499999999997,5e-05
fast_00_to_10,x1.23,VGS,-1.8095922092372583,1.870992993375963,9.997500000000004,20.028500000000005
fast_00_to_10,x1.23,VGD,-0.014340335204749532,1.8714683713533304,9.992500000000003,20.026500000000006
fast_00_to_10,x1.23,VDS,-1.8216729501127826,0.01903595731714551,10.11250000000001,5.0825
fast_00_to_10,x1.23,VBS,-1.8211585603325897,0.021630544803182834,10.11750000000001,5.0825
fast_00_to_10,x1.24,VGS,-1.8099123406617406,1.8710672753585293,9.997500000000004,20.028500000000005
fast_00_to_10,x1.24,VGD,-1.8136362946557163,0.0744322871208909,9.997500000000004,20.026500000000006
fast_00_to_10,x1.24,VDS,-0.020470758432784786,1.8183646578419141,10.11750000000001,5.0775
fast_00_to_10,x1.24,VBS,-0.022484586241675153,1.8181957786522205,10.11750000000001,5.0825
fast_00_to_10,x1.25,VGS,-1.84645577432179,1.8331784554353845,5.025,25.025000000000002
fast_00_to_10,x1.25,VGD,-0.0053476533800332895,1.8034818901246583,0.0012969337625852763,25.025000000000002
fast_00_to_10,x1.25,VDS,-1.844959455302018,0.029696565310726165,5.025,25.025000000000002
fast_00_to_10,x1.25,VBS,-1.8448821975297347,0.03298250005833135,5.025,25.025000000000002
fast_00_to_10,x1.26,VGS,-1.3529025590711794,0.5709276055321117,30.000000000000004,0.14106247500632238
fast_00_to_10,x1.26,VGD,-1.2210707145010022,0.6526275082843654,19.9975,0.12606247500632237
fast_00_to_10,x1.26,VDS,-1.330971555321497,1.0850449860150007,25.0125,17.992499999999993
fast_00_to_10,x1.26,VBS,-1.3530494834419522,-0.007468682790225861,30.000000000000004,5e-05
fast_00_to_10,x1.27,VGS,-1.8109770222482688,1.8745959411465627,24.997500000000002,20.028500000000005
fast_00_to_10,x1.27,VGD,-1.8147274043709523,0.07956406923578618,24.997500000000002,20.026500000000006
fast_00_to_10,x1.27,VDS,-0.020379906900873213,1.8174350640951604,25.117499999999986,20.082499999999996
fast_00_to_10,x1.27,VBS,-0.025571110961701643,1.8171261368854938,5.4200000004282114e-05,20.087499999999995
fast_00_to_10,x1.28,VGS,-0.01370628794422922,1.8121704036625006,0.00013820000008992424,25.0125
fast_00_to_10,x1.28,VGD,0.013765721484521612,1.8129733710812757,5e-05,25.0075
fast_00_to_10,x1.28,VDS,-0.38249917865650584,0.08075952641805517,5.032500000000001,18.232499999999963
fast_00_to_10,x1.28,VBS,-1.24821711300982,0.039884039549002256,17.977499999999996,25.0175
fast_00_to_10,x2.mp1,VGS,-1.8209878019851347,0.022208065674692135,5.0825,10.11750000000001
fast_00_to_10,x2.mp1,VGD,-1.8195628992580473,1.822165916519463,5.0825,10.11750000000001
fast_00_to_10,x2.mp1,VDS,-1.81418087834858,0.0551478412297719,10.25750000000003,5.162499999999997
fast_00_to_10,x2.mp1,VBS,0.0,0.0,5e-05,5e-05
fast_00_to_10,x2.mn1,VGS,-0.020987801985134613,1.8222080656746922,5.0825,10.11750000000001
fast_00_to_10,x2.mn1,VGD,-1.8195628992580473,1.822165916519463,5.0825,10.11750000000001
fast_00_to_10,x2.mn1,VDS,-0.014180878348580006,1.855147841229772,10.25750000000003,5.162499999999997
fast_00_to_10,x2.mn1,VBS,0.0,0.0,5e-05,5e-05
fast_00_to_10,x2.mp2,VGS,-1.81418087834858,0.0551478412297719,10.25750000000003,5.162499999999997
fast_00_to_10,x2.mp2,VGD,-1.8137714926790123,1.8539368636499407,10.25750000000003,5.162499999999997
fast_00_to_10,x2.mp2,VDS,-1.8199725271795761,0.02491251916374604,5.197499999999996,10.32250000000004
fast_00_to_10,x2.mp2,VBS,0.0,0.0,5e-05,5e-05
fast_00_to_10,x2.mn2,VGS,-0.014180878348580006,1.855147841229772,10.25750000000003,5.162499999999997
fast_00_to_10,x2.mn2,VGD,-1.8137714926790123,1.8539368636499407,10.25750000000003,5.162499999999997
fast_00_to_10,x2.mn2,VDS,-0.019972527179576045,1.824912519163746,5.197499999999996,10.32250000000004
fast_00_to_10,x2.mn2,VBS,0.0,0.0,5e-05,5e-05
fast_00_to_10,x3.mp1,VGS,-1.805978894443028,-0.8442452535469033,25.0075,0.031062475006322383
fast_00_to_10,x3.mp1,VGD,-1.8056054268809358,0.04825583892352037,25.0075,0.036062475006322384
fast_00_to_10,x3.mp1,VDS,-1.0746733167423965,0.0006885349481349223,0.00022780000018127585,10.0375
fast_00_to_10,x3.mp1,VBS,0.0,0.0,5e-05,5e-05
fast_00_to_10,x3.mn1,VGS,-0.00597889444302793,0.9557547464530968,25.0075,0.031062475006322383
fast_00_to_10,x3.mn1,VGD,-1.8056054268809358,0.04825583892352037,25.0075,0.036062475006322384
fast_00_to_10,x3.mn1,VDS,0.7253266832576036,1.800688534948135,0.00022780000018127585,10.0375
fast_00_to_10,x3.mn1,VBS,0.0,0.0,5e-05,5e-05
fast_00_to_10,x3.mp2,VGS,-1.0746733167423965,0.0006885349481349223,0.00022780000018127585,10.0375
fast_00_to_10,x3.mp2,VGD,0.693346488647621,1.8005145848320943,0.00039646752911122484,10.0375
fast_00_to_10,x3.mp2,VDS,-1.7998749016186537,-1.669324010366166,5.032500000000001,0.07106247500632239
fast_00_to_10,x3.mp2,VBS,0.0,0.0,5e-05,5e-05
fast_00_to_10,x3.mn2,VGS,0.7253266832576036,1.800688534948135,0.00022780000018127585,10.0375
fast_00_to_10,x3.mn2,VGD,0.693346488647621,1.8005145848320943,0.00039646752911122484,10.0375
fast_00_to_10,x3.mn2,VDS,0.00012509838134636185,0.13067598963383417,5.032500000000001,0.07106247500632239
fast_00_to_10,x3.mn2,VBS,0.0,0.0,5e-05,5e-05
fast_00_to_10,x4.mp1,VGS,-1.80431083842271,-0.829875620631926,10.007500000000006,0.031062475006322383
fast_00_to_10,x4.mp1,VGD,-1.804016090004531,0.08328090969194302,10.007500000000006,0.036062475006322384
fast_00_to_10,x4.mp1,VDS,-1.074477037512863,0.0005263188273674224,0.00022780000018127585,25.0375
fast_00_to_10,x4.mp1,VBS,0.0,0.0,5e-05,5e-05
fast_00_to_10,x4.mn1,VGS,-0.004310838422710044,0.970124379368074,10.007500000000006,0.031062475006322383
fast_00_to_10,x4.mn1,VGD,-1.804016090004531,0.08328090969194302,10.007500000000006,0.036062475006322384
fast_00_to_10,x4.mn1,VDS,0.7255229624871371,1.8005263188273675,0.00022780000018127585,25.0375
fast_00_to_10,x4.mn1,VBS,0.0,0.0,5e-05,5e-05
fast_00_to_10,x4.mp2,VGS,-1.074477037512863,0.0005263188273674224,0.00022780000018127585,25.0375
fast_00_to_10,x4.mp2,VGD,0.6934034572226566,1.8003606435208581,0.00039646752911122484,25.0375
fast_00_to_10,x4.mp2,VDS,-1.7998663988317887,-1.658523349494834,20.037500000000005,0.07106247500632239
fast_00_to_10,x4.mp2,VBS,0.0,0.0,5e-05,5e-05
fast_00_to_10,x4.mn2,VGS,0.7255229624871371,1.8005263188273675,0.00022780000018127585,25.0375
fast_00_to_10,x4.mn2,VGD,0.6934034572226566,1.8003606435208581,0.00039646752911122484,25.0375
fast_00_to_10,x4.mn2,VDS,0.00013360116821134748,0.14147665050516606,20.037500000000005,0.07106247500632239
fast_00_to_10,x4.mn2,VBS,0.0,0.0,5e-05,5e-05
fast_00_to_10,x5.mp1,VGS,-1.8202897176270798,0.02095979025475425,20.087499999999995,25.117499999999986
fast_00_to_10,x5.mp1,VGD,-1.818879711718881,1.8209131296299443,20.087499999999995,25.117499999999986
fast_00_to_10,x5.mp1,VDS,-1.814283659992494,0.05530638933900067,25.25749999999996,20.16249999999998
fast_00_to_10,x5.mp1,VBS,0.0,0.0,5e-05,5e-05
fast_00_to_10,x5.mn1,VGS,-0.020289717627079713,1.8209597902547543,20.087499999999995,25.117499999999986
fast_00_to_10,x5.mn1,VGD,-1.818879711718881,1.8209131296299443,20.087499999999995,25.117499999999986
fast_00_to_10,x5.mn1,VDS,-0.014283659992494067,1.8553063893390007,25.25749999999996,20.16249999999998
fast_00_to_10,x5.mn1,VBS,0.0,0.0,5e-05,5e-05
fast_00_to_10,x5.mp2,VGS,-1.814283659992494,0.05530638933900067,25.25749999999996,20.16249999999998
fast_00_to_10,x5.mp2,VGD,-1.8138670594722923,1.8539143701670409,25.25749999999996,20.16249999999998
fast_00_to_10,x5.mp2,VDS,-1.820153516830462,0.024917114955969932,20.202499999999972,25.32249999999995
fast_00_to_10,x5.mp2,VBS,0.0,0.0,5e-05,5e-05
fast_00_to_10,x5.mn2,VGS,-0.014283659992494067,1.8553063893390007,25.25749999999996,20.16249999999998
fast_00_to_10,x5.mn2,VGD,-1.8138670594722923,1.8539143701670409,25.25749999999996,20.16249999999998
fast_00_to_10,x5.mn2,VDS,-0.020153516830461904,1.82491711495597,20.202499999999972,25.32249999999995
fast_00_to_10,x5.mn2,VBS,0.0,0.0,5e-05,5e-05
fast_00_to_11,x1.0,VGS,-1.2066421219343773,1.7998669158794889,19.974999999999998,24.975000000000005
fast_00_to_11,x1.0,VGD,-0.009936964403124374,1.7999795041568574,9.340000004424843e-05,21.237499999999777
fast_00_to_11,x1.0,VDS,-1.2361074822885778,0.038351589988109044,19.9925,10.012500000000006
fast_00_to_11,x1.0,VBS,-1.236520129089829,0.03819645050574488,19.9975,10.012500000000006
fast_00_to_11,x1.1,VGS,-1.8716685385420184,1.7996808944515454,5.0625,21.122499999999796
fast_00_to_11,x1.1,VGD,-0.122171523972123,1.7997631917485015,18.0275,21.117499999999797
fast_00_to_11,x1.1,VDS,-1.7846277426264712,2.6548956456270674e-05,5.527499999999988,24.976500000000005
fast_00_to_11,x1.1,VBS,-1.8682634164774392,0.012995058602732205,20.032500000000002,24.997500000000002
fast_00_to_11,x1.2,VGS,-1.8104507619828196,1.8655340217512475,24.997500000000002,5.0285
fast_00_to_11,x1.2,VGD,-1.8116803600874871,0.07043421288594964,24.997500000000002,5.0285
fast_00_to_11,x1.2,VDS,-0.020012978404912785,1.8158677760956707,25.0475,20.082499999999996
fast_00_to_11,x1.2,VBS,-0.03581854901609438,1.8157450863382163,5.4200000004282114e-05,20.087499999999995
fast_00_to_11,x1.3,VGS,-1.8725534036690281,1.7996769027134547,20.092499999999994,7.0424999999999525
fast_00_to_11,x1.3,VGD,-0.7400096793411269,1.799759281197084,19.974999999999998,7.0424999999999525
fast_00_to_11,x1.3,VDS,-1.2307202329420088,0.0001365268241134616,0.17606247500632244,9.978500000000002
fast_00_to_11,x1.3,VBS,-1.874048336713598,0.014790626199700101,5.0285,9.997500000000004
fast_00_to_11,x1.4,VGS,-1.866700203881595,1.820957848490268,10.25750000000003,25.025000000000002
fast_00_to_11,x1.4,VGD,-0.001418781586155782,1.802175136540108,0.0020744278915940323,25.0255
fast_00_to_11,x1.4,VDS,-1.866469746788278,0.018786532594247986,10.25750000000003,25.025000000000002
fast_00_to_11,x1.4,VBS,-1.8663984119292996,0.02086142516488449,10.25750000000003,25.025000000000002
fast_00_to_11,x1.5,VGS,-0.11247447378398523,1.872010215613962,0.02106247500632238,5.032500000000001
fast_00_to_11,x1.5,VGD,-1.183166033780219,0.07686174053726491,0.004722003437060591,5.0265
fast_00_to_11,x1.5,VDS,0.2546398911953549,1.804330900039769,5e-05,10.002500000000005
fast_00_to_11,x1.5,VBS,-0.007177273309396881,1.8039992092964456,5.1400000001427375e-05,10.002500000000005
fast_00_to_11,x1.6,VGS,-0.10986594701796226,1.8740709631290173,0.02106247500632238,20.028500000000005
fast_00_to_11,x1.6,VGD,0.07169445302419727,1.8745472084139814,5e-05,20.026500000000006
fast_00_to_11,x1.6,VDS,-0.9546370132159984,0.003924605588353021,0.031062475006322383,10.007500000000006
fast_00_to_11,x1.6,VBS,-0.9594310651684614,0.00441908549252004,0.031062475006322383,10.007500000000006
fast_00_to_11,x1.7,VGS,-1.8191845849064558,1.8357862342699323,25.18749999999997,10.272500000000033
fast_00_to_11,x1.7,VGD,-0.036390133191757226,1.8426248507523535,25.025000000000002,5.025
fast_00_to_11,x1.7,VDS,-1.8351359828104887,0.019035398733529666,20.025000000000002,18.0325
fast_00_to_11,x1.7,VBS,-1.8350438466085146,0.021229711316886942,20.025000000000002,18.0275
fast_00_to_11,x1.8,VGS,-1.3521319624202446,1.8115492745528383,30.000000000000004,10.012500000000006
fast_00_to_11,x1.8,VGD,-1.226279116745805,1.8125144305875052,19.9975,10.007500000000006
fast_00_to_11,x1.8,VDS,-1.326760515356721,0.1831036094074967,25.0075,18.23749999999996
fast_00_to_11,x1.8,VBS,-1.3522955170768551,0.03849310414416985,30.000000000000004,10.017500000000007
fast_00_to_11,x1.9,VGS,-1.827625409191952,0.08588962596013905,18.24249999999996,0.00039646752911122484
fast_00_to_11,x1.9,VGD,-1.8014681218009858,0.0024664329201768975,18.277499999999954,20.172499999999978
fast_00_to_11,x1.9,VDS,-0.07950016945491534,1.229165071269114,20.025500000000005,0.0012969337625852763
fast_00_to_11,x1.9,VBS,-0.07877612381785726,1.2582509361612475,20.028500000000005,0.0020744278915940323
fast_00_to_11,x1.10,VGS,-1.8428282248534351,1.8363942662849346,5.025,25.025000000000002
fast_00_to_11,x1.10,VGD,-1.8038011448007796,0.0012548186335277212,5.025,18.177499999999974
fast_00_to_11,x1.10,VDS,-0.03902708005265554,1.8352755903052946,5.025,25.025000000000002
fast_00_to_11,x1.10,VBS,-0.04244697540890674,1.8352279778823593,5.025,25.025000000000002
fast_00_to_11,x1.11,VGS,-1.817672801598476,1.8356720599891074,25.18749999999997,10.272500000000033
fast_00_to_11,x1.11,VGD,-1.832990443763208,0.04597520569184166,25.025000000000002,5.025
fast_00_to_11,x1.11,VDS,-0.03179402334113002,1.8185706094509742,20.025000000000002,10.017500000000007
fast_00_to_11,x1.11,VBS,-0.03421508722577826,1.819048705579609,20.025000000000002,18.0275
fast_00_to_11,x1.12,VGS,-1.8014189378884913,1.7996122434085586,17.972499999999997,8.312500000000064
fast_00_to_11,x1.12,VGD,-1.800199697097263,0.0011119168061883844,17.972499999999997,20.172499999999978
fast_00_to_11,x1.12,VDS,-0.07533739326233713,1.8061174010610115,20.025000000000002,9.987500000000002
fast_00_to_11,x1.12,VBS,-0.07467533784690983,1.8104868641439857,20.028500000000005,9.987500000000002
fast_00_to_11,x1.13,VGS,-1.8735780931994073,0.027440676802594988,5.0475,25.09249999999999
fast_00_to_11,x1.13,VGD,-1.1883496668335012,0.699699048157721,17.977499999999996,18.417499999999926
fast_00_to_11,x1.13,VDS,-1.8540853796067045,-0.09717092425390116,5.9924999999999775,5e-05
fast_00_to_11,x1.13,VBS,-1.8764109407862561,-0.06654366482319843,5.0265,5e-05
fast_00_to_11,x1.14,VGS,-1.861595149649426,1.823028398171801,10.25750000000003,25.025000000000002
fast_00_to_11,x1.14,VGD,-1.8049554124174667,0.0005815889787479378,10.25750000000003,18.182499999999973
fast_00_to_11,x1.14,VDS,-0.056639737231959364,1.82257593488781,10.25750000000003,25.025000000000002
fast_00_to_11,x1.14,VBS,-0.0618648458833595,1.8225316327749077,10.25750000000003,25.025000000000002
fast_00_to_11,x1.15,VGS,-1.8341690539229183,1.8644766659070766,25.18749999999997,10.262500000000031
fast_00_to_11,x1.15,VGD,-0.02301881389327179,1.8662246743554334,25.025000000000002,10.25750000000003
fast_00_to_11,x1.15,VDS,-1.8407551616869322,0.02009683719191295,25.182499999999973,18.0325
fast_00_to_11,x1.15,VBS,-1.840738085403916,0.02250234416608754,25.182499999999973,18.0325
fast_00_to_11,x1.16,VGS,-1.8314685743319181,1.8642691228612225,25.18749999999997,10.262500000000031
fast_00_to_11,x1.16,VGD,-1.8208825376364566,0.0672920042689098,25.025000000000002,10.25750000000003
fast_00_to_11,x1.16,VDS,-0.03572214031826326,1.8193332900452324,25.182499999999973,18.0275
fast_00_to_11,x1.16,VBS,-0.03856590521099523,1.8205477632934568,25.182499999999973,18.0275
fast_00_to_11,x1.17,VGS,-1.8018173705931804,0.09467221208547805,17.972499999999997,0.00022780000018127585
fast_00_to_11,x1.17,VGD,-1.800231901641639,0.0016910913255452353,17.972499999999997,20.172499999999978
fast_00_to_11,x1.17,VDS,-0.07736398306854242,1.234403505478449,5.0255,0.0012969337625852763
fast_00_to_11,x1.17,VBS,-0.07659334356714975,1.2540266611066908,5.0285,0.0020744278915940323
fast_00_to_11,x1.18,VGS,-0.10395742258916979,1.871939734715847,0.000699689450202002,5.0285
fast_00_to_11,x1.18,VGD,0.07641356249017811,1.8725463663414494,5e-05,5.0265
fast_00_to_11,x1.18,VDS,-0.937962639974172,0.00410452700378626,0.031062475006322383,25.0075
fast_00_to_11,x1.18,VBS,-0.9433726698159673,0.004569012885262341,0.031062475006322383,25.0075
fast_00_to_11,x1.19,VGS,-1.8593419994191862,0.03683497245837919,20.0625,10.272500000000033
fast_00_to_11,x1.19,VGD,-1.5321953369724812,0.7574166037046937,18.49249999999991,0.2660624750063224
fast_00_to_11,x1.19,VDS,-1.845596648945881,-0.10521825339751945,20.80749999999986,5e-05
fast_00_to_11,x1.19,VBS,-1.8744686473696333,-0.06784066246131856,5.0255,5e-05
fast_00_to_11,x1.20,VGS,-1.829553610693707,1.7996129382940864,18.212499999999967,24.882499999999084
fast_00_to_11,x1.20,VGD,-1.8013825135418087,0.0030515637891674885,18.217499999999966,20.172499999999978
fast_00_to_11,x1.20,VDS,-0.07070357257343485,1.8045455923286613,5.0265,24.987500000000004
fast_00_to_11,x1.20,VBS,-0.07043675932310278,1.8088813548741443,5.0285,24.987500000000004
fast_00_to_11,x1.21,VGS,-1.8102793369225294,1.8656114689349088,24.997500000000002,5.0285
fast_00_to_11,x1.21,VGD,-0.012832275312421485,1.866014159020374,24.992500000000003,5.0265
fast_00_to_11,x1.21,VDS,-1.8197199481676882,0.017915151653626494,25.0475,20.087499999999995
fast_00_to_11,x1.21,VBS,-1.8187705999961161,0.02026425999553249,25.0475,20.087499999999995
fast_00_to_11,x1.22,VGS,-1.3665084456487806,1.8159226671448223,17.95,25.0175
fast_00_to_11,x1.22,VGD,-1.191704636860591,1.8161073061467068,17.982499999999995,25.0125
fast_00_to_11,x1.22,VDS,-1.3395772505261285,0.018362305848959815,10.012500000000006,25.242499999999964
fast_00_to_11,x1.22,VBS,-1.536400966543868,0.03756915227973321,18.45249999999992,25.0175
fast_00_to_11,x1.23,VGS,-1.8095922092372583,1.8715733424947374,9.997500000000004,20.032500000000002
fast_00_to_11,x1.23,VGD,-0.014340335204749532,1.8718274757576008,9.992500000000003,20.026500000000006
fast_00_to_11,x1.23,VDS,-1.8216729501127826,0.01903595731714551,10.11250000000001,5.0825
fast_00_to_11,x1.23,VBS,-1.8211585603325897,0.021630544803182834,10.11750000000001,5.0825
fast_00_to_11,x1.24,VGS,-1.8099123406617406,1.871733203404401,9.997500000000004,20.032500000000002
fast_00_to_11,x1.24,VGD,-1.8136362946557163,0.07480779428887008,9.997500000000004,20.026500000000006
fast_00_to_11,x1.24,VDS,-0.020470758432784786,1.8183646578419141,10.11750000000001,5.0775
fast_00_to_11,x1.24,VBS,-0.022484586241675153,1.8181957786522205,10.11750000000001,5.0825
fast_00_to_11,x1.25,VGS,-1.84645577432179,1.833099046089752,5.025,25.025000000000002
fast_00_to_11,x1.25,VGD,-0.0053476533800332895,1.803461989671558,0.0012969337625852763,25.025000000000002
fast_00_to_11,x1.25,VDS,-1.844959455302018,0.029637056418194148,5.025,25.025000000000002
fast_00_to_11,x1.25,VBS,-1.8448821975297347,0.032912817531402835,5.025,25.025000000000002
fast_00_to_11,x1.26,VGS,-0.1235427925543839,1.8048998936576726,18.0325,24.997500000000002
fast_00_to_11,x1.26,VGD,-1.1916572419282494,1.814665662359829,17.982499999999995,25.0125
fast_00_to_11,x1.26,VDS,-0.40634067982984057,1.0874011080729864,20.032500000000002,17.977499999999996
fast_00_to_11,x1.26,VBS,-1.2500193968254643,0.021394756756985978,20.012499999999996,25.0025
fast_00_to_11,x1.27,VGS,-0.13239051321664785,1.874099268880138,0.02106247500632238,20.028500000000005
fast_00_to_11,x1.27,VGD,-1.193268322678154,0.07904166368701104,0.004722003437060591,20.026500000000006
fast_00_to_11,x1.27,VDS,0.18898962202671474,1.8041495421593663,5e-05,10.002500000000005
fast_00_to_11,x1.27,VBS,-0.025571110961701643,1.8037820731128784,5.4200000004282114e-05,10.002500000000005
fast_00_to_11,x1.28,VGS,-0.7458373459088964,1.8042729740832832,20.047500000000003,9.992500000000003
fast_00_to_11,x1.28,VGD,-1.226348795703251,1.8117777244702051,19.9975,10.007500000000006
fast_00_to_11,x1.28,VDS,-0.7442758633031175,0.4897189384884144,25.0075,19.9975
fast_00_to_11,x1.28,VBS,-1.2535286011524875,0.022876961935765584,17.972499999999997,10.002500000000005
fast_00_to_11,x2.mp1,VGS,-1.8209878019851347,0.022208065674692135,5.0825,10.11750000000001
fast_00_to_11,x2.mp1,VGD,-1.8195628992580473,1.822165916519463,5.0825,10.11750000000001
fast_00_to_11,x2.mp1,VDS,-1.81418087834858,0.0551478412297719,10.25750000000003,5.162499999999997
fast_00_to_11,x2.mp1,VBS,0.0,0.0,5e-05,5e-05
fast_00_to_11,x2.mn1,VGS,-0.020987801985134613,1.8222080656746922,5.0825,10.11750000000001
fast_00_to_11,x2.mn1,VGD,-1.8195628992580473,1.822165916519463,5.0825,10.11750000000001
fast_00_to_11,x2.mn1,VDS,-0.014180878348580006,1.855147841229772,10.25750000000003,5.162499999999997
fast_00_to_11,x2.mn1,VBS,0.0,0.0,5e-05,5e-05
fast_00_to_11,x2.mp2,VGS,-1.81418087834858,0.0551478412297719,10.25750000000003,5.162499999999997
fast_00_to_11,x2.mp2,VGD,-1.8137714926790123,1.8539368636499407,10.25750000000003,5.162499999999997
fast_00_to_11,x2.mp2,VDS,-1.8199725271795761,0.02491251916374604,5.197499999999996,10.32250000000004
fast_00_to_11,x2.mp2,VBS,0.0,0.0,5e-05,5e-05
fast_00_to_11,x2.mn2,VGS,-0.014180878348580006,1.855147841229772,10.25750000000003,5.162499999999997
fast_00_to_11,x2.mn2,VGD,-1.8137714926790123,1.8539368636499407,10.25750000000003,5.162499999999997
fast_00_to_11,x2.mn2,VDS,-0.019972527179576045,1.824912519163746,5.197499999999996,10.32250000000004
fast_00_to_11,x2.mn2,VBS,0.0,0.0,5e-05,5e-05
fast_00_to_11,x3.mp1,VGS,-1.8058077555819108,-0.8442452535469033,10.002500000000005,0.031062475006322383
fast_00_to_11,x3.mp1,VGD,-1.8054397818489258,0.04825583892352037,10.007500000000006,0.036062475006322384
fast_00_to_11,x3.mp1,VDS,-1.0746733167423965,0.0006909412256310699,0.00022780000018127585,25.0375
fast_00_to_11,x3.mp1,VBS,0.0,0.0,5e-05,5e-05
fast_00_to_11,x3.mn1,VGS,-0.005807755581910699,0.9557547464530968,10.002500000000005,0.031062475006322383
fast_00_to_11,x3.mn1,VGD,-1.8054397818489258,0.04825583892352037,10.007500000000006,0.036062475006322384
fast_00_to_11,x3.mn1,VDS,0.7253266832576036,1.8006909412256311,0.00022780000018127585,25.0375
fast_00_to_11,x3.mn1,VBS,0.0,0.0,5e-05,5e-05
fast_00_to_11,x3.mp2,VGS,-1.0746733167423965,0.0006909412256310699,0.00022780000018127585,25.0375
fast_00_to_11,x3.mp2,VGD,0.693346488647621,1.800516937498773,0.00039646752911122484,25.0375
fast_00_to_11,x3.mp2,VDS,-1.7998760361698636,-1.669324010366166,20.032500000000002,0.07106247500632239
fast_00_to_11,x3.mp2,VBS,0.0,0.0,5e-05,5e-05
fast_00_to_11,x3.mn2,VGS,0.7253266832576036,1.8006909412256311,0.00022780000018127585,25.0375
fast_00_to_11,x3.mn2,VGD,0.693346488647621,1.800516937498773,0.00039646752911122484,25.0375
fast_00_to_11,x3.mn2,VDS,0.00012396383013651388,0.13067598963383417,20.032500000000002,0.07106247500632239
fast_00_to_11,x3.mn2,VBS,0.0,0.0,5e-05,5e-05
fast_00_to_11,x4.mp1,VGS,-1.8189315688266772,0.020477569715253274,20.087499999999995,25.0475
fast_00_to_11,x4.mp1,VGD,-1.8176021649205931,1.8202267246235606,20.092499999999994,25.0475
fast_00_to_11,x4.mp1,VDS,-1.8143047110982746,0.05554681989505572,25.25749999999996,20.16749999999998
fast_00_to_11,x4.mp1,VBS,0.0,0.0,5e-05,5e-05
fast_00_to_11,x4.mn1,VGS,-0.018931568826677087,1.8204775697152533,20.087499999999995,25.0475
fast_00_to_11,x4.mn1,VGD,-1.8176021649205931,1.8202267246235606,20.092499999999994,25.0475
fast_00_to_11,x4.mn1,VDS,-0.014304711098274664,1.8555468198950558,25.25749999999996,20.16749999999998
fast_00_to_11,x4.mn1,VBS,0.0,0.0,5e-05,5e-05
fast_00_to_11,x4.mp2,VGS,-1.8143047110982746,0.05554681989505572,25.25749999999996,20.16749999999998
fast_00_to_11,x4.mp2,VGD,-1.8138886263891951,1.8543070037766172,25.25749999999996,20.16749999999998
fast_00_to_11,x4.mp2,VDS,-1.8200050716345868,0.02494811488840898,20.202499999999972,25.32249999999995
fast_00_to_11,x4.mp2,VBS,0.0,0.0,5e-05,5e-05
fast_00_to_11,x4.mn2,VGS,-0.014304711098274664,1.8555468198950558,25.25749999999996,20.16749999999998
fast_00_to_11,x4.mn2,VGD,-1.8138886263891951,1.8543070037766172,25.25749999999996,20.16749999999998
fast_00_to_11,x4.mn2,VDS,-0.02000507163458684,1.824948114888409,20.202499999999972,25.32249999999995
fast_00_to_11,x4.mn2,VBS,0.0,0.0,5e-05,5e-05
fast_00_to_11,x5.mp1,VGS,-1.8058317758375177,-0.8269675177986318,10.007500000000006,0.031062475006322383
fast_00_to_11,x5.mp1,VGD,-1.8054678011535619,0.08464785902327876,10.007500000000006,0.036062475006322384
fast_00_to_11,x5.mp1,VDS,-1.0750633726323349,0.0007034924171811507,0.00022780000018127585,25.0375
fast_00_to_11,x5.mp1,VBS,0.0,0.0,5e-05,5e-05
fast_00_to_11,x5.mn1,VGS,-0.005831775837517767,0.9730324822013683,10.007500000000006,0.031062475006322383
fast_00_to_11,x5.mn1,VGD,-1.8054678011535619,0.08464785902327876,10.007500000000006,0.036062475006322384
fast_00_to_11,x5.mn1,VDS,0.7249366273676653,1.8007034924171812,0.00022780000018127585,25.0375
fast_00_to_11,x5.mn1,VBS,0.0,0.0,5e-05,5e-05
fast_00_to_11,x5.mp2,VGS,-1.0750633726323349,0.0007034924171811507,0.00022780000018127585,25.0375
fast_00_to_11,x5.mp2,VGD,0.6927771837144543,1.8005301423172044,0.00039646752911122484,25.0375
fast_00_to_11,x5.mp2,VDS,-1.799874878715499,-1.657401464962661,5.032500000000001,0.07606247500632238
fast_00_to_11,x5.mp2,VBS,0.0,0.0,5e-05,5e-05
fast_00_to_11,x5.mn2,VGS,0.7249366273676653,1.8007034924171812,0.00022780000018127585,25.0375
fast_00_to_11,x5.mn2,VGD,0.6927771837144543,1.8005301423172044,0.00039646752911122484,25.0375
fast_00_to_11,x5.mn2,VDS,0.00012512128450093213,0.14259853503733905,5.032500000000001,0.07606247500632238
fast_00_to_11,x5.mn2,VBS,0.0,0.0,5e-05,5e-05
fast_01_to_00,x1.0,VGS,-1.2474705190939444,1.7998673205247142,18.182499999999973,8.5625000000001
fast_01_to_00,x1.0,VGD,-0.010882126508502593,1.7999791926530841,9.340000004424843e-05,6.837499999999957
fast_01_to_00,x1.0,VDS,-1.2472395869721078,0.03834550689419237,18.182499999999973,25.0125
fast_01_to_00,x1.0,VBS,-1.2472204204932467,0.03819060273788901,18.182499999999973,25.0125
fast_01_to_00,x1.1,VGS,-1.8714362365367487,-0.06705782891292653,20.0625,5e-05
fast_01_to_00,x1.1,VGD,-1.1927977231131175,0.5090272942742695,18.13249999999998,0.11099586600933976
fast_01_to_00,x1.1,VDS,-1.8492891533679745,-0.10526773840114795,5.847499999999981,5e-05
fast_01_to_00,x1.1,VBS,-1.867889866565752,-0.06888364936064481,5.0285,5e-05
fast_01_to_00,x1.2,VGS,-0.1280655100933269,1.865554240264931,0.020995866009339795,20.028500000000005
fast_01_to_00,x1.2,VGD,-1.1803837299364246,0.07046827507110254,0.005,20.028500000000005
fast_01_to_00,x1.2,VDS,0.1649152447766798,1.802545026601961,5e-05,25.0025
fast_01_to_00,x1.2,VBS,-0.035871203657050044,1.8021874414577157,5.4200000004282114e-05,25.0025
fast_01_to_00,x1.3,VGS,-0.5608719199716468,1.79969501001528,0.11099586600933976,21.857499999999657
fast_01_to_00,x1.3,VGD,0.04166973083601902,1.7997773419707774,5e-05,21.857499999999657
fast_01_to_00,x1.3,VDS,-1.2566193123359328,0.0001366520063011017,0.13599586600933977,24.978500000000004
fast_01_to_00,x1.3,VBS,-1.8752894896935208,0.01478705088378037,20.028500000000005,24.997500000000002
fast_01_to_00,x1.4,VGS,-1.8667021513225643,1.8209702719963483,25.25749999999996,10.024999999999999
fast_01_to_00,x1.4,VGD,-0.0006478202760456437,1.8155374651097165,20.025500000000005,0.0019109942958392954
fast_01_to_00,x1.4,VDS,-1.8664717280655387,0.021489652525281934,25.25749999999996,17.977499999999996
fast_01_to_00,x1.4,VBS,-1.8664004023110945,0.13083538283384238,25.25749999999996,5e-05
fast_01_to_00,x1.5,VGS,-1.809869059711277,1.8712992651657052,9.997500000000004,20.028500000000005
fast_01_to_00,x1.5,VGD,-1.8141504103729997,0.07622505088121856,9.997500000000004,20.026500000000006
fast_01_to_00,x1.5,VDS,-0.020328133244489344,1.817337737215561,10.11750000000001,5.0825
fast_01_to_00,x1.5,VBS,-0.02233013199654099,1.8171667440898014,10.11750000000001,5.0825
fast_01_to_00,x1.6,VGS,-0.10973035590422464,1.8737562221394577,0.020995866009339795,5.0285
fast_01_to_00,x1.6,VGD,0.07095909535363093,1.874253507587425,5e-05,5.0265
fast_01_to_00,x1.6,VDS,-0.9541174900103223,0.0040631390916020405,0.030995866009339793,10.012500000000006
fast_01_to_00,x1.6,VBS,-0.9589578686964801,0.004614108625254008,0.030995866009339793,10.012500000000006
fast_01_to_00,x1.7,VGS,-0.007729546003576823,1.8359304006039165,0.00013820000008992424,25.272499999999958
fast_01_to_00,x1.7,VGD,0.028332864072025107,1.842721353228149,5e-05,5.025
fast_01_to_00,x1.7,VDS,-0.785296621189893,0.016101728093148186,0.10599586600933976,10.022500000000008
fast_01_to_00,x1.7,VBS,-0.7898331679508056,0.018119756269397613,0.11099586600933976,25.022499999999997
fast_01_to_00,x1.8,VGS,-0.1852294033611867,1.811542362718219,17.977499999999996,25.0125
fast_01_to_00,x1.8,VGD,-1.2121007318419978,1.8125069365331172,17.977499999999996,25.0075
fast_01_to_00,x1.8,VDS,-0.2735930100619236,1.0268713284808113,20.032500000000002,17.977499999999996
fast_01_to_00,x1.8,VBS,-1.158429408379798,0.03848863796676849,30.000000000000004,25.0175
fast_01_to_00,x1.9,VGS,-1.80159220064365,0.08642713290591864,25.247499999999963,0.00038402202621941816
fast_01_to_00,x1.9,VGD,-1.8000145526915212,0.0020459835419297523,18.602499999999893,5.167499999999997
fast_01_to_00,x1.9,VDS,-0.0792289878789294,1.2242385174012438,5.0255,0.0012564634936418986
fast_01_to_00,x1.9,VBS,-0.07856066648996429,1.2458770247433701,5.0285,0.0019109942958392954
fast_01_to_00,x1.10,VGS,-1.8429287469069453,0.1175506351351292,5.025,0.00013820000008992424
fast_01_to_00,x1.10,VGD,-1.8038007716300384,-0.5095532123004216,5.025,5e-05
fast_01_to_00,x1.10,VDS,-0.03912797527690692,1.449451701150588,5.025,0.0012564634936418986
fast_01_to_00,x1.10,VBS,-0.04255225430959375,1.5156582384503918,5.025,0.0019109942958392954
fast_01_to_00,x1.11,VGS,-0.020872360168987636,1.835816063972867,0.0609958660093398,25.272499999999958
fast_01_to_00,x1.11,VGD,-1.495208841398577,0.04608789395499624,0.00443140210474331,5.025
fast_01_to_00,x1.11,VDS,0.577389749426655,1.8186270800787196,5e-05,10.017500000000007
fast_01_to_00,x1.11,VBS,0.1372947449248756,1.8185851048204515,5e-05,10.017500000000007
fast_01_to_00,x1.12,VGS,-1.801255931887311,1.7996115964369899,18.12249999999998,24.467499999999163
fast_01_to_00,x1.12,VGD,-1.7999945085079678,0.0010763870344017157,18.12249999999998,5.167499999999997
fast_01_to_00,x1.12,VDS,-0.0761557997654374,1.80611438223839,5.025,24.987500000000004
fast_01_to_00,x1.12,VBS,-0.0755356452021656,1.810483837368878,5.0285,24.987500000000004
fast_01_to_00,x1.13,VGS,-1.878379074271973,-0.06223311968238884,5.0575,5e-05
fast_01_to_00,x1.13,VGD,-1.1582840760778423,0.6015406859234529,30.000000000000004,0.10599586600933976
fast_01_to_00,x1.13,VDS,-1.8547992032910958,-0.0942504913581278,20.987499999999823,5e-05
fast_01_to_00,x1.13,VBS,-1.876603818504728,-0.06512718389591936,20.026500000000006,5e-05
fast_01_to_00,x1.14,VGS,-1.8615969264862968,1.8230415316682784,25.25749999999996,10.024999999999999
fast_01_to_00,x1.14,VGD,-1.8049555186547528,0.23523194716808526,25.25749999999996,0.00022780000018127585
fast_01_to_00,x1.14,VDS,-0.05664140783154403,1.8225982790054205,25.25749999999996,10.024999999999999
fast_01_to_00,x1.14,VBS,-0.06186666028128007,1.8225555888367102,25.25749999999996,10.024999999999999
fast_01_to_00,x1.15,VGS,-1.834244220354929,1.864472814698923,10.187500000000021,25.26249999999996
fast_01_to_00,x1.15,VGD,-0.023018514517567736,1.8662259433957458,10.024999999999999,25.25749999999996
fast_01_to_00,x1.15,VDS,-1.840962559308731,0.00936054821543885,10.18250000000002,20.047500000000003
fast_01_to_00,x1.15,VBS,-1.840943103779359,0.01060979793438011,10.18250000000002,20.047500000000003
fast_01_to_00,x1.16,VGS,-1.8315272117259236,1.8642646951146244,10.187500000000021,25.26249999999996
fast_01_to_00,x1.16,VGD,-1.822367919583001,0.06729399359660881,17.977499999999996,25.25749999999996
fast_01_to_00,x1.16,VDS,-0.03592455369895875,1.810750051312745,10.187500000000021,25.0125
fast_01_to_00,x1.16,VBS,-0.03878885618375638,1.8107018319254216,10.187500000000021,25.0125
fast_01_to_00,x1.17,VGS,-1.8004960425288228,1.79961403076916,25.25749999999996,7.622499999999966
fast_01_to_00,x1.17,VGD,-1.7999825747925466,0.0016646506060753463,30.000000000000004,5.167499999999997
fast_01_to_00,x1.17,VDS,-0.07672683304247085,1.8064765527715116,20.025500000000005,9.987500000000002
fast_01_to_00,x1.17,VBS,-0.07593112886482434,1.8108563930022188,20.028500000000005,9.992500000000003
fast_01_to_00,x1.18,VGS,-1.8095103265385337,1.8712609678403866,9.997500000000004,20.028500000000005
fast_01_to_00,x1.18,VGD,-0.014895422179328498,1.8719223348591298,9.992500000000003,20.026500000000006
fast_01_to_00,x1.18,VDS,-1.8209458371247262,0.01893767703747467,10.11250000000001,5.0825
fast_01_to_00,x1.18,VBS,-1.8203876373871148,0.021438459012737533,10.11750000000001,5.0825
fast_01_to_00,x1.19,VGS,-0.5676187930232509,1.799674293425136,0.12099586600933974,7.10249999999995
fast_01_to_00,x1.19,VGD,0.04616226133640447,1.7997566727913683,5e-05,7.10249999999995
fast_01_to_00,x1.19,VDS,-1.260085162290156,0.0002969191895990579,0.16599586600933983,9.978500000000002
fast_01_to_00,x1.19,VBS,-1.873914615448654,0.015404406456020177,5.0265,9.997500000000004
fast_01_to_00,x1.20,VGS,-1.8005239348120992,0.072939610361555,10.242500000000028,0.00038402202621941816
fast_01_to_00,x1.20,VGD,-1.7999823411141214,0.00204779041294878,17.95,5.167499999999997
fast_01_to_00,x1.20,VDS,-0.07073406918966607,1.207876306760352,20.026500000000006,0.0019109942958392954
fast_01_to_00,x1.20,VBS,-0.07047216255581712,1.2302931719618666,20.028500000000005,0.0019109942958392954
fast_01_to_00,x1.21,VGS,-0.10884029876726153,1.8656346793986744,0.0006939902035956141,20.028500000000005
fast_01_to_00,x1.21,VGD,0.07328222884528636,1.8660542285664463,5e-05,20.026500000000006
fast_01_to_00,x1.21,VDS,-0.9510619568258751,0.002711140552394055,0.030995866009339793,25.0125
fast_01_to_00,x1.21,VBS,-0.9564392786706644,0.0031476339455708707,0.030995866009339793,25.0125
fast_01_to_00,x1.22,VGS,-1.3526491052690202,1.8061526937893708,30.000000000000004,9.997500000000004
fast_01_to_00,x1.22,VGD,-1.1663766798523296,1.8155952653107228,30.000000000000004,10.012500000000006
fast_01_to_00,x1.22,VDS,-1.3285266547937171,0.06646078600243022,25.0125,18.327499999999944
fast_01_to_00,x1.22,VBS,-1.3527998469205584,0.02299504324629481,30.000000000000004,10.002500000000005
fast_01_to_00,x1.23,VGS,-1.8095851777259302,1.8723248765219838,24.997500000000002,5.032500000000001
fast_01_to_00,x1.23,VGD,-0.014338732147236142,1.872598725357309,24.992500000000003,5.0265
fast_01_to_00,x1.23,VDS,-1.8216636083112707,0.019246376217473583,25.112499999999986,20.082499999999996
fast_01_to_00,x1.23,VBS,-1.8211489497170896,0.02187622321456088,25.117499999999986,20.082499999999996
fast_01_to_00,x1.24,VGS,-1.8099062829497041,1.8724848676924966,24.997500000000002,5.032500000000001
fast_01_to_00,x1.24,VGD,-1.81362640401411,0.0756362547856515,24.997500000000002,5.0265
fast_01_to_00,x1.24,VDS,-0.020466255282177936,1.8186581719444455,25.117499999999986,20.077499999999997
fast_01_to_00,x1.24,VBS,-0.022479770314900227,1.8183599571226743,25.117499999999986,20.082499999999996
fast_01_to_00,x1.25,VGS,-1.8465702968004458,-0.04940968745368035,5.025,5e-05
fast_01_to_00,x1.25,VGD,-0.005787216396716664,0.007076856121169067,0.0012564634936418986,5.9800000009991584e-05
fast_01_to_00,x1.25,VDS,-1.8450653029581876,-0.055908736007902055,5.025,5e-05
fast_01_to_00,x1.25,VBS,-1.8449922031891515,-0.04218132587299504,5.025,5e-05
fast_01_to_00,x1.26,VGS,-0.8567996746544827,1.816249275029644,20.028500000000005,10.017500000000007
fast_01_to_00,x1.26,VGD,-1.1663764747111534,1.8167036180866385,30.000000000000004,10.012500000000006
fast_01_to_00,x1.26,VDS,-0.8494308793129214,0.3141515243061017,25.0125,30.000000000000004
fast_01_to_00,x1.26,VBS,-1.1942640820342905,0.037797334874512596,18.12749999999998,10.017500000000007
fast_01_to_00,x1.27,VGS,-0.13233439294675098,1.8738314174619144,0.020995866009339795,5.032500000000001
fast_01_to_00,x1.27,VGD,-1.1897416523262456,0.07877671125497843,0.005,5.0265
fast_01_to_00,x1.27,VDS,0.18898250585536824,1.8041409220509206,5e-05,25.0025
fast_01_to_00,x1.27,VBS,-0.025756981342861307,1.8037723077854961,5.4200000004282114e-05,25.0025
fast_01_to_00,x1.28,VGS,-1.3811566536691573,1.8042694278277032,17.977499999999996,24.992500000000003
fast_01_to_00,x1.28,VGD,-1.2121012648284153,1.811769852293136,17.977499999999996,25.0075
fast_01_to_00,x1.28,VDS,-1.3426965953207852,0.01366356154325793,10.007500000000006,0.12099586600933974
fast_01_to_00,x1.28,VBS,-1.6680856462387954,0.022872764759595914,18.592499999999895,25.0025
fast_01_to_00,x2.mp1,VGS,-1.8212184492663233,0.02219984125103247,20.082499999999996,25.117499999999986
fast_01_to_00,x2.mp1,VGD,-1.8198126218236101,1.8221576992485367,20.082499999999996,25.117499999999986
fast_01_to_00,x2.mp1,VDS,-1.8141797619816582,0.05547515695683569,25.25749999999996,20.15749999999998
fast_01_to_00,x2.mp1,VBS,0.0,0.0,5e-05,5e-05
fast_01_to_00,x2.mn1,VGS,-0.021218449266323103,1.8221998412510325,20.082499999999996,25.117499999999986
fast_01_to_00,x2.mn1,VGD,-1.8198126218236101,1.8221576992485367,20.082499999999996,25.117499999999986
fast_01_to_00,x2.mn1,VDS,-0.014179761981658212,1.8554751569568357,25.25749999999996,20.15749999999998
fast_01_to_00,x2.mn1,VBS,0.0,0.0,5e-05,5e-05
fast_01_to_00,x2.mp2,VGS,-1.8141797619816582,0.05547515695683569,25.25749999999996,20.15749999999998
fast_01_to_00,x2.mp2,VGD,-1.8137703725619245,1.8540811939202737,25.25749999999996,20.15749999999998
fast_01_to_00,x2.mp2,VDS,-1.820190597748884,0.02491219464077199,20.197499999999973,25.32249999999995
fast_01_to_00,x2.mp2,VBS,0.0,0.0,5e-05,5e-05
fast_01_to_00,x2.mn2,VGS,-0.014179761981658212,1.8554751569568357,25.25749999999996,20.15749999999998
fast_01_to_00,x2.mn2,VGD,-1.8137703725619245,1.8540811939202737,25.25749999999996,20.15749999999998
fast_01_to_00,x2.mn2,VDS,-0.020190597748883782,1.824912194640772,20.197499999999973,25.32249999999995
fast_01_to_00,x2.mn2,VBS,0.0,0.0,5e-05,5e-05
fast_01_to_00,x3.mp1,VGS,-1.8201024978923708,0.02157395138557261,5.0825,10.11750000000001
fast_01_to_00,x3.mp1,VGD,-1.8186670658507054,1.8215337056113343,5.0874999999999995,10.11750000000001
fast_01_to_00,x3.mp1,VDS,-1.8141372223952026,0.05546255241893827,10.25750000000003,5.162499999999997
fast_01_to_00,x3.mp1,VBS,0.0,0.0,5e-05,5e-05
fast_01_to_00,x3.mn1,VGS,-0.020102497892370726,1.8215739513855727,5.0825,10.11750000000001
fast_01_to_00,x3.mn1,VGD,-1.8186670658507054,1.8215337056113343,5.0874999999999995,10.11750000000001
fast_01_to_00,x3.mn1,VDS,-0.014137222395202459,1.8554625524189383,10.25750000000003,5.162499999999997
fast_01_to_00,x3.mn1,VBS,0.0,0.0,5e-05,5e-05
fast_01_to_00,x3.mp2,VGS,-1.8141372223952026,0.05546255241893827,10.25750000000003,5.162499999999997
fast_01_to_00,x3.mp2,VGD,-1.8137257966290061,1.854226465926006,10.25750000000003,5.162499999999997
fast_01_to_00,x3.mp2,VDS,-1.8198816857894282,0.02479738438094259,5.197499999999996,10.32250000000004
fast_01_to_00,x3.mp2,VBS,0.0,0.0,5e-05,5e-05
fast_01_to_00,x3.mn2,VGS,-0.014137222395202459,1.8554625524189383,10.25750000000003,5.162499999999997
fast_01_to_00,x3.mn2,VGD,-1.8137257966290061,1.854226465926006,10.25750000000003,5.162499999999997
fast_01_to_00,x3.mn2,VDS,-0.019881685789428068,1.8247973843809426,5.197499999999996,10.32250000000004
fast_01_to_00,x3.mn2,VBS,0.0,0.0,5e-05,5e-05
fast_01_to_00,x4.mp1,VGS,-1.804307222059966,-0.8298420871787648,25.0075,0.030995866009339793
fast_01_to_00,x4.mp1,VGD,-1.804012705947731,0.08297039911070625,25.0075,0.035995866009339794
fast_01_to_00,x4.mp1,VDS,-1.0744369767761965,0.0005111939478408267,0.00022780000018127585,10.0375
fast_01_to_00,x4.mp1,VBS,0.0,0.0,5e-05,5e-05
fast_01_to_00,x4.mn1,VGS,-0.004307222059966036,0.9701579128212352,25.0075,0.030995866009339793
fast_01_to_00,x4.mn1,VGD,-1.804012705947731,0.08297039911070625,25.0075,0.035995866009339794
fast_01_to_00,x4.mn1,VDS,0.7255630232238035,1.8005111939478409,0.00022780000018127585,10.0375
fast_01_to_00,x4.mn1,VBS,0.0,0.0,5e-05,5e-05
fast_01_to_00,x4.mp2,VGS,-1.0744369767761965,0.0005111939478408267,0.00022780000018127585,10.0375
fast_01_to_00,x4.mp2,VGD,0.693167410898765,1.8003448678121665,0.00038402202621941816,10.0375
fast_01_to_00,x4.mp2,VDS,-1.7998679947110259,-1.6585473071409054,5.0375000000000005,0.0709958660093398
fast_01_to_00,x4.mp2,VBS,0.0,0.0,5e-05,5e-05
fast_01_to_00,x4.mn2,VGS,0.7255630232238035,1.8005111939478409,0.00022780000018127585,10.0375
fast_01_to_00,x4.mn2,VGD,0.693167410898765,1.8003448678121665,0.00038402202621941816,10.0375
fast_01_to_00,x4.mn2,VDS,0.00013200528897413686,0.14145269285909476,5.0375000000000005,0.0709958660093398
fast_01_to_00,x4.mn2,VBS,0.0,0.0,5e-05,5e-05
fast_01_to_00,x5.mp1,VGS,-1.8059162239380684,-0.8276951559076785,10.007500000000006,0.030995866009339793
fast_01_to_00,x5.mp1,VGD,-1.8055443784780738,0.08321929907730585,10.007500000000006,0.0409958660093398
fast_01_to_00,x5.mp1,VDS,-1.074985804630845,0.000676765582889205,0.00022780000018127585,25.0375
fast_01_to_00,x5.mp1,VBS,0.0,0.0,5e-05,5e-05
fast_01_to_00,x5.mn1,VGS,-0.005916223938068264,0.9723048440923215,10.007500000000006,0.030995866009339793
fast_01_to_00,x5.mn1,VGD,-1.8055443784780738,0.08321929907730585,10.007500000000006,0.0409958660093398
fast_01_to_00,x5.mn1,VDS,0.7250141953691551,1.8006767655828892,0.00022780000018127585,25.0375
fast_01_to_00,x5.mn1,VBS,0.0,0.0,5e-05,5e-05
fast_01_to_00,x5.mp2,VGS,-1.074985804630845,0.000676765582889205,0.00022780000018127585,25.0375
fast_01_to_00,x5.mp2,VGD,0.6925905966461446,1.80050297875583,0.00038402202621941816,25.0375
fast_01_to_00,x5.mp2,VDS,-1.7998747973547538,-1.657749851956623,20.032500000000002,0.07599586600933979
fast_01_to_00,x5.mp2,VBS,0.0,0.0,5e-05,5e-05
fast_01_to_00,x5.mn2,VGS,0.7250141953691551,1.8006767655828892,0.00022780000018127585,25.0375
fast_01_to_00,x5.mn2,VGD,0.6925905966461446,1.80050297875583,0.00038402202621941816,25.0375
fast_01_to_00,x5.mn2,VDS,0.00012520264524629442,0.14225014804337704,20.032500000000002,0.07599586600933979
fast_01_to_00,x5.mn2,VBS,0.0,0.0,5e-05,5e-05
fast_01_to_01,x1.0,VGS,-1.2031069624502184,1.7998678729411568,19.974999999999998,22.252499999999582
fast_01_to_01,x1.0,VGD,-0.010882126508502593,1.799979301830905,9.340000004424843e-05,21.89749999999965
fast_01_to_01,x1.0,VDS,-1.2317918020059466,0.03816501920343755,19.9925,25.0125
fast_01_to_01,x1.0,VBS,-1.2321117969655635,0.038074789192373726,19.9975,25.0125
fast_01_to_01,x1.1,VGS,-1.866982334974622,-0.06705782891292653,20.047500000000003,5e-05
fast_01_to_01,x1.1,VGD,-1.1950913926504392,0.5090272942742695,19.974999999999998,0.11099586600933976
fast_01_to_01,x1.1,VDS,-1.8492891533679745,-0.10526773840114795,5.847499999999981,5e-05
fast_01_to_01,x1.1,VBS,-1.867889866565752,-0.06888364936064481,5.0285,5e-05
fast_01_to_01,x1.2,VGS,-0.1280655100933269,1.8651069290550484,0.020995866009339795,20.028500000000005
fast_01_to_01,x1.2,VGD,-1.1803837299364246,0.06998035619150245,0.005,20.026500000000006
fast_01_to_01,x1.2,VDS,0.1649152447766798,1.802234818407893,5e-05,10.002500000000005
fast_01_to_01,x1.2,VBS,-0.035871203657050044,1.8019172735281415,5.4200000004282114e-05,25.0025
fast_01_to_01,x1.3,VGS,-0.5608719199716468,0.036148155614574407,0.11099586600933976,10.282500000000034
fast_01_to_01,x1.3,VGD,0.04166973083601902,0.7277481155457257,5e-05,0.3109958660093397
fast_01_to_01,x1.3,VDS,-1.2566193123359328,-0.10104709457003341,0.13599586600933977,5e-05
fast_01_to_01,x1.3,VBS,-1.8745972332641607,-0.06973192106776202,20.025500000000005,5e-05
fast_01_to_01,x1.4,VGS,0.48831882326088943,1.82098485685899,5e-05,25.025000000000002
fast_01_to_01,x1.4,VGD,0.5433700373692099,1.8155374651097165,5e-05,0.0019109942958392954
fast_01_to_01,x1.4,VDS,-0.22168412751478755,0.018803877443590137,0.0029870668465880462,25.025000000000002
fast_01_to_01,x1.4,VBS,-0.2720469446259394,0.13083538283384238,0.0012564634936418986,5e-05
fast_01_to_01,x1.5,VGS,-1.8098745131545657,1.8712670883850604,24.997500000000002,20.028500000000005
fast_01_to_01,x1.5,VGD,-1.8141579145744502,0.07607423838304594,24.997500000000002,20.026500000000006
fast_01_to_01,x1.5,VDS,-0.020328928319914175,1.817517636475071,25.117499999999986,20.082499999999996
fast_01_to_01,x1.5,VBS,-0.022331026387104158,1.8171667440898014,25.117499999999986,5.0825
fast_01_to_01,x1.6,VGS,-0.10973035590422464,1.8737562221394577,0.020995866009339795,5.0285
fast_01_to_01,x1.6,VGD,0.07095909535363093,1.874253507587425,5e-05,5.0265
fast_01_to_01,x1.6,VDS,-0.9541174900103223,0.0040631390916020405,0.030995866009339793,10.012500000000006
fast_01_to_01,x1.6,VBS,-0.9589578686964801,0.004614108625254008,0.030995866009339793,10.012500000000006
fast_01_to_01,x1.7,VGS,-0.007729546003576823,1.8347322709690301,0.00013820000008992424,10.282500000000034
fast_01_to_01,x1.7,VGD,0.028332864072025107,1.84303970448985,5e-05,20.025000000000002
fast_01_to_01,x1.7,VDS,-0.785296621189893,0.016102632242641874,0.10599586600933976,25.022499999999997
fast_01_to_01,x1.7,VBS,-0.7898331679508056,0.01788993151921692,0.11099586600933976,10.022500000000008
fast_01_to_01,x1.8,VGS,-0.16661878447107287,0.15384000061915074,19.974999999999998,0.00443140210474331
fast_01_to_01,x1.8,VGD,-1.2220873843799778,0.2006600630458158,19.9975,0.00443140210474331
fast_01_to_01,x1.8,VDS,-0.1636219479628258,1.0594400722474104,10.012500000000006,19.9975
fast_01_to_01,x1.8,VBS,-0.2063672433615364,-0.00792832910297045,0.13599586600933977,5e-05
fast_01_to_01,x1.9,VGS,-1.8000057364516735,0.08642713290591864,25.817499999999853,0.00038402202621941816
fast_01_to_01,x1.9,VGD,-1.799984022344102,0.0020459835419297523,19.974999999999998,5.167499999999997
fast_01_to_01,x1.9,VDS,-0.0792289878789294,1.2242385174012438,5.0255,0.0012564634936418986
fast_01_to_01,x1.9,VBS,-0.07856066648996429,1.2458770247433701,5.0285,0.0019109942958392954
fast_01_to_01,x1.10,VGS,-1.8432612356511844,0.1175506351351292,20.025000000000002,0.00013820000008992424
fast_01_to_01,x1.10,VGD,-1.8038205428264527,-0.5095532123004216,20.025000000000002,5e-05
fast_01_to_01,x1.10,VDS,-0.03944069282473173,1.449451701150588,20.025000000000002,0.0012564634936418986
fast_01_to_01,x1.10,VBS,-0.04288081847988967,1.5156582384503918,20.025000000000002,0.0019109942958392954
fast_01_to_01,x1.11,VGS,-0.020872360168987636,1.834628477865021,0.0609958660093398,10.282500000000034
fast_01_to_01,x1.11,VGD,-1.495208841398577,0.04644231048108671,0.00443140210474331,20.025000000000002
fast_01_to_01,x1.11,VDS,0.577389749426655,1.8186361520994185,5e-05,25.0175
fast_01_to_01,x1.11,VBS,0.1372947449248756,1.8185942292748092,5e-05,25.0175
fast_01_to_01,x1.12,VGS,-1.8005123075567755,0.11199189363853645,25.242499999999964,0.00022780000018127585
fast_01_to_01,x1.12,VGD,-1.7999887763327418,0.001076584125797364,30.000000000000004,20.16749999999998
fast_01_to_01,x1.12,VDS,-0.07637498739709381,1.247290828246359,20.025000000000002,0.0012564634936418986
fast_01_to_01,x1.12,VBS,-0.0757712816284557,1.2529920262769905,20.028500000000005,0.0019109942958392954
fast_01_to_01,x1.13,VGS,-1.8785853648383963,-0.06223311968238884,20.0625,5e-05
fast_01_to_01,x1.13,VGD,-0.16662671392962444,0.6015406859234529,19.974999999999998,0.10599586600933976
fast_01_to_01,x1.13,VDS,-1.7285140335793774,-0.0942504913581278,5.47249999999999,5e-05
fast_01_to_01,x1.13,VBS,-1.8755212835287902,-0.06512718389591936,5.0265,5e-05
fast_01_to_01,x1.14,VGS,0.6882051114501828,1.8230575407344942,5e-05,25.025000000000002
fast_01_to_01,x1.14,VGD,-0.027025191420469774,0.23523194716808526,0.0019109942958392954,0.00022780000018127585
fast_01_to_01,x1.14,VDS,0.6946240223580218,1.8226162240191852,5e-05,25.025000000000002
fast_01_to_01,x1.14,VBS,0.2873101029159856,1.8225738827132523,5e-05,25.025000000000002
fast_01_to_01,x1.15,VGS,-1.834256081558169,0.14114026256682868,25.18749999999997,0.0029870668465880462
fast_01_to_01,x1.15,VGD,-0.02303329260564279,0.26810908454269206,25.025000000000002,0.00443140210474331
fast_01_to_01,x1.15,VDS,-1.840962799536839,-0.028600466882934536,25.182499999999973,5e-05
fast_01_to_01,x1.15,VBS,-1.840943342588393,-0.006064840129706567,25.182499999999973,5e-05
fast_01_to_01,x1.16,VGS,-1.8315390839640733,0.6553456612262105,25.18749999999997,0.0006939902035956141
fast_01_to_01,x1.16,VGD,-1.8209200851195104,-0.5034559347662835,25.025000000000002,5e-05
fast_01_to_01,x1.16,VDS,-0.03592455369895875,1.6546612128601474,10.187500000000021,0.0012564634936418986
fast_01_to_01,x1.16,VBS,-0.03878885618375638,1.6281251194038777,10.187500000000021,0.00443140210474331
fast_01_to_01,x1.17,VGS,-1.7994975134887334,1.7996144902727813,19.974999999999998,22.357499999999565
fast_01_to_01,x1.17,VGD,-1.7999459880136595,0.001665289859348551,19.974999999999998,20.172499999999978
fast_01_to_01,x1.17,VDS,-0.07661785668031218,1.8064799513970484,20.025000000000002,24.987500000000004
fast_01_to_01,x1.17,VBS,-0.0756463463184116,1.8108618230695774,20.028500000000005,24.992500000000003
fast_01_to_01,x1.18,VGS,-1.8095162985518674,1.8711965500736356,24.997500000000002,20.028500000000005
fast_01_to_01,x1.18,VGD,-0.014898565104889929,1.8717520071810223,24.992500000000003,20.026500000000006
fast_01_to_01,x1.18,VDS,-1.8209492896643196,0.01904719024995019,25.112499999999986,20.087499999999995
fast_01_to_01,x1.18,VBS,-1.820390970890445,0.021581260994062844,25.117499999999986,20.087499999999995
fast_01_to_01,x1.19,VGS,-0.5676187930232509,1.799674293425136,0.12099586600933974,7.10249999999995
fast_01_to_01,x1.19,VGD,0.04616226133640447,1.7997566727913683,5e-05,7.10249999999995
fast_01_to_01,x1.19,VDS,-1.260085162290156,0.00029695476732679704,0.16599586600933983,24.978500000000004
fast_01_to_01,x1.19,VBS,-1.874860836764804,0.01540861779884886,20.026500000000006,24.997500000000002
fast_01_to_01,x1.20,VGS,-1.8005239348120992,0.072939610361555,10.242500000000028,0.00038402202621941816
fast_01_to_01,x1.20,VGD,-1.7999825777735812,0.00204779041294878,19.974999999999998,5.167499999999997
fast_01_to_01,x1.20,VDS,-0.07030038552802886,1.207876306760352,20.025500000000005,0.0019109942958392954
fast_01_to_01,x1.20,VBS,-0.06971865010579181,1.2302931719618666,20.028500000000005,0.0019109942958392954
fast_01_to_01,x1.21,VGS,-0.10884029876726153,1.8652272695987155,0.0006939902035956141,20.026500000000006
fast_01_to_01,x1.21,VGD,0.07328222884528636,1.8656149281434462,5e-05,20.026500000000006
fast_01_to_01,x1.21,VDS,-0.9510619568258751,0.0025754708888740515,0.030995866009339793,10.007500000000006
fast_01_to_01,x1.21,VBS,-0.9564392786706644,0.0029545748649918687,0.030995866009339793,10.012500000000006
fast_01_to_01,x1.22,VGS,-0.019051821381695033,1.8061566312625983,0.00022780000018127585,24.997500000000002
fast_01_to_01,x1.22,VGD,0.010347476706381371,1.8156026660724187,5e-05,25.0125
fast_01_to_01,x1.22,VDS,-0.42745615007899906,-8.237323449253352e-05,20.032500000000002,7.262499999999947
fast_01_to_01,x1.22,VBS,-1.2713093281198102,0.022999699993424792,20.012499999999996,25.0025
fast_01_to_01,x1.23,VGS,-0.10484185725582179,1.8726212652548166,0.0006939902035956141,20.032500000000002
fast_01_to_01,x1.23,VGD,0.08055521408448053,1.872800859226401,5e-05,20.026500000000006
fast_01_to_01,x1.23,VDS,-0.9271741383997691,0.0038004460066057067,0.030995866009339793,25.0075
fast_01_to_01,x1.23,VBS,-0.9328525461488514,0.004461249080465941,0.030995866009339793,25.0125
fast_01_to_01,x1.24,VGS,-0.10066103858454367,1.87278574018643,0.020995866009339795,20.032500000000002
fast_01_to_01,x1.24,VGD,-1.1765063931934685,0.07585744130275196,0.005,20.026500000000006
fast_01_to_01,x1.24,VDS,0.3373722504423613,1.8038693020096233,5e-05,25.0025
fast_01_to_01,x1.24,VBS,0.014409529552647266,1.8034889261325893,5e-05,25.0025
fast_01_to_01,x1.25,VGS,-1.8469454468711546,-0.04940968745368035,20.025000000000002,5e-05
fast_01_to_01,x1.25,VGD,-0.005787216396716664,0.007076856121169067,0.0012564634936418986,5.9800000009991584e-05
fast_01_to_01,x1.25,VDS,-1.8454322716784624,-0.055908736007902055,20.025000000000002,5e-05
fast_01_to_01,x1.25,VBS,-1.8453543819769276,-0.04218132587299504,20.025000000000002,5e-05
fast_01_to_01,x1.26,VGS,-0.015934523748209764,1.8162553740549867,0.00022780000018127585,25.0175
fast_01_to_01,x1.26,VGD,0.012431520402167232,1.816710515545632,5e-05,25.0125
fast_01_to_01,x1.26,VDS,-0.3587767870215145,0.03166472110390384,20.032500000000002,4.9975
fast_01_to_01,x1.26,VBS,-1.2062390090386117,0.03780275981337555,20.007499999999997,25.0175
fast_01_to_01,x1.27,VGS,-0.13233439294675098,1.8738314174619144,0.020995866009339795,5.032500000000001
fast_01_to_01,x1.27,VGD,-1.1897416523262456,0.07877671125497843,0.005,5.0265
fast_01_to_01,x1.27,VDS,0.18898250585536824,1.8040293942259604,5e-05,25.0025
fast_01_to_01,x1.27,VBS,-0.025756981342861307,1.8036353599636024,5.4200000004282114e-05,25.0025
fast_01_to_01,x1.28,VGS,-1.3855595284312698,0.14178889135258477,30.000000000000004,0.00443140210474331
fast_01_to_01,x1.28,VGD,-1.2221292147981615,0.20078554573953453,19.9975,0.00443140210474331
fast_01_to_01,x1.28,VDS,-1.3826667272813324,0.01366356154325793,25.0075,0.12099586600933974
fast_01_to_01,x1.28,VBS,-1.3857263430993596,-0.011348462511569055,30.000000000000004,5e-05
fast_01_to_01,x2.mp1,VGS,-1.8053096362642362,-0.8557996318745189,25.0075,0.030995866009339793
fast_01_to_01,x2.mp1,VGD,-1.8049719021374182,0.02542986533163083,25.0075,0.035995866009339794
fast_01_to_01,x2.mp1,VDS,-1.0741311822368136,0.0006140959695972725,0.00022780000018127585,10.0375
fast_01_to_01,x2.mp1,VBS,0.0,0.0,5e-05,5e-05
fast_01_to_01,x2.mn1,VGS,-0.005309636264236306,0.9442003681254811,25.0075,0.030995866009339793
fast_01_to_01,x2.mn1,VGD,-1.8049719021374182,0.02542986533163083,25.0075,0.035995866009339794
fast_01_to_01,x2.mn1,VDS,0.7258688177631863,1.8006140959695973,0.00022780000018127585,10.0375
fast_01_to_01,x2.mn1,VBS,0.0,0.0,5e-05,5e-05
fast_01_to_01,x2.mp2,VGS,-1.0741311822368136,0.0006140959695972725,0.00022780000018127585,10.0375
fast_01_to_01,x2.mp2,VGD,0.6938279819505153,1.8004431981753661,0.00038402202621941816,10.0375
fast_01_to_01,x2.mp2,VDS,-1.7998738158908256,-1.6763174229055535,20.032500000000002,0.0709958660093398
fast_01_to_01,x2.mp2,VBS,0.0,0.0,5e-05,5e-05
fast_01_to_01,x2.mn2,VGS,0.7258688177631863,1.8006140959695973,0.00022780000018127585,10.0375
fast_01_to_01,x2.mn2,VGD,0.6938279819505153,1.8004431981753661,0.00038402202621941816,10.0375
fast_01_to_01,x2.mn2,VDS,0.00012618410917445588,0.12368257709444647,20.032500000000002,0.0709958660093398
fast_01_to_01,x2.mn2,VBS,0.0,0.0,5e-05,5e-05
fast_01_to_01,x3.mp1,VGS,-1.8201777315382959,0.021576427539172327,20.087499999999995,25.117499999999986
fast_01_to_01,x3.mp1,VGD,-1.8188437260628505,1.8215361917188377,20.087499999999995,25.117499999999986
fast_01_to_01,x3.mp1,VDS,-1.8141382369000623,0.056201492687595556,25.25749999999996,20.16249999999998
fast_01_to_01,x3.mp1,VBS,0.0,0.0,5e-05,5e-05
fast_01_to_01,x3.mn1,VGS,-0.020177731538295836,1.8215764275391724,20.087499999999995,25.117499999999986
fast_01_to_01,x3.mn1,VGD,-1.8188437260628505,1.8215361917188377,20.087499999999995,25.117499999999986
fast_01_to_01,x3.mn1,VDS,-0.014138236900062218,1.8562014926875956,25.25749999999996,20.16249999999998
fast_01_to_01,x3.mn1,VBS,0.0,0.0,5e-05,5e-05
fast_01_to_01,x3.mp2,VGS,-1.8141382369000623,0.056201492687595556,25.25749999999996,20.16249999999998
fast_01_to_01,x3.mp2,VGD,-1.8137267728301483,1.8548268093494582,25.25749999999996,20.16249999999998
fast_01_to_01,x3.mp2,VDS,-1.8202434153238412,0.024798053986883728,20.202499999999972,25.32249999999995
fast_01_to_01,x3.mp2,VBS,0.0,0.0,5e-05,5e-05
fast_01_to_01,x3.mn2,VGS,-0.014138236900062218,1.8562014926875956,25.25749999999996,20.16249999999998
fast_01_to_01,x3.mn2,VGD,-1.8137267728301483,1.8548268093494582,25.25749999999996,20.16249999999998
fast_01_to_01,x3.mn2,VDS,-0.020243415323841038,1.8247980539868838,20.202499999999972,25.32249999999995
fast_01_to_01,x3.mn2,VBS,0.0,0.0,5e-05,5e-05
fast_01_to_01,x4.mp1,VGS,-1.8041165328553515,-0.8298420871787648,10.007500000000006,0.030995866009339793
fast_01_to_01,x4.mp1,VGD,-1.8038399956364828,0.08297039911070625,10.007500000000006,0.035995866009339794
fast_01_to_01,x4.mp1,VDS,-1.0744369767761965,0.0005115354975040454,0.00022780000018127585,25.0375
fast_01_to_01,x4.mp1,VBS,0.0,0.0,5e-05,5e-05
fast_01_to_01,x4.mn1,VGS,-0.0041165328553513375,0.9701579128212352,10.007500000000006,0.030995866009339793
fast_01_to_01,x4.mn1,VGD,-1.8038399956364828,0.08297039911070625,10.007500000000006,0.035995866009339794
fast_01_to_01,x4.mn1,VDS,0.7255630232238035,1.800511535497504,0.00022780000018127585,25.0375
fast_01_to_01,x4.mn1,VBS,0.0,0.0,5e-05,5e-05
fast_01_to_01,x4.mp2,VGS,-1.0744369767761965,0.0005115354975040454,0.00022780000018127585,25.0375
fast_01_to_01,x4.mp2,VGD,0.693167410898765,1.8003452150444852,0.00038402202621941816,25.0375
fast_01_to_01,x4.mp2,VDS,-1.7998679947110259,-1.6585473071409054,5.0375000000000005,0.0709958660093398
fast_01_to_01,x4.mp2,VBS,0.0,0.0,5e-05,5e-05
fast_01_to_01,x4.mn2,VGS,0.7255630232238035,1.800511535497504,0.00022780000018127585,25.0375
fast_01_to_01,x4.mn2,VGD,0.693167410898765,1.8003452150444852,0.00038402202621941816,25.0375
fast_01_to_01,x4.mn2,VDS,0.00013200528897413686,0.14145269285909476,5.0375000000000005,0.0709958660093398
fast_01_to_01,x4.mn2,VBS,0.0,0.0,5e-05,5e-05
fast_01_to_01,x5.mp1,VGS,-1.8059162239380684,-0.8276951559076785,10.007500000000006,0.030995866009339793
fast_01_to_01,x5.mp1,VGD,-1.8055443784780738,0.08321929907730585,10.007500000000006,0.0409958660093398
fast_01_to_01,x5.mp1,VDS,-1.074985804630845,0.0006630115254446789,0.00022780000018127585,25.0375
fast_01_to_01,x5.mp1,VBS,0.0,0.0,5e-05,5e-05
fast_01_to_01,x5.mn1,VGS,-0.005916223938068264,0.9723048440923215,10.007500000000006,0.030995866009339793
fast_01_to_01,x5.mn1,VGD,-1.8055443784780738,0.08321929907730585,10.007500000000006,0.0409958660093398
fast_01_to_01,x5.mn1,VDS,0.7250141953691551,1.8006630115254447,0.00022780000018127585,25.0375
fast_01_to_01,x5.mn1,VBS,0.0,0.0,5e-05,5e-05
fast_01_to_01,x5.mp2,VGS,-1.074985804630845,0.0006630115254446789,0.00022780000018127585,25.0375
fast_01_to_01,x5.mp2,VGD,0.6925905966461446,1.800489369146708,0.00038402202621941816,25.0375
fast_01_to_01,x5.mp2,VDS,-1.799874131100125,-1.657749851956623,20.032500000000002,0.07599586600933979
fast_01_to_01,x5.mp2,VBS,0.0,0.0,5e-05,5e-05
fast_01_to_01,x5.mn2,VGS,0.7250141953691551,1.8006630115254447,0.00022780000018127585,25.0375
fast_01_to_01,x5.mn2,VGD,0.6925905966461446,1.800489369146708,0.00038402202621941816,25.0375
fast_01_to_01,x5.mn2,VDS,0.00012586889987513324,0.14225014804337704,20.032500000000002,0.07599586600933979
fast_01_to_01,x5.mn2,VBS,0.0,0.0,5e-05,5e-05
fast_01_to_10,x1.0,VGS,-1.2411015350545105,1.7998673205247142,18.19749999999997,8.5625000000001
fast_01_to_10,x1.0,VGD,-0.010882126508502593,1.7999791926530841,9.340000004424843e-05,6.837499999999957
fast_01_to_10,x1.0,VDS,-1.2435337269053424,0.03931932014982667,19.9925,25.0125
fast_01_to_10,x1.0,VBS,-1.243877300520697,0.039349192625814725,19.9975,25.0125
fast_01_to_10,x1.1,VGS,-1.8665516789761483,0.02680648004590025,5.0475,25.127499999999984
fast_01_to_10,x1.1,VGD,-1.2012172448009824,0.7053444040834145,18.0325,18.437499999999922
fast_01_to_10,x1.1,VDS,-1.8492891533679745,-0.10526773840114795,5.847499999999981,5e-05
fast_01_to_10,x1.1,VBS,-1.867889866565752,-0.06888364936064481,5.0285,5e-05
fast_01_to_10,x1.2,VGS,-0.1280655100933269,1.8658566683226878,0.020995866009339795,20.028500000000005
fast_01_to_10,x1.2,VGD,-1.1803837299364246,0.0706948158512759,0.005,20.028500000000005
fast_01_to_10,x1.2,VDS,0.1649152447766798,1.802234818407893,5e-05,10.002500000000005
fast_01_to_10,x1.2,VBS,-0.035871203657050044,1.801917086023187,5.4200000004282114e-05,10.002500000000005
fast_01_to_10,x1.3,VGS,-1.8602271647263524,0.036148155614574407,20.0625,10.282500000000034
fast_01_to_10,x1.3,VGD,-1.5314905555734737,0.7277481155457257,18.857499999999842,0.3109958660093397
fast_01_to_10,x1.3,VDS,-1.8474579294399782,-0.10104709457003341,20.99749999999982,5e-05
fast_01_to_10,x1.3,VBS,-1.8744729585700206,-0.06973192106776202,20.026500000000006,5e-05
fast_01_to_10,x1.4,VGS,-1.8659709659749837,1.8209702719963483,25.252499999999962,10.024999999999999
fast_01_to_10,x1.4,VGD,-0.0006483745241371618,1.8155374651097165,20.025500000000005,0.0019109942958392954
fast_01_to_10,x1.4,VDS,-1.8657516699371677,0.01879134371050657,25.252499999999962,10.024999999999999
fast_01_to_10,x1.4,VBS,-1.865680345489618,0.13083538283384238,25.252499999999962,5e-05
fast_01_to_10,x1.5,VGS,-1.809869059711277,1.8712050260815212,9.997500000000004,20.028500000000005
fast_01_to_10,x1.5,VGD,-1.8141504103729997,0.07597410175582398,9.997500000000004,20.026500000000006
fast_01_to_10,x1.5,VDS,-0.020328133244489344,1.817337737215561,10.11750000000001,5.0825
fast_01_to_10,x1.5,VBS,-0.02233013199654099,1.8171667440898014,10.11750000000001,5.0825
fast_01_to_10,x1.6,VGS,-1.810681551716906,1.8738879307445813,24.997500000000002,20.028500000000005
fast_01_to_10,x1.6,VGD,-0.015745735089279667,1.8743827328461946,24.997500000000002,20.026500000000006
fast_01_to_10,x1.6,VDS,-1.8202326433190306,0.01809584989276741,25.112499999999986,20.092499999999994
fast_01_to_10,x1.6,VBS,-1.819744930560801,0.020515392297826555,25.117499999999986,20.092499999999994
fast_01_to_10,x1.7,VGS,-1.8190711090364489,1.8347322709690301,25.18749999999997,10.282500000000034
fast_01_to_10,x1.7,VGD,-0.03641957658240217,1.842721353228149,25.025000000000002,5.025
fast_01_to_10,x1.7,VDS,-1.8352054662968826,0.016101728093148186,20.025000000000002,10.022500000000008
fast_01_to_10,x1.7,VBS,-1.8351809329073971,0.01788993151921692,20.025000000000002,10.022500000000008
fast_01_to_10,x1.8,VGS,-0.18176976494162234,1.8048330880175365,17.977499999999996,24.997500000000002
fast_01_to_10,x1.8,VGD,-1.2084462371024265,1.8122733256080967,17.977499999999996,25.0075
fast_01_to_10,x1.8,VDS,-0.4084014178142914,1.0266764721608042,20.032500000000002,17.977499999999996
fast_01_to_10,x1.8,VBS,-1.2621805289586328,0.02362526522022114,20.017499999999995,25.0025
fast_01_to_10,x1.9,VGS,-1.8296215950284997,1.799612747000446,18.222499999999965,24.975000000000005
fast_01_to_10,x1.9,VGD,-1.8016698988747135,0.002457823077089527,18.227499999999964,20.172499999999978
fast_01_to_10,x1.9,VDS,-0.07937850008809533,1.8068357644994213,20.025500000000005,24.987500000000004
fast_01_to_10,x1.9,VBS,-0.07856066648996429,1.8113211663752282,5.0285,24.992500000000003
fast_01_to_10,x1.10,VGS,-1.8429287469069453,1.836434766117676,5.025,25.025000000000002
fast_01_to_10,x1.10,VGD,-1.8038007716300384,0.0011102608078599197,5.025,25.025000000000002
fast_01_to_10,x1.10,VDS,-0.03912797527690692,1.8353245053098162,5.025,25.025000000000002
fast_01_to_10,x1.10,VBS,-0.04255225430959375,1.8352764631300544,5.025,25.025000000000002
fast_01_to_10,x1.11,VGS,-1.8175425300365338,1.834628477865021,25.18749999999997,10.282500000000034
fast_01_to_10,x1.11,VGD,-1.8330408443481774,0.04608789395499624,25.025000000000002,5.025
fast_01_to_10,x1.11,VDS,-0.0318410223778085,1.8186270800787196,20.025000000000002,10.017500000000007
fast_01_to_10,x1.11,VBS,-0.03426084810162067,1.8185851048204515,20.025000000000002,10.017500000000007
fast_01_to_10,x1.12,VGS,-1.801649697551811,0.11199189363853645,17.972499999999997,0.00022780000018127585
fast_01_to_10,x1.12,VGD,-1.8001413998416405,0.0010957495497170289,17.972499999999997,20.172499999999978
fast_01_to_10,x1.12,VDS,-0.0761557997654374,1.247290828246359,5.025,0.0012564634936418986
fast_01_to_10,x1.12,VBS,-0.0755356452021656,1.2529920262769905,5.0285,0.0019109942958392954
fast_01_to_10,x1.13,VGS,-1.878379074271973,1.7997724161498394,5.0575,24.982500000000005
fast_01_to_10,x1.13,VGD,-0.22076718462110684,1.8006547683322336,18.057499999999994,24.992500000000003
fast_01_to_10,x1.13,VDS,-1.7285140335793774,0.0004261137994320671,5.47249999999999,24.978500000000004
fast_01_to_10,x1.13,VBS,-1.8767653248918805,0.016071391624272315,20.028500000000005,24.997500000000002
fast_01_to_10,x1.14,VGS,-1.860918550400042,1.8230415316682784,25.252499999999962,10.024999999999999
fast_01_to_10,x1.14,VGD,-1.8049019044069863,0.23523194716808526,25.25749999999996,0.00022780000018127585
fast_01_to_10,x1.14,VDS,-0.05602039534401149,1.8225982790054205,25.252499999999962,10.024999999999999
fast_01_to_10,x1.14,VBS,-0.061184305279541995,1.8225555888367102,25.252499999999962,10.024999999999999
fast_01_to_10,x1.15,VGS,-1.834244220354929,1.8637825073918999,10.187500000000021,25.25749999999996
fast_01_to_10,x1.15,VGD,-0.023018514517567736,1.8654990575044745,10.024999999999999,25.252499999999962
fast_01_to_10,x1.15,VDS,-1.840962559308731,0.010089909642142585,10.18250000000002,20.047500000000003
fast_01_to_10,x1.15,VBS,-1.840943103779359,0.011438178319055286,10.18250000000002,20.047500000000003
fast_01_to_10,x1.16,VGS,-1.8315272117259236,1.863576579213627,10.187500000000021,25.25749999999996
fast_01_to_10,x1.16,VGD,-1.8209011374900326,0.06655123602723223,10.024999999999999,25.252499999999962
fast_01_to_10,x1.16,VDS,-0.03592455369895875,1.8113927824273572,10.187500000000021,20.047500000000003
fast_01_to_10,x1.16,VBS,-0.03878885618375638,1.8112755380765697,10.187500000000021,20.047500000000003
fast_01_to_10,x1.17,VGS,-1.8010529252228855,1.79961403076916,17.972499999999997,7.622499999999966
fast_01_to_10,x1.17,VGD,-1.8000907137047537,0.0016781863854746781,17.972499999999997,20.172499999999978
fast_01_to_10,x1.17,VDS,-0.0764842047317622,1.8064765527715116,20.025000000000002,9.987500000000002
fast_01_to_10,x1.17,VBS,-0.07565771333818883,1.8108563930022188,20.028500000000005,9.992500000000003
fast_01_to_10,x1.18,VGS,-1.8095103265385337,1.8711545790130037,9.997500000000004,20.028500000000005
fast_01_to_10,x1.18,VGD,-0.014895422179328498,1.8717027841865288,9.992500000000003,20.026500000000006
fast_01_to_10,x1.18,VDS,-1.8209458371247262,0.01893767703747467,10.11250000000001,5.0825
fast_01_to_10,x1.18,VBS,-1.8203876373871148,0.021438459012737533,10.11750000000001,5.0825
fast_01_to_10,x1.19,VGS,-1.8722597958767804,1.799674293425136,20.087499999999995,7.10249999999995
fast_01_to_10,x1.19,VGD,-0.9833398921741875,1.7997566727913683,18.232499999999963,7.10249999999995
fast_01_to_10,x1.19,VDS,-1.260085162290156,0.0002969191895990579,0.16599586600933983,9.978500000000002
fast_01_to_10,x1.19,VBS,-1.873914615448654,0.015404406456020177,5.0265,9.997500000000004
fast_01_to_10,x1.20,VGS,-1.8268514636798583,0.072939610361555,18.232499999999963,0.00038402202621941816
fast_01_to_10,x1.20,VGD,-1.801516582547082,0.002843412784655719,18.24749999999996,20.172499999999978
fast_01_to_10,x1.20,VDS,-0.07099037748011416,1.207876306760352,20.026500000000006,0.0019109942958392954
fast_01_to_10,x1.20,VBS,-0.07068475897627358,1.2302931719618666,20.028500000000005,0.0019109942958392954
fast_01_to_10,x1.21,VGS,-0.10884029876726153,1.8659326673186374,0.0006939902035956141,20.028500000000005
fast_01_to_10,x1.21,VGD,0.07328222884528636,1.8663348701994784,5e-05,20.026500000000006
fast_01_to_10,x1.21,VDS,-0.9510619568258751,0.0025754708888740515,0.030995866009339793,10.007500000000006
fast_01_to_10,x1.21,VBS,-0.9564392786706644,0.0029545748649918687,0.030995866009339793,10.012500000000006
fast_01_to_10,x1.22,VGS,-0.7778214622265018,1.8061526937893708,20.028500000000005,9.997500000000004
fast_01_to_10,x1.22,VGD,-1.2384126644040343,1.8155952653107228,19.9975,10.012500000000006
fast_01_to_10,x1.22,VDS,-0.7646104406743571,0.46870283921804634,25.0125,19.9975
fast_01_to_10,x1.22,VBS,-1.2465199560558269,0.02299504324629481,17.972499999999997,10.002500000000005
fast_01_to_10,x1.23,VGS,-0.10484185725582179,1.8723248765219838,0.0006939902035956141,5.032500000000001
fast_01_to_10,x1.23,VGD,0.08055521408448053,1.872598725357309,5e-05,5.0265
fast_01_to_10,x1.23,VDS,-0.9271741383997691,0.003751235385140186,0.030995866009339793,25.0075
fast_01_to_10,x1.23,VBS,-0.9328525461488514,0.004300784558204952,0.030995866009339793,10.012500000000006
fast_01_to_10,x1.24,VGS,-0.10066103858454367,1.8724848676924966,0.020995866009339795,5.032500000000001
fast_01_to_10,x1.24,VGD,-1.1765063931934685,0.0756362547856515,0.005,5.0265
fast_01_to_10,x1.24,VDS,0.3373722504423613,1.8037661695034681,5e-05,10.002500000000005
fast_01_to_10,x1.24,VBS,0.014409529552647266,1.8034134705219191,5e-05,10.002500000000005
fast_01_to_10,x1.25,VGS,-1.8465702968004458,1.8331369595087168,5.025,25.025000000000002
fast_01_to_10,x1.25,VGD,-0.005787216396716664,1.803477209372367,0.0012564634936418986,25.025000000000002
fast_01_to_10,x1.25,VDS,-1.8450653029581876,0.029659750136349812,5.025,25.025000000000002
fast_01_to_10,x1.25,VBS,-1.8449922031891515,0.03294181974390234,5.025,25.025000000000002
fast_01_to_10,x1.26,VGS,-1.3529217637889552,1.816249275029644,30.000000000000004,10.017500000000007
fast_01_to_10,x1.26,VGD,-1.238384614439594,1.8167036180866385,19.9975,10.012500000000006
fast_01_to_10,x1.26,VDS,-1.3309965322089976,0.11099550128968816,25.0125,18.39249999999993
fast_01_to_10,x1.26,VBS,-1.3530686777806413,0.037797334874512596,30.000000000000004,10.017500000000007
fast_01_to_10,x1.27,VGS,-1.810976236414834,1.8739257234149829,24.997500000000002,20.028500000000005
fast_01_to_10,x1.27,VGD,-1.8147259705921244,0.07890308063403761,24.997500000000002,20.026500000000006
fast_01_to_10,x1.27,VDS,-0.020380426889537784,1.8161791522183388,25.117499999999986,20.087499999999995
fast_01_to_10,x1.27,VBS,-0.025756981342861307,1.815971575660639,5.4200000004282114e-05,20.087499999999995
fast_01_to_10,x1.28,VGS,-1.380692251341195,1.8121631402079663,17.977499999999996,25.0125
fast_01_to_10,x1.28,VGD,-1.2084554033529484,1.8129707867876992,17.977499999999996,25.0075
fast_01_to_10,x1.28,VDS,-1.3426965953207852,0.017468154985636808,10.007500000000006,25.222499999999968
fast_01_to_10,x1.28,VBS,-1.531855861232335,0.0398724812217777,18.852499999999843,25.0175
fast_01_to_10,x2.mp1,VGS,-1.8052017790984052,-0.8557996318745189,25.0075,0.030995866009339793
fast_01_to_10,x2.mp1,VGD,-1.804872826611717,0.02542986533163083,25.0075,0.035995866009339794
fast_01_to_10,x2.mp1,VDS,-1.0741311822368136,0.0006145619007813519,0.00022780000018127585,25.0375
fast_01_to_10,x2.mp1,VBS,0.0,0.0,5e-05,5e-05
fast_01_to_10,x2.mn1,VGS,-0.00520177909840519,0.9442003681254811,25.0075,0.030995866009339793
fast_01_to_10,x2.mn1,VGD,-1.804872826611717,0.02542986533163083,25.0075,0.035995866009339794
fast_01_to_10,x2.mn1,VDS,0.7258688177631863,1.8006145619007814,0.00022780000018127585,25.0375
fast_01_to_10,x2.mn1,VBS,0.0,0.0,5e-05,5e-05
fast_01_to_10,x2.mp2,VGS,-1.0741311822368136,0.0006145619007813519,0.00022780000018127585,25.0375
fast_01_to_10,x2.mp2,VGD,0.6938279819505153,1.800443543152079,0.00038402202621941816,25.0375
fast_01_to_10,x2.mp2,VDS,-1.7998746474889733,-1.6763174229055535,20.032500000000002,0.0709958660093398
fast_01_to_10,x2.mp2,VBS,0.0,0.0,5e-05,5e-05
fast_01_to_10,x2.mn2,VGS,0.7258688177631863,1.8006145619007814,0.00022780000018127585,25.0375
fast_01_to_10,x2.mn2,VGD,0.6938279819505153,1.800443543152079,0.00038402202621941816,25.0375
fast_01_to_10,x2.mn2,VDS,0.0001253525110267281,0.12368257709444647,20.032500000000002,0.0709958660093398
fast_01_to_10,x2.mn2,VBS,0.0,0.0,5e-05,5e-05
fast_01_to_10,x3.mp1,VGS,-1.8201024978923708,0.02157395138557261,5.0825,10.11750000000001
fast_01_to_10,x3.mp1,VGD,-1.8186670658507054,1.8215337056113343,5.0874999999999995,10.11750000000001
fast_01_to_10,x3.mp1,VDS,-1.8141372223952026,0.05546255241893827,10.25750000000003,5.162499999999997
fast_01_to_10,x3.mp1,VBS,0.0,0.0,5e-05,5e-05
fast_01_to_10,x3.mn1,VGS,-0.020102497892370726,1.8215739513855727,5.0825,10.11750000000001
fast_01_to_10,x3.mn1,VGD,-1.8186670658507054,1.8215337056113343,5.0874999999999995,10.11750000000001
fast_01_to_10,x3.mn1,VDS,-0.014137222395202459,1.8554625524189383,10.25750000000003,5.162499999999997
fast_01_to_10,x3.mn1,VBS,0.0,0.0,5e-05,5e-05
fast_01_to_10,x3.mp2,VGS,-1.8141372223952026,0.05546255241893827,10.25750000000003,5.162499999999997
fast_01_to_10,x3.mp2,VGD,-1.8137257966290061,1.854226465926006,10.25750000000003,5.162499999999997
fast_01_to_10,x3.mp2,VDS,-1.8198816857894282,0.02479738438094259,5.197499999999996,10.32250000000004
fast_01_to_10,x3.mp2,VBS,0.0,0.0,5e-05,5e-05
fast_01_to_10,x3.mn2,VGS,-0.014137222395202459,1.8554625524189383,10.25750000000003,5.162499999999997
fast_01_to_10,x3.mn2,VGD,-1.8137257966290061,1.854226465926006,10.25750000000003,5.162499999999997
fast_01_to_10,x3.mn2,VDS,-0.019881685789428068,1.8247973843809426,5.197499999999996,10.32250000000004
fast_01_to_10,x3.mn2,VBS,0.0,0.0,5e-05,5e-05
fast_01_to_10,x4.mp1,VGS,-1.8041165328553515,-0.8298420871787648,10.007500000000006,0.030995866009339793
fast_01_to_10,x4.mp1,VGD,-1.8038399956364828,0.08297039911070625,10.007500000000006,0.035995866009339794
fast_01_to_10,x4.mp1,VDS,-1.0744369767761965,0.0005264180206236979,0.00022780000018127585,25.0375
fast_01_to_10,x4.mp1,VBS,0.0,0.0,5e-05,5e-05
fast_01_to_10,x4.mn1,VGS,-0.0041165328553513375,0.9701579128212352,10.007500000000006,0.030995866009339793
fast_01_to_10,x4.mn1,VGD,-1.8038399956364828,0.08297039911070625,10.007500000000006,0.035995866009339794
fast_01_to_10,x4.mn1,VDS,0.7255630232238035,1.8005264180206237,0.00022780000018127585,25.0375
fast_01_to_10,x4.mn1,VBS,0.0,0.0,5e-05,5e-05
fast_01_to_10,x4.mp2,VGS,-1.0744369767761965,0.0005264180206236979,0.00022780000018127585,25.0375
fast_01_to_10,x4.mp2,VGD,0.693167410898765,1.8003607400987416,0.00038402202621941816,25.0375
fast_01_to_10,x4.mp2,VDS,-1.7998679947110259,-1.6585473071409054,5.0375000000000005,0.0709958660093398
fast_01_to_10,x4.mp2,VBS,0.0,0.0,5e-05,5e-05
fast_01_to_10,x4.mn2,VGS,0.7255630232238035,1.8005264180206237,0.00022780000018127585,25.0375
fast_01_to_10,x4.mn2,VGD,0.693167410898765,1.8003607400987416,0.00038402202621941816,25.0375
fast_01_to_10,x4.mn2,VDS,0.00013200528897413686,0.14145269285909476,5.0375000000000005,0.0709958660093398
fast_01_to_10,x4.mn2,VBS,0.0,0.0,5e-05,5e-05
fast_01_to_10,x5.mp1,VGS,-1.8189244388193797,0.02095963834269421,20.087499999999995,25.117499999999986
fast_01_to_10,x5.mp1,VGD,-1.8177610427372761,1.8209129806397424,20.092499999999994,25.117499999999986
fast_01_to_10,x5.mp1,VDS,-1.8142838345741743,0.05623672715645012,25.25749999999996,20.16749999999998
fast_01_to_10,x5.mp1,VBS,0.0,0.0,5e-05,5e-05
fast_01_to_10,x5.mn1,VGS,-0.01892443881937957,1.8209596383426943,20.087499999999995,25.117499999999986
fast_01_to_10,x5.mn1,VGD,-1.8177610427372761,1.8209129806397424,20.092499999999994,25.117499999999986
fast_01_to_10,x5.mn1,VDS,-0.01428383457417426,1.8562367271564502,25.25749999999996,20.16749999999998
fast_01_to_10,x5.mn1,VBS,0.0,0.0,5e-05,5e-05
fast_01_to_10,x5.mp2,VGS,-1.8142838345741743,0.05623672715645012,25.25749999999996,20.16749999999998
fast_01_to_10,x5.mp2,VGD,-1.8138672500166908,1.8549095038574173,25.25749999999996,20.16749999999998
fast_01_to_10,x5.mp2,VDS,-1.8200691066798607,0.024917732462093722,20.20749999999997,25.32249999999995
fast_01_to_10,x5.mp2,VBS,0.0,0.0,5e-05,5e-05
fast_01_to_10,x5.mn2,VGS,-0.01428383457417426,1.8562367271564502,25.25749999999996,20.16749999999998
fast_01_to_10,x5.mn2,VGD,-1.8138672500166908,1.8549095038574173,25.25749999999996,20.16749999999998
fast_01_to_10,x5.mn2,VDS,-0.020069106679860695,1.8249177324620938,20.20749999999997,25.32249999999995
fast_01_to_10,x5.mn2,VBS,0.0,0.0,5e-05,5e-05
fast_01_to_11,x1.0,VGS,-1.1975170857690414,1.7998673205247142,19.974999999999998,8.5625000000001
fast_01_to_11,x1.0,VGD,-0.010882126508502593,1.7999795707022062,9.340000004424843e-05,21.237499999999777
fast_01_to_11,x1.0,VDS,-1.226311387886878,0.03815854438956282,19.9925,10.012500000000006
fast_01_to_11,x1.0,VBS,-1.2266681785297733,0.0380683519505115,19.9975,10.012500000000006
fast_01_to_11,x1.1,VGS,-1.8665516789761483,1.799681317125252,5.0475,21.117499999999797
fast_01_to_11,x1.1,VGD,-1.1993898295417427,1.799763613976682,18.0275,21.112499999999798
fast_01_to_11,x1.1,VDS,-1.8492891533679745,2.6541635919548508e-05,5.847499999999981,24.976500000000005
fast_01_to_11,x1.1,VBS,-1.8696771942364565,0.01299532836077738,20.032500000000002,24.997500000000002
fast_01_to_11,x1.2,VGS,-1.8104515123035811,1.866446356766958,24.997500000000002,20.028500000000005
fast_01_to_11,x1.2,VGD,-1.8116817516009134,0.07119937945306187,24.997500000000002,20.026500000000006
fast_01_to_11,x1.2,VDS,-0.02001228948895406,1.8171531945210673,25.0475,20.082499999999996
fast_01_to_11,x1.2,VBS,-0.035871203657050044,1.8168389597482821,5.4200000004282114e-05,20.087499999999995
fast_01_to_11,x1.3,VGS,-1.8706820260354349,0.036148155614574407,20.102499999999992,10.282500000000034
fast_01_to_11,x1.3,VGD,-1.199475047319,0.7277481155457257,19.974999999999998,0.3109958660093397
fast_01_to_11,x1.3,VDS,-1.2566193123359328,-0.10104709457003341,0.13599586600933977,5e-05
fast_01_to_11,x1.3,VBS,-1.8743664140475946,-0.06973192106776202,5.0255,5e-05
fast_01_to_11,x1.4,VGS,0.48831882326088943,1.8209718048444032,5e-05,25.025000000000002
fast_01_to_11,x1.4,VGD,0.5433700373692099,1.8155374651097165,5e-05,0.0019109942958392954
fast_01_to_11,x1.4,VDS,-0.22168412751478755,0.018798916838824554,0.0029870668465880462,25.025000000000002
fast_01_to_11,x1.4,VBS,-0.2720469446259394,0.13083538283384238,0.0012564634936418986,5e-05
fast_01_to_11,x1.5,VGS,-1.809869059711277,1.8708376738872852,9.997500000000004,20.028500000000005
fast_01_to_11,x1.5,VGD,-1.8141504103729997,0.0756329881547293,9.997500000000004,20.026500000000006
fast_01_to_11,x1.5,VDS,-0.020328133244489344,1.817337737215561,10.11750000000001,5.0825
fast_01_to_11,x1.5,VBS,-0.02233013199654099,1.8171667440898014,10.11750000000001,5.0825
fast_01_to_11,x1.6,VGS,-0.10973035590422464,1.874044701093765,0.020995866009339795,20.028500000000005
fast_01_to_11,x1.6,VGD,0.07095909535363093,1.8745266980239574,5e-05,20.026500000000006
fast_01_to_11,x1.6,VDS,-0.9541174900103223,0.0040631390916020405,0.030995866009339793,10.012500000000006
fast_01_to_11,x1.6,VBS,-0.9589578686964801,0.004614108625254008,0.030995866009339793,10.012500000000006
fast_01_to_11,x1.7,VGS,-1.8191986719131068,1.8347322709690301,25.18749999999997,10.282500000000034
fast_01_to_11,x1.7,VGD,-0.036428415972445206,1.842721353228149,25.025000000000002,5.025
fast_01_to_11,x1.7,VDS,-1.8350918217563177,0.016101728093148186,20.025000000000002,10.022500000000008
fast_01_to_11,x1.7,VBS,-1.8349986035959436,0.01788993151921692,20.025000000000002,10.022500000000008
fast_01_to_11,x1.8,VGS,-1.3520167351384338,0.15384000061915074,30.000000000000004,0.00443140210474331
fast_01_to_11,x1.8,VGD,-1.2164378201290265,0.2006600630458158,19.9975,0.00443140210474331
fast_01_to_11,x1.8,VDS,-1.3265785036871798,1.0248513606059408,25.0075,17.987499999999994
fast_01_to_11,x1.8,VBS,-1.3521803214464982,-0.00792832910297045,30.000000000000004,5e-05
fast_01_to_11,x1.9,VGS,-1.8263571431275383,0.08642713290591864,18.20249999999997,0.00038402202621941816
fast_01_to_11,x1.9,VGD,-1.8014721487179768,0.0024668523457929137,18.207499999999968,20.16749999999998
fast_01_to_11,x1.9,VDS,-0.07946406252515215,1.2242385174012438,20.025500000000005,0.0012564634936418986
fast_01_to_11,x1.9,VBS,-0.07873498687063485,1.2458770247433701,20.028500000000005,0.0019109942958392954
fast_01_to_11,x1.10,VGS,-1.8429287469069453,1.8364331905082913,5.025,25.025000000000002
fast_01_to_11,x1.10,VGD,-1.8038007716300384,0.0011171392621305287,5.025,25.025000000000002
fast_01_to_11,x1.10,VDS,-0.03912797527690692,1.8353160512461608,5.025,25.025000000000002
fast_01_to_11,x1.10,VBS,-0.04255225430959375,1.835268504850489,5.025,25.025000000000002
fast_01_to_11,x1.11,VGS,-1.8176867601709392,1.834628477865021,25.18749999999997,10.282500000000034
fast_01_to_11,x1.11,VGD,-1.8330307868300417,0.04608789395499624,25.025000000000002,5.025
fast_01_to_11,x1.11,VDS,-0.03175312546819131,1.8186270800787196,20.025000000000002,10.017500000000007
fast_01_to_11,x1.11,VBS,-0.0341766105759822,1.8185851048204515,20.025000000000002,10.017500000000007
fast_01_to_11,x1.12,VGS,-1.8018021976060745,0.11199189363853645,17.972499999999997,0.00022780000018127585
fast_01_to_11,x1.12,VGD,-1.8002084912218137,0.0011118640551777137,17.972499999999997,20.16749999999998
fast_01_to_11,x1.12,VDS,-0.0761557997654374,1.247290828246359,5.025,0.0012564634936418986
fast_01_to_11,x1.12,VBS,-0.0755356452021656,1.2529920262769905,5.0285,0.0019109942958392954
fast_01_to_11,x1.13,VGS,-1.878379074271973,0.027524004489307474,5.0575,25.08749999999999
fast_01_to_11,x1.13,VGD,-0.18234401369802672,0.801451681587699,18.0275,18.282499999999953
fast_01_to_11,x1.13,VDS,-1.7285140335793774,-0.0942504913581278,5.47249999999999,5e-05
fast_01_to_11,x1.13,VBS,-1.8756711145897895,-0.06512718389591936,20.026500000000006,5e-05
fast_01_to_11,x1.14,VGS,0.6882051114501828,1.8230437421149963,5e-05,25.025000000000002
fast_01_to_11,x1.14,VGD,-0.027025191420469774,0.23523194716808526,0.0019109942958392954,0.00022780000018127585
fast_01_to_11,x1.14,VDS,0.6946240223580218,1.8225982790054205,5e-05,10.024999999999999
fast_01_to_11,x1.14,VBS,0.2873101029159856,1.8225555888367102,5e-05,10.024999999999999
fast_01_to_11,x1.15,VGS,-1.834244220354929,0.14114026256682868,10.187500000000021,0.0029870668465880462
fast_01_to_11,x1.15,VGD,-0.023033934165646846,0.26810908454269206,25.025000000000002,0.00443140210474331
fast_01_to_11,x1.15,VDS,-1.840962559308731,-0.028600466882934536,10.18250000000002,5e-05
fast_01_to_11,x1.15,VBS,-1.840943103779359,-0.006064840129706567,10.18250000000002,5e-05
fast_01_to_11,x1.16,VGS,-1.8315272117259236,0.6553456612262105,10.187500000000021,0.0006939902035956141
fast_01_to_11,x1.16,VGD,-1.8209011374900326,-0.5034559347662835,10.024999999999999,5e-05
fast_01_to_11,x1.16,VDS,-0.03592455369895875,1.6546612128601474,10.187500000000021,0.0012564634936418986
fast_01_to_11,x1.16,VBS,-0.03878885618375638,1.6281251194038777,10.187500000000021,0.00443140210474331
fast_01_to_11,x1.17,VGS,-1.80125143429758,1.79961403076916,25.242499999999964,7.622499999999966
fast_01_to_11,x1.17,VGD,-1.800152637545041,0.0016909604297068448,17.972499999999997,20.16749999999998
fast_01_to_11,x1.17,VDS,-0.07621833770962505,1.8064765527715116,20.025000000000002,9.987500000000002
fast_01_to_11,x1.17,VBS,-0.07509072247330306,1.8108563930022188,20.026500000000006,9.992500000000003
fast_01_to_11,x1.18,VGS,-1.8095103265385337,1.8707615912472102,9.997500000000004,20.028500000000005
fast_01_to_11,x1.18,VGD,-0.014895422179328498,1.8714006081060188,9.992500000000003,20.025500000000005
fast_01_to_11,x1.18,VDS,-1.8209458371247262,0.01893767703747467,10.11250000000001,5.0825
fast_01_to_11,x1.18,VBS,-1.8203876373871148,0.021438459012737533,10.11750000000001,5.0825
fast_01_to_11,x1.19,VGS,-1.8591210385716106,1.799674293425136,20.077499999999997,7.10249999999995
fast_01_to_11,x1.19,VGD,-1.1815673711218189,1.7997566727913683,19.974999999999998,7.10249999999995
fast_01_to_11,x1.19,VDS,-1.849167825558971,0.0002969191895990579,20.79749999999986,9.978500000000002
fast_01_to_11,x1.19,VBS,-1.8743733034800028,0.015404406456020177,20.026500000000006,9.997500000000004
fast_01_to_11,x1.20,VGS,-1.828058204596436,1.7996129372863707,18.24249999999996,24.862499999999088
fast_01_to_11,x1.20,VGD,-1.8016910141233364,0.0030523786016469767,18.25249999999996,20.172499999999978
fast_01_to_11,x1.20,VDS,-0.07150885710810528,1.804545949228714,20.025500000000005,24.987500000000004
fast_01_to_11,x1.20,VBS,-0.07109976563570419,1.808881708038839,20.028500000000005,24.987500000000004
fast_01_to_11,x1.21,VGS,-1.8102802172962937,1.8665043819920417,24.997500000000002,20.028500000000005
fast_01_to_11,x1.21,VGD,-0.012832457757083271,1.866910441408447,24.992500000000003,20.026500000000006
fast_01_to_11,x1.21,VDS,-1.8197231999344177,0.018922543550568466,25.0475,20.087499999999995
fast_01_to_11,x1.21,VBS,-1.8187739064504376,0.021436297269976888,25.0475,20.087499999999995
fast_01_to_11,x1.22,VGS,-0.019051821381695033,1.8159309879778434,0.00022780000018127585,25.0175
fast_01_to_11,x1.22,VGD,0.010347476706381371,1.816111195184603,5e-05,25.0125
fast_01_to_11,x1.22,VDS,-0.3904053394501874,0.07501430783599439,5.032500000000001,18.232499999999963
fast_01_to_11,x1.22,VBS,-1.2473483551266011,0.03757986136953355,17.972499999999997,25.0175
fast_01_to_11,x1.23,VGS,-0.10484185725582179,1.8723248765219838,0.0006939902035956141,5.032500000000001
fast_01_to_11,x1.23,VGD,0.08055521408448053,1.872598725357309,5e-05,5.0265
fast_01_to_11,x1.23,VDS,-0.9271741383997691,0.00391131047727921,0.030995866009339793,25.0125
fast_01_to_11,x1.23,VBS,-0.9328525461488514,0.00442872043585771,0.030995866009339793,25.0125
fast_01_to_11,x1.24,VGS,-0.10066103858454367,1.8724848676924966,0.020995866009339795,5.032500000000001
fast_01_to_11,x1.24,VGD,-1.1765063931934685,0.0756362547856515,0.005,5.0265
fast_01_to_11,x1.24,VDS,0.3373722504423613,1.8038817130796703,5e-05,25.0025
fast_01_to_11,x1.24,VBS,0.014409529552647266,1.8034770192009708,5e-05,25.0025
fast_01_to_11,x1.25,VGS,-1.8465702968004458,1.8331343822158928,5.025,25.025000000000002
fast_01_to_11,x1.25,VGD,-0.005787216396716664,1.8034658746799128,0.0012564634936418986,25.025000000000002
fast_01_to_11,x1.25,VDS,-1.8450653029581876,0.029668507535979903,5.025,25.025000000000002
fast_01_to_11,x1.25,VBS,-1.8449922031891515,0.03294768819658727,5.025,25.025000000000002
fast_01_to_11,x1.26,VGS,-0.015934523748209764,1.816249275029644,0.00022780000018127585,10.017500000000007
fast_01_to_11,x1.26,VGD,0.012431520402167232,1.8167036180866385,5e-05,10.012500000000006
fast_01_to_11,x1.26,VDS,-0.4532710627993901,0.03166472110390384,20.032500000000002,4.9975
fast_01_to_11,x1.26,VBS,-1.3252038523287175,0.037797334874512596,18.457499999999918,10.017500000000007
fast_01_to_11,x1.27,VGS,-0.13233439294675098,1.8740736831248441,0.020995866009339795,20.028500000000005
fast_01_to_11,x1.27,VGD,-1.1897416523262456,0.0790051393460458,0.005,20.026500000000006
fast_01_to_11,x1.27,VDS,0.18898250585536824,1.8040268941626265,5e-05,10.002500000000005
fast_01_to_11,x1.27,VBS,-0.025756981342861307,1.8036322945289214,5.4200000004282114e-05,10.002500000000005
fast_01_to_11,x1.28,VGS,-1.362922030374721,0.14178889135258477,17.972499999999997,0.00443140210474331
fast_01_to_11,x1.28,VGD,-1.2165052715447595,0.20078554573953453,19.9975,0.00443140210474331
fast_01_to_11,x1.28,VDS,-1.3426965953207852,0.02004049689378329,10.007500000000006,19.9975
fast_01_to_11,x1.28,VBS,-1.3664976778474647,-0.011348462511569055,17.972499999999997,5e-05
fast_01_to_11,x2.mp1,VGS,-1.8053889509303733,-0.8557996318745189,25.0075,0.030995866009339793
fast_01_to_11,x2.mp1,VGD,-1.8050430396125872,0.02542986533163083,25.0075,0.035995866009339794
fast_01_to_11,x2.mp1,VDS,-1.0741311822368136,0.0006140959695972725,0.00022780000018127585,10.0375
fast_01_to_11,x2.mp1,VBS,0.0,0.0,5e-05,5e-05
fast_01_to_11,x2.mn1,VGS,-0.005388950930373282,0.9442003681254811,25.0075,0.030995866009339793
fast_01_to_11,x2.mn1,VGD,-1.8050430396125872,0.02542986533163083,25.0075,0.035995866009339794
fast_01_to_11,x2.mn1,VDS,0.7258688177631863,1.8006140959695973,0.00022780000018127585,10.0375
fast_01_to_11,x2.mn1,VBS,0.0,0.0,5e-05,5e-05
fast_01_to_11,x2.mp2,VGS,-1.0741311822368136,0.0006140959695972725,0.00022780000018127585,10.0375
fast_01_to_11,x2.mp2,VGD,0.6938279819505153,1.8004431981753661,0.00038402202621941816,10.0375
fast_01_to_11,x2.mp2,VDS,-1.799873715758165,-1.6763174229055535,5.032500000000001,0.0709958660093398
fast_01_to_11,x2.mp2,VBS,0.0,0.0,5e-05,5e-05
fast_01_to_11,x2.mn2,VGS,0.7258688177631863,1.8006140959695973,0.00022780000018127585,10.0375
fast_01_to_11,x2.mn2,VGD,0.6938279819505153,1.8004431981753661,0.00038402202621941816,10.0375
fast_01_to_11,x2.mn2,VDS,0.00012628424183495446,0.12368257709444647,5.032500000000001,0.0709958660093398
fast_01_to_11,x2.mn2,VBS,0.0,0.0,5e-05,5e-05
fast_01_to_11,x3.mp1,VGS,-1.8201024978923708,0.02157395138557261,5.0825,10.11750000000001
fast_01_to_11,x3.mp1,VGD,-1.8186670658507054,1.8215337056113343,5.0874999999999995,10.11750000000001
fast_01_to_11,x3.mp1,VDS,-1.8141372223952026,0.05546255241893827,10.25750000000003,5.162499999999997
fast_01_to_11,x3.mp1,VBS,0.0,0.0,5e-05,5e-05
fast_01_to_11,x3.mn1,VGS,-0.020102497892370726,1.8215739513855727,5.0825,10.11750000000001
fast_01_to_11,x3.mn1,VGD,-1.8186670658507054,1.8215337056113343,5.0874999999999995,10.11750000000001
fast_01_to_11,x3.mn1,VDS,-0.014137222395202459,1.8554625524189383,10.25750000000003,5.162499999999997
fast_01_to_11,x3.mn1,VBS,0.0,0.0,5e-05,5e-05
fast_01_to_11,x3.mp2,VGS,-1.8141372223952026,0.05546255241893827,10.25750000000003,5.162499999999997
fast_01_to_11,x3.mp2,VGD,-1.8137257966290061,1.854226465926006,10.25750000000003,5.162499999999997
fast_01_to_11,x3.mp2,VDS,-1.8198816857894282,0.02479738438094259,5.197499999999996,10.32250000000004
fast_01_to_11,x3.mp2,VBS,0.0,0.0,5e-05,5e-05
fast_01_to_11,x3.mn2,VGS,-0.014137222395202459,1.8554625524189383,10.25750000000003,5.162499999999997
fast_01_to_11,x3.mn2,VGD,-1.8137257966290061,1.854226465926006,10.25750000000003,5.162499999999997
fast_01_to_11,x3.mn2,VDS,-0.019881685789428068,1.8247973843809426,5.197499999999996,10.32250000000004
fast_01_to_11,x3.mn2,VBS,0.0,0.0,5e-05,5e-05
fast_01_to_11,x4.mp1,VGS,-1.820186733536708,0.02047937273734335,20.087499999999995,25.0475
fast_01_to_11,x4.mp1,VGD,-1.8187825799305966,1.820228557541907,20.087499999999995,25.0475
fast_01_to_11,x4.mp1,VDS,-1.8143046351635246,0.05616677213002119,25.25749999999996,20.16249999999998
fast_01_to_11,x4.mp1,VBS,0.0,0.0,5e-05,5e-05
fast_01_to_11,x4.mn1,VGS,-0.020186733536707833,1.8204793727373434,20.087499999999995,25.0475
fast_01_to_11,x4.mn1,VGD,-1.8187825799305966,1.820228557541907,20.087499999999995,25.0475
fast_01_to_11,x4.mn1,VDS,-0.01430463516352462,1.8561667721300212,25.25749999999996,20.16249999999998
fast_01_to_11,x4.mn1,VBS,0.0,0.0,5e-05,5e-05
fast_01_to_11,x4.mp2,VGS,-1.8143046351635246,0.05616677213002119,25.25749999999996,20.16249999999998
fast_01_to_11,x4.mp2,VGD,-1.813888529614231,1.8547684531659414,25.25749999999996,20.16249999999998
fast_01_to_11,x4.mp2,VDS,-1.8203146320708807,0.024948364514248977,20.202499999999972,25.32249999999995
fast_01_to_11,x4.mp2,VBS,0.0,0.0,5e-05,5e-05
fast_01_to_11,x4.mn2,VGS,-0.01430463516352462,1.8561667721300212,25.25749999999996,20.16249999999998
fast_01_to_11,x4.mn2,VGD,-1.813888529614231,1.8547684531659414,25.25749999999996,20.16249999999998
fast_01_to_11,x4.mn2,VDS,-0.020314632070880707,1.824948364514249,20.202499999999972,25.32249999999995
fast_01_to_11,x4.mn2,VBS,0.0,0.0,5e-05,5e-05
fast_01_to_11,x5.mp1,VGS,-1.8059162239380684,-0.8276951559076785,10.007500000000006,0.030995866009339793
fast_01_to_11,x5.mp1,VGD,-1.8055443784780738,0.08321929907730585,10.007500000000006,0.0409958660093398
fast_01_to_11,x5.mp1,VDS,-1.074985804630845,0.0007036533972881731,0.00022780000018127585,25.0375
fast_01_to_11,x5.mp1,VBS,0.0,0.0,5e-05,5e-05
fast_01_to_11,x5.mn1,VGS,-0.005916223938068264,0.9723048440923215,10.007500000000006,0.030995866009339793
fast_01_to_11,x5.mn1,VGD,-1.8055443784780738,0.08321929907730585,10.007500000000006,0.0409958660093398
fast_01_to_11,x5.mn1,VDS,0.7250141953691551,1.8007036533972882,0.00022780000018127585,25.0375
fast_01_to_11,x5.mn1,VBS,0.0,0.0,5e-05,5e-05
fast_01_to_11,x5.mp2,VGS,-1.074985804630845,0.0007036533972881731,0.00022780000018127585,25.0375
fast_01_to_11,x5.mp2,VGD,0.6925905966461446,1.8005303071656729,0.00038402202621941816,25.0375
fast_01_to_11,x5.mp2,VDS,-1.7998742802342267,-1.657749851956623,20.032500000000002,0.07599586600933979
fast_01_to_11,x5.mp2,VBS,0.0,0.0,5e-05,5e-05
fast_01_to_11,x5.mn2,VGS,0.7250141953691551,1.8007036533972882,0.00022780000018127585,25.0375
fast_01_to_11,x5.mn2,VGD,0.6925905966461446,1.8005303071656729,0.00038402202621941816,25.0375
fast_01_to_11,x5.mn2,VDS,0.00012571976577331265,0.14225014804337704,20.032500000000002,0.07599586600933979
fast_01_to_11,x5.mn2,VBS,0.0,0.0,5e-05,5e-05
fast_10_to_00,x1.0,VGS,-1.1995430672826832,1.7998671952981808,18.212499999999967,9.975000000000001
fast_10_to_00,x1.0,VGD,-0.012538490884419391,1.7999793923581566,9.340000004424843e-05,7.072499999999951
fast_10_to_00,x1.0,VDS,-1.2205839592712358,0.03932582413898319,19.9925,10.012500000000006
fast_10_to_00,x1.0,VBS,-1.2209164999132318,0.03935519855850302,19.9975,10.012500000000006
fast_10_to_00,x1.1,VGS,-1.8718540167659066,0.046060152187821224,20.0625,0.2854193792840424
fast_10_to_00,x1.1,VGD,-1.209232308780445,0.8238259729291153,19.974999999999998,0.1604193792840424
fast_10_to_00,x1.1,VDS,-1.0394320881325638,-0.1054723108538168,0.10541937928404235,5e-05
fast_10_to_00,x1.1,VBS,-1.8680835801849052,-0.06838363224439598,5.0265,5e-05
fast_10_to_00,x1.2,VGS,-0.128527458009133,1.8666787425398368,0.020419379284042385,5.0285
fast_10_to_00,x1.2,VGD,-1.1804331571255897,0.07152219911947877,0.005,5.0285
fast_10_to_00,x1.2,VDS,0.1651982398340507,1.8025349709323086,5e-05,25.0025
fast_10_to_00,x1.2,VBS,-0.03584245833052832,1.802178199324623,5.4200000004282114e-05,25.0025
fast_10_to_00,x1.3,VGS,-1.8602760228866988,1.7997012162675108,5.0825,21.817499999999665
fast_10_to_00,x1.3,VGD,-1.2054739595655477,1.7997835385881575,17.977499999999996,21.812499999999666
fast_10_to_00,x1.3,VDS,-1.8520997986644003,0.000136708259367793,5.962499999999978,24.978500000000004
fast_10_to_00,x1.3,VBS,-1.8759700534795134,0.014785247534741374,20.032500000000002,24.997500000000002
fast_10_to_00,x1.4,VGS,-1.8667040493658935,-0.04491832249526141,25.25749999999996,5e-05
fast_10_to_00,x1.4,VGD,-0.001664776261502393,0.009682210403896597,0.0011381725541251117,7.100000002141053e-05
fast_10_to_00,x1.4,VDS,-1.866473619114044,-0.053574166985401336,25.25749999999996,5e-05
fast_10_to_00,x1.4,VBS,-1.8664022934760192,-0.03966971851406395,25.25749999999996,5e-05
fast_10_to_00,x1.5,VGS,-0.1235402623808799,1.871331147929741,0.020419379284042385,5.032500000000001
fast_10_to_00,x1.5,VGD,-1.1769764390725452,0.07610789940252527,0.005,5.0265
fast_10_to_00,x1.5,VDS,0.25504848680748,1.8041378234443235,5e-05,10.002500000000005
fast_10_to_00,x1.5,VBS,-0.007256297071967344,1.8038302511322821,5.1400000001427375e-05,25.0025
fast_10_to_00,x1.6,VGS,-1.810693350403209,1.8731838050981757,9.997500000000004,20.028500000000005
fast_10_to_00,x1.6,VGD,-0.015745003959949676,1.8737633558380784,9.997500000000004,20.026500000000006
fast_10_to_00,x1.6,VDS,-1.8202520332336094,0.018882040254482823,10.11250000000001,5.0874999999999995
fast_10_to_00,x1.6,VBS,-1.8197639124170921,0.0214187585714394,10.11750000000001,5.0874999999999995
fast_10_to_00,x1.7,VGS,-1.8213624061966704,1.8359918611576254,17.977499999999996,25.272499999999958
fast_10_to_00,x1.7,VGD,-0.03645247005934868,1.8428677463736067,10.024999999999999,20.025000000000002
fast_10_to_00,x1.7,VDS,-1.8348186265669735,0.01603245311799732,5.025,25.022499999999997
fast_10_to_00,x1.7,VBS,-1.834821994944546,0.01811105756872686,5.025,25.022499999999997
fast_10_to_00,x1.8,VGS,-0.007214425542401537,1.8115363023027522,9.340000004424843e-05,25.0125
fast_10_to_00,x1.8,VGD,0.018147699800494452,1.8125023896112642,5e-05,25.0075
fast_10_to_00,x1.8,VDS,-0.5026469429445481,0.0846204341188086,0.2104193792840425,18.39249999999993
fast_10_to_00,x1.8,VBS,-1.2506481993628755,0.038482585922640644,18.12249999999998,25.0175
fast_10_to_00,x1.9,VGS,-1.8015755778253912,1.7996136652412245,25.247499999999963,9.517500000000235
fast_10_to_00,x1.9,VGD,-1.7999839787778977,0.002461184708808517,30.000000000000004,5.167499999999997
fast_10_to_00,x1.9,VDS,-0.07882792018901252,1.806840966406811,20.025500000000005,9.987500000000002
fast_10_to_00,x1.9,VBS,-0.0778006649955083,1.8113309364287238,20.028500000000005,9.992500000000003
fast_10_to_00,x1.10,VGS,-1.8430826979907653,1.8364724926835931,20.025000000000002,10.024999999999999
fast_10_to_00,x1.10,VGD,-1.8038159878742246,0.3019358112680932,20.025000000000002,0.00020736498354819832
fast_10_to_00,x1.10,VDS,-0.039266710116540704,1.8353727336583656,20.025000000000002,10.024999999999999
fast_10_to_00,x1.10,VBS,-0.04269883177601819,1.8353253647985501,20.025000000000002,10.024999999999999
fast_10_to_00,x1.11,VGS,-1.821566844621006,1.8358774035486576,17.977499999999996,25.272499999999958
fast_10_to_00,x1.11,VGD,-1.8330808648799084,0.04624678282208228,10.024999999999999,20.025000000000002
fast_10_to_00,x1.11,VDS,-0.03149584941801109,1.818552597332446,5.025,25.0175
fast_10_to_00,x1.11,VBS,-0.03391049474886132,1.8185111605185387,5.025,25.0175
fast_10_to_00,x1.12,VGS,-1.8167556819285782,1.799611278899681,18.137499999999978,24.60749999999914
fast_10_to_00,x1.12,VGD,-1.8011288361184659,0.0010952729702540243,18.13249999999998,5.167499999999997
fast_10_to_00,x1.12,VDS,-0.07587014418768301,1.8061130504866085,20.025000000000002,24.987500000000004
fast_10_to_00,x1.12,VBS,-0.0750685749166422,1.8104825060207737,20.028500000000005,24.987500000000004
fast_10_to_00,x1.13,VGS,-1.87383338432115,1.799767399211164,20.047500000000003,9.982500000000002
fast_10_to_00,x1.13,VGD,-1.1761601148324643,1.800636319791499,19.974999999999998,9.992500000000003
fast_10_to_00,x1.13,VDS,-1.853562258103634,0.0004259014054453121,21.00249999999982,9.978500000000002
fast_10_to_00,x1.13,VBS,-1.876261766980342,0.016071643023438033,5.0265,9.997500000000004
fast_10_to_00,x1.14,VGS,-1.8615986806559677,0.15799416059785815,25.25749999999996,0.0001313883278788984
fast_10_to_00,x1.14,VGD,-1.8049556532064972,-0.6072647096456569,25.25749999999996,5e-05
fast_10_to_00,x1.14,VDS,-0.05664302744947047,1.5125119048758682,25.25749999999996,0.0011381725541251117
fast_10_to_00,x1.14,VBS,-0.06186843624010918,1.5823368437463181,25.25749999999996,0.0017856184462116656
fast_10_to_00,x1.15,VGS,-0.0929000126410946,1.8644732596104356,0.08541937928404236,25.26249999999996
fast_10_to_00,x1.15,VGD,0.026690676185507703,1.8662276893000094,5e-05,25.25749999999996
fast_10_to_00,x1.15,VDS,-0.8678725058299969,0.009978633466261816,0.13541937928404235,20.047500000000003
fast_10_to_00,x1.15,VBS,-0.8725644566503802,0.011314456327453714,0.13541937928404235,20.047500000000003
fast_10_to_00,x1.16,VGS,-0.10950978083141472,1.8642649968275973,0.08041937928404237,25.26249999999996
fast_10_to_00,x1.16,VGD,-1.5575333858309899,0.06729593289279445,0.004202673503371678,25.25749999999996
fast_10_to_00,x1.16,VDS,0.7103995171334578,1.8112981802636101,5e-05,20.047500000000003
fast_10_to_00,x1.16,VBS,0.1784206943692433,1.8111779555461238,5e-05,20.047500000000003
fast_10_to_00,x1.17,VGS,-1.8167779137353655,0.0885745964155592,18.12249999999998,0.00020736498354819832
fast_10_to_00,x1.17,VGD,-1.8011466231971691,0.0016791606382460245,18.12749999999998,5.167499999999997
fast_10_to_00,x1.17,VDS,-0.07660852154404285,1.2156661633952583,5.0255,0.0011381725541251117
fast_10_to_00,x1.17,VBS,-0.07582341806538895,1.2353736551821153,5.0285,0.0017856184462116656
fast_10_to_00,x1.18,VGS,-0.10241961361822993,1.871277154231799,0.000640109714246898,5.0285
fast_10_to_00,x1.18,VGD,0.07490461647823002,1.8718752054799874,5e-05,5.0265
fast_10_to_00,x1.18,VDS,-0.9503534724088729,0.004260305065363172,0.030419379284042383,10.012500000000006
fast_10_to_00,x1.18,VBS,-0.9546523112035235,0.004774765588113514,0.030419379284042383,10.007500000000006
fast_10_to_00,x1.19,VGS,-1.8698178167809452,0.0372887921531071,5.102499999999999,25.272499999999958
fast_10_to_00,x1.19,VGD,-0.17453162086353943,0.7235874340452704,0.1654193792840424,18.457499999999918
fast_10_to_00,x1.19,VDS,-1.7767294451005624,-0.10549378665391732,5.507499999999989,5e-05
fast_10_to_00,x1.19,VBS,-1.8738932273784599,-0.06561515076162064,5.0255,5e-05
fast_10_to_00,x1.20,VGS,-1.8006569143628648,0.07540818581849518,18.057499999999994,0.0003593182948867982
fast_10_to_00,x1.20,VGD,-1.799981490804712,0.0028468452712568926,30.000000000000004,5.167499999999997
fast_10_to_00,x1.20,VDS,-0.07180312190784499,1.2105327655315443,5.0265,0.0017856184462116656
fast_10_to_00,x1.20,VBS,-0.0715199279540466,1.227713951156119,5.0285,0.002761162903853392
fast_10_to_00,x1.21,VGS,-0.10851379457734217,1.8667592173947705,0.000640109714246898,5.0285
fast_10_to_00,x1.21,VGD,0.0723309490303788,1.8671795278639682,5e-05,5.0265
fast_10_to_00,x1.21,VDS,-0.9515811573434008,0.0027088107343538623,0.030419379284042383,25.0125
fast_10_to_00,x1.21,VBS,-0.9566111654411756,0.0031454058071908398,0.030419379284042383,25.0125
fast_10_to_00,x1.22,VGS,-1.351238749405836,0.6325636734153637,30.000000000000004,0.13541937928404235
fast_10_to_00,x1.22,VGD,-1.2155182392997776,0.6570479400712328,19.9975,0.12541937928404234
fast_10_to_00,x1.22,VDS,-1.3261654664702867,1.0792216092934146,25.0125,17.977499999999996
fast_10_to_00,x1.22,VBS,-1.351389556119637,-0.008992429410284879,30.000000000000004,5e-05
fast_10_to_00,x1.23,VGS,-1.8095813834426497,1.8718520486735826,24.997500000000002,20.028500000000005
fast_10_to_00,x1.23,VGD,-0.014337965960440104,1.8722583905463321,24.992500000000003,20.026500000000006
fast_10_to_00,x1.23,VDS,-1.821660611849043,0.019244417224798256,25.112499999999986,20.087499999999995
fast_10_to_00,x1.23,VBS,-1.8211458357292716,0.021883805649538304,25.117499999999986,20.087499999999995
fast_10_to_00,x1.24,VGS,-1.809902992410019,1.8719222371376967,24.997500000000002,20.032500000000002
fast_10_to_00,x1.24,VGD,-1.8136209020149785,0.07530432341679139,24.997500000000002,20.026500000000006
fast_10_to_00,x1.24,VDS,-0.02046590299723894,1.818737629223543,25.117499999999986,20.082499999999996
fast_10_to_00,x1.24,VBS,-0.022479430188087957,1.8182505149122272,25.117499999999986,20.082499999999996
fast_10_to_00,x1.25,VGS,-1.8467428923126274,1.833171470582276,20.025000000000002,10.024999999999999
fast_10_to_00,x1.25,VGD,-0.001503036539376159,1.808744421065799,20.025000000000002,0.0017856184462116656
fast_10_to_00,x1.25,VDS,-1.8452398557732512,0.029687373401736654,20.025000000000002,10.024999999999999
fast_10_to_00,x1.25,VBS,-1.845156749550317,0.10738350257048873,20.025000000000002,5.1400000001427375e-05
fast_10_to_00,x1.26,VGS,-1.3702977954863536,0.44085215172391823,18.112499999999983,0.09541937928404236
fast_10_to_00,x1.26,VGD,-1.2155218927714244,0.6578540572415095,19.9975,0.12541937928404234
fast_10_to_00,x1.26,VDS,-1.3434867949792915,0.006737975381476025,10.012500000000006,19.9975
fast_10_to_00,x1.26,VBS,-1.3719020259234167,-0.006688561596330869,18.112499999999983,5e-05
fast_10_to_00,x1.27,VGS,-1.8109861567808905,1.8732328210314397,9.997500000000004,20.028500000000005
fast_10_to_00,x1.27,VGD,-1.8147445352163873,0.07833681592445818,9.997500000000004,20.026500000000006
fast_10_to_00,x1.27,VDS,-0.020385980255245073,1.8171719309878958,10.11750000000001,5.0825
fast_10_to_00,x1.27,VBS,-0.025593496453786724,1.8169151132897627,5.4200000004282114e-05,5.0825
fast_10_to_00,x1.28,VGS,-0.0129806068898905,1.812177541375655,9.340000004424843e-05,10.012500000000006
fast_10_to_00,x1.28,VGD,0.015597242026876151,1.8129799186294262,5e-05,10.007500000000006
fast_10_to_00,x1.28,VDS,-0.4441416822137133,0.029820854882575354,20.032500000000002,4.9975
fast_10_to_00,x1.28,VBS,-1.315286968748614,0.03988828895189288,18.697499999999874,10.017500000000007
fast_10_to_00,x2.mp1,VGS,-1.8211793648512216,0.022197588095968612,20.087499999999995,25.117499999999986
fast_10_to_00,x2.mp1,VGD,-1.8198574249701283,1.8221554315463164,20.087499999999995,25.117499999999986
fast_10_to_00,x2.mp1,VDS,-1.8141791226489,0.056329594325652765,25.25749999999996,20.16249999999998
fast_10_to_00,x2.mp1,VBS,0.0,0.0,5e-05,5e-05
fast_10_to_00,x2.mn1,VGS,-0.02117936485122146,1.8221975880959687,20.087499999999995,25.117499999999986
fast_10_to_00,x2.mn1,VGD,-1.8198574249701283,1.8221554315463164,20.087499999999995,25.117499999999986
fast_10_to_00,x2.mn1,VDS,-0.014179122648899783,1.8563295943256528,25.25749999999996,20.16249999999998
fast_10_to_00,x2.mn1,VBS,0.0,0.0,5e-05,5e-05
fast_10_to_00,x2.mp2,VGS,-1.8141791226489,0.056329594325652765,25.25749999999996,20.16249999999998
fast_10_to_00,x2.mp2,VGD,-1.813769769128415,1.8549610326272554,25.25749999999996,20.16249999999998
fast_10_to_00,x2.mp2,VDS,-1.8202336627009765,0.024912148992734418,20.202499999999972,25.32249999999995
fast_10_to_00,x2.mp2,VBS,0.0,0.0,5e-05,5e-05
fast_10_to_00,x2.mn2,VGS,-0.014179122648899783,1.8563295943256528,25.25749999999996,20.16249999999998
fast_10_to_00,x2.mn2,VGD,-1.813769769128415,1.8549610326272554,25.25749999999996,20.16249999999998
fast_10_to_00,x2.mn2,VDS,-0.020233662700976415,1.8249121489927345,20.202499999999972,25.32249999999995
fast_10_to_00,x2.mn2,VBS,0.0,0.0,5e-05,5e-05
fast_10_to_00,x3.mp1,VGS,-1.8059885338990438,-0.8331971493874829,10.007500000000006,0.030419379284042383
fast_10_to_00,x3.mp1,VGD,-1.8056142938194797,0.08233598839898915,10.007500000000006,0.040419379284042385
fast_10_to_00,x3.mp1,VDS,-1.0722853230321339,0.0007053240068684019,0.00020736498354819832,25.0375
fast_10_to_00,x3.mp1,VBS,0.0,0.0,5e-05,5e-05
fast_10_to_00,x3.mn1,VGS,-0.005988533899043716,0.9668028506125171,10.007500000000006,0.030419379284042383
fast_10_to_00,x3.mn1,VGD,-1.8056142938194797,0.08233598839898915,10.007500000000006,0.040419379284042385
fast_10_to_00,x3.mn1,VDS,0.7277146769678661,1.8007053240068684,0.00020736498354819832,25.0375
fast_10_to_00,x3.mn1,VBS,0.0,0.0,5e-05,5e-05
fast_10_to_00,x3.mp2,VGS,-1.0722853230321339,0.0007053240068684019,0.00020736498354819832,25.0375
fast_10_to_00,x3.mp2,VGD,0.6920770298659877,1.8005314531764551,0.0003593182948867982,25.0375
fast_10_to_00,x3.mp2,VDS,-1.7998750188655552,-1.6567300503590745,20.032500000000002,0.07541937928404238
fast_10_to_00,x3.mp2,VBS,0.0,0.0,5e-05,5e-05
fast_10_to_00,x3.mn2,VGS,0.7277146769678661,1.8007053240068684,0.00020736498354819832,25.0375
fast_10_to_00,x3.mn2,VGD,0.6920770298659877,1.8005314531764551,0.0003593182948867982,25.0375
fast_10_to_00,x3.mn2,VDS,0.00012498113444476473,0.14326994964092557,20.032500000000002,0.07541937928404238
fast_10_to_00,x3.mn2,VBS,0.0,0.0,5e-05,5e-05
fast_10_to_00,x4.mp1,VGS,-1.8043017169322317,-0.829576628938116,25.0075,0.030419379284042383
fast_10_to_00,x4.mp1,VGD,-1.8040076516396237,0.08149289213092248,25.0075,0.03541937928404239
fast_10_to_00,x4.mp1,VDS,-1.0721213991095686,0.000512942109015535,0.00020736498354819832,10.0375
fast_10_to_00,x4.mp1,VBS,0.0,0.0,5e-05,5e-05
fast_10_to_00,x4.mn1,VGS,-0.004301716932231724,0.970423371061884,25.0075,0.030419379284042383
fast_10_to_00,x4.mn1,VGD,-1.8040076516396237,0.08149289213092248,25.0075,0.03541937928404239
fast_10_to_00,x4.mn1,VDS,0.7278786008904314,1.8005129421090156,0.00020736498354819832,10.0375
fast_10_to_00,x4.mn1,VBS,0.0,0.0,5e-05,5e-05
fast_10_to_00,x4.mp2,VGS,-1.0721213991095686,0.000512942109015535,0.00020736498354819832,10.0375
fast_10_to_00,x4.mp2,VGD,0.6920850993901945,1.8003471373719981,0.0003593182948867982,10.0375
fast_10_to_00,x4.mp2,VDS,-1.7998664321988798,-1.6590180748379248,5.0375000000000005,0.07041937928404238
fast_10_to_00,x4.mp2,VBS,0.0,0.0,5e-05,5e-05
fast_10_to_00,x4.mn2,VGS,0.7278786008904314,1.8005129421090156,0.00020736498354819832,10.0375
fast_10_to_00,x4.mn2,VGD,0.6920850993901945,1.8003471373719981,0.0003593182948867982,10.0375
fast_10_to_00,x4.mn2,VDS,0.00013356780112031735,0.14098192516207528,5.0375000000000005,0.07041937928404238
fast_10_to_00,x4.mn2,VBS,0.0,0.0,5e-05,5e-05
fast_10_to_00,x5.mp1,VGS,-1.8199360259087807,0.020974850840239645,5.0825,10.11750000000001
fast_10_to_00,x5.mp1,VGD,-1.8186378238186443,1.8209283380576844,5.0874999999999995,10.11750000000001
fast_10_to_00,x5.mp1,VDS,-1.8142843641804058,0.056092987808411765,10.25750000000003,5.162499999999997
fast_10_to_00,x5.mp1,VBS,0.0,0.0,5e-05,5e-05
fast_10_to_00,x5.mn1,VGS,-0.019936025908780654,1.8209748508402397,5.0825,10.11750000000001
fast_10_to_00,x5.mn1,VGD,-1.8186378238186443,1.8209283380576844,5.0874999999999995,10.11750000000001
fast_10_to_00,x5.mn1,VDS,-0.014284364180405736,1.8560929878084118,10.25750000000003,5.162499999999997
fast_10_to_00,x5.mn1,VBS,0.0,0.0,5e-05,5e-05
fast_10_to_00,x5.mp2,VGS,-1.8142843641804058,0.056092987808411765,10.25750000000003,5.162499999999997
fast_10_to_00,x5.mp2,VGD,-1.8138677834258663,1.8548009553861609,10.25750000000003,5.162499999999997
fast_10_to_00,x5.mp2,VDS,-1.8198500025168391,0.024918338430302445,5.202499999999996,10.32250000000004
fast_10_to_00,x5.mp2,VBS,0.0,0.0,5e-05,5e-05
fast_10_to_00,x5.mn2,VGS,-0.014284364180405736,1.8560929878084118,10.25750000000003,5.162499999999997
fast_10_to_00,x5.mn2,VGD,-1.8138677834258663,1.8548009553861609,10.25750000000003,5.162499999999997
fast_10_to_00,x5.mn2,VDS,-0.019850002516839178,1.8249183384303025,5.202499999999996,10.32250000000004
fast_10_to_00,x5.mn2,VBS,0.0,0.0,5e-05,5e-05
fast_10_to_01,x1.0,VGS,-1.1938298025844971,1.7998671952981808,17.972499999999997,9.975000000000001
fast_10_to_01,x1.0,VGD,-0.012538490884419391,1.7999793923581566,9.340000004424843e-05,7.072499999999951
fast_10_to_01,x1.0,VDS,-1.2015121381438483,0.03932582413898319,19.9925,10.012500000000006
fast_10_to_01,x1.0,VBS,-1.2020572277278765,0.03935519855850302,19.9975,10.012500000000006
fast_10_to_01,x1.1,VGS,-1.867014312214319,0.046060152187821224,20.047500000000003,0.2854193792840424
fast_10_to_01,x1.1,VGD,-1.5053631956701627,0.8238259729291153,18.44749999999992,0.1604193792840424
fast_10_to_01,x1.1,VDS,-1.8479344888810545,-0.1054723108538168,20.85249999999985,5e-05
fast_10_to_01,x1.1,VBS,-1.8680835801849052,-0.06838363224439598,5.0265,5e-05
fast_10_to_01,x1.2,VGS,-0.128527458009133,1.8666787425398368,0.020419379284042385,5.0285
fast_10_to_01,x1.2,VGD,-1.1804331571255897,0.07152219911947877,0.005,5.0285
fast_10_to_01,x1.2,VDS,0.1651982398340507,1.802207275375314,5e-05,25.0025
fast_10_to_01,x1.2,VBS,-0.03584245833052832,1.8018932536390058,5.4200000004282114e-05,25.0025
fast_10_to_01,x1.3,VGS,-1.8602760228866988,0.03654615633262681,5.0825,25.277499999999957
fast_10_to_01,x1.3,VGD,-1.210874483969139,0.667325984895659,17.977499999999996,18.687499999999876
fast_10_to_01,x1.3,VDS,-1.8520997986644003,-0.1040720779626799,5.962499999999978,5e-05
fast_10_to_01,x1.3,VBS,-1.8746387229259642,-0.0687159002458553,5.0265,5e-05
fast_10_to_01,x1.4,VGS,-1.8659702711473036,1.8209799534434368,10.25250000000003,25.025000000000002
fast_10_to_01,x1.4,VGD,-0.001664776261502393,1.8021824135458486,0.0011381725541251117,25.0255
fast_10_to_01,x1.4,VDS,-1.8657509825108864,0.0188011964654783,10.25250000000003,25.025000000000002
fast_10_to_01,x1.4,VBS,-1.865679653067469,0.020876290982723117,10.25250000000003,25.025000000000002
fast_10_to_01,x1.5,VGS,-1.8098618501436072,1.871331147929741,24.997500000000002,5.032500000000001
fast_10_to_01,x1.5,VGD,-1.8141393774387495,0.07610789940252527,24.997500000000002,5.0265
fast_10_to_01,x1.5,VDS,-0.020324902000633305,1.8170676088457023,25.117499999999986,20.082499999999996
fast_10_to_01,x1.5,VBS,-0.022326602934664708,1.8167791701755498,25.117499999999986,20.082499999999996
fast_10_to_01,x1.6,VGS,-1.810693350403209,1.8737431406489389,9.997500000000004,20.028500000000005
fast_10_to_01,x1.6,VGD,-0.015745003959949676,1.8742306039978855,9.997500000000004,20.026500000000006
fast_10_to_01,x1.6,VDS,-1.8202520332336094,0.018882040254482823,10.11250000000001,5.0874999999999995
fast_10_to_01,x1.6,VBS,-1.8197639124170921,0.0214187585714394,10.11750000000001,5.0874999999999995
fast_10_to_01,x1.7,VGS,-1.821253480650806,1.8349126424318845,17.977499999999996,25.282499999999956
fast_10_to_01,x1.7,VGD,-0.03645247005934868,1.8429831724328556,10.024999999999999,20.025000000000002
fast_10_to_01,x1.7,VDS,-1.8348186265669735,0.01609338290402211,5.025,25.022499999999997
fast_10_to_01,x1.7,VBS,-1.834821994944546,0.01788358265309415,5.025,25.022499999999997
fast_10_to_01,x1.8,VGS,-0.9276327884087445,1.804838625167863,18.25249999999996,9.997500000000004
fast_10_to_01,x1.8,VGD,-1.191824843636995,1.8122823795291654,19.9975,10.007500000000006
fast_10_to_01,x1.8,VDS,-0.8722745680717618,0.31802463529213987,25.0125,19.9975
fast_10_to_01,x1.8,VBS,-1.2474321774808983,0.023625474839156887,17.972499999999997,10.002500000000005
fast_10_to_01,x1.9,VGS,-1.8000061547807806,1.7996136652412245,25.812499999999854,9.517500000000235
fast_10_to_01,x1.9,VGD,-1.7999827849543442,0.002461184708808517,30.000000000000004,5.167499999999997
fast_10_to_01,x1.9,VDS,-0.07921840977169037,1.806840966406811,20.025500000000005,9.987500000000002
fast_10_to_01,x1.9,VBS,-0.07854195567773559,1.8113309364287238,20.028500000000005,9.992500000000003
fast_10_to_01,x1.10,VGS,-1.8431836240749822,1.8364724926835931,20.025000000000002,10.024999999999999
fast_10_to_01,x1.10,VGD,-1.803819568588145,0.3019358112680932,20.025000000000002,0.00020736498354819832
fast_10_to_01,x1.10,VDS,-0.03936405548683708,1.8353727336583656,20.025000000000002,10.024999999999999
fast_10_to_01,x1.10,VBS,-0.04280678932696347,1.8353253647985501,20.025000000000002,10.024999999999999
fast_10_to_01,x1.11,VGS,-1.8214305646014615,1.8348086219904525,17.977499999999996,25.282499999999956
fast_10_to_01,x1.11,VGD,-1.8330808648799084,0.04636357976375338,10.024999999999999,20.025000000000002
fast_10_to_01,x1.11,VDS,-0.03149584941801109,1.8186050532185847,5.025,25.0175
fast_10_to_01,x1.11,VBS,-0.03391049474886132,1.8185631017241763,5.025,25.0175
fast_10_to_01,x1.12,VGS,-1.8139022578513428,0.10761147794622683,18.177499999999974,0.00020736498354819832
fast_10_to_01,x1.12,VGD,-1.800483485765417,0.0010952729702540243,18.097499999999986,5.167499999999997
fast_10_to_01,x1.12,VDS,-0.07509419612766255,1.2362748932779841,20.025000000000002,0.0011381725541251117
fast_10_to_01,x1.12,VBS,-0.07441387670531441,1.2461505915486344,20.028500000000005,0.0017856184462116656
fast_10_to_01,x1.13,VGS,-1.8790302560974694,1.799767399211164,20.0575,9.982500000000002
fast_10_to_01,x1.13,VGD,-0.877244950268567,1.800636319791499,19.974999999999998,9.992500000000003
fast_10_to_01,x1.13,VDS,-1.036333111478898,0.0004259014054453121,0.10041937928404236,9.978500000000002
fast_10_to_01,x1.13,VBS,-1.876261766980342,0.016071643023438033,5.0265,9.997500000000004
fast_10_to_01,x1.14,VGS,-1.8609179191050886,1.823052282801845,10.25250000000003,25.025000000000002
fast_10_to_01,x1.14,VGD,-1.8049019149276564,0.000517488633564156,10.25750000000003,18.001500000000004
fast_10_to_01,x1.14,VDS,-0.056019742190578814,1.8226055429043517,10.25250000000003,25.025000000000002
fast_10_to_01,x1.14,VBS,-0.06118358057271611,1.8225622179872605,10.25250000000003,25.025000000000002
fast_10_to_01,x1.15,VGS,-1.8341959471957843,1.86378706137513,25.18749999999997,10.25750000000003
fast_10_to_01,x1.15,VGD,-0.02303192331965946,1.8654989948538236,25.025000000000002,10.25250000000003
fast_10_to_01,x1.15,VDS,-1.840961498729013,0.015846482810985135,25.182499999999973,18.0275
fast_10_to_01,x1.15,VBS,-1.840942107201485,0.01801086792320504,25.182499999999973,18.0275
fast_10_to_01,x1.16,VGS,-1.831478878802678,1.8635816413657134,25.18749999999997,10.25750000000003
fast_10_to_01,x1.16,VGD,-1.820906568199594,0.06655040188506267,25.025000000000002,10.25250000000003
fast_10_to_01,x1.16,VDS,-0.03592408491625432,1.8154920765220692,25.18749999999997,18.0225
fast_10_to_01,x1.16,VBS,-0.03878826600034824,1.8162498316766726,25.18749999999997,18.0275
fast_10_to_01,x1.17,VGS,-1.816751746901038,1.7996133648573682,18.147499999999976,24.037499999999245
fast_10_to_01,x1.17,VGD,-1.8007178163595179,0.0016791606382460245,18.12249999999998,5.167499999999997
fast_10_to_01,x1.17,VDS,-0.07660852154404285,1.8064725144595508,5.0255,24.987500000000004
fast_10_to_01,x1.17,VBS,-0.07582341806538895,1.810849487077738,5.0285,24.992500000000003
fast_10_to_01,x1.18,VGS,-1.8095021552346444,1.871277154231799,24.997500000000002,5.0285
fast_10_to_01,x1.18,VGD,-0.014894242820389317,1.8718752054799874,24.992500000000003,5.0265
fast_10_to_01,x1.18,VDS,-1.8209375710124487,0.01866594347289918,25.112499999999986,20.087499999999995
fast_10_to_01,x1.18,VBS,-1.820379491341228,0.021151295960618044,25.117499999999986,20.087499999999995
fast_10_to_01,x1.19,VGS,-1.8698178167809452,1.7996960465964034,5.102499999999999,21.852499999999658
fast_10_to_01,x1.19,VGD,-0.17453162086353943,1.7997783408500434,0.1654193792840424,21.852499999999658
fast_10_to_01,x1.19,VDS,-1.7767294451005624,0.0002970345406316556,5.507499999999989,24.978500000000004
fast_10_to_01,x1.19,VBS,-1.8738932273784599,0.015401833627088317,5.0255,24.997500000000002
fast_10_to_01,x1.20,VGS,-1.800505029656486,0.07540818581849518,25.247499999999963,0.0003593182948867982
fast_10_to_01,x1.20,VGD,-1.7999815860831223,0.0028468452712568926,30.000000000000004,5.167499999999997
fast_10_to_01,x1.20,VDS,-0.07180312190784499,1.2105327655315443,5.0265,0.0017856184462116656
fast_10_to_01,x1.20,VBS,-0.0715199279540466,1.227713951156119,5.0285,0.002761162903853392
fast_10_to_01,x1.21,VGS,-0.10851379457734217,1.8667592173947705,0.000640109714246898,5.0285
fast_10_to_01,x1.21,VGD,0.0723309490303788,1.8671795278639682,5e-05,5.0265
fast_10_to_01,x1.21,VDS,-0.9515811573434008,0.002565245909356416,0.030419379284042383,25.0075
fast_10_to_01,x1.21,VBS,-0.9566111654411756,0.0029378032812143427,0.030419379284042383,25.0125
fast_10_to_01,x1.22,VGS,-0.1461010834822474,1.806146729318722,18.052499999999995,24.997500000000002
fast_10_to_01,x1.22,VGD,-1.1928834141111622,1.815584515810631,17.982499999999995,25.0125
fast_10_to_01,x1.22,VDS,-0.38823352935005007,1.0817065945355568,20.032500000000002,17.972499999999997
fast_10_to_01,x1.22,VBS,-1.2288983962442124,0.022992243355922707,20.012499999999996,25.0025
fast_10_to_01,x1.23,VGS,-0.10364018762052185,1.8711663778509997,0.000640109714246898,20.032500000000002
fast_10_to_01,x1.23,VGD,0.07982036777313022,1.8715208041322156,5e-05,20.026500000000006
fast_10_to_01,x1.23,VDS,-0.9409227144713851,0.0037941285520240817,0.030419379284042383,10.007500000000006
fast_10_to_01,x1.23,VBS,-0.9455459907398809,0.004245217518463769,0.030419379284042383,10.007500000000006
fast_10_to_01,x1.24,VGS,-0.11251946041719185,1.8713293771989066,0.020419379284042385,20.032500000000002
fast_10_to_01,x1.24,VGD,-1.1743114174236269,0.07456474689309434,0.005,20.026500000000006
fast_10_to_01,x1.24,VDS,0.3377234630976903,1.8038042809888686,5e-05,10.002500000000005
fast_10_to_01,x1.24,VBS,0.014429063688591537,1.8034323237630023,5e-05,10.002500000000005
fast_10_to_01,x1.25,VGS,-1.846850180609883,1.833171470582276,20.025000000000002,10.024999999999999
fast_10_to_01,x1.25,VGD,-0.0015083229205464998,1.808744421065799,20.025000000000002,0.0017856184462116656
fast_10_to_01,x1.25,VDS,-1.8453418576893363,0.029687373401736654,20.025000000000002,10.024999999999999
fast_10_to_01,x1.25,VBS,-1.8452674393640076,0.10738350257048873,20.025000000000002,5.1400000001427375e-05
fast_10_to_01,x1.26,VGS,-1.382794303936077,1.8162370102757108,18.0275,25.0175
fast_10_to_01,x1.26,VGD,-1.1928917943524642,1.816693313377584,17.982499999999995,25.0125
fast_10_to_01,x1.26,VDS,-1.3434867949792915,0.01866038888578292,10.012500000000006,25.242499999999964
fast_10_to_01,x1.26,VBS,-1.5541853748428163,0.037791751421933126,18.29249999999995,25.0175
fast_10_to_01,x1.27,VGS,-1.8109861567808905,1.8738054756937426,9.997500000000004,20.032500000000002
fast_10_to_01,x1.27,VGD,-1.8147445352163873,0.07876530873650323,9.997500000000004,20.026500000000006
fast_10_to_01,x1.27,VDS,-0.020385980255245073,1.8171719309878958,10.11750000000001,5.0825
fast_10_to_01,x1.27,VBS,-0.025593496453786724,1.8169151132897627,5.4200000004282114e-05,5.0825
fast_10_to_01,x1.28,VGS,-1.346105735742882,1.812177541375655,30.000000000000004,10.012500000000006
fast_10_to_01,x1.28,VGD,-1.191860928055226,1.8129799186294262,19.9975,10.007500000000006
fast_10_to_01,x1.28,VDS,-1.3276358008193403,0.2030358934785328,25.0075,18.25249999999996
fast_10_to_01,x1.28,VBS,-1.3462757977613873,0.03988828895189288,30.000000000000004,10.017500000000007
fast_10_to_01,x2.mp1,VGS,-1.8052630987736609,-0.8432510345981193,10.007500000000006,0.030419379284042383
fast_10_to_01,x2.mp1,VGD,-1.8049287719293128,0.05427399154311763,10.007500000000006,0.040419379284042385
fast_10_to_01,x2.mp1,VDS,-1.0718371217643519,0.0006284292730205365,0.00020736498354819832,25.0375
fast_10_to_01,x2.mp1,VBS,0.0,0.0,5e-05,5e-05
fast_10_to_01,x2.mn1,VGS,-0.005263098773660713,0.9567489654018807,10.007500000000006,0.030419379284042383
fast_10_to_01,x2.mn1,VGD,-1.8049287719293128,0.05427399154311763,10.007500000000006,0.040419379284042385
fast_10_to_01,x2.mn1,VDS,0.7281628782356482,1.8006284292730206,0.00020736498354819832,25.0375
fast_10_to_01,x2.mn1,VBS,0.0,0.0,5e-05,5e-05
fast_10_to_01,x2.mp2,VGS,-1.0718371217643519,0.0006284292730205365,0.00020736498354819832,25.0375
fast_10_to_01,x2.mp2,VGD,0.6927575583792382,1.8004576247342166,0.0003593182948867982,25.0375
fast_10_to_01,x2.mp2,VDS,-1.7998744965865425,-1.6654465439288395,5.032500000000001,0.07041937928404238
fast_10_to_01,x2.mp2,VBS,0.0,0.0,5e-05,5e-05
fast_10_to_01,x2.mn2,VGS,0.7281628782356482,1.8006284292730206,0.00020736498354819832,25.0375
fast_10_to_01,x2.mn2,VGD,0.6927575583792382,1.8004576247342166,0.0003593182948867982,25.0375
fast_10_to_01,x2.mn2,VDS,0.00012550341345760367,0.13455345607116065,5.032500000000001,0.07041937928404238
fast_10_to_01,x2.mn2,VBS,0.0,0.0,5e-05,5e-05
fast_10_to_01,x3.mp1,VGS,-1.8196554321724259,0.021566955511831853,20.087499999999995,25.117499999999986
fast_10_to_01,x3.mp1,VGD,-1.8184411435971863,1.8215267511328268,20.087499999999995,25.117499999999986
fast_10_to_01,x3.mp1,VDS,-1.8141351505307335,0.05631048859078991,25.25749999999996,20.16249999999998
fast_10_to_01,x3.mp1,VBS,0.0,0.0,5e-05,5e-05
fast_10_to_01,x3.mn1,VGS,-0.019655432172425824,1.821566955511832,20.087499999999995,25.117499999999986
fast_10_to_01,x3.mn1,VGD,-1.8184411435971863,1.8215267511328268,20.087499999999995,25.117499999999986
fast_10_to_01,x3.mn1,VDS,-0.014135150530733331,1.85631048859079,25.25749999999996,20.16249999999998
fast_10_to_01,x3.mn1,VBS,0.0,0.0,5e-05,5e-05
fast_10_to_01,x3.mp2,VGS,-1.8141351505307335,0.05631048859078991,25.25749999999996,20.16249999999998
fast_10_to_01,x3.mp2,VGD,-1.8137237679636735,1.854990075990557,25.25749999999996,20.16249999999998
fast_10_to_01,x3.mp2,VDS,-1.820014388809774,0.02479418028113245,20.202499999999972,25.32249999999995
fast_10_to_01,x3.mp2,VBS,0.0,0.0,5e-05,5e-05
fast_10_to_01,x3.mn2,VGS,-0.014135150530733331,1.85631048859079,25.25749999999996,20.16249999999998
fast_10_to_01,x3.mn2,VGD,-1.8137237679636735,1.854990075990557,25.25749999999996,20.16249999999998
fast_10_to_01,x3.mn2,VDS,-0.020014388809774006,1.8247941802811325,20.202499999999972,25.32249999999995
fast_10_to_01,x3.mn2,VBS,0.0,0.0,5e-05,5e-05
fast_10_to_01,x4.mp1,VGS,-1.804096554377638,-0.829576628938116,25.0075,0.030419379284042383
fast_10_to_01,x4.mp1,VGD,-1.8038216216524787,0.08149289213092248,25.0075,0.03541937928404239
fast_10_to_01,x4.mp1,VDS,-1.0721213991095686,0.000512942109015535,0.00020736498354819832,10.0375
fast_10_to_01,x4.mp1,VBS,0.0,0.0,5e-05,5e-05
fast_10_to_01,x4.mn1,VGS,-0.004096554377637913,0.970423371061884,25.0075,0.030419379284042383
fast_10_to_01,x4.mn1,VGD,-1.8038216216524787,0.08149289213092248,25.0075,0.03541937928404239
fast_10_to_01,x4.mn1,VDS,0.7278786008904314,1.8005129421090156,0.00020736498354819832,10.0375
fast_10_to_01,x4.mn1,VBS,0.0,0.0,5e-05,5e-05
fast_10_to_01,x4.mp2,VGS,-1.0721213991095686,0.000512942109015535,0.00020736498354819832,10.0375
fast_10_to_01,x4.mp2,VGD,0.6920850993901945,1.8003471373719981,0.0003593182948867982,10.0375
fast_10_to_01,x4.mp2,VDS,-1.7998680240572695,-1.6590180748379248,20.037500000000005,0.07041937928404238
fast_10_to_01,x4.mp2,VBS,0.0,0.0,5e-05,5e-05
fast_10_to_01,x4.mn2,VGS,0.7278786008904314,1.8005129421090156,0.00020736498354819832,10.0375
fast_10_to_01,x4.mn2,VGD,0.6920850993901945,1.8003471373719981,0.0003593182948867982,10.0375
fast_10_to_01,x4.mn2,VDS,0.00013197594273041448,0.14098192516207528,20.037500000000005,0.07041937928404238
fast_10_to_01,x4.mn2,VBS,0.0,0.0,5e-05,5e-05
fast_10_to_01,x5.mp1,VGS,-1.8199360259087807,0.020974850840239645,5.0825,10.11750000000001
fast_10_to_01,x5.mp1,VGD,-1.8186378238186443,1.8209283380576844,5.0874999999999995,10.11750000000001
fast_10_to_01,x5.mp1,VDS,-1.8142843641804058,0.056092987808411765,10.25750000000003,5.162499999999997
fast_10_to_01,x5.mp1,VBS,0.0,0.0,5e-05,5e-05
fast_10_to_01,x5.mn1,VGS,-0.019936025908780654,1.8209748508402397,5.0825,10.11750000000001
fast_10_to_01,x5.mn1,VGD,-1.8186378238186443,1.8209283380576844,5.0874999999999995,10.11750000000001
fast_10_to_01,x5.mn1,VDS,-0.014284364180405736,1.8560929878084118,10.25750000000003,5.162499999999997
fast_10_to_01,x5.mn1,VBS,0.0,0.0,5e-05,5e-05
fast_10_to_01,x5.mp2,VGS,-1.8142843641804058,0.056092987808411765,10.25750000000003,5.162499999999997
fast_10_to_01,x5.mp2,VGD,-1.8138677834258663,1.8548009553861609,10.25750000000003,5.162499999999997
fast_10_to_01,x5.mp2,VDS,-1.8198500025168391,0.024918338430302445,5.202499999999996,10.32250000000004
fast_10_to_01,x5.mp2,VBS,0.0,0.0,5e-05,5e-05
fast_10_to_01,x5.mn2,VGS,-0.014284364180405736,1.8560929878084118,10.25750000000003,5.162499999999997
fast_10_to_01,x5.mn2,VGD,-1.8138677834258663,1.8548009553861609,10.25750000000003,5.162499999999997
fast_10_to_01,x5.mn2,VDS,-0.019850002516839178,1.8249183384303025,5.202499999999996,10.32250000000004
fast_10_to_01,x5.mn2,VBS,0.0,0.0,5e-05,5e-05
fast_10_to_10,x1.0,VGS,-1.2032462993462958,1.7998680767702344,19.974999999999998,22.607499999999515
fast_10_to_10,x1.0,VGD,-0.012538490884419391,1.7999796530213708,9.340000004424843e-05,22.1624999999996
fast_10_to_10,x1.0,VDS,-1.2318983934686565,0.039330031970538734,19.9925,25.0125
fast_10_to_10,x1.0,VBS,-1.232201745609812,0.039359218396064266,19.9975,25.0125
fast_10_to_10,x1.1,VGS,-0.47800825818817416,0.046060152187821224,0.03541937928404239,0.2854193792840424
fast_10_to_10,x1.1,VGD,0.03900274940407951,0.8238259729291153,5e-05,0.1604193792840424
fast_10_to_10,x1.1,VDS,-1.0394320881325638,-0.1054723108538168,0.10541937928404235,5e-05
fast_10_to_10,x1.1,VBS,-1.8683109351663698,-0.06838363224439598,20.026500000000006,5e-05
fast_10_to_10,x1.2,VGS,-0.128527458009133,1.866906667649614,0.020419379284042385,20.028500000000005
fast_10_to_10,x1.2,VGD,-1.1804331571255897,0.07175132219566516,0.005,20.028500000000005
fast_10_to_10,x1.2,VDS,0.1651982398340507,1.801950146705378,5e-05,25.0025
fast_10_to_10,x1.2,VBS,-0.03584245833052832,1.8016344200851648,5.4200000004282114e-05,25.0025
fast_10_to_10,x1.3,VGS,-1.8602972928265624,-0.055797083654858554,20.082499999999996,5e-05
fast_10_to_10,x1.3,VGD,-1.1953299750122033,0.21427421634915308,19.974999999999998,0.004202673503371678
fast_10_to_10,x1.3,VDS,-1.8520997986644003,-0.1040720779626799,5.962499999999978,5e-05
fast_10_to_10,x1.3,VBS,-1.8746387229259642,-0.0687159002458553,5.0265,5e-05
fast_10_to_10,x1.4,VGS,-1.8659702711473036,-0.04491832249526141,10.25250000000003,5e-05
fast_10_to_10,x1.4,VGD,-0.001664776261502393,0.009682210403896597,0.0011381725541251117,7.100000002141053e-05
fast_10_to_10,x1.4,VDS,-1.8657509825108864,-0.053574166985401336,10.25250000000003,5e-05
fast_10_to_10,x1.4,VBS,-1.865679653067469,-0.03966971851406395,10.25250000000003,5e-05
fast_10_to_10,x1.5,VGS,-0.1235402623808799,1.871331147929741,0.020419379284042385,5.032500000000001
fast_10_to_10,x1.5,VGD,-1.1769764390725452,0.07610789940252527,0.005,5.0265
fast_10_to_10,x1.5,VDS,0.25504848680748,1.804148232097146,5e-05,25.0025
fast_10_to_10,x1.5,VBS,-0.007256297071967344,1.8037573146177377,5.1400000001427375e-05,25.0025
fast_10_to_10,x1.6,VGS,-1.8107026195700542,1.8740907804599045,24.997500000000002,20.028500000000005
fast_10_to_10,x1.6,VGD,-0.015747331059664072,1.8745922341910972,24.997500000000002,20.026500000000006
fast_10_to_10,x1.6,VDS,-1.8202631630261996,0.01900983590499789,25.112499999999986,20.087499999999995
fast_10_to_10,x1.6,VBS,-1.8197748550921624,0.02154904402252573,25.117499999999986,20.087499999999995
fast_10_to_10,x1.7,VGS,-1.8189990962189009,0.15742042479842894,10.187500000000021,0.002761162903853392
fast_10_to_10,x1.7,VGD,-0.03645247005934868,0.33599071792078583,10.024999999999999,0.004202673503371678
fast_10_to_10,x1.7,VDS,-1.835206503845943,-0.029745480526197042,20.025000000000002,5e-05
fast_10_to_10,x1.7,VBS,-1.8351727568495002,-0.004840826864208697,20.025000000000002,5e-05
fast_10_to_10,x1.8,VGS,-0.007214425542401537,1.804842844194208,9.340000004424843e-05,24.997500000000002
fast_10_to_10,x1.8,VGD,0.018147699800494452,1.812288103845342,5e-05,25.0075
fast_10_to_10,x1.8,VDS,-0.5026469429445481,-8.237302411370198e-05,0.2104193792840425,7.4624999999999435
fast_10_to_10,x1.8,VBS,-1.2716034658097954,0.023628018858574035,20.012499999999996,25.0025
fast_10_to_10,x1.9,VGS,-1.7994942407300916,1.7996145186516606,19.974999999999998,22.657499999999505
fast_10_to_10,x1.9,VGD,-1.7999422821778694,0.0024618275985850424,19.974999999999998,20.172499999999978
fast_10_to_10,x1.9,VDS,-0.07956900368544573,1.8068459943423072,20.025500000000005,24.987500000000004
fast_10_to_10,x1.9,VBS,-0.07872056269848882,1.8113394210500804,20.028500000000005,24.992500000000003
fast_10_to_10,x1.10,VGS,0.6178753232234894,1.8364729029770879,5e-05,25.025000000000002
fast_10_to_10,x1.10,VGD,-0.00842397436829101,0.3019358112680932,0.0017856184462116656,0.00020736498354819832
fast_10_to_10,x1.10,VDS,0.5559823353467013,1.8353789362848532,5e-05,25.025000000000002
fast_10_to_10,x1.10,VBS,0.22755998183109005,1.835331984683203,5e-05,25.025000000000002
fast_10_to_10,x1.11,VGS,-1.8174762439683412,0.6461509597406854,10.187500000000021,0.000640109714246898
fast_10_to_10,x1.11,VGD,-1.8330808648799084,-0.4104047467002272,10.024999999999999,5e-05
fast_10_to_10,x1.11,VDS,-0.03183773723743899,1.5983451420566133,20.025000000000002,0.0017856184462116656
fast_10_to_10,x1.11,VBS,-0.0342633030401891,1.5788194602797383,20.025000000000002,0.004202673503371678
fast_10_to_10,x1.12,VGS,-1.801270171100684,0.10761147794622683,10.242500000000028,0.00020736498354819832
fast_10_to_10,x1.12,VGD,-1.7999919289439275,0.0010952729702540243,19.974999999999998,5.167499999999997
fast_10_to_10,x1.12,VDS,-0.07504491380822387,1.2362748932779841,20.025000000000002,0.0011381725541251117
fast_10_to_10,x1.12,VBS,-0.07399508804605404,1.2461505915486344,20.028500000000005,0.0017856184462116656
fast_10_to_10,x1.13,VGS,-0.47060063898266025,1.799767399211164,0.03541937928404239,9.982500000000002
fast_10_to_10,x1.13,VGD,0.03405027700055535,1.800636319791499,5e-05,9.992500000000003
fast_10_to_10,x1.13,VDS,-1.036333111478898,0.00042591744824290075,0.10041937928404236,24.978500000000004
fast_10_to_10,x1.13,VBS,-1.8771906292999818,0.016074607290790074,20.028500000000005,24.997500000000002
fast_10_to_10,x1.14,VGS,-1.8609179191050886,0.15799416059785815,10.25250000000003,0.0001313883278788984
fast_10_to_10,x1.14,VGD,-1.8049019471875762,-0.6072647096456569,25.25749999999996,5e-05
fast_10_to_10,x1.14,VDS,-0.056019742190578814,1.5125119048758682,10.25250000000003,0.0011381725541251117
fast_10_to_10,x1.14,VBS,-0.06118358057271611,1.5823368437463181,10.25250000000003,0.0017856184462116656
fast_10_to_10,x1.15,VGS,-0.0929000126410946,1.8637885879092955,0.08541937928404236,25.25749999999996
fast_10_to_10,x1.15,VGD,0.026690676185507703,1.8654990284918271,5e-05,25.252499999999962
fast_10_to_10,x1.15,VDS,-0.8678725058299969,0.010221630148003237,0.13541937928404235,20.047500000000003
fast_10_to_10,x1.15,VBS,-0.8725644566503802,0.011576885608179635,0.13541937928404235,20.047500000000003
fast_10_to_10,x1.16,VGS,-0.10950978083141472,1.8635833339869554,0.08041937928404237,25.25749999999996
fast_10_to_10,x1.16,VGD,-1.5575333858309899,0.06655040188506267,0.004202673503371678,10.25250000000003
fast_10_to_10,x1.16,VDS,0.7103995171334578,1.8115687453479694,5e-05,20.047500000000003
fast_10_to_10,x1.16,VBS,0.1784206943692433,1.811447129167302,5e-05,20.047500000000003
fast_10_to_10,x1.17,VGS,-1.8000478101165638,0.0885745964155592,0.7104193792840409,0.00020736498354819832
fast_10_to_10,x1.17,VGD,-1.7999875928594675,0.0016791606382460245,19.974999999999998,5.167499999999997
fast_10_to_10,x1.17,VDS,-0.07660852154404285,1.2156661633952583,5.0255,0.0011381725541251117
fast_10_to_10,x1.17,VBS,-0.07582341806538895,1.2353736551821153,5.0285,0.0017856184462116656
fast_10_to_10,x1.18,VGS,-0.10241961361822993,1.871277154231799,0.000640109714246898,5.0285
fast_10_to_10,x1.18,VGD,0.07490461647823002,1.8718752054799874,5e-05,5.0265
fast_10_to_10,x1.18,VDS,-0.9503534724088729,0.004260305065363172,0.030419379284042383,10.012500000000006
fast_10_to_10,x1.18,VBS,-0.9546523112035235,0.004774765588113514,0.030419379284042383,10.007500000000006
fast_10_to_10,x1.19,VGS,-1.8699509647105022,-0.05415125617165739,20.097499999999993,5e-05
fast_10_to_10,x1.19,VGD,-0.17453162086353943,0.23400235855810492,0.1654193792840424,0.004202673503371678
fast_10_to_10,x1.19,VDS,-1.7767294451005624,-0.10549378665391732,5.507499999999989,5e-05
fast_10_to_10,x1.19,VBS,-1.8738932273784599,-0.06561515076162064,5.0255,5e-05
fast_10_to_10,x1.20,VGS,-1.7999626341002988,0.07540818581849518,30.000000000000004,0.0003593182948867982
fast_10_to_10,x1.20,VGD,-1.799979219704694,0.0028468452712568926,19.974999999999998,5.167499999999997
fast_10_to_10,x1.20,VDS,-0.07202552281317809,1.2105327655315443,20.026500000000006,0.0017856184462116656
fast_10_to_10,x1.20,VBS,-0.07175293385557513,1.227713951156119,20.028500000000005,0.002761162903853392
fast_10_to_10,x1.21,VGS,-0.10851379457734217,1.8669846629767086,0.000640109714246898,20.028500000000005
fast_10_to_10,x1.21,VGD,0.0723309490303788,1.8673743173180541,5e-05,20.026500000000006
fast_10_to_10,x1.21,VDS,-0.9515811573434008,0.002620938140569793,0.030419379284042383,25.0075
fast_10_to_10,x1.21,VBS,-0.9566111654411756,0.003035562967672882,0.030419379284042383,25.0125
fast_10_to_10,x1.22,VGS,-0.1228792715186349,0.6325636734153637,20.028500000000005,0.13541937928404235
fast_10_to_10,x1.22,VGD,-1.2267848706507236,0.6570479400712328,19.9975,0.12541937928404234
fast_10_to_10,x1.22,VDS,-0.11283216910679274,1.1126295223429254,10.012500000000006,19.9975
fast_10_to_10,x1.22,VBS,-0.2444925155842466,-0.008992429410284879,0.14041937928404238,5e-05
fast_10_to_10,x1.23,VGS,-0.10364018762052185,1.871003874793292,0.000640109714246898,20.028500000000005
fast_10_to_10,x1.23,VGD,0.07982036777313022,1.8714704294463504,5e-05,20.026500000000006
fast_10_to_10,x1.23,VDS,-0.9409227144713851,0.0037941285520240817,0.030419379284042383,10.007500000000006
fast_10_to_10,x1.23,VBS,-0.9455459907398809,0.004245217518463769,0.030419379284042383,10.007500000000006
fast_10_to_10,x1.24,VGS,-0.11251946041719185,1.8710793990472425,0.020419379284042385,20.028500000000005
fast_10_to_10,x1.24,VGD,-1.1743114174236269,0.07443372056141628,0.005,20.026500000000006
fast_10_to_10,x1.24,VDS,0.3377234630976903,1.803807505624892,5e-05,25.0025
fast_10_to_10,x1.24,VBS,0.014429063688591537,1.8034370592177817,5e-05,25.0025
fast_10_to_10,x1.25,VGS,0.4468816691074823,1.8331720338990733,5e-05,25.025000000000002
fast_10_to_10,x1.25,VGD,0.5101835291670561,1.808744421065799,5e-05,0.0017856184462116656
fast_10_to_10,x1.25,VDS,-0.27746379581029795,0.029687373401736654,0.004202673503371678,10.024999999999999
fast_10_to_10,x1.25,VBS,-0.313753557311206,0.10738350257048873,0.0011381725541251117,5.1400000001427375e-05
fast_10_to_10,x1.26,VGS,-1.3910590522551134,0.44085215172391823,30.000000000000004,0.09541937928404236
fast_10_to_10,x1.26,VGD,-1.2267622804479894,0.6578540572415095,19.9975,0.12541937928404234
fast_10_to_10,x1.26,VDS,-1.3808809829675184,-0.021057896605834805,25.0125,5e-05
fast_10_to_10,x1.26,VBS,-1.391204961182067,-0.006688561596330869,30.000000000000004,5e-05
fast_10_to_10,x1.27,VGS,-1.810994352473367,1.874129619840359,24.997500000000002,20.028500000000005
fast_10_to_10,x1.27,VGD,-1.8147582668835387,0.07909137157862745,24.997500000000002,20.026500000000006
fast_10_to_10,x1.27,VDS,-0.020387738071153017,1.8172660413912756,25.117499999999986,20.082499999999996
fast_10_to_10,x1.27,VBS,-0.025593496453786724,1.8169151132897627,5.4200000004282114e-05,5.0825
fast_10_to_10,x1.28,VGS,-0.0129806068898905,1.8121822212758725,9.340000004424843e-05,25.0125
fast_10_to_10,x1.28,VGD,0.015597242026876151,1.812985336720907,5e-05,25.0075
fast_10_to_10,x1.28,VDS,-0.3559187751588404,0.029820854882575354,20.032500000000002,4.9975
fast_10_to_10,x1.28,VBS,-1.2105866705611992,0.03989392787314173,20.007499999999997,25.0175
fast_10_to_10,x2.mp1,VGS,-1.8052630987736609,-0.8432510345981193,10.007500000000006,0.030419379284042383
fast_10_to_10,x2.mp1,VGD,-1.8049287719293128,0.05427399154311763,10.007500000000006,0.040419379284042385
fast_10_to_10,x2.mp1,VDS,-1.0718371217643519,0.000611133137291775,0.00020736498354819832,25.0375
fast_10_to_10,x2.mp1,VBS,0.0,0.0,5e-05,5e-05
fast_10_to_10,x2.mn1,VGS,-0.005263098773660713,0.9567489654018807,10.007500000000006,0.030419379284042383
fast_10_to_10,x2.mn1,VGD,-1.8049287719293128,0.05427399154311763,10.007500000000006,0.040419379284042385
fast_10_to_10,x2.mn1,VDS,0.7281628782356482,1.8006111331372918,0.00020736498354819832,25.0375
fast_10_to_10,x2.mn1,VBS,0.0,0.0,5e-05,5e-05
fast_10_to_10,x2.mp2,VGS,-1.0718371217643519,0.000611133137291775,0.00020736498354819832,25.0375
fast_10_to_10,x2.mp2,VGD,0.6927575583792382,1.8004400857109504,0.0003593182948867982,25.0375
fast_10_to_10,x2.mp2,VDS,-1.7998745664192808,-1.6654465439288395,20.032500000000002,0.07041937928404238
fast_10_to_10,x2.mp2,VBS,0.0,0.0,5e-05,5e-05
fast_10_to_10,x2.mn2,VGS,0.7281628782356482,1.8006111331372918,0.00020736498354819832,25.0375
fast_10_to_10,x2.mn2,VGD,0.6927575583792382,1.8004400857109504,0.0003593182948867982,25.0375
fast_10_to_10,x2.mn2,VDS,0.00012543358071922435,0.13455345607116065,20.032500000000002,0.07041937928404238
fast_10_to_10,x2.mn2,VBS,0.0,0.0,5e-05,5e-05
fast_10_to_10,x3.mp1,VGS,-1.8059885338990438,-0.8331971493874829,10.007500000000006,0.030419379284042383
fast_10_to_10,x3.mp1,VGD,-1.8056142938194797,0.08233598839898915,10.007500000000006,0.040419379284042385
fast_10_to_10,x3.mp1,VDS,-1.0722853230321339,0.0006660335822981089,0.00020736498354819832,10.0375
fast_10_to_10,x3.mp1,VBS,0.0,0.0,5e-05,5e-05
fast_10_to_10,x3.mn1,VGS,-0.005988533899043716,0.9668028506125171,10.007500000000006,0.030419379284042383
fast_10_to_10,x3.mn1,VGD,-1.8056142938194797,0.08233598839898915,10.007500000000006,0.040419379284042385
fast_10_to_10,x3.mn1,VDS,0.7277146769678661,1.8006660335822982,0.00020736498354819832,10.0375
fast_10_to_10,x3.mn1,VBS,0.0,0.0,5e-05,5e-05
fast_10_to_10,x3.mp2,VGS,-1.0722853230321339,0.0006660335822981089,0.00020736498354819832,10.0375
fast_10_to_10,x3.mp2,VGD,0.6920770298659877,1.8004921983323274,0.0003593182948867982,10.0375
fast_10_to_10,x3.mp2,VDS,-1.799874747952719,-1.6567300503590745,20.032500000000002,0.07541937928404238
fast_10_to_10,x3.mp2,VBS,0.0,0.0,5e-05,5e-05
fast_10_to_10,x3.mn2,VGS,0.7277146769678661,1.8006660335822982,0.00020736498354819832,10.0375
fast_10_to_10,x3.mn2,VGD,0.6920770298659877,1.8004921983323274,0.0003593182948867982,10.0375
fast_10_to_10,x3.mn2,VDS,0.00012525204728096036,0.14326994964092557,20.032500000000002,0.07541937928404238
fast_10_to_10,x3.mn2,VBS,0.0,0.0,5e-05,5e-05
fast_10_to_10,x4.mp1,VGS,-1.804053841853262,-0.829576628938116,25.0075,0.030419379284042383
fast_10_to_10,x4.mp1,VGD,-1.803782853050809,0.08149289213092248,25.0075,0.03541937928404239
fast_10_to_10,x4.mp1,VDS,-1.0721213991095686,0.000512942109015535,0.00020736498354819832,10.0375
fast_10_to_10,x4.mp1,VBS,0.0,0.0,5e-05,5e-05
fast_10_to_10,x4.mn1,VGS,-0.0040538418532619636,0.970423371061884,25.0075,0.030419379284042383
fast_10_to_10,x4.mn1,VGD,-1.803782853050809,0.08149289213092248,25.0075,0.03541937928404239
fast_10_to_10,x4.mn1,VDS,0.7278786008904314,1.8005129421090156,0.00020736498354819832,10.0375
fast_10_to_10,x4.mn1,VBS,0.0,0.0,5e-05,5e-05
fast_10_to_10,x4.mp2,VGS,-1.0721213991095686,0.000512942109015535,0.00020736498354819832,10.0375
fast_10_to_10,x4.mp2,VGD,0.6920850993901945,1.8003471373719981,0.0003593182948867982,10.0375
fast_10_to_10,x4.mp2,VDS,-1.7998664321988798,-1.6590180748379248,5.0375000000000005,0.07041937928404238
fast_10_to_10,x4.mp2,VBS,0.0,0.0,5e-05,5e-05
fast_10_to_10,x4.mn2,VGS,0.7278786008904314,1.8005129421090156,0.00020736498354819832,10.0375
fast_10_to_10,x4.mn2,VGD,0.6920850993901945,1.8003471373719981,0.0003593182948867982,10.0375
fast_10_to_10,x4.mn2,VDS,0.00013356780112031735,0.14098192516207528,5.0375000000000005,0.07041937928404238
fast_10_to_10,x4.mn2,VBS,0.0,0.0,5e-05,5e-05
fast_10_to_10,x5.mp1,VGS,-1.8200994008282565,0.020983009476202685,20.087499999999995,25.117499999999986
fast_10_to_10,x5.mp1,VGD,-1.8187300734440586,1.820936636475793,20.087499999999995,25.117499999999986
fast_10_to_10,x5.mp1,VDS,-1.8142846548974942,0.056092987808411765,25.25749999999996,5.162499999999997
fast_10_to_10,x5.mp1,VBS,0.0,0.0,5e-05,5e-05
fast_10_to_10,x5.mn1,VGS,-0.020099400828256366,1.8209830094762027,20.087499999999995,25.117499999999986
fast_10_to_10,x5.mn1,VGD,-1.8187300734440586,1.820936636475793,20.087499999999995,25.117499999999986
fast_10_to_10,x5.mn1,VDS,-0.014284654897494302,1.8560929878084118,25.25749999999996,5.162499999999997
fast_10_to_10,x5.mn1,VBS,0.0,0.0,5e-05,5e-05
fast_10_to_10,x5.mp2,VGS,-1.8142846548974942,0.056092987808411765,25.25749999999996,5.162499999999997
fast_10_to_10,x5.mp2,VGD,-1.8138680557201352,1.8548009553861609,25.25749999999996,5.162499999999997
fast_10_to_10,x5.mp2,VDS,-1.8202029747083488,0.024918338430302445,20.202499999999972,10.32250000000004
fast_10_to_10,x5.mp2,VBS,0.0,0.0,5e-05,5e-05
fast_10_to_10,x5.mn2,VGS,-0.014284654897494302,1.8560929878084118,25.25749999999996,5.162499999999997
fast_10_to_10,x5.mn2,VGD,-1.8138680557201352,1.8548009553861609,25.25749999999996,5.162499999999997
fast_10_to_10,x5.mn2,VDS,-0.0202029747083487,1.8249183384303025,20.202499999999972,10.32250000000004
fast_10_to_10,x5.mn2,VBS,0.0,0.0,5e-05,5e-05
fast_10_to_11,x1.0,VGS,-1.1946639064700415,1.7998671952981808,17.972499999999997,9.975000000000001
fast_10_to_11,x1.0,VGD,-0.012538490884419391,1.7999796921958673,9.340000004424843e-05,21.237499999999777
fast_10_to_11,x1.0,VDS,-1.1945819608867392,0.03932582413898319,17.972499999999997,10.012500000000006
fast_10_to_11,x1.0,VBS,-1.1945649978605606,0.03935519855850302,17.972499999999997,10.012500000000006
fast_10_to_11,x1.1,VGS,-0.47800825818817416,1.799678905975481,0.03541937928404239,21.132499999999794
fast_10_to_11,x1.1,VGD,0.03900274940407951,1.7997612089161628,5e-05,21.122499999999796
fast_10_to_11,x1.1,VDS,-1.0394320881325638,2.6530257210265326e-05,0.10541937928404235,24.976500000000005
fast_10_to_11,x1.1,VBS,-1.8680835801849052,0.012995070432688195,5.0265,24.997500000000002
fast_10_to_11,x1.2,VGS,-1.810453816978279,1.8666787425398368,24.997500000000002,5.0285
fast_10_to_11,x1.2,VGD,-1.8116861778188602,0.07152219911947877,24.997500000000002,5.0285
fast_10_to_11,x1.2,VDS,-0.020012221339637426,1.8168690625907455,25.0475,20.077499999999997
fast_10_to_11,x1.2,VBS,-0.03584245833052832,1.8167125925947345,5.4200000004282114e-05,20.082499999999996
fast_10_to_11,x1.3,VGS,-1.870401006474585,-0.055797083654858554,20.10749999999999,5e-05
fast_10_to_11,x1.3,VGD,-1.1892358579137285,0.21427421634915308,17.972499999999997,0.004202673503371678
fast_10_to_11,x1.3,VDS,-1.8520997986644003,-0.1040720779626799,5.962499999999978,5e-05
fast_10_to_11,x1.3,VBS,-1.8746387229259642,-0.0687159002458553,5.0265,5e-05
fast_10_to_11,x1.4,VGS,-1.8659702711473036,1.8209659761727082,10.25250000000003,25.025000000000002
fast_10_to_11,x1.4,VGD,-0.001664776261502393,1.8021764413491526,0.0011381725541251117,25.0255
fast_10_to_11,x1.4,VDS,-1.8657509825108864,0.018793363726306894,10.25250000000003,25.025000000000002
fast_10_to_11,x1.4,VBS,-1.865679653067469,0.020868827843641306,10.25250000000003,25.025000000000002
fast_10_to_11,x1.5,VGS,-0.1235402623808799,1.871331147929741,0.020419379284042385,5.032500000000001
fast_10_to_11,x1.5,VGD,-1.1769764390725452,0.07610789940252527,0.005,5.0265
fast_10_to_11,x1.5,VDS,0.25504848680748,1.8041378234443235,5e-05,10.002500000000005
fast_10_to_11,x1.5,VBS,-0.007256297071967344,1.803746366652202,5.1400000001427375e-05,10.002500000000005
fast_10_to_11,x1.6,VGS,-1.810693350403209,1.874300070685256,9.997500000000004,20.028500000000005
fast_10_to_11,x1.6,VGD,-0.015745003959949676,1.874855272806022,9.997500000000004,20.026500000000006
fast_10_to_11,x1.6,VDS,-1.8202520332336094,0.018882040254482823,10.11250000000001,5.0874999999999995
fast_10_to_11,x1.6,VBS,-1.8197639124170921,0.0214187585714394,10.11750000000001,5.0874999999999995
fast_10_to_11,x1.7,VGS,-1.819185201401026,0.15742042479842894,25.18749999999997,0.002761162903853392
fast_10_to_11,x1.7,VGD,-0.03645247005934868,0.33599071792078583,10.024999999999999,0.004202673503371678
fast_10_to_11,x1.7,VDS,-1.8348186265669735,-0.029745480526197042,5.025,5e-05
fast_10_to_11,x1.7,VBS,-1.834821994944546,-0.004840826864208697,5.025,5e-05
fast_10_to_11,x1.8,VGS,-1.3530038313248738,1.804838625167863,30.000000000000004,9.997500000000004
fast_10_to_11,x1.8,VGD,-1.16515519920639,1.8122823795291654,30.000000000000004,10.007500000000006
fast_10_to_11,x1.8,VDS,-1.3281725951372045,0.04867399010460982,25.0075,18.212499999999967
fast_10_to_11,x1.8,VBS,-1.353167299019005,0.023625474839156887,30.000000000000004,10.002500000000005
fast_10_to_11,x1.9,VGS,-1.799937708934788,1.7996136652412245,30.000000000000004,9.517500000000235
fast_10_to_11,x1.9,VGD,-1.7999778796755832,0.0024658211229409144,30.000000000000004,20.16749999999998
fast_10_to_11,x1.9,VDS,-0.07974447332415724,1.806840966406811,20.025500000000005,9.987500000000002
fast_10_to_11,x1.9,VBS,-0.0790439100566469,1.8113309364287238,20.028500000000005,9.992500000000003
fast_10_to_11,x1.10,VGS,0.6178753232234894,1.8364724926835931,5e-05,10.024999999999999
fast_10_to_11,x1.10,VGD,-0.00842397436829101,0.3019358112680932,0.0017856184462116656,0.00020736498354819832
fast_10_to_11,x1.10,VDS,0.5559823353467013,1.8353727336583656,5e-05,10.024999999999999
fast_10_to_11,x1.10,VBS,0.22755998183109005,1.8353253647985501,5e-05,10.024999999999999
fast_10_to_11,x1.11,VGS,-1.8176745268449281,0.6461509597406854,25.18749999999997,0.000640109714246898
fast_10_to_11,x1.11,VGD,-1.8330808648799084,-0.4104047467002272,10.024999999999999,5e-05
fast_10_to_11,x1.11,VDS,-0.03149584941801109,1.5983451420566133,5.025,0.0017856184462116656
fast_10_to_11,x1.11,VBS,-0.03391049474886132,1.5788194602797383,5.025,0.004202673503371678
fast_10_to_11,x1.12,VGS,-1.801270171100684,0.10761147794622683,10.242500000000028,0.00020736498354819832
fast_10_to_11,x1.12,VGD,-1.8000347236260006,0.0011101679202005776,17.972499999999997,20.16749999999998
fast_10_to_11,x1.12,VDS,-0.07540710540035911,1.2362748932779841,20.025000000000002,0.0011381725541251117
fast_10_to_11,x1.12,VBS,-0.0747702754313122,1.2461505915486344,20.028500000000005,0.0017856184462116656
fast_10_to_11,x1.13,VGS,-0.47060063898266025,1.799767399211164,0.03541937928404239,9.982500000000002
fast_10_to_11,x1.13,VGD,0.03405027700055535,1.800636319791499,5e-05,9.992500000000003
fast_10_to_11,x1.13,VDS,-1.036333111478898,0.0004259014054453121,0.10041937928404236,9.978500000000002
fast_10_to_11,x1.13,VBS,-1.876261766980342,0.016071643023438033,5.0265,9.997500000000004
fast_10_to_11,x1.14,VGS,-1.8609179191050886,1.8230372990791326,10.25250000000003,25.025000000000002
fast_10_to_11,x1.14,VGD,-1.8049019149276564,0.0004509619056269898,10.25750000000003,25.025000000000002
fast_10_to_11,x1.14,VDS,-0.056019742190578814,1.8225863371735056,10.25250000000003,25.025000000000002
fast_10_to_11,x1.14,VBS,-0.06118358057271611,1.8225423119435658,10.25250000000003,25.025000000000002
fast_10_to_11,x1.15,VGS,-1.834168263839538,1.86378706137513,25.18749999999997,10.25750000000003
fast_10_to_11,x1.15,VGD,-0.023026761556533566,1.8654989948538236,25.025000000000002,10.25250000000003
fast_10_to_11,x1.15,VDS,-1.8407548575581885,0.01714737593923449,25.182499999999973,18.0325
fast_10_to_11,x1.15,VBS,-1.840737782043527,0.019322271440780324,25.182499999999973,18.0325
fast_10_to_11,x1.16,VGS,-1.8314678101739519,1.8635816413657134,25.18749999999997,10.25750000000003
fast_10_to_11,x1.16,VGD,-1.82089357689044,0.06655040188506267,25.025000000000002,10.25250000000003
fast_10_to_11,x1.16,VDS,-0.03572159565365096,1.8169874987418382,25.182499999999973,18.0225
fast_10_to_11,x1.16,VBS,-0.03856528430062034,1.8179756643953686,25.182499999999973,18.0275
fast_10_to_11,x1.17,VGS,-1.8034594599158784,0.0885745964155592,18.29749999999995,0.00020736498354819832
fast_10_to_11,x1.17,VGD,-1.8001078303844997,0.0016892279690998713,18.357499999999938,20.16749999999998
fast_10_to_11,x1.17,VDS,-0.07660852154404285,1.2156661633952583,5.0255,0.0011381725541251117
fast_10_to_11,x1.17,VBS,-0.07582341806538895,1.2353736551821153,5.0285,0.0017856184462116656
fast_10_to_11,x1.18,VGS,-0.10241961361822993,1.871277154231799,0.000640109714246898,5.0285
fast_10_to_11,x1.18,VGD,0.07490461647823002,1.8718752054799874,5e-05,5.0265
fast_10_to_11,x1.18,VDS,-0.9503534724088729,0.004260305065363172,0.030419379284042383,10.012500000000006
fast_10_to_11,x1.18,VBS,-0.9546523112035235,0.004774765588113514,0.030419379284042383,10.007500000000006
fast_10_to_11,x1.19,VGS,-1.8698178167809452,-0.05415125617165739,5.102499999999999,5e-05
fast_10_to_11,x1.19,VGD,-1.1570569585750399,0.23400235855810492,30.000000000000004,0.004202673503371678
fast_10_to_11,x1.19,VDS,-1.85037430180781,-0.10549378665391732,20.792499999999862,5e-05
fast_10_to_11,x1.19,VBS,-1.8747655467794684,-0.06561515076162064,20.026500000000006,5e-05
fast_10_to_11,x1.20,VGS,-1.8020687324799889,1.799613171906053,18.24249999999996,24.74749999999911
fast_10_to_11,x1.20,VGD,-1.8000129096856834,0.0030524012013697366,17.967499999999998,20.16749999999998
fast_10_to_11,x1.20,VDS,-0.07180312190784499,1.8045470980633662,5.0265,24.987500000000004
fast_10_to_11,x1.20,VBS,-0.0715199279540466,1.8088828488761912,5.0285,24.987500000000004
fast_10_to_11,x1.21,VGS,-1.8102830478996976,1.8667592173947705,24.997500000000002,5.0285
fast_10_to_11,x1.21,VGD,-0.012832335121425086,1.8671795278639682,24.992500000000003,5.0265
fast_10_to_11,x1.21,VDS,-1.8197314979714194,0.018747586874348077,25.0475,20.082499999999996
fast_10_to_11,x1.21,VBS,-1.8187822463753578,0.021225344632078074,25.0475,20.082499999999996
fast_10_to_11,x1.22,VGS,-0.12886292684314532,1.815936782678715,18.0275,25.0175
fast_10_to_11,x1.22,VGD,-1.1921489015525353,1.8161154573097185,17.982499999999995,25.0125
fast_10_to_11,x1.22,VDS,-0.2926176566786627,1.080198131556849,20.032500000000002,17.972499999999997
fast_10_to_11,x1.22,VBS,-1.1572108468893125,0.03758405852649821,30.000000000000004,25.0175
fast_10_to_11,x1.23,VGS,-0.10364018762052185,1.8716266123465906,0.000640109714246898,20.032500000000002
fast_10_to_11,x1.23,VGD,0.07982036777313022,1.8719364644234342,5e-05,20.026500000000006
fast_10_to_11,x1.23,VDS,-0.9409227144713851,0.003913766047995877,0.030419379284042383,25.0125
fast_10_to_11,x1.23,VBS,-0.9455459907398809,0.004430762346016737,0.030419379284042383,25.0125
fast_10_to_11,x1.24,VGS,-0.11251946041719185,1.8717784164837756,0.020419379284042385,20.032500000000002
fast_10_to_11,x1.24,VGD,-1.1743114174236269,0.07488390238784692,0.005,20.026500000000006
fast_10_to_11,x1.24,VDS,0.3377234630976903,1.803887786311592,5e-05,25.0025
fast_10_to_11,x1.24,VBS,0.014429063688591537,1.803482465240549,5e-05,25.0025
fast_10_to_11,x1.25,VGS,0.4468816691074823,1.833171470582276,5e-05,10.024999999999999
fast_10_to_11,x1.25,VGD,0.5101835291670561,1.808744421065799,5e-05,0.0017856184462116656
fast_10_to_11,x1.25,VDS,-0.27746379581029795,0.029687373401736654,0.004202673503371678,10.024999999999999
fast_10_to_11,x1.25,VBS,-0.313753557311206,0.10738350257048873,0.0011381725541251117,5.1400000001427375e-05
fast_10_to_11,x1.26,VGS,-1.3825308244599703,1.804901254969153,18.0275,24.997500000000002
fast_10_to_11,x1.26,VGD,-1.1921485864797925,1.8146730830561615,17.982499999999995,25.0125
fast_10_to_11,x1.26,VDS,-1.3434867949792915,-8.223686767702928e-05,10.012500000000006,21.32749999999976
fast_10_to_11,x1.26,VBS,-1.675525785862748,0.02139654822097057,18.372499999999935,25.0025
fast_10_to_11,x1.27,VGS,-1.8109861567808905,1.8743169036621263,9.997500000000004,20.028500000000005
fast_10_to_11,x1.27,VGD,-1.8147445352163873,0.07928842899006483,9.997500000000004,20.026500000000006
fast_10_to_11,x1.27,VDS,-0.020385980255245073,1.8171719309878958,10.11750000000001,5.0825
fast_10_to_11,x1.27,VBS,-0.025593496453786724,1.8169151132897627,5.4200000004282114e-05,5.0825
fast_10_to_11,x1.28,VGS,-0.8442464180934259,1.812177541375655,20.047500000000003,10.012500000000006
fast_10_to_11,x1.28,VGD,-1.1651544213945113,1.8129799186294262,30.000000000000004,10.007500000000006
fast_10_to_11,x1.28,VDS,-0.8439245522782854,0.32657449861117427,25.0075,30.000000000000004
fast_10_to_11,x1.28,VBS,-1.1899120584873202,0.03988828895189288,17.972499999999997,10.017500000000007
fast_10_to_11,x2.mp1,VGS,-1.8053928180347594,-0.8432510345981193,25.0075,0.030419379284042383
fast_10_to_11,x2.mp1,VGD,-1.8050465741968529,0.05427399154311763,25.0075,0.040419379284042385
fast_10_to_11,x2.mp1,VDS,-1.0718371217643519,0.0006108303528504777,0.00020736498354819832,10.0375
fast_10_to_11,x2.mp1,VBS,0.0,0.0,5e-05,5e-05
fast_10_to_11,x2.mn1,VGS,-0.0053928180347592725,0.9567489654018807,25.0075,0.030419379284042383
fast_10_to_11,x2.mn1,VGD,-1.8050465741968529,0.05427399154311763,25.0075,0.040419379284042385
fast_10_to_11,x2.mn1,VDS,0.7281628782356482,1.8006108303528505,0.00020736498354819832,10.0375
fast_10_to_11,x2.mn1,VBS,0.0,0.0,5e-05,5e-05
fast_10_to_11,x2.mp2,VGS,-1.0718371217643519,0.0006108303528504777,0.00020736498354819832,10.0375
fast_10_to_11,x2.mp2,VGD,0.6927575583792382,1.8004397775727197,0.0003593182948867982,10.0375
fast_10_to_11,x2.mp2,VDS,-1.7998744965865425,-1.6654465439288395,5.032500000000001,0.07041937928404238
fast_10_to_11,x2.mp2,VBS,0.0,0.0,5e-05,5e-05
fast_10_to_11,x2.mn2,VGS,0.7281628782356482,1.8006108303528505,0.00020736498354819832,10.0375
fast_10_to_11,x2.mn2,VGD,0.6927575583792382,1.8004397775727197,0.0003593182948867982,10.0375
fast_10_to_11,x2.mn2,VDS,0.00012550341345760367,0.13455345607116065,5.032500000000001,0.07041937928404238
fast_10_to_11,x2.mn2,VBS,0.0,0.0,5e-05,5e-05
fast_10_to_11,x3.mp1,VGS,-1.8059885338990438,-0.8331971493874829,10.007500000000006,0.030419379284042383
fast_10_to_11,x3.mp1,VGD,-1.8056142938194797,0.08233598839898915,10.007500000000006,0.040419379284042385
fast_10_to_11,x3.mp1,VDS,-1.0722853230321339,0.0006870286727365116,0.00020736498354819832,25.0375
fast_10_to_11,x3.mp1,VBS,0.0,0.0,5e-05,5e-05
fast_10_to_11,x3.mn1,VGS,-0.005988533899043716,0.9668028506125171,10.007500000000006,0.030419379284042383
fast_10_to_11,x3.mn1,VGD,-1.8056142938194797,0.08233598839898915,10.007500000000006,0.040419379284042385
fast_10_to_11,x3.mn1,VDS,0.7277146769678661,1.8006870286727366,0.00020736498354819832,25.0375
fast_10_to_11,x3.mn1,VBS,0.0,0.0,5e-05,5e-05
fast_10_to_11,x3.mp2,VGS,-1.0722853230321339,0.0006870286727365116,0.00020736498354819832,25.0375
fast_10_to_11,x3.mp2,VGD,0.6920770298659877,1.8005130009902,0.0003593182948867982,25.0375
fast_10_to_11,x3.mp2,VDS,-1.7998758770241767,-1.6567300503590745,20.032500000000002,0.07541937928404238
fast_10_to_11,x3.mp2,VBS,0.0,0.0,5e-05,5e-05
fast_10_to_11,x3.mn2,VGS,0.7277146769678661,1.8006870286727366,0.00020736498354819832,25.0375
fast_10_to_11,x3.mn2,VGD,0.6920770298659877,1.8005130009902,0.0003593182948867982,25.0375
fast_10_to_11,x3.mn2,VDS,0.00012412297582323285,0.14326994964092557,20.032500000000002,0.07541937928404238
fast_10_to_11,x3.mn2,VBS,0.0,0.0,5e-05,5e-05
fast_10_to_11,x4.mp1,VGS,-1.8199794447858264,0.02048517218642587,20.082499999999996,25.0475
fast_10_to_11,x4.mp1,VGD,-1.8185433696360462,1.8202343911246524,20.082499999999996,25.0475
fast_10_to_11,x4.mp1,VDS,-1.814304675322385,0.055306845644335745,25.25749999999996,20.15749999999998
fast_10_to_11,x4.mp1,VBS,0.0,0.0,5e-05,5e-05
fast_10_to_11,x4.mn1,VGS,-0.019979444785826354,1.820485172186426,20.082499999999996,25.0475
fast_10_to_11,x4.mn1,VGD,-1.8185433696360462,1.8202343911246524,20.082499999999996,25.0475
fast_10_to_11,x4.mn1,VDS,-0.014304675322385108,1.8553068456443358,25.25749999999996,20.15749999999998
fast_10_to_11,x4.mn1,VBS,0.0,0.0,5e-05,5e-05
fast_10_to_11,x4.mp2,VGS,-1.814304675322385,0.055306845644335745,25.25749999999996,20.15749999999998
fast_10_to_11,x4.mp2,VGD,-1.8138885586392295,1.853899344721786,25.25749999999996,20.15749999999998
fast_10_to_11,x4.mp2,VDS,-1.8202260883705812,0.024948468118976663,20.197499999999973,25.32249999999995
fast_10_to_11,x4.mp2,VBS,0.0,0.0,5e-05,5e-05
fast_10_to_11,x4.mn2,VGS,-0.014304675322385108,1.8553068456443358,25.25749999999996,20.15749999999998
fast_10_to_11,x4.mn2,VGD,-1.8138885586392295,1.853899344721786,25.25749999999996,20.15749999999998
fast_10_to_11,x4.mn2,VDS,-0.020226088370581125,1.8249484681189767,20.197499999999973,25.32249999999995
fast_10_to_11,x4.mn2,VBS,0.0,0.0,5e-05,5e-05
fast_10_to_11,x5.mp1,VGS,-1.8199360259087807,0.020974850840239645,5.0825,10.11750000000001
fast_10_to_11,x5.mp1,VGD,-1.8186378238186443,1.8209283380576844,5.0874999999999995,10.11750000000001
fast_10_to_11,x5.mp1,VDS,-1.8142843641804058,0.056092987808411765,10.25750000000003,5.162499999999997
fast_10_to_11,x5.mp1,VBS,0.0,0.0,5e-05,5e-05
fast_10_to_11,x5.mn1,VGS,-0.019936025908780654,1.8209748508402397,5.0825,10.11750000000001
fast_10_to_11,x5.mn1,VGD,-1.8186378238186443,1.8209283380576844,5.0874999999999995,10.11750000000001
fast_10_to_11,x5.mn1,VDS,-0.014284364180405736,1.8560929878084118,10.25750000000003,5.162499999999997
fast_10_to_11,x5.mn1,VBS,0.0,0.0,5e-05,5e-05
fast_10_to_11,x5.mp2,VGS,-1.8142843641804058,0.056092987808411765,10.25750000000003,5.162499999999997
fast_10_to_11,x5.mp2,VGD,-1.8138677834258663,1.8548009553861609,10.25750000000003,5.162499999999997
fast_10_to_11,x5.mp2,VDS,-1.8198500025168391,0.024918338430302445,5.202499999999996,10.32250000000004
fast_10_to_11,x5.mp2,VBS,0.0,0.0,5e-05,5e-05
fast_10_to_11,x5.mn2,VGS,-0.014284364180405736,1.8560929878084118,10.25750000000003,5.162499999999997
fast_10_to_11,x5.mn2,VGD,-1.8138677834258663,1.8548009553861609,10.25750000000003,5.162499999999997
fast_10_to_11,x5.mn2,VDS,-0.019850002516839178,1.8249183384303025,5.202499999999996,10.32250000000004
fast_10_to_11,x5.mn2,VBS,0.0,0.0,5e-05,5e-05
fast_11_to_00,x1.0,VGS,-1.2535948191553756,1.799867781071487,18.177499999999974,9.317500000000205
fast_11_to_00,x1.0,VGD,-0.013541576934506187,1.799979957739207,0.00013138784563267243,6.252499999999971
fast_11_to_00,x1.0,VDS,-1.2529439466381798,0.03833561571320955,18.177499999999974,25.0125
fast_11_to_00,x1.0,VBS,-1.2529693647277427,0.03818163168522953,18.177499999999974,25.0125
fast_11_to_00,x1.1,VGS,-1.8735621814635015,1.7996687861953247,20.0625,6.2324999999999715
fast_11_to_00,x1.1,VGD,-0.7561040994895599,1.799751142864147,19.974999999999998,6.222499999999972
fast_11_to_00,x1.1,VDS,-1.1371060174577332,2.650835234138671e-05,20.547499999999907,9.976500000000001
fast_11_to_00,x1.1,VBS,-1.8679186516168498,0.01299512028979163,5.0285,9.997500000000004
fast_11_to_00,x1.2,VGS,-1.8104602727490064,1.8654834915175214,9.997500000000004,20.028500000000005
fast_11_to_00,x1.2,VGD,-1.8116972697519738,0.07038597229526045,9.997500000000004,20.028500000000005
fast_11_to_00,x1.2,VDS,-0.02001281988205106,1.8168682858632543,10.047500000000001,5.0825
fast_11_to_00,x1.2,VBS,-0.0358951154573027,1.8166232212806104,5.4200000004282114e-05,5.0825
fast_11_to_00,x1.3,VGS,-1.8705521965064718,1.7997003104134772,5.107499999999999,21.822499999999664
fast_11_to_00,x1.3,VGD,-0.13439101535072115,1.7997826356035183,17.977499999999996,21.822499999999664
fast_11_to_00,x1.3,VDS,-1.767279306138475,0.00013670250136486872,5.432499999999991,24.978500000000004
fast_11_to_00,x1.3,VBS,-1.8741740882833084,0.014785195775029061,20.028500000000005,24.997500000000002
fast_11_to_00,x1.4,VGS,-1.8667053601755486,1.8209459023302528,25.25749999999996,10.024999999999999
fast_11_to_00,x1.4,VGD,-0.0006531580869714455,1.8147885733994442,20.025500000000005,0.0017753511262853052
fast_11_to_00,x1.4,VDS,-1.866474907239465,0.025749772994509486,25.25749999999996,17.977499999999996
fast_11_to_00,x1.4,VBS,-1.86640357638002,0.1283318966762566,25.25749999999996,5e-05
fast_11_to_00,x1.5,VGS,-0.1238354666685344,1.8708612104424225,0.020492176278893555,20.028500000000005
fast_11_to_00,x1.5,VGD,-1.1770474372473356,0.0757394389811914,0.005,20.026500000000006
fast_11_to_00,x1.5,VDS,0.255273084811944,1.8041161888183173,5e-05,25.0025
fast_11_to_00,x1.5,VBS,-0.007270584580151812,1.8038323839684658,5.1400000001427375e-05,25.0025
fast_11_to_00,x1.6,VGS,-0.10979598471880936,1.874894377385084,0.020492176278893555,5.0285
fast_11_to_00,x1.6,VGD,0.06913606550167323,1.8754049795961478,5e-05,5.0265
fast_11_to_00,x1.6,VDS,-0.9543755345202671,0.003888469394330098,0.030492176278893553,25.0075
fast_11_to_00,x1.6,VBS,-0.9588955657122566,0.0045143289871297666,0.030492176278893553,10.007500000000006
fast_11_to_00,x1.7,VGS,-1.8214397454230358,1.8359841434493576,17.977499999999996,25.272499999999958
fast_11_to_00,x1.7,VGD,-0.0364133057453928,1.8430263965733915,10.024999999999999,20.025000000000002
fast_11_to_00,x1.7,VDS,-1.834834940020094,0.016013652704018926,5.025,25.022499999999997
fast_11_to_00,x1.7,VBS,-1.834753221120588,0.01809034809561047,5.025,25.022499999999997
fast_11_to_00,x1.8,VGS,-1.3889541925344449,1.8115300080331003,17.977499999999996,25.0125
fast_11_to_00,x1.8,VGD,-1.2153905665900027,1.812500009956012,17.977499999999996,25.0075
fast_11_to_00,x1.8,VDS,-1.3393008796084214,0.017880121103823865,10.007500000000006,25.227499999999967
fast_11_to_00,x1.8,VBS,-1.527453285856281,0.038473613386473274,18.76249999999986,25.0175
fast_11_to_00,x1.9,VGS,-1.8017501567219196,0.08958907743004368,18.08249999999999,0.0003528639734250551
fast_11_to_00,x1.9,VGD,-1.7999839792170895,0.002467458721592486,30.000000000000004,5.167499999999997
fast_11_to_00,x1.9,VDS,-0.08031499652776408,1.2245243829755277,5.0255,0.0017753511262853052
fast_11_to_00,x1.9,VBS,-0.07963494877957533,1.2386751646666823,5.0285,0.002731660530131601
fast_11_to_00,x1.10,VGS,-1.8432322905518375,1.836422025114783,20.025000000000002,10.024999999999999
fast_11_to_00,x1.10,VGD,-1.8038279076421606,0.30053014556078317,20.025000000000002,0.00020736353680952038
fast_11_to_00,x1.10,VDS,-0.03940438290967685,1.8353132197743718,20.025000000000002,10.024999999999999
fast_11_to_00,x1.10,VBS,-0.04284845467374532,1.835266249372934,20.025000000000002,10.024999999999999
fast_11_to_00,x1.11,VGS,-1.8216732970634002,1.8358696983897285,17.977499999999996,25.272499999999958
fast_11_to_00,x1.11,VGD,-1.8330203119115231,0.04640892680719788,10.024999999999999,20.025000000000002
fast_11_to_00,x1.11,VDS,-0.03272849460205629,1.8185298031797137,18.107499999999984,25.0175
fast_11_to_00,x1.11,VBS,-0.035105443313322215,1.8184883240223328,18.107499999999984,25.0175
fast_11_to_00,x1.12,VGS,-1.819077270305887,1.7996112853817117,18.137499999999978,24.622499999999135
fast_11_to_00,x1.12,VGD,-1.801221861058098,0.0011111986450245137,18.13249999999998,5.167499999999997
fast_11_to_00,x1.12,VDS,-0.07538329735713933,1.8061128647659703,5.025,24.987500000000004
fast_11_to_00,x1.12,VBS,-0.07473876341977492,1.8104823127703058,5.0285,24.987500000000004
fast_11_to_00,x1.13,VGS,-1.8746537831829049,0.03907256678176041,20.047500000000003,0.27549217627889355
fast_11_to_00,x1.13,VGD,-1.5266484355760008,0.8183757583967,18.76749999999986,0.14049217627889354
fast_11_to_00,x1.13,VDS,-1.8500226851504928,-0.09340486721795793,21.022499999999816,5e-05
fast_11_to_00,x1.13,VBS,-1.8765636334732003,-0.06382733984995664,5.0265,5e-05
fast_11_to_00,x1.14,VGS,-1.8615998983620903,1.8230151398788255,25.25749999999996,10.024999999999999
fast_11_to_00,x1.14,VGD,-1.8049557526843925,0.23244725047575354,25.25749999999996,0.00020736353680952038
fast_11_to_00,x1.14,VDS,-0.05664414567769782,1.8225664249773428,25.25749999999996,10.024999999999999
fast_11_to_00,x1.14,VBS,-0.06186966777643077,1.8225228096395822,25.25749999999996,10.024999999999999
fast_11_to_00,x1.15,VGS,-1.8342156491985915,1.8644762201878626,10.187500000000021,25.26249999999996
fast_11_to_00,x1.15,VGD,-0.027109506173192917,1.866229174529599,17.977499999999996,25.25749999999996
fast_11_to_00,x1.15,VDS,-1.8407585403955196,0.009688933105068298,10.18250000000002,20.042500000000004
fast_11_to_00,x1.15,VBS,-1.840741395837433,0.010991016111350355,10.18250000000002,20.047500000000003
fast_11_to_00,x1.16,VGS,-1.831515103582151,1.8642681354225616,10.187500000000021,25.26249999999996
fast_11_to_00,x1.16,VGD,-1.8264791779590208,0.06729727686208009,17.977499999999996,25.25749999999996
fast_11_to_00,x1.16,VDS,-0.035724410501380754,1.8109293526582095,10.18250000000002,20.042500000000004
fast_11_to_00,x1.16,VBS,-0.03856842488189671,1.8108123795948592,10.18250000000002,20.047500000000003
fast_11_to_00,x1.17,VGS,-1.8164347885814516,0.08879189194877402,18.13249999999998,0.00020736353680952038
fast_11_to_00,x1.17,VGD,-1.8010152241954234,0.00169053575889766,18.12749999999998,5.167499999999997
fast_11_to_00,x1.17,VDS,-0.07624706104244128,1.2139734528402473,20.025000000000002,0.001123719773000722
fast_11_to_00,x1.17,VBS,-0.07541135999203918,1.2348062757739016,20.028500000000005,0.0017753511262853052
fast_11_to_00,x1.18,VGS,-0.10229409097007747,1.870811249151063,0.0006369930761185926,20.028500000000005
fast_11_to_00,x1.18,VGD,0.07401056086647825,1.8714034093621996,5e-05,20.026500000000006
fast_11_to_00,x1.18,VDS,-0.9506577539100988,0.0041417382134363075,0.030492176278893553,10.007500000000006
fast_11_to_00,x1.18,VBS,-0.9549940175287184,0.004612344590383334,0.030492176278893553,10.007500000000006
fast_11_to_00,x1.19,VGS,-1.8590943826420803,0.03727359797850904,5.0775,25.272499999999958
fast_11_to_00,x1.19,VGD,-1.2050942556340822,0.669208438361973,17.977499999999996,18.682499999999877
fast_11_to_00,x1.19,VDS,-1.8497670237373605,-0.10480035849565444,5.792499999999983,5e-05
fast_11_to_00,x1.19,VBS,-1.8745867636398608,-0.06489964370418408,5.0265,5e-05
fast_11_to_00,x1.20,VGS,-1.800288651815578,1.7996138191960245,18.052499999999995,8.49750000000009
fast_11_to_00,x1.20,VGD,-1.7999814905831444,0.003052741265338943,30.000000000000004,5.167499999999997
fast_11_to_00,x1.20,VDS,-0.07066038000998787,1.8045508256769551,20.026500000000006,9.987500000000002
fast_11_to_00,x1.20,VBS,-0.07038643051585214,1.8088865636856708,20.028500000000005,9.987500000000002
fast_11_to_00,x1.21,VGS,-1.8102905434433114,1.865559270013592,9.997500000000004,20.028500000000005
fast_11_to_00,x1.21,VGD,-0.012832384484000108,1.8659499606852115,9.992500000000003,20.026500000000006
fast_11_to_00,x1.21,VDS,-1.8197555267978762,0.018644641993308654,10.047500000000001,5.0874999999999995
fast_11_to_00,x1.21,VBS,-1.8188063311444251,0.02113677376102796,10.047500000000001,5.0874999999999995
fast_11_to_00,x1.22,VGS,-1.35140325398003,1.81594552845158,30.000000000000004,10.017500000000007
fast_11_to_00,x1.22,VGD,-1.2174599963547337,1.8161248647414094,19.9975,10.012500000000006
fast_11_to_00,x1.22,VDS,-1.326437172974522,0.14671985336897375,25.0125,18.417499999999926
fast_11_to_00,x1.22,VBS,-1.351554044134768,0.037586576937124375,30.000000000000004,10.017500000000007
fast_11_to_00,x1.23,VGS,-1.8095808153934874,1.871622392208509,24.997500000000002,5.032500000000001
fast_11_to_00,x1.23,VGD,-0.014337885940857036,1.8719006375520184,24.992500000000003,5.0265
fast_11_to_00,x1.23,VDS,-1.8216600650596184,0.018294013906384153,25.112499999999986,20.087499999999995
fast_11_to_00,x1.23,VBS,-1.8211453022095123,0.020780554746693526,25.117499999999986,20.087499999999995
fast_11_to_00,x1.24,VGS,-1.8099025416062793,1.8717778501344882,24.997500000000002,5.032500000000001
fast_11_to_00,x1.24,VGD,-1.8136199097297399,0.07485798220647655,24.997500000000002,5.0265
fast_11_to_00,x1.24,VDS,-0.02046643532175274,1.8175414389649645,25.117499999999986,20.082499999999996
fast_11_to_00,x1.24,VBS,-0.02248001976810854,1.817199744513509,25.117499999999986,20.087499999999995
fast_11_to_00,x1.25,VGS,-1.8469056988650538,1.833124503130631,20.025000000000002,10.024999999999999
fast_11_to_00,x1.25,VGD,-0.0015040850492759805,1.8084994043694556,20.025000000000002,0.0017753511262853052
fast_11_to_00,x1.25,VDS,-1.8454016138157778,0.0296566899562056,20.025000000000002,10.024999999999999
fast_11_to_00,x1.25,VBS,-1.8453179169077816,0.1085529485376206,20.025000000000002,5.1400000001427375e-05
fast_11_to_00,x1.26,VGS,-0.7616644199291522,1.8049065038353789,20.028500000000005,9.997500000000004
fast_11_to_00,x1.26,VGD,-1.2174654518652304,1.8146828661525554,19.9975,10.012500000000006
fast_11_to_00,x1.26,VDS,-0.7524547126163768,0.4620546282779523,25.0125,19.9975
fast_11_to_00,x1.26,VBS,-1.2595609698336185,0.02139641389647816,18.12249999999998,10.002500000000005
fast_11_to_00,x1.27,VGS,-0.1326444736491914,1.8749149986557891,0.020492176278893555,5.0285
fast_11_to_00,x1.27,VGD,-1.189864189635037,0.07985857792854745,0.005,5.0265
fast_11_to_00,x1.27,VDS,0.1894251851199547,1.8040904745976543,5e-05,25.0025
fast_11_to_00,x1.27,VBS,-0.02577937039496453,1.8037335180273122,5.4200000004282114e-05,25.0025
fast_11_to_00,x1.28,VGS,-0.13586807288363278,1.8042681486363725,17.977499999999996,24.992500000000003
fast_11_to_00,x1.28,VGD,-1.215389394493413,1.8117632753653063,17.977499999999996,25.0075
fast_11_to_00,x1.28,VDS,-0.3933272112346602,1.0795213216097803,20.032500000000002,17.977499999999996
fast_11_to_00,x1.28,VBS,-1.2456972726315374,0.022869053327455726,20.017499999999995,25.0025
fast_11_to_00,x2.mp1,VGS,-1.8200349911535434,0.022197453456016536,20.087499999999995,25.117499999999986
fast_11_to_00,x2.mp1,VGD,-1.8187904128580077,1.8221552978175102,20.087499999999995,25.117499999999986
fast_11_to_00,x2.mp1,VDS,-1.8141790622638554,0.055179657287678374,25.25749999999996,20.16249999999998
fast_11_to_00,x2.mp1,VBS,0.0,0.0,5e-05,5e-05
fast_11_to_00,x2.mn1,VGS,-0.020034991153543402,1.8221974534560166,20.087499999999995,25.117499999999986
fast_11_to_00,x2.mn1,VGD,-1.8187904128580077,1.8221552978175102,20.087499999999995,25.117499999999986
fast_11_to_00,x2.mn1,VDS,-0.014179062263855263,1.8551796572876784,25.25749999999996,20.16249999999998
fast_11_to_00,x2.mn1,VBS,0.0,0.0,5e-05,5e-05
fast_11_to_00,x2.mp2,VGS,-1.8141790622638554,0.055179657287678374,25.25749999999996,20.16249999999998
fast_11_to_00,x2.mp2,VGD,-1.8137697331856648,1.853789168121091,25.25749999999996,20.16249999999998
fast_11_to_00,x2.mp2,VDS,-1.8201440859521858,0.024912227016183897,20.202499999999972,25.32249999999995
fast_11_to_00,x2.mp2,VBS,0.0,0.0,5e-05,5e-05
fast_11_to_00,x2.mn2,VGS,-0.014179062263855263,1.8551796572876784,25.25749999999996,20.16249999999998
fast_11_to_00,x2.mn2,VGD,-1.8137697331856648,1.853789168121091,25.25749999999996,20.16249999999998
fast_11_to_00,x2.mn2,VDS,-0.020144085952185753,1.824912227016184,20.202499999999972,25.32249999999995
fast_11_to_00,x2.mn2,VBS,0.0,0.0,5e-05,5e-05
fast_11_to_00,x3.mp1,VGS,-1.8058495449762924,-0.8328935609130103,10.007500000000006,0.030492176278893553
fast_11_to_00,x3.mp1,VGD,-1.8054890258175273,0.08304283866526674,10.007500000000006,0.04049217627889356
fast_11_to_00,x3.mp1,VDS,-1.072249598337985,0.0007048865520995484,0.00020736353680952038,25.0375
fast_11_to_00,x3.mp1,VBS,0.0,0.0,5e-05,5e-05
fast_11_to_00,x3.mn1,VGS,-0.005849544976292303,0.9671064390869898,10.007500000000006,0.030492176278893553
fast_11_to_00,x3.mn1,VGD,-1.8054890258175273,0.08304283866526674,10.007500000000006,0.04049217627889356
fast_11_to_00,x3.mn1,VDS,0.7277504016620151,1.8007048865520996,0.00020736353680952038,25.0375
fast_11_to_00,x3.mn1,VBS,0.0,0.0,5e-05,5e-05
fast_11_to_00,x3.mp2,VGS,-1.072249598337985,0.0007048865520995484,0.00020736353680952038,25.0375
fast_11_to_00,x3.mp2,VGD,0.692104513688586,1.800531011210642,0.0003528639734250551,25.0375
fast_11_to_00,x3.mp2,VDS,-1.7998759243520424,-1.656447144904328,5.032500000000001,0.07549217627889356
fast_11_to_00,x3.mp2,VBS,0.0,0.0,5e-05,5e-05
fast_11_to_00,x3.mn2,VGS,0.7277504016620151,1.8007048865520996,0.00020736353680952038,25.0375
fast_11_to_00,x3.mn2,VGD,0.692104513688586,1.800531011210642,0.0003528639734250551,25.0375
fast_11_to_00,x3.mn2,VDS,0.00012407564795758328,0.14355285509567203,5.032500000000001,0.07549217627889356
fast_11_to_00,x3.mn2,VBS,0.0,0.0,5e-05,5e-05
fast_11_to_00,x4.mp1,VGS,-1.8198041993431815,0.020502427319495364,5.0825,10.047500000000001
fast_11_to_00,x4.mp1,VGD,-1.8185223265016128,1.8202517150549091,5.0874999999999995,10.047500000000001
fast_11_to_00,x4.mp1,VDS,-1.8143051415724352,0.0560331800181888,10.25750000000003,5.162499999999997
fast_11_to_00,x4.mp1,VBS,0.0,0.0,5e-05,5e-05
fast_11_to_00,x4.mn1,VGS,-0.019804199343181547,1.8205024273194954,5.0825,10.047500000000001
fast_11_to_00,x4.mn1,VGD,-1.8185223265016128,1.8202517150549091,5.0874999999999995,10.047500000000001
fast_11_to_00,x4.mn1,VDS,-0.014305141572435065,1.8560331800181888,10.25750000000003,5.162499999999997
fast_11_to_00,x4.mn1,VBS,0.0,0.0,5e-05,5e-05
fast_11_to_00,x4.mp2,VGS,-1.8143051415724352,0.0560331800181888,10.25750000000003,5.162499999999997
fast_11_to_00,x4.mp2,VGD,-1.813889044703563,1.8547602944282726,10.25750000000003,5.162499999999997
fast_11_to_00,x4.mp2,VDS,-1.8198964736481265,0.024948106465685127,5.197499999999996,10.32250000000004
fast_11_to_00,x4.mp2,VBS,0.0,0.0,5e-05,5e-05
fast_11_to_00,x4.mn2,VGS,-0.014305141572435065,1.8560331800181888,10.25750000000003,5.162499999999997
fast_11_to_00,x4.mn2,VGD,-1.813889044703563,1.8547602944282726,10.25750000000003,5.162499999999997
fast_11_to_00,x4.mn2,VDS,-0.01989647364812638,1.8249481064656852,5.197499999999996,10.32250000000004
fast_11_to_00,x4.mn2,VBS,0.0,0.0,5e-05,5e-05
fast_11_to_00,x5.mp1,VGS,-1.805775252234162,-0.8276939437900556,25.0075,0.030492176278893553
fast_11_to_00,x5.mp1,VGD,-1.8054162177711306,0.08476940323934701,25.0075,0.04049217627889356
fast_11_to_00,x5.mp1,VDS,-1.0726170854141315,0.0006898291063253126,0.00020736353680952038,10.0375
fast_11_to_00,x5.mp1,VBS,0.0,0.0,5e-05,5e-05
fast_11_to_00,x5.mn1,VGS,-0.005775252234161895,0.9723060562099445,25.0075,0.030492176278893553
fast_11_to_00,x5.mn1,VGD,-1.8054162177711306,0.08476940323934701,25.0075,0.04049217627889356
fast_11_to_00,x5.mn1,VDS,0.7273829145858685,1.8006898291063254,0.00020736353680952038,10.0375
fast_11_to_00,x5.mn1,VBS,0.0,0.0,5e-05,5e-05
fast_11_to_00,x5.mp2,VGS,-1.0726170854141315,0.0006898291063253126,0.00020736353680952038,10.0375
fast_11_to_00,x5.mp2,VGD,0.6915506463021217,1.8005163948265903,0.0003528639734250551,10.0375
fast_11_to_00,x5.mp2,VDS,-1.799874984141337,-1.6578759413454742,20.032500000000002,0.07549217627889356
fast_11_to_00,x5.mp2,VBS,0.0,0.0,5e-05,5e-05
fast_11_to_00,x5.mn2,VGS,0.7273829145858685,1.8006898291063254,0.00020736353680952038,10.0375
fast_11_to_00,x5.mn2,VGD,0.6915506463021217,1.8005163948265903,0.0003528639734250551,10.0375
fast_11_to_00,x5.mn2,VDS,0.0001250158586629874,0.14212405865452593,20.032500000000002,0.07549217627889356
fast_11_to_00,x5.mn2,VBS,0.0,0.0,5e-05,5e-05
fast_11_to_01,x1.0,VGS,-1.1982098179455836,1.799867781071487,18.19749999999997,9.317500000000205
fast_11_to_01,x1.0,VGD,-0.013541576934506187,1.799979957739207,0.00013138784563267243,6.252499999999971
fast_11_to_01,x1.0,VDS,-1.2180854456826924,0.03815564006680743,19.9925,25.0125
fast_11_to_01,x1.0,VBS,-1.218453489962222,0.038067934695512,19.9975,25.0125
fast_11_to_01,x1.1,VGS,-1.8668611310691439,1.7996687861953247,20.047500000000003,6.2324999999999715
fast_11_to_01,x1.1,VGD,-1.1744272593963456,1.799751142864147,19.974999999999998,6.222499999999972
fast_11_to_01,x1.1,VDS,-1.8489173254949074,2.650835234138671e-05,20.85249999999985,9.976500000000001
fast_11_to_01,x1.1,VBS,-1.8679186516168498,0.01299512028979163,5.0285,9.997500000000004
fast_11_to_01,x1.2,VGS,-1.8104602727490064,1.8650732877090939,9.997500000000004,20.028500000000005
fast_11_to_01,x1.2,VGD,-1.8116972697519738,0.06995203725845212,9.997500000000004,20.026500000000006
fast_11_to_01,x1.2,VDS,-0.02001281988205106,1.8168682858632543,10.047500000000001,5.0825
fast_11_to_01,x1.2,VBS,-0.0358951154573027,1.8166232212806104,5.4200000004282114e-05,5.0825
fast_11_to_01,x1.3,VGS,-1.8705521965064718,0.03655932450976085,5.107499999999999,25.277499999999957
fast_11_to_01,x1.3,VGD,-0.13787253049211035,0.7218467904897206,17.977499999999996,18.457499999999918
fast_11_to_01,x1.3,VDS,-1.767279306138475,-0.10102289870326152,5.432499999999991,5e-05
fast_11_to_01,x1.3,VBS,-1.8737370024147038,-0.06717545316883827,5.0255,5e-05
fast_11_to_01,x1.4,VGS,0.4846942928192905,1.820987506470367,5e-05,25.025000000000002
fast_11_to_01,x1.4,VGD,0.5435547237315643,1.8147885733994442,5e-05,0.0017753511262853052
fast_11_to_01,x1.4,VDS,-0.22955394122811418,0.01880798520779877,0.002731660530131601,25.025000000000002
fast_11_to_01,x1.4,VBS,-0.28137801924486117,0.1283318966762566,0.001123719773000722,5e-05
fast_11_to_01,x1.5,VGS,-1.8098618389724401,1.8716403195273095,24.997500000000002,20.028500000000005
fast_11_to_01,x1.5,VGD,-1.8141394648754798,0.07645854367566507,24.997500000000002,20.026500000000006
fast_11_to_01,x1.5,VDS,-0.020324722716151822,1.8177026472263245,25.117499999999986,20.082499999999996
fast_11_to_01,x1.5,VBS,-0.02232640388795515,1.8172324472261074,25.117499999999986,20.087499999999995
fast_11_to_01,x1.6,VGS,-0.10979598471880936,1.874894377385084,0.020492176278893555,5.0285
fast_11_to_01,x1.6,VGD,0.06913606550167323,1.8754049795961478,5e-05,5.0265
fast_11_to_01,x1.6,VDS,-0.9543755345202671,0.004061704040228167,0.030492176278893553,25.0125
fast_11_to_01,x1.6,VBS,-0.9588955657122566,0.004615021506636159,0.030492176278893553,25.0125
fast_11_to_01,x1.7,VGS,-1.8213542117465746,1.8349188365225122,17.977499999999996,25.282499999999956
fast_11_to_01,x1.7,VGD,-0.0364133057453928,1.8429415750325446,10.024999999999999,20.025000000000002
fast_11_to_01,x1.7,VDS,-1.834834940020094,0.016099052665322234,5.025,25.022499999999997
fast_11_to_01,x1.7,VBS,-1.834753221120588,0.01788994283499478,5.025,25.022499999999997
fast_11_to_01,x1.8,VGS,-1.3708251401935903,0.16079220024283422,18.000000000000004,0.0041803095424348515
fast_11_to_01,x1.8,VGD,-1.2082918675387435,0.20878953413806767,19.9975,0.0041803095424348515
fast_11_to_01,x1.8,VDS,-1.3393008796084214,0.003400372412459385,10.007500000000006,19.9975
fast_11_to_01,x1.8,VBS,-1.371766023614842,-0.007171344185335618,18.112499999999983,5e-05
fast_11_to_01,x1.9,VGS,-1.8006521409578298,0.08958907743004368,18.057499999999994,0.0003528639734250551
fast_11_to_01,x1.9,VGD,-1.7999834418545189,0.002467458721592486,19.974999999999998,5.167499999999997
fast_11_to_01,x1.9,VDS,-0.08031499652776408,1.2245243829755277,5.0255,0.0017753511262853052
fast_11_to_01,x1.9,VBS,-0.07963494877957533,1.2386751646666823,5.0285,0.002731660530131601
fast_11_to_01,x1.10,VGS,-1.8431589122302103,1.836422025114783,20.025000000000002,10.024999999999999
fast_11_to_01,x1.10,VGD,-1.8038145350028878,0.30053014556078317,20.025000000000002,0.00020736353680952038
fast_11_to_01,x1.10,VDS,-0.039344377227322536,1.8353132197743718,20.025000000000002,10.024999999999999
fast_11_to_01,x1.10,VBS,-0.04278006428750003,1.835266249372934,20.025000000000002,10.024999999999999
fast_11_to_01,x1.11,VGS,-1.8215590279469835,1.8348147868553528,17.977499999999996,25.282499999999956
fast_11_to_01,x1.11,VGD,-1.8330203119115231,0.046333615150702334,10.024999999999999,20.025000000000002
fast_11_to_01,x1.11,VDS,-0.031524499547612495,1.8186115208814857,5.025,25.0175
fast_11_to_01,x1.11,VBS,-0.033941729831816314,1.8185695810042808,5.025,25.0175
fast_11_to_01,x1.12,VGS,-1.817552521185867,0.10752073255773908,18.12749999999998,0.00020736353680952038
fast_11_to_01,x1.12,VGD,-1.8012027529504766,0.0011111986450245137,18.12749999999998,5.167499999999997
fast_11_to_01,x1.12,VDS,-0.07538329735713933,1.234639927863665,5.025,0.001123719773000722
fast_11_to_01,x1.12,VBS,-0.07473876341977492,1.2454593070407696,5.0285,0.0017753511262853052
fast_11_to_01,x1.13,VGS,-1.8784898099136573,0.03907256678176041,20.0625,0.27549217627889355
fast_11_to_01,x1.13,VGD,-1.2081004036007985,0.8183757583967,19.974999999999998,0.14049217627889354
fast_11_to_01,x1.13,VDS,-1.0763376760018666,-0.09340486721795793,0.09049217627889354,5e-05
fast_11_to_01,x1.13,VBS,-1.8765636334732003,-0.06382733984995664,5.0265,5e-05
fast_11_to_01,x1.14,VGS,0.6836524401392066,1.823060593883892,5e-05,25.025000000000002
fast_11_to_01,x1.14,VGD,-0.02709451812030883,0.23244725047575354,0.0017753511262853052,0.00020736353680952038
fast_11_to_01,x1.14,VDS,0.6901896284642373,1.8226138947793686,5e-05,25.025000000000002
fast_11_to_01,x1.14,VBS,0.2828742222233797,1.8225705785662398,5e-05,25.025000000000002
fast_11_to_01,x1.15,VGS,-1.8342156491985915,0.14366620364547467,10.187500000000021,0.002731660530131601
fast_11_to_01,x1.15,VGD,-0.023040306801113252,0.27760242431265814,25.025000000000002,0.0041803095424348515
fast_11_to_01,x1.15,VDS,-1.8409614461954367,-0.028661149619195803,25.182499999999973,5e-05
fast_11_to_01,x1.15,VBS,-1.8409420610843572,-0.001225662221365248,25.182499999999973,5e-05
fast_11_to_01,x1.16,VGS,-1.831515103582151,0.6644112405215633,10.187500000000021,0.0006369930761185926
fast_11_to_01,x1.16,VGD,-1.8209149121507988,-0.5018931574242357,25.025000000000002,5e-05
fast_11_to_01,x1.16,VDS,-0.03592403419097545,1.6419492422679378,25.18749999999997,0.0017753511262853052
fast_11_to_01,x1.16,VBS,-0.0387881981379401,1.6237862335066993,25.18749999999997,0.0041803095424348515
fast_11_to_01,x1.17,VGS,-1.8159859079875804,1.7996133143990964,18.137499999999978,24.05249999999924
fast_11_to_01,x1.17,VGD,-1.8010760168265856,0.00169053575889766,18.13249999999998,5.167499999999997
fast_11_to_01,x1.17,VDS,-0.07699971444389897,1.806472422982494,20.025000000000002,24.987500000000004
fast_11_to_01,x1.17,VBS,-0.07605041057993334,1.8108494938421906,20.028500000000005,24.992500000000003
fast_11_to_01,x1.18,VGS,-1.8095021572423517,1.8715736668902163,24.997500000000002,20.028500000000005
fast_11_to_01,x1.18,VGD,-0.014894493741067452,1.8721415521984863,24.992500000000003,20.026500000000006
fast_11_to_01,x1.18,VDS,-1.820937766583987,0.019187333959785734,25.112499999999986,20.087499999999995
fast_11_to_01,x1.18,VBS,-1.8203797011526586,0.021745628331003887,25.117499999999986,20.087499999999995
fast_11_to_01,x1.19,VGS,-1.8590943826420803,1.79969672030225,5.0775,21.852499999999658
fast_11_to_01,x1.19,VGD,-1.2054854607537655,1.7997790118064536,17.977499999999996,21.852499999999658
fast_11_to_01,x1.19,VDS,-1.8497670237373605,0.0002970622580110963,5.792499999999983,24.978500000000004
fast_11_to_01,x1.19,VBS,-1.8754258423277923,0.01540204513664864,20.026500000000006,24.997500000000002
fast_11_to_01,x1.20,VGS,-1.8005177859044241,1.7996138191960245,25.247499999999963,8.49750000000009
fast_11_to_01,x1.20,VGD,-1.799982521868319,0.003052741265338943,19.974999999999998,5.167499999999997
fast_11_to_01,x1.20,VDS,-0.0702735163280237,1.8045508256769551,20.025500000000005,9.987500000000002
fast_11_to_01,x1.20,VBS,-0.06967835202204409,1.8088865636856708,20.028500000000005,9.987500000000002
fast_11_to_01,x1.21,VGS,-1.8102905434433114,1.8652037333399862,9.997500000000004,20.026500000000006
fast_11_to_01,x1.21,VGD,-0.012832384484000108,1.865593676724929,9.992500000000003,20.026500000000006
fast_11_to_01,x1.21,VDS,-1.8197555267978762,0.018644641993308654,10.047500000000001,5.0874999999999995
fast_11_to_01,x1.21,VBS,-1.8188063311444251,0.02113677376102796,10.047500000000001,5.0874999999999995
fast_11_to_01,x1.22,VGS,-0.018989302997468704,1.81594552845158,0.0003528639734250551,10.017500000000007
fast_11_to_01,x1.22,VGD,0.011498232671305335,1.8161248647414094,5e-05,10.012500000000006
fast_11_to_01,x1.22,VDS,-0.4474311067845914,0.030317730550968758,20.032500000000002,4.9975
fast_11_to_01,x1.22,VBS,-1.3118098585918272,0.037586576937124375,18.687499999999876,10.017500000000007
fast_11_to_01,x1.23,VGS,-0.10369322792708552,1.871622392208509,0.0006369930761185926,5.032500000000001
fast_11_to_01,x1.23,VGD,0.07900647510000855,1.8719006375520184,5e-05,5.0265
fast_11_to_01,x1.23,VDS,-0.9405519951634375,0.003911734077998363,0.030492176278893553,10.012500000000006
fast_11_to_01,x1.23,VBS,-0.9453094998924998,0.004426094023206339,0.030492176278893553,10.012500000000006
fast_11_to_01,x1.24,VGS,-0.11262672219419001,1.8717778501344882,0.020492176278893555,5.032500000000001
fast_11_to_01,x1.24,VGD,-1.1742812912815466,0.07485798220647655,0.005,5.0265
fast_11_to_01,x1.24,VDS,0.33784454627196003,1.8038986093818021,5e-05,10.002500000000005
fast_11_to_01,x1.24,VBS,0.014286177058983385,1.8034932294921386,5e-05,10.002500000000005
fast_11_to_01,x1.25,VGS,-1.8468295511955848,1.833124503130631,20.025000000000002,10.024999999999999
fast_11_to_01,x1.25,VGD,-0.0015114967857509636,1.8084994043694556,20.025000000000002,0.0017753511262853052
fast_11_to_01,x1.25,VDS,-1.8453180544098338,0.0296566899562056,20.025000000000002,10.024999999999999
fast_11_to_01,x1.25,VBS,-1.8452416264243876,0.1085529485376206,20.025000000000002,5.1400000001427375e-05
fast_11_to_01,x1.26,VGS,-0.013968158473703446,1.8162387651287986,0.00020736353680952038,25.0175
fast_11_to_01,x1.26,VGD,0.013243169378600844,1.8166938095408511,5e-05,25.0125
fast_11_to_01,x1.26,VDS,-0.3894656765203124,0.08327480747442273,5.032500000000001,18.387499999999932
fast_11_to_01,x1.26,VBS,-1.2495575971440178,0.0377947405518979,18.12249999999998,25.0175
fast_11_to_01,x1.27,VGS,-0.1326444736491914,1.8749149986557891,0.020492176278893555,5.0285
fast_11_to_01,x1.27,VGD,-1.189864189635037,0.07985857792854745,0.005,5.0265
fast_11_to_01,x1.27,VDS,0.1894251851199547,1.8040108075249965,5e-05,25.0025
fast_11_to_01,x1.27,VBS,-0.02577937039496453,1.803617303167755,5.4200000004282114e-05,25.0025
fast_11_to_01,x1.28,VGS,-1.3459393093188567,0.14591194057453258,30.000000000000004,0.0041803095424348515
fast_11_to_01,x1.28,VGD,-1.2083307839751776,0.20869604694243044,19.9975,0.0041803095424348515
fast_11_to_01,x1.28,VDS,-1.327337930947449,1.0775076839166189,25.0075,17.977499999999996
fast_11_to_01,x1.28,VBS,-1.346109409812457,-0.010914946729626618,30.000000000000004,5e-05
fast_11_to_01,x2.mp1,VGS,-1.8053945542915948,-0.8436786987280724,10.007500000000006,0.030492176278893553
fast_11_to_01,x2.mp1,VGD,-1.805048193566088,0.05366593967037292,10.007500000000006,0.04049217627889356
fast_11_to_01,x2.mp1,VDS,-1.071761461327737,0.000628883310733741,0.00020736353680952038,25.0375
fast_11_to_01,x2.mp1,VBS,0.0,0.0,5e-05,5e-05
fast_11_to_01,x2.mn1,VGS,-0.005394554291594744,0.9563213012719276,10.007500000000006,0.030492176278893553
fast_11_to_01,x2.mn1,VGD,-1.805048193566088,0.05366593967037292,10.007500000000006,0.04049217627889356
fast_11_to_01,x2.mn1,VDS,0.728238538672263,1.8006288833107338,0.00020736353680952038,25.0375
fast_11_to_01,x2.mn1,VBS,0.0,0.0,5e-05,5e-05
fast_11_to_01,x2.mp2,VGS,-1.071761461327737,0.000628883310733741,0.00020736353680952038,25.0375
fast_11_to_01,x2.mp2,VGD,0.6928265906749687,1.8004580830246397,0.0003528639734250551,25.0375
fast_11_to_01,x2.mp2,VDS,-1.7998738130199465,-1.6655158838484434,20.032500000000002,0.07049217627889355
fast_11_to_01,x2.mp2,VBS,0.0,0.0,5e-05,5e-05
fast_11_to_01,x2.mn2,VGS,0.728238538672263,1.8006288833107338,0.00020736353680952038,25.0375
fast_11_to_01,x2.mn2,VGD,0.6928265906749687,1.8004580830246397,0.0003528639734250551,25.0375
fast_11_to_01,x2.mn2,VDS,0.00012618698005345622,0.13448411615155675,20.032500000000002,0.07049217627889355
fast_11_to_01,x2.mn2,VBS,0.0,0.0,5e-05,5e-05
fast_11_to_01,x3.mp1,VGS,-1.8203517728688448,0.021566957848809354,20.087499999999995,25.117499999999986
fast_11_to_01,x3.mp1,VGD,-1.8190040292257643,1.8215267551041163,20.087499999999995,25.117499999999986
fast_11_to_01,x3.mp1,VDS,-1.8141350372670997,0.05627914262904432,25.25749999999996,20.16249999999998
fast_11_to_01,x3.mp1,VBS,0.0,0.0,5e-05,5e-05
fast_11_to_01,x3.mn1,VGS,-0.020351772868844736,1.8215669578488094,20.087499999999995,25.117499999999986
fast_11_to_01,x3.mn1,VGD,-1.8190040292257643,1.8215267551041163,20.087499999999995,25.117499999999986
fast_11_to_01,x3.mn1,VDS,-0.014135037267099665,1.8562791426290444,25.25749999999996,20.16249999999998
fast_11_to_01,x3.mn1,VBS,0.0,0.0,5e-05,5e-05
fast_11_to_01,x3.mp2,VGS,-1.8141350372670997,0.05627914262904432,25.25749999999996,20.16249999999998
fast_11_to_01,x3.mp2,VGD,-1.813723652427751,1.8549078933891672,25.25749999999996,20.16249999999998
fast_11_to_01,x3.mp2,VDS,-1.8202367540603803,0.024793733481745628,20.202499999999972,25.32249999999995
fast_11_to_01,x3.mp2,VBS,0.0,0.0,5e-05,5e-05
fast_11_to_01,x3.mn2,VGS,-0.014135037267099665,1.8562791426290444,25.25749999999996,20.16249999999998
fast_11_to_01,x3.mn2,VGD,-1.813723652427751,1.8549078933891672,25.25749999999996,20.16249999999998
fast_11_to_01,x3.mn2,VDS,-0.02023675406038022,1.8247937334817457,20.202499999999972,25.32249999999995
fast_11_to_01,x3.mn2,VBS,0.0,0.0,5e-05,5e-05
fast_11_to_01,x4.mp1,VGS,-1.8198041993431815,0.020502427319495364,5.0825,10.047500000000001
fast_11_to_01,x4.mp1,VGD,-1.8185223265016128,1.8202517150549091,5.0874999999999995,10.047500000000001
fast_11_to_01,x4.mp1,VDS,-1.8143051415724352,0.0560331800181888,10.25750000000003,5.162499999999997
fast_11_to_01,x4.mp1,VBS,0.0,0.0,5e-05,5e-05
fast_11_to_01,x4.mn1,VGS,-0.019804199343181547,1.8205024273194954,5.0825,10.047500000000001
fast_11_to_01,x4.mn1,VGD,-1.8185223265016128,1.8202517150549091,5.0874999999999995,10.047500000000001
fast_11_to_01,x4.mn1,VDS,-0.014305141572435065,1.8560331800181888,10.25750000000003,5.162499999999997
fast_11_to_01,x4.mn1,VBS,0.0,0.0,5e-05,5e-05
fast_11_to_01,x4.mp2,VGS,-1.8143051415724352,0.0560331800181888,10.25750000000003,5.162499999999997
fast_11_to_01,x4.mp2,VGD,-1.813889044703563,1.8547602944282726,10.25750000000003,5.162499999999997
fast_11_to_01,x4.mp2,VDS,-1.8198964736481265,0.024948106465685127,5.197499999999996,10.32250000000004
fast_11_to_01,x4.mp2,VBS,0.0,0.0,5e-05,5e-05
fast_11_to_01,x4.mn2,VGS,-0.014305141572435065,1.8560331800181888,10.25750000000003,5.162499999999997
fast_11_to_01,x4.mn2,VGD,-1.813889044703563,1.8547602944282726,10.25750000000003,5.162499999999997
fast_11_to_01,x4.mn2,VDS,-0.01989647364812638,1.8249481064656852,5.197499999999996,10.32250000000004
fast_11_to_01,x4.mn2,VBS,0.0,0.0,5e-05,5e-05
fast_11_to_01,x5.mp1,VGS,-1.8059083749154314,-0.8276939437900556,25.0075,0.030492176278893553
fast_11_to_01,x5.mp1,VGD,-1.8055371436116296,0.08476940323934701,25.0075,0.04049217627889356
fast_11_to_01,x5.mp1,VDS,-1.0726170854141315,0.0006898291063253126,0.00020736353680952038,10.0375
fast_11_to_01,x5.mp1,VBS,0.0,0.0,5e-05,5e-05
fast_11_to_01,x5.mn1,VGS,-0.0059083749154313836,0.9723060562099445,25.0075,0.030492176278893553
fast_11_to_01,x5.mn1,VGD,-1.8055371436116296,0.08476940323934701,25.0075,0.04049217627889356
fast_11_to_01,x5.mn1,VDS,0.7273829145858685,1.8006898291063254,0.00020736353680952038,10.0375
fast_11_to_01,x5.mn1,VBS,0.0,0.0,5e-05,5e-05
fast_11_to_01,x5.mp2,VGS,-1.0726170854141315,0.0006898291063253126,0.00020736353680952038,10.0375
fast_11_to_01,x5.mp2,VGD,0.6915506463021217,1.8005163948265903,0.0003528639734250551,10.0375
fast_11_to_01,x5.mp2,VDS,-1.7998741814667079,-1.6578759413454742,5.032500000000001,0.07549217627889356
fast_11_to_01,x5.mp2,VBS,0.0,0.0,5e-05,5e-05
fast_11_to_01,x5.mn2,VGS,0.7273829145858685,1.8006898291063254,0.00020736353680952038,10.0375
fast_11_to_01,x5.mn2,VGD,0.6915506463021217,1.8005163948265903,0.0003528639734250551,10.0375
fast_11_to_01,x5.mn2,VDS,0.0001258185332921075,0.14212405865452593,5.032500000000001,0.07549217627889356
fast_11_to_01,x5.mn2,VBS,0.0,0.0,5e-05,5e-05
fast_11_to_10,x1.0,VGS,-1.246752083824181,1.799867781071487,18.177499999999974,9.317500000000205
fast_11_to_10,x1.0,VGD,-0.013541576934506187,1.799979957739207,0.00013138784563267243,6.252499999999971
fast_11_to_10,x1.0,VDS,-1.2465368279180642,0.03932643219739265,18.177499999999974,25.0125
fast_11_to_10,x1.0,VBS,-1.2465241049829896,0.03935616430359233,18.177499999999974,25.0125
fast_11_to_10,x1.1,VGS,-0.48167209072565226,1.7996687861953247,0.035492176278893554,6.2324999999999715
fast_11_to_10,x1.1,VGD,0.03879097803337514,1.799751142864147,5e-05,6.222499999999972
fast_11_to_10,x1.1,VDS,-1.071885687513961,2.650835234138671e-05,0.11049217627889352,9.976500000000001
fast_11_to_10,x1.1,VBS,-1.8679186516168498,0.01299512028979163,5.0285,9.997500000000004
fast_11_to_10,x1.2,VGS,-1.8104602727490064,1.8659374005942022,9.997500000000004,20.028500000000005
fast_11_to_10,x1.2,VGD,-1.8116972697519738,0.07076739371925123,9.997500000000004,20.028500000000005
fast_11_to_10,x1.2,VDS,-0.02001281988205106,1.8168682858632543,10.047500000000001,5.0825
fast_11_to_10,x1.2,VBS,-0.0358951154573027,1.8166232212806104,5.4200000004282114e-05,5.0825
fast_11_to_10,x1.3,VGS,-1.8705521965064718,-0.05442420185713212,5.107499999999999,5e-05
fast_11_to_10,x1.3,VGD,-1.1578414961897725,0.20935661985379717,30.000000000000004,0.0041803095424348515
fast_11_to_10,x1.3,VDS,-1.852756380638582,-0.10102289870326152,20.95749999999983,5e-05
fast_11_to_10,x1.3,VBS,-1.8748017822407734,-0.06717545316883827,20.026500000000006,5e-05
fast_11_to_10,x1.4,VGS,-1.8659689140227464,1.8209459023302528,25.252499999999962,10.024999999999999
fast_11_to_10,x1.4,VGD,-0.0006414979511989651,1.8147885733994442,20.025500000000005,0.0017753511262853052
fast_11_to_10,x1.4,VDS,-1.8657496509961973,0.0214867801415501,25.252499999999962,17.977499999999996
fast_11_to_10,x1.4,VBS,-1.8656783330654287,0.1283318966762566,25.252499999999962,5e-05
fast_11_to_10,x1.5,VGS,-0.1238354666685344,1.8714160567515317,0.020492176278893555,20.032500000000002
fast_11_to_10,x1.5,VGD,-1.1770474372473356,0.0762021757615603,0.005,20.026500000000006
fast_11_to_10,x1.5,VDS,0.255273084811944,1.8041212220555465,5e-05,25.0025
fast_11_to_10,x1.5,VBS,-0.007270584580151812,1.8037296481445575,5.1400000001427375e-05,25.0025
fast_11_to_10,x1.6,VGS,-1.8106841411126697,1.874894377385084,24.997500000000002,5.0285
fast_11_to_10,x1.6,VGD,-0.015745600277771027,1.8754049795961478,24.997500000000002,5.0265
fast_11_to_10,x1.6,VDS,-1.820235490336086,0.019065748573697937,25.112499999999986,20.082499999999996
fast_11_to_10,x1.6,VBS,-1.819747694509393,0.02160654356815997,25.117499999999986,20.082499999999996
fast_11_to_10,x1.7,VGS,-1.8191102294746198,0.1573444808947051,10.187500000000021,0.002731660530131601
fast_11_to_10,x1.7,VGD,-0.036476937518884624,0.3370033160814864,25.025000000000002,0.0041803095424348515
fast_11_to_10,x1.7,VDS,-1.834834940020094,-0.02830333146464071,5.025,5e-05
fast_11_to_10,x1.7,VBS,-1.834753221120588,-0.003969028344599682,5.025,5e-05
fast_11_to_10,x1.8,VGS,-1.385769936170615,1.804833804422847,17.977499999999996,24.997500000000002
fast_11_to_10,x1.8,VGD,-1.21179463535862,1.8122769587743726,17.977499999999996,25.0075
fast_11_to_10,x1.8,VDS,-1.3393008796084214,-8.231885461467791e-05,10.007500000000006,22.292499999999574
fast_11_to_10,x1.8,VBS,-1.6612964298512078,0.023626644915432822,18.582499999999897,25.0025
fast_11_to_10,x1.9,VGS,-1.8011332410693335,1.799612917285181,18.12249999999998,24.975000000000005
fast_11_to_10,x1.9,VGD,-1.7999817596149894,0.002467458721592486,18.12249999999998,5.167499999999997
fast_11_to_10,x1.9,VDS,-0.08031499652776408,1.8068368409423596,5.0255,24.987500000000004
fast_11_to_10,x1.9,VBS,-0.07963494877957533,1.8113233251747631,5.0285,24.992500000000003
fast_11_to_10,x1.10,VGS,0.6174181704674429,1.83649396488538,5e-05,25.025000000000002
fast_11_to_10,x1.10,VGD,-0.008451666051938256,0.30053014556078317,0.0017753511262853052,0.00020736353680952038
fast_11_to_10,x1.10,VDS,0.5559703461085779,1.8353874259306273,5e-05,25.025000000000002
fast_11_to_10,x1.10,VBS,0.22717600402813093,1.8353395734354574,5e-05,25.025000000000002
fast_11_to_10,x1.11,VGS,-1.8176040423872504,0.646513788266596,10.187500000000021,0.0006369930761185926
fast_11_to_10,x1.11,VGD,-1.8331025278684852,-0.4105116886789732,25.025000000000002,5e-05
fast_11_to_10,x1.11,VDS,-0.031524499547612495,1.597102676014484,5.025,0.0017753511262853052
fast_11_to_10,x1.11,VBS,-0.033941729831816314,1.5781194232958535,5.025,0.0041803095424348515
fast_11_to_10,x1.12,VGS,-1.8013017654142764,0.10752073255773908,18.457499999999918,0.00020736353680952038
fast_11_to_10,x1.12,VGD,-1.800034563279379,0.0011111986450245137,18.547499999999904,5.167499999999997
fast_11_to_10,x1.12,VDS,-0.07538329735713933,1.234639927863665,5.025,0.001123719773000722
fast_11_to_10,x1.12,VBS,-0.07473876341977492,1.2454593070407696,5.0285,0.0017753511262853052
fast_11_to_10,x1.13,VGS,-0.4736737706995776,1.7997720209853245,0.035492176278893554,24.982500000000005
fast_11_to_10,x1.13,VGD,0.03127739179718243,1.8006532412003118,0.0006369930761185926,24.992500000000003
fast_11_to_10,x1.13,VDS,-1.0763376760018666,0.00042606982028251666,0.09049217627889354,24.978500000000004
fast_11_to_10,x1.13,VBS,-1.8768854212835557,0.01607147378034956,20.026500000000006,24.997500000000002
fast_11_to_10,x1.14,VGS,-1.860916646590999,1.8230151398788255,25.252499999999962,10.024999999999999
fast_11_to_10,x1.14,VGD,-1.8049017755196504,0.23244725047575354,25.25749999999996,0.00020736353680952038
fast_11_to_10,x1.14,VDS,-0.056018634273759416,1.8225664249773428,25.252499999999962,10.024999999999999
fast_11_to_10,x1.14,VBS,-0.06118236483211836,1.8225228096395822,25.252499999999962,10.024999999999999
fast_11_to_10,x1.15,VGS,-1.8342156491985915,1.863780224183066,10.187500000000021,25.25749999999996
fast_11_to_10,x1.15,VGD,-0.023002737923356057,1.865496977227736,10.024999999999999,25.252499999999962
fast_11_to_10,x1.15,VDS,-1.8407585403955196,0.00948600357468828,10.18250000000002,20.047500000000003
fast_11_to_10,x1.15,VBS,-1.840741395837433,0.010739067193284619,10.18250000000002,20.047500000000003
fast_11_to_10,x1.16,VGS,-1.831515103582151,1.8635742652644822,10.187500000000021,25.25749999999996
fast_11_to_10,x1.16,VGD,-1.822365047553656,0.06654911068540548,17.977499999999996,25.252499999999962
fast_11_to_10,x1.16,VDS,-0.035724410501380754,1.8108263659921793,10.18250000000002,25.0125
fast_11_to_10,x1.16,VBS,-0.03856842488189671,1.8107763333443736,10.18250000000002,25.0125
fast_11_to_10,x1.17,VGS,-1.8012619394755587,0.08879189194877402,10.242500000000028,0.00020736353680952038
fast_11_to_10,x1.17,VGD,-1.799988103757139,0.00169053575889766,17.95,5.167499999999997
fast_11_to_10,x1.17,VDS,-0.07670019474342182,1.2139734528402473,20.025500000000005,0.001123719773000722
fast_11_to_10,x1.17,VBS,-0.07593756190595458,1.2348062757739016,20.028500000000005,0.0017753511262853052
fast_11_to_10,x1.18,VGS,-0.10229409097007747,1.8713428642146344,0.0006369930761185926,20.028500000000005
fast_11_to_10,x1.18,VGD,0.07401056086647825,1.8719845868479017,5e-05,20.026500000000006
fast_11_to_10,x1.18,VDS,-0.9506577539100988,0.004264716605321987,0.030492176278893553,25.0125
fast_11_to_10,x1.18,VBS,-0.9549940175287184,0.004781185380194102,0.030492176278893553,25.0075
fast_11_to_10,x1.19,VGS,-1.8697164469668743,-0.05359562824672723,20.102499999999992,5e-05
fast_11_to_10,x1.19,VGD,-1.1891844896448185,0.2338859796071261,18.12749999999998,0.0041803095424348515
fast_11_to_10,x1.19,VDS,-1.8497670237373605,-0.10480035849565444,5.792499999999983,5e-05
fast_11_to_10,x1.19,VBS,-1.8745867636398608,-0.06489964370418408,5.0265,5e-05
fast_11_to_10,x1.20,VGS,-1.799933601199645,1.7996138191960245,30.000000000000004,8.49750000000009
fast_11_to_10,x1.20,VGD,-1.7999756004401724,0.003052741265338943,30.000000000000004,5.167499999999997
fast_11_to_10,x1.20,VDS,-0.07106479192744342,1.8045508256769551,20.026500000000006,9.987500000000002
fast_11_to_10,x1.20,VBS,-0.07075602013912485,1.8088865636856708,20.028500000000005,9.987500000000002
fast_11_to_10,x1.21,VGS,-1.8102905434433114,1.8660184891142944,9.997500000000004,20.028500000000005
fast_11_to_10,x1.21,VGD,-0.012832384484000108,1.866472708462788,9.992500000000003,20.026500000000006
fast_11_to_10,x1.21,VDS,-1.8197555267978762,0.018644641993308654,10.047500000000001,5.0874999999999995
fast_11_to_10,x1.21,VBS,-1.8188063311444251,0.02113677376102796,10.047500000000001,5.0874999999999995
fast_11_to_10,x1.22,VGS,-0.8585948168097296,1.81594552845158,20.028500000000005,10.017500000000007
fast_11_to_10,x1.22,VGD,-1.1658628574821859,1.8161248647414094,30.000000000000004,10.012500000000006
fast_11_to_10,x1.22,VDS,-0.8480680047483101,0.31505385807427977,25.0125,30.000000000000004
fast_11_to_10,x1.22,VBS,-1.194254303319504,0.037586576937124375,18.12749999999998,10.017500000000007
fast_11_to_10,x1.23,VGS,-0.10369322792708552,1.871622392208509,0.0006369930761185926,5.032500000000001
fast_11_to_10,x1.23,VGD,0.07900647510000855,1.8719006375520184,5e-05,5.0265
fast_11_to_10,x1.23,VDS,-0.9405519951634375,0.003911734077998363,0.030492176278893553,10.012500000000006
fast_11_to_10,x1.23,VBS,-0.9453094998924998,0.004426094023206339,0.030492176278893553,10.012500000000006
fast_11_to_10,x1.24,VGS,-0.11262672219419001,1.8717778501344882,0.020492176278893555,5.032500000000001
fast_11_to_10,x1.24,VGD,-1.1742812912815466,0.07485798220647655,0.005,5.0265
fast_11_to_10,x1.24,VDS,0.33784454627196003,1.8038986093818021,5e-05,10.002500000000005
fast_11_to_10,x1.24,VBS,0.014286177058983385,1.8034932294921386,5e-05,10.002500000000005
fast_11_to_10,x1.25,VGS,0.4470731459613752,1.8331907477478877,5e-05,25.025000000000002
fast_11_to_10,x1.25,VGD,0.509086063118884,1.8084994043694556,5e-05,0.0017753511262853052
fast_11_to_10,x1.25,VDS,-0.2782251898576829,0.029707041886782498,0.0041803095424348515,25.025000000000002
fast_11_to_10,x1.25,VBS,-0.3139964460756857,0.1085529485376206,0.001123719773000722,5.1400000001427375e-05
fast_11_to_10,x1.26,VGS,-1.3533701499287216,1.8049065038353789,30.000000000000004,9.997500000000004
fast_11_to_10,x1.26,VGD,-1.1658632455803473,1.8146828661525554,30.000000000000004,10.012500000000006
fast_11_to_10,x1.26,VDS,-1.3317210823666188,0.05497159119942996,25.0125,18.327499999999944
fast_11_to_10,x1.26,VBS,-1.3535170481744951,0.02139641389647816,30.000000000000004,10.002500000000005
fast_11_to_10,x1.27,VGS,-1.810978373430668,1.8749149986557891,24.997500000000002,5.0285
fast_11_to_10,x1.27,VGD,-1.814730122538325,0.07985857792854745,24.997500000000002,5.0265
fast_11_to_10,x1.27,VDS,-0.020380216975290688,1.8172705167328644,25.117499999999986,20.077499999999997
fast_11_to_10,x1.27,VBS,-0.02577937039496453,1.8170600716159675,5.4200000004282114e-05,20.082499999999996
fast_11_to_10,x1.28,VGS,-0.13434423430648135,1.8121734875581688,17.977499999999996,25.0125
fast_11_to_10,x1.28,VGD,-1.211794097654552,1.8129749263763972,17.977499999999996,25.0075
fast_11_to_10,x1.28,VDS,-0.27252141829547294,1.0774498633480707,20.032500000000002,17.977499999999996
fast_11_to_10,x1.28,VBS,-1.157998652671766,0.03988712873319647,30.000000000000004,25.0175
fast_11_to_10,x2.mp1,VGS,-1.8053945542915948,-0.8436786987280724,10.007500000000006,0.030492176278893553
fast_11_to_10,x2.mp1,VGD,-1.805048193566088,0.05366593967037292,10.007500000000006,0.04049217627889356
fast_11_to_10,x2.mp1,VDS,-1.071761461327737,0.0006104861010636231,0.00020736353680952038,25.0375
fast_11_to_10,x2.mp1,VBS,0.0,0.0,5e-05,5e-05
fast_11_to_10,x2.mn1,VGS,-0.005394554291594744,0.9563213012719276,10.007500000000006,0.030492176278893553
fast_11_to_10,x2.mn1,VGD,-1.805048193566088,0.05366593967037292,10.007500000000006,0.04049217627889356
fast_11_to_10,x2.mn1,VDS,0.728238538672263,1.8006104861010637,0.00020736353680952038,25.0375
fast_11_to_10,x2.mn1,VBS,0.0,0.0,5e-05,5e-05
fast_11_to_10,x2.mp2,VGS,-1.071761461327737,0.0006104861010636231,0.00020736353680952038,25.0375
fast_11_to_10,x2.mp2,VGD,0.6928265906749687,1.8004394324719286,0.0003528639734250551,25.0375
fast_11_to_10,x2.mp2,VDS,-1.799874428741022,-1.6655158838484434,20.032500000000002,0.07049217627889355
fast_11_to_10,x2.mp2,VBS,0.0,0.0,5e-05,5e-05
fast_11_to_10,x2.mn2,VGS,0.728238538672263,1.8006104861010637,0.00020736353680952038,25.0375
fast_11_to_10,x2.mn2,VGD,0.6928265906749687,1.8004394324719286,0.0003528639734250551,25.0375
fast_11_to_10,x2.mn2,VDS,0.00012557125897809265,0.13448411615155675,20.032500000000002,0.07049217627889355
fast_11_to_10,x2.mn2,VBS,0.0,0.0,5e-05,5e-05
fast_11_to_10,x3.mp1,VGS,-1.8059866058002763,-0.8328935609130103,25.0075,0.030492176278893553
fast_11_to_10,x3.mp1,VGD,-1.8056124770184532,0.08304283866526674,25.0075,0.04049217627889356
fast_11_to_10,x3.mp1,VDS,-1.072249598337985,0.0006873121377213298,0.00020736353680952038,10.0375
fast_11_to_10,x3.mp1,VBS,0.0,0.0,5e-05,5e-05
fast_11_to_10,x3.mn1,VGS,-0.005986605800276234,0.9671064390869898,25.0075,0.030492176278893553
fast_11_to_10,x3.mn1,VGD,-1.8056124770184532,0.08304283866526674,25.0075,0.04049217627889356
fast_11_to_10,x3.mn1,VDS,0.7277504016620151,1.8006873121377214,0.00020736353680952038,10.0375
fast_11_to_10,x3.mn1,VBS,0.0,0.0,5e-05,5e-05
fast_11_to_10,x3.mp2,VGS,-1.072249598337985,0.0006873121377213298,0.00020736353680952038,10.0375
fast_11_to_10,x3.mp2,VGD,0.692104513688586,1.8005132831082808,0.0003528639734250551,10.0375
fast_11_to_10,x3.mp2,VDS,-1.7998759243520424,-1.656447144904328,5.032500000000001,0.07549217627889356
fast_11_to_10,x3.mp2,VBS,0.0,0.0,5e-05,5e-05
fast_11_to_10,x3.mn2,VGS,0.7277504016620151,1.8006873121377214,0.00020736353680952038,10.0375
fast_11_to_10,x3.mn2,VGD,0.692104513688586,1.8005132831082808,0.0003528639734250551,10.0375
fast_11_to_10,x3.mn2,VDS,0.00012407564795758328,0.14355285509567203,5.032500000000001,0.07549217627889356
fast_11_to_10,x3.mn2,VBS,0.0,0.0,5e-05,5e-05
fast_11_to_10,x4.mp1,VGS,-1.8198041993431815,0.020502427319495364,5.0825,10.047500000000001
fast_11_to_10,x4.mp1,VGD,-1.8185223265016128,1.8202517150549091,5.0874999999999995,10.047500000000001
fast_11_to_10,x4.mp1,VDS,-1.8143051415724352,0.0560331800181888,10.25750000000003,5.162499999999997
fast_11_to_10,x4.mp1,VBS,0.0,0.0,5e-05,5e-05
fast_11_to_10,x4.mn1,VGS,-0.019804199343181547,1.8205024273194954,5.0825,10.047500000000001
fast_11_to_10,x4.mn1,VGD,-1.8185223265016128,1.8202517150549091,5.0874999999999995,10.047500000000001
fast_11_to_10,x4.mn1,VDS,-0.014305141572435065,1.8560331800181888,10.25750000000003,5.162499999999997
fast_11_to_10,x4.mn1,VBS,0.0,0.0,5e-05,5e-05
fast_11_to_10,x4.mp2,VGS,-1.8143051415724352,0.0560331800181888,10.25750000000003,5.162499999999997
fast_11_to_10,x4.mp2,VGD,-1.813889044703563,1.8547602944282726,10.25750000000003,5.162499999999997
fast_11_to_10,x4.mp2,VDS,-1.8198964736481265,0.024948106465685127,5.197499999999996,10.32250000000004
fast_11_to_10,x4.mp2,VBS,0.0,0.0,5e-05,5e-05
fast_11_to_10,x4.mn2,VGS,-0.014305141572435065,1.8560331800181888,10.25750000000003,5.162499999999997
fast_11_to_10,x4.mn2,VGD,-1.813889044703563,1.8547602944282726,10.25750000000003,5.162499999999997
fast_11_to_10,x4.mn2,VDS,-0.01989647364812638,1.8249481064656852,5.197499999999996,10.32250000000004
fast_11_to_10,x4.mn2,VBS,0.0,0.0,5e-05,5e-05
fast_11_to_10,x5.mp1,VGS,-1.8201817247269338,0.020961359266594703,20.082499999999996,25.117499999999986
fast_11_to_10,x5.mp1,VGD,-1.8187462281867874,1.8209147229247187,20.082499999999996,25.117499999999986
fast_11_to_10,x5.mp1,VDS,-1.8142836458091833,0.05481872382126696,25.25749999999996,20.15749999999998
fast_11_to_10,x5.mp1,VBS,0.0,0.0,5e-05,5e-05
fast_11_to_10,x5.mn1,VGS,-0.020181724726933744,1.8209613592665947,20.082499999999996,25.117499999999986
fast_11_to_10,x5.mn1,VGD,-1.8187462281867874,1.8209147229247187,20.082499999999996,25.117499999999986
fast_11_to_10,x5.mn1,VDS,-0.014283645809183353,1.854818723821267,25.25749999999996,20.15749999999998
fast_11_to_10,x5.mn1,VBS,0.0,0.0,5e-05,5e-05
fast_11_to_10,x5.mp2,VGS,-1.8142836458091833,0.05481872382126696,25.25749999999996,20.15749999999998
fast_11_to_10,x5.mp2,VGD,-1.8138670413035092,1.8534241347201004,25.25749999999996,20.15749999999998
fast_11_to_10,x5.mp2,VDS,-1.8200633014906045,0.02491698151095134,20.197499999999973,25.32249999999995
fast_11_to_10,x5.mp2,VBS,0.0,0.0,5e-05,5e-05
fast_11_to_10,x5.mn2,VGS,-0.014283645809183353,1.854818723821267,25.25749999999996,20.15749999999998
fast_11_to_10,x5.mn2,VGD,-1.8138670413035092,1.8534241347201004,25.25749999999996,20.15749999999998
fast_11_to_10,x5.mn2,VDS,-0.020063301490604382,1.8249169815109514,20.197499999999973,25.32249999999995
fast_11_to_10,x5.mn2,VBS,0.0,0.0,5e-05,5e-05
fast_11_to_11,x1.0,VGS,-1.2028830633154397,1.7998686367819543,19.974999999999998,21.47249999999973
fast_11_to_11,x1.0,VGD,-0.013541576934506187,1.7999801374818853,0.00013138784563267243,21.292499999999766
fast_11_to_11,x1.0,VDS,-1.2316750457041648,0.03747567310947293,19.9925,25.0125
fast_11_to_11,x1.0,VBS,-1.2320161042498805,0.03734734466104379,19.9975,25.0125
fast_11_to_11,x1.1,VGS,-0.48167209072565226,1.7996687861953247,0.035492176278893554,6.2324999999999715
fast_11_to_11,x1.1,VGD,0.03879097803337514,1.799751142864147,5e-05,6.222499999999972
fast_11_to_11,x1.1,VDS,-1.071885687513961,2.650835234138671e-05,0.11049217627889352,9.976500000000001
fast_11_to_11,x1.1,VBS,-1.869007548383451,0.012997730034824358,20.032500000000002,24.997500000000002
fast_11_to_11,x1.2,VGS,-1.8104678473168379,1.8659856760922084,24.997500000000002,20.028500000000005
fast_11_to_11,x1.2,VGD,-1.811709334198701,0.07074114656236818,24.997500000000002,20.026500000000006
fast_11_to_11,x1.2,VDS,-0.02001322918809323,1.8169735283058213,25.0475,20.082499999999996
fast_11_to_11,x1.2,VBS,-0.0358951154573027,1.8166232212806104,5.4200000004282114e-05,5.0825
fast_11_to_11,x1.3,VGS,-1.8707709046433159,-0.05442420185713212,20.102499999999992,5e-05
fast_11_to_11,x1.3,VGD,-0.11700429597276128,0.20935661985379717,10.024999999999999,0.0041803095424348515
fast_11_to_11,x1.3,VDS,-1.767279306138475,-0.10102289870326152,5.432499999999991,5e-05
fast_11_to_11,x1.3,VBS,-1.8737370024147038,-0.06717545316883827,5.0255,5e-05
fast_11_to_11,x1.4,VGS,0.4846942928192905,1.8209616219963523,5e-05,25.025000000000002
fast_11_to_11,x1.4,VGD,0.5435547237315643,1.8147885733994442,5e-05,0.0017753511262853052
fast_11_to_11,x1.4,VDS,-0.22955394122811418,0.018788043228341267,0.002731660530131601,25.025000000000002
fast_11_to_11,x1.4,VBS,-0.28137801924486117,0.1283318966762566,0.001123719773000722,5e-05
fast_11_to_11,x1.5,VGS,-0.1238354666685344,1.8708356848536551,0.020492176278893555,20.028500000000005
fast_11_to_11,x1.5,VGD,-1.1770474372473356,0.07562388216789984,0.005,20.026500000000006
fast_11_to_11,x1.5,VDS,0.255273084811944,1.804054623825582,5e-05,25.0025
fast_11_to_11,x1.5,VBS,-0.007270584580151812,1.803699504150425,5.1400000001427375e-05,25.0025
fast_11_to_11,x1.6,VGS,-0.10979598471880936,1.8750801162165978,0.020492176278893555,20.028500000000005
fast_11_to_11,x1.6,VGD,0.06913606550167323,1.8755380906682235,5e-05,20.026500000000006
fast_11_to_11,x1.6,VDS,-0.9543755345202671,0.003989986799851174,0.030492176278893553,25.0075
fast_11_to_11,x1.6,VBS,-0.9588955657122566,0.00468829089347292,0.030492176278893553,25.0125
fast_11_to_11,x1.7,VGS,-1.8191102294746198,0.1573444808947051,10.187500000000021,0.002731660530131601
fast_11_to_11,x1.7,VGD,-0.0364133057453928,0.3370033160814864,10.024999999999999,0.0041803095424348515
fast_11_to_11,x1.7,VDS,-1.8351707504423092,-0.02830333146464071,20.025000000000002,5e-05
fast_11_to_11,x1.7,VBS,-1.835079452068309,-0.003969028344599682,20.025000000000002,5e-05
fast_11_to_11,x1.8,VGS,-1.3902560536897983,0.16079220024283422,30.000000000000004,0.0041803095424348515
fast_11_to_11,x1.8,VGD,-1.2218925809443193,0.20878953413806767,19.9975,0.0041803095424348515
fast_11_to_11,x1.8,VDS,-1.3769908161409,-0.025594912452361174,25.0075,5e-05
fast_11_to_11,x1.8,VBS,-1.3904169340901482,-0.007171344185335618,30.000000000000004,5e-05
fast_11_to_11,x1.9,VGS,-1.7999667494152738,0.08958907743004368,30.000000000000004,0.0003528639734250551
fast_11_to_11,x1.9,VGD,-1.799981366485595,0.002467458721592486,19.974999999999998,5.167499999999997
fast_11_to_11,x1.9,VDS,-0.08047869910669148,1.2245243829755277,20.025500000000005,0.0017753511262853052
fast_11_to_11,x1.9,VBS,-0.07979817290088098,1.2386751646666823,20.028500000000005,0.002731660530131601
fast_11_to_11,x1.10,VGS,0.6174181704674429,1.8364229213220458,5e-05,25.025000000000002
fast_11_to_11,x1.10,VGD,-0.008451666051938256,0.30053014556078317,0.0017753511262853052,0.00020736353680952038
fast_11_to_11,x1.10,VDS,0.5559703461085779,1.835319737470684,5e-05,25.025000000000002
fast_11_to_11,x1.10,VBS,0.22717600402813093,1.8352731722769609,5e-05,25.025000000000002
fast_11_to_11,x1.11,VGS,-1.8176040423872504,0.646513788266596,10.187500000000021,0.0006369930761185926
fast_11_to_11,x1.11,VGD,-1.8330203119115231,-0.4105116886789732,10.024999999999999,5e-05
fast_11_to_11,x1.11,VDS,-0.031821173365439215,1.597102676014484,20.025000000000002,0.0017753511262853052
fast_11_to_11,x1.11,VBS,-0.03424767573930776,1.5781194232958535,20.025000000000002,0.0041803095424348515
fast_11_to_11,x1.12,VGS,-1.7999991409788394,0.10752073255773908,25.88249999999984,0.00020736353680952038
fast_11_to_11,x1.12,VGD,-1.7999920349704521,0.0011117684527628402,19.974999999999998,20.16749999999998
fast_11_to_11,x1.12,VDS,-0.07538329735713933,1.234639927863665,5.025,0.001123719773000722
fast_11_to_11,x1.12,VBS,-0.07473876341977492,1.2454593070407696,5.0285,0.0017753511262853052
fast_11_to_11,x1.13,VGS,-0.4736737706995776,0.03907256678176041,0.035492176278893554,0.27549217627889355
fast_11_to_11,x1.13,VGD,0.03127739179718243,0.8183757583967,0.0006369930761185926,0.14049217627889354
fast_11_to_11,x1.13,VDS,-1.0763376760018666,-0.09340486721795793,0.09049217627889354,5e-05
fast_11_to_11,x1.13,VBS,-1.876731834953907,-0.06382733984995664,20.026500000000006,5e-05
fast_11_to_11,x1.14,VGS,0.6836524401392066,1.8230323929556622,5e-05,25.025000000000002
fast_11_to_11,x1.14,VGD,-0.02709451812030883,0.23244725047575354,0.0017753511262853052,0.00020736353680952038
fast_11_to_11,x1.14,VDS,0.6901896284642373,1.82258580955359,5e-05,25.025000000000002
fast_11_to_11,x1.14,VBS,0.2828742222233797,1.822542578789262,5e-05,25.025000000000002
fast_11_to_11,x1.15,VGS,-1.8342271205167588,0.14366620364547467,25.18749999999997,0.002731660530131601
fast_11_to_11,x1.15,VGD,-0.023018633084325404,0.27760242431265814,25.025000000000002,0.0041803095424348515
fast_11_to_11,x1.15,VDS,-1.8407601186036826,-0.028661149619195803,25.182499999999973,5e-05
fast_11_to_11,x1.15,VBS,-1.8407429724862339,-0.001225662221365248,25.182499999999973,5e-05
fast_11_to_11,x1.16,VGS,-1.8315265085941974,0.6644112405215633,25.18749999999997,0.0006369930761185926
fast_11_to_11,x1.16,VGD,-1.8208953084471,-0.5018931574242357,25.025000000000002,5e-05
fast_11_to_11,x1.16,VDS,-0.03572540836941407,1.6419492422679378,25.182499999999973,0.0017753511262853052
fast_11_to_11,x1.16,VBS,-0.0385694932269407,1.6237862335066993,25.182499999999973,0.0041803095424348515
fast_11_to_11,x1.17,VGS,-1.8012619394755587,0.08879189194877402,10.242500000000028,0.00020736353680952038
fast_11_to_11,x1.17,VGD,-1.7999883123208644,0.0016908526477723562,19.974999999999998,20.16749999999998
fast_11_to_11,x1.17,VDS,-0.07620921407472259,1.2139734528402473,20.025000000000002,0.001123719773000722
fast_11_to_11,x1.17,VBS,-0.07508174751159657,1.2348062757739016,20.026500000000006,0.0017753511262853052
fast_11_to_11,x1.18,VGS,-0.10229409097007747,1.8707583089025241,0.0006369930761185926,20.028500000000005
fast_11_to_11,x1.18,VGD,0.07401056086647825,1.871389438803724,5e-05,20.025500000000005
fast_11_to_11,x1.18,VDS,-0.9506577539100988,0.0041417382134363075,0.030492176278893553,10.007500000000006
fast_11_to_11,x1.18,VBS,-0.9549940175287184,0.004612344590383334,0.030492176278893553,10.007500000000006
fast_11_to_11,x1.19,VGS,-1.8590943826420803,-0.05359562824672723,5.0775,5e-05
fast_11_to_11,x1.19,VGD,-1.1948834038127794,0.2338859796071261,19.974999999999998,0.0041803095424348515
fast_11_to_11,x1.19,VDS,-1.8497670237373605,-0.10480035849565444,5.792499999999983,5e-05
fast_11_to_11,x1.19,VBS,-1.8745867636398608,-0.06489964370418408,5.0265,5e-05
fast_11_to_11,x1.20,VGS,-1.7994880868836651,1.7996146325721412,19.974999999999998,21.507499999999723
fast_11_to_11,x1.20,VGD,-1.7999401942192155,0.003052741265338943,19.974999999999998,5.167499999999997
fast_11_to_11,x1.20,VDS,-0.07104985379760675,1.80455573282944,20.025500000000005,24.987500000000004
fast_11_to_11,x1.20,VBS,-0.07062655292107389,1.808891453171466,20.028500000000005,24.987500000000004
fast_11_to_11,x1.21,VGS,-1.8102990461281545,1.8660424240203661,24.997500000000002,20.028500000000005
fast_11_to_11,x1.21,VGD,-0.012834585856110714,1.8664495301200252,24.992500000000003,20.026500000000006
fast_11_to_11,x1.21,VDS,-1.8197787971528616,0.018775430999967917,25.0475,20.087499999999995
fast_11_to_11,x1.21,VBS,-1.8188296903816212,0.021267441171877163,25.0475,20.087499999999995
fast_11_to_11,x1.22,VGS,-0.018989302997468704,1.8159547884558758,0.0003528639734250551,25.0175
fast_11_to_11,x1.22,VGD,0.011498232671305335,1.8161350045267959,5e-05,25.0125
fast_11_to_11,x1.22,VDS,-0.3614692840628636,0.030317730550968758,20.032500000000002,4.9975
fast_11_to_11,x1.22,VBS,-1.208404360736292,0.03759402759455479,20.007499999999997,25.0175
fast_11_to_11,x1.23,VGS,-0.10369322792708552,1.871622392208509,0.0006369930761185926,5.032500000000001
fast_11_to_11,x1.23,VGD,0.07900647510000855,1.8719006375520184,5e-05,5.0265
fast_11_to_11,x1.23,VDS,-0.9405519951634375,0.003911734077998363,0.030492176278893553,10.012500000000006
fast_11_to_11,x1.23,VBS,-0.9453094998924998,0.004426094023206339,0.030492176278893553,10.012500000000006
fast_11_to_11,x1.24,VGS,-0.11262672219419001,1.8717778501344882,0.020492176278893555,5.032500000000001
fast_11_to_11,x1.24,VGD,-1.1742812912815466,0.07485798220647655,0.005,5.0265
fast_11_to_11,x1.24,VDS,0.33784454627196003,1.8039060008020726,5e-05,25.0025
fast_11_to_11,x1.24,VBS,0.014286177058983385,1.8035008650751307,5e-05,25.0025
fast_11_to_11,x1.25,VGS,0.4470731459613752,1.8331254992169637,5e-05,25.025000000000002
fast_11_to_11,x1.25,VGD,0.509086063118884,1.8084994043694556,5e-05,0.0017753511262853052
fast_11_to_11,x1.25,VDS,-0.2782251898576829,0.0296566899562056,0.0041803095424348515,10.024999999999999
fast_11_to_11,x1.25,VBS,-0.3139964460756857,0.1085529485376206,0.001123719773000722,5.1400000001427375e-05
fast_11_to_11,x1.26,VGS,-0.013968158473703446,1.804910850307547,0.00020736353680952038,24.997500000000002
fast_11_to_11,x1.26,VGD,0.013243169378600844,1.8146933352890338,5e-05,25.0125
fast_11_to_11,x1.26,VDS,-0.42380005999735815,-8.233753384042744e-05,20.032500000000002,6.412499999999968
fast_11_to_11,x1.26,VBS,-1.2684952188068,0.021399720947742385,20.012499999999996,25.0025
fast_11_to_11,x1.27,VGS,-0.1326444736491914,1.8751076429369853,0.020492176278893555,20.028500000000005
fast_11_to_11,x1.27,VGD,-1.189864189635037,0.08002101595842803,0.005,20.026500000000006
fast_11_to_11,x1.27,VDS,0.1894251851199547,1.8036097972490492,5e-05,24.997500000000002
fast_11_to_11,x1.27,VBS,-0.02577937039496453,1.8032428440135886,5.4200000004282114e-05,24.997500000000002
fast_11_to_11,x1.28,VGS,-0.1220513293036105,0.14591194057453258,20.047500000000003,0.0041803095424348515
fast_11_to_11,x1.28,VGD,-1.221960075441175,0.20869604694243044,19.9975,0.0041803095424348515
fast_11_to_11,x1.28,VDS,-0.12192547215535633,1.1102030343228726,10.007500000000006,19.9975
fast_11_to_11,x1.28,VBS,-0.1294702586548111,-0.010914946729626618,20.012499999999996,5e-05
fast_11_to_11,x2.mp1,VGS,-1.8053949571747228,-0.8436786987280724,25.0075,0.030492176278893553
fast_11_to_11,x2.mp1,VGD,-1.8050485587274088,0.05366593967037292,25.0075,0.04049217627889356
fast_11_to_11,x2.mp1,VDS,-1.071761461327737,0.0005945665052136118,0.00020736353680952038,10.0375
fast_11_to_11,x2.mp1,VBS,0.0,0.0,5e-05,5e-05
fast_11_to_11,x2.mn1,VGS,-0.005394957174722659,0.9563213012719276,25.0075,0.030492176278893553
fast_11_to_11,x2.mn1,VGD,-1.8050485587274088,0.05366593967037292,25.0075,0.04049217627889356
fast_11_to_11,x2.mn1,VDS,0.728238538672263,1.8005945665052137,0.00020736353680952038,10.0375
fast_11_to_11,x2.mn1,VBS,0.0,0.0,5e-05,5e-05
fast_11_to_11,x2.mp2,VGS,-1.071761461327737,0.0005945665052136118,0.00020736353680952038,10.0375
fast_11_to_11,x2.mp2,VGD,0.6928265906749687,1.8004235882044899,0.0003528639734250551,10.0375
fast_11_to_11,x2.mp2,VDS,-1.799873527705812,-1.6655158838484434,20.032500000000002,0.07049217627889355
fast_11_to_11,x2.mp2,VBS,0.0,0.0,5e-05,5e-05
fast_11_to_11,x2.mn2,VGS,0.728238538672263,1.8005945665052137,0.00020736353680952038,10.0375
fast_11_to_11,x2.mn2,VGD,0.6928265906749687,1.8004235882044899,0.0003528639734250551,10.0375
fast_11_to_11,x2.mn2,VDS,0.0001264722941880361,0.13448411615155675,20.032500000000002,0.07049217627889355
fast_11_to_11,x2.mn2,VBS,0.0,0.0,5e-05,5e-05
fast_11_to_11,x3.mp1,VGS,-1.8058495449762924,-0.8328935609130103,10.007500000000006,0.030492176278893553
fast_11_to_11,x3.mp1,VGD,-1.8054890258175273,0.08304283866526674,10.007500000000006,0.04049217627889356
fast_11_to_11,x3.mp1,VDS,-1.072249598337985,0.0006876664301351809,0.00020736353680952038,25.0375
fast_11_to_11,x3.mp1,VBS,0.0,0.0,5e-05,5e-05
fast_11_to_11,x3.mn1,VGS,-0.005849544976292303,0.9671064390869898,10.007500000000006,0.030492176278893553
fast_11_to_11,x3.mn1,VGD,-1.8054890258175273,0.08304283866526674,10.007500000000006,0.04049217627889356
fast_11_to_11,x3.mn1,VDS,0.7277504016620151,1.8006876664301352,0.00020736353680952038,25.0375
fast_11_to_11,x3.mn1,VBS,0.0,0.0,5e-05,5e-05
fast_11_to_11,x3.mp2,VGS,-1.072249598337985,0.0006876664301351809,0.00020736353680952038,25.0375
fast_11_to_11,x3.mp2,VGD,0.692104513688586,1.8005136414986052,0.0003528639734250551,25.0375
fast_11_to_11,x3.mp2,VDS,-1.7998759917538447,-1.656447144904328,20.032500000000002,0.07549217627889356
fast_11_to_11,x3.mp2,VBS,0.0,0.0,5e-05,5e-05
fast_11_to_11,x3.mn2,VGS,0.7277504016620151,1.8006876664301352,0.00020736353680952038,25.0375
fast_11_to_11,x3.mn2,VGD,0.692104513688586,1.8005136414986052,0.0003528639734250551,25.0375
fast_11_to_11,x3.mn2,VDS,0.00012400824615531523,0.14355285509567203,20.032500000000002,0.07549217627889356
fast_11_to_11,x3.mn2,VBS,0.0,0.0,5e-05,5e-05
fast_11_to_11,x4.mp1,VGS,-1.8199840422224858,0.020518851370164848,20.087499999999995,25.0475
fast_11_to_11,x4.mp1,VGD,-1.8186222433521182,1.8202682091301086,20.087499999999995,25.0475
fast_11_to_11,x4.mp1,VDS,-1.8143054266189562,0.0563915545395437,25.25749999999996,20.16249999999998
fast_11_to_11,x4.mp1,VBS,0.0,0.0,5e-05,5e-05
fast_11_to_11,x4.mn1,VGS,-0.01998404222248569,1.820518851370165,20.087499999999995,25.0475
fast_11_to_11,x4.mn1,VGD,-1.8186222433521182,1.8202682091301086,20.087499999999995,25.0475
fast_11_to_11,x4.mn1,VDS,-0.014305426618956285,1.8563915545395437,25.25749999999996,20.16249999999998
fast_11_to_11,x4.mn1,VBS,0.0,0.0,5e-05,5e-05
fast_11_to_11,x4.mp2,VGS,-1.8143054266189562,0.0563915545395437,25.25749999999996,20.16249999999998
fast_11_to_11,x4.mp2,VGD,-1.8138892986116208,1.8550018162758841,25.25749999999996,20.16249999999998
fast_11_to_11,x4.mp2,VDS,-1.820305554142038,0.024948344404568168,20.202499999999972,25.32249999999995
fast_11_to_11,x4.mp2,VBS,0.0,0.0,5e-05,5e-05
fast_11_to_11,x4.mn2,VGS,-0.014305426618956285,1.8563915545395437,25.25749999999996,20.16249999999998
fast_11_to_11,x4.mn2,VGD,-1.8138892986116208,1.8550018162758841,25.25749999999996,20.16249999999998
fast_11_to_11,x4.mn2,VDS,-0.020305554142038138,1.8249483444045682,20.202499999999972,25.32249999999995
fast_11_to_11,x4.mn2,VBS,0.0,0.0,5e-05,5e-05
fast_11_to_11,x5.mp1,VGS,-1.8057257543250262,-0.8276939437900556,25.0075,0.030492176278893553
fast_11_to_11,x5.mp1,VGD,-1.8053729093314677,0.08476940323934701,25.0075,0.04049217627889356
fast_11_to_11,x5.mp1,VDS,-1.0726170854141315,0.0006898291063253126,0.00020736353680952038,10.0375
fast_11_to_11,x5.mp1,VBS,0.0,0.0,5e-05,5e-05
fast_11_to_11,x5.mn1,VGS,-0.005725754325026254,0.9723060562099445,25.0075,0.030492176278893553
fast_11_to_11,x5.mn1,VGD,-1.8053729093314677,0.08476940323934701,25.0075,0.04049217627889356
fast_11_to_11,x5.mn1,VDS,0.7273829145858685,1.8006898291063254,0.00020736353680952038,10.0375
fast_11_to_11,x5.mn1,VBS,0.0,0.0,5e-05,5e-05
fast_11_to_11,x5.mp2,VGS,-1.0726170854141315,0.0006898291063253126,0.00020736353680952038,10.0375
fast_11_to_11,x5.mp2,VGD,0.6915506463021217,1.8005163948265903,0.0003528639734250551,10.0375
fast_11_to_11,x5.mp2,VDS,-1.7998742712284324,-1.6578759413454742,20.032500000000002,0.07549217627889356
fast_11_to_11,x5.mp2,VBS,0.0,0.0,5e-05,5e-05
fast_11_to_11,x5.mn2,VGS,0.7273829145858685,1.8006898291063254,0.00020736353680952038,10.0375
fast_11_to_11,x5.mn2,VGD,0.6915506463021217,1.8005163948265903,0.0003528639734250551,10.0375
fast_11_to_11,x5.mn2,VDS,0.00012572877156776722,0.14212405865452593,20.032500000000002,0.07549217627889356
fast_11_to_11,x5.mn2,VBS,0.0,0.0,5e-05,5e-05
